<gpx xmlns:ns3="http://www.garmin.com/xmlschemas/TrackPointExtension/v1" xmlns="http://www.topografix.com/GPX/1/1" xmlns:xsi="http://www.w3.org/2001/XMLSchema-instance" xmlns:ns2="http://www.garmin.com/xmlschemas/GpxExtensions/v3" creator="Garmin Connect" version="1.1" xsi:schemaLocation="http://www.topografix.com/GPX/1/1 http://www.topografix.com/GPX/11.xsd">
  <extensions>
<distance>17220.0</distance>
<average_hr>91.0</average_hr>
<average_speed>7.58590308370044</average_speed>
<start_time>2022-05-10T11:38:00+00:00</start_time>
<end_time>2022-05-10T12:15:50+00:00</end_time>
<moving_time>1851.0</moving_time>
<elapsed_time>2274.0</elapsed_time>
</extensions>
<metadata>
    <link href="connect.garmin.com">
      <text>Garmin Connect</text>
    </link>
    <time>2022-05-10T11:38:00.000Z</time>
  </metadata>
  <trk>
    <name>南京市 骑行</name>
    <type>motorcycling_v2</type>
    <trkseg>
      <trkpt lat="32.056087441742420196533203125" lon="118.73335258103907108306884765625">
        <ele>6.599999904632568359375</ele>
        <time>2022-05-10T11:38:53.000Z</time>
        <extensions>
          <ns3:TrackPointExtension/>
        </extensions>
      </trkpt>
      <trkpt lat="32.056087441742420196533203125" lon="118.73337554745376110076904296875">
        <ele>6.400000095367431640625</ele>
        <time>2022-05-10T11:38:54.000Z</time>
        <extensions>
          <ns3:TrackPointExtension/>
        </extensions>
      </trkpt>
      <trkpt lat="32.0560912974178791046142578125" lon="118.73339080251753330230712890625">
        <ele>6.400000095367431640625</ele>
        <time>2022-05-10T11:38:55.000Z</time>
        <extensions>
          <ns3:TrackPointExtension>
            <ns3:hr>91</ns3:hr>
          </ns3:TrackPointExtension>
        </extensions>
      </trkpt>
      <trkpt lat="32.05605693161487579345703125" lon="118.7333831749856472015380859375">
        <ele>6.400000095367431640625</ele>
        <time>2022-05-10T11:38:56.000Z</time>
        <extensions>
          <ns3:TrackPointExtension/>
        </extensions>
      </trkpt>
      <trkpt lat="32.05603404901921749114990234375" lon="118.73337554745376110076904296875">
        <ele>6.19999980926513671875</ele>
        <time>2022-05-10T11:38:57.000Z</time>
        <extensions>
          <ns3:TrackPointExtension/>
        </extensions>
      </trkpt>
      <trkpt lat="32.05600731074810028076171875" lon="118.7333831749856472015380859375">
        <ele>6.19999980926513671875</ele>
        <time>2022-05-10T11:38:58.000Z</time>
        <extensions>
          <ns3:TrackPointExtension/>
        </extensions>
      </trkpt>
      <trkpt lat="32.0559959113597869873046875" lon="118.73340605758130550384521484375">
        <ele>6</ele>
        <time>2022-05-10T11:38:59.000Z</time>
        <extensions>
          <ns3:TrackPointExtension/>
        </extensions>
      </trkpt>
      <trkpt lat="32.0559806562960147857666015625" lon="118.73342894017696380615234375">
        <ele>6</ele>
        <time>2022-05-10T11:39:00.000Z</time>
        <extensions>
          <ns3:TrackPointExtension>
            <ns3:hr>91</ns3:hr>
          </ns3:TrackPointExtension>
        </extensions>
      </trkpt>
      <trkpt lat="32.055965401232242584228515625" lon="118.733459450304508209228515625">
        <ele>6</ele>
        <time>2022-05-10T11:39:01.000Z</time>
        <extensions>
          <ns3:TrackPointExtension/>
        </extensions>
      </trkpt>
      <trkpt lat="32.055946290493011474609375" lon="118.73349758796393871307373046875">
        <ele>6</ele>
        <time>2022-05-10T11:39:02.000Z</time>
        <extensions>
          <ns3:TrackPointExtension/>
        </extensions>
      </trkpt>
      <trkpt lat="32.05593489110469818115234375" lon="118.73354335315525531768798828125">
        <ele>6.19999980926513671875</ele>
        <time>2022-05-10T11:39:03.000Z</time>
        <extensions>
          <ns3:TrackPointExtension/>
        </extensions>
      </trkpt>
      <trkpt lat="32.05592726357281208038330078125" lon="118.7335967458784580230712890625">
        <ele>6.19999980926513671875</ele>
        <time>2022-05-10T11:39:04.000Z</time>
        <extensions>
          <ns3:TrackPointExtension/>
        </extensions>
      </trkpt>
      <trkpt lat="32.0559196360409259796142578125" lon="118.7336577661335468292236328125">
        <ele>6.80000019073486328125</ele>
        <time>2022-05-10T11:39:05.000Z</time>
        <extensions>
          <ns3:TrackPointExtension>
            <ns3:hr>92</ns3:hr>
          </ns3:TrackPointExtension>
        </extensions>
      </trkpt>
      <trkpt lat="32.055915780365467071533203125" lon="118.7337264977395534515380859375">
        <ele>7.19999980926513671875</ele>
        <time>2022-05-10T11:39:06.000Z</time>
        <extensions>
          <ns3:TrackPointExtension/>
        </extensions>
      </trkpt>
      <trkpt lat="32.05591200850903987884521484375" lon="118.7337875179946422576904296875">
        <ele>7.400000095367431640625</ele>
        <time>2022-05-10T11:39:07.000Z</time>
        <extensions>
          <ns3:TrackPointExtension/>
        </extensions>
      </trkpt>
      <trkpt lat="32.05590815283358097076416015625" lon="118.73385616578161716461181640625">
        <ele>7.599999904632568359375</ele>
        <time>2022-05-10T11:39:08.000Z</time>
        <extensions>
          <ns3:TrackPointExtension/>
        </extensions>
      </trkpt>
      <trkpt lat="32.05589675344526767730712890625" lon="118.733924813568592071533203125">
        <ele>8.19999980926513671875</ele>
        <time>2022-05-10T11:39:09.000Z</time>
        <extensions>
          <ns3:TrackPointExtension/>
        </extensions>
      </trkpt>
      <trkpt lat="32.05587764270603656768798828125" lon="118.7339705787599086761474609375">
        <ele>8.3999996185302734375</ele>
        <time>2022-05-10T11:39:10.000Z</time>
        <extensions>
          <ns3:TrackPointExtension>
            <ns3:hr>93</ns3:hr>
          </ns3:TrackPointExtension>
        </extensions>
      </trkpt>
      <trkpt lat="32.05585853196680545806884765625" lon="118.73400871641933917999267578125">
        <ele>8.3999996185302734375</ele>
        <time>2022-05-10T11:39:11.000Z</time>
        <extensions>
          <ns3:TrackPointExtension/>
        </extensions>
      </trkpt>
      <trkpt lat="32.05583564937114715576171875" lon="118.7340545654296875">
        <ele>8.6000003814697265625</ele>
        <time>2022-05-10T11:39:12.000Z</time>
        <extensions>
          <ns3:TrackPointExtension/>
        </extensions>
      </trkpt>
      <trkpt lat="32.05581662245094776153564453125" lon="118.73409270308911800384521484375">
        <ele>8.6000003814697265625</ele>
        <time>2022-05-10T11:39:13.000Z</time>
        <extensions>
          <ns3:TrackPointExtension/>
        </extensions>
      </trkpt>
      <trkpt lat="32.05578611232340335845947265625" lon="118.73412321321666240692138671875">
        <ele>8.80000019073486328125</ele>
        <time>2022-05-10T11:39:14.000Z</time>
        <extensions>
          <ns3:TrackPointExtension/>
        </extensions>
      </trkpt>
      <trkpt lat="32.055744118988513946533203125" lon="118.734146095812320709228515625">
        <ele>8.80000019073486328125</ele>
        <time>2022-05-10T11:39:15.000Z</time>
        <extensions>
          <ns3:TrackPointExtension>
            <ns3:hr>96</ns3:hr>
          </ns3:TrackPointExtension>
        </extensions>
      </trkpt>
      <trkpt lat="32.055694498121738433837890625" lon="118.7341613508760929107666015625">
        <ele>9</ele>
        <time>2022-05-10T11:39:16.000Z</time>
        <extensions>
          <ns3:TrackPointExtension/>
        </extensions>
      </trkpt>
      <trkpt lat="32.05564110539853572845458984375" lon="118.7341766059398651123046875">
        <ele>8.80000019073486328125</ele>
        <time>2022-05-10T11:39:17.000Z</time>
        <extensions>
          <ns3:TrackPointExtension/>
        </extensions>
      </trkpt>
      <trkpt lat="32.05558008514344692230224609375" lon="118.73418423347175121307373046875">
        <ele>8.80000019073486328125</ele>
        <time>2022-05-10T11:39:18.000Z</time>
        <extensions>
          <ns3:TrackPointExtension/>
        </extensions>
      </trkpt>
      <trkpt lat="32.05551520921289920806884765625" lon="118.73418423347175121307373046875">
        <ele>8.80000019073486328125</ele>
        <time>2022-05-10T11:39:19.000Z</time>
        <extensions>
          <ns3:TrackPointExtension/>
        </extensions>
      </trkpt>
      <trkpt lat="32.05543893389403820037841796875" lon="118.73418423347175121307373046875">
        <ele>8.80000019073486328125</ele>
        <time>2022-05-10T11:39:20.000Z</time>
        <extensions>
          <ns3:TrackPointExtension>
            <ns3:hr>99</ns3:hr>
          </ns3:TrackPointExtension>
        </extensions>
      </trkpt>
      <trkpt lat="32.05537028610706329345703125" lon="118.73419948853552341461181640625">
        <ele>8.3999996185302734375</ele>
        <time>2022-05-10T11:39:21.000Z</time>
        <extensions>
          <ns3:TrackPointExtension/>
        </extensions>
      </trkpt>
      <trkpt lat="32.0552940107882022857666015625" lon="118.734207116067409515380859375">
        <ele>7.599999904632568359375</ele>
        <time>2022-05-10T11:39:22.000Z</time>
        <extensions>
          <ns3:TrackPointExtension/>
        </extensions>
      </trkpt>
      <trkpt lat="32.05521010793745517730712890625" lon="118.734207116067409515380859375">
        <ele>6.599999904632568359375</ele>
        <time>2022-05-10T11:39:23.000Z</time>
        <extensions>
          <ns3:TrackPointExtension/>
        </extensions>
      </trkpt>
      <trkpt lat="32.05512612126767635345458984375" lon="118.73419948853552341461181640625">
        <ele>5.80000019073486328125</ele>
        <time>2022-05-10T11:39:24.000Z</time>
        <extensions>
          <ns3:TrackPointExtension/>
        </extensions>
      </trkpt>
      <trkpt lat="32.05503844656050205230712890625" lon="118.73419948853552341461181640625">
        <ele>5</ele>
        <time>2022-05-10T11:39:25.000Z</time>
        <extensions>
          <ns3:TrackPointExtension>
            <ns3:hr>95</ns3:hr>
          </ns3:TrackPointExtension>
        </extensions>
      </trkpt>
      <trkpt lat="32.05495445989072322845458984375" lon="118.73419948853552341461181640625">
        <ele>4</ele>
        <time>2022-05-10T11:39:26.000Z</time>
        <extensions>
          <ns3:TrackPointExtension/>
        </extensions>
      </trkpt>
      <trkpt lat="32.05486678518354892730712890625" lon="118.73419948853552341461181640625">
        <ele>3.2000000476837158203125</ele>
        <time>2022-05-10T11:39:27.000Z</time>
        <extensions>
          <ns3:TrackPointExtension/>
        </extensions>
      </trkpt>
      <trkpt lat="32.05478279851377010345458984375" lon="118.7341918610036373138427734375">
        <ele>3.400000095367431640625</ele>
        <time>2022-05-10T11:39:28.000Z</time>
        <extensions>
          <ns3:TrackPointExtension/>
        </extensions>
      </trkpt>
      <trkpt lat="32.0546988956630229949951171875" lon="118.7341918610036373138427734375">
        <ele>3.599999904632568359375</ele>
        <time>2022-05-10T11:39:29.000Z</time>
        <extensions>
          <ns3:TrackPointExtension/>
        </extensions>
      </trkpt>
      <trkpt lat="32.0546187646687030792236328125" lon="118.73418423347175121307373046875">
        <ele>4</ele>
        <time>2022-05-10T11:39:30.000Z</time>
        <extensions>
          <ns3:TrackPointExtension>
            <ns3:hr>98</ns3:hr>
          </ns3:TrackPointExtension>
        </extensions>
      </trkpt>
      <trkpt lat="32.05453486181795597076416015625" lon="118.73418423347175121307373046875">
        <ele>4.19999980926513671875</ele>
        <time>2022-05-10T11:39:31.000Z</time>
        <extensions>
          <ns3:TrackPointExtension/>
        </extensions>
      </trkpt>
      <trkpt lat="32.05445473082363605499267578125" lon="118.73418423347175121307373046875">
        <ele>4.599999904632568359375</ele>
        <time>2022-05-10T11:39:32.000Z</time>
        <extensions>
          <ns3:TrackPointExtension/>
        </extensions>
      </trkpt>
      <trkpt lat="32.054370827972888946533203125" lon="118.73418423347175121307373046875">
        <ele>4.80000019073486328125</ele>
        <time>2022-05-10T11:39:33.000Z</time>
        <extensions>
          <ns3:TrackPointExtension/>
        </extensions>
      </trkpt>
      <trkpt lat="32.05429069697856903076171875" lon="118.73418423347175121307373046875">
        <ele>5.19999980926513671875</ele>
        <time>2022-05-10T11:39:34.000Z</time>
        <extensions>
          <ns3:TrackPointExtension/>
        </extensions>
      </trkpt>
      <trkpt lat="32.05421064980328083038330078125" lon="118.73418423347175121307373046875">
        <ele>5.80000019073486328125</ele>
        <time>2022-05-10T11:39:35.000Z</time>
        <extensions>
          <ns3:TrackPointExtension>
            <ns3:hr>97</ns3:hr>
          </ns3:TrackPointExtension>
        </extensions>
      </trkpt>
      <trkpt lat="32.05413051880896091461181640625" lon="118.73418423347175121307373046875">
        <ele>6.400000095367431640625</ele>
        <time>2022-05-10T11:39:36.000Z</time>
        <extensions>
          <ns3:TrackPointExtension/>
        </extensions>
      </trkpt>
      <trkpt lat="32.05405038781464099884033203125" lon="118.7341766059398651123046875">
        <ele>7</ele>
        <time>2022-05-10T11:39:37.000Z</time>
        <extensions>
          <ns3:TrackPointExtension/>
        </extensions>
      </trkpt>
      <trkpt lat="32.053966484963893890380859375" lon="118.7341766059398651123046875">
        <ele>7.400000095367431640625</ele>
        <time>2022-05-10T11:39:38.000Z</time>
        <extensions>
          <ns3:TrackPointExtension/>
        </extensions>
      </trkpt>
      <trkpt lat="32.05388258211314678192138671875" lon="118.73416897840797901153564453125">
        <ele>7.400000095367431640625</ele>
        <time>2022-05-10T11:39:39.000Z</time>
        <extensions>
          <ns3:TrackPointExtension/>
        </extensions>
      </trkpt>
      <trkpt lat="32.053794823586940765380859375" lon="118.73416897840797901153564453125">
        <ele>7.400000095367431640625</ele>
        <time>2022-05-10T11:39:40.000Z</time>
        <extensions>
          <ns3:TrackPointExtension>
            <ns3:hr>97</ns3:hr>
          </ns3:TrackPointExtension>
        </extensions>
      </trkpt>
      <trkpt lat="32.05370329320430755615234375" lon="118.7341613508760929107666015625">
        <ele>7.599999904632568359375</ele>
        <time>2022-05-10T11:39:41.000Z</time>
        <extensions>
          <ns3:TrackPointExtension/>
        </extensions>
      </trkpt>
      <trkpt lat="32.05361167900264263153076171875" lon="118.73415372334420680999755859375">
        <ele>7.19999980926513671875</ele>
        <time>2022-05-10T11:39:42.000Z</time>
        <extensions>
          <ns3:TrackPointExtension/>
        </extensions>
      </trkpt>
      <trkpt lat="32.0535163767635822296142578125" lon="118.734146095812320709228515625">
        <ele>7</ele>
        <time>2022-05-10T11:39:43.000Z</time>
        <extensions>
          <ns3:TrackPointExtension/>
        </extensions>
      </trkpt>
      <trkpt lat="32.0534171350300312042236328125" lon="118.73413846828043460845947265625">
        <ele>6.599999904632568359375</ele>
        <time>2022-05-10T11:39:44.000Z</time>
        <extensions>
          <ns3:TrackPointExtension/>
        </extensions>
      </trkpt>
      <trkpt lat="32.0533142052590847015380859375" lon="118.7341308407485485076904296875">
        <ele>6.400000095367431640625</ele>
        <time>2022-05-10T11:39:45.000Z</time>
        <extensions>
          <ns3:TrackPointExtension>
            <ns3:hr>94</ns3:hr>
          </ns3:TrackPointExtension>
        </extensions>
      </trkpt>
      <trkpt lat="32.05320733599364757537841796875" lon="118.73411558568477630615234375">
        <ele>6.400000095367431640625</ele>
        <time>2022-05-10T11:39:46.000Z</time>
        <extensions>
          <ns3:TrackPointExtension/>
        </extensions>
      </trkpt>
      <trkpt lat="32.05309669487178325653076171875" lon="118.73410795815289020538330078125">
        <ele>6.400000095367431640625</ele>
        <time>2022-05-10T11:39:47.000Z</time>
        <extensions>
          <ns3:TrackPointExtension/>
        </extensions>
      </trkpt>
      <trkpt lat="32.0529822818934917449951171875" lon="118.7341003306210041046142578125">
        <ele>6.80000019073486328125</ele>
        <time>2022-05-10T11:39:48.000Z</time>
        <extensions>
          <ns3:TrackPointExtension/>
        </extensions>
      </trkpt>
      <trkpt lat="32.0528716407716274261474609375" lon="118.73409270308911800384521484375">
        <ele>6.80000019073486328125</ele>
        <time>2022-05-10T11:39:49.000Z</time>
        <extensions>
          <ns3:TrackPointExtension/>
        </extensions>
      </trkpt>
      <trkpt lat="32.05275722779333591461181640625" lon="118.73407744802534580230712890625">
        <ele>6.400000095367431640625</ele>
        <time>2022-05-10T11:39:50.000Z</time>
        <extensions>
          <ns3:TrackPointExtension>
            <ns3:hr>91</ns3:hr>
          </ns3:TrackPointExtension>
        </extensions>
      </trkpt>
      <trkpt lat="32.05264658667147159576416015625" lon="118.7340698204934597015380859375">
        <ele>6</ele>
        <time>2022-05-10T11:39:51.000Z</time>
        <extensions>
          <ns3:TrackPointExtension/>
        </extensions>
      </trkpt>
      <trkpt lat="32.05253980122506618499755859375" lon="118.73406219296157360076904296875">
        <ele>6</ele>
        <time>2022-05-10T11:39:52.000Z</time>
        <extensions>
          <ns3:TrackPointExtension/>
        </extensions>
      </trkpt>
      <trkpt lat="32.05242916010320186614990234375" lon="118.73406219296157360076904296875">
        <ele>5.80000019073486328125</ele>
        <time>2022-05-10T11:39:53.000Z</time>
        <extensions>
          <ns3:TrackPointExtension/>
        </extensions>
      </trkpt>
      <trkpt lat="32.0523261465132236480712890625" lon="118.7340545654296875">
        <ele>5.19999980926513671875</ele>
        <time>2022-05-10T11:39:54.000Z</time>
        <extensions>
          <ns3:TrackPointExtension/>
        </extensions>
      </trkpt>
      <trkpt lat="32.05222698859870433807373046875" lon="118.734046854078769683837890625">
        <ele>4.599999904632568359375</ele>
        <time>2022-05-10T11:39:55.000Z</time>
        <extensions>
          <ns3:TrackPointExtension>
            <ns3:hr>91</ns3:hr>
          </ns3:TrackPointExtension>
        </extensions>
      </trkpt>
      <trkpt lat="32.052127830684185028076171875" lon="118.73403922654688358306884765625">
        <ele>4.400000095367431640625</ele>
        <time>2022-05-10T11:39:56.000Z</time>
        <extensions>
          <ns3:TrackPointExtension/>
        </extensions>
      </trkpt>
      <trkpt lat="32.0520324446260929107666015625" lon="118.7340315990149974822998046875">
        <ele>4</ele>
        <time>2022-05-10T11:39:57.000Z</time>
        <extensions>
          <ns3:TrackPointExtension/>
        </extensions>
      </trkpt>
      <trkpt lat="32.0519409142434597015380859375" lon="118.73402397148311138153076171875">
        <ele>3.599999904632568359375</ele>
        <time>2022-05-10T11:39:58.000Z</time>
        <extensions>
          <ns3:TrackPointExtension/>
        </extensions>
      </trkpt>
      <trkpt lat="32.05184930004179477691650390625" lon="118.73401634395122528076171875">
        <ele>3.400000095367431640625</ele>
        <time>2022-05-10T11:39:59.000Z</time>
        <extensions>
          <ns3:TrackPointExtension/>
        </extensions>
      </trkpt>
      <trkpt lat="32.05175776965916156768798828125" lon="118.73400871641933917999267578125">
        <ele>3.400000095367431640625</ele>
        <time>2022-05-10T11:40:00.000Z</time>
        <extensions>
          <ns3:TrackPointExtension>
            <ns3:hr>92</ns3:hr>
          </ns3:TrackPointExtension>
        </extensions>
      </trkpt>
      <trkpt lat="32.0516700111329555511474609375" lon="118.7340010888874530792236328125">
        <ele>3.7999999523162841796875</ele>
        <time>2022-05-10T11:40:01.000Z</time>
        <extensions>
          <ns3:TrackPointExtension/>
        </extensions>
      </trkpt>
      <trkpt lat="32.05158233642578125" lon="118.73399346135556697845458984375">
        <ele>4</ele>
        <time>2022-05-10T11:40:02.000Z</time>
        <extensions>
          <ns3:TrackPointExtension/>
        </extensions>
      </trkpt>
      <trkpt lat="32.05149457789957523345947265625" lon="118.733985833823680877685546875">
        <ele>4.19999980926513671875</ele>
        <time>2022-05-10T11:40:03.000Z</time>
        <extensions>
          <ns3:TrackPointExtension/>
        </extensions>
      </trkpt>
      <trkpt lat="32.051410675048828125" lon="118.7339705787599086761474609375">
        <ele>4</ele>
        <time>2022-05-10T11:40:04.000Z</time>
        <extensions>
          <ns3:TrackPointExtension/>
        </extensions>
      </trkpt>
      <trkpt lat="32.0513266883790493011474609375" lon="118.73396295122802257537841796875">
        <ele>4</ele>
        <time>2022-05-10T11:40:05.000Z</time>
        <extensions>
          <ns3:TrackPointExtension>
            <ns3:hr>95</ns3:hr>
          </ns3:TrackPointExtension>
        </extensions>
      </trkpt>
      <trkpt lat="32.051239013671875" lon="118.733955323696136474609375">
        <ele>4.400000095367431640625</ele>
        <time>2022-05-10T11:40:06.000Z</time>
        <extensions>
          <ns3:TrackPointExtension/>
        </extensions>
      </trkpt>
      <trkpt lat="32.0511550270020961761474609375" lon="118.73394769616425037384033203125">
        <ele>5.599999904632568359375</ele>
        <time>2022-05-10T11:40:07.000Z</time>
        <extensions>
          <ns3:TrackPointExtension/>
        </extensions>
      </trkpt>
      <trkpt lat="32.05107497982680797576904296875" lon="118.7339400686323642730712890625">
        <ele>6.599999904632568359375</ele>
        <time>2022-05-10T11:40:08.000Z</time>
        <extensions>
          <ns3:TrackPointExtension/>
        </extensions>
      </trkpt>
      <trkpt lat="32.05099484883248805999755859375" lon="118.73393244110047817230224609375">
        <ele>7.80000019073486328125</ele>
        <time>2022-05-10T11:40:09.000Z</time>
        <extensions>
          <ns3:TrackPointExtension/>
        </extensions>
      </trkpt>
      <trkpt lat="32.0509223453700542449951171875" lon="118.733924813568592071533203125">
        <ele>8.19999980926513671875</ele>
        <time>2022-05-10T11:40:10.000Z</time>
        <extensions>
          <ns3:TrackPointExtension>
            <ns3:hr>94</ns3:hr>
          </ns3:TrackPointExtension>
        </extensions>
      </trkpt>
      <trkpt lat="32.05084984190762042999267578125" lon="118.7339095585048198699951171875">
        <ele>8.3999996185302734375</ele>
        <time>2022-05-10T11:40:11.000Z</time>
        <extensions>
          <ns3:TrackPointExtension/>
        </extensions>
      </trkpt>
      <trkpt lat="32.0507811941206455230712890625" lon="118.73390193097293376922607421875">
        <ele>8.6000003814697265625</ele>
        <time>2022-05-10T11:40:12.000Z</time>
        <extensions>
          <ns3:TrackPointExtension/>
        </extensions>
      </trkpt>
      <trkpt lat="32.05071254633367061614990234375" lon="118.7338790483772754669189453125">
        <ele>8.80000019073486328125</ele>
        <time>2022-05-10T11:40:13.000Z</time>
        <extensions>
          <ns3:TrackPointExtension/>
        </extensions>
      </trkpt>
      <trkpt lat="32.05064767040312290191650390625" lon="118.73385616578161716461181640625">
        <ele>8.6000003814697265625</ele>
        <time>2022-05-10T11:40:14.000Z</time>
        <extensions>
          <ns3:TrackPointExtension/>
        </extensions>
      </trkpt>
      <trkpt lat="32.050582878291606903076171875" lon="118.7338332831859588623046875">
        <ele>8.6000003814697265625</ele>
        <time>2022-05-10T11:40:15.000Z</time>
        <extensions>
          <ns3:TrackPointExtension>
            <ns3:hr>93</ns3:hr>
          </ns3:TrackPointExtension>
        </extensions>
      </trkpt>
      <trkpt lat="32.0505180023610591888427734375" lon="118.73381040059030055999755859375">
        <ele>8</ele>
        <time>2022-05-10T11:40:16.000Z</time>
        <extensions>
          <ns3:TrackPointExtension/>
        </extensions>
      </trkpt>
      <trkpt lat="32.05046075396239757537841796875" lon="118.73377989046275615692138671875">
        <ele>7.599999904632568359375</ele>
        <time>2022-05-10T11:40:17.000Z</time>
        <extensions>
          <ns3:TrackPointExtension/>
        </extensions>
      </trkpt>
      <trkpt lat="32.05039973370730876922607421875" lon="118.733741752803325653076171875">
        <ele>7</ele>
        <time>2022-05-10T11:40:18.000Z</time>
        <extensions>
          <ns3:TrackPointExtension/>
        </extensions>
      </trkpt>
      <trkpt lat="32.0503463409841060638427734375" lon="118.73371124267578125">
        <ele>6.599999904632568359375</ele>
        <time>2022-05-10T11:40:19.000Z</time>
        <extensions>
          <ns3:TrackPointExtension/>
        </extensions>
      </trkpt>
      <trkpt lat="32.05028909258544445037841796875" lon="118.73368064872920513153076171875">
        <ele>6</ele>
        <time>2022-05-10T11:40:20.000Z</time>
        <extensions>
          <ns3:TrackPointExtension>
            <ns3:hr>90</ns3:hr>
          </ns3:TrackPointExtension>
        </extensions>
      </trkpt>
      <trkpt lat="32.0502356998622417449951171875" lon="118.73365013860166072845458984375">
        <ele>5.400000095367431640625</ele>
        <time>2022-05-10T11:40:21.000Z</time>
        <extensions>
          <ns3:TrackPointExtension/>
        </extensions>
      </trkpt>
      <trkpt lat="32.05017845146358013153076171875" lon="118.73361962847411632537841796875">
        <ele>5</ele>
        <time>2022-05-10T11:40:22.000Z</time>
        <extensions>
          <ns3:TrackPointExtension/>
        </extensions>
      </trkpt>
      <trkpt lat="32.05012128688395023345947265625" lon="118.7335967458784580230712890625">
        <ele>4.400000095367431640625</ele>
        <time>2022-05-10T11:40:23.000Z</time>
        <extensions>
          <ns3:TrackPointExtension/>
        </extensions>
      </trkpt>
      <trkpt lat="32.05006026662886142730712890625" lon="118.73357386328279972076416015625">
        <ele>3.7999999523162841796875</ele>
        <time>2022-05-10T11:40:24.000Z</time>
        <extensions>
          <ns3:TrackPointExtension/>
        </extensions>
      </trkpt>
      <trkpt lat="32.04999539069831371307373046875" lon="118.73355098068714141845703125">
        <ele>3</ele>
        <time>2022-05-10T11:40:25.000Z</time>
        <extensions>
          <ns3:TrackPointExtension>
            <ns3:hr>92</ns3:hr>
          </ns3:TrackPointExtension>
        </extensions>
      </trkpt>
      <trkpt lat="32.04992674291133880615234375" lon="118.7335357256233692169189453125">
        <ele>2.2000000476837158203125</ele>
        <time>2022-05-10T11:40:26.000Z</time>
        <extensions>
          <ns3:TrackPointExtension/>
        </extensions>
      </trkpt>
      <trkpt lat="32.049858011305332183837890625" lon="118.733520470559597015380859375">
        <ele>1.39999997615814208984375</ele>
        <time>2022-05-10T11:40:27.000Z</time>
        <extensions>
          <ns3:TrackPointExtension/>
        </extensions>
      </trkpt>
      <trkpt lat="32.049785591661930084228515625" lon="118.73351284302771091461181640625">
        <ele>0.4000000059604644775390625</ele>
        <time>2022-05-10T11:40:28.000Z</time>
        <extensions>
          <ns3:TrackPointExtension/>
        </extensions>
      </trkpt>
      <trkpt lat="32.04971308819949626922607421875" lon="118.7335052154958248138427734375">
        <ele>-0.4000000059604644775390625</ele>
        <time>2022-05-10T11:40:29.000Z</time>
        <extensions>
          <ns3:TrackPointExtension/>
        </extensions>
      </trkpt>
      <trkpt lat="32.04963681288063526153564453125" lon="118.7335052154958248138427734375">
        <ele>-0.60000002384185791015625</ele>
        <time>2022-05-10T11:40:30.000Z</time>
        <extensions>
          <ns3:TrackPointExtension>
            <ns3:hr>90</ns3:hr>
          </ns3:TrackPointExtension>
        </extensions>
      </trkpt>
      <trkpt lat="32.04956053756177425384521484375" lon="118.73349758796393871307373046875">
        <ele>-1</ele>
        <time>2022-05-10T11:40:31.000Z</time>
        <extensions>
          <ns3:TrackPointExtension/>
        </extensions>
      </trkpt>
      <trkpt lat="32.04948040656745433807373046875" lon="118.73349758796393871307373046875">
        <ele>-2</ele>
        <time>2022-05-10T11:40:32.000Z</time>
        <extensions>
          <ns3:TrackPointExtension/>
        </extensions>
      </trkpt>
      <trkpt lat="32.04940027557313442230224609375" lon="118.7334899604320526123046875">
        <ele>-2.599999904632568359375</ele>
        <time>2022-05-10T11:40:33.000Z</time>
        <extensions>
          <ns3:TrackPointExtension/>
        </extensions>
      </trkpt>
      <trkpt lat="32.04932400025427341461181640625" lon="118.7334899604320526123046875">
        <ele>-2.400000095367431640625</ele>
        <time>2022-05-10T11:40:34.000Z</time>
        <extensions>
          <ns3:TrackPointExtension/>
        </extensions>
      </trkpt>
      <trkpt lat="32.04924772493541240692138671875" lon="118.73348233290016651153564453125">
        <ele>-1.7999999523162841796875</ele>
        <time>2022-05-10T11:40:35.000Z</time>
        <extensions>
          <ns3:TrackPointExtension>
            <ns3:hr>88</ns3:hr>
          </ns3:TrackPointExtension>
        </extensions>
      </trkpt>
      <trkpt lat="32.0491752214729785919189453125" lon="118.7334747053682804107666015625">
        <ele>-1</ele>
        <time>2022-05-10T11:40:36.000Z</time>
        <extensions>
          <ns3:TrackPointExtension/>
        </extensions>
      </trkpt>
      <trkpt lat="32.04910271801054477691650390625" lon="118.73346707783639430999755859375">
        <ele>-0.4000000059604644775390625</ele>
        <time>2022-05-10T11:40:37.000Z</time>
        <extensions>
          <ns3:TrackPointExtension/>
        </extensions>
      </trkpt>
      <trkpt lat="32.049037925899028778076171875" lon="118.73345182277262210845947265625">
        <ele>-0.20000000298023223876953125</ele>
        <time>2022-05-10T11:40:38.000Z</time>
        <extensions>
          <ns3:TrackPointExtension/>
        </extensions>
      </trkpt>
      <trkpt lat="32.04896919429302215576171875" lon="118.7334441952407360076904296875">
        <ele>0.800000011920928955078125</ele>
        <time>2022-05-10T11:40:39.000Z</time>
        <extensions>
          <ns3:TrackPointExtension/>
        </extensions>
      </trkpt>
      <trkpt lat="32.048908174037933349609375" lon="118.73342894017696380615234375">
        <ele>1.39999997615814208984375</ele>
        <time>2022-05-10T11:40:40.000Z</time>
        <extensions>
          <ns3:TrackPointExtension>
            <ns3:hr>87</ns3:hr>
          </ns3:TrackPointExtension>
        </extensions>
      </trkpt>
      <trkpt lat="32.0488510094583034515380859375" lon="118.73342131264507770538330078125">
        <ele>2</ele>
        <time>2022-05-10T11:40:41.000Z</time>
        <extensions>
          <ns3:TrackPointExtension/>
        </extensions>
      </trkpt>
      <trkpt lat="32.0488013885915279388427734375" lon="118.7334136851131916046142578125">
        <ele>2.599999904632568359375</ele>
        <time>2022-05-10T11:40:42.000Z</time>
        <extensions>
          <ns3:TrackPointExtension/>
        </extensions>
      </trkpt>
      <trkpt lat="32.04875939525663852691650390625" lon="118.73340605758130550384521484375">
        <ele>3.2000000476837158203125</ele>
        <time>2022-05-10T11:40:43.000Z</time>
        <extensions>
          <ns3:TrackPointExtension/>
        </extensions>
      </trkpt>
      <trkpt lat="32.04872511327266693115234375" lon="118.733398430049419403076171875">
        <ele>3.400000095367431640625</ele>
        <time>2022-05-10T11:40:44.000Z</time>
        <extensions>
          <ns3:TrackPointExtension/>
        </extensions>
      </trkpt>
      <trkpt lat="32.0486907474696636199951171875" lon="118.73339080251753330230712890625">
        <ele>3.7999999523162841796875</ele>
        <time>2022-05-10T11:40:45.000Z</time>
        <extensions>
          <ns3:TrackPointExtension>
            <ns3:hr>88</ns3:hr>
          </ns3:TrackPointExtension>
        </extensions>
      </trkpt>
      <trkpt lat="32.048664093017578125" lon="118.73339080251753330230712890625">
        <ele>4</ele>
        <time>2022-05-10T11:40:46.000Z</time>
        <extensions>
          <ns3:TrackPointExtension/>
        </extensions>
      </trkpt>
      <trkpt lat="32.048644982278347015380859375" lon="118.7333831749856472015380859375">
        <ele>4.19999980926513671875</ele>
        <time>2022-05-10T11:40:47.000Z</time>
        <extensions>
          <ns3:TrackPointExtension/>
        </extensions>
      </trkpt>
      <trkpt lat="32.0486297272145748138427734375" lon="118.73339080251753330230712890625">
        <ele>4.400000095367431640625</ele>
        <time>2022-05-10T11:40:48.000Z</time>
        <extensions>
          <ns3:TrackPointExtension/>
        </extensions>
      </trkpt>
      <trkpt lat="32.04861824400722980499267578125" lon="118.73339080251753330230712890625">
        <ele>4.599999904632568359375</ele>
        <time>2022-05-10T11:40:49.000Z</time>
        <extensions>
          <ns3:TrackPointExtension/>
        </extensions>
      </trkpt>
      <trkpt lat="32.0486144721508026123046875" lon="118.733398430049419403076171875">
        <ele>4.599999904632568359375</ele>
        <time>2022-05-10T11:40:50.000Z</time>
        <extensions>
          <ns3:TrackPointExtension>
            <ns3:hr>91</ns3:hr>
          </ns3:TrackPointExtension>
        </extensions>
      </trkpt>
      <trkpt lat="32.0486144721508026123046875" lon="118.733398430049419403076171875">
        <ele>4.599999904632568359375</ele>
        <time>2022-05-10T11:40:51.000Z</time>
        <extensions>
          <ns3:TrackPointExtension/>
        </extensions>
      </trkpt>
      <trkpt lat="32.0486106164753437042236328125" lon="118.733398430049419403076171875">
        <ele>4.599999904632568359375</ele>
        <time>2022-05-10T11:40:52.000Z</time>
        <extensions>
          <ns3:TrackPointExtension/>
        </extensions>
      </trkpt>
      <trkpt lat="32.0486106164753437042236328125" lon="118.733398430049419403076171875">
        <ele>4.599999904632568359375</ele>
        <time>2022-05-10T11:40:53.000Z</time>
        <extensions>
          <ns3:TrackPointExtension/>
        </extensions>
      </trkpt>
      <trkpt lat="32.04860684461891651153564453125" lon="118.733398430049419403076171875">
        <ele>4.599999904632568359375</ele>
        <time>2022-05-10T11:40:54.000Z</time>
        <extensions>
          <ns3:TrackPointExtension/>
        </extensions>
      </trkpt>
      <trkpt lat="32.04860684461891651153564453125" lon="118.733398430049419403076171875">
        <ele>4.599999904632568359375</ele>
        <time>2022-05-10T11:40:55.000Z</time>
        <extensions>
          <ns3:TrackPointExtension>
            <ns3:hr>95</ns3:hr>
          </ns3:TrackPointExtension>
        </extensions>
      </trkpt>
      <trkpt lat="32.04860684461891651153564453125" lon="118.733398430049419403076171875">
        <ele>4.599999904632568359375</ele>
        <time>2022-05-10T11:40:56.000Z</time>
        <extensions>
          <ns3:TrackPointExtension/>
        </extensions>
      </trkpt>
      <trkpt lat="32.04860684461891651153564453125" lon="118.733398430049419403076171875">
        <ele>4.599999904632568359375</ele>
        <time>2022-05-10T11:40:57.000Z</time>
        <extensions>
          <ns3:TrackPointExtension/>
        </extensions>
      </trkpt>
      <trkpt lat="32.04860684461891651153564453125" lon="118.733398430049419403076171875">
        <ele>4.599999904632568359375</ele>
        <time>2022-05-10T11:40:58.000Z</time>
        <extensions>
          <ns3:TrackPointExtension/>
        </extensions>
      </trkpt>
      <trkpt lat="32.04860684461891651153564453125" lon="118.733398430049419403076171875">
        <ele>4.599999904632568359375</ele>
        <time>2022-05-10T11:40:59.000Z</time>
        <extensions>
          <ns3:TrackPointExtension/>
        </extensions>
      </trkpt>
      <trkpt lat="32.04860684461891651153564453125" lon="118.733398430049419403076171875">
        <ele>4.599999904632568359375</ele>
        <time>2022-05-10T11:41:00.000Z</time>
        <extensions>
          <ns3:TrackPointExtension>
            <ns3:hr>93</ns3:hr>
          </ns3:TrackPointExtension>
        </extensions>
      </trkpt>
      <trkpt lat="32.04860684461891651153564453125" lon="118.73339080251753330230712890625">
        <ele>4.599999904632568359375</ele>
        <time>2022-05-10T11:41:01.000Z</time>
        <extensions>
          <ns3:TrackPointExtension/>
        </extensions>
      </trkpt>
      <trkpt lat="32.04860684461891651153564453125" lon="118.733398430049419403076171875">
        <ele>4.599999904632568359375</ele>
        <time>2022-05-10T11:41:02.000Z</time>
        <extensions>
          <ns3:TrackPointExtension/>
        </extensions>
      </trkpt>
      <trkpt lat="32.04860684461891651153564453125" lon="118.733398430049419403076171875">
        <ele>4.599999904632568359375</ele>
        <time>2022-05-10T11:41:03.000Z</time>
        <extensions>
          <ns3:TrackPointExtension/>
        </extensions>
      </trkpt>
      <trkpt lat="32.04860684461891651153564453125" lon="118.733398430049419403076171875">
        <ele>4.599999904632568359375</ele>
        <time>2022-05-10T11:41:04.000Z</time>
        <extensions>
          <ns3:TrackPointExtension/>
        </extensions>
      </trkpt>
      <trkpt lat="32.04860684461891651153564453125" lon="118.733398430049419403076171875">
        <ele>4.599999904632568359375</ele>
        <time>2022-05-10T11:41:05.000Z</time>
        <extensions>
          <ns3:TrackPointExtension>
            <ns3:hr>94</ns3:hr>
          </ns3:TrackPointExtension>
        </extensions>
      </trkpt>
      <trkpt lat="32.04860684461891651153564453125" lon="118.73340605758130550384521484375">
        <ele>4.80000019073486328125</ele>
        <time>2022-05-10T11:41:06.000Z</time>
        <extensions>
          <ns3:TrackPointExtension/>
        </extensions>
      </trkpt>
      <trkpt lat="32.04860684461891651153564453125" lon="118.7334136851131916046142578125">
        <ele>4.80000019073486328125</ele>
        <time>2022-05-10T11:41:09.000Z</time>
        <extensions>
          <ns3:TrackPointExtension/>
        </extensions>
      </trkpt>
      <trkpt lat="32.04860684461891651153564453125" lon="118.7334136851131916046142578125">
        <ele>4.80000019073486328125</ele>
        <time>2022-05-10T11:41:10.000Z</time>
        <extensions>
          <ns3:TrackPointExtension>
            <ns3:hr>92</ns3:hr>
          </ns3:TrackPointExtension>
        </extensions>
      </trkpt>
      <trkpt lat="32.04860684461891651153564453125" lon="118.7334136851131916046142578125">
        <ele>4.80000019073486328125</ele>
        <time>2022-05-10T11:41:11.000Z</time>
        <extensions>
          <ns3:TrackPointExtension/>
        </extensions>
      </trkpt>
      <trkpt lat="32.0486144721508026123046875" lon="118.7334136851131916046142578125">
        <ele>4.80000019073486328125</ele>
        <time>2022-05-10T11:41:12.000Z</time>
        <extensions>
          <ns3:TrackPointExtension/>
        </extensions>
      </trkpt>
      <trkpt lat="32.0486144721508026123046875" lon="118.7334136851131916046142578125">
        <ele>4.80000019073486328125</ele>
        <time>2022-05-10T11:41:13.000Z</time>
        <extensions>
          <ns3:TrackPointExtension/>
        </extensions>
      </trkpt>
      <trkpt lat="32.04858773387968540191650390625" lon="118.7334136851131916046142578125">
        <ele>5</ele>
        <time>2022-05-10T11:41:14.000Z</time>
        <extensions>
          <ns3:TrackPointExtension/>
        </extensions>
      </trkpt>
      <trkpt lat="32.04857247881591320037841796875" lon="118.73340605758130550384521484375">
        <ele>5.19999980926513671875</ele>
        <time>2022-05-10T11:41:15.000Z</time>
        <extensions>
          <ns3:TrackPointExtension>
            <ns3:hr>98</ns3:hr>
          </ns3:TrackPointExtension>
        </extensions>
      </trkpt>
      <trkpt lat="32.0485495962202548980712890625" lon="118.73340605758130550384521484375">
        <ele>5.400000095367431640625</ele>
        <time>2022-05-10T11:41:16.000Z</time>
        <extensions>
          <ns3:TrackPointExtension/>
        </extensions>
      </trkpt>
      <trkpt lat="32.048522941768169403076171875" lon="118.73340605758130550384521484375">
        <ele>5.599999904632568359375</ele>
        <time>2022-05-10T11:41:17.000Z</time>
        <extensions>
          <ns3:TrackPointExtension/>
        </extensions>
      </trkpt>
      <trkpt lat="32.0484885759651660919189453125" lon="118.733398430049419403076171875">
        <ele>6</ele>
        <time>2022-05-10T11:41:18.000Z</time>
        <extensions>
          <ns3:TrackPointExtension/>
        </extensions>
      </trkpt>
      <trkpt lat="32.04845043830573558807373046875" lon="118.73340605758130550384521484375">
        <ele>6.400000095367431640625</ele>
        <time>2022-05-10T11:41:19.000Z</time>
        <extensions>
          <ns3:TrackPointExtension/>
        </extensions>
      </trkpt>
      <trkpt lat="32.0484084449708461761474609375" lon="118.7334136851131916046142578125">
        <ele>6.80000019073486328125</ele>
        <time>2022-05-10T11:41:20.000Z</time>
        <extensions>
          <ns3:TrackPointExtension>
            <ns3:hr>99</ns3:hr>
          </ns3:TrackPointExtension>
        </extensions>
      </trkpt>
      <trkpt lat="32.04835890792310237884521484375" lon="118.73342894017696380615234375">
        <ele>7.400000095367431640625</ele>
        <time>2022-05-10T11:41:21.000Z</time>
        <extensions>
          <ns3:TrackPointExtension/>
        </extensions>
      </trkpt>
      <trkpt lat="32.04830928705632686614990234375" lon="118.73345182277262210845947265625">
        <ele>8</ele>
        <time>2022-05-10T11:41:22.000Z</time>
        <extensions>
          <ns3:TrackPointExtension/>
        </extensions>
      </trkpt>
      <trkpt lat="32.048252038657665252685546875" lon="118.7334747053682804107666015625">
        <ele>8.80000019073486328125</ele>
        <time>2022-05-10T11:41:23.000Z</time>
        <extensions>
          <ns3:TrackPointExtension/>
        </extensions>
      </trkpt>
      <trkpt lat="32.0481948740780353546142578125" lon="118.7335052154958248138427734375">
        <ele>9.3999996185302734375</ele>
        <time>2022-05-10T11:41:24.000Z</time>
        <extensions>
          <ns3:TrackPointExtension/>
        </extensions>
      </trkpt>
      <trkpt lat="32.04813762567937374114990234375" lon="118.73352809809148311614990234375">
        <ele>9.80000019073486328125</ele>
        <time>2022-05-10T11:41:25.000Z</time>
        <extensions>
          <ns3:TrackPointExtension>
            <ns3:hr>99</ns3:hr>
          </ns3:TrackPointExtension>
        </extensions>
      </trkpt>
      <trkpt lat="32.048080377280712127685546875" lon="118.7335662357509136199951171875">
        <ele>10</ele>
        <time>2022-05-10T11:41:26.000Z</time>
        <extensions>
          <ns3:TrackPointExtension/>
        </extensions>
      </trkpt>
      <trkpt lat="32.048019357025623321533203125" lon="118.7335967458784580230712890625">
        <ele>10</ele>
        <time>2022-05-10T11:41:27.000Z</time>
        <extensions>
          <ns3:TrackPointExtension/>
        </extensions>
      </trkpt>
      <trkpt lat="32.0479544810950756072998046875" lon="118.7336272560060024261474609375">
        <ele>10</ele>
        <time>2022-05-10T11:41:28.000Z</time>
        <extensions>
          <ns3:TrackPointExtension/>
        </extensions>
      </trkpt>
      <trkpt lat="32.04788968898355960845947265625" lon="118.7336577661335468292236328125">
        <ele>10</ele>
        <time>2022-05-10T11:41:29.000Z</time>
        <extensions>
          <ns3:TrackPointExtension/>
        </extensions>
      </trkpt>
      <trkpt lat="32.0478210411965847015380859375" lon="118.73368064872920513153076171875">
        <ele>9.6000003814697265625</ele>
        <time>2022-05-10T11:41:30.000Z</time>
        <extensions>
          <ns3:TrackPointExtension>
            <ns3:hr>98</ns3:hr>
          </ns3:TrackPointExtension>
        </extensions>
      </trkpt>
      <trkpt lat="32.0477561652660369873046875" lon="118.73369590379297733306884765625">
        <ele>9.3999996185302734375</ele>
        <time>2022-05-10T11:41:31.000Z</time>
        <extensions>
          <ns3:TrackPointExtension/>
        </extensions>
      </trkpt>
      <trkpt lat="32.04768751747906208038330078125" lon="118.73371124267578125">
        <ele>9.19999980926513671875</ele>
        <time>2022-05-10T11:41:32.000Z</time>
        <extensions>
          <ns3:TrackPointExtension/>
        </extensions>
      </trkpt>
      <trkpt lat="32.04761878587305545806884765625" lon="118.73371124267578125">
        <ele>9</ele>
        <time>2022-05-10T11:41:33.000Z</time>
        <extensions>
          <ns3:TrackPointExtension/>
        </extensions>
      </trkpt>
      <trkpt lat="32.0475501380860805511474609375" lon="118.73371124267578125">
        <ele>9</ele>
        <time>2022-05-10T11:41:34.000Z</time>
        <extensions>
          <ns3:TrackPointExtension/>
        </extensions>
      </trkpt>
      <trkpt lat="32.0474891178309917449951171875" lon="118.73371124267578125">
        <ele>9</ele>
        <time>2022-05-10T11:41:35.000Z</time>
        <extensions>
          <ns3:TrackPointExtension>
            <ns3:hr>97</ns3:hr>
          </ns3:TrackPointExtension>
        </extensions>
      </trkpt>
      <trkpt lat="32.0474280975759029388427734375" lon="118.73371124267578125">
        <ele>9</ele>
        <time>2022-05-10T11:41:36.000Z</time>
        <extensions>
          <ns3:TrackPointExtension/>
        </extensions>
      </trkpt>
      <trkpt lat="32.0473670773208141326904296875" lon="118.733703531324863433837890625">
        <ele>9</ele>
        <time>2022-05-10T11:41:37.000Z</time>
        <extensions>
          <ns3:TrackPointExtension/>
        </extensions>
      </trkpt>
      <trkpt lat="32.04731368459761142730712890625" lon="118.73369590379297733306884765625">
        <ele>9</ele>
        <time>2022-05-10T11:41:38.000Z</time>
        <extensions>
          <ns3:TrackPointExtension/>
        </extensions>
      </trkpt>
      <trkpt lat="32.0472564361989498138427734375" lon="118.7336882762610912322998046875">
        <ele>9</ele>
        <time>2022-05-10T11:41:39.000Z</time>
        <extensions>
          <ns3:TrackPointExtension/>
        </extensions>
      </trkpt>
      <trkpt lat="32.04720304347574710845947265625" lon="118.7336882762610912322998046875">
        <ele>9</ele>
        <time>2022-05-10T11:41:40.000Z</time>
        <extensions>
          <ns3:TrackPointExtension>
            <ns3:hr>97</ns3:hr>
          </ns3:TrackPointExtension>
        </extensions>
      </trkpt>
      <trkpt lat="32.04715342260897159576416015625" lon="118.73368064872920513153076171875">
        <ele>9</ele>
        <time>2022-05-10T11:41:41.000Z</time>
        <extensions>
          <ns3:TrackPointExtension/>
        </extensions>
      </trkpt>
      <trkpt lat="32.0470961742103099822998046875" lon="118.73367302119731903076171875">
        <ele>9</ele>
        <time>2022-05-10T11:41:42.000Z</time>
        <extensions>
          <ns3:TrackPointExtension/>
        </extensions>
      </trkpt>
      <trkpt lat="32.0470351539552211761474609375" lon="118.73367302119731903076171875">
        <ele>9.3999996185302734375</ele>
        <time>2022-05-10T11:41:43.000Z</time>
        <extensions>
          <ns3:TrackPointExtension/>
        </extensions>
      </trkpt>
      <trkpt lat="32.04697036184370517730712890625" lon="118.73366539366543292999267578125">
        <ele>9.80000019073486328125</ele>
        <time>2022-05-10T11:41:44.000Z</time>
        <extensions>
          <ns3:TrackPointExtension/>
        </extensions>
      </trkpt>
      <trkpt lat="32.04690163023769855499267578125" lon="118.73366539366543292999267578125">
        <ele>10.3999996185302734375</ele>
        <time>2022-05-10T11:41:45.000Z</time>
        <extensions>
          <ns3:TrackPointExtension>
            <ns3:hr>96</ns3:hr>
          </ns3:TrackPointExtension>
        </extensions>
      </trkpt>
      <trkpt lat="32.04682535491883754730224609375" lon="118.7336577661335468292236328125">
        <ele>10.80000019073486328125</ele>
        <time>2022-05-10T11:41:46.000Z</time>
        <extensions>
          <ns3:TrackPointExtension/>
        </extensions>
      </trkpt>
      <trkpt lat="32.04674522392451763153076171875" lon="118.73365013860166072845458984375">
        <ele>11</ele>
        <time>2022-05-10T11:41:47.000Z</time>
        <extensions>
          <ns3:TrackPointExtension/>
        </extensions>
      </trkpt>
      <trkpt lat="32.04665754921734333038330078125" lon="118.73365013860166072845458984375">
        <ele>11</ele>
        <time>2022-05-10T11:41:48.000Z</time>
        <extensions>
          <ns3:TrackPointExtension/>
        </extensions>
      </trkpt>
      <trkpt lat="32.0465697906911373138427734375" lon="118.73365013860166072845458984375">
        <ele>11</ele>
        <time>2022-05-10T11:41:49.000Z</time>
        <extensions>
          <ns3:TrackPointExtension/>
        </extensions>
      </trkpt>
      <trkpt lat="32.0464782603085041046142578125" lon="118.7336577661335468292236328125">
        <ele>10.6000003814697265625</ele>
        <time>2022-05-10T11:41:50.000Z</time>
        <extensions>
          <ns3:TrackPointExtension>
            <ns3:hr>99</ns3:hr>
          </ns3:TrackPointExtension>
        </extensions>
      </trkpt>
      <trkpt lat="32.0463828742504119873046875" lon="118.7336577661335468292236328125">
        <ele>10</ele>
        <time>2022-05-10T11:41:51.000Z</time>
        <extensions>
          <ns3:TrackPointExtension/>
        </extensions>
      </trkpt>
      <trkpt lat="32.0462874881923198699951171875" lon="118.73366539366543292999267578125">
        <ele>9.19999980926513671875</ele>
        <time>2022-05-10T11:41:52.000Z</time>
        <extensions>
          <ns3:TrackPointExtension/>
        </extensions>
      </trkpt>
      <trkpt lat="32.04618833027780055999755859375" lon="118.73366539366543292999267578125">
        <ele>8.80000019073486328125</ele>
        <time>2022-05-10T11:41:53.000Z</time>
        <extensions>
          <ns3:TrackPointExtension/>
        </extensions>
      </trkpt>
      <trkpt lat="32.04608917236328125" lon="118.73367302119731903076171875">
        <ele>8.3999996185302734375</ele>
        <time>2022-05-10T11:41:54.000Z</time>
        <extensions>
          <ns3:TrackPointExtension/>
        </extensions>
      </trkpt>
      <trkpt lat="32.045989930629730224609375" lon="118.73368064872920513153076171875">
        <ele>8</ele>
        <time>2022-05-10T11:41:55.000Z</time>
        <extensions>
          <ns3:TrackPointExtension>
            <ns3:hr>98</ns3:hr>
          </ns3:TrackPointExtension>
        </extensions>
      </trkpt>
      <trkpt lat="32.0458831451833248138427734375" lon="118.7336882762610912322998046875">
        <ele>7.599999904632568359375</ele>
        <time>2022-05-10T11:41:56.000Z</time>
        <extensions>
          <ns3:TrackPointExtension/>
        </extensions>
      </trkpt>
      <trkpt lat="32.045776359736919403076171875" lon="118.73369590379297733306884765625">
        <ele>7.19999980926513671875</ele>
        <time>2022-05-10T11:41:57.000Z</time>
        <extensions>
          <ns3:TrackPointExtension/>
        </extensions>
      </trkpt>
      <trkpt lat="32.0456618629395961761474609375" lon="118.733703531324863433837890625">
        <ele>7.19999980926513671875</ele>
        <time>2022-05-10T11:41:58.000Z</time>
        <extensions>
          <ns3:TrackPointExtension/>
        </extensions>
      </trkpt>
      <trkpt lat="32.04554359428584575653076171875" lon="118.733703531324863433837890625">
        <ele>7.599999904632568359375</ele>
        <time>2022-05-10T11:41:59.000Z</time>
        <extensions>
          <ns3:TrackPointExtension/>
        </extensions>
      </trkpt>
      <trkpt lat="32.04542155377566814422607421875" lon="118.73369590379297733306884765625">
        <ele>8</ele>
        <time>2022-05-10T11:42:00.000Z</time>
        <extensions>
          <ns3:TrackPointExtension>
            <ns3:hr>97</ns3:hr>
          </ns3:TrackPointExtension>
        </extensions>
      </trkpt>
      <trkpt lat="32.04529188573360443115234375" lon="118.73369590379297733306884765625">
        <ele>8</ele>
        <time>2022-05-10T11:42:01.000Z</time>
        <extensions>
          <ns3:TrackPointExtension/>
        </extensions>
      </trkpt>
      <trkpt lat="32.04515836201608180999755859375" lon="118.7336882762610912322998046875">
        <ele>8</ele>
        <time>2022-05-10T11:42:02.000Z</time>
        <extensions>
          <ns3:TrackPointExtension/>
        </extensions>
      </trkpt>
      <trkpt lat="32.04502098262310028076171875" lon="118.7336882762610912322998046875">
        <ele>8</ele>
        <time>2022-05-10T11:42:03.000Z</time>
        <extensions>
          <ns3:TrackPointExtension/>
        </extensions>
      </trkpt>
      <trkpt lat="32.044879831373691558837890625" lon="118.73368064872920513153076171875">
        <ele>8</ele>
        <time>2022-05-10T11:42:04.000Z</time>
        <extensions>
          <ns3:TrackPointExtension/>
        </extensions>
      </trkpt>
      <trkpt lat="32.04473876394331455230712890625" lon="118.73367302119731903076171875">
        <ele>7.599999904632568359375</ele>
        <time>2022-05-10T11:42:05.000Z</time>
        <extensions>
          <ns3:TrackPointExtension>
            <ns3:hr>100</ns3:hr>
          </ns3:TrackPointExtension>
        </extensions>
      </trkpt>
      <trkpt lat="32.04459375701844692230224609375" lon="118.73366539366543292999267578125">
        <ele>7</ele>
        <time>2022-05-10T11:42:06.000Z</time>
        <extensions>
          <ns3:TrackPointExtension/>
        </extensions>
      </trkpt>
      <trkpt lat="32.0444488339126110076904296875" lon="118.7336577661335468292236328125">
        <ele>7.400000095367431640625</ele>
        <time>2022-05-10T11:42:07.000Z</time>
        <extensions>
          <ns3:TrackPointExtension/>
        </extensions>
      </trkpt>
      <trkpt lat="32.0443076826632022857666015625" lon="118.73365013860166072845458984375">
        <ele>8</ele>
        <time>2022-05-10T11:42:08.000Z</time>
        <extensions>
          <ns3:TrackPointExtension/>
        </extensions>
      </trkpt>
      <trkpt lat="32.04416267573833465576171875" lon="118.733642511069774627685546875">
        <ele>7.80000019073486328125</ele>
        <time>2022-05-10T11:42:09.000Z</time>
        <extensions>
          <ns3:TrackPointExtension/>
        </extensions>
      </trkpt>
      <trkpt lat="32.04401775263249874114990234375" lon="118.7336272560060024261474609375">
        <ele>8</ele>
        <time>2022-05-10T11:42:10.000Z</time>
        <extensions>
          <ns3:TrackPointExtension>
            <ns3:hr>100</ns3:hr>
          </ns3:TrackPointExtension>
        </extensions>
      </trkpt>
      <trkpt lat="32.0438728295266628265380859375" lon="118.73361962847411632537841796875">
        <ele>8.3999996185302734375</ele>
        <time>2022-05-10T11:42:11.000Z</time>
        <extensions>
          <ns3:TrackPointExtension/>
        </extensions>
      </trkpt>
      <trkpt lat="32.04372405074536800384521484375" lon="118.73361962847411632537841796875">
        <ele>9</ele>
        <time>2022-05-10T11:42:12.000Z</time>
        <extensions>
          <ns3:TrackPointExtension/>
        </extensions>
      </trkpt>
      <trkpt lat="32.04357904382050037384033203125" lon="118.733612000942230224609375">
        <ele>10</ele>
        <time>2022-05-10T11:42:13.000Z</time>
        <extensions>
          <ns3:TrackPointExtension/>
        </extensions>
      </trkpt>
      <trkpt lat="32.0434302650392055511474609375" lon="118.73360437341034412384033203125">
        <ele>10.80000019073486328125</ele>
        <time>2022-05-10T11:42:14.000Z</time>
        <extensions>
          <ns3:TrackPointExtension/>
        </extensions>
      </trkpt>
      <trkpt lat="32.04328148625791072845458984375" lon="118.73358911834657192230224609375">
        <ele>10.6000003814697265625</ele>
        <time>2022-05-10T11:42:15.000Z</time>
        <extensions>
          <ns3:TrackPointExtension>
            <ns3:hr>96</ns3:hr>
          </ns3:TrackPointExtension>
        </extensions>
      </trkpt>
      <trkpt lat="32.04313270747661590576171875" lon="118.733581490814685821533203125">
        <ele>10.6000003814697265625</ele>
        <time>2022-05-10T11:42:16.000Z</time>
        <extensions>
          <ns3:TrackPointExtension/>
        </extensions>
      </trkpt>
      <trkpt lat="32.042980156838893890380859375" lon="118.73357386328279972076416015625">
        <ele>9.80000019073486328125</ele>
        <time>2022-05-10T11:42:17.000Z</time>
        <extensions>
          <ns3:TrackPointExtension/>
        </extensions>
      </trkpt>
      <trkpt lat="32.042827606201171875" lon="118.7335662357509136199951171875">
        <ele>9.3999996185302734375</ele>
        <time>2022-05-10T11:42:18.000Z</time>
        <extensions>
          <ns3:TrackPointExtension/>
        </extensions>
      </trkpt>
      <trkpt lat="32.0426711998879909515380859375" lon="118.73355860821902751922607421875">
        <ele>10</ele>
        <time>2022-05-10T11:42:19.000Z</time>
        <extensions>
          <ns3:TrackPointExtension/>
        </extensions>
      </trkpt>
      <trkpt lat="32.042514793574810028076171875" lon="118.73355098068714141845703125">
        <ele>9.6000003814697265625</ele>
        <time>2022-05-10T11:42:20.000Z</time>
        <extensions>
          <ns3:TrackPointExtension>
            <ns3:hr>96</ns3:hr>
          </ns3:TrackPointExtension>
        </extensions>
      </trkpt>
      <trkpt lat="32.0423583872616291046142578125" lon="118.7335357256233692169189453125">
        <ele>8.80000019073486328125</ele>
        <time>2022-05-10T11:42:21.000Z</time>
        <extensions>
          <ns3:TrackPointExtension/>
        </extensions>
      </trkpt>
      <trkpt lat="32.0421981252729892730712890625" lon="118.733520470559597015380859375">
        <ele>7.80000019073486328125</ele>
        <time>2022-05-10T11:42:22.000Z</time>
        <extensions>
          <ns3:TrackPointExtension/>
        </extensions>
      </trkpt>
      <trkpt lat="32.042041718959808349609375" lon="118.73351284302771091461181640625">
        <ele>7.400000095367431640625</ele>
        <time>2022-05-10T11:42:23.000Z</time>
        <extensions>
          <ns3:TrackPointExtension/>
        </extensions>
      </trkpt>
      <trkpt lat="32.0418853126466274261474609375" lon="118.73349758796393871307373046875">
        <ele>7.400000095367431640625</ele>
        <time>2022-05-10T11:42:24.000Z</time>
        <extensions>
          <ns3:TrackPointExtension/>
        </extensions>
      </trkpt>
      <trkpt lat="32.041728906333446502685546875" lon="118.73348233290016651153564453125">
        <ele>7.599999904632568359375</ele>
        <time>2022-05-10T11:42:25.000Z</time>
        <extensions>
          <ns3:TrackPointExtension>
            <ns3:hr>95</ns3:hr>
          </ns3:TrackPointExtension>
        </extensions>
      </trkpt>
      <trkpt lat="32.0415725000202655792236328125" lon="118.7334747053682804107666015625">
        <ele>8</ele>
        <time>2022-05-10T11:42:26.000Z</time>
        <extensions>
          <ns3:TrackPointExtension/>
        </extensions>
      </trkpt>
      <trkpt lat="32.0414199493825435638427734375" lon="118.733459450304508209228515625">
        <ele>7.599999904632568359375</ele>
        <time>2022-05-10T11:42:27.000Z</time>
        <extensions>
          <ns3:TrackPointExtension/>
        </extensions>
      </trkpt>
      <trkpt lat="32.04126731492578983306884765625" lon="118.73345182277262210845947265625">
        <ele>7</ele>
        <time>2022-05-10T11:42:28.000Z</time>
        <extensions>
          <ns3:TrackPointExtension/>
        </extensions>
      </trkpt>
      <trkpt lat="32.04111476428806781768798828125" lon="118.7334441952407360076904296875">
        <ele>6.400000095367431640625</ele>
        <time>2022-05-10T11:42:29.000Z</time>
        <extensions>
          <ns3:TrackPointExtension/>
        </extensions>
      </trkpt>
      <trkpt lat="32.0409659855067729949951171875" lon="118.73343656770884990692138671875">
        <ele>6.400000095367431640625</ele>
        <time>2022-05-10T11:42:30.000Z</time>
        <extensions>
          <ns3:TrackPointExtension>
            <ns3:hr>97</ns3:hr>
          </ns3:TrackPointExtension>
        </extensions>
      </trkpt>
      <trkpt lat="32.04082106240093708038330078125" lon="118.73342131264507770538330078125">
        <ele>7.80000019073486328125</ele>
        <time>2022-05-10T11:42:31.000Z</time>
        <extensions>
          <ns3:TrackPointExtension/>
        </extensions>
      </trkpt>
      <trkpt lat="32.04067605547606945037841796875" lon="118.7334136851131916046142578125">
        <ele>8.80000019073486328125</ele>
        <time>2022-05-10T11:42:32.000Z</time>
        <extensions>
          <ns3:TrackPointExtension/>
        </extensions>
      </trkpt>
      <trkpt lat="32.04053490422666072845458984375" lon="118.73340605758130550384521484375">
        <ele>9</ele>
        <time>2022-05-10T11:42:33.000Z</time>
        <extensions>
          <ns3:TrackPointExtension/>
        </extensions>
      </trkpt>
      <trkpt lat="32.0404013805091381072998046875" lon="118.733398430049419403076171875">
        <ele>9</ele>
        <time>2022-05-10T11:42:34.000Z</time>
        <extensions>
          <ns3:TrackPointExtension/>
        </extensions>
      </trkpt>
      <trkpt lat="32.0402679406106472015380859375" lon="118.73339080251753330230712890625">
        <ele>8.3999996185302734375</ele>
        <time>2022-05-10T11:42:35.000Z</time>
        <extensions>
          <ns3:TrackPointExtension>
            <ns3:hr>97</ns3:hr>
          </ns3:TrackPointExtension>
        </extensions>
      </trkpt>
      <trkpt lat="32.04013441689312458038330078125" lon="118.7333831749856472015380859375">
        <ele>8</ele>
        <time>2022-05-10T11:42:36.000Z</time>
        <extensions>
          <ns3:TrackPointExtension/>
        </extensions>
      </trkpt>
      <trkpt lat="32.04000852070748805999755859375" lon="118.73337554745376110076904296875">
        <ele>7.599999904632568359375</ele>
        <time>2022-05-10T11:42:37.000Z</time>
        <extensions>
          <ns3:TrackPointExtension/>
        </extensions>
      </trkpt>
      <trkpt lat="32.03988262452185153961181640625" lon="118.733367919921875">
        <ele>7.19999980926513671875</ele>
        <time>2022-05-10T11:42:38.000Z</time>
        <extensions>
          <ns3:TrackPointExtension/>
        </extensions>
      </trkpt>
      <trkpt lat="32.03975672833621501922607421875" lon="118.73335258103907108306884765625">
        <ele>8.19999980926513671875</ele>
        <time>2022-05-10T11:42:39.000Z</time>
        <extensions>
          <ns3:TrackPointExtension/>
        </extensions>
      </trkpt>
      <trkpt lat="32.03963083215057849884033203125" lon="118.7333449535071849822998046875">
        <ele>9.19999980926513671875</ele>
        <time>2022-05-10T11:42:40.000Z</time>
        <extensions>
          <ns3:TrackPointExtension>
            <ns3:hr>96</ns3:hr>
          </ns3:TrackPointExtension>
        </extensions>
      </trkpt>
      <trkpt lat="32.03950879164040088653564453125" lon="118.73333732597529888153076171875">
        <ele>10.19999980926513671875</ele>
        <time>2022-05-10T11:42:41.000Z</time>
        <extensions>
          <ns3:TrackPointExtension/>
        </extensions>
      </trkpt>
      <trkpt lat="32.03938289545476436614990234375" lon="118.73332207091152667999267578125">
        <ele>12</ele>
        <time>2022-05-10T11:42:42.000Z</time>
        <extensions>
          <ns3:TrackPointExtension/>
        </extensions>
      </trkpt>
      <trkpt lat="32.03925699926912784576416015625" lon="118.7333144433796405792236328125">
        <ele>12.80000019073486328125</ele>
        <time>2022-05-10T11:42:43.000Z</time>
        <extensions>
          <ns3:TrackPointExtension/>
        </extensions>
      </trkpt>
      <trkpt lat="32.03913110308349132537841796875" lon="118.73330681584775447845458984375">
        <ele>11.6000003814697265625</ele>
        <time>2022-05-10T11:42:44.000Z</time>
        <extensions>
          <ns3:TrackPointExtension/>
        </extensions>
      </trkpt>
      <trkpt lat="32.03900520689785480499267578125" lon="118.733299188315868377685546875">
        <ele>10.3999996185302734375</ele>
        <time>2022-05-10T11:42:45.000Z</time>
        <extensions>
          <ns3:TrackPointExtension>
            <ns3:hr>96</ns3:hr>
          </ns3:TrackPointExtension>
        </extensions>
      </trkpt>
      <trkpt lat="32.0388755388557910919189453125" lon="118.73329156078398227691650390625">
        <ele>9.6000003814697265625</ele>
        <time>2022-05-10T11:42:46.000Z</time>
        <extensions>
          <ns3:TrackPointExtension/>
        </extensions>
      </trkpt>
      <trkpt lat="32.03874587081372737884521484375" lon="118.7332839332520961761474609375">
        <ele>8.80000019073486328125</ele>
        <time>2022-05-10T11:42:47.000Z</time>
        <extensions>
          <ns3:TrackPointExtension/>
        </extensions>
      </trkpt>
      <trkpt lat="32.03861611895263195037841796875" lon="118.73327630572021007537841796875">
        <ele>8.3999996185302734375</ele>
        <time>2022-05-10T11:42:48.000Z</time>
        <extensions>
          <ns3:TrackPointExtension/>
        </extensions>
      </trkpt>
      <trkpt lat="32.03849022276699542999267578125" lon="118.73326105065643787384033203125">
        <ele>8</ele>
        <time>2022-05-10T11:42:49.000Z</time>
        <extensions>
          <ns3:TrackPointExtension/>
        </extensions>
      </trkpt>
      <trkpt lat="32.0383605547249317169189453125" lon="118.7332534231245517730712890625">
        <ele>8</ele>
        <time>2022-05-10T11:42:50.000Z</time>
        <extensions>
          <ns3:TrackPointExtension>
            <ns3:hr>97</ns3:hr>
          </ns3:TrackPointExtension>
        </extensions>
      </trkpt>
      <trkpt lat="32.038234658539295196533203125" lon="118.73324579559266567230224609375">
        <ele>8.3999996185302734375</ele>
        <time>2022-05-10T11:42:51.000Z</time>
        <extensions>
          <ns3:TrackPointExtension/>
        </extensions>
      </trkpt>
      <trkpt lat="32.0381087623536586761474609375" lon="118.733238168060779571533203125">
        <ele>8.6000003814697265625</ele>
        <time>2022-05-10T11:42:52.000Z</time>
        <extensions>
          <ns3:TrackPointExtension/>
        </extensions>
      </trkpt>
      <trkpt lat="32.0379867218434810638427734375" lon="118.73323054052889347076416015625">
        <ele>8.3999996185302734375</ele>
        <time>2022-05-10T11:42:53.000Z</time>
        <extensions>
          <ns3:TrackPointExtension/>
        </extensions>
      </trkpt>
      <trkpt lat="32.03786082565784454345703125" lon="118.7332229129970073699951171875">
        <ele>7.80000019073486328125</ele>
        <time>2022-05-10T11:42:54.000Z</time>
        <extensions>
          <ns3:TrackPointExtension/>
        </extensions>
      </trkpt>
      <trkpt lat="32.0377349294722080230712890625" lon="118.73321528546512126922607421875">
        <ele>7</ele>
        <time>2022-05-10T11:42:55.000Z</time>
        <extensions>
          <ns3:TrackPointExtension>
            <ns3:hr>96</ns3:hr>
          </ns3:TrackPointExtension>
        </extensions>
      </trkpt>
      <trkpt lat="32.037609033286571502685546875" lon="118.73320003040134906768798828125">
        <ele>6</ele>
        <time>2022-05-10T11:42:56.000Z</time>
        <extensions>
          <ns3:TrackPointExtension/>
        </extensions>
      </trkpt>
      <trkpt lat="32.037486992776393890380859375" lon="118.7331924028694629669189453125">
        <ele>4.80000019073486328125</ele>
        <time>2022-05-10T11:42:57.000Z</time>
        <extensions>
          <ns3:TrackPointExtension/>
        </extensions>
      </trkpt>
      <trkpt lat="32.03735732473433017730712890625" lon="118.73318477533757686614990234375">
        <ele>4</ele>
        <time>2022-05-10T11:42:58.000Z</time>
        <extensions>
          <ns3:TrackPointExtension/>
        </extensions>
      </trkpt>
      <trkpt lat="32.03723142854869365692138671875" lon="118.733177147805690765380859375">
        <ele>4</ele>
        <time>2022-05-10T11:42:59.000Z</time>
        <extensions>
          <ns3:TrackPointExtension/>
        </extensions>
      </trkpt>
      <trkpt lat="32.03710167668759822845458984375" lon="118.733177147805690765380859375">
        <ele>4.19999980926513671875</ele>
        <time>2022-05-10T11:43:00.000Z</time>
        <extensions>
          <ns3:TrackPointExtension>
            <ns3:hr>96</ns3:hr>
          </ns3:TrackPointExtension>
        </extensions>
      </trkpt>
      <trkpt lat="32.0369681529700756072998046875" lon="118.73316952027380466461181640625">
        <ele>5</ele>
        <time>2022-05-10T11:43:01.000Z</time>
        <extensions>
          <ns3:TrackPointExtension/>
        </extensions>
      </trkpt>
      <trkpt lat="32.03683848492801189422607421875" lon="118.73316952027380466461181640625">
        <ele>6</ele>
        <time>2022-05-10T11:43:02.000Z</time>
        <extensions>
          <ns3:TrackPointExtension/>
        </extensions>
      </trkpt>
      <trkpt lat="32.03670118935406208038330078125" lon="118.73316952027380466461181640625">
        <ele>7</ele>
        <time>2022-05-10T11:43:03.000Z</time>
        <extensions>
          <ns3:TrackPointExtension/>
        </extensions>
      </trkpt>
      <trkpt lat="32.036567665636539459228515625" lon="118.73316952027380466461181640625">
        <ele>8</ele>
        <time>2022-05-10T11:43:04.000Z</time>
        <extensions>
          <ns3:TrackPointExtension/>
        </extensions>
      </trkpt>
      <trkpt lat="32.03643028624355792999267578125" lon="118.73316952027380466461181640625">
        <ele>8.6000003814697265625</ele>
        <time>2022-05-10T11:43:05.000Z</time>
        <extensions>
          <ns3:TrackPointExtension>
            <ns3:hr>95</ns3:hr>
          </ns3:TrackPointExtension>
        </extensions>
      </trkpt>
      <trkpt lat="32.036296762526035308837890625" lon="118.733177147805690765380859375">
        <ele>9</ele>
        <time>2022-05-10T11:43:06.000Z</time>
        <extensions>
          <ns3:TrackPointExtension/>
        </extensions>
      </trkpt>
      <trkpt lat="32.0361594669520854949951171875" lon="118.7331924028694629669189453125">
        <ele>8.19999980926513671875</ele>
        <time>2022-05-10T11:43:07.000Z</time>
        <extensions>
          <ns3:TrackPointExtension/>
        </extensions>
      </trkpt>
      <trkpt lat="32.03602979891002178192138671875" lon="118.73320765793323516845703125">
        <ele>7.400000095367431640625</ele>
        <time>2022-05-10T11:43:08.000Z</time>
        <extensions>
          <ns3:TrackPointExtension/>
        </extensions>
      </trkpt>
      <trkpt lat="32.03590004704892635345458984375" lon="118.7332229129970073699951171875">
        <ele>7.400000095367431640625</ele>
        <time>2022-05-10T11:43:09.000Z</time>
        <extensions>
          <ns3:TrackPointExtension/>
        </extensions>
      </trkpt>
      <trkpt lat="32.03577415086328983306884765625" lon="118.733238168060779571533203125">
        <ele>7.400000095367431640625</ele>
        <time>2022-05-10T11:43:10.000Z</time>
        <extensions>
          <ns3:TrackPointExtension>
            <ns3:hr>95</ns3:hr>
          </ns3:TrackPointExtension>
        </extensions>
      </trkpt>
      <trkpt lat="32.035648338496685028076171875" lon="118.7332534231245517730712890625">
        <ele>7.80000019073486328125</ele>
        <time>2022-05-10T11:43:11.000Z</time>
        <extensions>
          <ns3:TrackPointExtension/>
        </extensions>
      </trkpt>
      <trkpt lat="32.03553006984293460845947265625" lon="118.73327630572021007537841796875">
        <ele>8.80000019073486328125</ele>
        <time>2022-05-10T11:43:12.000Z</time>
        <extensions>
          <ns3:TrackPointExtension/>
        </extensions>
      </trkpt>
      <trkpt lat="32.0354118011891841888427734375" lon="118.733299188315868377685546875">
        <ele>9.80000019073486328125</ele>
        <time>2022-05-10T11:43:13.000Z</time>
        <extensions>
          <ns3:TrackPointExtension/>
        </extensions>
      </trkpt>
      <trkpt lat="32.03529353253543376922607421875" lon="118.7333144433796405792236328125">
        <ele>10.80000019073486328125</ele>
        <time>2022-05-10T11:43:14.000Z</time>
        <extensions>
          <ns3:TrackPointExtension/>
        </extensions>
      </trkpt>
      <trkpt lat="32.03518289141356945037841796875" lon="118.73333732597529888153076171875">
        <ele>11</ele>
        <time>2022-05-10T11:43:15.000Z</time>
        <extensions>
          <ns3:TrackPointExtension>
            <ns3:hr>94</ns3:hr>
          </ns3:TrackPointExtension>
        </extensions>
      </trkpt>
      <trkpt lat="32.03507225029170513153076171875" lon="118.733360208570957183837890625">
        <ele>11.3999996185302734375</ele>
        <time>2022-05-10T11:43:16.000Z</time>
        <extensions>
          <ns3:TrackPointExtension/>
        </extensions>
      </trkpt>
      <trkpt lat="32.03496546484529972076416015625" lon="118.7333831749856472015380859375">
        <ele>11.80000019073486328125</ele>
        <time>2022-05-10T11:43:17.000Z</time>
        <extensions>
          <ns3:TrackPointExtension/>
        </extensions>
      </trkpt>
      <trkpt lat="32.034862451255321502685546875" lon="118.733398430049419403076171875">
        <ele>12</ele>
        <time>2022-05-10T11:43:18.000Z</time>
        <extensions>
          <ns3:TrackPointExtension/>
        </extensions>
      </trkpt>
      <trkpt lat="32.034759521484375" lon="118.73342131264507770538330078125">
        <ele>12.19999980926513671875</ele>
        <time>2022-05-10T11:43:19.000Z</time>
        <extensions>
          <ns3:TrackPointExtension/>
        </extensions>
      </trkpt>
      <trkpt lat="32.034660279750823974609375" lon="118.7334441952407360076904296875">
        <ele>12.3999996185302734375</ele>
        <time>2022-05-10T11:43:20.000Z</time>
        <extensions>
          <ns3:TrackPointExtension>
            <ns3:hr>94</ns3:hr>
          </ns3:TrackPointExtension>
        </extensions>
      </trkpt>
      <trkpt lat="32.03455726616084575653076171875" lon="118.733459450304508209228515625">
        <ele>12</ele>
        <time>2022-05-10T11:43:21.000Z</time>
        <extensions>
          <ns3:TrackPointExtension/>
        </extensions>
      </trkpt>
      <trkpt lat="32.03445433638989925384521484375" lon="118.73348233290016651153564453125">
        <ele>11</ele>
        <time>2022-05-10T11:43:22.000Z</time>
        <extensions>
          <ns3:TrackPointExtension/>
        </extensions>
      </trkpt>
      <trkpt lat="32.0343513227999210357666015625" lon="118.7335052154958248138427734375">
        <ele>10.3999996185302734375</ele>
        <time>2022-05-10T11:43:23.000Z</time>
        <extensions>
          <ns3:TrackPointExtension/>
        </extensions>
      </trkpt>
      <trkpt lat="32.03424830920994281768798828125" lon="118.73352809809148311614990234375">
        <ele>10</ele>
        <time>2022-05-10T11:43:24.000Z</time>
        <extensions>
          <ns3:TrackPointExtension/>
        </extensions>
      </trkpt>
      <trkpt lat="32.03414152376353740692138671875" lon="118.73354335315525531768798828125">
        <ele>9.80000019073486328125</ele>
        <time>2022-05-10T11:43:25.000Z</time>
        <extensions>
          <ns3:TrackPointExtension>
            <ns3:hr>93</ns3:hr>
          </ns3:TrackPointExtension>
        </extensions>
      </trkpt>
      <trkpt lat="32.0340385101735591888427734375" lon="118.7335662357509136199951171875">
        <ele>9.19999980926513671875</ele>
        <time>2022-05-10T11:43:26.000Z</time>
        <extensions>
          <ns3:TrackPointExtension/>
        </extensions>
      </trkpt>
      <trkpt lat="32.033931724727153778076171875" lon="118.73358911834657192230224609375">
        <ele>7.80000019073486328125</ele>
        <time>2022-05-10T11:43:27.000Z</time>
        <extensions>
          <ns3:TrackPointExtension/>
        </extensions>
      </trkpt>
      <trkpt lat="32.03382485546171665191650390625" lon="118.733612000942230224609375">
        <ele>7</ele>
        <time>2022-05-10T11:43:28.000Z</time>
        <extensions>
          <ns3:TrackPointExtension/>
        </extensions>
      </trkpt>
      <trkpt lat="32.03371807001531124114990234375" lon="118.73363488353788852691650390625">
        <ele>6</ele>
        <time>2022-05-10T11:43:29.000Z</time>
        <extensions>
          <ns3:TrackPointExtension/>
        </extensions>
      </trkpt>
      <trkpt lat="32.03360742889344692230224609375" lon="118.7336577661335468292236328125">
        <ele>5</ele>
        <time>2022-05-10T11:43:30.000Z</time>
        <extensions>
          <ns3:TrackPointExtension>
            <ns3:hr>93</ns3:hr>
          </ns3:TrackPointExtension>
        </extensions>
      </trkpt>
      <trkpt lat="32.0334930159151554107666015625" lon="118.73368064872920513153076171875">
        <ele>4</ele>
        <time>2022-05-10T11:43:31.000Z</time>
        <extensions>
          <ns3:TrackPointExtension/>
        </extensions>
      </trkpt>
      <trkpt lat="32.033378519117832183837890625" lon="118.733703531324863433837890625">
        <ele>4.599999904632568359375</ele>
        <time>2022-05-10T11:43:32.000Z</time>
        <extensions>
          <ns3:TrackPointExtension/>
        </extensions>
      </trkpt>
      <trkpt lat="32.03326410613954067230224609375" lon="118.7337264977395534515380859375">
        <ele>5.400000095367431640625</ele>
        <time>2022-05-10T11:43:33.000Z</time>
        <extensions>
          <ns3:TrackPointExtension/>
        </extensions>
      </trkpt>
      <trkpt lat="32.0331496931612491607666015625" lon="118.73374938033521175384521484375">
        <ele>6.400000095367431640625</ele>
        <time>2022-05-10T11:43:34.000Z</time>
        <extensions>
          <ns3:TrackPointExtension/>
        </extensions>
      </trkpt>
      <trkpt lat="32.033035196363925933837890625" lon="118.73377989046275615692138671875">
        <ele>7.400000095367431640625</ele>
        <time>2022-05-10T11:43:35.000Z</time>
        <extensions>
          <ns3:TrackPointExtension>
            <ns3:hr>92</ns3:hr>
          </ns3:TrackPointExtension>
        </extensions>
      </trkpt>
      <trkpt lat="32.0329170115292072296142578125" lon="118.733802773058414459228515625">
        <ele>9</ele>
        <time>2022-05-10T11:43:36.000Z</time>
        <extensions>
          <ns3:TrackPointExtension/>
        </extensions>
      </trkpt>
      <trkpt lat="32.03279874287545680999755859375" lon="118.7338332831859588623046875">
        <ele>9</ele>
        <time>2022-05-10T11:43:37.000Z</time>
        <extensions>
          <ns3:TrackPointExtension/>
        </extensions>
      </trkpt>
      <trkpt lat="32.032680474221706390380859375" lon="118.73385616578161716461181640625">
        <ele>10</ele>
        <time>2022-05-10T11:43:38.000Z</time>
        <extensions>
          <ns3:TrackPointExtension/>
        </extensions>
      </trkpt>
      <trkpt lat="32.03256220556795597076416015625" lon="118.73388667590916156768798828125">
        <ele>10.19999980926513671875</ele>
        <time>2022-05-10T11:43:39.000Z</time>
        <extensions>
          <ns3:TrackPointExtension/>
        </extensions>
      </trkpt>
      <trkpt lat="32.03244016505777835845947265625" lon="118.7339095585048198699951171875">
        <ele>9.3999996185302734375</ele>
        <time>2022-05-10T11:43:40.000Z</time>
        <extensions>
          <ns3:TrackPointExtension>
            <ns3:hr>91</ns3:hr>
          </ns3:TrackPointExtension>
        </extensions>
      </trkpt>
      <trkpt lat="32.0323218964040279388427734375" lon="118.73393244110047817230224609375">
        <ele>9</ele>
        <time>2022-05-10T11:43:41.000Z</time>
        <extensions>
          <ns3:TrackPointExtension/>
        </extensions>
      </trkpt>
      <trkpt lat="32.03220362775027751922607421875" lon="118.73396295122802257537841796875">
        <ele>9</ele>
        <time>2022-05-10T11:43:42.000Z</time>
        <extensions>
          <ns3:TrackPointExtension/>
        </extensions>
      </trkpt>
      <trkpt lat="32.032085359096527099609375" lon="118.733985833823680877685546875">
        <ele>9</ele>
        <time>2022-05-10T11:43:43.000Z</time>
        <extensions>
          <ns3:TrackPointExtension/>
        </extensions>
      </trkpt>
      <trkpt lat="32.03196709044277667999267578125" lon="118.73400871641933917999267578125">
        <ele>9.19999980926513671875</ele>
        <time>2022-05-10T11:43:44.000Z</time>
        <extensions>
          <ns3:TrackPointExtension/>
        </extensions>
      </trkpt>
      <trkpt lat="32.03184890560805797576904296875" lon="118.7340315990149974822998046875">
        <ele>9.3999996185302734375</ele>
        <time>2022-05-10T11:43:45.000Z</time>
        <extensions>
          <ns3:TrackPointExtension>
            <ns3:hr>89</ns3:hr>
          </ns3:TrackPointExtension>
        </extensions>
      </trkpt>
      <trkpt lat="32.03173063695430755615234375" lon="118.734046854078769683837890625">
        <ele>10</ele>
        <time>2022-05-10T11:43:46.000Z</time>
        <extensions>
          <ns3:TrackPointExtension/>
        </extensions>
      </trkpt>
      <trkpt lat="32.03160851262509822845458984375" lon="118.73406219296157360076904296875">
        <ele>10.6000003814697265625</ele>
        <time>2022-05-10T11:43:47.000Z</time>
        <extensions>
          <ns3:TrackPointExtension/>
        </extensions>
      </trkpt>
      <trkpt lat="32.031490243971347808837890625" lon="118.734085075557231903076171875">
        <ele>10.6000003814697265625</ele>
        <time>2022-05-10T11:43:48.000Z</time>
        <extensions>
          <ns3:TrackPointExtension/>
        </extensions>
      </trkpt>
      <trkpt lat="32.031368203461170196533203125" lon="118.7341003306210041046142578125">
        <ele>10.80000019073486328125</ele>
        <time>2022-05-10T11:43:49.000Z</time>
        <extensions>
          <ns3:TrackPointExtension/>
        </extensions>
      </trkpt>
      <trkpt lat="32.0312423072755336761474609375" lon="118.73410795815289020538330078125">
        <ele>11.80000019073486328125</ele>
        <time>2022-05-10T11:43:50.000Z</time>
        <extensions>
          <ns3:TrackPointExtension>
            <ns3:hr>89</ns3:hr>
          </ns3:TrackPointExtension>
        </extensions>
      </trkpt>
      <trkpt lat="32.03111641108989715576171875" lon="118.73412321321666240692138671875">
        <ele>11</ele>
        <time>2022-05-10T11:43:51.000Z</time>
        <extensions>
          <ns3:TrackPointExtension/>
        </extensions>
      </trkpt>
      <trkpt lat="32.03099059872329235076904296875" lon="118.7341308407485485076904296875">
        <ele>10</ele>
        <time>2022-05-10T11:43:52.000Z</time>
        <extensions>
          <ns3:TrackPointExtension/>
        </extensions>
      </trkpt>
      <trkpt lat="32.03086084686219692230224609375" lon="118.73413846828043460845947265625">
        <ele>9.3999996185302734375</ele>
        <time>2022-05-10T11:43:53.000Z</time>
        <extensions>
          <ns3:TrackPointExtension/>
        </extensions>
      </trkpt>
      <trkpt lat="32.0307273231446743011474609375" lon="118.73413846828043460845947265625">
        <ele>9.3999996185302734375</ele>
        <time>2022-05-10T11:43:54.000Z</time>
        <extensions>
          <ns3:TrackPointExtension/>
        </extensions>
      </trkpt>
      <trkpt lat="32.03059765510261058807373046875" lon="118.73415372334420680999755859375">
        <ele>9</ele>
        <time>2022-05-10T11:43:55.000Z</time>
        <extensions>
          <ns3:TrackPointExtension>
            <ns3:hr>88</ns3:hr>
          </ns3:TrackPointExtension>
        </extensions>
      </trkpt>
      <trkpt lat="32.030467987060546875" lon="118.73415372334420680999755859375">
        <ele>8</ele>
        <time>2022-05-10T11:43:56.000Z</time>
        <extensions>
          <ns3:TrackPointExtension/>
        </extensions>
      </trkpt>
      <trkpt lat="32.030338235199451446533203125" lon="118.73415372334420680999755859375">
        <ele>7.599999904632568359375</ele>
        <time>2022-05-10T11:43:57.000Z</time>
        <extensions>
          <ns3:TrackPointExtension/>
        </extensions>
      </trkpt>
      <trkpt lat="32.03020856715738773345947265625" lon="118.734146095812320709228515625">
        <ele>6.80000019073486328125</ele>
        <time>2022-05-10T11:43:58.000Z</time>
        <extensions>
          <ns3:TrackPointExtension/>
        </extensions>
      </trkpt>
      <trkpt lat="32.03007881529629230499267578125" lon="118.73413846828043460845947265625">
        <ele>6</ele>
        <time>2022-05-10T11:43:59.000Z</time>
        <extensions>
          <ns3:TrackPointExtension/>
        </extensions>
      </trkpt>
      <trkpt lat="32.0299491472542285919189453125" lon="118.7341308407485485076904296875">
        <ele>5.599999904632568359375</ele>
        <time>2022-05-10T11:44:00.000Z</time>
        <extensions>
          <ns3:TrackPointExtension>
            <ns3:hr>88</ns3:hr>
          </ns3:TrackPointExtension>
        </extensions>
      </trkpt>
      <trkpt lat="32.02981947921216487884521484375" lon="118.73412321321666240692138671875">
        <ele>5.400000095367431640625</ele>
        <time>2022-05-10T11:44:01.000Z</time>
        <extensions>
          <ns3:TrackPointExtension/>
        </extensions>
      </trkpt>
      <trkpt lat="32.02968972735106945037841796875" lon="118.73411558568477630615234375">
        <ele>5.400000095367431640625</ele>
        <time>2022-05-10T11:44:02.000Z</time>
        <extensions>
          <ns3:TrackPointExtension/>
        </extensions>
      </trkpt>
      <trkpt lat="32.02956383116543292999267578125" lon="118.7341003306210041046142578125">
        <ele>5.400000095367431640625</ele>
        <time>2022-05-10T11:44:03.000Z</time>
        <extensions>
          <ns3:TrackPointExtension/>
        </extensions>
      </trkpt>
      <trkpt lat="32.02944179065525531768798828125" lon="118.734085075557231903076171875">
        <ele>5.599999904632568359375</ele>
        <time>2022-05-10T11:44:04.000Z</time>
        <extensions>
          <ns3:TrackPointExtension/>
        </extensions>
      </trkpt>
      <trkpt lat="32.02931589446961879730224609375" lon="118.73407744802534580230712890625">
        <ele>6</ele>
        <time>2022-05-10T11:44:05.000Z</time>
        <extensions>
          <ns3:TrackPointExtension>
            <ns3:hr>88</ns3:hr>
          </ns3:TrackPointExtension>
        </extensions>
      </trkpt>
      <trkpt lat="32.02919385395944118499755859375" lon="118.7340545654296875">
        <ele>6</ele>
        <time>2022-05-10T11:44:06.000Z</time>
        <extensions>
          <ns3:TrackPointExtension/>
        </extensions>
      </trkpt>
      <trkpt lat="32.02906795777380466461181640625" lon="118.7340315990149974822998046875">
        <ele>6</ele>
        <time>2022-05-10T11:44:07.000Z</time>
        <extensions>
          <ns3:TrackPointExtension/>
        </extensions>
      </trkpt>
      <trkpt lat="32.02894591726362705230712890625" lon="118.73401634395122528076171875">
        <ele>6</ele>
        <time>2022-05-10T11:44:08.000Z</time>
        <extensions>
          <ns3:TrackPointExtension/>
        </extensions>
      </trkpt>
      <trkpt lat="32.02882002107799053192138671875" lon="118.7340010888874530792236328125">
        <ele>6</ele>
        <time>2022-05-10T11:44:09.000Z</time>
        <extensions>
          <ns3:TrackPointExtension/>
        </extensions>
      </trkpt>
      <trkpt lat="32.02869412489235401153564453125" lon="118.733985833823680877685546875">
        <ele>5.400000095367431640625</ele>
        <time>2022-05-10T11:44:10.000Z</time>
        <extensions>
          <ns3:TrackPointExtension>
            <ns3:hr>88</ns3:hr>
          </ns3:TrackPointExtension>
        </extensions>
      </trkpt>
      <trkpt lat="32.028572000563144683837890625" lon="118.73396295122802257537841796875">
        <ele>4.599999904632568359375</ele>
        <time>2022-05-10T11:44:11.000Z</time>
        <extensions>
          <ns3:TrackPointExtension/>
        </extensions>
      </trkpt>
      <trkpt lat="32.02844618819653987884521484375" lon="118.7339400686323642730712890625">
        <ele>4</ele>
        <time>2022-05-10T11:44:12.000Z</time>
        <extensions>
          <ns3:TrackPointExtension/>
        </extensions>
      </trkpt>
      <trkpt lat="32.0283240638673305511474609375" lon="118.73391718603670597076416015625">
        <ele>3.2000000476837158203125</ele>
        <time>2022-05-10T11:44:13.000Z</time>
        <extensions>
          <ns3:TrackPointExtension/>
        </extensions>
      </trkpt>
      <trkpt lat="32.0282020233571529388427734375" lon="118.73389430344104766845703125">
        <ele>2.599999904632568359375</ele>
        <time>2022-05-10T11:44:14.000Z</time>
        <extensions>
          <ns3:TrackPointExtension/>
        </extensions>
      </trkpt>
      <trkpt lat="32.0280799828469753265380859375" lon="118.73387142084538936614990234375">
        <ele>3.2000000476837158203125</ele>
        <time>2022-05-10T11:44:15.000Z</time>
        <extensions>
          <ns3:TrackPointExtension>
            <ns3:hr>88</ns3:hr>
          </ns3:TrackPointExtension>
        </extensions>
      </trkpt>
      <trkpt lat="32.02796171419322490692138671875" lon="118.7338485382497310638427734375">
        <ele>4.19999980926513671875</ele>
        <time>2022-05-10T11:44:16.000Z</time>
        <extensions>
          <ns3:TrackPointExtension/>
        </extensions>
      </trkpt>
      <trkpt lat="32.0278434455394744873046875" lon="118.73382565565407276153564453125">
        <ele>5</ele>
        <time>2022-05-10T11:44:17.000Z</time>
        <extensions>
          <ns3:TrackPointExtension/>
        </extensions>
      </trkpt>
      <trkpt lat="32.02772903256118297576904296875" lon="118.733802773058414459228515625">
        <ele>5.80000019073486328125</ele>
        <time>2022-05-10T11:44:18.000Z</time>
        <extensions>
          <ns3:TrackPointExtension/>
        </extensions>
      </trkpt>
      <trkpt lat="32.02761453576385974884033203125" lon="118.73377989046275615692138671875">
        <ele>6.19999980926513671875</ele>
        <time>2022-05-10T11:44:19.000Z</time>
        <extensions>
          <ns3:TrackPointExtension/>
        </extensions>
      </trkpt>
      <trkpt lat="32.0275001227855682373046875" lon="118.7337570078670978546142578125">
        <ele>5.80000019073486328125</ele>
        <time>2022-05-10T11:44:20.000Z</time>
        <extensions>
          <ns3:TrackPointExtension>
            <ns3:hr>85</ns3:hr>
          </ns3:TrackPointExtension>
        </extensions>
      </trkpt>
      <trkpt lat="32.02738570980727672576904296875" lon="118.73373412527143955230712890625">
        <ele>5.80000019073486328125</ele>
        <time>2022-05-10T11:44:21.000Z</time>
        <extensions>
          <ns3:TrackPointExtension/>
        </extensions>
      </trkpt>
      <trkpt lat="32.02727506868541240692138671875" lon="118.73371124267578125">
        <ele>6.599999904632568359375</ele>
        <time>2022-05-10T11:44:22.000Z</time>
        <extensions>
          <ns3:TrackPointExtension/>
        </extensions>
      </trkpt>
      <trkpt lat="32.02716819941997528076171875" lon="118.7336882762610912322998046875">
        <ele>7.400000095367431640625</ele>
        <time>2022-05-10T11:44:23.000Z</time>
        <extensions>
          <ns3:TrackPointExtension/>
        </extensions>
      </trkpt>
      <trkpt lat="32.02705764211714267730712890625" lon="118.73366539366543292999267578125">
        <ele>7.80000019073486328125</ele>
        <time>2022-05-10T11:44:24.000Z</time>
        <extensions>
          <ns3:TrackPointExtension/>
        </extensions>
      </trkpt>
      <trkpt lat="32.0269507728517055511474609375" lon="118.733642511069774627685546875">
        <ele>7.400000095367431640625</ele>
        <time>2022-05-10T11:44:25.000Z</time>
        <extensions>
          <ns3:TrackPointExtension>
            <ns3:hr>85</ns3:hr>
          </ns3:TrackPointExtension>
        </extensions>
      </trkpt>
      <trkpt lat="32.0268401317298412322998046875" lon="118.73361962847411632537841796875">
        <ele>6.80000019073486328125</ele>
        <time>2022-05-10T11:44:26.000Z</time>
        <extensions>
          <ns3:TrackPointExtension/>
        </extensions>
      </trkpt>
      <trkpt lat="32.02672957442700862884521484375" lon="118.7335967458784580230712890625">
        <ele>6.599999904632568359375</ele>
        <time>2022-05-10T11:44:27.000Z</time>
        <extensions>
          <ns3:TrackPointExtension/>
        </extensions>
      </trkpt>
      <trkpt lat="32.026622705161571502685546875" lon="118.73357386328279972076416015625">
        <ele>6.80000019073486328125</ele>
        <time>2022-05-10T11:44:28.000Z</time>
        <extensions>
          <ns3:TrackPointExtension/>
        </extensions>
      </trkpt>
      <trkpt lat="32.026512064039707183837890625" lon="118.73355098068714141845703125">
        <ele>7</ele>
        <time>2022-05-10T11:44:29.000Z</time>
        <extensions>
          <ns3:TrackPointExtension/>
        </extensions>
      </trkpt>
      <trkpt lat="32.0264052785933017730712890625" lon="118.733520470559597015380859375">
        <ele>7.599999904632568359375</ele>
        <time>2022-05-10T11:44:30.000Z</time>
        <extensions>
          <ns3:TrackPointExtension>
            <ns3:hr>84</ns3:hr>
          </ns3:TrackPointExtension>
        </extensions>
      </trkpt>
      <trkpt lat="32.0262984931468963623046875" lon="118.73349758796393871307373046875">
        <ele>8.19999980926513671875</ele>
        <time>2022-05-10T11:44:31.000Z</time>
        <extensions>
          <ns3:TrackPointExtension/>
        </extensions>
      </trkpt>
      <trkpt lat="32.0261917077004909515380859375" lon="118.7334747053682804107666015625">
        <ele>8.3999996185302734375</ele>
        <time>2022-05-10T11:44:32.000Z</time>
        <extensions>
          <ns3:TrackPointExtension/>
        </extensions>
      </trkpt>
      <trkpt lat="32.02608869411051273345947265625" lon="118.73345182277262210845947265625">
        <ele>8.6000003814697265625</ele>
        <time>2022-05-10T11:44:33.000Z</time>
        <extensions>
          <ns3:TrackPointExtension/>
        </extensions>
      </trkpt>
      <trkpt lat="32.025985680520534515380859375" lon="118.73343656770884990692138671875">
        <ele>8.80000019073486328125</ele>
        <time>2022-05-10T11:44:34.000Z</time>
        <extensions>
          <ns3:TrackPointExtension/>
        </extensions>
      </trkpt>
      <trkpt lat="32.02588266693055629730224609375" lon="118.7334136851131916046142578125">
        <ele>10</ele>
        <time>2022-05-10T11:44:35.000Z</time>
        <extensions>
          <ns3:TrackPointExtension>
            <ns3:hr>86</ns3:hr>
          </ns3:TrackPointExtension>
        </extensions>
      </trkpt>
      <trkpt lat="32.0257796533405780792236328125" lon="118.733398430049419403076171875">
        <ele>11.19999980926513671875</ele>
        <time>2022-05-10T11:44:36.000Z</time>
        <extensions>
          <ns3:TrackPointExtension/>
        </extensions>
      </trkpt>
      <trkpt lat="32.0256767235696315765380859375" lon="118.73337554745376110076904296875">
        <ele>12</ele>
        <time>2022-05-10T11:44:37.000Z</time>
        <extensions>
          <ns3:TrackPointExtension/>
        </extensions>
      </trkpt>
      <trkpt lat="32.0255774818360805511474609375" lon="118.733360208570957183837890625">
        <ele>11.3999996185302734375</ele>
        <time>2022-05-10T11:44:38.000Z</time>
        <extensions>
          <ns3:TrackPointExtension/>
        </extensions>
      </trkpt>
      <trkpt lat="32.02547446824610233306884765625" lon="118.7333449535071849822998046875">
        <ele>10.80000019073486328125</ele>
        <time>2022-05-10T11:44:39.000Z</time>
        <extensions>
          <ns3:TrackPointExtension/>
        </extensions>
      </trkpt>
      <trkpt lat="32.02537153847515583038330078125" lon="118.73332969844341278076171875">
        <ele>9.80000019073486328125</ele>
        <time>2022-05-10T11:44:40.000Z</time>
        <extensions>
          <ns3:TrackPointExtension>
            <ns3:hr>92</ns3:hr>
          </ns3:TrackPointExtension>
        </extensions>
      </trkpt>
      <trkpt lat="32.0252685248851776123046875" lon="118.7333144433796405792236328125">
        <ele>8.3999996185302734375</ele>
        <time>2022-05-10T11:44:41.000Z</time>
        <extensions>
          <ns3:TrackPointExtension/>
        </extensions>
      </trkpt>
      <trkpt lat="32.02516936697065830230712890625" lon="118.733299188315868377685546875">
        <ele>7</ele>
        <time>2022-05-10T11:44:42.000Z</time>
        <extensions>
          <ns3:TrackPointExtension/>
        </extensions>
      </trkpt>
      <trkpt lat="32.02507398091256618499755859375" lon="118.7332839332520961761474609375">
        <ele>6.400000095367431640625</ele>
        <time>2022-05-10T11:44:43.000Z</time>
        <extensions>
          <ns3:TrackPointExtension/>
        </extensions>
      </trkpt>
      <trkpt lat="32.02498245052993297576904296875" lon="118.733268678188323974609375">
        <ele>5.80000019073486328125</ele>
        <time>2022-05-10T11:44:44.000Z</time>
        <extensions>
          <ns3:TrackPointExtension/>
        </extensions>
      </trkpt>
      <trkpt lat="32.02489846386015415191650390625" lon="118.7332534231245517730712890625">
        <ele>5.599999904632568359375</ele>
        <time>2022-05-10T11:44:45.000Z</time>
        <extensions>
          <ns3:TrackPointExtension>
            <ns3:hr>93</ns3:hr>
          </ns3:TrackPointExtension>
        </extensions>
      </trkpt>
      <trkpt lat="32.0248184166848659515380859375" lon="118.733238168060779571533203125">
        <ele>5.80000019073486328125</ele>
        <time>2022-05-10T11:44:46.000Z</time>
        <extensions>
          <ns3:TrackPointExtension/>
        </extensions>
      </trkpt>
      <trkpt lat="32.0247496850788593292236328125" lon="118.7332229129970073699951171875">
        <ele>6</ele>
        <time>2022-05-10T11:44:47.000Z</time>
        <extensions>
          <ns3:TrackPointExtension/>
        </extensions>
      </trkpt>
      <trkpt lat="32.02468103729188442230224609375" lon="118.73320765793323516845703125">
        <ele>6.400000095367431640625</ele>
        <time>2022-05-10T11:44:48.000Z</time>
        <extensions>
          <ns3:TrackPointExtension/>
        </extensions>
      </trkpt>
      <trkpt lat="32.024623788893222808837890625" lon="118.7331924028694629669189453125">
        <ele>6.400000095367431640625</ele>
        <time>2022-05-10T11:44:49.000Z</time>
        <extensions>
          <ns3:TrackPointExtension/>
        </extensions>
      </trkpt>
      <trkpt lat="32.02457425184547901153564453125" lon="118.73318477533757686614990234375">
        <ele>6.400000095367431640625</ele>
        <time>2022-05-10T11:44:50.000Z</time>
        <extensions>
          <ns3:TrackPointExtension>
            <ns3:hr>91</ns3:hr>
          </ns3:TrackPointExtension>
        </extensions>
      </trkpt>
      <trkpt lat="32.02452848665416240692138671875" lon="118.73316952027380466461181640625">
        <ele>6.400000095367431640625</ele>
        <time>2022-05-10T11:44:51.000Z</time>
        <extensions>
          <ns3:TrackPointExtension/>
        </extensions>
      </trkpt>
      <trkpt lat="32.02449412085115909576416015625" lon="118.7331618927419185638427734375">
        <ele>6.400000095367431640625</ele>
        <time>2022-05-10T11:44:52.000Z</time>
        <extensions>
          <ns3:TrackPointExtension/>
        </extensions>
      </trkpt>
      <trkpt lat="32.02446361072361469268798828125" lon="118.73315426521003246307373046875">
        <ele>6.19999980926513671875</ele>
        <time>2022-05-10T11:44:53.000Z</time>
        <extensions>
          <ns3:TrackPointExtension/>
        </extensions>
      </trkpt>
      <trkpt lat="32.024440728127956390380859375" lon="118.7331466376781463623046875">
        <ele>6.19999980926513671875</ele>
        <time>2022-05-10T11:44:54.000Z</time>
        <extensions>
          <ns3:TrackPointExtension/>
        </extensions>
      </trkpt>
      <trkpt lat="32.02442161738872528076171875" lon="118.73313901014626026153564453125">
        <ele>6.19999980926513671875</ele>
        <time>2022-05-10T11:44:55.000Z</time>
        <extensions>
          <ns3:TrackPointExtension>
            <ns3:hr>92</ns3:hr>
          </ns3:TrackPointExtension>
        </extensions>
      </trkpt>
      <trkpt lat="32.02440259046852588653564453125" lon="118.7331313826143741607666015625">
        <ele>6.19999980926513671875</ele>
        <time>2022-05-10T11:44:56.000Z</time>
        <extensions>
          <ns3:TrackPointExtension/>
        </extensions>
      </trkpt>
      <trkpt lat="32.02438733540475368499755859375" lon="118.7331313826143741607666015625">
        <ele>6.19999980926513671875</ele>
        <time>2022-05-10T11:44:57.000Z</time>
        <extensions>
          <ns3:TrackPointExtension/>
        </extensions>
      </trkpt>
      <trkpt lat="32.0243758521974086761474609375" lon="118.73312375508248805999755859375">
        <ele>6.19999980926513671875</ele>
        <time>2022-05-10T11:44:58.000Z</time>
        <extensions>
          <ns3:TrackPointExtension/>
        </extensions>
      </trkpt>
      <trkpt lat="32.02436822466552257537841796875" lon="118.73312375508248805999755859375">
        <ele>6.19999980926513671875</ele>
        <time>2022-05-10T11:44:59.000Z</time>
        <extensions>
          <ns3:TrackPointExtension/>
        </extensions>
      </trkpt>
      <trkpt lat="32.024360597133636474609375" lon="118.73312375508248805999755859375">
        <ele>6.19999980926513671875</ele>
        <time>2022-05-10T11:45:00.000Z</time>
        <extensions>
          <ns3:TrackPointExtension>
            <ns3:hr>92</ns3:hr>
          </ns3:TrackPointExtension>
        </extensions>
      </trkpt>
      <trkpt lat="32.02435682527720928192138671875" lon="118.733116127550601959228515625">
        <ele>6.19999980926513671875</ele>
        <time>2022-05-10T11:45:01.000Z</time>
        <extensions>
          <ns3:TrackPointExtension/>
        </extensions>
      </trkpt>
      <trkpt lat="32.02435296960175037384033203125" lon="118.733116127550601959228515625">
        <ele>6.19999980926513671875</ele>
        <time>2022-05-10T11:45:02.000Z</time>
        <extensions>
          <ns3:TrackPointExtension/>
        </extensions>
      </trkpt>
      <trkpt lat="32.02435296960175037384033203125" lon="118.733116127550601959228515625">
        <ele>6.19999980926513671875</ele>
        <time>2022-05-10T11:45:03.000Z</time>
        <extensions>
          <ns3:TrackPointExtension/>
        </extensions>
      </trkpt>
      <trkpt lat="32.02435296960175037384033203125" lon="118.733116127550601959228515625">
        <ele>6.19999980926513671875</ele>
        <time>2022-05-10T11:45:04.000Z</time>
        <extensions>
          <ns3:TrackPointExtension/>
        </extensions>
      </trkpt>
      <trkpt lat="32.02434919774532318115234375" lon="118.733116127550601959228515625">
        <ele>6.19999980926513671875</ele>
        <time>2022-05-10T11:45:06.000Z</time>
        <extensions>
          <ns3:TrackPointExtension/>
        </extensions>
      </trkpt>
      <trkpt lat="32.02434919774532318115234375" lon="118.733116127550601959228515625">
        <ele>6.19999980926513671875</ele>
        <time>2022-05-10T11:45:07.000Z</time>
        <extensions>
          <ns3:TrackPointExtension/>
        </extensions>
      </trkpt>
      <trkpt lat="32.02434919774532318115234375" lon="118.733116127550601959228515625">
        <ele>6.19999980926513671875</ele>
        <time>2022-05-10T11:45:08.000Z</time>
        <extensions>
          <ns3:TrackPointExtension/>
        </extensions>
      </trkpt>
      <trkpt lat="32.0243453420698642730712890625" lon="118.733116127550601959228515625">
        <ele>6.19999980926513671875</ele>
        <time>2022-05-10T11:45:09.000Z</time>
        <extensions>
          <ns3:TrackPointExtension/>
        </extensions>
      </trkpt>
      <trkpt lat="32.02434157021343708038330078125" lon="118.733116127550601959228515625">
        <ele>6.19999980926513671875</ele>
        <time>2022-05-10T11:45:10.000Z</time>
        <extensions>
          <ns3:TrackPointExtension>
            <ns3:hr>92</ns3:hr>
          </ns3:TrackPointExtension>
        </extensions>
      </trkpt>
      <trkpt lat="32.024330087006092071533203125" lon="118.733116127550601959228515625">
        <ele>6</ele>
        <time>2022-05-10T11:45:11.000Z</time>
        <extensions>
          <ns3:TrackPointExtension/>
        </extensions>
      </trkpt>
      <trkpt lat="32.024318687617778778076171875" lon="118.733116127550601959228515625">
        <ele>6</ele>
        <time>2022-05-10T11:45:12.000Z</time>
        <extensions>
          <ns3:TrackPointExtension/>
        </extensions>
      </trkpt>
      <trkpt lat="32.02429957687854766845703125" lon="118.73310850001871585845947265625">
        <ele>6</ele>
        <time>2022-05-10T11:45:13.000Z</time>
        <extensions>
          <ns3:TrackPointExtension/>
        </extensions>
      </trkpt>
      <trkpt lat="32.02427669428288936614990234375" lon="118.73310850001871585845947265625">
        <ele>6</ele>
        <time>2022-05-10T11:45:14.000Z</time>
        <extensions>
          <ns3:TrackPointExtension/>
        </extensions>
      </trkpt>
      <trkpt lat="32.02424618415534496307373046875" lon="118.7331008724868297576904296875">
        <ele>6</ele>
        <time>2022-05-10T11:45:15.000Z</time>
        <extensions>
          <ns3:TrackPointExtension>
            <ns3:hr>89</ns3:hr>
          </ns3:TrackPointExtension>
        </extensions>
      </trkpt>
      <trkpt lat="32.02421181835234165191650390625" lon="118.73309324495494365692138671875">
        <ele>5.80000019073486328125</ele>
        <time>2022-05-10T11:45:16.000Z</time>
        <extensions>
          <ns3:TrackPointExtension/>
        </extensions>
      </trkpt>
      <trkpt lat="32.0241736806929111480712890625" lon="118.73308561742305755615234375">
        <ele>5.80000019073486328125</ele>
        <time>2022-05-10T11:45:17.000Z</time>
        <extensions>
          <ns3:TrackPointExtension/>
        </extensions>
      </trkpt>
      <trkpt lat="32.02412791550159454345703125" lon="118.73307798989117145538330078125">
        <ele>5.599999904632568359375</ele>
        <time>2022-05-10T11:45:18.000Z</time>
        <extensions>
          <ns3:TrackPointExtension/>
        </extensions>
      </trkpt>
      <trkpt lat="32.02407829463481903076171875" lon="118.7330703623592853546142578125">
        <ele>5.599999904632568359375</ele>
        <time>2022-05-10T11:45:19.000Z</time>
        <extensions>
          <ns3:TrackPointExtension/>
        </extensions>
      </trkpt>
      <trkpt lat="32.02402490191161632537841796875" lon="118.733055107295513153076171875">
        <ele>5.400000095367431640625</ele>
        <time>2022-05-10T11:45:20.000Z</time>
        <extensions>
          <ns3:TrackPointExtension>
            <ns3:hr>90</ns3:hr>
          </ns3:TrackPointExtension>
        </extensions>
      </trkpt>
      <trkpt lat="32.02396388165652751922607421875" lon="118.7330398522317409515380859375">
        <ele>5.599999904632568359375</ele>
        <time>2022-05-10T11:45:21.000Z</time>
        <extensions>
          <ns3:TrackPointExtension/>
        </extensions>
      </trkpt>
      <trkpt lat="32.0238952338695526123046875" lon="118.73302459716796875">
        <ele>5.80000019073486328125</ele>
        <time>2022-05-10T11:45:22.000Z</time>
        <extensions>
          <ns3:TrackPointExtension/>
        </extensions>
      </trkpt>
      <trkpt lat="32.02382273040711879730224609375" lon="118.7330016307532787322998046875">
        <ele>6.19999980926513671875</ele>
        <time>2022-05-10T11:45:23.000Z</time>
        <extensions>
          <ns3:TrackPointExtension/>
        </extensions>
      </trkpt>
      <trkpt lat="32.02374645508825778961181640625" lon="118.73297874815762042999267578125">
        <ele>6.400000095367431640625</ele>
        <time>2022-05-10T11:45:24.000Z</time>
        <extensions>
          <ns3:TrackPointExtension/>
        </extensions>
      </trkpt>
      <trkpt lat="32.02366255223751068115234375" lon="118.732955865561962127685546875">
        <ele>6.19999980926513671875</ele>
        <time>2022-05-10T11:45:25.000Z</time>
        <extensions>
          <ns3:TrackPointExtension>
            <ns3:hr>92</ns3:hr>
          </ns3:TrackPointExtension>
        </extensions>
      </trkpt>
      <trkpt lat="32.0235785655677318572998046875" lon="118.73293298296630382537841796875">
        <ele>6</ele>
        <time>2022-05-10T11:45:26.000Z</time>
        <extensions>
          <ns3:TrackPointExtension/>
        </extensions>
      </trkpt>
      <trkpt lat="32.02349089086055755615234375" lon="118.73290247283875942230224609375">
        <ele>6</ele>
        <time>2022-05-10T11:45:27.000Z</time>
        <extensions>
          <ns3:TrackPointExtension/>
        </extensions>
      </trkpt>
      <trkpt lat="32.02339927665889263153076171875" lon="118.73286433517932891845703125">
        <ele>6</ele>
        <time>2022-05-10T11:45:28.000Z</time>
        <extensions>
          <ns3:TrackPointExtension/>
        </extensions>
      </trkpt>
      <trkpt lat="32.023300118744373321533203125" lon="118.73282619751989841461181640625">
        <ele>6</ele>
        <time>2022-05-10T11:45:29.000Z</time>
        <extensions>
          <ns3:TrackPointExtension/>
        </extensions>
      </trkpt>
      <trkpt lat="32.02320096082985401153564453125" lon="118.73278043232858180999755859375">
        <ele>5.80000019073486328125</ele>
        <time>2022-05-10T11:45:30.000Z</time>
        <extensions>
          <ns3:TrackPointExtension>
            <ns3:hr>94</ns3:hr>
          </ns3:TrackPointExtension>
        </extensions>
      </trkpt>
      <trkpt lat="32.02309417538344860076904296875" lon="118.73273466713726520538330078125">
        <ele>5.19999980926513671875</ele>
        <time>2022-05-10T11:45:31.000Z</time>
        <extensions>
          <ns3:TrackPointExtension/>
        </extensions>
      </trkpt>
      <trkpt lat="32.022987306118011474609375" lon="118.73268890194594860076904296875">
        <ele>5.19999980926513671875</ele>
        <time>2022-05-10T11:45:32.000Z</time>
        <extensions>
          <ns3:TrackPointExtension/>
        </extensions>
      </trkpt>
      <trkpt lat="32.0228805206716060638427734375" lon="118.73264305293560028076171875">
        <ele>5.19999980926513671875</ele>
        <time>2022-05-10T11:45:33.000Z</time>
        <extensions>
          <ns3:TrackPointExtension/>
        </extensions>
      </trkpt>
      <trkpt lat="32.0227698795497417449951171875" lon="118.73258966021239757537841796875">
        <ele>5.400000095367431640625</ele>
        <time>2022-05-10T11:45:34.000Z</time>
        <extensions>
          <ns3:TrackPointExtension/>
        </extensions>
      </trkpt>
      <trkpt lat="32.0226592384278774261474609375" lon="118.7325362674891948699951171875">
        <ele>5.80000019073486328125</ele>
        <time>2022-05-10T11:45:35.000Z</time>
        <extensions>
          <ns3:TrackPointExtension>
            <ns3:hr>93</ns3:hr>
          </ns3:TrackPointExtension>
        </extensions>
      </trkpt>
      <trkpt lat="32.02254482544958591461181640625" lon="118.73248287476599216461181640625">
        <ele>6</ele>
        <time>2022-05-10T11:45:36.000Z</time>
        <extensions>
          <ns3:TrackPointExtension/>
        </extensions>
      </trkpt>
      <trkpt lat="32.0224265567958354949951171875" lon="118.73242185451090335845947265625">
        <ele>6.19999980926513671875</ele>
        <time>2022-05-10T11:45:37.000Z</time>
        <extensions>
          <ns3:TrackPointExtension/>
        </extensions>
      </trkpt>
      <trkpt lat="32.02230828814208507537841796875" lon="118.732368461787700653076171875">
        <ele>6.19999980926513671875</ele>
        <time>2022-05-10T11:45:38.000Z</time>
        <extensions>
          <ns3:TrackPointExtension/>
        </extensions>
      </trkpt>
      <trkpt lat="32.02218239195644855499267578125" lon="118.7323149852454662322998046875">
        <ele>6.19999980926513671875</ele>
        <time>2022-05-10T11:45:39.000Z</time>
        <extensions>
          <ns3:TrackPointExtension/>
        </extensions>
      </trkpt>
      <trkpt lat="32.02206035144627094268798828125" lon="118.732269220054149627685546875">
        <ele>6</ele>
        <time>2022-05-10T11:45:40.000Z</time>
        <extensions>
          <ns3:TrackPointExtension>
            <ns3:hr>94</ns3:hr>
          </ns3:TrackPointExtension>
        </extensions>
      </trkpt>
      <trkpt lat="32.02193445526063442230224609375" lon="118.7322234548628330230712890625">
        <ele>5.80000019073486328125</ele>
        <time>2022-05-10T11:45:41.000Z</time>
        <extensions>
          <ns3:TrackPointExtension/>
        </extensions>
      </trkpt>
      <trkpt lat="32.02181241475045680999755859375" lon="118.73217006213963031768798828125">
        <ele>5.80000019073486328125</ele>
        <time>2022-05-10T11:45:42.000Z</time>
        <extensions>
          <ns3:TrackPointExtension/>
        </extensions>
      </trkpt>
      <trkpt lat="32.0216902904212474822998046875" lon="118.73212429694831371307373046875">
        <ele>7</ele>
        <time>2022-05-10T11:45:43.000Z</time>
        <extensions>
          <ns3:TrackPointExtension/>
        </extensions>
      </trkpt>
      <trkpt lat="32.021572105586528778076171875" lon="118.73207853175699710845947265625">
        <ele>8.19999980926513671875</ele>
        <time>2022-05-10T11:45:44.000Z</time>
        <extensions>
          <ns3:TrackPointExtension/>
        </extensions>
      </trkpt>
      <trkpt lat="32.02145383693277835845947265625" lon="118.73203276656568050384521484375">
        <ele>8.80000019073486328125</ele>
        <time>2022-05-10T11:45:45.000Z</time>
        <extensions>
          <ns3:TrackPointExtension>
            <ns3:hr>97</ns3:hr>
          </ns3:TrackPointExtension>
        </extensions>
      </trkpt>
      <trkpt lat="32.02133934013545513153076171875" lon="118.731986917555332183837890625">
        <ele>9</ele>
        <time>2022-05-10T11:45:46.000Z</time>
        <extensions>
          <ns3:TrackPointExtension/>
        </extensions>
      </trkpt>
      <trkpt lat="32.0212249271571636199951171875" lon="118.73194877989590167999267578125">
        <ele>8.80000019073486328125</ele>
        <time>2022-05-10T11:45:47.000Z</time>
        <extensions>
          <ns3:TrackPointExtension/>
        </extensions>
      </trkpt>
      <trkpt lat="32.0211142860352993011474609375" lon="118.73190301470458507537841796875">
        <ele>8.6000003814697265625</ele>
        <time>2022-05-10T11:45:48.000Z</time>
        <extensions>
          <ns3:TrackPointExtension/>
        </extensions>
      </trkpt>
      <trkpt lat="32.021007500588893890380859375" lon="118.731864877045154571533203125">
        <ele>8.3999996185302734375</ele>
        <time>2022-05-10T11:45:49.000Z</time>
        <extensions>
          <ns3:TrackPointExtension/>
        </extensions>
      </trkpt>
      <trkpt lat="32.020896859467029571533203125" lon="118.73182673938572406768798828125">
        <ele>8.3999996185302734375</ele>
        <time>2022-05-10T11:45:50.000Z</time>
        <extensions>
          <ns3:TrackPointExtension>
            <ns3:hr>98</ns3:hr>
          </ns3:TrackPointExtension>
        </extensions>
      </trkpt>
      <trkpt lat="32.0207900740206241607666015625" lon="118.73178097419440746307373046875">
        <ele>8.19999980926513671875</ele>
        <time>2022-05-10T11:45:51.000Z</time>
        <extensions>
          <ns3:TrackPointExtension/>
        </extensions>
      </trkpt>
      <trkpt lat="32.02068328857421875" lon="118.731742836534976959228515625">
        <ele>8</ele>
        <time>2022-05-10T11:45:52.000Z</time>
        <extensions>
          <ns3:TrackPointExtension/>
        </extensions>
      </trkpt>
      <trkpt lat="32.02057641930878162384033203125" lon="118.73170469887554645538330078125">
        <ele>7.599999904632568359375</ele>
        <time>2022-05-10T11:45:53.000Z</time>
        <extensions>
          <ns3:TrackPointExtension/>
        </extensions>
      </trkpt>
      <trkpt lat="32.02047340571880340576171875" lon="118.7316665612161159515380859375">
        <ele>7.19999980926513671875</ele>
        <time>2022-05-10T11:45:54.000Z</time>
        <extensions>
          <ns3:TrackPointExtension/>
        </extensions>
      </trkpt>
      <trkpt lat="32.020370475947856903076171875" lon="118.73163596726953983306884765625">
        <ele>6.80000019073486328125</ele>
        <time>2022-05-10T11:45:55.000Z</time>
        <extensions>
          <ns3:TrackPointExtension>
            <ns3:hr>97</ns3:hr>
          </ns3:TrackPointExtension>
        </extensions>
      </trkpt>
      <trkpt lat="32.02026746235787868499755859375" lon="118.7315978296101093292236328125">
        <ele>6.599999904632568359375</ele>
        <time>2022-05-10T11:45:56.000Z</time>
        <extensions>
          <ns3:TrackPointExtension/>
        </extensions>
      </trkpt>
      <trkpt lat="32.020168304443359375" lon="118.73155969195067882537841796875">
        <ele>6.599999904632568359375</ele>
        <time>2022-05-10T11:45:57.000Z</time>
        <extensions>
          <ns3:TrackPointExtension/>
        </extensions>
      </trkpt>
      <trkpt lat="32.020069062709808349609375" lon="118.731521554291248321533203125">
        <ele>6.80000019073486328125</ele>
        <time>2022-05-10T11:45:58.000Z</time>
        <extensions>
          <ns3:TrackPointExtension/>
        </extensions>
      </trkpt>
      <trkpt lat="32.0199736766517162322998046875" lon="118.73148341663181781768798828125">
        <ele>6.80000019073486328125</ele>
        <time>2022-05-10T11:45:59.000Z</time>
        <extensions>
          <ns3:TrackPointExtension/>
        </extensions>
      </trkpt>
      <trkpt lat="32.0198821462690830230712890625" lon="118.7314452789723873138427734375">
        <ele>7</ele>
        <time>2022-05-10T11:46:00.000Z</time>
        <extensions>
          <ns3:TrackPointExtension>
            <ns3:hr>94</ns3:hr>
          </ns3:TrackPointExtension>
        </extensions>
      </trkpt>
      <trkpt lat="32.01979438774287700653076171875" lon="118.7314147688448429107666015625">
        <ele>7.19999980926513671875</ele>
        <time>2022-05-10T11:46:01.000Z</time>
        <extensions>
          <ns3:TrackPointExtension/>
        </extensions>
      </trkpt>
      <trkpt lat="32.0197104848921298980712890625" lon="118.73137663118541240692138671875">
        <ele>7.599999904632568359375</ele>
        <time>2022-05-10T11:46:02.000Z</time>
        <extensions>
          <ns3:TrackPointExtension/>
        </extensions>
      </trkpt>
      <trkpt lat="32.0196303538978099822998046875" lon="118.73134612105786800384521484375">
        <ele>7.80000019073486328125</ele>
        <time>2022-05-10T11:46:03.000Z</time>
        <extensions>
          <ns3:TrackPointExtension/>
        </extensions>
      </trkpt>
      <trkpt lat="32.019554078578948974609375" lon="118.7313079833984375">
        <ele>8.19999980926513671875</ele>
        <time>2022-05-10T11:46:04.000Z</time>
        <extensions>
          <ns3:TrackPointExtension/>
        </extensions>
      </trkpt>
      <trkpt lat="32.0194778032600879669189453125" lon="118.73127738945186138153076171875">
        <ele>8.3999996185302734375</ele>
        <time>2022-05-10T11:46:05.000Z</time>
        <extensions>
          <ns3:TrackPointExtension>
            <ns3:hr>92</ns3:hr>
          </ns3:TrackPointExtension>
        </extensions>
      </trkpt>
      <trkpt lat="32.01940529979765415191650390625" lon="118.73124687932431697845458984375">
        <ele>8.6000003814697265625</ele>
        <time>2022-05-10T11:46:06.000Z</time>
        <extensions>
          <ns3:TrackPointExtension/>
        </extensions>
      </trkpt>
      <trkpt lat="32.0193366520106792449951171875" lon="118.73121636919677257537841796875">
        <ele>8.80000019073486328125</ele>
        <time>2022-05-10T11:46:07.000Z</time>
        <extensions>
          <ns3:TrackPointExtension/>
        </extensions>
      </trkpt>
      <trkpt lat="32.01927177608013153076171875" lon="118.7311934866011142730712890625">
        <ele>8.80000019073486328125</ele>
        <time>2022-05-10T11:46:08.000Z</time>
        <extensions>
          <ns3:TrackPointExtension/>
        </extensions>
      </trkpt>
      <trkpt lat="32.01920698396861553192138671875" lon="118.7311629764735698699951171875">
        <ele>8.6000003814697265625</ele>
        <time>2022-05-10T11:46:09.000Z</time>
        <extensions>
          <ns3:TrackPointExtension/>
        </extensions>
      </trkpt>
      <trkpt lat="32.01914596371352672576904296875" lon="118.7311324663460254669189453125">
        <ele>8.19999980926513671875</ele>
        <time>2022-05-10T11:46:10.000Z</time>
        <extensions>
          <ns3:TrackPointExtension>
            <ns3:hr>92</ns3:hr>
          </ns3:TrackPointExtension>
        </extensions>
      </trkpt>
      <trkpt lat="32.01908108778297901153564453125" lon="118.73110958375036716461181640625">
        <ele>8</ele>
        <time>2022-05-10T11:46:11.000Z</time>
        <extensions>
          <ns3:TrackPointExtension/>
        </extensions>
      </trkpt>
      <trkpt lat="32.0190238393843173980712890625" lon="118.7310867011547088623046875">
        <ele>7.599999904632568359375</ele>
        <time>2022-05-10T11:46:12.000Z</time>
        <extensions>
          <ns3:TrackPointExtension/>
        </extensions>
      </trkpt>
      <trkpt lat="32.0189628191292285919189453125" lon="118.73106381855905055999755859375">
        <ele>7.400000095367431640625</ele>
        <time>2022-05-10T11:46:13.000Z</time>
        <extensions>
          <ns3:TrackPointExtension/>
        </extensions>
      </trkpt>
      <trkpt lat="32.0189017988741397857666015625" lon="118.73103330843150615692138671875">
        <ele>7</ele>
        <time>2022-05-10T11:46:14.000Z</time>
        <extensions>
          <ns3:TrackPointExtension/>
        </extensions>
      </trkpt>
      <trkpt lat="32.0188407786190509796142578125" lon="118.7310104258358478546142578125">
        <ele>6.80000019073486328125</ele>
        <time>2022-05-10T11:46:15.000Z</time>
        <extensions>
          <ns3:TrackPointExtension>
            <ns3:hr>91</ns3:hr>
          </ns3:TrackPointExtension>
        </extensions>
      </trkpt>
      <trkpt lat="32.01878353022038936614990234375" lon="118.73098754324018955230712890625">
        <ele>6.400000095367431640625</ele>
        <time>2022-05-10T11:46:16.000Z</time>
        <extensions>
          <ns3:TrackPointExtension/>
        </extensions>
      </trkpt>
      <trkpt lat="32.01872250996530055999755859375" lon="118.73096466064453125">
        <ele>6.19999980926513671875</ele>
        <time>2022-05-10T11:46:17.000Z</time>
        <extensions>
          <ns3:TrackPointExtension/>
        </extensions>
      </trkpt>
      <trkpt lat="32.01866148971021175384521484375" lon="118.7309416942298412322998046875">
        <ele>6.19999980926513671875</ele>
        <time>2022-05-10T11:46:18.000Z</time>
        <extensions>
          <ns3:TrackPointExtension/>
        </extensions>
      </trkpt>
      <trkpt lat="32.0186003856360912322998046875" lon="118.73091881163418292999267578125">
        <ele>6</ele>
        <time>2022-05-10T11:46:19.000Z</time>
        <extensions>
          <ns3:TrackPointExtension/>
        </extensions>
      </trkpt>
      <trkpt lat="32.01853559352457523345947265625" lon="118.730895929038524627685546875">
        <ele>6</ele>
        <time>2022-05-10T11:46:20.000Z</time>
        <extensions>
          <ns3:TrackPointExtension>
            <ns3:hr>94</ns3:hr>
          </ns3:TrackPointExtension>
        </extensions>
      </trkpt>
      <trkpt lat="32.0184669457376003265380859375" lon="118.730865418910980224609375">
        <ele>6</ele>
        <time>2022-05-10T11:46:21.000Z</time>
        <extensions>
          <ns3:TrackPointExtension/>
        </extensions>
      </trkpt>
      <trkpt lat="32.0184020698070526123046875" lon="118.73084253631532192230224609375">
        <ele>6</ele>
        <time>2022-05-10T11:46:22.000Z</time>
        <extensions>
          <ns3:TrackPointExtension/>
        </extensions>
      </trkpt>
      <trkpt lat="32.01833342202007770538330078125" lon="118.7308196537196636199951171875">
        <ele>6</ele>
        <time>2022-05-10T11:46:23.000Z</time>
        <extensions>
          <ns3:TrackPointExtension/>
        </extensions>
      </trkpt>
      <trkpt lat="32.018260918557643890380859375" lon="118.7307891435921192169189453125">
        <ele>6</ele>
        <time>2022-05-10T11:46:24.000Z</time>
        <extensions>
          <ns3:TrackPointExtension/>
        </extensions>
      </trkpt>
      <trkpt lat="32.0181846432387828826904296875" lon="118.73076626099646091461181640625">
        <ele>6</ele>
        <time>2022-05-10T11:46:25.000Z</time>
        <extensions>
          <ns3:TrackPointExtension>
            <ns3:hr>93</ns3:hr>
          </ns3:TrackPointExtension>
        </extensions>
      </trkpt>
      <trkpt lat="32.018108367919921875" lon="118.73073575086891651153564453125">
        <ele>6</ele>
        <time>2022-05-10T11:46:26.000Z</time>
        <extensions>
          <ns3:TrackPointExtension/>
        </extensions>
      </trkpt>
      <trkpt lat="32.01803200878202915191650390625" lon="118.730712868273258209228515625">
        <ele>6</ele>
        <time>2022-05-10T11:46:27.000Z</time>
        <extensions>
          <ns3:TrackPointExtension/>
        </extensions>
      </trkpt>
      <trkpt lat="32.01795573346316814422607421875" lon="118.73068235814571380615234375">
        <ele>5.80000019073486328125</ele>
        <time>2022-05-10T11:46:28.000Z</time>
        <extensions>
          <ns3:TrackPointExtension/>
        </extensions>
      </trkpt>
      <trkpt lat="32.01787945814430713653564453125" lon="118.730651848018169403076171875">
        <ele>5.80000019073486328125</ele>
        <time>2022-05-10T11:46:29.000Z</time>
        <extensions>
          <ns3:TrackPointExtension/>
        </extensions>
      </trkpt>
      <trkpt lat="32.017806954681873321533203125" lon="118.73062896542251110076904296875">
        <ele>6</ele>
        <time>2022-05-10T11:46:30.000Z</time>
        <extensions>
          <ns3:TrackPointExtension>
            <ns3:hr>93</ns3:hr>
          </ns3:TrackPointExtension>
        </extensions>
      </trkpt>
      <trkpt lat="32.01773830689489841461181640625" lon="118.730613626539707183837890625">
        <ele>6</ele>
        <time>2022-05-10T11:46:31.000Z</time>
        <extensions>
          <ns3:TrackPointExtension/>
        </extensions>
      </trkpt>
      <trkpt lat="32.01767343096435070037841796875" lon="118.73059074394404888153076171875">
        <ele>6</ele>
        <time>2022-05-10T11:46:32.000Z</time>
        <extensions>
          <ns3:TrackPointExtension/>
        </extensions>
      </trkpt>
      <trkpt lat="32.01761241070926189422607421875" lon="118.73058311641216278076171875">
        <ele>6</ele>
        <time>2022-05-10T11:46:33.000Z</time>
        <extensions>
          <ns3:TrackPointExtension/>
        </extensions>
      </trkpt>
      <trkpt lat="32.01755516231060028076171875" lon="118.7305678613483905792236328125">
        <ele>5.80000019073486328125</ele>
        <time>2022-05-10T11:46:34.000Z</time>
        <extensions>
          <ns3:TrackPointExtension/>
        </extensions>
      </trkpt>
      <trkpt lat="32.01750562526285648345947265625" lon="118.730552606284618377685546875">
        <ele>5.80000019073486328125</ele>
        <time>2022-05-10T11:46:35.000Z</time>
        <extensions>
          <ns3:TrackPointExtension>
            <ns3:hr>94</ns3:hr>
          </ns3:TrackPointExtension>
        </extensions>
      </trkpt>
      <trkpt lat="32.01745600439608097076416015625" lon="118.7305373512208461761474609375">
        <ele>5.599999904632568359375</ele>
        <time>2022-05-10T11:46:36.000Z</time>
        <extensions>
          <ns3:TrackPointExtension/>
        </extensions>
      </trkpt>
      <trkpt lat="32.01740638352930545806884765625" lon="118.73052972368896007537841796875">
        <ele>5.400000095367431640625</ele>
        <time>2022-05-10T11:46:37.000Z</time>
        <extensions>
          <ns3:TrackPointExtension/>
        </extensions>
      </trkpt>
      <trkpt lat="32.0173568464815616607666015625" lon="118.73051446862518787384033203125">
        <ele>5.400000095367431640625</ele>
        <time>2022-05-10T11:46:38.000Z</time>
        <extensions>
          <ns3:TrackPointExtension/>
        </extensions>
      </trkpt>
      <trkpt lat="32.01730345375835895538330078125" lon="118.7305068410933017730712890625">
        <ele>5.400000095367431640625</ele>
        <time>2022-05-10T11:46:39.000Z</time>
        <extensions>
          <ns3:TrackPointExtension/>
        </extensions>
      </trkpt>
      <trkpt lat="32.01725006103515625" lon="118.73049921356141567230224609375">
        <ele>5.400000095367431640625</ele>
        <time>2022-05-10T11:46:40.000Z</time>
        <extensions>
          <ns3:TrackPointExtension>
            <ns3:hr>96</ns3:hr>
          </ns3:TrackPointExtension>
        </extensions>
      </trkpt>
      <trkpt lat="32.01718895696103572845458984375" lon="118.73048395849764347076416015625">
        <ele>5.599999904632568359375</ele>
        <time>2022-05-10T11:46:41.000Z</time>
        <extensions>
          <ns3:TrackPointExtension/>
        </extensions>
      </trkpt>
      <trkpt lat="32.017120309174060821533203125" lon="118.73046870343387126922607421875">
        <ele>5.80000019073486328125</ele>
        <time>2022-05-10T11:46:42.000Z</time>
        <extensions>
          <ns3:TrackPointExtension/>
        </extensions>
      </trkpt>
      <trkpt lat="32.01704780571162700653076171875" lon="118.7304458208382129669189453125">
        <ele>6.19999980926513671875</ele>
        <time>2022-05-10T11:46:43.000Z</time>
        <extensions>
          <ns3:TrackPointExtension/>
        </extensions>
      </trkpt>
      <trkpt lat="32.01696775853633880615234375" lon="118.7304153107106685638427734375">
        <ele>6.400000095367431640625</ele>
        <time>2022-05-10T11:46:44.000Z</time>
        <extensions>
          <ns3:TrackPointExtension/>
        </extensions>
      </trkpt>
      <trkpt lat="32.01688000001013278961181640625" lon="118.7303848005831241607666015625">
        <ele>6.80000019073486328125</ele>
        <time>2022-05-10T11:46:45.000Z</time>
        <extensions>
          <ns3:TrackPointExtension>
            <ns3:hr>96</ns3:hr>
          </ns3:TrackPointExtension>
        </extensions>
      </trkpt>
      <trkpt lat="32.01678846962749958038330078125" lon="118.73036191798746585845947265625">
        <ele>7.19999980926513671875</ele>
        <time>2022-05-10T11:46:46.000Z</time>
        <extensions>
          <ns3:TrackPointExtension/>
        </extensions>
      </trkpt>
      <trkpt lat="32.01669685542583465576171875" lon="118.73033140785992145538330078125">
        <ele>6.80000019073486328125</ele>
        <time>2022-05-10T11:46:47.000Z</time>
        <extensions>
          <ns3:TrackPointExtension/>
        </extensions>
      </trkpt>
      <trkpt lat="32.01659769751131534576416015625" lon="118.7302932702004909515380859375">
        <ele>6.400000095367431640625</ele>
        <time>2022-05-10T11:46:48.000Z</time>
        <extensions>
          <ns3:TrackPointExtension/>
        </extensions>
      </trkpt>
      <trkpt lat="32.01650231145322322845458984375" lon="118.7302550487220287322998046875">
        <ele>6</ele>
        <time>2022-05-10T11:46:49.000Z</time>
        <extensions>
          <ns3:TrackPointExtension/>
        </extensions>
      </trkpt>
      <trkpt lat="32.01640315353870391845703125" lon="118.73021691106259822845458984375">
        <ele>5.19999980926513671875</ele>
        <time>2022-05-10T11:46:50.000Z</time>
        <extensions>
          <ns3:TrackPointExtension>
            <ns3:hr>100</ns3:hr>
          </ns3:TrackPointExtension>
        </extensions>
      </trkpt>
      <trkpt lat="32.01630399562418460845947265625" lon="118.730178773403167724609375">
        <ele>4</ele>
        <time>2022-05-10T11:46:51.000Z</time>
        <extensions>
          <ns3:TrackPointExtension/>
        </extensions>
      </trkpt>
      <trkpt lat="32.016200982034206390380859375" lon="118.73014063574373722076416015625">
        <ele>3.400000095367431640625</ele>
        <time>2022-05-10T11:46:52.000Z</time>
        <extensions>
          <ns3:TrackPointExtension/>
        </extensions>
      </trkpt>
      <trkpt lat="32.01609796844422817230224609375" lon="118.73009487055242061614990234375">
        <ele>3.599999904632568359375</ele>
        <time>2022-05-10T11:46:53.000Z</time>
        <extensions>
          <ns3:TrackPointExtension/>
        </extensions>
      </trkpt>
      <trkpt lat="32.0159949548542499542236328125" lon="118.7300414778292179107666015625">
        <ele>4</ele>
        <time>2022-05-10T11:46:54.000Z</time>
        <extensions>
          <ns3:TrackPointExtension/>
        </extensions>
      </trkpt>
      <trkpt lat="32.0158920250833034515380859375" lon="118.72998808510601520538330078125">
        <ele>5</ele>
        <time>2022-05-10T11:46:55.000Z</time>
        <extensions>
          <ns3:TrackPointExtension>
            <ns3:hr>99</ns3:hr>
          </ns3:TrackPointExtension>
        </extensions>
      </trkpt>
      <trkpt lat="32.01578515581786632537841796875" lon="118.7299346923828125">
        <ele>6</ele>
        <time>2022-05-10T11:46:56.000Z</time>
        <extensions>
          <ns3:TrackPointExtension/>
        </extensions>
      </trkpt>
      <trkpt lat="32.01567837037146091461181640625" lon="118.7298812158405780792236328125">
        <ele>7</ele>
        <time>2022-05-10T11:46:57.000Z</time>
        <extensions>
          <ns3:TrackPointExtension/>
        </extensions>
      </trkpt>
      <trkpt lat="32.015563957393169403076171875" lon="118.72982782311737537384033203125">
        <ele>7.400000095367431640625</ele>
        <time>2022-05-10T11:46:58.000Z</time>
        <extensions>
          <ns3:TrackPointExtension/>
        </extensions>
      </trkpt>
      <trkpt lat="32.0154494605958461761474609375" lon="118.72976680286228656768798828125">
        <ele>7.80000019073486328125</ele>
        <time>2022-05-10T11:46:59.000Z</time>
        <extensions>
          <ns3:TrackPointExtension/>
        </extensions>
      </trkpt>
      <trkpt lat="32.01533504761755466461181640625" lon="118.72970578260719776153564453125">
        <ele>7.80000019073486328125</ele>
        <time>2022-05-10T11:47:00.000Z</time>
        <extensions>
          <ns3:TrackPointExtension>
            <ns3:hr>99</ns3:hr>
          </ns3:TrackPointExtension>
        </extensions>
      </trkpt>
      <trkpt lat="32.01521300710737705230712890625" lon="118.72964476235210895538330078125">
        <ele>7.400000095367431640625</ele>
        <time>2022-05-10T11:47:01.000Z</time>
        <extensions>
          <ns3:TrackPointExtension/>
        </extensions>
      </trkpt>
      <trkpt lat="32.015090882778167724609375" lon="118.72957603074610233306884765625">
        <ele>7</ele>
        <time>2022-05-10T11:47:02.000Z</time>
        <extensions>
          <ns3:TrackPointExtension/>
        </extensions>
      </trkpt>
      <trkpt lat="32.0149688422679901123046875" lon="118.7295073829591274261474609375">
        <ele>6.400000095367431640625</ele>
        <time>2022-05-10T11:47:03.000Z</time>
        <extensions>
          <ns3:TrackPointExtension/>
        </extensions>
      </trkpt>
      <trkpt lat="32.0148429460823535919189453125" lon="118.7294463627040386199951171875">
        <ele>6</ele>
        <time>2022-05-10T11:47:04.000Z</time>
        <extensions>
          <ns3:TrackPointExtension/>
        </extensions>
      </trkpt>
      <trkpt lat="32.0147209055721759796142578125" lon="118.7293853424489498138427734375">
        <ele>5.400000095367431640625</ele>
        <time>2022-05-10T11:47:05.000Z</time>
        <extensions>
          <ns3:TrackPointExtension>
            <ns3:hr>97</ns3:hr>
          </ns3:TrackPointExtension>
        </extensions>
      </trkpt>
      <trkpt lat="32.01459878124296665191650390625" lon="118.72931669466197490692138671875">
        <ele>4.80000019073486328125</ele>
        <time>2022-05-10T11:47:06.000Z</time>
        <extensions>
          <ns3:TrackPointExtension/>
        </extensions>
      </trkpt>
      <trkpt lat="32.01447674073278903961181640625" lon="118.72925567440688610076904296875">
        <ele>5</ele>
        <time>2022-05-10T11:47:07.000Z</time>
        <extensions>
          <ns3:TrackPointExtension/>
        </extensions>
      </trkpt>
      <trkpt lat="32.0143584720790386199951171875" lon="118.7291945703327655792236328125">
        <ele>5</ele>
        <time>2022-05-10T11:47:08.000Z</time>
        <extensions>
          <ns3:TrackPointExtension/>
        </extensions>
      </trkpt>
      <trkpt lat="32.01424020342528820037841796875" lon="118.72912592254579067230224609375">
        <ele>5.19999980926513671875</ele>
        <time>2022-05-10T11:47:09.000Z</time>
        <extensions>
          <ns3:TrackPointExtension/>
        </extensions>
      </trkpt>
      <trkpt lat="32.0141257904469966888427734375" lon="118.72906490229070186614990234375">
        <ele>5.80000019073486328125</ele>
        <time>2022-05-10T11:47:10.000Z</time>
        <extensions>
          <ns3:TrackPointExtension>
            <ns3:hr>99</ns3:hr>
          </ns3:TrackPointExtension>
        </extensions>
      </trkpt>
      <trkpt lat="32.0140151493251323699951171875" lon="118.728996254503726959228515625">
        <ele>6.19999980926513671875</ele>
        <time>2022-05-10T11:47:11.000Z</time>
        <extensions>
          <ns3:TrackPointExtension/>
        </extensions>
      </trkpt>
      <trkpt lat="32.01390073634684085845947265625" lon="118.72892760671675205230712890625">
        <ele>6</ele>
        <time>2022-05-10T11:47:12.000Z</time>
        <extensions>
          <ns3:TrackPointExtension/>
        </extensions>
      </trkpt>
      <trkpt lat="32.0137938670814037322998046875" lon="118.72886650264263153076171875">
        <ele>6</ele>
        <time>2022-05-10T11:47:13.000Z</time>
        <extensions>
          <ns3:TrackPointExtension/>
        </extensions>
      </trkpt>
      <trkpt lat="32.01368330977857112884521484375" lon="118.7287902273237705230712890625">
        <ele>5.80000019073486328125</ele>
        <time>2022-05-10T11:47:14.000Z</time>
        <extensions>
          <ns3:TrackPointExtension/>
        </extensions>
      </trkpt>
      <trkpt lat="32.013576440513134002685546875" lon="118.72872157953679561614990234375">
        <ele>5.400000095367431640625</ele>
        <time>2022-05-10T11:47:15.000Z</time>
        <extensions>
          <ns3:TrackPointExtension>
            <ns3:hr>101</ns3:hr>
          </ns3:TrackPointExtension>
        </extensions>
      </trkpt>
      <trkpt lat="32.013465799391269683837890625" lon="118.728652931749820709228515625">
        <ele>5</ele>
        <time>2022-05-10T11:47:16.000Z</time>
        <extensions>
          <ns3:TrackPointExtension/>
        </extensions>
      </trkpt>
      <trkpt lat="32.01335524208843708038330078125" lon="118.72858428396284580230712890625">
        <ele>5.19999980926513671875</ele>
        <time>2022-05-10T11:47:17.000Z</time>
        <extensions>
          <ns3:TrackPointExtension/>
        </extensions>
      </trkpt>
      <trkpt lat="32.01324460096657276153564453125" lon="118.72851555235683917999267578125">
        <ele>5.400000095367431640625</ele>
        <time>2022-05-10T11:47:18.000Z</time>
        <extensions>
          <ns3:TrackPointExtension/>
        </extensions>
      </trkpt>
      <trkpt lat="32.01313395984470844268798828125" lon="118.7284469045698642730712890625">
        <ele>5.80000019073486328125</ele>
        <time>2022-05-10T11:47:19.000Z</time>
        <extensions>
          <ns3:TrackPointExtension/>
        </extensions>
      </trkpt>
      <trkpt lat="32.01301954686641693115234375" lon="118.72837825678288936614990234375">
        <ele>6.80000019073486328125</ele>
        <time>2022-05-10T11:47:20.000Z</time>
        <extensions>
          <ns3:TrackPointExtension>
            <ns3:hr>99</ns3:hr>
          </ns3:TrackPointExtension>
        </extensions>
      </trkpt>
      <trkpt lat="32.0129089057445526123046875" lon="118.728309608995914459228515625">
        <ele>7.400000095367431640625</ele>
        <time>2022-05-10T11:47:21.000Z</time>
        <extensions>
          <ns3:TrackPointExtension/>
        </extensions>
      </trkpt>
      <trkpt lat="32.01279826462268829345703125" lon="118.72824096120893955230712890625">
        <ele>8</ele>
        <time>2022-05-10T11:47:22.000Z</time>
        <extensions>
          <ns3:TrackPointExtension/>
        </extensions>
      </trkpt>
      <trkpt lat="32.0126914791762828826904296875" lon="118.72817222960293292999267578125">
        <ele>8.6000003814697265625</ele>
        <time>2022-05-10T11:47:23.000Z</time>
        <extensions>
          <ns3:TrackPointExtension/>
        </extensions>
      </trkpt>
      <trkpt lat="32.01258846558630466461181640625" lon="118.7281035818159580230712890625">
        <ele>9.19999980926513671875</ele>
        <time>2022-05-10T11:47:24.000Z</time>
        <extensions>
          <ns3:TrackPointExtension/>
        </extensions>
      </trkpt>
      <trkpt lat="32.01249307952821254730224609375" lon="118.7280425615608692169189453125">
        <ele>9.19999980926513671875</ele>
        <time>2022-05-10T11:47:25.000Z</time>
        <extensions>
          <ns3:TrackPointExtension>
            <ns3:hr>99</ns3:hr>
          </ns3:TrackPointExtension>
        </extensions>
      </trkpt>
      <trkpt lat="32.01240154914557933807373046875" lon="118.7279815413057804107666015625">
        <ele>9.3999996185302734375</ele>
        <time>2022-05-10T11:47:26.000Z</time>
        <extensions>
          <ns3:TrackPointExtension/>
        </extensions>
      </trkpt>
      <trkpt lat="32.012313790619373321533203125" lon="118.7279205210506916046142578125">
        <ele>9.19999980926513671875</ele>
        <time>2022-05-10T11:47:27.000Z</time>
        <extensions>
          <ns3:TrackPointExtension/>
        </extensions>
      </trkpt>
      <trkpt lat="32.01223365962505340576171875" lon="118.72785941697657108306884765625">
        <ele>9</ele>
        <time>2022-05-10T11:47:28.000Z</time>
        <extensions>
          <ns3:TrackPointExtension/>
        </extensions>
      </trkpt>
      <trkpt lat="32.01216123998165130615234375" lon="118.727806024253368377685546875">
        <ele>8.80000019073486328125</ele>
        <time>2022-05-10T11:47:29.000Z</time>
        <extensions>
          <ns3:TrackPointExtension/>
        </extensions>
      </trkpt>
      <trkpt lat="32.01208873651921749114990234375" lon="118.72775263153016567230224609375">
        <ele>8.6000003814697265625</ele>
        <time>2022-05-10T11:47:30.000Z</time>
        <extensions>
          <ns3:TrackPointExtension>
            <ns3:hr>100</ns3:hr>
          </ns3:TrackPointExtension>
        </extensions>
      </trkpt>
      <trkpt lat="32.01202771626412868499755859375" lon="118.72770686633884906768798828125">
        <ele>8.80000019073486328125</ele>
        <time>2022-05-10T11:47:31.000Z</time>
        <extensions>
          <ns3:TrackPointExtension/>
        </extensions>
      </trkpt>
      <trkpt lat="32.0119743235409259796142578125" lon="118.7276687286794185638427734375">
        <ele>8.80000019073486328125</ele>
        <time>2022-05-10T11:47:32.000Z</time>
        <extensions>
          <ns3:TrackPointExtension/>
        </extensions>
      </trkpt>
      <trkpt lat="32.011920846998691558837890625" lon="118.727622963488101959228515625">
        <ele>8.80000019073486328125</ele>
        <time>2022-05-10T11:47:33.000Z</time>
        <extensions>
          <ns3:TrackPointExtension/>
        </extensions>
      </trkpt>
      <trkpt lat="32.01187130995094776153564453125" lon="118.72758482582867145538330078125">
        <ele>8.80000019073486328125</ele>
        <time>2022-05-10T11:47:34.000Z</time>
        <extensions>
          <ns3:TrackPointExtension/>
        </extensions>
      </trkpt>
      <trkpt lat="32.011829316616058349609375" lon="118.72755431570112705230712890625">
        <ele>8.80000019073486328125</ele>
        <time>2022-05-10T11:47:35.000Z</time>
        <extensions>
          <ns3:TrackPointExtension>
            <ns3:hr>95</ns3:hr>
          </ns3:TrackPointExtension>
        </extensions>
      </trkpt>
      <trkpt lat="32.011787407100200653076171875" lon="118.72753143310546875">
        <ele>9</ele>
        <time>2022-05-10T11:47:36.000Z</time>
        <extensions>
          <ns3:TrackPointExtension/>
        </extensions>
      </trkpt>
      <trkpt lat="32.0117530412971973419189453125" lon="118.72750083915889263153076171875">
        <ele>9</ele>
        <time>2022-05-10T11:47:37.000Z</time>
        <extensions>
          <ns3:TrackPointExtension/>
        </extensions>
      </trkpt>
      <trkpt lat="32.0117225311696529388427734375" lon="118.72748558409512042999267578125">
        <ele>9</ele>
        <time>2022-05-10T11:47:38.000Z</time>
        <extensions>
          <ns3:TrackPointExtension/>
        </extensions>
      </trkpt>
      <trkpt lat="32.01169579289853572845458984375" lon="118.72747032903134822845458984375">
        <ele>9</ele>
        <time>2022-05-10T11:47:39.000Z</time>
        <extensions>
          <ns3:TrackPointExtension/>
        </extensions>
      </trkpt>
      <trkpt lat="32.011676765978336334228515625" lon="118.72745507396757602691650390625">
        <ele>9</ele>
        <time>2022-05-10T11:47:40.000Z</time>
        <extensions>
          <ns3:TrackPointExtension>
            <ns3:hr>92</ns3:hr>
          </ns3:TrackPointExtension>
        </extensions>
      </trkpt>
      <trkpt lat="32.0116615109145641326904296875" lon="118.72743981890380382537841796875">
        <ele>9</ele>
        <time>2022-05-10T11:47:41.000Z</time>
        <extensions>
          <ns3:TrackPointExtension/>
        </extensions>
      </trkpt>
      <trkpt lat="32.01165002770721912384033203125" lon="118.727432191371917724609375">
        <ele>9.19999980926513671875</ele>
        <time>2022-05-10T11:47:42.000Z</time>
        <extensions>
          <ns3:TrackPointExtension/>
        </extensions>
      </trkpt>
      <trkpt lat="32.0116424001753330230712890625" lon="118.72742456384003162384033203125">
        <ele>9.19999980926513671875</ele>
        <time>2022-05-10T11:47:43.000Z</time>
        <extensions>
          <ns3:TrackPointExtension/>
        </extensions>
      </trkpt>
      <trkpt lat="32.01163477264344692230224609375" lon="118.7274169363081455230712890625">
        <ele>9.19999980926513671875</ele>
        <time>2022-05-10T11:47:44.000Z</time>
        <extensions>
          <ns3:TrackPointExtension/>
        </extensions>
      </trkpt>
      <trkpt lat="32.0116310007870197296142578125" lon="118.7274169363081455230712890625">
        <ele>9.19999980926513671875</ele>
        <time>2022-05-10T11:47:45.000Z</time>
        <extensions>
          <ns3:TrackPointExtension>
            <ns3:hr>92</ns3:hr>
          </ns3:TrackPointExtension>
        </extensions>
      </trkpt>
      <trkpt lat="32.011627145111560821533203125" lon="118.7274169363081455230712890625">
        <ele>9.19999980926513671875</ele>
        <time>2022-05-10T11:47:46.000Z</time>
        <extensions>
          <ns3:TrackPointExtension/>
        </extensions>
      </trkpt>
      <trkpt lat="32.011627145111560821533203125" lon="118.7274169363081455230712890625">
        <ele>9.19999980926513671875</ele>
        <time>2022-05-10T11:47:47.000Z</time>
        <extensions>
          <ns3:TrackPointExtension/>
        </extensions>
      </trkpt>
      <trkpt lat="32.011627145111560821533203125" lon="118.72740930877625942230224609375">
        <ele>9.19999980926513671875</ele>
        <time>2022-05-10T11:47:48.000Z</time>
        <extensions>
          <ns3:TrackPointExtension/>
        </extensions>
      </trkpt>
      <trkpt lat="32.011627145111560821533203125" lon="118.72740930877625942230224609375">
        <ele>9.19999980926513671875</ele>
        <time>2022-05-10T11:47:49.000Z</time>
        <extensions>
          <ns3:TrackPointExtension/>
        </extensions>
      </trkpt>
      <trkpt lat="32.011627145111560821533203125" lon="118.72740930877625942230224609375">
        <ele>9.19999980926513671875</ele>
        <time>2022-05-10T11:47:50.000Z</time>
        <extensions>
          <ns3:TrackPointExtension>
            <ns3:hr>90</ns3:hr>
          </ns3:TrackPointExtension>
        </extensions>
      </trkpt>
      <trkpt lat="32.01162337325513362884521484375" lon="118.72740930877625942230224609375">
        <ele>9.19999980926513671875</ele>
        <time>2022-05-10T11:47:51.000Z</time>
        <extensions>
          <ns3:TrackPointExtension/>
        </extensions>
      </trkpt>
      <trkpt lat="32.01161951757967472076416015625" lon="118.72740930877625942230224609375">
        <ele>9.19999980926513671875</ele>
        <time>2022-05-10T11:47:52.000Z</time>
        <extensions>
          <ns3:TrackPointExtension/>
        </extensions>
      </trkpt>
      <trkpt lat="32.011615745723247528076171875" lon="118.727401681244373321533203125">
        <ele>9.19999980926513671875</ele>
        <time>2022-05-10T11:47:53.000Z</time>
        <extensions>
          <ns3:TrackPointExtension/>
        </extensions>
      </trkpt>
      <trkpt lat="32.01160426251590251922607421875" lon="118.727401681244373321533203125">
        <ele>9.19999980926513671875</ele>
        <time>2022-05-10T11:47:54.000Z</time>
        <extensions>
          <ns3:TrackPointExtension/>
        </extensions>
      </trkpt>
      <trkpt lat="32.01158900745213031768798828125" lon="118.727401681244373321533203125">
        <ele>9.19999980926513671875</ele>
        <time>2022-05-10T11:47:55.000Z</time>
        <extensions>
          <ns3:TrackPointExtension>
            <ns3:hr>87</ns3:hr>
          </ns3:TrackPointExtension>
        </extensions>
      </trkpt>
      <trkpt lat="32.01156989671289920806884765625" lon="118.72740930877625942230224609375">
        <ele>9.3999996185302734375</ele>
        <time>2022-05-10T11:47:56.000Z</time>
        <extensions>
          <ns3:TrackPointExtension/>
        </extensions>
      </trkpt>
      <trkpt lat="32.01154701411724090576171875" lon="118.7274169363081455230712890625">
        <ele>9.3999996185302734375</ele>
        <time>2022-05-10T11:47:57.000Z</time>
        <extensions>
          <ns3:TrackPointExtension/>
        </extensions>
      </trkpt>
      <trkpt lat="32.011516503989696502685546875" lon="118.727432191371917724609375">
        <ele>9.6000003814697265625</ele>
        <time>2022-05-10T11:47:58.000Z</time>
        <extensions>
          <ns3:TrackPointExtension/>
        </extensions>
      </trkpt>
      <trkpt lat="32.01147836633026599884033203125" lon="118.72745507396757602691650390625">
        <ele>9.80000019073486328125</ele>
        <time>2022-05-10T11:47:59.000Z</time>
        <extensions>
          <ns3:TrackPointExtension/>
        </extensions>
      </trkpt>
      <trkpt lat="32.01143645681440830230712890625" lon="118.72748558409512042999267578125">
        <ele>10.19999980926513671875</ele>
        <time>2022-05-10T11:48:00.000Z</time>
        <extensions>
          <ns3:TrackPointExtension>
            <ns3:hr>88</ns3:hr>
          </ns3:TrackPointExtension>
        </extensions>
      </trkpt>
      <trkpt lat="32.01138683594763278961181640625" lon="118.727523721754550933837890625">
        <ele>10.80000019073486328125</ele>
        <time>2022-05-10T11:48:01.000Z</time>
        <extensions>
          <ns3:TrackPointExtension/>
        </extensions>
      </trkpt>
      <trkpt lat="32.01133721508085727691650390625" lon="118.72756957076489925384521484375">
        <ele>11.3999996185302734375</ele>
        <time>2022-05-10T11:48:02.000Z</time>
        <extensions>
          <ns3:TrackPointExtension/>
        </extensions>
      </trkpt>
      <trkpt lat="32.01128005050122737884521484375" lon="118.72763059101998805999755859375">
        <ele>12</ele>
        <time>2022-05-10T11:48:03.000Z</time>
        <extensions>
          <ns3:TrackPointExtension/>
        </extensions>
      </trkpt>
      <trkpt lat="32.011222802102565765380859375" lon="118.7276992388069629669189453125">
        <ele>11.80000019073486328125</ele>
        <time>2022-05-10T11:48:04.000Z</time>
        <extensions>
          <ns3:TrackPointExtension/>
        </extensions>
      </trkpt>
      <trkpt lat="32.011161781847476959228515625" lon="118.72778314165771007537841796875">
        <ele>11.80000019073486328125</ele>
        <time>2022-05-10T11:48:05.000Z</time>
        <extensions>
          <ns3:TrackPointExtension>
            <ns3:hr>90</ns3:hr>
          </ns3:TrackPointExtension>
        </extensions>
      </trkpt>
      <trkpt lat="32.011100761592388153076171875" lon="118.727867044508457183837890625">
        <ele>12</ele>
        <time>2022-05-10T11:48:06.000Z</time>
        <extensions>
          <ns3:TrackPointExtension/>
        </extensions>
      </trkpt>
      <trkpt lat="32.0110358856618404388427734375" lon="118.72795865871012210845947265625">
        <ele>11.3999996185302734375</ele>
        <time>2022-05-10T11:48:07.000Z</time>
        <extensions>
          <ns3:TrackPointExtension/>
        </extensions>
      </trkpt>
      <trkpt lat="32.0109748654067516326904296875" lon="118.72805781662464141845703125">
        <ele>10.3999996185302734375</ele>
        <time>2022-05-10T11:48:08.000Z</time>
        <extensions>
          <ns3:TrackPointExtension/>
        </extensions>
      </trkpt>
      <trkpt lat="32.0109138451516628265380859375" lon="118.7281646020710468292236328125">
        <ele>8.80000019073486328125</ele>
        <time>2022-05-10T11:48:09.000Z</time>
        <extensions>
          <ns3:TrackPointExtension/>
        </extensions>
      </trkpt>
      <trkpt lat="32.01085274107754230499267578125" lon="118.72827909886837005615234375">
        <ele>7</ele>
        <time>2022-05-10T11:48:10.000Z</time>
        <extensions>
          <ns3:TrackPointExtension>
            <ns3:hr>93</ns3:hr>
          </ns3:TrackPointExtension>
        </extensions>
      </trkpt>
      <trkpt lat="32.01079172082245349884033203125" lon="118.72839351184666156768798828125">
        <ele>5.80000019073486328125</ele>
        <time>2022-05-10T11:48:11.000Z</time>
        <extensions>
          <ns3:TrackPointExtension/>
        </extensions>
      </trkpt>
      <trkpt lat="32.01073455624282360076904296875" lon="118.72851555235683917999267578125">
        <ele>4.19999980926513671875</ele>
        <time>2022-05-10T11:48:12.000Z</time>
        <extensions>
          <ns3:TrackPointExtension/>
        </extensions>
      </trkpt>
      <trkpt lat="32.0106734521687030792236328125" lon="118.72863004915416240692138671875">
        <ele>3.2000000476837158203125</ele>
        <time>2022-05-10T11:48:13.000Z</time>
        <extensions>
          <ns3:TrackPointExtension/>
        </extensions>
      </trkpt>
      <trkpt lat="32.0106124319136142730712890625" lon="118.72875208966434001922607421875">
        <ele>2.599999904632568359375</ele>
        <time>2022-05-10T11:48:14.000Z</time>
        <extensions>
          <ns3:TrackPointExtension/>
        </extensions>
      </trkpt>
      <trkpt lat="32.010555267333984375" lon="118.72887413017451763153076171875">
        <ele>2.7999999523162841796875</ele>
        <time>2022-05-10T11:48:15.000Z</time>
        <extensions>
          <ns3:TrackPointExtension>
            <ns3:hr>92</ns3:hr>
          </ns3:TrackPointExtension>
        </extensions>
      </trkpt>
      <trkpt lat="32.01049801893532276153564453125" lon="118.72898862697184085845947265625">
        <ele>3.2000000476837158203125</ele>
        <time>2022-05-10T11:48:16.000Z</time>
        <extensions>
          <ns3:TrackPointExtension/>
        </extensions>
      </trkpt>
      <trkpt lat="32.0104407705366611480712890625" lon="118.7291030399501323699951171875">
        <ele>3.599999904632568359375</ele>
        <time>2022-05-10T11:48:17.000Z</time>
        <extensions>
          <ns3:TrackPointExtension/>
        </extensions>
      </trkpt>
      <trkpt lat="32.01038737781345844268798828125" lon="118.72921745292842388153076171875">
        <ele>4</ele>
        <time>2022-05-10T11:48:18.000Z</time>
        <extensions>
          <ns3:TrackPointExtension/>
        </extensions>
      </trkpt>
      <trkpt lat="32.0103339850902557373046875" lon="118.7293243221938610076904296875">
        <ele>4</ele>
        <time>2022-05-10T11:48:19.000Z</time>
        <extensions>
          <ns3:TrackPointExtension/>
        </extensions>
      </trkpt>
      <trkpt lat="32.01028059236705303192138671875" lon="118.72943110764026641845703125">
        <ele>4.19999980926513671875</ele>
        <time>2022-05-10T11:48:20.000Z</time>
        <extensions>
          <ns3:TrackPointExtension>
            <ns3:hr>91</ns3:hr>
          </ns3:TrackPointExtension>
        </extensions>
      </trkpt>
      <trkpt lat="32.01023097150027751922607421875" lon="118.72953026555478572845458984375">
        <ele>4.80000019073486328125</ele>
        <time>2022-05-10T11:48:21.000Z</time>
        <extensions>
          <ns3:TrackPointExtension/>
        </extensions>
      </trkpt>
      <trkpt lat="32.01018520630896091461181640625" lon="118.72962950728833675384521484375">
        <ele>4.80000019073486328125</ele>
        <time>2022-05-10T11:48:22.000Z</time>
        <extensions>
          <ns3:TrackPointExtension/>
        </extensions>
      </trkpt>
      <trkpt lat="32.01013944111764430999755859375" lon="118.7297134101390838623046875">
        <ele>4.19999980926513671875</ele>
        <time>2022-05-10T11:48:23.000Z</time>
        <extensions>
          <ns3:TrackPointExtension/>
        </extensions>
      </trkpt>
      <trkpt lat="32.01009367592632770538330078125" lon="118.72979731298983097076416015625">
        <ele>4.19999980926513671875</ele>
        <time>2022-05-10T11:48:24.000Z</time>
        <extensions>
          <ns3:TrackPointExtension/>
        </extensions>
      </trkpt>
      <trkpt lat="32.0100555382668972015380859375" lon="118.7298812158405780792236328125">
        <ele>4</ele>
        <time>2022-05-10T11:48:25.000Z</time>
        <extensions>
          <ns3:TrackPointExtension>
            <ns3:hr>91</ns3:hr>
          </ns3:TrackPointExtension>
        </extensions>
      </trkpt>
      <trkpt lat="32.0100173167884349822998046875" lon="118.7299499474465847015380859375">
        <ele>3.7999999523162841796875</ele>
        <time>2022-05-10T11:48:26.000Z</time>
        <extensions>
          <ns3:TrackPointExtension/>
        </extensions>
      </trkpt>
      <trkpt lat="32.0099868066608905792236328125" lon="118.73001859523355960845947265625">
        <ele>3.400000095367431640625</ele>
        <time>2022-05-10T11:48:27.000Z</time>
        <extensions>
          <ns3:TrackPointExtension/>
        </extensions>
      </trkpt>
      <trkpt lat="32.0099562965333461761474609375" lon="118.73007961548864841461181640625">
        <ele>3</ele>
        <time>2022-05-10T11:48:28.000Z</time>
        <extensions>
          <ns3:TrackPointExtension/>
        </extensions>
      </trkpt>
      <trkpt lat="32.00992964208126068115234375" lon="118.73012538067996501922607421875">
        <ele>3</ele>
        <time>2022-05-10T11:48:29.000Z</time>
        <extensions>
          <ns3:TrackPointExtension/>
        </extensions>
      </trkpt>
      <trkpt lat="32.009910531342029571533203125" lon="118.73017114587128162384033203125">
        <ele>2.7999999523162841796875</ele>
        <time>2022-05-10T11:48:30.000Z</time>
        <extensions>
          <ns3:TrackPointExtension>
            <ns3:hr>88</ns3:hr>
          </ns3:TrackPointExtension>
        </extensions>
      </trkpt>
      <trkpt lat="32.00989150442183017730712890625" lon="118.73020165599882602691650390625">
        <ele>2.599999904632568359375</ele>
        <time>2022-05-10T11:48:31.000Z</time>
        <extensions>
          <ns3:TrackPointExtension/>
        </extensions>
      </trkpt>
      <trkpt lat="32.00987624935805797576904296875" lon="118.73023216612637042999267578125">
        <ele>2.400000095367431640625</ele>
        <time>2022-05-10T11:48:32.000Z</time>
        <extensions>
          <ns3:TrackPointExtension/>
        </extensions>
      </trkpt>
      <trkpt lat="32.0098647661507129669189453125" lon="118.7302550487220287322998046875">
        <ele>2.400000095367431640625</ele>
        <time>2022-05-10T11:48:33.000Z</time>
        <extensions>
          <ns3:TrackPointExtension/>
        </extensions>
      </trkpt>
      <trkpt lat="32.00985713861882686614990234375" lon="118.730270303785800933837890625">
        <ele>2.2000000476837158203125</ele>
        <time>2022-05-10T11:48:34.000Z</time>
        <extensions>
          <ns3:TrackPointExtension/>
        </extensions>
      </trkpt>
      <trkpt lat="32.009849511086940765380859375" lon="118.73028564266860485076904296875">
        <ele>2.2000000476837158203125</ele>
        <time>2022-05-10T11:48:35.000Z</time>
        <extensions>
          <ns3:TrackPointExtension>
            <ns3:hr>84</ns3:hr>
          </ns3:TrackPointExtension>
        </extensions>
      </trkpt>
      <trkpt lat="32.0098456554114818572998046875" lon="118.7302932702004909515380859375">
        <ele>2.2000000476837158203125</ele>
        <time>2022-05-10T11:48:36.000Z</time>
        <extensions>
          <ns3:TrackPointExtension/>
        </extensions>
      </trkpt>
      <trkpt lat="32.00984188355505466461181640625" lon="118.7302932702004909515380859375">
        <ele>2.2000000476837158203125</ele>
        <time>2022-05-10T11:48:37.000Z</time>
        <extensions>
          <ns3:TrackPointExtension/>
        </extensions>
      </trkpt>
      <trkpt lat="32.00983802787959575653076171875" lon="118.7302932702004909515380859375">
        <ele>2.2000000476837158203125</ele>
        <time>2022-05-10T11:48:38.000Z</time>
        <extensions>
          <ns3:TrackPointExtension/>
        </extensions>
      </trkpt>
      <trkpt lat="32.00983802787959575653076171875" lon="118.7302932702004909515380859375">
        <ele>2.2000000476837158203125</ele>
        <time>2022-05-10T11:48:39.000Z</time>
        <extensions>
          <ns3:TrackPointExtension/>
        </extensions>
      </trkpt>
      <trkpt lat="32.0098342560231685638427734375" lon="118.73030089773237705230712890625">
        <ele>2.2000000476837158203125</ele>
        <time>2022-05-10T11:48:40.000Z</time>
        <extensions>
          <ns3:TrackPointExtension>
            <ns3:hr>84</ns3:hr>
          </ns3:TrackPointExtension>
        </extensions>
      </trkpt>
      <trkpt lat="32.0098342560231685638427734375" lon="118.73030089773237705230712890625">
        <ele>2.2000000476837158203125</ele>
        <time>2022-05-10T11:48:41.000Z</time>
        <extensions>
          <ns3:TrackPointExtension/>
        </extensions>
      </trkpt>
      <trkpt lat="32.0098342560231685638427734375" lon="118.73030089773237705230712890625">
        <ele>2.2000000476837158203125</ele>
        <time>2022-05-10T11:48:42.000Z</time>
        <extensions>
          <ns3:TrackPointExtension/>
        </extensions>
      </trkpt>
      <trkpt lat="32.00983040034770965576171875" lon="118.73030089773237705230712890625">
        <ele>2.2000000476837158203125</ele>
        <time>2022-05-10T11:48:43.000Z</time>
        <extensions>
          <ns3:TrackPointExtension/>
        </extensions>
      </trkpt>
      <trkpt lat="32.00983040034770965576171875" lon="118.73030089773237705230712890625">
        <ele>2.2000000476837158203125</ele>
        <time>2022-05-10T11:48:44.000Z</time>
        <extensions>
          <ns3:TrackPointExtension/>
        </extensions>
      </trkpt>
      <trkpt lat="32.00983040034770965576171875" lon="118.73030089773237705230712890625">
        <ele>2.2000000476837158203125</ele>
        <time>2022-05-10T11:48:45.000Z</time>
        <extensions>
          <ns3:TrackPointExtension>
            <ns3:hr>87</ns3:hr>
          </ns3:TrackPointExtension>
        </extensions>
      </trkpt>
      <trkpt lat="32.00983040034770965576171875" lon="118.73030089773237705230712890625">
        <ele>2.2000000476837158203125</ele>
        <time>2022-05-10T11:48:46.000Z</time>
        <extensions>
          <ns3:TrackPointExtension/>
        </extensions>
      </trkpt>
      <trkpt lat="32.00983040034770965576171875" lon="118.73030089773237705230712890625">
        <ele>2.2000000476837158203125</ele>
        <time>2022-05-10T11:48:47.000Z</time>
        <extensions>
          <ns3:TrackPointExtension/>
        </extensions>
      </trkpt>
      <trkpt lat="32.00983040034770965576171875" lon="118.73030089773237705230712890625">
        <ele>2.2000000476837158203125</ele>
        <time>2022-05-10T11:48:48.000Z</time>
        <extensions>
          <ns3:TrackPointExtension/>
        </extensions>
      </trkpt>
      <trkpt lat="32.00983040034770965576171875" lon="118.73030089773237705230712890625">
        <ele>2.2000000476837158203125</ele>
        <time>2022-05-10T11:48:49.000Z</time>
        <extensions>
          <ns3:TrackPointExtension/>
        </extensions>
      </trkpt>
      <trkpt lat="32.00983040034770965576171875" lon="118.73030089773237705230712890625">
        <ele>2.2000000476837158203125</ele>
        <time>2022-05-10T11:48:50.000Z</time>
        <extensions>
          <ns3:TrackPointExtension>
            <ns3:hr>88</ns3:hr>
          </ns3:TrackPointExtension>
        </extensions>
      </trkpt>
      <trkpt lat="32.00983040034770965576171875" lon="118.73030089773237705230712890625">
        <ele>2.2000000476837158203125</ele>
        <time>2022-05-10T11:48:51.000Z</time>
        <extensions>
          <ns3:TrackPointExtension/>
        </extensions>
      </trkpt>
      <trkpt lat="32.00983040034770965576171875" lon="118.7302932702004909515380859375">
        <ele>2.2000000476837158203125</ele>
        <time>2022-05-10T11:48:52.000Z</time>
        <extensions>
          <ns3:TrackPointExtension/>
        </extensions>
      </trkpt>
      <trkpt lat="32.00983040034770965576171875" lon="118.73030089773237705230712890625">
        <ele>2.2000000476837158203125</ele>
        <time>2022-05-10T11:48:53.000Z</time>
        <extensions>
          <ns3:TrackPointExtension/>
        </extensions>
      </trkpt>
      <trkpt lat="32.00983040034770965576171875" lon="118.73030089773237705230712890625">
        <ele>2.2000000476837158203125</ele>
        <time>2022-05-10T11:48:54.000Z</time>
        <extensions>
          <ns3:TrackPointExtension/>
        </extensions>
      </trkpt>
      <trkpt lat="32.00983040034770965576171875" lon="118.73030089773237705230712890625">
        <ele>2.2000000476837158203125</ele>
        <time>2022-05-10T11:48:55.000Z</time>
        <extensions>
          <ns3:TrackPointExtension>
            <ns3:hr>89</ns3:hr>
          </ns3:TrackPointExtension>
        </extensions>
      </trkpt>
      <trkpt lat="32.00982662849128246307373046875" lon="118.73030089773237705230712890625">
        <ele>2.2000000476837158203125</ele>
        <time>2022-05-10T11:48:56.000Z</time>
        <extensions>
          <ns3:TrackPointExtension/>
        </extensions>
      </trkpt>
      <trkpt lat="32.00982662849128246307373046875" lon="118.73030089773237705230712890625">
        <ele>2.2000000476837158203125</ele>
        <time>2022-05-10T11:48:57.000Z</time>
        <extensions>
          <ns3:TrackPointExtension/>
        </extensions>
      </trkpt>
      <trkpt lat="32.00982662849128246307373046875" lon="118.73030089773237705230712890625">
        <ele>2.2000000476837158203125</ele>
        <time>2022-05-10T11:48:58.000Z</time>
        <extensions>
          <ns3:TrackPointExtension/>
        </extensions>
      </trkpt>
      <trkpt lat="32.00982662849128246307373046875" lon="118.73030089773237705230712890625">
        <ele>2.2000000476837158203125</ele>
        <time>2022-05-10T11:48:59.000Z</time>
        <extensions>
          <ns3:TrackPointExtension/>
        </extensions>
      </trkpt>
      <trkpt lat="32.00982277281582355499267578125" lon="118.73030089773237705230712890625">
        <ele>2.2000000476837158203125</ele>
        <time>2022-05-10T11:49:00.000Z</time>
        <extensions>
          <ns3:TrackPointExtension>
            <ns3:hr>83</ns3:hr>
          </ns3:TrackPointExtension>
        </extensions>
      </trkpt>
      <trkpt lat="32.00982277281582355499267578125" lon="118.7302932702004909515380859375">
        <ele>2.2000000476837158203125</ele>
        <time>2022-05-10T11:49:01.000Z</time>
        <extensions>
          <ns3:TrackPointExtension/>
        </extensions>
      </trkpt>
      <trkpt lat="32.00982277281582355499267578125" lon="118.7302932702004909515380859375">
        <ele>2.2000000476837158203125</ele>
        <time>2022-05-10T11:49:02.000Z</time>
        <extensions>
          <ns3:TrackPointExtension/>
        </extensions>
      </trkpt>
      <trkpt lat="32.00982277281582355499267578125" lon="118.7302932702004909515380859375">
        <ele>2.2000000476837158203125</ele>
        <time>2022-05-10T11:49:03.000Z</time>
        <extensions>
          <ns3:TrackPointExtension/>
        </extensions>
      </trkpt>
      <trkpt lat="32.00982277281582355499267578125" lon="118.7302932702004909515380859375">
        <ele>2.2000000476837158203125</ele>
        <time>2022-05-10T11:49:04.000Z</time>
        <extensions>
          <ns3:TrackPointExtension/>
        </extensions>
      </trkpt>
      <trkpt lat="32.0098190009593963623046875" lon="118.7302932702004909515380859375">
        <ele>2.2000000476837158203125</ele>
        <time>2022-05-10T11:49:05.000Z</time>
        <extensions>
          <ns3:TrackPointExtension>
            <ns3:hr>81</ns3:hr>
          </ns3:TrackPointExtension>
        </extensions>
      </trkpt>
      <trkpt lat="32.0098190009593963623046875" lon="118.7302932702004909515380859375">
        <ele>2.2000000476837158203125</ele>
        <time>2022-05-10T11:49:06.000Z</time>
        <extensions>
          <ns3:TrackPointExtension/>
        </extensions>
      </trkpt>
      <trkpt lat="32.0098190009593963623046875" lon="118.7302932702004909515380859375">
        <ele>2.2000000476837158203125</ele>
        <time>2022-05-10T11:49:07.000Z</time>
        <extensions>
          <ns3:TrackPointExtension/>
        </extensions>
      </trkpt>
      <trkpt lat="32.0098190009593963623046875" lon="118.7302932702004909515380859375">
        <ele>2.2000000476837158203125</ele>
        <time>2022-05-10T11:49:08.000Z</time>
        <extensions>
          <ns3:TrackPointExtension/>
        </extensions>
      </trkpt>
      <trkpt lat="32.0098190009593963623046875" lon="118.73028564266860485076904296875">
        <ele>2.2000000476837158203125</ele>
        <time>2022-05-10T11:49:09.000Z</time>
        <extensions>
          <ns3:TrackPointExtension/>
        </extensions>
      </trkpt>
      <trkpt lat="32.0098190009593963623046875" lon="118.73028564266860485076904296875">
        <ele>2.2000000476837158203125</ele>
        <time>2022-05-10T11:49:10.000Z</time>
        <extensions>
          <ns3:TrackPointExtension>
            <ns3:hr>80</ns3:hr>
          </ns3:TrackPointExtension>
        </extensions>
      </trkpt>
      <trkpt lat="32.0098190009593963623046875" lon="118.73028564266860485076904296875">
        <ele>2.2000000476837158203125</ele>
        <time>2022-05-10T11:49:12.000Z</time>
        <extensions>
          <ns3:TrackPointExtension/>
        </extensions>
      </trkpt>
      <trkpt lat="32.0098190009593963623046875" lon="118.73028564266860485076904296875">
        <ele>2.2000000476837158203125</ele>
        <time>2022-05-10T11:49:13.000Z</time>
        <extensions>
          <ns3:TrackPointExtension/>
        </extensions>
      </trkpt>
      <trkpt lat="32.0098190009593963623046875" lon="118.73028564266860485076904296875">
        <ele>2.2000000476837158203125</ele>
        <time>2022-05-10T11:49:14.000Z</time>
        <extensions>
          <ns3:TrackPointExtension/>
        </extensions>
      </trkpt>
      <trkpt lat="32.0098190009593963623046875" lon="118.73028564266860485076904296875">
        <ele>2.2000000476837158203125</ele>
        <time>2022-05-10T11:49:15.000Z</time>
        <extensions>
          <ns3:TrackPointExtension>
            <ns3:hr>82</ns3:hr>
          </ns3:TrackPointExtension>
        </extensions>
      </trkpt>
      <trkpt lat="32.0098151452839374542236328125" lon="118.73028564266860485076904296875">
        <ele>2.2000000476837158203125</ele>
        <time>2022-05-10T11:49:16.000Z</time>
        <extensions>
          <ns3:TrackPointExtension/>
        </extensions>
      </trkpt>
      <trkpt lat="32.0098151452839374542236328125" lon="118.73028564266860485076904296875">
        <ele>2.2000000476837158203125</ele>
        <time>2022-05-10T11:49:17.000Z</time>
        <extensions>
          <ns3:TrackPointExtension/>
        </extensions>
      </trkpt>
      <trkpt lat="32.0098151452839374542236328125" lon="118.73028564266860485076904296875">
        <ele>2.2000000476837158203125</ele>
        <time>2022-05-10T11:49:18.000Z</time>
        <extensions>
          <ns3:TrackPointExtension/>
        </extensions>
      </trkpt>
      <trkpt lat="32.0098151452839374542236328125" lon="118.73028564266860485076904296875">
        <ele>2.2000000476837158203125</ele>
        <time>2022-05-10T11:49:19.000Z</time>
        <extensions>
          <ns3:TrackPointExtension/>
        </extensions>
      </trkpt>
      <trkpt lat="32.0098151452839374542236328125" lon="118.73028564266860485076904296875">
        <ele>2.2000000476837158203125</ele>
        <time>2022-05-10T11:49:20.000Z</time>
        <extensions>
          <ns3:TrackPointExtension>
            <ns3:hr>85</ns3:hr>
          </ns3:TrackPointExtension>
        </extensions>
      </trkpt>
      <trkpt lat="32.0098151452839374542236328125" lon="118.73028564266860485076904296875">
        <ele>2.2000000476837158203125</ele>
        <time>2022-05-10T11:49:21.000Z</time>
        <extensions>
          <ns3:TrackPointExtension/>
        </extensions>
      </trkpt>
      <trkpt lat="32.00981137342751026153564453125" lon="118.7302932702004909515380859375">
        <ele>2.2000000476837158203125</ele>
        <time>2022-05-10T11:49:22.000Z</time>
        <extensions>
          <ns3:TrackPointExtension/>
        </extensions>
      </trkpt>
      <trkpt lat="32.00981137342751026153564453125" lon="118.7302932702004909515380859375">
        <ele>2.2000000476837158203125</ele>
        <time>2022-05-10T11:49:23.000Z</time>
        <extensions>
          <ns3:TrackPointExtension/>
        </extensions>
      </trkpt>
      <trkpt lat="32.00980751775205135345458984375" lon="118.73030089773237705230712890625">
        <ele>2.2000000476837158203125</ele>
        <time>2022-05-10T11:49:24.000Z</time>
        <extensions>
          <ns3:TrackPointExtension/>
        </extensions>
      </trkpt>
      <trkpt lat="32.0098037458956241607666015625" lon="118.730308525264263153076171875">
        <ele>2.2000000476837158203125</ele>
        <time>2022-05-10T11:49:25.000Z</time>
        <extensions>
          <ns3:TrackPointExtension>
            <ns3:hr>88</ns3:hr>
          </ns3:TrackPointExtension>
        </extensions>
      </trkpt>
      <trkpt lat="32.00979611836373805999755859375" lon="118.73033140785992145538330078125">
        <ele>2.2000000476837158203125</ele>
        <time>2022-05-10T11:49:26.000Z</time>
        <extensions>
          <ns3:TrackPointExtension/>
        </extensions>
      </trkpt>
      <trkpt lat="32.009788490831851959228515625" lon="118.7303542904555797576904296875">
        <ele>2.400000095367431640625</ele>
        <time>2022-05-10T11:49:27.000Z</time>
        <extensions>
          <ns3:TrackPointExtension/>
        </extensions>
      </trkpt>
      <trkpt lat="32.0097732357680797576904296875" lon="118.7303848005831241607666015625">
        <ele>2.599999904632568359375</ele>
        <time>2022-05-10T11:49:28.000Z</time>
        <extensions>
          <ns3:TrackPointExtension/>
        </extensions>
      </trkpt>
      <trkpt lat="32.00975798070430755615234375" lon="118.73042293824255466461181640625">
        <ele>3</ele>
        <time>2022-05-10T11:49:29.000Z</time>
        <extensions>
          <ns3:TrackPointExtension/>
        </extensions>
      </trkpt>
      <trkpt lat="32.00973509810864925384521484375" lon="118.73046870343387126922607421875">
        <ele>3.400000095367431640625</ele>
        <time>2022-05-10T11:49:30.000Z</time>
        <extensions>
          <ns3:TrackPointExtension>
            <ns3:hr>87</ns3:hr>
          </ns3:TrackPointExtension>
        </extensions>
      </trkpt>
      <trkpt lat="32.0097122155129909515380859375" lon="118.73052972368896007537841796875">
        <ele>3.7999999523162841796875</ele>
        <time>2022-05-10T11:49:31.000Z</time>
        <extensions>
          <ns3:TrackPointExtension/>
        </extensions>
      </trkpt>
      <trkpt lat="32.00968162156641483306884765625" lon="118.7305983714759349822998046875">
        <ele>4.599999904632568359375</ele>
        <time>2022-05-10T11:49:32.000Z</time>
        <extensions>
          <ns3:TrackPointExtension/>
        </extensions>
      </trkpt>
      <trkpt lat="32.0096473395824432373046875" lon="118.73067473061382770538330078125">
        <ele>5.19999980926513671875</ele>
        <time>2022-05-10T11:49:33.000Z</time>
        <extensions>
          <ns3:TrackPointExtension/>
        </extensions>
      </trkpt>
      <trkpt lat="32.00960920192301273345947265625" lon="118.7307586334645748138427734375">
        <ele>5.599999904632568359375</ele>
        <time>2022-05-10T11:49:34.000Z</time>
        <extensions>
          <ns3:TrackPointExtension/>
        </extensions>
      </trkpt>
      <trkpt lat="32.00956343673169612884521484375" lon="118.7308501638472080230712890625">
        <ele>5.80000019073486328125</ele>
        <time>2022-05-10T11:49:35.000Z</time>
        <extensions>
          <ns3:TrackPointExtension>
            <ns3:hr>86</ns3:hr>
          </ns3:TrackPointExtension>
        </extensions>
      </trkpt>
      <trkpt lat="32.009517587721347808837890625" lon="118.730956949293613433837890625">
        <ele>5.599999904632568359375</ele>
        <time>2022-05-10T11:49:36.000Z</time>
        <extensions>
          <ns3:TrackPointExtension/>
        </extensions>
      </trkpt>
      <trkpt lat="32.00946419499814510345458984375" lon="118.73106381855905055999755859375">
        <ele>5</ele>
        <time>2022-05-10T11:49:37.000Z</time>
        <extensions>
          <ns3:TrackPointExtension/>
        </extensions>
      </trkpt>
      <trkpt lat="32.0094108022749423980712890625" lon="118.731178231537342071533203125">
        <ele>4.400000095367431640625</ele>
        <time>2022-05-10T11:49:38.000Z</time>
        <extensions>
          <ns3:TrackPointExtension/>
        </extensions>
      </trkpt>
      <trkpt lat="32.0093536376953125" lon="118.731300272047519683837890625">
        <ele>4.19999980926513671875</ele>
        <time>2022-05-10T11:49:39.000Z</time>
        <extensions>
          <ns3:TrackPointExtension/>
        </extensions>
      </trkpt>
      <trkpt lat="32.00929253362119197845458984375" lon="118.73142239637672901153564453125">
        <ele>4</ele>
        <time>2022-05-10T11:49:40.000Z</time>
        <extensions>
          <ns3:TrackPointExtension>
            <ns3:hr>87</ns3:hr>
          </ns3:TrackPointExtension>
        </extensions>
      </trkpt>
      <trkpt lat="32.00923151336610317230224609375" lon="118.731552064418792724609375">
        <ele>4.400000095367431640625</ele>
        <time>2022-05-10T11:49:41.000Z</time>
        <extensions>
          <ns3:TrackPointExtension/>
        </extensions>
      </trkpt>
      <trkpt lat="32.00916663743555545806884765625" lon="118.73168944381177425384521484375">
        <ele>4.400000095367431640625</ele>
        <time>2022-05-10T11:49:42.000Z</time>
        <extensions>
          <ns3:TrackPointExtension/>
        </extensions>
      </trkpt>
      <trkpt lat="32.009101845324039459228515625" lon="118.73182673938572406768798828125">
        <ele>4.19999980926513671875</ele>
        <time>2022-05-10T11:49:43.000Z</time>
        <extensions>
          <ns3:TrackPointExtension/>
        </extensions>
      </trkpt>
      <trkpt lat="32.00903319753706455230712890625" lon="118.73196403495967388153076171875">
        <ele>3.2000000476837158203125</ele>
        <time>2022-05-10T11:49:44.000Z</time>
        <extensions>
          <ns3:TrackPointExtension/>
        </extensions>
      </trkpt>
      <trkpt lat="32.00896446593105792999267578125" lon="118.7321014143526554107666015625">
        <ele>3</ele>
        <time>2022-05-10T11:49:45.000Z</time>
        <extensions>
          <ns3:TrackPointExtension>
            <ns3:hr>88</ns3:hr>
          </ns3:TrackPointExtension>
        </extensions>
      </trkpt>
      <trkpt lat="32.0088958181440830230712890625" lon="118.732238709926605224609375">
        <ele>3.599999904632568359375</ele>
        <time>2022-05-10T11:49:46.000Z</time>
        <extensions>
          <ns3:TrackPointExtension/>
        </extensions>
      </trkpt>
      <trkpt lat="32.008830942213535308837890625" lon="118.73237608931958675384521484375">
        <ele>4.400000095367431640625</ele>
        <time>2022-05-10T11:49:47.000Z</time>
        <extensions>
          <ns3:TrackPointExtension/>
        </extensions>
      </trkpt>
      <trkpt lat="32.00876229442656040191650390625" lon="118.73251338489353656768798828125">
        <ele>4.80000019073486328125</ele>
        <time>2022-05-10T11:49:48.000Z</time>
        <extensions>
          <ns3:TrackPointExtension/>
        </extensions>
      </trkpt>
      <trkpt lat="32.008697502315044403076171875" lon="118.73265068046748638153076171875">
        <ele>5.19999980926513671875</ele>
        <time>2022-05-10T11:49:49.000Z</time>
        <extensions>
          <ns3:TrackPointExtension/>
        </extensions>
      </trkpt>
      <trkpt lat="32.0086326263844966888427734375" lon="118.73278043232858180999755859375">
        <ele>5.19999980926513671875</ele>
        <time>2022-05-10T11:49:50.000Z</time>
        <extensions>
          <ns3:TrackPointExtension>
            <ns3:hr>88</ns3:hr>
          </ns3:TrackPointExtension>
        </extensions>
      </trkpt>
      <trkpt lat="32.00856397859752178192138671875" lon="118.7329101003706455230712890625">
        <ele>5</ele>
        <time>2022-05-10T11:49:51.000Z</time>
        <extensions>
          <ns3:TrackPointExtension/>
        </extensions>
      </trkpt>
      <trkpt lat="32.00849910266697406768798828125" lon="118.7330398522317409515380859375">
        <ele>4.400000095367431640625</ele>
        <time>2022-05-10T11:49:52.000Z</time>
        <extensions>
          <ns3:TrackPointExtension/>
        </extensions>
      </trkpt>
      <trkpt lat="32.0084304548799991607666015625" lon="118.73316952027380466461181640625">
        <ele>4.19999980926513671875</ele>
        <time>2022-05-10T11:49:53.000Z</time>
        <extensions>
          <ns3:TrackPointExtension/>
        </extensions>
      </trkpt>
      <trkpt lat="32.008365578949451446533203125" lon="118.73329156078398227691650390625">
        <ele>4.599999904632568359375</ele>
        <time>2022-05-10T11:49:54.000Z</time>
        <extensions>
          <ns3:TrackPointExtension/>
        </extensions>
      </trkpt>
      <trkpt lat="32.0083007030189037322998046875" lon="118.7334136851131916046142578125">
        <ele>4.400000095367431640625</ele>
        <time>2022-05-10T11:49:55.000Z</time>
        <extensions>
          <ns3:TrackPointExtension>
            <ns3:hr>92</ns3:hr>
          </ns3:TrackPointExtension>
        </extensions>
      </trkpt>
      <trkpt lat="32.00823591090738773345947265625" lon="118.73354335315525531768798828125">
        <ele>4.19999980926513671875</ele>
        <time>2022-05-10T11:49:56.000Z</time>
        <extensions>
          <ns3:TrackPointExtension/>
        </extensions>
      </trkpt>
      <trkpt lat="32.00817103497684001922607421875" lon="118.73367302119731903076171875">
        <ele>4</ele>
        <time>2022-05-10T11:49:57.000Z</time>
        <extensions>
          <ns3:TrackPointExtension/>
        </extensions>
      </trkpt>
      <trkpt lat="32.00810615904629230499267578125" lon="118.73379514552652835845947265625">
        <ele>4.19999980926513671875</ele>
        <time>2022-05-10T11:49:58.000Z</time>
        <extensions>
          <ns3:TrackPointExtension/>
        </extensions>
      </trkpt>
      <trkpt lat="32.00804136693477630615234375" lon="118.733924813568592071533203125">
        <ele>3.7999999523162841796875</ele>
        <time>2022-05-10T11:49:59.000Z</time>
        <extensions>
          <ns3:TrackPointExtension/>
        </extensions>
      </trkpt>
      <trkpt lat="32.0079764910042285919189453125" lon="118.7340545654296875">
        <ele>3.7999999523162841796875</ele>
        <time>2022-05-10T11:50:00.000Z</time>
        <extensions>
          <ns3:TrackPointExtension>
            <ns3:hr>95</ns3:hr>
          </ns3:TrackPointExtension>
        </extensions>
      </trkpt>
      <trkpt lat="32.0079154707491397857666015625" lon="118.73418423347175121307373046875">
        <ele>3.7999999523162841796875</ele>
        <time>2022-05-10T11:50:01.000Z</time>
        <extensions>
          <ns3:TrackPointExtension/>
        </extensions>
      </trkpt>
      <trkpt lat="32.007850594818592071533203125" lon="118.73430627398192882537841796875">
        <ele>4.599999904632568359375</ele>
        <time>2022-05-10T11:50:02.000Z</time>
        <extensions>
          <ns3:TrackPointExtension/>
        </extensions>
      </trkpt>
      <trkpt lat="32.007789574563503265380859375" lon="118.73443602584302425384521484375">
        <ele>5.19999980926513671875</ele>
        <time>2022-05-10T11:50:03.000Z</time>
        <extensions>
          <ns3:TrackPointExtension/>
        </extensions>
      </trkpt>
      <trkpt lat="32.007728554308414459228515625" lon="118.73455806635320186614990234375">
        <ele>5.599999904632568359375</ele>
        <time>2022-05-10T11:50:04.000Z</time>
        <extensions>
          <ns3:TrackPointExtension/>
        </extensions>
      </trkpt>
      <trkpt lat="32.00767130590975284576416015625" lon="118.73468010686337947845458984375">
        <ele>6.400000095367431640625</ele>
        <time>2022-05-10T11:50:05.000Z</time>
        <extensions>
          <ns3:TrackPointExtension>
            <ns3:hr>96</ns3:hr>
          </ns3:TrackPointExtension>
        </extensions>
      </trkpt>
      <trkpt lat="32.0076140575110912322998046875" lon="118.73479460366070270538330078125">
        <ele>6.80000019073486328125</ele>
        <time>2022-05-10T11:50:06.000Z</time>
        <extensions>
          <ns3:TrackPointExtension/>
        </extensions>
      </trkpt>
      <trkpt lat="32.00756066478788852691650390625" lon="118.7349090166389942169189453125">
        <ele>6.80000019073486328125</ele>
        <time>2022-05-10T11:50:07.000Z</time>
        <extensions>
          <ns3:TrackPointExtension/>
        </extensions>
      </trkpt>
      <trkpt lat="32.00750350020825862884521484375" lon="118.735015802085399627685546875">
        <ele>6.80000019073486328125</ele>
        <time>2022-05-10T11:50:08.000Z</time>
        <extensions>
          <ns3:TrackPointExtension/>
        </extensions>
      </trkpt>
      <trkpt lat="32.00745387934148311614990234375" lon="118.73512267135083675384521484375">
        <ele>6.400000095367431640625</ele>
        <time>2022-05-10T11:50:09.000Z</time>
        <extensions>
          <ns3:TrackPointExtension/>
        </extensions>
      </trkpt>
      <trkpt lat="32.0074004866182804107666015625" lon="118.7352218292653560638427734375">
        <ele>6.19999980926513671875</ele>
        <time>2022-05-10T11:50:10.000Z</time>
        <extensions>
          <ns3:TrackPointExtension>
            <ns3:hr>97</ns3:hr>
          </ns3:TrackPointExtension>
        </extensions>
      </trkpt>
      <trkpt lat="32.0073508657515048980712890625" lon="118.73532098717987537384033203125">
        <ele>6</ele>
        <time>2022-05-10T11:50:11.000Z</time>
        <extensions>
          <ns3:TrackPointExtension/>
        </extensions>
      </trkpt>
      <trkpt lat="32.00730132870376110076904296875" lon="118.735420145094394683837890625">
        <ele>5.80000019073486328125</ele>
        <time>2022-05-10T11:50:12.000Z</time>
        <extensions>
          <ns3:TrackPointExtension/>
        </extensions>
      </trkpt>
      <trkpt lat="32.00725547969341278076171875" lon="118.73551175929605960845947265625">
        <ele>5.599999904632568359375</ele>
        <time>2022-05-10T11:50:13.000Z</time>
        <extensions>
          <ns3:TrackPointExtension/>
        </extensions>
      </trkpt>
      <trkpt lat="32.0072097145020961761474609375" lon="118.7355956621468067169189453125">
        <ele>5.400000095367431640625</ele>
        <time>2022-05-10T11:50:14.000Z</time>
        <extensions>
          <ns3:TrackPointExtension/>
        </extensions>
      </trkpt>
      <trkpt lat="32.00716017745435237884521484375" lon="118.7356871925294399261474609375">
        <ele>5.599999904632568359375</ele>
        <time>2022-05-10T11:50:15.000Z</time>
        <extensions>
          <ns3:TrackPointExtension>
            <ns3:hr>99</ns3:hr>
          </ns3:TrackPointExtension>
        </extensions>
      </trkpt>
      <trkpt lat="32.007114328444004058837890625" lon="118.73577880673110485076904296875">
        <ele>5.599999904632568359375</ele>
        <time>2022-05-10T11:50:16.000Z</time>
        <extensions>
          <ns3:TrackPointExtension/>
        </extensions>
      </trkpt>
      <trkpt lat="32.00706479139626026153564453125" lon="118.73587033711373805999755859375">
        <ele>6</ele>
        <time>2022-05-10T11:50:17.000Z</time>
        <extensions>
          <ns3:TrackPointExtension/>
        </extensions>
      </trkpt>
      <trkpt lat="32.00701902620494365692138671875" lon="118.73596186749637126922607421875">
        <ele>5.80000019073486328125</ele>
        <time>2022-05-10T11:50:18.000Z</time>
        <extensions>
          <ns3:TrackPointExtension/>
        </extensions>
      </trkpt>
      <trkpt lat="32.00696940533816814422607421875" lon="118.736045770347118377685546875">
        <ele>5.599999904632568359375</ele>
        <time>2022-05-10T11:50:19.000Z</time>
        <extensions>
          <ns3:TrackPointExtension/>
        </extensions>
      </trkpt>
      <trkpt lat="32.00692364014685153961181640625" lon="118.73613738454878330230712890625">
        <ele>5.400000095367431640625</ele>
        <time>2022-05-10T11:50:20.000Z</time>
        <extensions>
          <ns3:TrackPointExtension>
            <ns3:hr>96</ns3:hr>
          </ns3:TrackPointExtension>
        </extensions>
      </trkpt>
      <trkpt lat="32.00687787495553493499755859375" lon="118.73622891493141651153564453125">
        <ele>5.400000095367431640625</ele>
        <time>2022-05-10T11:50:21.000Z</time>
        <extensions>
          <ns3:TrackPointExtension/>
        </extensions>
      </trkpt>
      <trkpt lat="32.00682825408875942230224609375" lon="118.73632044531404972076416015625">
        <ele>5.19999980926513671875</ele>
        <time>2022-05-10T11:50:22.000Z</time>
        <extensions>
          <ns3:TrackPointExtension/>
        </extensions>
      </trkpt>
      <trkpt lat="32.00678248889744281768798828125" lon="118.73641197569668292999267578125">
        <ele>5</ele>
        <time>2022-05-10T11:50:23.000Z</time>
        <extensions>
          <ns3:TrackPointExtension/>
        </extensions>
      </trkpt>
      <trkpt lat="32.00673672370612621307373046875" lon="118.7365035898983478546142578125">
        <ele>4.80000019073486328125</ele>
        <time>2022-05-10T11:50:24.000Z</time>
        <extensions>
          <ns3:TrackPointExtension/>
        </extensions>
      </trkpt>
      <trkpt lat="32.0066947303712368011474609375" lon="118.7365951202809810638427734375">
        <ele>4.599999904632568359375</ele>
        <time>2022-05-10T11:50:25.000Z</time>
        <extensions>
          <ns3:TrackPointExtension>
            <ns3:hr>97</ns3:hr>
          </ns3:TrackPointExtension>
        </extensions>
      </trkpt>
      <trkpt lat="32.006648965179920196533203125" lon="118.7366866506636142730712890625">
        <ele>3.599999904632568359375</ele>
        <time>2022-05-10T11:50:26.000Z</time>
        <extensions>
          <ns3:TrackPointExtension/>
        </extensions>
      </trkpt>
      <trkpt lat="32.0066070556640625" lon="118.7367781810462474822998046875">
        <ele>2.599999904632568359375</ele>
        <time>2022-05-10T11:50:27.000Z</time>
        <extensions>
          <ns3:TrackPointExtension/>
        </extensions>
      </trkpt>
      <trkpt lat="32.00656120665371417999267578125" lon="118.73686979524791240692138671875">
        <ele>1.7999999523162841796875</ele>
        <time>2022-05-10T11:50:28.000Z</time>
        <extensions>
          <ns3:TrackPointExtension/>
        </extensions>
      </trkpt>
      <trkpt lat="32.00651544146239757537841796875" lon="118.73696132563054561614990234375">
        <ele>1.2000000476837158203125</ele>
        <time>2022-05-10T11:50:29.000Z</time>
        <extensions>
          <ns3:TrackPointExtension/>
        </extensions>
      </trkpt>
      <trkpt lat="32.00646967627108097076416015625" lon="118.7370604835450649261474609375">
        <ele>1.60000002384185791015625</ele>
        <time>2022-05-10T11:50:30.000Z</time>
        <extensions>
          <ns3:TrackPointExtension>
            <ns3:hr>97</ns3:hr>
          </ns3:TrackPointExtension>
        </extensions>
      </trkpt>
      <trkpt lat="32.00642391107976436614990234375" lon="118.73715209774672985076904296875">
        <ele>2.2000000476837158203125</ele>
        <time>2022-05-10T11:50:31.000Z</time>
        <extensions>
          <ns3:TrackPointExtension/>
        </extensions>
      </trkpt>
      <trkpt lat="32.00637814588844776153564453125" lon="118.7372512556612491607666015625">
        <ele>2.599999904632568359375</ele>
        <time>2022-05-10T11:50:32.000Z</time>
        <extensions>
          <ns3:TrackPointExtension/>
        </extensions>
      </trkpt>
      <trkpt lat="32.00632852502167224884033203125" lon="118.7373427860438823699951171875">
        <ele>2.7999999523162841796875</ele>
        <time>2022-05-10T11:50:33.000Z</time>
        <extensions>
          <ns3:TrackPointExtension/>
        </extensions>
      </trkpt>
      <trkpt lat="32.00628661550581455230712890625" lon="118.7374343164265155792236328125">
        <ele>2.7999999523162841796875</ele>
        <time>2022-05-10T11:50:34.000Z</time>
        <extensions>
          <ns3:TrackPointExtension/>
        </extensions>
      </trkpt>
      <trkpt lat="32.006244622170925140380859375" lon="118.73751067556440830230712890625">
        <ele>3</ele>
        <time>2022-05-10T11:50:35.000Z</time>
        <extensions>
          <ns3:TrackPointExtension>
            <ns3:hr>96</ns3:hr>
          </ns3:TrackPointExtension>
        </extensions>
      </trkpt>
      <trkpt lat="32.00620262883603572845458984375" lon="118.7375945784151554107666015625">
        <ele>3.400000095367431640625</ele>
        <time>2022-05-10T11:50:36.000Z</time>
        <extensions>
          <ns3:TrackPointExtension/>
        </extensions>
      </trkpt>
      <trkpt lat="32.006164491176605224609375" lon="118.73766322620213031768798828125">
        <ele>3.599999904632568359375</ele>
        <time>2022-05-10T11:50:37.000Z</time>
        <extensions>
          <ns3:TrackPointExtension/>
        </extensions>
      </trkpt>
      <trkpt lat="32.00613020919263362884521484375" lon="118.737731873989105224609375">
        <ele>3.7999999523162841796875</ele>
        <time>2022-05-10T11:50:38.000Z</time>
        <extensions>
          <ns3:TrackPointExtension/>
        </extensions>
      </trkpt>
      <trkpt lat="32.00609584338963031768798828125" lon="118.73780052177608013153076171875">
        <ele>4.19999980926513671875</ele>
        <time>2022-05-10T11:50:39.000Z</time>
        <extensions>
          <ns3:TrackPointExtension/>
        </extensions>
      </trkpt>
      <trkpt lat="32.00606533326208591461181640625" lon="118.737861625850200653076171875">
        <ele>4.400000095367431640625</ele>
        <time>2022-05-10T11:50:40.000Z</time>
        <extensions>
          <ns3:TrackPointExtension>
            <ns3:hr>93</ns3:hr>
          </ns3:TrackPointExtension>
        </extensions>
      </trkpt>
      <trkpt lat="32.0060385949909687042236328125" lon="118.73791501857340335845947265625">
        <ele>4.80000019073486328125</ele>
        <time>2022-05-10T11:50:41.000Z</time>
        <extensions>
          <ns3:TrackPointExtension/>
        </extensions>
      </trkpt>
      <trkpt lat="32.006011940538883209228515625" lon="118.7379684112966060638427734375">
        <ele>4.80000019073486328125</ele>
        <time>2022-05-10T11:50:42.000Z</time>
        <extensions>
          <ns3:TrackPointExtension/>
        </extensions>
      </trkpt>
      <trkpt lat="32.00598905794322490692138671875" lon="118.73802180401980876922607421875">
        <ele>5</ele>
        <time>2022-05-10T11:50:43.000Z</time>
        <extensions>
          <ns3:TrackPointExtension/>
        </extensions>
      </trkpt>
      <trkpt lat="32.0059661753475666046142578125" lon="118.738075196743011474609375">
        <ele>5</ele>
        <time>2022-05-10T11:50:44.000Z</time>
        <extensions>
          <ns3:TrackPointExtension/>
        </extensions>
      </trkpt>
      <trkpt lat="32.00593943707644939422607421875" lon="118.73812858946621417999267578125">
        <ele>5.19999980926513671875</ele>
        <time>2022-05-10T11:50:45.000Z</time>
        <extensions>
          <ns3:TrackPointExtension>
            <ns3:hr>94</ns3:hr>
          </ns3:TrackPointExtension>
        </extensions>
      </trkpt>
      <trkpt lat="32.00590892694890499114990234375" lon="118.73818206600844860076904296875">
        <ele>5.19999980926513671875</ele>
        <time>2022-05-10T11:50:46.000Z</time>
        <extensions>
          <ns3:TrackPointExtension/>
        </extensions>
      </trkpt>
      <trkpt lat="32.00588218867778778076171875" lon="118.73824308626353740692138671875">
        <ele>5.400000095367431640625</ele>
        <time>2022-05-10T11:50:47.000Z</time>
        <extensions>
          <ns3:TrackPointExtension/>
        </extensions>
      </trkpt>
      <trkpt lat="32.00584790669381618499755859375" lon="118.73830410651862621307373046875">
        <ele>5.400000095367431640625</ele>
        <time>2022-05-10T11:50:48.000Z</time>
        <extensions>
          <ns3:TrackPointExtension/>
        </extensions>
      </trkpt>
      <trkpt lat="32.00581354089081287384033203125" lon="118.7383727543056011199951171875">
        <ele>5.599999904632568359375</ele>
        <time>2022-05-10T11:50:49.000Z</time>
        <extensions>
          <ns3:TrackPointExtension/>
        </extensions>
      </trkpt>
      <trkpt lat="32.005779258906841278076171875" lon="118.73844140209257602691650390625">
        <ele>5.80000019073486328125</ele>
        <time>2022-05-10T11:50:50.000Z</time>
        <extensions>
          <ns3:TrackPointExtension>
            <ns3:hr>95</ns3:hr>
          </ns3:TrackPointExtension>
        </extensions>
      </trkpt>
      <trkpt lat="32.0057448931038379669189453125" lon="118.738510049879550933837890625">
        <ele>5.80000019073486328125</ele>
        <time>2022-05-10T11:50:51.000Z</time>
        <extensions>
          <ns3:TrackPointExtension/>
        </extensions>
      </trkpt>
      <trkpt lat="32.00570675544440746307373046875" lon="118.73858640901744365692138671875">
        <ele>5.400000095367431640625</ele>
        <time>2022-05-10T11:50:52.000Z</time>
        <extensions>
          <ns3:TrackPointExtension/>
        </extensions>
      </trkpt>
      <trkpt lat="32.005668617784976959228515625" lon="118.7386550568044185638427734375">
        <ele>5</ele>
        <time>2022-05-10T11:50:53.000Z</time>
        <extensions>
          <ns3:TrackPointExtension/>
        </extensions>
      </trkpt>
      <trkpt lat="32.00562662445008754730224609375" lon="118.73873895965516567230224609375">
        <ele>5</ele>
        <time>2022-05-10T11:50:54.000Z</time>
        <extensions>
          <ns3:TrackPointExtension/>
        </extensions>
      </trkpt>
      <trkpt lat="32.00558471493422985076904296875" lon="118.73881523497402667999267578125">
        <ele>5</ele>
        <time>2022-05-10T11:50:55.000Z</time>
        <extensions>
          <ns3:TrackPointExtension>
            <ns3:hr>95</ns3:hr>
          </ns3:TrackPointExtension>
        </extensions>
      </trkpt>
      <trkpt lat="32.0055427215993404388427734375" lon="118.73889922164380550384521484375">
        <ele>5.19999980926513671875</ele>
        <time>2022-05-10T11:50:56.000Z</time>
        <extensions>
          <ns3:TrackPointExtension/>
        </extensions>
      </trkpt>
      <trkpt lat="32.00550072826445102691650390625" lon="118.7389831244945526123046875">
        <ele>5.400000095367431640625</ele>
        <time>2022-05-10T11:50:57.000Z</time>
        <extensions>
          <ns3:TrackPointExtension/>
        </extensions>
      </trkpt>
      <trkpt lat="32.00545496307313442230224609375" lon="118.73906702734529972076416015625">
        <ele>5.19999980926513671875</ele>
        <time>2022-05-10T11:50:58.000Z</time>
        <extensions>
          <ns3:TrackPointExtension/>
        </extensions>
      </trkpt>
      <trkpt lat="32.00541305355727672576904296875" lon="118.73915855772793292999267578125">
        <ele>5</ele>
        <time>2022-05-10T11:50:59.000Z</time>
        <extensions>
          <ns3:TrackPointExtension/>
        </extensions>
      </trkpt>
      <trkpt lat="32.00536720454692840576171875" lon="118.73924254439771175384521484375">
        <ele>5</ele>
        <time>2022-05-10T11:51:00.000Z</time>
        <extensions>
          <ns3:TrackPointExtension>
            <ns3:hr>87</ns3:hr>
          </ns3:TrackPointExtension>
        </extensions>
      </trkpt>
      <trkpt lat="32.005325295031070709228515625" lon="118.73933407478034496307373046875">
        <ele>5.400000095367431640625</ele>
        <time>2022-05-10T11:51:01.000Z</time>
        <extensions>
          <ns3:TrackPointExtension/>
        </extensions>
      </trkpt>
      <trkpt lat="32.0052795298397541046142578125" lon="118.739417977631092071533203125">
        <ele>5.599999904632568359375</ele>
        <time>2022-05-10T11:51:02.000Z</time>
        <extensions>
          <ns3:TrackPointExtension/>
        </extensions>
      </trkpt>
      <trkpt lat="32.00523753650486469268798828125" lon="118.73950950801372528076171875">
        <ele>6</ele>
        <time>2022-05-10T11:51:03.000Z</time>
        <extensions>
          <ns3:TrackPointExtension/>
        </extensions>
      </trkpt>
      <trkpt lat="32.00519554316997528076171875" lon="118.7395934946835041046142578125">
        <ele>6</ele>
        <time>2022-05-10T11:51:04.000Z</time>
        <extensions>
          <ns3:TrackPointExtension/>
        </extensions>
      </trkpt>
      <trkpt lat="32.005153633654117584228515625" lon="118.73967739753425121307373046875">
        <ele>6</ele>
        <time>2022-05-10T11:51:05.000Z</time>
        <extensions>
          <ns3:TrackPointExtension>
            <ns3:hr>82</ns3:hr>
          </ns3:TrackPointExtension>
        </extensions>
      </trkpt>
      <trkpt lat="32.00511549599468708038330078125" lon="118.739761300384998321533203125">
        <ele>6</ele>
        <time>2022-05-10T11:51:06.000Z</time>
        <extensions>
          <ns3:TrackPointExtension/>
        </extensions>
      </trkpt>
      <trkpt lat="32.00508113019168376922607421875" lon="118.73982994817197322845458984375">
        <ele>6</ele>
        <time>2022-05-10T11:51:07.000Z</time>
        <extensions>
          <ns3:TrackPointExtension/>
        </extensions>
      </trkpt>
      <trkpt lat="32.00505062006413936614990234375" lon="118.73989867977797985076904296875">
        <ele>6</ele>
        <time>2022-05-10T11:51:08.000Z</time>
        <extensions>
          <ns3:TrackPointExtension/>
        </extensions>
      </trkpt>
      <trkpt lat="32.00502010993659496307373046875" lon="118.73995970003306865692138671875">
        <ele>6</ele>
        <time>2022-05-10T11:51:09.000Z</time>
        <extensions>
          <ns3:TrackPointExtension/>
        </extensions>
      </trkpt>
      <trkpt lat="32.00498959980905055999755859375" lon="118.74002072028815746307373046875">
        <ele>5.599999904632568359375</ele>
        <time>2022-05-10T11:51:10.000Z</time>
        <extensions>
          <ns3:TrackPointExtension>
            <ns3:hr>80</ns3:hr>
          </ns3:TrackPointExtension>
        </extensions>
      </trkpt>
      <trkpt lat="32.0049667172133922576904296875" lon="118.74007411301136016845703125">
        <ele>5.400000095367431640625</ele>
        <time>2022-05-10T11:51:11.000Z</time>
        <extensions>
          <ns3:TrackPointExtension/>
        </extensions>
      </trkpt>
      <trkpt lat="32.00493997894227504730224609375" lon="118.7401198782026767730712890625">
        <ele>5</ele>
        <time>2022-05-10T11:51:12.000Z</time>
        <extensions>
          <ns3:TrackPointExtension/>
        </extensions>
      </trkpt>
      <trkpt lat="32.0049170963466167449951171875" lon="118.740165643393993377685546875">
        <ele>4.80000019073486328125</ele>
        <time>2022-05-10T11:51:13.000Z</time>
        <extensions>
          <ns3:TrackPointExtension/>
        </extensions>
      </trkpt>
      <trkpt lat="32.00489421375095844268798828125" lon="118.7402114085853099822998046875">
        <ele>4.599999904632568359375</ele>
        <time>2022-05-10T11:51:14.000Z</time>
        <extensions>
          <ns3:TrackPointExtension/>
        </extensions>
      </trkpt>
      <trkpt lat="32.004871331155300140380859375" lon="118.7402496300637722015380859375">
        <ele>4.400000095367431640625</ele>
        <time>2022-05-10T11:51:15.000Z</time>
        <extensions>
          <ns3:TrackPointExtension>
            <ns3:hr>77</ns3:hr>
          </ns3:TrackPointExtension>
        </extensions>
      </trkpt>
      <trkpt lat="32.00485222041606903076171875" lon="118.7402801401913166046142578125">
        <ele>4.19999980926513671875</ele>
        <time>2022-05-10T11:51:16.000Z</time>
        <extensions>
          <ns3:TrackPointExtension/>
        </extensions>
      </trkpt>
      <trkpt lat="32.00482933782041072845458984375" lon="118.74031827785074710845947265625">
        <ele>4</ele>
        <time>2022-05-10T11:51:17.000Z</time>
        <extensions>
          <ns3:TrackPointExtension/>
        </extensions>
      </trkpt>
      <trkpt lat="32.00480268336832523345947265625" lon="118.7403564155101776123046875">
        <ele>3.7999999523162841796875</ele>
        <time>2022-05-10T11:51:18.000Z</time>
        <extensions>
          <ns3:TrackPointExtension/>
        </extensions>
      </trkpt>
      <trkpt lat="32.00477980077266693115234375" lon="118.74039455316960811614990234375">
        <ele>3.7999999523162841796875</ele>
        <time>2022-05-10T11:51:19.000Z</time>
        <extensions>
          <ns3:TrackPointExtension/>
        </extensions>
      </trkpt>
      <trkpt lat="32.00475306250154972076416015625" lon="118.74044031836092472076416015625">
        <ele>3.599999904632568359375</ele>
        <time>2022-05-10T11:51:20.000Z</time>
        <extensions>
          <ns3:TrackPointExtension>
            <ns3:hr>80</ns3:hr>
          </ns3:TrackPointExtension>
        </extensions>
      </trkpt>
      <trkpt lat="32.00472640804946422576904296875" lon="118.74048608355224132537841796875">
        <ele>3.599999904632568359375</ele>
        <time>2022-05-10T11:51:21.000Z</time>
        <extensions>
          <ns3:TrackPointExtension/>
        </extensions>
      </trkpt>
      <trkpt lat="32.0046958141028881072998046875" lon="118.74053947627544403076171875">
        <ele>3.400000095367431640625</ele>
        <time>2022-05-10T11:51:22.000Z</time>
        <extensions>
          <ns3:TrackPointExtension/>
        </extensions>
      </trkpt>
      <trkpt lat="32.00466153211891651153564453125" lon="118.74060058034956455230712890625">
        <ele>3.2000000476837158203125</ele>
        <time>2022-05-10T11:51:23.000Z</time>
        <extensions>
          <ns3:TrackPointExtension/>
        </extensions>
      </trkpt>
      <trkpt lat="32.00462716631591320037841796875" lon="118.74066160060465335845947265625">
        <ele>3.2000000476837158203125</ele>
        <time>2022-05-10T11:51:24.000Z</time>
        <extensions>
          <ns3:TrackPointExtension/>
        </extensions>
      </trkpt>
      <trkpt lat="32.004589028656482696533203125" lon="118.740730248391628265380859375">
        <ele>3.400000095367431640625</ele>
        <time>2022-05-10T11:51:25.000Z</time>
        <extensions>
          <ns3:TrackPointExtension>
            <ns3:hr>82</ns3:hr>
          </ns3:TrackPointExtension>
        </extensions>
      </trkpt>
      <trkpt lat="32.00455089099705219268798828125" lon="118.7408065237104892730712890625">
        <ele>4</ele>
        <time>2022-05-10T11:51:26.000Z</time>
        <extensions>
          <ns3:TrackPointExtension/>
        </extensions>
      </trkpt>
      <trkpt lat="32.0045127533376216888427734375" lon="118.74088279902935028076171875">
        <ele>4.19999980926513671875</ele>
        <time>2022-05-10T11:51:27.000Z</time>
        <extensions>
          <ns3:TrackPointExtension/>
        </extensions>
      </trkpt>
      <trkpt lat="32.004466988146305084228515625" lon="118.7409667856991291046142578125">
        <ele>4.599999904632568359375</ele>
        <time>2022-05-10T11:51:28.000Z</time>
        <extensions>
          <ns3:TrackPointExtension/>
        </extensions>
      </trkpt>
      <trkpt lat="32.00442499481141567230224609375" lon="118.74105068854987621307373046875">
        <ele>5</ele>
        <time>2022-05-10T11:51:29.000Z</time>
        <extensions>
          <ns3:TrackPointExtension/>
        </extensions>
      </trkpt>
      <trkpt lat="32.00437922962009906768798828125" lon="118.74114221893250942230224609375">
        <ele>5</ele>
        <time>2022-05-10T11:51:30.000Z</time>
        <extensions>
          <ns3:TrackPointExtension>
            <ns3:hr>85</ns3:hr>
          </ns3:TrackPointExtension>
        </extensions>
      </trkpt>
      <trkpt lat="32.00433346442878246307373046875" lon="118.7412413768470287322998046875">
        <ele>5.19999980926513671875</ele>
        <time>2022-05-10T11:51:31.000Z</time>
        <extensions>
          <ns3:TrackPointExtension/>
        </extensions>
      </trkpt>
      <trkpt lat="32.00428769923746585845947265625" lon="118.74133299104869365692138671875">
        <ele>5.599999904632568359375</ele>
        <time>2022-05-10T11:51:32.000Z</time>
        <extensions>
          <ns3:TrackPointExtension/>
        </extensions>
      </trkpt>
      <trkpt lat="32.00423807837069034576416015625" lon="118.7414321489632129669189453125">
        <ele>5.599999904632568359375</ele>
        <time>2022-05-10T11:51:33.000Z</time>
        <extensions>
          <ns3:TrackPointExtension/>
        </extensions>
      </trkpt>
      <trkpt lat="32.00419231317937374114990234375" lon="118.7415236793458461761474609375">
        <ele>5.19999980926513671875</ele>
        <time>2022-05-10T11:51:34.000Z</time>
        <extensions>
          <ns3:TrackPointExtension/>
        </extensions>
      </trkpt>
      <trkpt lat="32.00414269231259822845458984375" lon="118.74161529354751110076904296875">
        <ele>5</ele>
        <time>2022-05-10T11:51:35.000Z</time>
        <extensions>
          <ns3:TrackPointExtension>
            <ns3:hr>86</ns3:hr>
          </ns3:TrackPointExtension>
        </extensions>
      </trkpt>
      <trkpt lat="32.00409692712128162384033203125" lon="118.7417144514620304107666015625">
        <ele>5.19999980926513671875</ele>
        <time>2022-05-10T11:51:36.000Z</time>
        <extensions>
          <ns3:TrackPointExtension/>
        </extensions>
      </trkpt>
      <trkpt lat="32.00405116192996501922607421875" lon="118.7418059818446636199951171875">
        <ele>4.80000019073486328125</ele>
        <time>2022-05-10T11:51:37.000Z</time>
        <extensions>
          <ns3:TrackPointExtension/>
        </extensions>
      </trkpt>
      <trkpt lat="32.00400539673864841461181640625" lon="118.7418975122272968292236328125">
        <ele>4.400000095367431640625</ele>
        <time>2022-05-10T11:51:38.000Z</time>
        <extensions>
          <ns3:TrackPointExtension/>
        </extensions>
      </trkpt>
      <trkpt lat="32.00395963154733180999755859375" lon="118.741981498897075653076171875">
        <ele>4.19999980926513671875</ele>
        <time>2022-05-10T11:51:39.000Z</time>
        <extensions>
          <ns3:TrackPointExtension/>
        </extensions>
      </trkpt>
      <trkpt lat="32.0039176382124423980712890625" lon="118.7420730292797088623046875">
        <ele>3.7999999523162841796875</ele>
        <time>2022-05-10T11:51:40.000Z</time>
        <extensions>
          <ns3:TrackPointExtension>
            <ns3:hr>87</ns3:hr>
          </ns3:TrackPointExtension>
        </extensions>
      </trkpt>
      <trkpt lat="32.0038757286965847015380859375" lon="118.74215693213045597076416015625">
        <ele>3.400000095367431640625</ele>
        <time>2022-05-10T11:51:41.000Z</time>
        <extensions>
          <ns3:TrackPointExtension/>
        </extensions>
      </trkpt>
      <trkpt lat="32.00383373536169528961181640625" lon="118.74223320744931697845458984375">
        <ele>3.2000000476837158203125</ele>
        <time>2022-05-10T11:51:42.000Z</time>
        <extensions>
          <ns3:TrackPointExtension/>
        </extensions>
      </trkpt>
      <trkpt lat="32.0037955977022647857666015625" lon="118.7423095665872097015380859375">
        <ele>3</ele>
        <time>2022-05-10T11:51:43.000Z</time>
        <extensions>
          <ns3:TrackPointExtension/>
        </extensions>
      </trkpt>
      <trkpt lat="32.003761231899261474609375" lon="118.742385841906070709228515625">
        <ele>3</ele>
        <time>2022-05-10T11:51:44.000Z</time>
        <extensions>
          <ns3:TrackPointExtension/>
        </extensions>
      </trkpt>
      <trkpt lat="32.00372694991528987884521484375" lon="118.74245448969304561614990234375">
        <ele>3</ele>
        <time>2022-05-10T11:51:45.000Z</time>
        <extensions>
          <ns3:TrackPointExtension>
            <ns3:hr>88</ns3:hr>
          </ns3:TrackPointExtension>
        </extensions>
      </trkpt>
      <trkpt lat="32.0036849565804004669189453125" lon="118.742507882416248321533203125">
        <ele>3</ele>
        <time>2022-05-10T11:51:46.000Z</time>
        <extensions>
          <ns3:TrackPointExtension/>
        </extensions>
      </trkpt>
      <trkpt lat="32.00364296324551105499267578125" lon="118.74254602007567882537841796875">
        <ele>3.400000095367431640625</ele>
        <time>2022-05-10T11:51:47.000Z</time>
        <extensions>
          <ns3:TrackPointExtension/>
        </extensions>
      </trkpt>
      <trkpt lat="32.00360105372965335845947265625" lon="118.7425841577351093292236328125">
        <ele>3.599999904632568359375</ele>
        <time>2022-05-10T11:51:48.000Z</time>
        <extensions>
          <ns3:TrackPointExtension/>
        </extensions>
      </trkpt>
      <trkpt lat="32.003559060394763946533203125" lon="118.74260704033076763153076171875">
        <ele>4</ele>
        <time>2022-05-10T11:51:49.000Z</time>
        <extensions>
          <ns3:TrackPointExtension/>
        </extensions>
      </trkpt>
      <trkpt lat="32.00351715087890625" lon="118.74262229539453983306884765625">
        <ele>4.19999980926513671875</ele>
        <time>2022-05-10T11:51:50.000Z</time>
        <extensions>
          <ns3:TrackPointExtension>
            <ns3:hr>90</ns3:hr>
          </ns3:TrackPointExtension>
        </extensions>
      </trkpt>
      <trkpt lat="32.00347515754401683807373046875" lon="118.742629922926425933837890625">
        <ele>4.19999980926513671875</ele>
        <time>2022-05-10T11:51:51.000Z</time>
        <extensions>
          <ns3:TrackPointExtension/>
        </extensions>
      </trkpt>
      <trkpt lat="32.00342939235270023345947265625" lon="118.742629922926425933837890625">
        <ele>4.19999980926513671875</ele>
        <time>2022-05-10T11:51:52.000Z</time>
        <extensions>
          <ns3:TrackPointExtension/>
        </extensions>
      </trkpt>
      <trkpt lat="32.003387399017810821533203125" lon="118.7426146678626537322998046875">
        <ele>4.19999980926513671875</ele>
        <time>2022-05-10T11:51:53.000Z</time>
        <extensions>
          <ns3:TrackPointExtension/>
        </extensions>
      </trkpt>
      <trkpt lat="32.0033416338264942169189453125" lon="118.74259941279888153076171875">
        <ele>4.19999980926513671875</ele>
        <time>2022-05-10T11:51:54.000Z</time>
        <extensions>
          <ns3:TrackPointExtension/>
        </extensions>
      </trkpt>
      <trkpt lat="32.0032958686351776123046875" lon="118.74257653020322322845458984375">
        <ele>4</ele>
        <time>2022-05-10T11:51:55.000Z</time>
        <extensions>
          <ns3:TrackPointExtension>
            <ns3:hr>90</ns3:hr>
          </ns3:TrackPointExtension>
        </extensions>
      </trkpt>
      <trkpt lat="32.003246247768402099609375" lon="118.74254602007567882537841796875">
        <ele>4</ele>
        <time>2022-05-10T11:51:56.000Z</time>
        <extensions>
          <ns3:TrackPointExtension/>
        </extensions>
      </trkpt>
      <trkpt lat="32.00320811010897159576416015625" lon="118.7425231374800205230712890625">
        <ele>4</ele>
        <time>2022-05-10T11:51:57.000Z</time>
        <extensions>
          <ns3:TrackPointExtension/>
        </extensions>
      </trkpt>
      <trkpt lat="32.0031699724495410919189453125" lon="118.7424926273524761199951171875">
        <ele>4</ele>
        <time>2022-05-10T11:51:58.000Z</time>
        <extensions>
          <ns3:TrackPointExtension/>
        </extensions>
      </trkpt>
      <trkpt lat="32.00313183479011058807373046875" lon="118.74246974475681781768798828125">
        <ele>4.19999980926513671875</ele>
        <time>2022-05-10T11:51:59.000Z</time>
        <extensions>
          <ns3:TrackPointExtension/>
        </extensions>
      </trkpt>
      <trkpt lat="32.003093697130680084228515625" lon="118.742446862161159515380859375">
        <ele>4.400000095367431640625</ele>
        <time>2022-05-10T11:52:00.000Z</time>
        <extensions>
          <ns3:TrackPointExtension>
            <ns3:hr>88</ns3:hr>
          </ns3:TrackPointExtension>
        </extensions>
      </trkpt>
      <trkpt lat="32.00305555947124958038330078125" lon="118.7424163520336151123046875">
        <ele>4.599999904632568359375</ele>
        <time>2022-05-10T11:52:01.000Z</time>
        <extensions>
          <ns3:TrackPointExtension/>
        </extensions>
      </trkpt>
      <trkpt lat="32.00302119366824626922607421875" lon="118.74239346943795680999755859375">
        <ele>4.599999904632568359375</ele>
        <time>2022-05-10T11:52:02.000Z</time>
        <extensions>
          <ns3:TrackPointExtension/>
        </extensions>
      </trkpt>
      <trkpt lat="32.00298682786524295806884765625" lon="118.7423705868422985076904296875">
        <ele>4.80000019073486328125</ele>
        <time>2022-05-10T11:52:03.000Z</time>
        <extensions>
          <ns3:TrackPointExtension/>
        </extensions>
      </trkpt>
      <trkpt lat="32.0029525458812713623046875" lon="118.74234770424664020538330078125">
        <ele>4.80000019073486328125</ele>
        <time>2022-05-10T11:52:04.000Z</time>
        <extensions>
          <ns3:TrackPointExtension/>
        </extensions>
      </trkpt>
      <trkpt lat="32.0029181800782680511474609375" lon="118.742324821650981903076171875">
        <ele>5</ele>
        <time>2022-05-10T11:52:05.000Z</time>
        <extensions>
          <ns3:TrackPointExtension>
            <ns3:hr>90</ns3:hr>
          </ns3:TrackPointExtension>
        </extensions>
      </trkpt>
      <trkpt lat="32.0028876699507236480712890625" lon="118.7423095665872097015380859375">
        <ele>5</ele>
        <time>2022-05-10T11:52:06.000Z</time>
        <extensions>
          <ns3:TrackPointExtension/>
        </extensions>
      </trkpt>
      <trkpt lat="32.0028571598231792449951171875" lon="118.742286600172519683837890625">
        <ele>5</ele>
        <time>2022-05-10T11:52:07.000Z</time>
        <extensions>
          <ns3:TrackPointExtension/>
        </extensions>
      </trkpt>
      <trkpt lat="32.0028266496956348419189453125" lon="118.74226371757686138153076171875">
        <ele>5</ele>
        <time>2022-05-10T11:52:08.000Z</time>
        <extensions>
          <ns3:TrackPointExtension/>
        </extensions>
      </trkpt>
      <trkpt lat="32.0027961395680904388427734375" lon="118.7422408349812030792236328125">
        <ele>4.80000019073486328125</ele>
        <time>2022-05-10T11:52:09.000Z</time>
        <extensions>
          <ns3:TrackPointExtension/>
        </extensions>
      </trkpt>
      <trkpt lat="32.002761773765087127685546875" lon="118.742225579917430877685546875">
        <ele>4.80000019073486328125</ele>
        <time>2022-05-10T11:52:10.000Z</time>
        <extensions>
          <ns3:TrackPointExtension>
            <ns3:hr>88</ns3:hr>
          </ns3:TrackPointExtension>
        </extensions>
      </trkpt>
      <trkpt lat="32.002731263637542724609375" lon="118.74220269732177257537841796875">
        <ele>4.599999904632568359375</ele>
        <time>2022-05-10T11:52:11.000Z</time>
        <extensions>
          <ns3:TrackPointExtension/>
        </extensions>
      </trkpt>
      <trkpt lat="32.002700753509998321533203125" lon="118.7421798147261142730712890625">
        <ele>4.599999904632568359375</ele>
        <time>2022-05-10T11:52:12.000Z</time>
        <extensions>
          <ns3:TrackPointExtension/>
        </extensions>
      </trkpt>
      <trkpt lat="32.0026740990579128265380859375" lon="118.742164559662342071533203125">
        <ele>4.599999904632568359375</ele>
        <time>2022-05-10T11:52:13.000Z</time>
        <extensions>
          <ns3:TrackPointExtension/>
        </extensions>
      </trkpt>
      <trkpt lat="32.00264736078679561614990234375" lon="118.74214167706668376922607421875">
        <ele>4.400000095367431640625</ele>
        <time>2022-05-10T11:52:14.000Z</time>
        <extensions>
          <ns3:TrackPointExtension/>
        </extensions>
      </trkpt>
      <trkpt lat="32.00262062251567840576171875" lon="118.74212642200291156768798828125">
        <ele>4.400000095367431640625</ele>
        <time>2022-05-10T11:52:15.000Z</time>
        <extensions>
          <ns3:TrackPointExtension>
            <ns3:hr>89</ns3:hr>
          </ns3:TrackPointExtension>
        </extensions>
      </trkpt>
      <trkpt lat="32.00259773992002010345458984375" lon="118.74211116693913936614990234375">
        <ele>4.400000095367431640625</ele>
        <time>2022-05-10T11:52:16.000Z</time>
        <extensions>
          <ns3:TrackPointExtension/>
        </extensions>
      </trkpt>
      <trkpt lat="32.0025634579360485076904296875" lon="118.7421187944710254669189453125">
        <ele>4.400000095367431640625</ele>
        <time>2022-05-10T11:52:17.000Z</time>
        <extensions>
          <ns3:TrackPointExtension/>
        </extensions>
      </trkpt>
      <trkpt lat="32.0025329478085041046142578125" lon="118.74212642200291156768798828125">
        <ele>4.400000095367431640625</ele>
        <time>2022-05-10T11:52:18.000Z</time>
        <extensions>
          <ns3:TrackPointExtension/>
        </extensions>
      </trkpt>
      <trkpt lat="32.00249858200550079345703125" lon="118.74213404953479766845703125">
        <ele>4.400000095367431640625</ele>
        <time>2022-05-10T11:52:19.000Z</time>
        <extensions>
          <ns3:TrackPointExtension/>
        </extensions>
      </trkpt>
      <trkpt lat="32.002468071877956390380859375" lon="118.74214167706668376922607421875">
        <ele>4.400000095367431640625</ele>
        <time>2022-05-10T11:52:20.000Z</time>
        <extensions>
          <ns3:TrackPointExtension>
            <ns3:hr>89</ns3:hr>
          </ns3:TrackPointExtension>
        </extensions>
      </trkpt>
      <trkpt lat="32.0024337060749530792236328125" lon="118.74215693213045597076416015625">
        <ele>4.19999980926513671875</ele>
        <time>2022-05-10T11:52:21.000Z</time>
        <extensions>
          <ns3:TrackPointExtension/>
        </extensions>
      </trkpt>
      <trkpt lat="32.0024031959474086761474609375" lon="118.74217218719422817230224609375">
        <ele>4.19999980926513671875</ele>
        <time>2022-05-10T11:52:22.000Z</time>
        <extensions>
          <ns3:TrackPointExtension/>
        </extensions>
      </trkpt>
      <trkpt lat="32.0023726858198642730712890625" lon="118.74218744225800037384033203125">
        <ele>4</ele>
        <time>2022-05-10T11:52:23.000Z</time>
        <extensions>
          <ns3:TrackPointExtension/>
        </extensions>
      </trkpt>
      <trkpt lat="32.002346031367778778076171875" lon="118.74220269732177257537841796875">
        <ele>4</ele>
        <time>2022-05-10T11:52:24.000Z</time>
        <extensions>
          <ns3:TrackPointExtension/>
        </extensions>
      </trkpt>
      <trkpt lat="32.00231929309666156768798828125" lon="118.74221795238554477691650390625">
        <ele>4</ele>
        <time>2022-05-10T11:52:25.000Z</time>
        <extensions>
          <ns3:TrackPointExtension>
            <ns3:hr>89</ns3:hr>
          </ns3:TrackPointExtension>
        </extensions>
      </trkpt>
      <trkpt lat="32.00228878296911716461181640625" lon="118.74223320744931697845458984375">
        <ele>4</ele>
        <time>2022-05-10T11:52:26.000Z</time>
        <extensions>
          <ns3:TrackPointExtension/>
        </extensions>
      </trkpt>
      <trkpt lat="32.0022620446979999542236328125" lon="118.74224846251308917999267578125">
        <ele>3.7999999523162841796875</ele>
        <time>2022-05-10T11:52:27.000Z</time>
        <extensions>
          <ns3:TrackPointExtension/>
        </extensions>
      </trkpt>
      <trkpt lat="32.002246789634227752685546875" lon="118.74224846251308917999267578125">
        <ele>3.7999999523162841796875</ele>
        <time>2022-05-10T11:52:28.000Z</time>
        <extensions>
          <ns3:TrackPointExtension/>
        </extensions>
      </trkpt>
      <trkpt lat="32.0022315345704555511474609375" lon="118.7422408349812030792236328125">
        <ele>3.7999999523162841796875</ele>
        <time>2022-05-10T11:52:29.000Z</time>
        <extensions>
          <ns3:TrackPointExtension/>
        </extensions>
      </trkpt>
      <trkpt lat="32.00222390703856945037841796875" lon="118.7422408349812030792236328125">
        <ele>3.599999904632568359375</ele>
        <time>2022-05-10T11:52:30.000Z</time>
        <extensions>
          <ns3:TrackPointExtension>
            <ns3:hr>87</ns3:hr>
          </ns3:TrackPointExtension>
        </extensions>
      </trkpt>
      <trkpt lat="32.0022201351821422576904296875" lon="118.7422408349812030792236328125">
        <ele>3.599999904632568359375</ele>
        <time>2022-05-10T11:52:31.000Z</time>
        <extensions>
          <ns3:TrackPointExtension/>
        </extensions>
      </trkpt>
      <trkpt lat="32.002216279506683349609375" lon="118.7422408349812030792236328125">
        <ele>3.599999904632568359375</ele>
        <time>2022-05-10T11:52:32.000Z</time>
        <extensions>
          <ns3:TrackPointExtension/>
        </extensions>
      </trkpt>
      <trkpt lat="32.002216279506683349609375" lon="118.7422408349812030792236328125">
        <ele>3.599999904632568359375</ele>
        <time>2022-05-10T11:52:33.000Z</time>
        <extensions>
          <ns3:TrackPointExtension/>
        </extensions>
      </trkpt>
      <trkpt lat="32.002216279506683349609375" lon="118.7422408349812030792236328125">
        <ele>3.599999904632568359375</ele>
        <time>2022-05-10T11:52:34.000Z</time>
        <extensions>
          <ns3:TrackPointExtension/>
        </extensions>
      </trkpt>
      <trkpt lat="32.00221250765025615692138671875" lon="118.7422408349812030792236328125">
        <ele>3.599999904632568359375</ele>
        <time>2022-05-10T11:52:35.000Z</time>
        <extensions>
          <ns3:TrackPointExtension>
            <ns3:hr>86</ns3:hr>
          </ns3:TrackPointExtension>
        </extensions>
      </trkpt>
      <trkpt lat="32.00221250765025615692138671875" lon="118.7422408349812030792236328125">
        <ele>3.599999904632568359375</ele>
        <time>2022-05-10T11:52:36.000Z</time>
        <extensions>
          <ns3:TrackPointExtension/>
        </extensions>
      </trkpt>
      <trkpt lat="32.002216279506683349609375" lon="118.74225609004497528076171875">
        <ele>3.599999904632568359375</ele>
        <time>2022-05-10T11:52:37.000Z</time>
        <extensions>
          <ns3:TrackPointExtension/>
        </extensions>
      </trkpt>
      <trkpt lat="32.00220865197479724884033203125" lon="118.74224846251308917999267578125">
        <ele>3.599999904632568359375</ele>
        <time>2022-05-10T11:52:38.000Z</time>
        <extensions>
          <ns3:TrackPointExtension/>
        </extensions>
      </trkpt>
      <trkpt lat="32.00220865197479724884033203125" lon="118.7422408349812030792236328125">
        <ele>3.599999904632568359375</ele>
        <time>2022-05-10T11:52:39.000Z</time>
        <extensions>
          <ns3:TrackPointExtension/>
        </extensions>
      </trkpt>
      <trkpt lat="32.00220865197479724884033203125" lon="118.7422408349812030792236328125">
        <ele>3.599999904632568359375</ele>
        <time>2022-05-10T11:52:40.000Z</time>
        <extensions>
          <ns3:TrackPointExtension>
            <ns3:hr>85</ns3:hr>
          </ns3:TrackPointExtension>
        </extensions>
      </trkpt>
      <trkpt lat="32.00220865197479724884033203125" lon="118.74223320744931697845458984375">
        <ele>3.599999904632568359375</ele>
        <time>2022-05-10T11:52:41.000Z</time>
        <extensions>
          <ns3:TrackPointExtension/>
        </extensions>
      </trkpt>
      <trkpt lat="32.002216279506683349609375" lon="118.7422103248536586761474609375">
        <ele>3.7999999523162841796875</ele>
        <time>2022-05-10T11:52:44.000Z</time>
        <extensions>
          <ns3:TrackPointExtension/>
        </extensions>
      </trkpt>
      <trkpt lat="32.0022201351821422576904296875" lon="118.74220269732177257537841796875">
        <ele>3.7999999523162841796875</ele>
        <time>2022-05-10T11:52:45.000Z</time>
        <extensions>
          <ns3:TrackPointExtension>
            <ns3:hr>91</ns3:hr>
          </ns3:TrackPointExtension>
        </extensions>
      </trkpt>
      <trkpt lat="32.0022201351821422576904296875" lon="118.74220269732177257537841796875">
        <ele>3.7999999523162841796875</ele>
        <time>2022-05-10T11:52:46.000Z</time>
        <extensions>
          <ns3:TrackPointExtension/>
        </extensions>
      </trkpt>
      <trkpt lat="32.002235390245914459228515625" lon="118.74218744225800037384033203125">
        <ele>4</ele>
        <time>2022-05-10T11:52:47.000Z</time>
        <extensions>
          <ns3:TrackPointExtension/>
        </extensions>
      </trkpt>
      <trkpt lat="32.00224301777780055999755859375" lon="118.742164559662342071533203125">
        <ele>4</ele>
        <time>2022-05-10T11:52:48.000Z</time>
        <extensions>
          <ns3:TrackPointExtension/>
        </extensions>
      </trkpt>
      <trkpt lat="32.00224301777780055999755859375" lon="118.74217218719422817230224609375">
        <ele>4</ele>
        <time>2022-05-10T11:52:49.000Z</time>
        <extensions>
          <ns3:TrackPointExtension/>
        </extensions>
      </trkpt>
      <trkpt lat="32.002246789634227752685546875" lon="118.74217218719422817230224609375">
        <ele>4</ele>
        <time>2022-05-10T11:52:50.000Z</time>
        <extensions>
          <ns3:TrackPointExtension>
            <ns3:hr>89</ns3:hr>
          </ns3:TrackPointExtension>
        </extensions>
      </trkpt>
      <trkpt lat="32.0022506453096866607666015625" lon="118.742164559662342071533203125">
        <ele>4</ele>
        <time>2022-05-10T11:52:51.000Z</time>
        <extensions>
          <ns3:TrackPointExtension/>
        </extensions>
      </trkpt>
      <trkpt lat="32.00225441716611385345458984375" lon="118.742164559662342071533203125">
        <ele>4</ele>
        <time>2022-05-10T11:52:52.000Z</time>
        <extensions>
          <ns3:TrackPointExtension/>
        </extensions>
      </trkpt>
      <trkpt lat="32.00225441716611385345458984375" lon="118.74215693213045597076416015625">
        <ele>4</ele>
        <time>2022-05-10T11:52:53.000Z</time>
        <extensions>
          <ns3:TrackPointExtension/>
        </extensions>
      </trkpt>
      <trkpt lat="32.00225827284157276153564453125" lon="118.742164559662342071533203125">
        <ele>4</ele>
        <time>2022-05-10T11:52:54.000Z</time>
        <extensions>
          <ns3:TrackPointExtension/>
        </extensions>
      </trkpt>
      <trkpt lat="32.00225827284157276153564453125" lon="118.742164559662342071533203125">
        <ele>4</ele>
        <time>2022-05-10T11:52:56.000Z</time>
        <extensions>
          <ns3:TrackPointExtension/>
        </extensions>
      </trkpt>
      <trkpt lat="32.00225827284157276153564453125" lon="118.742164559662342071533203125">
        <ele>4</ele>
        <time>2022-05-10T11:52:57.000Z</time>
        <extensions>
          <ns3:TrackPointExtension/>
        </extensions>
      </trkpt>
      <trkpt lat="32.00225827284157276153564453125" lon="118.742164559662342071533203125">
        <ele>4</ele>
        <time>2022-05-10T11:52:58.000Z</time>
        <extensions>
          <ns3:TrackPointExtension/>
        </extensions>
      </trkpt>
      <trkpt lat="32.00225827284157276153564453125" lon="118.74217218719422817230224609375">
        <ele>4</ele>
        <time>2022-05-10T11:52:59.000Z</time>
        <extensions>
          <ns3:TrackPointExtension/>
        </extensions>
      </trkpt>
      <trkpt lat="32.00225827284157276153564453125" lon="118.74217218719422817230224609375">
        <ele>4</ele>
        <time>2022-05-10T11:53:00.000Z</time>
        <extensions>
          <ns3:TrackPointExtension>
            <ns3:hr>83</ns3:hr>
          </ns3:TrackPointExtension>
        </extensions>
      </trkpt>
      <trkpt lat="32.00225441716611385345458984375" lon="118.74217218719422817230224609375">
        <ele>4</ele>
        <time>2022-05-10T11:53:01.000Z</time>
        <extensions>
          <ns3:TrackPointExtension/>
        </extensions>
      </trkpt>
      <trkpt lat="32.00225827284157276153564453125" lon="118.7421798147261142730712890625">
        <ele>4</ele>
        <time>2022-05-10T11:53:02.000Z</time>
        <extensions>
          <ns3:TrackPointExtension/>
        </extensions>
      </trkpt>
      <trkpt lat="32.00225441716611385345458984375" lon="118.7421798147261142730712890625">
        <ele>4</ele>
        <time>2022-05-10T11:53:03.000Z</time>
        <extensions>
          <ns3:TrackPointExtension/>
        </extensions>
      </trkpt>
      <trkpt lat="32.00225441716611385345458984375" lon="118.7421798147261142730712890625">
        <ele>4</ele>
        <time>2022-05-10T11:53:04.000Z</time>
        <extensions>
          <ns3:TrackPointExtension/>
        </extensions>
      </trkpt>
      <trkpt lat="32.0022506453096866607666015625" lon="118.7421798147261142730712890625">
        <ele>4</ele>
        <time>2022-05-10T11:53:05.000Z</time>
        <extensions>
          <ns3:TrackPointExtension>
            <ns3:hr>84</ns3:hr>
          </ns3:TrackPointExtension>
        </extensions>
      </trkpt>
      <trkpt lat="32.002246789634227752685546875" lon="118.7421798147261142730712890625">
        <ele>4</ele>
        <time>2022-05-10T11:53:06.000Z</time>
        <extensions>
          <ns3:TrackPointExtension/>
        </extensions>
      </trkpt>
      <trkpt lat="32.0022620446979999542236328125" lon="118.742164559662342071533203125">
        <ele>4</ele>
        <time>2022-05-10T11:53:10.000Z</time>
        <extensions>
          <ns3:TrackPointExtension>
            <ns3:hr>85</ns3:hr>
          </ns3:TrackPointExtension>
        </extensions>
      </trkpt>
      <trkpt lat="32.0022620446979999542236328125" lon="118.742164559662342071533203125">
        <ele>4</ele>
        <time>2022-05-10T11:53:11.000Z</time>
        <extensions>
          <ns3:TrackPointExtension/>
        </extensions>
      </trkpt>
      <trkpt lat="32.00225827284157276153564453125" lon="118.742164559662342071533203125">
        <ele>4</ele>
        <time>2022-05-10T11:53:12.000Z</time>
        <extensions>
          <ns3:TrackPointExtension/>
        </extensions>
      </trkpt>
      <trkpt lat="32.00225827284157276153564453125" lon="118.742164559662342071533203125">
        <ele>4</ele>
        <time>2022-05-10T11:53:13.000Z</time>
        <extensions>
          <ns3:TrackPointExtension/>
        </extensions>
      </trkpt>
      <trkpt lat="32.00225827284157276153564453125" lon="118.742164559662342071533203125">
        <ele>4</ele>
        <time>2022-05-10T11:53:14.000Z</time>
        <extensions>
          <ns3:TrackPointExtension/>
        </extensions>
      </trkpt>
      <trkpt lat="32.00225827284157276153564453125" lon="118.74215693213045597076416015625">
        <ele>4</ele>
        <time>2022-05-10T11:53:15.000Z</time>
        <extensions>
          <ns3:TrackPointExtension>
            <ns3:hr>87</ns3:hr>
          </ns3:TrackPointExtension>
        </extensions>
      </trkpt>
      <trkpt lat="32.00225441716611385345458984375" lon="118.74215693213045597076416015625">
        <ele>4</ele>
        <time>2022-05-10T11:53:16.000Z</time>
        <extensions>
          <ns3:TrackPointExtension/>
        </extensions>
      </trkpt>
      <trkpt lat="32.00225441716611385345458984375" lon="118.74215693213045597076416015625">
        <ele>4</ele>
        <time>2022-05-10T11:53:18.000Z</time>
        <extensions>
          <ns3:TrackPointExtension/>
        </extensions>
      </trkpt>
      <trkpt lat="32.00225441716611385345458984375" lon="118.7421493045985698699951171875">
        <ele>4</ele>
        <time>2022-05-10T11:53:19.000Z</time>
        <extensions>
          <ns3:TrackPointExtension/>
        </extensions>
      </trkpt>
      <trkpt lat="32.00225441716611385345458984375" lon="118.7421493045985698699951171875">
        <ele>4</ele>
        <time>2022-05-10T11:53:20.000Z</time>
        <extensions>
          <ns3:TrackPointExtension>
            <ns3:hr>89</ns3:hr>
          </ns3:TrackPointExtension>
        </extensions>
      </trkpt>
      <trkpt lat="32.00225441716611385345458984375" lon="118.7421493045985698699951171875">
        <ele>4</ele>
        <time>2022-05-10T11:53:21.000Z</time>
        <extensions>
          <ns3:TrackPointExtension/>
        </extensions>
      </trkpt>
      <trkpt lat="32.00225441716611385345458984375" lon="118.7421493045985698699951171875">
        <ele>4</ele>
        <time>2022-05-10T11:53:22.000Z</time>
        <extensions>
          <ns3:TrackPointExtension/>
        </extensions>
      </trkpt>
      <trkpt lat="32.00225441716611385345458984375" lon="118.7421493045985698699951171875">
        <ele>4</ele>
        <time>2022-05-10T11:53:23.000Z</time>
        <extensions>
          <ns3:TrackPointExtension/>
        </extensions>
      </trkpt>
      <trkpt lat="32.00225827284157276153564453125" lon="118.7421493045985698699951171875">
        <ele>4</ele>
        <time>2022-05-10T11:53:24.000Z</time>
        <extensions>
          <ns3:TrackPointExtension/>
        </extensions>
      </trkpt>
      <trkpt lat="32.00225827284157276153564453125" lon="118.7421493045985698699951171875">
        <ele>4</ele>
        <time>2022-05-10T11:53:25.000Z</time>
        <extensions>
          <ns3:TrackPointExtension>
            <ns3:hr>90</ns3:hr>
          </ns3:TrackPointExtension>
        </extensions>
      </trkpt>
      <trkpt lat="32.00225827284157276153564453125" lon="118.7421493045985698699951171875">
        <ele>4</ele>
        <time>2022-05-10T11:53:26.000Z</time>
        <extensions>
          <ns3:TrackPointExtension/>
        </extensions>
      </trkpt>
      <trkpt lat="32.0022620446979999542236328125" lon="118.7421493045985698699951171875">
        <ele>4</ele>
        <time>2022-05-10T11:53:27.000Z</time>
        <extensions>
          <ns3:TrackPointExtension/>
        </extensions>
      </trkpt>
      <trkpt lat="32.0022659003734588623046875" lon="118.7421493045985698699951171875">
        <ele>4</ele>
        <time>2022-05-10T11:53:29.000Z</time>
        <extensions>
          <ns3:TrackPointExtension/>
        </extensions>
      </trkpt>
      <trkpt lat="32.0022659003734588623046875" lon="118.7421493045985698699951171875">
        <ele>4</ele>
        <time>2022-05-10T11:53:31.000Z</time>
        <extensions>
          <ns3:TrackPointExtension/>
        </extensions>
      </trkpt>
      <trkpt lat="32.00226967222988605499267578125" lon="118.7421493045985698699951171875">
        <ele>4</ele>
        <time>2022-05-10T11:53:32.000Z</time>
        <extensions>
          <ns3:TrackPointExtension/>
        </extensions>
      </trkpt>
      <trkpt lat="32.00226967222988605499267578125" lon="118.7421493045985698699951171875">
        <ele>4</ele>
        <time>2022-05-10T11:53:33.000Z</time>
        <extensions>
          <ns3:TrackPointExtension/>
        </extensions>
      </trkpt>
      <trkpt lat="32.00226967222988605499267578125" lon="118.7421493045985698699951171875">
        <ele>4</ele>
        <time>2022-05-10T11:53:35.000Z</time>
        <extensions>
          <ns3:TrackPointExtension>
            <ns3:hr>85</ns3:hr>
          </ns3:TrackPointExtension>
        </extensions>
      </trkpt>
      <trkpt lat="32.00227352790534496307373046875" lon="118.7421493045985698699951171875">
        <ele>4</ele>
        <time>2022-05-10T11:53:36.000Z</time>
        <extensions>
          <ns3:TrackPointExtension/>
        </extensions>
      </trkpt>
      <trkpt lat="32.00227352790534496307373046875" lon="118.7421493045985698699951171875">
        <ele>4</ele>
        <time>2022-05-10T11:53:37.000Z</time>
        <extensions>
          <ns3:TrackPointExtension/>
        </extensions>
      </trkpt>
      <trkpt lat="32.00227352790534496307373046875" lon="118.74215693213045597076416015625">
        <ele>4</ele>
        <time>2022-05-10T11:53:38.000Z</time>
        <extensions>
          <ns3:TrackPointExtension/>
        </extensions>
      </trkpt>
      <trkpt lat="32.00227352790534496307373046875" lon="118.74215693213045597076416015625">
        <ele>4</ele>
        <time>2022-05-10T11:53:39.000Z</time>
        <extensions>
          <ns3:TrackPointExtension/>
        </extensions>
      </trkpt>
      <trkpt lat="32.00227729976177215576171875" lon="118.74215693213045597076416015625">
        <ele>4</ele>
        <time>2022-05-10T11:53:40.000Z</time>
        <extensions>
          <ns3:TrackPointExtension>
            <ns3:hr>86</ns3:hr>
          </ns3:TrackPointExtension>
        </extensions>
      </trkpt>
      <trkpt lat="32.00227729976177215576171875" lon="118.74215693213045597076416015625">
        <ele>4</ele>
        <time>2022-05-10T11:53:41.000Z</time>
        <extensions>
          <ns3:TrackPointExtension/>
        </extensions>
      </trkpt>
      <trkpt lat="32.00227729976177215576171875" lon="118.742164559662342071533203125">
        <ele>4</ele>
        <time>2022-05-10T11:53:42.000Z</time>
        <extensions>
          <ns3:TrackPointExtension/>
        </extensions>
      </trkpt>
      <trkpt lat="32.00227729976177215576171875" lon="118.742164559662342071533203125">
        <ele>4</ele>
        <time>2022-05-10T11:53:43.000Z</time>
        <extensions>
          <ns3:TrackPointExtension/>
        </extensions>
      </trkpt>
      <trkpt lat="32.00227729976177215576171875" lon="118.742164559662342071533203125">
        <ele>4</ele>
        <time>2022-05-10T11:53:44.000Z</time>
        <extensions>
          <ns3:TrackPointExtension/>
        </extensions>
      </trkpt>
      <trkpt lat="32.00227729976177215576171875" lon="118.742164559662342071533203125">
        <ele>4</ele>
        <time>2022-05-10T11:53:46.000Z</time>
        <extensions>
          <ns3:TrackPointExtension/>
        </extensions>
      </trkpt>
      <trkpt lat="32.00227729976177215576171875" lon="118.74215693213045597076416015625">
        <ele>4</ele>
        <time>2022-05-10T11:53:47.000Z</time>
        <extensions>
          <ns3:TrackPointExtension/>
        </extensions>
      </trkpt>
      <trkpt lat="32.00227729976177215576171875" lon="118.74215693213045597076416015625">
        <ele>4</ele>
        <time>2022-05-10T11:53:48.000Z</time>
        <extensions>
          <ns3:TrackPointExtension/>
        </extensions>
      </trkpt>
      <trkpt lat="32.00227729976177215576171875" lon="118.74215693213045597076416015625">
        <ele>4</ele>
        <time>2022-05-10T11:53:49.000Z</time>
        <extensions>
          <ns3:TrackPointExtension/>
        </extensions>
      </trkpt>
      <trkpt lat="32.00227729976177215576171875" lon="118.7421493045985698699951171875">
        <ele>4</ele>
        <time>2022-05-10T11:53:50.000Z</time>
        <extensions>
          <ns3:TrackPointExtension>
            <ns3:hr>81</ns3:hr>
          </ns3:TrackPointExtension>
        </extensions>
      </trkpt>
      <trkpt lat="32.00227729976177215576171875" lon="118.7421493045985698699951171875">
        <ele>4</ele>
        <time>2022-05-10T11:53:51.000Z</time>
        <extensions>
          <ns3:TrackPointExtension/>
        </extensions>
      </trkpt>
      <trkpt lat="32.00227729976177215576171875" lon="118.74214167706668376922607421875">
        <ele>4</ele>
        <time>2022-05-10T11:53:52.000Z</time>
        <extensions>
          <ns3:TrackPointExtension/>
        </extensions>
      </trkpt>
      <trkpt lat="32.00227352790534496307373046875" lon="118.74214167706668376922607421875">
        <ele>4</ele>
        <time>2022-05-10T11:53:53.000Z</time>
        <extensions>
          <ns3:TrackPointExtension/>
        </extensions>
      </trkpt>
      <trkpt lat="32.00227352790534496307373046875" lon="118.74212642200291156768798828125">
        <ele>4</ele>
        <time>2022-05-10T11:53:54.000Z</time>
        <extensions>
          <ns3:TrackPointExtension/>
        </extensions>
      </trkpt>
      <trkpt lat="32.0022659003734588623046875" lon="118.74212642200291156768798828125">
        <ele>4</ele>
        <time>2022-05-10T11:53:55.000Z</time>
        <extensions>
          <ns3:TrackPointExtension>
            <ns3:hr>81</ns3:hr>
          </ns3:TrackPointExtension>
        </extensions>
      </trkpt>
      <trkpt lat="32.00226967222988605499267578125" lon="118.74212642200291156768798828125">
        <ele>4</ele>
        <time>2022-05-10T11:53:56.000Z</time>
        <extensions>
          <ns3:TrackPointExtension/>
        </extensions>
      </trkpt>
      <trkpt lat="32.00226967222988605499267578125" lon="118.74213404953479766845703125">
        <ele>4</ele>
        <time>2022-05-10T11:53:57.000Z</time>
        <extensions>
          <ns3:TrackPointExtension/>
        </extensions>
      </trkpt>
      <trkpt lat="32.00226967222988605499267578125" lon="118.74214167706668376922607421875">
        <ele>4</ele>
        <time>2022-05-10T11:53:58.000Z</time>
        <extensions>
          <ns3:TrackPointExtension/>
        </extensions>
      </trkpt>
      <trkpt lat="32.00226967222988605499267578125" lon="118.74214167706668376922607421875">
        <ele>4</ele>
        <time>2022-05-10T11:54:02.000Z</time>
        <extensions>
          <ns3:TrackPointExtension/>
        </extensions>
      </trkpt>
      <trkpt lat="32.00226967222988605499267578125" lon="118.74214167706668376922607421875">
        <ele>4</ele>
        <time>2022-05-10T11:54:04.000Z</time>
        <extensions>
          <ns3:TrackPointExtension/>
        </extensions>
      </trkpt>
      <trkpt lat="32.00226967222988605499267578125" lon="118.74214167706668376922607421875">
        <ele>4</ele>
        <time>2022-05-10T11:54:05.000Z</time>
        <extensions>
          <ns3:TrackPointExtension>
            <ns3:hr>79</ns3:hr>
          </ns3:TrackPointExtension>
        </extensions>
      </trkpt>
      <trkpt lat="32.00226967222988605499267578125" lon="118.74214167706668376922607421875">
        <ele>4</ele>
        <time>2022-05-10T11:54:06.000Z</time>
        <extensions>
          <ns3:TrackPointExtension/>
        </extensions>
      </trkpt>
      <trkpt lat="32.00226967222988605499267578125" lon="118.74214167706668376922607421875">
        <ele>4</ele>
        <time>2022-05-10T11:54:07.000Z</time>
        <extensions>
          <ns3:TrackPointExtension/>
        </extensions>
      </trkpt>
      <trkpt lat="32.00230403803288936614990234375" lon="118.74211116693913936614990234375">
        <ele>4</ele>
        <time>2022-05-10T11:54:12.000Z</time>
        <extensions>
          <ns3:TrackPointExtension/>
        </extensions>
      </trkpt>
      <trkpt lat="32.00230403803288936614990234375" lon="118.7421187944710254669189453125">
        <ele>4</ele>
        <time>2022-05-10T11:54:13.000Z</time>
        <extensions>
          <ns3:TrackPointExtension/>
        </extensions>
      </trkpt>
      <trkpt lat="32.00230403803288936614990234375" lon="118.7421187944710254669189453125">
        <ele>4</ele>
        <time>2022-05-10T11:54:14.000Z</time>
        <extensions>
          <ns3:TrackPointExtension/>
        </extensions>
      </trkpt>
      <trkpt lat="32.00230018235743045806884765625" lon="118.74212642200291156768798828125">
        <ele>4</ele>
        <time>2022-05-10T11:54:15.000Z</time>
        <extensions>
          <ns3:TrackPointExtension>
            <ns3:hr>81</ns3:hr>
          </ns3:TrackPointExtension>
        </extensions>
      </trkpt>
      <trkpt lat="32.00228878296911716461181640625" lon="118.74212642200291156768798828125">
        <ele>4</ele>
        <time>2022-05-10T11:54:16.000Z</time>
        <extensions>
          <ns3:TrackPointExtension/>
        </extensions>
      </trkpt>
      <trkpt lat="32.0022811554372310638427734375" lon="118.74213404953479766845703125">
        <ele>4</ele>
        <time>2022-05-10T11:54:17.000Z</time>
        <extensions>
          <ns3:TrackPointExtension/>
        </extensions>
      </trkpt>
      <trkpt lat="32.0022811554372310638427734375" lon="118.74213404953479766845703125">
        <ele>4</ele>
        <time>2022-05-10T11:54:18.000Z</time>
        <extensions>
          <ns3:TrackPointExtension/>
        </extensions>
      </trkpt>
      <trkpt lat="32.0022811554372310638427734375" lon="118.74213404953479766845703125">
        <ele>4</ele>
        <time>2022-05-10T11:54:19.000Z</time>
        <extensions>
          <ns3:TrackPointExtension/>
        </extensions>
      </trkpt>
      <trkpt lat="32.00226967222988605499267578125" lon="118.74212642200291156768798828125">
        <ele>4</ele>
        <time>2022-05-10T11:54:22.000Z</time>
        <extensions>
          <ns3:TrackPointExtension/>
        </extensions>
      </trkpt>
      <trkpt lat="32.0022659003734588623046875" lon="118.7421187944710254669189453125">
        <ele>4</ele>
        <time>2022-05-10T11:54:23.000Z</time>
        <extensions>
          <ns3:TrackPointExtension/>
        </extensions>
      </trkpt>
      <trkpt lat="32.0022659003734588623046875" lon="118.74211116693913936614990234375">
        <ele>4</ele>
        <time>2022-05-10T11:54:24.000Z</time>
        <extensions>
          <ns3:TrackPointExtension/>
        </extensions>
      </trkpt>
      <trkpt lat="32.0022659003734588623046875" lon="118.74211116693913936614990234375">
        <ele>4</ele>
        <time>2022-05-10T11:54:25.000Z</time>
        <extensions>
          <ns3:TrackPointExtension>
            <ns3:hr>87</ns3:hr>
          </ns3:TrackPointExtension>
        </extensions>
      </trkpt>
      <trkpt lat="32.00226967222988605499267578125" lon="118.7420882843434810638427734375">
        <ele>4</ele>
        <time>2022-05-10T11:54:26.000Z</time>
        <extensions>
          <ns3:TrackPointExtension/>
        </extensions>
      </trkpt>
      <trkpt lat="32.00230018235743045806884765625" lon="118.742103539407253265380859375">
        <ele>4</ele>
        <time>2022-05-10T11:54:27.000Z</time>
        <extensions>
          <ns3:TrackPointExtension/>
        </extensions>
      </trkpt>
      <trkpt lat="32.002307809889316558837890625" lon="118.742103539407253265380859375">
        <ele>4</ele>
        <time>2022-05-10T11:54:28.000Z</time>
        <extensions>
          <ns3:TrackPointExtension/>
        </extensions>
      </trkpt>
      <trkpt lat="32.00232314877212047576904296875" lon="118.74211116693913936614990234375">
        <ele>4</ele>
        <time>2022-05-10T11:54:29.000Z</time>
        <extensions>
          <ns3:TrackPointExtension/>
        </extensions>
      </trkpt>
      <trkpt lat="32.00233454816043376922607421875" lon="118.7421187944710254669189453125">
        <ele>4</ele>
        <time>2022-05-10T11:54:30.000Z</time>
        <extensions>
          <ns3:TrackPointExtension>
            <ns3:hr>86</ns3:hr>
          </ns3:TrackPointExtension>
        </extensions>
      </trkpt>
      <trkpt lat="32.00235365889966487884521484375" lon="118.74213404953479766845703125">
        <ele>4</ele>
        <time>2022-05-10T11:54:31.000Z</time>
        <extensions>
          <ns3:TrackPointExtension/>
        </extensions>
      </trkpt>
      <trkpt lat="32.0023726858198642730712890625" lon="118.7421493045985698699951171875">
        <ele>4</ele>
        <time>2022-05-10T11:54:32.000Z</time>
        <extensions>
          <ns3:TrackPointExtension/>
        </extensions>
      </trkpt>
      <trkpt lat="32.0023917965590953826904296875" lon="118.74217218719422817230224609375">
        <ele>4.19999980926513671875</ele>
        <time>2022-05-10T11:54:33.000Z</time>
        <extensions>
          <ns3:TrackPointExtension/>
        </extensions>
      </trkpt>
      <trkpt lat="32.00241082347929477691650390625" lon="118.742195069789886474609375">
        <ele>4.19999980926513671875</ele>
        <time>2022-05-10T11:54:34.000Z</time>
        <extensions>
          <ns3:TrackPointExtension/>
        </extensions>
      </trkpt>
      <trkpt lat="32.0024337060749530792236328125" lon="118.74221795238554477691650390625">
        <ele>4.19999980926513671875</ele>
        <time>2022-05-10T11:54:35.000Z</time>
        <extensions>
          <ns3:TrackPointExtension>
            <ns3:hr>86</ns3:hr>
          </ns3:TrackPointExtension>
        </extensions>
      </trkpt>
      <trkpt lat="32.00245658867061138153076171875" lon="118.74224846251308917999267578125">
        <ele>4.400000095367431640625</ele>
        <time>2022-05-10T11:54:36.000Z</time>
        <extensions>
          <ns3:TrackPointExtension/>
        </extensions>
      </trkpt>
      <trkpt lat="32.0024833269417285919189453125" lon="118.7422713451087474822998046875">
        <ele>4.400000095367431640625</ele>
        <time>2022-05-10T11:54:37.000Z</time>
        <extensions>
          <ns3:TrackPointExtension/>
        </extensions>
      </trkpt>
      <trkpt lat="32.00251006521284580230712890625" lon="118.74230193905532360076904296875">
        <ele>4.599999904632568359375</ele>
        <time>2022-05-10T11:54:38.000Z</time>
        <extensions>
          <ns3:TrackPointExtension/>
        </extensions>
      </trkpt>
      <trkpt lat="32.00254057534039020538330078125" lon="118.74233244918286800384521484375">
        <ele>4.80000019073486328125</ele>
        <time>2022-05-10T11:54:39.000Z</time>
        <extensions>
          <ns3:TrackPointExtension/>
        </extensions>
      </trkpt>
      <trkpt lat="32.00257108546793460845947265625" lon="118.74235533177852630615234375">
        <ele>5</ele>
        <time>2022-05-10T11:54:40.000Z</time>
        <extensions>
          <ns3:TrackPointExtension>
            <ns3:hr>87</ns3:hr>
          </ns3:TrackPointExtension>
        </extensions>
      </trkpt>
      <trkpt lat="32.0026092231273651123046875" lon="118.742385841906070709228515625">
        <ele>5.19999980926513671875</ele>
        <time>2022-05-10T11:54:41.000Z</time>
        <extensions>
          <ns3:TrackPointExtension/>
        </extensions>
      </trkpt>
      <trkpt lat="32.00264736078679561614990234375" lon="118.7424163520336151123046875">
        <ele>5.400000095367431640625</ele>
        <time>2022-05-10T11:54:42.000Z</time>
        <extensions>
          <ns3:TrackPointExtension/>
        </extensions>
      </trkpt>
      <trkpt lat="32.0026854984462261199951171875" lon="118.74243923462927341461181640625">
        <ele>5.400000095367431640625</ele>
        <time>2022-05-10T11:54:43.000Z</time>
        <extensions>
          <ns3:TrackPointExtension/>
        </extensions>
      </trkpt>
      <trkpt lat="32.002731263637542724609375" lon="118.7424621172249317169189453125">
        <ele>5.19999980926513671875</ele>
        <time>2022-05-10T11:54:44.000Z</time>
        <extensions>
          <ns3:TrackPointExtension/>
        </extensions>
      </trkpt>
      <trkpt lat="32.00276940129697322845458984375" lon="118.7424926273524761199951171875">
        <ele>5.19999980926513671875</ele>
        <time>2022-05-10T11:54:45.000Z</time>
        <extensions>
          <ns3:TrackPointExtension>
            <ns3:hr>88</ns3:hr>
          </ns3:TrackPointExtension>
        </extensions>
      </trkpt>
      <trkpt lat="32.002811394631862640380859375" lon="118.7425231374800205230712890625">
        <ele>5.19999980926513671875</ele>
        <time>2022-05-10T11:54:46.000Z</time>
        <extensions>
          <ns3:TrackPointExtension/>
        </extensions>
      </trkpt>
      <trkpt lat="32.0028571598231792449951171875" lon="118.74254602007567882537841796875">
        <ele>5.19999980926513671875</ele>
        <time>2022-05-10T11:54:47.000Z</time>
        <extensions>
          <ns3:TrackPointExtension/>
        </extensions>
      </trkpt>
      <trkpt lat="32.002902925014495849609375" lon="118.742568902671337127685546875">
        <ele>5</ele>
        <time>2022-05-10T11:54:48.000Z</time>
        <extensions>
          <ns3:TrackPointExtension/>
        </extensions>
      </trkpt>
      <trkpt lat="32.0029486902058124542236328125" lon="118.74259941279888153076171875">
        <ele>5</ele>
        <time>2022-05-10T11:54:49.000Z</time>
        <extensions>
          <ns3:TrackPointExtension/>
        </extensions>
      </trkpt>
      <trkpt lat="32.0029983110725879669189453125" lon="118.742629922926425933837890625">
        <ele>5</ele>
        <time>2022-05-10T11:54:50.000Z</time>
        <extensions>
          <ns3:TrackPointExtension>
            <ns3:hr>89</ns3:hr>
          </ns3:TrackPointExtension>
        </extensions>
      </trkpt>
      <trkpt lat="32.0030479319393634796142578125" lon="118.7426528893411159515380859375">
        <ele>4.80000019073486328125</ele>
        <time>2022-05-10T11:54:51.000Z</time>
        <extensions>
          <ns3:TrackPointExtension/>
        </extensions>
      </trkpt>
      <trkpt lat="32.003093697130680084228515625" lon="118.7426833994686603546142578125">
        <ele>4.80000019073486328125</ele>
        <time>2022-05-10T11:54:52.000Z</time>
        <extensions>
          <ns3:TrackPointExtension/>
        </extensions>
      </trkpt>
      <trkpt lat="32.00313560664653778076171875" lon="118.7427139095962047576904296875">
        <ele>4.80000019073486328125</ele>
        <time>2022-05-10T11:54:53.000Z</time>
        <extensions>
          <ns3:TrackPointExtension/>
        </extensions>
      </trkpt>
      <trkpt lat="32.00317759998142719268798828125" lon="118.74273679219186305999755859375">
        <ele>4.599999904632568359375</ele>
        <time>2022-05-10T11:54:54.000Z</time>
        <extensions>
          <ns3:TrackPointExtension/>
        </extensions>
      </trkpt>
      <trkpt lat="32.003215737640857696533203125" lon="118.7427749298512935638427734375">
        <ele>4.80000019073486328125</ele>
        <time>2022-05-10T11:54:55.000Z</time>
        <extensions>
          <ns3:TrackPointExtension>
            <ns3:hr>89</ns3:hr>
          </ns3:TrackPointExtension>
        </extensions>
      </trkpt>
      <trkpt lat="32.00325387530028820037841796875" lon="118.74279781244695186614990234375">
        <ele>4.80000019073486328125</ele>
        <time>2022-05-10T11:54:56.000Z</time>
        <extensions>
          <ns3:TrackPointExtension/>
        </extensions>
      </trkpt>
      <trkpt lat="32.00328824110329151153564453125" lon="118.74282832257449626922607421875">
        <ele>5</ele>
        <time>2022-05-10T11:54:57.000Z</time>
        <extensions>
          <ns3:TrackPointExtension/>
        </extensions>
      </trkpt>
      <trkpt lat="32.00331489555537700653076171875" lon="118.74284357763826847076416015625">
        <ele>5</ele>
        <time>2022-05-10T11:54:58.000Z</time>
        <extensions>
          <ns3:TrackPointExtension/>
        </extensions>
      </trkpt>
      <trkpt lat="32.0033416338264942169189453125" lon="118.7428664602339267730712890625">
        <ele>5</ele>
        <time>2022-05-10T11:54:59.000Z</time>
        <extensions>
          <ns3:TrackPointExtension/>
        </extensions>
      </trkpt>
      <trkpt lat="32.0033607445657253265380859375" lon="118.742881715297698974609375">
        <ele>5</ele>
        <time>2022-05-10T11:55:00.000Z</time>
        <extensions>
          <ns3:TrackPointExtension>
            <ns3:hr>88</ns3:hr>
          </ns3:TrackPointExtension>
        </extensions>
      </trkpt>
      <trkpt lat="32.003375999629497528076171875" lon="118.7428969703614711761474609375">
        <ele>5</ele>
        <time>2022-05-10T11:55:01.000Z</time>
        <extensions>
          <ns3:TrackPointExtension/>
        </extensions>
      </trkpt>
      <trkpt lat="32.00338362716138362884521484375" lon="118.742912225425243377685546875">
        <ele>5</ele>
        <time>2022-05-10T11:55:02.000Z</time>
        <extensions>
          <ns3:TrackPointExtension/>
        </extensions>
      </trkpt>
      <trkpt lat="32.00339502654969692230224609375" lon="118.74291985295712947845458984375">
        <ele>5</ele>
        <time>2022-05-10T11:55:03.000Z</time>
        <extensions>
          <ns3:TrackPointExtension/>
        </extensions>
      </trkpt>
      <trkpt lat="32.0034026540815830230712890625" lon="118.7429274804890155792236328125">
        <ele>5</ele>
        <time>2022-05-10T11:55:04.000Z</time>
        <extensions>
          <ns3:TrackPointExtension/>
        </extensions>
      </trkpt>
      <trkpt lat="32.00340650975704193115234375" lon="118.7429274804890155792236328125">
        <ele>5</ele>
        <time>2022-05-10T11:55:05.000Z</time>
        <extensions>
          <ns3:TrackPointExtension>
            <ns3:hr>94</ns3:hr>
          </ns3:TrackPointExtension>
        </extensions>
      </trkpt>
      <trkpt lat="32.00341028161346912384033203125" lon="118.74293510802090167999267578125">
        <ele>5</ele>
        <time>2022-05-10T11:55:06.000Z</time>
        <extensions>
          <ns3:TrackPointExtension/>
        </extensions>
      </trkpt>
      <trkpt lat="32.00341413728892803192138671875" lon="118.74293510802090167999267578125">
        <ele>5</ele>
        <time>2022-05-10T11:55:07.000Z</time>
        <extensions>
          <ns3:TrackPointExtension/>
        </extensions>
      </trkpt>
      <trkpt lat="32.0034217648208141326904296875" lon="118.74293510802090167999267578125">
        <ele>5</ele>
        <time>2022-05-10T11:55:08.000Z</time>
        <extensions>
          <ns3:TrackPointExtension/>
        </extensions>
      </trkpt>
      <trkpt lat="32.00342553667724132537841796875" lon="118.74293510802090167999267578125">
        <ele>5</ele>
        <time>2022-05-10T11:55:09.000Z</time>
        <extensions>
          <ns3:TrackPointExtension/>
        </extensions>
      </trkpt>
      <trkpt lat="32.00342939235270023345947265625" lon="118.74293510802090167999267578125">
        <ele>5</ele>
        <time>2022-05-10T11:55:10.000Z</time>
        <extensions>
          <ns3:TrackPointExtension>
            <ns3:hr>94</ns3:hr>
          </ns3:TrackPointExtension>
        </extensions>
      </trkpt>
      <trkpt lat="32.0034331642091274261474609375" lon="118.74293510802090167999267578125">
        <ele>5</ele>
        <time>2022-05-10T11:55:11.000Z</time>
        <extensions>
          <ns3:TrackPointExtension/>
        </extensions>
      </trkpt>
      <trkpt lat="32.003437019884586334228515625" lon="118.74293510802090167999267578125">
        <ele>5</ele>
        <time>2022-05-10T11:55:12.000Z</time>
        <extensions>
          <ns3:TrackPointExtension/>
        </extensions>
      </trkpt>
      <trkpt lat="32.003437019884586334228515625" lon="118.7429274804890155792236328125">
        <ele>5</ele>
        <time>2022-05-10T11:55:13.000Z</time>
        <extensions>
          <ns3:TrackPointExtension/>
        </extensions>
      </trkpt>
      <trkpt lat="32.00344079174101352691650390625" lon="118.7429274804890155792236328125">
        <ele>5</ele>
        <time>2022-05-10T11:55:14.000Z</time>
        <extensions>
          <ns3:TrackPointExtension/>
        </extensions>
      </trkpt>
      <trkpt lat="32.00344079174101352691650390625" lon="118.7429274804890155792236328125">
        <ele>5</ele>
        <time>2022-05-10T11:55:15.000Z</time>
        <extensions>
          <ns3:TrackPointExtension>
            <ns3:hr>92</ns3:hr>
          </ns3:TrackPointExtension>
        </extensions>
      </trkpt>
      <trkpt lat="32.00344079174101352691650390625" lon="118.7429274804890155792236328125">
        <ele>5</ele>
        <time>2022-05-10T11:55:16.000Z</time>
        <extensions>
          <ns3:TrackPointExtension/>
        </extensions>
      </trkpt>
      <trkpt lat="32.00344464741647243499755859375" lon="118.7429274804890155792236328125">
        <ele>5</ele>
        <time>2022-05-10T11:55:17.000Z</time>
        <extensions>
          <ns3:TrackPointExtension/>
        </extensions>
      </trkpt>
      <trkpt lat="32.00344464741647243499755859375" lon="118.7429274804890155792236328125">
        <ele>5</ele>
        <time>2022-05-10T11:55:18.000Z</time>
        <extensions>
          <ns3:TrackPointExtension/>
        </extensions>
      </trkpt>
      <trkpt lat="32.00344464741647243499755859375" lon="118.7429274804890155792236328125">
        <ele>5</ele>
        <time>2022-05-10T11:55:19.000Z</time>
        <extensions>
          <ns3:TrackPointExtension/>
        </extensions>
      </trkpt>
      <trkpt lat="32.00344464741647243499755859375" lon="118.7429274804890155792236328125">
        <ele>5</ele>
        <time>2022-05-10T11:55:20.000Z</time>
        <extensions>
          <ns3:TrackPointExtension>
            <ns3:hr>88</ns3:hr>
          </ns3:TrackPointExtension>
        </extensions>
      </trkpt>
      <trkpt lat="32.003448419272899627685546875" lon="118.7429274804890155792236328125">
        <ele>5</ele>
        <time>2022-05-10T11:55:21.000Z</time>
        <extensions>
          <ns3:TrackPointExtension/>
        </extensions>
      </trkpt>
      <trkpt lat="32.003448419272899627685546875" lon="118.7429274804890155792236328125">
        <ele>5</ele>
        <time>2022-05-10T11:55:22.000Z</time>
        <extensions>
          <ns3:TrackPointExtension/>
        </extensions>
      </trkpt>
      <trkpt lat="32.003448419272899627685546875" lon="118.7429274804890155792236328125">
        <ele>5</ele>
        <time>2022-05-10T11:55:23.000Z</time>
        <extensions>
          <ns3:TrackPointExtension/>
        </extensions>
      </trkpt>
      <trkpt lat="32.0034522749483585357666015625" lon="118.7429274804890155792236328125">
        <ele>5</ele>
        <time>2022-05-10T11:55:25.000Z</time>
        <extensions>
          <ns3:TrackPointExtension>
            <ns3:hr>86</ns3:hr>
          </ns3:TrackPointExtension>
        </extensions>
      </trkpt>
      <trkpt lat="32.00345604680478572845458984375" lon="118.74293510802090167999267578125">
        <ele>5</ele>
        <time>2022-05-10T11:55:26.000Z</time>
        <extensions>
          <ns3:TrackPointExtension/>
        </extensions>
      </trkpt>
      <trkpt lat="32.00345604680478572845458984375" lon="118.74295036308467388153076171875">
        <ele>5</ele>
        <time>2022-05-10T11:55:27.000Z</time>
        <extensions>
          <ns3:TrackPointExtension/>
        </extensions>
      </trkpt>
      <trkpt lat="32.00345604680478572845458984375" lon="118.74296561814844608306884765625">
        <ele>5</ele>
        <time>2022-05-10T11:55:28.000Z</time>
        <extensions>
          <ns3:TrackPointExtension/>
        </extensions>
      </trkpt>
      <trkpt lat="32.00345604680478572845458984375" lon="118.74298858456313610076904296875">
        <ele>5</ele>
        <time>2022-05-10T11:55:29.000Z</time>
        <extensions>
          <ns3:TrackPointExtension/>
        </extensions>
      </trkpt>
      <trkpt lat="32.0034522749483585357666015625" lon="118.7430267222225666046142578125">
        <ele>5</ele>
        <time>2022-05-10T11:55:30.000Z</time>
        <extensions>
          <ns3:TrackPointExtension>
            <ns3:hr>85</ns3:hr>
          </ns3:TrackPointExtension>
        </extensions>
      </trkpt>
      <trkpt lat="32.00344464741647243499755859375" lon="118.74306485988199710845947265625">
        <ele>5</ele>
        <time>2022-05-10T11:55:31.000Z</time>
        <extensions>
          <ns3:TrackPointExtension/>
        </extensions>
      </trkpt>
      <trkpt lat="32.00342939235270023345947265625" lon="118.74311062507331371307373046875">
        <ele>4.80000019073486328125</ele>
        <time>2022-05-10T11:55:32.000Z</time>
        <extensions>
          <ns3:TrackPointExtension/>
        </extensions>
      </trkpt>
      <trkpt lat="32.00341413728892803192138671875" lon="118.74317164532840251922607421875">
        <ele>4.599999904632568359375</ele>
        <time>2022-05-10T11:55:33.000Z</time>
        <extensions>
          <ns3:TrackPointExtension/>
        </extensions>
      </trkpt>
      <trkpt lat="32.0033912546932697296142578125" lon="118.7432402931153774261474609375">
        <ele>4.19999980926513671875</ele>
        <time>2022-05-10T11:55:34.000Z</time>
        <extensions>
          <ns3:TrackPointExtension/>
        </extensions>
      </trkpt>
      <trkpt lat="32.00336451642215251922607421875" lon="118.74332427978515625">
        <ele>4</ele>
        <time>2022-05-10T11:55:35.000Z</time>
        <extensions>
          <ns3:TrackPointExtension>
            <ns3:hr>83</ns3:hr>
          </ns3:TrackPointExtension>
        </extensions>
      </trkpt>
      <trkpt lat="32.00333015061914920806884765625" lon="118.743415810167789459228515625">
        <ele>4</ele>
        <time>2022-05-10T11:55:36.000Z</time>
        <extensions>
          <ns3:TrackPointExtension/>
        </extensions>
      </trkpt>
      <trkpt lat="32.00328824110329151153564453125" lon="118.74351496808230876922607421875">
        <ele>4</ele>
        <time>2022-05-10T11:55:37.000Z</time>
        <extensions>
          <ns3:TrackPointExtension/>
        </extensions>
      </trkpt>
      <trkpt lat="32.00324247591197490692138671875" lon="118.74362175352871417999267578125">
        <ele>4.599999904632568359375</ele>
        <time>2022-05-10T11:55:38.000Z</time>
        <extensions>
          <ns3:TrackPointExtension/>
        </extensions>
      </trkpt>
      <trkpt lat="32.00319285504519939422607421875" lon="118.74373625032603740692138671875">
        <ele>5.19999980926513671875</ele>
        <time>2022-05-10T11:55:39.000Z</time>
        <extensions>
          <ns3:TrackPointExtension/>
        </extensions>
      </trkpt>
      <trkpt lat="32.00313560664653778076171875" lon="118.74385829083621501922607421875">
        <ele>6</ele>
        <time>2022-05-10T11:55:40.000Z</time>
        <extensions>
          <ns3:TrackPointExtension>
            <ns3:hr>84</ns3:hr>
          </ns3:TrackPointExtension>
        </extensions>
      </trkpt>
      <trkpt lat="32.003074586391448974609375" lon="118.7439879588782787322998046875">
        <ele>7</ele>
        <time>2022-05-10T11:55:41.000Z</time>
        <extensions>
          <ns3:TrackPointExtension/>
        </extensions>
      </trkpt>
      <trkpt lat="32.00300979427993297576904296875" lon="118.7441177107393741607666015625">
        <ele>7.599999904632568359375</ele>
        <time>2022-05-10T11:55:42.000Z</time>
        <extensions>
          <ns3:TrackPointExtension/>
        </extensions>
      </trkpt>
      <trkpt lat="32.00294106267392635345458984375" lon="118.744255006313323974609375">
        <ele>7.80000019073486328125</ele>
        <time>2022-05-10T11:55:43.000Z</time>
        <extensions>
          <ns3:TrackPointExtension/>
        </extensions>
      </trkpt>
      <trkpt lat="32.002872414886951446533203125" lon="118.74439238570630550384521484375">
        <ele>8.19999980926513671875</ele>
        <time>2022-05-10T11:55:44.000Z</time>
        <extensions>
          <ns3:TrackPointExtension/>
        </extensions>
      </trkpt>
      <trkpt lat="32.00279991142451763153076171875" lon="118.74452968128025531768798828125">
        <ele>8</ele>
        <time>2022-05-10T11:55:45.000Z</time>
        <extensions>
          <ns3:TrackPointExtension>
            <ns3:hr>86</ns3:hr>
          </ns3:TrackPointExtension>
        </extensions>
      </trkpt>
      <trkpt lat="32.00272749178111553192138671875" lon="118.7446746043860912322998046875">
        <ele>7.400000095367431640625</ele>
        <time>2022-05-10T11:55:46.000Z</time>
        <extensions>
          <ns3:TrackPointExtension/>
        </extensions>
      </trkpt>
      <trkpt lat="32.002651132643222808837890625" lon="118.7448196113109588623046875">
        <ele>6.80000019073486328125</ele>
        <time>2022-05-10T11:55:47.000Z</time>
        <extensions>
          <ns3:TrackPointExtension/>
        </extensions>
      </trkpt>
      <trkpt lat="32.002578712999820709228515625" lon="118.74496453441679477691650390625">
        <ele>5.599999904632568359375</ele>
        <time>2022-05-10T11:55:48.000Z</time>
        <extensions>
          <ns3:TrackPointExtension/>
        </extensions>
      </trkpt>
      <trkpt lat="32.0025024376809597015380859375" lon="118.74510954134166240692138671875">
        <ele>5.400000095367431640625</ele>
        <time>2022-05-10T11:55:49.000Z</time>
        <extensions>
          <ns3:TrackPointExtension/>
        </extensions>
      </trkpt>
      <trkpt lat="32.00242607854306697845458984375" lon="118.745254464447498321533203125">
        <ele>5</ele>
        <time>2022-05-10T11:55:50.000Z</time>
        <extensions>
          <ns3:TrackPointExtension>
            <ns3:hr>86</ns3:hr>
          </ns3:TrackPointExtension>
        </extensions>
      </trkpt>
      <trkpt lat="32.00234980322420597076416015625" lon="118.74540709890425205230712890625">
        <ele>5</ele>
        <time>2022-05-10T11:55:51.000Z</time>
        <extensions>
          <ns3:TrackPointExtension/>
        </extensions>
      </trkpt>
      <trkpt lat="32.00227352790534496307373046875" lon="118.7455520220100879669189453125">
        <ele>5</ele>
        <time>2022-05-10T11:55:52.000Z</time>
        <extensions>
          <ns3:TrackPointExtension/>
        </extensions>
      </trkpt>
      <trkpt lat="32.00219725258648395538330078125" lon="118.7457045726478099822998046875">
        <ele>4.400000095367431640625</ele>
        <time>2022-05-10T11:55:53.000Z</time>
        <extensions>
          <ns3:TrackPointExtension/>
        </extensions>
      </trkpt>
      <trkpt lat="32.002124749124050140380859375" lon="118.74585720710456371307373046875">
        <ele>4.80000019073486328125</ele>
        <time>2022-05-10T11:55:54.000Z</time>
        <extensions>
          <ns3:TrackPointExtension/>
        </extensions>
      </trkpt>
      <trkpt lat="32.0020484738051891326904296875" lon="118.74600975774228572845458984375">
        <ele>5.599999904632568359375</ele>
        <time>2022-05-10T11:55:55.000Z</time>
        <extensions>
          <ns3:TrackPointExtension>
            <ns3:hr>89</ns3:hr>
          </ns3:TrackPointExtension>
        </extensions>
      </trkpt>
      <trkpt lat="32.00197597034275531768798828125" lon="118.74617001973092555999755859375">
        <ele>6</ele>
        <time>2022-05-10T11:55:56.000Z</time>
        <extensions>
          <ns3:TrackPointExtension/>
        </extensions>
      </trkpt>
      <trkpt lat="32.001903466880321502685546875" lon="118.74632257036864757537841796875">
        <ele>6.19999980926513671875</ele>
        <time>2022-05-10T11:55:57.000Z</time>
        <extensions>
          <ns3:TrackPointExtension/>
        </extensions>
      </trkpt>
      <trkpt lat="32.001831047236919403076171875" lon="118.74648283235728740692138671875">
        <ele>7</ele>
        <time>2022-05-10T11:55:59.000Z</time>
        <extensions>
          <ns3:TrackPointExtension/>
        </extensions>
      </trkpt>
      <trkpt lat="32.00175854377448558807373046875" lon="118.7466430105268955230712890625">
        <ele>6.80000019073486328125</ele>
        <time>2022-05-10T11:56:00.000Z</time>
        <extensions>
          <ns3:TrackPointExtension>
            <ns3:hr>86</ns3:hr>
          </ns3:TrackPointExtension>
        </extensions>
      </trkpt>
      <trkpt lat="32.0016860403120517730712890625" lon="118.7468032725155353546142578125">
        <ele>6.400000095367431640625</ele>
        <time>2022-05-10T11:56:01.000Z</time>
        <extensions>
          <ns3:TrackPointExtension/>
        </extensions>
      </trkpt>
      <trkpt lat="32.00161739252507686614990234375" lon="118.74696345068514347076416015625">
        <ele>5.400000095367431640625</ele>
        <time>2022-05-10T11:56:02.000Z</time>
        <extensions>
          <ns3:TrackPointExtension/>
        </extensions>
      </trkpt>
      <trkpt lat="32.0015448890626430511474609375" lon="118.74712371267378330230712890625">
        <ele>5</ele>
        <time>2022-05-10T11:56:03.000Z</time>
        <extensions>
          <ns3:TrackPointExtension/>
        </extensions>
      </trkpt>
      <trkpt lat="32.00147624127566814422607421875" lon="118.74729151837527751922607421875">
        <ele>5.19999980926513671875</ele>
        <time>2022-05-10T11:56:04.000Z</time>
        <extensions>
          <ns3:TrackPointExtension/>
        </extensions>
      </trkpt>
      <trkpt lat="32.0014075934886932373046875" lon="118.7474594078958034515380859375">
        <ele>5.599999904632568359375</ele>
        <time>2022-05-10T11:56:05.000Z</time>
        <extensions>
          <ns3:TrackPointExtension>
            <ns3:hr>87</ns3:hr>
          </ns3:TrackPointExtension>
        </extensions>
      </trkpt>
      <trkpt lat="32.0013427175581455230712890625" lon="118.74762721359729766845703125">
        <ele>7.400000095367431640625</ele>
        <time>2022-05-10T11:56:06.000Z</time>
        <extensions>
          <ns3:TrackPointExtension/>
        </extensions>
      </trkpt>
      <trkpt lat="32.00127406977117061614990234375" lon="118.7477874755859375">
        <ele>8.6000003814697265625</ele>
        <time>2022-05-10T11:56:07.000Z</time>
        <extensions>
          <ns3:TrackPointExtension/>
        </extensions>
      </trkpt>
      <trkpt lat="32.00120919384062290191650390625" lon="118.74796290881931781768798828125">
        <ele>9.6000003814697265625</ele>
        <time>2022-05-10T11:56:08.000Z</time>
        <extensions>
          <ns3:TrackPointExtension/>
        </extensions>
      </trkpt>
      <trkpt lat="32.0011405460536479949951171875" lon="118.74813079833984375">
        <ele>9.6000003814697265625</ele>
        <time>2022-05-10T11:56:09.000Z</time>
        <extensions>
          <ns3:TrackPointExtension/>
        </extensions>
      </trkpt>
      <trkpt lat="32.00107567012310028076171875" lon="118.7482986040413379669189453125">
        <ele>8.80000019073486328125</ele>
        <time>2022-05-10T11:56:10.000Z</time>
        <extensions>
          <ns3:TrackPointExtension>
            <ns3:hr>84</ns3:hr>
          </ns3:TrackPointExtension>
        </extensions>
      </trkpt>
      <trkpt lat="32.00101087801158428192138671875" lon="118.748466409742832183837890625">
        <ele>8.19999980926513671875</ele>
        <time>2022-05-10T11:56:11.000Z</time>
        <extensions>
          <ns3:TrackPointExtension/>
        </extensions>
      </trkpt>
      <trkpt lat="32.00094600208103656768798828125" lon="118.74863429926335811614990234375">
        <ele>8.80000019073486328125</ele>
        <time>2022-05-10T11:56:12.000Z</time>
        <extensions>
          <ns3:TrackPointExtension/>
        </extensions>
      </trkpt>
      <trkpt lat="32.00088498182594776153564453125" lon="118.748809732496738433837890625">
        <ele>9.3999996185302734375</ele>
        <time>2022-05-10T11:56:13.000Z</time>
        <extensions>
          <ns3:TrackPointExtension/>
        </extensions>
      </trkpt>
      <trkpt lat="32.00082396157085895538330078125" lon="118.74897762201726436614990234375">
        <ele>10</ele>
        <time>2022-05-10T11:56:14.000Z</time>
        <extensions>
          <ns3:TrackPointExtension/>
        </extensions>
      </trkpt>
      <trkpt lat="32.00075908564031124114990234375" lon="118.74914542771875858306884765625">
        <ele>9.80000019073486328125</ele>
        <time>2022-05-10T11:56:15.000Z</time>
        <extensions>
          <ns3:TrackPointExtension>
            <ns3:hr>81</ns3:hr>
          </ns3:TrackPointExtension>
        </extensions>
      </trkpt>
      <trkpt lat="32.000701837241649627685546875" lon="118.74932094477117061614990234375">
        <ele>9.6000003814697265625</ele>
        <time>2022-05-10T11:56:16.000Z</time>
        <extensions>
          <ns3:TrackPointExtension/>
        </extensions>
      </trkpt>
      <trkpt lat="32.000640816986560821533203125" lon="118.7494811229407787322998046875">
        <ele>9</ele>
        <time>2022-05-10T11:56:17.000Z</time>
        <extensions>
          <ns3:TrackPointExtension/>
        </extensions>
      </trkpt>
      <trkpt lat="32.00058356858789920806884765625" lon="118.74964901246130466461181640625">
        <ele>9</ele>
        <time>2022-05-10T11:56:18.000Z</time>
        <extensions>
          <ns3:TrackPointExtension/>
        </extensions>
      </trkpt>
      <trkpt lat="32.00052254833281040191650390625" lon="118.74981681816279888153076171875">
        <ele>9</ele>
        <time>2022-05-10T11:56:19.000Z</time>
        <extensions>
          <ns3:TrackPointExtension/>
        </extensions>
      </trkpt>
      <trkpt lat="32.00046538375318050384521484375" lon="118.74997708015143871307373046875">
        <ele>9.19999980926513671875</ele>
        <time>2022-05-10T11:56:20.000Z</time>
        <extensions>
          <ns3:TrackPointExtension>
            <ns3:hr>85</ns3:hr>
          </ns3:TrackPointExtension>
        </extensions>
      </trkpt>
      <trkpt lat="32.000408135354518890380859375" lon="118.7501372583210468292236328125">
        <ele>9.19999980926513671875</ele>
        <time>2022-05-10T11:56:21.000Z</time>
        <extensions>
          <ns3:TrackPointExtension/>
        </extensions>
      </trkpt>
      <trkpt lat="32.00035474263131618499755859375" lon="118.75028989277780055999755859375">
        <ele>9.80000019073486328125</ele>
        <time>2022-05-10T11:56:22.000Z</time>
        <extensions>
          <ns3:TrackPointExtension/>
        </extensions>
      </trkpt>
      <trkpt lat="32.000297494232654571533203125" lon="118.75044244341552257537841796875">
        <ele>10.3999996185302734375</ele>
        <time>2022-05-10T11:56:23.000Z</time>
        <extensions>
          <ns3:TrackPointExtension/>
        </extensions>
      </trkpt>
      <trkpt lat="32.00024024583399295806884765625" lon="118.75059507787227630615234375">
        <ele>11.3999996185302734375</ele>
        <time>2022-05-10T11:56:24.000Z</time>
        <extensions>
          <ns3:TrackPointExtension/>
        </extensions>
      </trkpt>
      <trkpt lat="32.000186853110790252685546875" lon="118.750747628509998321533203125">
        <ele>12.3999996185302734375</ele>
        <time>2022-05-10T11:56:25.000Z</time>
        <extensions>
          <ns3:TrackPointExtension>
            <ns3:hr>85</ns3:hr>
          </ns3:TrackPointExtension>
        </extensions>
      </trkpt>
      <trkpt lat="32.0001296885311603546142578125" lon="118.75090026296675205230712890625">
        <ele>11</ele>
        <time>2022-05-10T11:56:26.000Z</time>
        <extensions>
          <ns3:TrackPointExtension/>
        </extensions>
      </trkpt>
      <trkpt lat="32.000076211988925933837890625" lon="118.75105281360447406768798828125">
        <ele>12</ele>
        <time>2022-05-10T11:56:27.000Z</time>
        <extensions>
          <ns3:TrackPointExtension/>
        </extensions>
      </trkpt>
      <trkpt lat="32.0000190474092960357666015625" lon="118.75120536424219608306884765625">
        <ele>12</ele>
        <time>2022-05-10T11:56:28.000Z</time>
        <extensions>
          <ns3:TrackPointExtension/>
        </extensions>
      </trkpt>
      <trkpt lat="31.9999637268483638763427734375" lon="118.7513579986989498138427734375">
        <ele>12.19999980926513671875</ele>
        <time>2022-05-10T11:56:29.000Z</time>
        <extensions>
          <ns3:TrackPointExtension/>
        </extensions>
      </trkpt>
      <trkpt lat="31.99990647844970226287841796875" lon="118.7515105493366718292236328125">
        <ele>13</ele>
        <time>2022-05-10T11:56:30.000Z</time>
        <extensions>
          <ns3:TrackPointExtension>
            <ns3:hr>85</ns3:hr>
          </ns3:TrackPointExtension>
        </extensions>
      </trkpt>
      <trkpt lat="31.99985115788877010345458984375" lon="118.75166318379342555999755859375">
        <ele>13.80000019073486328125</ele>
        <time>2022-05-10T11:56:31.000Z</time>
        <extensions>
          <ns3:TrackPointExtension/>
        </extensions>
      </trkpt>
      <trkpt lat="31.99979399330914020538330078125" lon="118.751808106899261474609375">
        <ele>14.6000003814697265625</ele>
        <time>2022-05-10T11:56:32.000Z</time>
        <extensions>
          <ns3:TrackPointExtension/>
        </extensions>
      </trkpt>
      <trkpt lat="31.99973867274820804595947265625" lon="118.75196074135601520538330078125">
        <ele>15.3999996185302734375</ele>
        <time>2022-05-10T11:56:33.000Z</time>
        <extensions>
          <ns3:TrackPointExtension/>
        </extensions>
      </trkpt>
      <trkpt lat="31.99968335218727588653564453125" lon="118.7521056644618511199951171875">
        <ele>15.6000003814697265625</ele>
        <time>2022-05-10T11:56:34.000Z</time>
        <extensions>
          <ns3:TrackPointExtension/>
        </extensions>
      </trkpt>
      <trkpt lat="31.99962995946407318115234375" lon="118.752242960035800933837890625">
        <ele>16</ele>
        <time>2022-05-10T11:56:35.000Z</time>
        <extensions>
          <ns3:TrackPointExtension>
            <ns3:hr>88</ns3:hr>
          </ns3:TrackPointExtension>
        </extensions>
      </trkpt>
      <trkpt lat="31.999574638903141021728515625" lon="118.75238033942878246307373046875">
        <ele>16.200000762939453125</ele>
        <time>2022-05-10T11:56:36.000Z</time>
        <extensions>
          <ns3:TrackPointExtension/>
        </extensions>
      </trkpt>
      <trkpt lat="31.999525018036365509033203125" lon="118.7525100074708461761474609375">
        <ele>16.6000003814697265625</ele>
        <time>2022-05-10T11:56:37.000Z</time>
        <extensions>
          <ns3:TrackPointExtension/>
        </extensions>
      </trkpt>
      <trkpt lat="31.999475397169589996337890625" lon="118.75263213180005550384521484375">
        <ele>16.6000003814697265625</ele>
        <time>2022-05-10T11:56:38.000Z</time>
        <extensions>
          <ns3:TrackPointExtension/>
        </extensions>
      </trkpt>
      <trkpt lat="31.9994296319782733917236328125" lon="118.75275417231023311614990234375">
        <ele>16.3999996185302734375</ele>
        <time>2022-05-10T11:56:39.000Z</time>
        <extensions>
          <ns3:TrackPointExtension/>
        </extensions>
      </trkpt>
      <trkpt lat="31.9993877224624156951904296875" lon="118.752868585288524627685546875">
        <ele>16.200000762939453125</ele>
        <time>2022-05-10T11:56:40.000Z</time>
        <extensions>
          <ns3:TrackPointExtension>
            <ns3:hr>91</ns3:hr>
          </ns3:TrackPointExtension>
        </extensions>
      </trkpt>
      <trkpt lat="31.99934958480298519134521484375" lon="118.75297545455396175384521484375">
        <ele>15.80000019073486328125</ele>
        <time>2022-05-10T11:56:41.000Z</time>
        <extensions>
          <ns3:TrackPointExtension/>
        </extensions>
      </trkpt>
      <trkpt lat="31.9993132911622524261474609375" lon="118.7530746124684810638427734375">
        <ele>15.19999980926513671875</ele>
        <time>2022-05-10T11:56:42.000Z</time>
        <extensions>
          <ns3:TrackPointExtension/>
        </extensions>
      </trkpt>
      <trkpt lat="31.99928085319697856903076171875" lon="118.7531661428511142730712890625">
        <ele>15.19999980926513671875</ele>
        <time>2022-05-10T11:56:43.000Z</time>
        <extensions>
          <ns3:TrackPointExtension/>
        </extensions>
      </trkpt>
      <trkpt lat="31.99925034306943416595458984375" lon="118.75326530076563358306884765625">
        <ele>15.6000003814697265625</ele>
        <time>2022-05-10T11:56:44.000Z</time>
        <extensions>
          <ns3:TrackPointExtension/>
        </extensions>
      </trkpt>
      <trkpt lat="31.99922368861734867095947265625" lon="118.75334928743541240692138671875">
        <ele>15.80000019073486328125</ele>
        <time>2022-05-10T11:56:45.000Z</time>
        <extensions>
          <ns3:TrackPointExtension>
            <ns3:hr>93</ns3:hr>
          </ns3:TrackPointExtension>
        </extensions>
      </trkpt>
      <trkpt lat="31.99920080602169036865234375" lon="118.75344081781804561614990234375">
        <ele>15.80000019073486328125</ele>
        <time>2022-05-10T11:56:46.000Z</time>
        <extensions>
          <ns3:TrackPointExtension/>
        </extensions>
      </trkpt>
      <trkpt lat="31.99917976744472980499267578125" lon="118.753524720668792724609375">
        <ele>16</ele>
        <time>2022-05-10T11:56:47.000Z</time>
        <extensions>
          <ns3:TrackPointExtension/>
        </extensions>
      </trkpt>
      <trkpt lat="31.9991607405245304107666015625" lon="118.75360862351953983306884765625">
        <ele>16.3999996185302734375</ele>
        <time>2022-05-10T11:56:48.000Z</time>
        <extensions>
          <ns3:TrackPointExtension/>
        </extensions>
      </trkpt>
      <trkpt lat="31.99914355762302875518798828125" lon="118.7537002377212047576904296875">
        <ele>17</ele>
        <time>2022-05-10T11:56:49.000Z</time>
        <extensions>
          <ns3:TrackPointExtension/>
        </extensions>
      </trkpt>
      <trkpt lat="31.99912444688379764556884765625" lon="118.7537917681038379669189453125">
        <ele>17</ele>
        <time>2022-05-10T11:56:50.000Z</time>
        <extensions>
          <ns3:TrackPointExtension>
            <ns3:hr>92</ns3:hr>
          </ns3:TrackPointExtension>
        </extensions>
      </trkpt>
      <trkpt lat="31.9991054199635982513427734375" lon="118.7538832984864711761474609375">
        <ele>17.3999996185302734375</ele>
        <time>2022-05-10T11:56:51.000Z</time>
        <extensions>
          <ns3:TrackPointExtension/>
        </extensions>
      </trkpt>
      <trkpt lat="31.99908823706209659576416015625" lon="118.7539825402200222015380859375">
        <ele>18</ele>
        <time>2022-05-10T11:56:52.000Z</time>
        <extensions>
          <ns3:TrackPointExtension/>
        </extensions>
      </trkpt>
      <trkpt lat="31.999071054160594940185546875" lon="118.75408169813454151153564453125">
        <ele>18.799999237060546875</ele>
        <time>2022-05-10T11:56:53.000Z</time>
        <extensions>
          <ns3:TrackPointExtension/>
        </extensions>
      </trkpt>
      <trkpt lat="31.999053955078125" lon="118.75418848358094692230224609375">
        <ele>19.6000003814697265625</ele>
        <time>2022-05-10T11:56:54.000Z</time>
        <extensions>
          <ns3:TrackPointExtension/>
        </extensions>
      </trkpt>
      <trkpt lat="31.99903677217662334442138671875" lon="118.754302896559238433837890625">
        <ele>20.3999996185302734375</ele>
        <time>2022-05-10T11:56:55.000Z</time>
        <extensions>
          <ns3:TrackPointExtension>
            <ns3:hr>92</ns3:hr>
          </ns3:TrackPointExtension>
        </extensions>
      </trkpt>
      <trkpt lat="31.99901766143739223480224609375" lon="118.7544173933565616607666015625">
        <ele>21.200000762939453125</ele>
        <time>2022-05-10T11:56:56.000Z</time>
        <extensions>
          <ns3:TrackPointExtension/>
        </extensions>
      </trkpt>
      <trkpt lat="31.99899670667946338653564453125" lon="118.75454706139862537384033203125">
        <ele>22.3999996185302734375</ele>
        <time>2022-05-10T11:56:57.000Z</time>
        <extensions>
          <ns3:TrackPointExtension/>
        </extensions>
      </trkpt>
      <trkpt lat="31.99897575192153453826904296875" lon="118.7546691857278347015380859375">
        <ele>23</ele>
        <time>2022-05-10T11:56:58.000Z</time>
        <extensions>
          <ns3:TrackPointExtension/>
        </extensions>
      </trkpt>
      <trkpt lat="31.99895278550684452056884765625" lon="118.75479885376989841461181640625">
        <ele>23.799999237060546875</ele>
        <time>2022-05-10T11:56:59.000Z</time>
        <extensions>
          <ns3:TrackPointExtension/>
        </extensions>
      </trkpt>
      <trkpt lat="31.99893183074891567230224609375" lon="118.75493614934384822845458984375">
        <ele>24</ele>
        <time>2022-05-10T11:57:00.000Z</time>
        <extensions>
          <ns3:TrackPointExtension>
            <ns3:hr>95</ns3:hr>
          </ns3:TrackPointExtension>
        </extensions>
      </trkpt>
      <trkpt lat="31.9989089481532573699951171875" lon="118.7550735287368297576904296875">
        <ele>24.6000003814697265625</ele>
        <time>2022-05-10T11:57:01.000Z</time>
        <extensions>
          <ns3:TrackPointExtension/>
        </extensions>
      </trkpt>
      <trkpt lat="31.9988841377198696136474609375" lon="118.75521845184266567230224609375">
        <ele>24.6000003814697265625</ele>
        <time>2022-05-10T11:57:02.000Z</time>
        <extensions>
          <ns3:TrackPointExtension/>
        </extensions>
      </trkpt>
      <trkpt lat="31.99886125512421131134033203125" lon="118.75536345876753330230712890625">
        <ele>25</ele>
        <time>2022-05-10T11:57:03.000Z</time>
        <extensions>
          <ns3:TrackPointExtension/>
        </extensions>
      </trkpt>
      <trkpt lat="31.99883644469082355499267578125" lon="118.7555083818733692169189453125">
        <ele>24.799999237060546875</ele>
        <time>2022-05-10T11:57:04.000Z</time>
        <extensions>
          <ns3:TrackPointExtension/>
        </extensions>
      </trkpt>
      <trkpt lat="31.99881548993289470672607421875" lon="118.75565330497920513153076171875">
        <ele>24.799999237060546875</ele>
        <time>2022-05-10T11:57:05.000Z</time>
        <extensions>
          <ns3:TrackPointExtension>
            <ns3:hr>95</ns3:hr>
          </ns3:TrackPointExtension>
        </extensions>
      </trkpt>
      <trkpt lat="31.99879453517496585845947265625" lon="118.75579831190407276153564453125">
        <ele>24.799999237060546875</ele>
        <time>2022-05-10T11:57:06.000Z</time>
        <extensions>
          <ns3:TrackPointExtension/>
        </extensions>
      </trkpt>
      <trkpt lat="31.99877928011119365692138671875" lon="118.75595086254179477691650390625">
        <ele>24.6000003814697265625</ele>
        <time>2022-05-10T11:57:07.000Z</time>
        <extensions>
          <ns3:TrackPointExtension/>
        </extensions>
      </trkpt>
      <trkpt lat="31.99876402504742145538330078125" lon="118.75609586946666240692138671875">
        <ele>24.200000762939453125</ele>
        <time>2022-05-10T11:57:08.000Z</time>
        <extensions>
          <ns3:TrackPointExtension/>
        </extensions>
      </trkpt>
      <trkpt lat="31.99875446967780590057373046875" lon="118.75624842010438442230224609375">
        <ele>23.799999237060546875</ele>
        <time>2022-05-10T11:57:09.000Z</time>
        <extensions>
          <ns3:TrackPointExtension/>
        </extensions>
      </trkpt>
      <trkpt lat="31.9987468421459197998046875" lon="118.75639342702925205230712890625">
        <ele>23.200000762939453125</ele>
        <time>2022-05-10T11:57:10.000Z</time>
        <extensions>
          <ns3:TrackPointExtension>
            <ns3:hr>93</ns3:hr>
          </ns3:TrackPointExtension>
        </extensions>
      </trkpt>
      <trkpt lat="31.99874491430819034576416015625" lon="118.7565383501350879669189453125">
        <ele>23.6000003814697265625</ele>
        <time>2022-05-10T11:57:11.000Z</time>
        <extensions>
          <ns3:TrackPointExtension/>
        </extensions>
      </trkpt>
      <trkpt lat="31.99874491430819034576416015625" lon="118.75668327324092388153076171875">
        <ele>24.6000003814697265625</ele>
        <time>2022-05-10T11:57:12.000Z</time>
        <extensions>
          <ns3:TrackPointExtension/>
        </extensions>
      </trkpt>
      <trkpt lat="31.9987468421459197998046875" lon="118.7568206526339054107666015625">
        <ele>26</ele>
        <time>2022-05-10T11:57:13.000Z</time>
        <extensions>
          <ns3:TrackPointExtension/>
        </extensions>
      </trkpt>
      <trkpt lat="31.99875061400234699249267578125" lon="118.75695032067596912384033203125">
        <ele>27.200000762939453125</ele>
        <time>2022-05-10T11:57:14.000Z</time>
        <extensions>
          <ns3:TrackPointExtension/>
        </extensions>
      </trkpt>
      <trkpt lat="31.99875446967780590057373046875" lon="118.75708007253706455230712890625">
        <ele>28.3999996185302734375</ele>
        <time>2022-05-10T11:57:15.000Z</time>
        <extensions>
          <ns3:TrackPointExtension>
            <ns3:hr>94</ns3:hr>
          </ns3:TrackPointExtension>
        </extensions>
      </trkpt>
      <trkpt lat="31.9987620972096920013427734375" lon="118.757209740579128265380859375">
        <ele>29.3999996185302734375</ele>
        <time>2022-05-10T11:57:16.000Z</time>
        <extensions>
          <ns3:TrackPointExtension/>
        </extensions>
      </trkpt>
      <trkpt lat="31.99876972474157810211181640625" lon="118.757331781089305877685546875">
        <ele>30</ele>
        <time>2022-05-10T11:57:17.000Z</time>
        <extensions>
          <ns3:TrackPointExtension/>
        </extensions>
      </trkpt>
      <trkpt lat="31.99877542443573474884033203125" lon="118.75745390541851520538330078125">
        <ele>30</ele>
        <time>2022-05-10T11:57:18.000Z</time>
        <extensions>
          <ns3:TrackPointExtension/>
        </extensions>
      </trkpt>
      <trkpt lat="31.998783051967620849609375" lon="118.7575683183968067169189453125">
        <ele>29.799999237060546875</ele>
        <time>2022-05-10T11:57:19.000Z</time>
        <extensions>
          <ns3:TrackPointExtension/>
        </extensions>
      </trkpt>
      <trkpt lat="31.99879067949950695037841796875" lon="118.7576903589069843292236328125">
        <ele>29.799999237060546875</ele>
        <time>2022-05-10T11:57:20.000Z</time>
        <extensions>
          <ns3:TrackPointExtension>
            <ns3:hr>95</ns3:hr>
          </ns3:TrackPointExtension>
        </extensions>
      </trkpt>
      <trkpt lat="31.9987964630126953125" lon="118.75780485570430755615234375">
        <ele>29.6000003814697265625</ele>
        <time>2022-05-10T11:57:21.000Z</time>
        <extensions>
          <ns3:TrackPointExtension/>
        </extensions>
      </trkpt>
      <trkpt lat="31.998802162706851959228515625" lon="118.75792689621448516845703125">
        <ele>30</ele>
        <time>2022-05-10T11:57:22.000Z</time>
        <extensions>
          <ns3:TrackPointExtension/>
        </extensions>
      </trkpt>
      <trkpt lat="31.99880593456327915191650390625" lon="118.75804130919277667999267578125">
        <ele>30.200000762939453125</ele>
        <time>2022-05-10T11:57:23.000Z</time>
        <extensions>
          <ns3:TrackPointExtension/>
        </extensions>
      </trkpt>
      <trkpt lat="31.99880979023873805999755859375" lon="118.75815580599009990692138671875">
        <ele>30.3999996185302734375</ele>
        <time>2022-05-10T11:57:24.000Z</time>
        <extensions>
          <ns3:TrackPointExtension/>
        </extensions>
      </trkpt>
      <trkpt lat="31.9988117180764675140380859375" lon="118.75827784650027751922607421875">
        <ele>30.3999996185302734375</ele>
        <time>2022-05-10T11:57:25.000Z</time>
        <extensions>
          <ns3:TrackPointExtension>
            <ns3:hr>92</ns3:hr>
          </ns3:TrackPointExtension>
        </extensions>
      </trkpt>
      <trkpt lat="31.9988117180764675140380859375" lon="118.75839225947856903076171875">
        <ele>30.3999996185302734375</ele>
        <time>2022-05-10T11:57:26.000Z</time>
        <extensions>
          <ns3:TrackPointExtension/>
        </extensions>
      </trkpt>
      <trkpt lat="31.99880979023873805999755859375" lon="118.75851438380777835845947265625">
        <ele>30.200000762939453125</ele>
        <time>2022-05-10T11:57:27.000Z</time>
        <extensions>
          <ns3:TrackPointExtension/>
        </extensions>
      </trkpt>
      <trkpt lat="31.998802162706851959228515625" lon="118.75863642431795597076416015625">
        <ele>30.200000762939453125</ele>
        <time>2022-05-10T11:57:28.000Z</time>
        <extensions>
          <ns3:TrackPointExtension/>
        </extensions>
      </trkpt>
      <trkpt lat="31.99879067949950695037841796875" lon="118.7587508372962474822998046875">
        <ele>30.200000762939453125</ele>
        <time>2022-05-10T11:57:29.000Z</time>
        <extensions>
          <ns3:TrackPointExtension/>
        </extensions>
      </trkpt>
      <trkpt lat="31.99877542443573474884033203125" lon="118.75887296162545680999755859375">
        <ele>29.3999996185302734375</ele>
        <time>2022-05-10T11:57:30.000Z</time>
        <extensions>
          <ns3:TrackPointExtension>
            <ns3:hr>93</ns3:hr>
          </ns3:TrackPointExtension>
        </extensions>
      </trkpt>
      <trkpt lat="31.9987563975155353546142578125" lon="118.758987374603748321533203125">
        <ele>29</ele>
        <time>2022-05-10T11:57:31.000Z</time>
        <extensions>
          <ns3:TrackPointExtension/>
        </extensions>
      </trkpt>
      <trkpt lat="31.9987315870821475982666015625" lon="118.75910178758203983306884765625">
        <ele>29.200000762939453125</ele>
        <time>2022-05-10T11:57:32.000Z</time>
        <extensions>
          <ns3:TrackPointExtension/>
        </extensions>
      </trkpt>
      <trkpt lat="31.998702920973300933837890625" lon="118.75921628437936305999755859375">
        <ele>29.3999996185302734375</ele>
        <time>2022-05-10T11:57:33.000Z</time>
        <extensions>
          <ns3:TrackPointExtension/>
        </extensions>
      </trkpt>
      <trkpt lat="31.99867241084575653076171875" lon="118.759330697357654571533203125">
        <ele>28.799999237060546875</ele>
        <time>2022-05-10T11:57:34.000Z</time>
        <extensions>
          <ns3:TrackPointExtension/>
        </extensions>
      </trkpt>
      <trkpt lat="31.99863620102405548095703125" lon="118.7594374828040599822998046875">
        <ele>28.3999996185302734375</ele>
        <time>2022-05-10T11:57:35.000Z</time>
        <extensions>
          <ns3:TrackPointExtension>
            <ns3:hr>92</ns3:hr>
          </ns3:TrackPointExtension>
        </extensions>
      </trkpt>
      <trkpt lat="31.9986018352210521697998046875" lon="118.759551979601383209228515625">
        <ele>27.799999237060546875</ele>
        <time>2022-05-10T11:57:36.000Z</time>
        <extensions>
          <ns3:TrackPointExtension/>
        </extensions>
      </trkpt>
      <trkpt lat="31.99856369756162166595458984375" lon="118.7596587650477886199951171875">
        <ele>27</ele>
        <time>2022-05-10T11:57:37.000Z</time>
        <extensions>
          <ns3:TrackPointExtension/>
        </extensions>
      </trkpt>
      <trkpt lat="31.99852363206446170806884765625" lon="118.75976555049419403076171875">
        <ele>25.3999996185302734375</ele>
        <time>2022-05-10T11:57:38.000Z</time>
        <extensions>
          <ns3:TrackPointExtension/>
        </extensions>
      </trkpt>
      <trkpt lat="31.998483650386333465576171875" lon="118.75987241975963115692138671875">
        <ele>25</ele>
        <time>2022-05-10T11:57:39.000Z</time>
        <extensions>
          <ns3:TrackPointExtension/>
        </extensions>
      </trkpt>
      <trkpt lat="31.9984435848891735076904296875" lon="118.7599715776741504669189453125">
        <ele>25</ele>
        <time>2022-05-10T11:57:40.000Z</time>
        <extensions>
          <ns3:TrackPointExtension>
            <ns3:hr>91</ns3:hr>
          </ns3:TrackPointExtension>
        </extensions>
      </trkpt>
      <trkpt lat="31.99840159155428409576416015625" lon="118.76007073558866977691650390625">
        <ele>24.799999237060546875</ele>
        <time>2022-05-10T11:57:41.000Z</time>
        <extensions>
          <ns3:TrackPointExtension/>
        </extensions>
      </trkpt>
      <trkpt lat="31.9983634538948535919189453125" lon="118.7601623497903347015380859375">
        <ele>24.200000762939453125</ele>
        <time>2022-05-10T11:57:42.000Z</time>
        <extensions>
          <ns3:TrackPointExtension/>
        </extensions>
      </trkpt>
      <trkpt lat="31.99832908809185028076171875" lon="118.76024625264108180999755859375">
        <ele>23.799999237060546875</ele>
        <time>2022-05-10T11:57:43.000Z</time>
        <extensions>
          <ns3:TrackPointExtension/>
        </extensions>
      </trkpt>
      <trkpt lat="31.99829480610787868499755859375" lon="118.76032252795994281768798828125">
        <ele>23.3999996185302734375</ele>
        <time>2022-05-10T11:57:44.000Z</time>
        <extensions>
          <ns3:TrackPointExtension/>
        </extensions>
      </trkpt>
      <trkpt lat="31.99826429598033428192138671875" lon="118.76039880327880382537841796875">
        <ele>23</ele>
        <time>2022-05-10T11:57:45.000Z</time>
        <extensions>
          <ns3:TrackPointExtension>
            <ns3:hr>93</ns3:hr>
          </ns3:TrackPointExtension>
        </extensions>
      </trkpt>
      <trkpt lat="31.9982318580150604248046875" lon="118.76047507859766483306884765625">
        <ele>23</ele>
        <time>2022-05-10T11:57:46.000Z</time>
        <extensions>
          <ns3:TrackPointExtension/>
        </extensions>
      </trkpt>
      <trkpt lat="31.99820327572524547576904296875" lon="118.76054381020367145538330078125">
        <ele>23</ele>
        <time>2022-05-10T11:57:47.000Z</time>
        <extensions>
          <ns3:TrackPointExtension/>
        </extensions>
      </trkpt>
      <trkpt lat="31.9981726817786693572998046875" lon="118.7606124579906463623046875">
        <ele>23</ele>
        <time>2022-05-10T11:57:48.000Z</time>
        <extensions>
          <ns3:TrackPointExtension/>
        </extensions>
      </trkpt>
      <trkpt lat="31.99814409948885440826416015625" lon="118.76068110577762126922607421875">
        <ele>22.6000003814697265625</ele>
        <time>2022-05-10T11:57:49.000Z</time>
        <extensions>
          <ns3:TrackPointExtension/>
        </extensions>
      </trkpt>
      <trkpt lat="31.998115517199039459228515625" lon="118.76074212603271007537841796875">
        <ele>22.3999996185302734375</ele>
        <time>2022-05-10T11:57:50.000Z</time>
        <extensions>
          <ns3:TrackPointExtension>
            <ns3:hr>95</ns3:hr>
          </ns3:TrackPointExtension>
        </extensions>
      </trkpt>
      <trkpt lat="31.99808877892792224884033203125" lon="118.76081840135157108306884765625">
        <ele>22</ele>
        <time>2022-05-10T11:57:51.000Z</time>
        <extensions>
          <ns3:TrackPointExtension/>
        </extensions>
      </trkpt>
      <trkpt lat="31.99806212447583675384521484375" lon="118.76088713295757770538330078125">
        <ele>22</ele>
        <time>2022-05-10T11:57:52.000Z</time>
        <extensions>
          <ns3:TrackPointExtension/>
        </extensions>
      </trkpt>
      <trkpt lat="31.99803345836699008941650390625" lon="118.76096340827643871307373046875">
        <ele>21.799999237060546875</ele>
        <time>2022-05-10T11:57:53.000Z</time>
        <extensions>
          <ns3:TrackPointExtension/>
        </extensions>
      </trkpt>
      <trkpt lat="31.99800294823944568634033203125" lon="118.761047311127185821533203125">
        <ele>21.6000003814697265625</ele>
        <time>2022-05-10T11:57:54.000Z</time>
        <extensions>
          <ns3:TrackPointExtension/>
        </extensions>
      </trkpt>
      <trkpt lat="31.997968666255474090576171875" lon="118.76113884150981903076171875">
        <ele>21.799999237060546875</ele>
        <time>2022-05-10T11:57:55.000Z</time>
        <extensions>
          <ns3:TrackPointExtension>
            <ns3:hr>92</ns3:hr>
          </ns3:TrackPointExtension>
        </extensions>
      </trkpt>
      <trkpt lat="31.9979343004524707794189453125" lon="118.76123045571148395538330078125">
        <ele>22</ele>
        <time>2022-05-10T11:57:56.000Z</time>
        <extensions>
          <ns3:TrackPointExtension/>
        </extensions>
      </trkpt>
      <trkpt lat="31.99789993464946746826171875" lon="118.76132198609411716461181640625">
        <ele>22</ele>
        <time>2022-05-10T11:57:57.000Z</time>
        <extensions>
          <ns3:TrackPointExtension/>
        </extensions>
      </trkpt>
      <trkpt lat="31.99786372482776641845703125" lon="118.761421144008636474609375">
        <ele>22</ele>
        <time>2022-05-10T11:57:58.000Z</time>
        <extensions>
          <ns3:TrackPointExtension/>
        </extensions>
      </trkpt>
      <trkpt lat="31.9978236593306064605712890625" lon="118.7615203857421875">
        <ele>22</ele>
        <time>2022-05-10T11:57:59.000Z</time>
        <extensions>
          <ns3:TrackPointExtension/>
        </extensions>
      </trkpt>
      <trkpt lat="31.997783593833446502685546875" lon="118.76161954365670680999755859375">
        <ele>22</ele>
        <time>2022-05-10T11:58:00.000Z</time>
        <extensions>
          <ns3:TrackPointExtension>
            <ns3:hr>89</ns3:hr>
          </ns3:TrackPointExtension>
        </extensions>
      </trkpt>
      <trkpt lat="31.9977435283362865447998046875" lon="118.7617187015712261199951171875">
        <ele>21.3999996185302734375</ele>
        <time>2022-05-10T11:58:01.000Z</time>
        <extensions>
          <ns3:TrackPointExtension/>
        </extensions>
      </trkpt>
      <trkpt lat="31.99769969098269939422607421875" lon="118.76182548701763153076171875">
        <ele>21</ele>
        <time>2022-05-10T11:58:02.000Z</time>
        <extensions>
          <ns3:TrackPointExtension/>
        </extensions>
      </trkpt>
      <trkpt lat="31.99765585362911224365234375" lon="118.7619399838149547576904296875">
        <ele>20.3999996185302734375</ele>
        <time>2022-05-10T11:58:03.000Z</time>
        <extensions>
          <ns3:TrackPointExtension/>
        </extensions>
      </trkpt>
      <trkpt lat="31.997611932456493377685546875" lon="118.76204676926136016845703125">
        <ele>20</ele>
        <time>2022-05-10T11:58:04.000Z</time>
        <extensions>
          <ns3:TrackPointExtension/>
        </extensions>
      </trkpt>
      <trkpt lat="31.9975661672651767730712890625" lon="118.76216118223965167999267578125">
        <ele>19.799999237060546875</ele>
        <time>2022-05-10T11:58:05.000Z</time>
        <extensions>
          <ns3:TrackPointExtension>
            <ns3:hr>91</ns3:hr>
          </ns3:TrackPointExtension>
        </extensions>
      </trkpt>
      <trkpt lat="31.99752040207386016845703125" lon="118.76227567903697490692138671875">
        <ele>19.3999996185302734375</ele>
        <time>2022-05-10T11:58:06.000Z</time>
        <extensions>
          <ns3:TrackPointExtension/>
        </extensions>
      </trkpt>
      <trkpt lat="31.99747270904481410980224609375" lon="118.76239009201526641845703125">
        <ele>20</ele>
        <time>2022-05-10T11:58:07.000Z</time>
        <extensions>
          <ns3:TrackPointExtension/>
        </extensions>
      </trkpt>
      <trkpt lat="31.9974250160157680511474609375" lon="118.76251213252544403076171875">
        <ele>20.6000003814697265625</ele>
        <time>2022-05-10T11:58:08.000Z</time>
        <extensions>
          <ns3:TrackPointExtension/>
        </extensions>
      </trkpt>
      <trkpt lat="31.997379250824451446533203125" lon="118.76263425685465335845947265625">
        <ele>21.6000003814697265625</ele>
        <time>2022-05-10T11:58:09.000Z</time>
        <extensions>
          <ns3:TrackPointExtension/>
        </extensions>
      </trkpt>
      <trkpt lat="31.9973334856331348419189453125" lon="118.76275629736483097076416015625">
        <ele>23.3999996185302734375</ele>
        <time>2022-05-10T11:58:10.000Z</time>
        <extensions>
          <ns3:TrackPointExtension>
            <ns3:hr>95</ns3:hr>
          </ns3:TrackPointExtension>
        </extensions>
      </trkpt>
      <trkpt lat="31.9972877204418182373046875" lon="118.76287833787500858306884765625">
        <ele>24.799999237060546875</ele>
        <time>2022-05-10T11:58:11.000Z</time>
        <extensions>
          <ns3:TrackPointExtension/>
        </extensions>
      </trkpt>
      <trkpt lat="31.9972419552505016326904296875" lon="118.76299283467233180999755859375">
        <ele>25.799999237060546875</ele>
        <time>2022-05-10T11:58:12.000Z</time>
        <extensions>
          <ns3:TrackPointExtension/>
        </extensions>
      </trkpt>
      <trkpt lat="31.997196190059185028076171875" lon="118.76311487518250942230224609375">
        <ele>26.799999237060546875</ele>
        <time>2022-05-10T11:58:13.000Z</time>
        <extensions>
          <ns3:TrackPointExtension/>
        </extensions>
      </trkpt>
      <trkpt lat="31.99715034104883670806884765625" lon="118.763229288160800933837890625">
        <ele>27</ele>
        <time>2022-05-10T11:58:14.000Z</time>
        <extensions>
          <ns3:TrackPointExtension/>
        </extensions>
      </trkpt>
      <trkpt lat="31.99710457585752010345458984375" lon="118.76335141249001026153564453125">
        <ele>27.6000003814697265625</ele>
        <time>2022-05-10T11:58:15.000Z</time>
        <extensions>
          <ns3:TrackPointExtension>
            <ns3:hr>96</ns3:hr>
          </ns3:TrackPointExtension>
        </extensions>
      </trkpt>
      <trkpt lat="31.99705881066620349884033203125" lon="118.7634658254683017730712890625">
        <ele>28</ele>
        <time>2022-05-10T11:58:16.000Z</time>
        <extensions>
          <ns3:TrackPointExtension/>
        </extensions>
      </trkpt>
      <trkpt lat="31.9970149733126163482666015625" lon="118.763580322265625">
        <ele>28.200000762939453125</ele>
        <time>2022-05-10T11:58:17.000Z</time>
        <extensions>
          <ns3:TrackPointExtension/>
        </extensions>
      </trkpt>
      <trkpt lat="31.9969710521399974822998046875" lon="118.7636871077120304107666015625">
        <ele>28.200000762939453125</ele>
        <time>2022-05-10T11:58:18.000Z</time>
        <extensions>
          <ns3:TrackPointExtension/>
        </extensions>
      </trkpt>
      <trkpt lat="31.996925286948680877685546875" lon="118.76380152069032192230224609375">
        <ele>28.6000003814697265625</ele>
        <time>2022-05-10T11:58:19.000Z</time>
        <extensions>
          <ns3:TrackPointExtension/>
        </extensions>
      </trkpt>
      <trkpt lat="31.99688144959509372711181640625" lon="118.763915933668613433837890625">
        <ele>28.6000003814697265625</ele>
        <time>2022-05-10T11:58:20.000Z</time>
        <extensions>
          <ns3:TrackPointExtension>
            <ns3:hr>100</ns3:hr>
          </ns3:TrackPointExtension>
        </extensions>
      </trkpt>
      <trkpt lat="31.99684138409793376922607421875" lon="118.7640304304659366607666015625">
        <ele>28.3999996185302734375</ele>
        <time>2022-05-10T11:58:21.000Z</time>
        <extensions>
          <ns3:TrackPointExtension/>
        </extensions>
      </trkpt>
      <trkpt lat="31.99680131860077381134033203125" lon="118.76414484344422817230224609375">
        <ele>28.3999996185302734375</ele>
        <time>2022-05-10T11:58:22.000Z</time>
        <extensions>
          <ns3:TrackPointExtension/>
        </extensions>
      </trkpt>
      <trkpt lat="31.99676125310361385345458984375" lon="118.764259256422519683837890625">
        <ele>28</ele>
        <time>2022-05-10T11:58:23.000Z</time>
        <extensions>
          <ns3:TrackPointExtension/>
        </extensions>
      </trkpt>
      <trkpt lat="31.996723115444183349609375" lon="118.7643737532198429107666015625">
        <ele>27.6000003814697265625</ele>
        <time>2022-05-10T11:58:24.000Z</time>
        <extensions>
          <ns3:TrackPointExtension/>
        </extensions>
      </trkpt>
      <trkpt lat="31.9966869056224822998046875" lon="118.76448816619813442230224609375">
        <ele>27.200000762939453125</ele>
        <time>2022-05-10T11:58:25.000Z</time>
        <extensions>
          <ns3:TrackPointExtension>
            <ns3:hr>99</ns3:hr>
          </ns3:TrackPointExtension>
        </extensions>
      </trkpt>
      <trkpt lat="31.9966525398194789886474609375" lon="118.764602579176425933837890625">
        <ele>26.6000003814697265625</ele>
        <time>2022-05-10T11:58:26.000Z</time>
        <extensions>
          <ns3:TrackPointExtension/>
        </extensions>
      </trkpt>
      <trkpt lat="31.99661825783550739288330078125" lon="118.7647170759737491607666015625">
        <ele>26.200000762939453125</ele>
        <time>2022-05-10T11:58:27.000Z</time>
        <extensions>
          <ns3:TrackPointExtension/>
        </extensions>
      </trkpt>
      <trkpt lat="31.9965858198702335357666015625" lon="118.76483148895204067230224609375">
        <ele>26.200000762939453125</ele>
        <time>2022-05-10T11:58:28.000Z</time>
        <extensions>
          <ns3:TrackPointExtension/>
        </extensions>
      </trkpt>
      <trkpt lat="31.99655338190495967864990234375" lon="118.764945901930332183837890625">
        <ele>26</ele>
        <time>2022-05-10T11:58:29.000Z</time>
        <extensions>
          <ns3:TrackPointExtension/>
        </extensions>
      </trkpt>
      <trkpt lat="31.996520943939685821533203125" lon="118.7650603987276554107666015625">
        <ele>26</ele>
        <time>2022-05-10T11:58:30.000Z</time>
        <extensions>
          <ns3:TrackPointExtension>
            <ns3:hr>97</ns3:hr>
          </ns3:TrackPointExtension>
        </extensions>
      </trkpt>
      <trkpt lat="31.99649043381214141845703125" lon="118.765167184174060821533203125">
        <ele>27</ele>
        <time>2022-05-10T11:58:31.000Z</time>
        <extensions>
          <ns3:TrackPointExtension/>
        </extensions>
      </trkpt>
      <trkpt lat="31.996459923684597015380859375" lon="118.7652739696204662322998046875">
        <ele>28.200000762939453125</ele>
        <time>2022-05-10T11:58:32.000Z</time>
        <extensions>
          <ns3:TrackPointExtension/>
        </extensions>
      </trkpt>
      <trkpt lat="31.9964255578815937042236328125" lon="118.76538083888590335845947265625">
        <ele>29.3999996185302734375</ele>
        <time>2022-05-10T11:58:33.000Z</time>
        <extensions>
          <ns3:TrackPointExtension/>
        </extensions>
      </trkpt>
      <trkpt lat="31.9963950477540493011474609375" lon="118.76548762433230876922607421875">
        <ele>31</ele>
        <time>2022-05-10T11:58:34.000Z</time>
        <extensions>
          <ns3:TrackPointExtension/>
        </extensions>
      </trkpt>
      <trkpt lat="31.99636076577007770538330078125" lon="118.7655867822468280792236328125">
        <ele>32</ele>
        <time>2022-05-10T11:58:35.000Z</time>
        <extensions>
          <ns3:TrackPointExtension>
            <ns3:hr>97</ns3:hr>
          </ns3:TrackPointExtension>
        </extensions>
      </trkpt>
      <trkpt lat="31.99633025564253330230712890625" lon="118.76569365151226520538330078125">
        <ele>32.200000762939453125</ele>
        <time>2022-05-10T11:58:36.000Z</time>
        <extensions>
          <ns3:TrackPointExtension/>
        </extensions>
      </trkpt>
      <trkpt lat="31.9962978176772594451904296875" lon="118.765792809426784515380859375">
        <ele>32.59999847412109375</ele>
        <time>2022-05-10T11:58:37.000Z</time>
        <extensions>
          <ns3:TrackPointExtension/>
        </extensions>
      </trkpt>
      <trkpt lat="31.9962673075497150421142578125" lon="118.76589196734130382537841796875">
        <ele>33</ele>
        <time>2022-05-10T11:58:38.000Z</time>
        <extensions>
          <ns3:TrackPointExtension/>
        </extensions>
      </trkpt>
      <trkpt lat="31.99623294174671173095703125" lon="118.7659988366067409515380859375">
        <ele>32.799999237060546875</ele>
        <time>2022-05-10T11:58:39.000Z</time>
        <extensions>
          <ns3:TrackPointExtension/>
        </extensions>
      </trkpt>
      <trkpt lat="31.99620050378143787384033203125" lon="118.76609799452126026153564453125">
        <ele>32.40000152587890625</ele>
        <time>2022-05-10T11:58:40.000Z</time>
        <extensions>
          <ns3:TrackPointExtension>
            <ns3:hr>99</ns3:hr>
          </ns3:TrackPointExtension>
        </extensions>
      </trkpt>
      <trkpt lat="31.99616999365389347076416015625" lon="118.76618952490389347076416015625">
        <ele>32.200000762939453125</ele>
        <time>2022-05-10T11:58:41.000Z</time>
        <extensions>
          <ns3:TrackPointExtension/>
        </extensions>
      </trkpt>
      <trkpt lat="31.99613948352634906768798828125" lon="118.76628105528652667999267578125">
        <ele>32.40000152587890625</ele>
        <time>2022-05-10T11:58:42.000Z</time>
        <extensions>
          <ns3:TrackPointExtension/>
        </extensions>
      </trkpt>
      <trkpt lat="31.99610897339880466461181640625" lon="118.7663726694881916046142578125">
        <ele>32.59999847412109375</ele>
        <time>2022-05-10T11:58:43.000Z</time>
        <extensions>
          <ns3:TrackPointExtension/>
        </extensions>
      </trkpt>
      <trkpt lat="31.996080391108989715576171875" lon="118.76645657233893871307373046875">
        <ele>32.59999847412109375</ele>
        <time>2022-05-10T11:58:44.000Z</time>
        <extensions>
          <ns3:TrackPointExtension/>
        </extensions>
      </trkpt>
      <trkpt lat="31.9960517250001430511474609375" lon="118.76654810272157192230224609375">
        <ele>33.40000152587890625</ele>
        <time>2022-05-10T11:58:45.000Z</time>
        <extensions>
          <ns3:TrackPointExtension>
            <ns3:hr>97</ns3:hr>
          </ns3:TrackPointExtension>
        </extensions>
      </trkpt>
      <trkpt lat="31.9960269145667552947998046875" lon="118.76663200557231903076171875">
        <ele>34</ele>
        <time>2022-05-10T11:58:46.000Z</time>
        <extensions>
          <ns3:TrackPointExtension/>
        </extensions>
      </trkpt>
      <trkpt lat="31.99599833227694034576416015625" lon="118.7667159922420978546142578125">
        <ele>34.799999237060546875</ele>
        <time>2022-05-10T11:58:47.000Z</time>
        <extensions>
          <ns3:TrackPointExtension/>
        </extensions>
      </trkpt>
      <trkpt lat="31.99597167782485485076904296875" lon="118.76679989509284496307373046875">
        <ele>35.200000762939453125</ele>
        <time>2022-05-10T11:58:48.000Z</time>
        <extensions>
          <ns3:TrackPointExtension/>
        </extensions>
      </trkpt>
      <trkpt lat="31.995944939553737640380859375" lon="118.766883797943592071533203125">
        <ele>35.59999847412109375</ele>
        <time>2022-05-10T11:58:49.000Z</time>
        <extensions>
          <ns3:TrackPointExtension/>
        </extensions>
      </trkpt>
      <trkpt lat="31.99592205695807933807373046875" lon="118.76696770079433917999267578125">
        <ele>35.799999237060546875</ele>
        <time>2022-05-10T11:58:50.000Z</time>
        <extensions>
          <ns3:TrackPointExtension>
            <ns3:hr>93</ns3:hr>
          </ns3:TrackPointExtension>
        </extensions>
      </trkpt>
      <trkpt lat="31.99590110220015048980712890625" lon="118.767044059932231903076171875">
        <ele>36</ele>
        <time>2022-05-10T11:58:51.000Z</time>
        <extensions>
          <ns3:TrackPointExtension/>
        </extensions>
      </trkpt>
      <trkpt lat="31.9958800636231899261474609375" lon="118.7671203352510929107666015625">
        <ele>36.40000152587890625</ele>
        <time>2022-05-10T11:58:52.000Z</time>
        <extensions>
          <ns3:TrackPointExtension/>
        </extensions>
      </trkpt>
      <trkpt lat="31.99585718102753162384033203125" lon="118.76719661056995391845703125">
        <ele>36.59999847412109375</ele>
        <time>2022-05-10T11:58:53.000Z</time>
        <extensions>
          <ns3:TrackPointExtension/>
        </extensions>
      </trkpt>
      <trkpt lat="31.99583622626960277557373046875" lon="118.76728051342070102691650390625">
        <ele>37</ele>
        <time>2022-05-10T11:58:54.000Z</time>
        <extensions>
          <ns3:TrackPointExtension/>
        </extensions>
      </trkpt>
      <trkpt lat="31.9958133436739444732666015625" lon="118.76736450009047985076904296875">
        <ele>37.200000762939453125</ele>
        <time>2022-05-10T11:58:55.000Z</time>
        <extensions>
          <ns3:TrackPointExtension>
            <ns3:hr>94</ns3:hr>
          </ns3:TrackPointExtension>
        </extensions>
      </trkpt>
      <trkpt lat="31.99579046107828617095947265625" lon="118.76745603047311305999755859375">
        <ele>37.40000152587890625</ele>
        <time>2022-05-10T11:58:56.000Z</time>
        <extensions>
          <ns3:TrackPointExtension/>
        </extensions>
      </trkpt>
      <trkpt lat="31.99576757848262786865234375" lon="118.76753993332386016845703125">
        <ele>37.200000762939453125</ele>
        <time>2022-05-10T11:58:57.000Z</time>
        <extensions>
          <ns3:TrackPointExtension/>
        </extensions>
      </trkpt>
      <trkpt lat="31.99574469588696956634521484375" lon="118.76762383617460727691650390625">
        <ele>37.40000152587890625</ele>
        <time>2022-05-10T11:58:58.000Z</time>
        <extensions>
          <ns3:TrackPointExtension/>
        </extensions>
      </trkpt>
      <trkpt lat="31.995723657310009002685546875" lon="118.76770782284438610076904296875">
        <ele>37.59999847412109375</ele>
        <time>2022-05-10T11:58:59.000Z</time>
        <extensions>
          <ns3:TrackPointExtension/>
        </extensions>
      </trkpt>
      <trkpt lat="31.99570077471435070037841796875" lon="118.767791725695133209228515625">
        <ele>37.799999237060546875</ele>
        <time>2022-05-10T11:59:00.000Z</time>
        <extensions>
          <ns3:TrackPointExtension>
            <ns3:hr>92</ns3:hr>
          </ns3:TrackPointExtension>
        </extensions>
      </trkpt>
      <trkpt lat="31.9956778921186923980712890625" lon="118.76788325607776641845703125">
        <ele>38</ele>
        <time>2022-05-10T11:59:01.000Z</time>
        <extensions>
          <ns3:TrackPointExtension/>
        </extensions>
      </trkpt>
      <trkpt lat="31.995651237666606903076171875" lon="118.767974786460399627685546875">
        <ele>38.200000762939453125</ele>
        <time>2022-05-10T11:59:02.000Z</time>
        <extensions>
          <ns3:TrackPointExtension/>
        </extensions>
      </trkpt>
      <trkpt lat="31.995626427233219146728515625" lon="118.7680587731301784515380859375">
        <ele>38.200000762939453125</ele>
        <time>2022-05-10T11:59:03.000Z</time>
        <extensions>
          <ns3:TrackPointExtension/>
        </extensions>
      </trkpt>
      <trkpt lat="31.995601616799831390380859375" lon="118.76814267598092555999755859375">
        <ele>38.40000152587890625</ele>
        <time>2022-05-10T11:59:04.000Z</time>
        <extensions>
          <ns3:TrackPointExtension/>
        </extensions>
      </trkpt>
      <trkpt lat="31.995576806366443634033203125" lon="118.76821895129978656768798828125">
        <ele>38.799999237060546875</ele>
        <time>2022-05-10T11:59:05.000Z</time>
        <extensions>
          <ns3:TrackPointExtension>
            <ns3:hr>93</ns3:hr>
          </ns3:TrackPointExtension>
        </extensions>
      </trkpt>
      <trkpt lat="31.9955558516085147857666015625" lon="118.76829522661864757537841796875">
        <ele>39</ele>
        <time>2022-05-10T11:59:06.000Z</time>
        <extensions>
          <ns3:TrackPointExtension/>
        </extensions>
      </trkpt>
      <trkpt lat="31.9955348968505859375" lon="118.76837150193750858306884765625">
        <ele>39</ele>
        <time>2022-05-10T11:59:07.000Z</time>
        <extensions>
          <ns3:TrackPointExtension/>
        </extensions>
      </trkpt>
      <trkpt lat="31.99551385827362537384033203125" lon="118.76844786107540130615234375">
        <ele>39.200000762939453125</ele>
        <time>2022-05-10T11:59:08.000Z</time>
        <extensions>
          <ns3:TrackPointExtension/>
        </extensions>
      </trkpt>
      <trkpt lat="31.99549290351569652557373046875" lon="118.7685241363942623138427734375">
        <ele>39.59999847412109375</ele>
        <time>2022-05-10T11:59:09.000Z</time>
        <extensions>
          <ns3:TrackPointExtension/>
        </extensions>
      </trkpt>
      <trkpt lat="31.99547379277646541595458984375" lon="118.768600411713123321533203125">
        <ele>40.200000762939453125</ele>
        <time>2022-05-10T11:59:10.000Z</time>
        <extensions>
          <ns3:TrackPointExtension>
            <ns3:hr>88</ns3:hr>
          </ns3:TrackPointExtension>
        </extensions>
      </trkpt>
      <trkpt lat="31.995454765856266021728515625" lon="118.7686766870319843292236328125">
        <ele>40.799999237060546875</ele>
        <time>2022-05-10T11:59:11.000Z</time>
        <extensions>
          <ns3:TrackPointExtension/>
        </extensions>
      </trkpt>
      <trkpt lat="31.995435655117034912109375" lon="118.76875304616987705230712890625">
        <ele>41.200000762939453125</ele>
        <time>2022-05-10T11:59:12.000Z</time>
        <extensions>
          <ns3:TrackPointExtension/>
        </extensions>
      </trkpt>
      <trkpt lat="31.99541662819683551788330078125" lon="118.76882932148873805999755859375">
        <ele>41.59999847412109375</ele>
        <time>2022-05-10T11:59:13.000Z</time>
        <extensions>
          <ns3:TrackPointExtension/>
        </extensions>
      </trkpt>
      <trkpt lat="31.99539751745760440826416015625" lon="118.76890559680759906768798828125">
        <ele>42</ele>
        <time>2022-05-10T11:59:14.000Z</time>
        <extensions>
          <ns3:TrackPointExtension/>
        </extensions>
      </trkpt>
      <trkpt lat="31.9953784905374050140380859375" lon="118.7689894996583461761474609375">
        <ele>42.40000152587890625</ele>
        <time>2022-05-10T11:59:15.000Z</time>
        <extensions>
          <ns3:TrackPointExtension>
            <ns3:hr>90</ns3:hr>
          </ns3:TrackPointExtension>
        </extensions>
      </trkpt>
      <trkpt lat="31.99535745196044445037841796875" lon="118.769073486328125">
        <ele>42.799999237060546875</ele>
        <time>2022-05-10T11:59:16.000Z</time>
        <extensions>
          <ns3:TrackPointExtension/>
        </extensions>
      </trkpt>
      <trkpt lat="31.9953345693647861480712890625" lon="118.7691497616469860076904296875">
        <ele>43.200000762939453125</ele>
        <time>2022-05-10T11:59:17.000Z</time>
        <extensions>
          <ns3:TrackPointExtension/>
        </extensions>
      </trkpt>
      <trkpt lat="31.99531168676912784576416015625" lon="118.769226036965847015380859375">
        <ele>43.59999847412109375</ele>
        <time>2022-05-10T11:59:18.000Z</time>
        <extensions>
          <ns3:TrackPointExtension/>
        </extensions>
      </trkpt>
      <trkpt lat="31.99528880417346954345703125" lon="118.7693023122847080230712890625">
        <ele>44</ele>
        <time>2022-05-10T11:59:19.000Z</time>
        <extensions>
          <ns3:TrackPointExtension/>
        </extensions>
      </trkpt>
      <trkpt lat="31.9952678494155406951904296875" lon="118.76937858760356903076171875">
        <ele>44</ele>
        <time>2022-05-10T11:59:20.000Z</time>
        <extensions>
          <ns3:TrackPointExtension>
            <ns3:hr>90</ns3:hr>
          </ns3:TrackPointExtension>
        </extensions>
      </trkpt>
      <trkpt lat="31.99524496681988239288330078125" lon="118.769447319209575653076171875">
        <ele>43.799999237060546875</ele>
        <time>2022-05-10T11:59:21.000Z</time>
        <extensions>
          <ns3:TrackPointExtension/>
        </extensions>
      </trkpt>
      <trkpt lat="31.995222084224224090576171875" lon="118.769508339464664459228515625">
        <ele>43.799999237060546875</ele>
        <time>2022-05-10T11:59:22.000Z</time>
        <extensions>
          <ns3:TrackPointExtension/>
        </extensions>
      </trkpt>
      <trkpt lat="31.99519920162856578826904296875" lon="118.7695846147835254669189453125">
        <ele>44</ele>
        <time>2022-05-10T11:59:23.000Z</time>
        <extensions>
          <ns3:TrackPointExtension/>
        </extensions>
      </trkpt>
      <trkpt lat="31.995178163051605224609375" lon="118.76965326257050037384033203125">
        <ele>44</ele>
        <time>2022-05-10T11:59:24.000Z</time>
        <extensions>
          <ns3:TrackPointExtension/>
        </extensions>
      </trkpt>
      <trkpt lat="31.9951572082936763763427734375" lon="118.76972191035747528076171875">
        <ele>44</ele>
        <time>2022-05-10T11:59:25.000Z</time>
        <extensions>
          <ns3:TrackPointExtension>
            <ns3:hr>88</ns3:hr>
          </ns3:TrackPointExtension>
        </extensions>
      </trkpt>
      <trkpt lat="31.995136253535747528076171875" lon="118.76979826949536800384521484375">
        <ele>44</ele>
        <time>2022-05-10T11:59:26.000Z</time>
        <extensions>
          <ns3:TrackPointExtension/>
        </extensions>
      </trkpt>
      <trkpt lat="31.99511521495878696441650390625" lon="118.76987454481422901153564453125">
        <ele>43.40000152587890625</ele>
        <time>2022-05-10T11:59:27.000Z</time>
        <extensions>
          <ns3:TrackPointExtension/>
        </extensions>
      </trkpt>
      <trkpt lat="31.99509426020085811614990234375" lon="118.7699584476649761199951171875">
        <ele>42.59999847412109375</ele>
        <time>2022-05-10T11:59:28.000Z</time>
        <extensions>
          <ns3:TrackPointExtension/>
        </extensions>
      </trkpt>
      <trkpt lat="31.99507330544292926788330078125" lon="118.77004235051572322845458984375">
        <ele>42</ele>
        <time>2022-05-10T11:59:29.000Z</time>
        <extensions>
          <ns3:TrackPointExtension/>
        </extensions>
      </trkpt>
      <trkpt lat="31.9950522668659687042236328125" lon="118.770133964717388153076171875">
        <ele>41.40000152587890625</ele>
        <time>2022-05-10T11:59:30.000Z</time>
        <extensions>
          <ns3:TrackPointExtension>
            <ns3:hr>90</ns3:hr>
          </ns3:TrackPointExtension>
        </extensions>
      </trkpt>
      <trkpt lat="31.99503131210803985595703125" lon="118.7702254951000213623046875">
        <ele>41</ele>
        <time>2022-05-10T11:59:31.000Z</time>
        <extensions>
          <ns3:TrackPointExtension/>
        </extensions>
      </trkpt>
      <trkpt lat="31.9950103573501110076904296875" lon="118.77032465301454067230224609375">
        <ele>41</ele>
        <time>2022-05-10T11:59:32.000Z</time>
        <extensions>
          <ns3:TrackPointExtension/>
        </extensions>
      </trkpt>
      <trkpt lat="31.9949912466108798980712890625" lon="118.7704238109290599822998046875">
        <ele>41.59999847412109375</ele>
        <time>2022-05-10T11:59:33.000Z</time>
        <extensions>
          <ns3:TrackPointExtension/>
        </extensions>
      </trkpt>
      <trkpt lat="31.9949702918529510498046875" lon="118.77053068019449710845947265625">
        <ele>42</ele>
        <time>2022-05-10T11:59:34.000Z</time>
        <extensions>
          <ns3:TrackPointExtension/>
        </extensions>
      </trkpt>
      <trkpt lat="31.9949493370950222015380859375" lon="118.77062983810901641845703125">
        <ele>42.40000152587890625</ele>
        <time>2022-05-10T11:59:35.000Z</time>
        <extensions>
          <ns3:TrackPointExtension>
            <ns3:hr>90</ns3:hr>
          </ns3:TrackPointExtension>
        </extensions>
      </trkpt>
      <trkpt lat="31.99492829851806163787841796875" lon="118.7707366235554218292236328125">
        <ele>42.200000762939453125</ele>
        <time>2022-05-10T11:59:36.000Z</time>
        <extensions>
          <ns3:TrackPointExtension/>
        </extensions>
      </trkpt>
      <trkpt lat="31.99490927159786224365234375" lon="118.77084349282085895538330078125">
        <ele>42.200000762939453125</ele>
        <time>2022-05-10T11:59:37.000Z</time>
        <extensions>
          <ns3:TrackPointExtension/>
        </extensions>
      </trkpt>
      <trkpt lat="31.99488823302090167999267578125" lon="118.77095027826726436614990234375">
        <ele>41.799999237060546875</ele>
        <time>2022-05-10T11:59:38.000Z</time>
        <extensions>
          <ns3:TrackPointExtension/>
        </extensions>
      </trkpt>
      <trkpt lat="31.9948692061007022857666015625" lon="118.7710494361817836761474609375">
        <ele>40.59999847412109375</ele>
        <time>2022-05-10T11:59:39.000Z</time>
        <extensions>
          <ns3:TrackPointExtension/>
        </extensions>
      </trkpt>
      <trkpt lat="31.9948500953614711761474609375" lon="118.77114105038344860076904296875">
        <ele>39.40000152587890625</ele>
        <time>2022-05-10T11:59:40.000Z</time>
        <extensions>
          <ns3:TrackPointExtension>
            <ns3:hr>89</ns3:hr>
          </ns3:TrackPointExtension>
        </extensions>
      </trkpt>
      <trkpt lat="31.99483291245996952056884765625" lon="118.77123258076608180999755859375">
        <ele>38.799999237060546875</ele>
        <time>2022-05-10T11:59:41.000Z</time>
        <extensions>
          <ns3:TrackPointExtension/>
        </extensions>
      </trkpt>
      <trkpt lat="31.99481581337749958038330078125" lon="118.77131648361682891845703125">
        <ele>38.200000762939453125</ele>
        <time>2022-05-10T11:59:42.000Z</time>
        <extensions>
          <ns3:TrackPointExtension/>
        </extensions>
      </trkpt>
      <trkpt lat="31.9947986304759979248046875" lon="118.7713927589356899261474609375">
        <ele>37.799999237060546875</ele>
        <time>2022-05-10T11:59:43.000Z</time>
        <extensions>
          <ns3:TrackPointExtension/>
        </extensions>
      </trkpt>
      <trkpt lat="31.99478144757449626922607421875" lon="118.771469034254550933837890625">
        <ele>37.200000762939453125</ele>
        <time>2022-05-10T11:59:44.000Z</time>
        <extensions>
          <ns3:TrackPointExtension/>
        </extensions>
      </trkpt>
      <trkpt lat="31.994768120348453521728515625" lon="118.77153776586055755615234375">
        <ele>37</ele>
        <time>2022-05-10T11:59:45.000Z</time>
        <extensions>
          <ns3:TrackPointExtension>
            <ns3:hr>90</ns3:hr>
          </ns3:TrackPointExtension>
        </extensions>
      </trkpt>
      <trkpt lat="31.994754709303379058837890625" lon="118.7715987861156463623046875">
        <ele>36.799999237060546875</ele>
        <time>2022-05-10T11:59:46.000Z</time>
        <extensions>
          <ns3:TrackPointExtension/>
        </extensions>
      </trkpt>
      <trkpt lat="31.994743309915065765380859375" lon="118.77165217883884906768798828125">
        <ele>37</ele>
        <time>2022-05-10T11:59:47.000Z</time>
        <extensions>
          <ns3:TrackPointExtension/>
        </extensions>
      </trkpt>
      <trkpt lat="31.9947337545454502105712890625" lon="118.77169794403016567230224609375">
        <ele>37.200000762939453125</ele>
        <time>2022-05-10T11:59:48.000Z</time>
        <extensions>
          <ns3:TrackPointExtension/>
        </extensions>
      </trkpt>
      <trkpt lat="31.99472419917583465576171875" lon="118.7717360816895961761474609375">
        <ele>37.40000152587890625</ele>
        <time>2022-05-10T11:59:49.000Z</time>
        <extensions>
          <ns3:TrackPointExtension/>
        </extensions>
      </trkpt>
      <trkpt lat="31.99471472762525081634521484375" lon="118.77178184688091278076171875">
        <ele>37.799999237060546875</ele>
        <time>2022-05-10T11:59:50.000Z</time>
        <extensions>
          <ns3:TrackPointExtension>
            <ns3:hr>90</ns3:hr>
          </ns3:TrackPointExtension>
        </extensions>
      </trkpt>
      <trkpt lat="31.994707100093364715576171875" lon="118.771820068359375">
        <ele>38</ele>
        <time>2022-05-10T11:59:51.000Z</time>
        <extensions>
          <ns3:TrackPointExtension/>
        </extensions>
      </trkpt>
      <trkpt lat="31.9946975447237491607666015625" lon="118.77187346108257770538330078125">
        <ele>38.200000762939453125</ele>
        <time>2022-05-10T11:59:52.000Z</time>
        <extensions>
          <ns3:TrackPointExtension/>
        </extensions>
      </trkpt>
      <trkpt lat="31.99468991719186305999755859375" lon="118.77191922627389430999755859375">
        <ele>38.200000762939453125</ele>
        <time>2022-05-10T11:59:53.000Z</time>
        <extensions>
          <ns3:TrackPointExtension/>
        </extensions>
      </trkpt>
      <trkpt lat="31.99468036182224750518798828125" lon="118.77198024652898311614990234375">
        <ele>38.200000762939453125</ele>
        <time>2022-05-10T11:59:54.000Z</time>
        <extensions>
          <ns3:TrackPointExtension/>
        </extensions>
      </trkpt>
      <trkpt lat="31.99467080645263195037841796875" lon="118.7720488943159580230712890625">
        <ele>38.200000762939453125</ele>
        <time>2022-05-10T11:59:55.000Z</time>
        <extensions>
          <ns3:TrackPointExtension>
            <ns3:hr>89</ns3:hr>
          </ns3:TrackPointExtension>
        </extensions>
      </trkpt>
      <trkpt lat="31.99466125108301639556884765625" lon="118.77211754210293292999267578125">
        <ele>38</ele>
        <time>2022-05-10T11:59:56.000Z</time>
        <extensions>
          <ns3:TrackPointExtension/>
        </extensions>
      </trkpt>
      <trkpt lat="31.99464985169470310211181640625" lon="118.772193901240825653076171875">
        <ele>37.799999237060546875</ele>
        <time>2022-05-10T11:59:57.000Z</time>
        <extensions>
          <ns3:TrackPointExtension/>
        </extensions>
      </trkpt>
      <trkpt lat="31.9946422241628170013427734375" lon="118.7722854316234588623046875">
        <ele>37.59999847412109375</ele>
        <time>2022-05-10T11:59:58.000Z</time>
        <extensions>
          <ns3:TrackPointExtension/>
        </extensions>
      </trkpt>
      <trkpt lat="31.994632668793201446533203125" lon="118.772376962006092071533203125">
        <ele>37</ele>
        <time>2022-05-10T11:59:59.000Z</time>
        <extensions>
          <ns3:TrackPointExtension/>
        </extensions>
      </trkpt>
      <trkpt lat="31.9946231134235858917236328125" lon="118.77247611992061138153076171875">
        <ele>36</ele>
        <time>2022-05-10T12:00:00.000Z</time>
        <extensions>
          <ns3:TrackPointExtension>
            <ns3:hr>88</ns3:hr>
          </ns3:TrackPointExtension>
        </extensions>
      </trkpt>
      <trkpt lat="31.99461364187300205230712890625" lon="118.7725829891860485076904296875">
        <ele>34.799999237060546875</ele>
        <time>2022-05-10T12:00:01.000Z</time>
        <extensions>
          <ns3:TrackPointExtension/>
        </extensions>
      </trkpt>
      <trkpt lat="31.99460408650338649749755859375" lon="118.77269740216434001922607421875">
        <ele>33.59999847412109375</ele>
        <time>2022-05-10T12:00:02.000Z</time>
        <extensions>
          <ns3:TrackPointExtension/>
        </extensions>
      </trkpt>
      <trkpt lat="31.99459453113377094268798828125" lon="118.77281181514263153076171875">
        <ele>32.40000152587890625</ele>
        <time>2022-05-10T12:00:03.000Z</time>
        <extensions>
          <ns3:TrackPointExtension/>
        </extensions>
      </trkpt>
      <trkpt lat="31.99458497576415538787841796875" lon="118.7729263119399547576904296875">
        <ele>31.799999237060546875</ele>
        <time>2022-05-10T12:00:04.000Z</time>
        <extensions>
          <ns3:TrackPointExtension/>
        </extensions>
      </trkpt>
      <trkpt lat="31.994577348232269287109375" lon="118.77304072491824626922607421875">
        <ele>31.3999996185302734375</ele>
        <time>2022-05-10T12:00:05.000Z</time>
        <extensions>
          <ns3:TrackPointExtension>
            <ns3:hr>87</ns3:hr>
          </ns3:TrackPointExtension>
        </extensions>
      </trkpt>
      <trkpt lat="31.99456972070038318634033203125" lon="118.77315513789653778076171875">
        <ele>31.200000762939453125</ele>
        <time>2022-05-10T12:00:06.000Z</time>
        <extensions>
          <ns3:TrackPointExtension/>
        </extensions>
      </trkpt>
      <trkpt lat="31.9945620931684970855712890625" lon="118.77326200716197490692138671875">
        <ele>32</ele>
        <time>2022-05-10T12:00:07.000Z</time>
        <extensions>
          <ns3:TrackPointExtension/>
        </extensions>
      </trkpt>
      <trkpt lat="31.9945563934743404388427734375" lon="118.77336879260838031768798828125">
        <ele>32.799999237060546875</ele>
        <time>2022-05-10T12:00:08.000Z</time>
        <extensions>
          <ns3:TrackPointExtension/>
        </extensions>
      </trkpt>
      <trkpt lat="31.99455253779888153076171875" lon="118.773467950522899627685546875">
        <ele>32.799999237060546875</ele>
        <time>2022-05-10T12:00:09.000Z</time>
        <extensions>
          <ns3:TrackPointExtension/>
        </extensions>
      </trkpt>
      <trkpt lat="31.99454876594245433807373046875" lon="118.77355956472456455230712890625">
        <ele>32.799999237060546875</ele>
        <time>2022-05-10T12:00:10.000Z</time>
        <extensions>
          <ns3:TrackPointExtension>
            <ns3:hr>91</ns3:hr>
          </ns3:TrackPointExtension>
        </extensions>
      </trkpt>
      <trkpt lat="31.99454491026699542999267578125" lon="118.77365109510719776153564453125">
        <ele>32.799999237060546875</ele>
        <time>2022-05-10T12:00:11.000Z</time>
        <extensions>
          <ns3:TrackPointExtension/>
        </extensions>
      </trkpt>
      <trkpt lat="31.99454306624829769134521484375" lon="118.7737349979579448699951171875">
        <ele>32.59999847412109375</ele>
        <time>2022-05-10T12:00:12.000Z</time>
        <extensions>
          <ns3:TrackPointExtension/>
        </extensions>
      </trkpt>
      <trkpt lat="31.99454306624829769134521484375" lon="118.773811273276805877685546875">
        <ele>32.40000152587890625</ele>
        <time>2022-05-10T12:00:13.000Z</time>
        <extensions>
          <ns3:TrackPointExtension/>
        </extensions>
      </trkpt>
      <trkpt lat="31.9945411384105682373046875" lon="118.77388763241469860076904296875">
        <ele>32.200000762939453125</ele>
        <time>2022-05-10T12:00:14.000Z</time>
        <extensions>
          <ns3:TrackPointExtension/>
        </extensions>
      </trkpt>
      <trkpt lat="31.9945411384105682373046875" lon="118.77396390773355960845947265625">
        <ele>32</ele>
        <time>2022-05-10T12:00:15.000Z</time>
        <extensions>
          <ns3:TrackPointExtension>
            <ns3:hr>93</ns3:hr>
          </ns3:TrackPointExtension>
        </extensions>
      </trkpt>
      <trkpt lat="31.99454306624829769134521484375" lon="118.774032555520534515380859375">
        <ele>31.799999237060546875</ele>
        <time>2022-05-10T12:00:16.000Z</time>
        <extensions>
          <ns3:TrackPointExtension/>
        </extensions>
      </trkpt>
      <trkpt lat="31.99454306624829769134521484375" lon="118.7741088308393955230712890625">
        <ele>31.3999996185302734375</ele>
        <time>2022-05-10T12:00:17.000Z</time>
        <extensions>
          <ns3:TrackPointExtension/>
        </extensions>
      </trkpt>
      <trkpt lat="31.99454306624829769134521484375" lon="118.77418510615825653076171875">
        <ele>31.200000762939453125</ele>
        <time>2022-05-10T12:00:18.000Z</time>
        <extensions>
          <ns3:TrackPointExtension/>
        </extensions>
      </trkpt>
      <trkpt lat="31.99454491026699542999267578125" lon="118.77426146529614925384521484375">
        <ele>31</ele>
        <time>2022-05-10T12:00:19.000Z</time>
        <extensions>
          <ns3:TrackPointExtension/>
        </extensions>
      </trkpt>
      <trkpt lat="31.99454306624829769134521484375" lon="118.77435299567878246307373046875">
        <ele>30.799999237060546875</ele>
        <time>2022-05-10T12:00:20.000Z</time>
        <extensions>
          <ns3:TrackPointExtension>
            <ns3:hr>90</ns3:hr>
          </ns3:TrackPointExtension>
        </extensions>
      </trkpt>
      <trkpt lat="31.9945315830409526824951171875" lon="118.774436898529529571533203125">
        <ele>30.3999996185302734375</ele>
        <time>2022-05-10T12:00:21.000Z</time>
        <extensions>
          <ns3:TrackPointExtension/>
        </extensions>
      </trkpt>
      <trkpt lat="31.99451825581490993499755859375" lon="118.77453605644404888153076171875">
        <ele>30.200000762939453125</ele>
        <time>2022-05-10T12:00:22.000Z</time>
        <extensions>
          <ns3:TrackPointExtension/>
        </extensions>
      </trkpt>
      <trkpt lat="31.9945049285888671875" lon="118.77462767064571380615234375">
        <ele>30.200000762939453125</ele>
        <time>2022-05-10T12:00:23.000Z</time>
        <extensions>
          <ns3:TrackPointExtension/>
        </extensions>
      </trkpt>
      <trkpt lat="31.994491517543792724609375" lon="118.7747344560921192169189453125">
        <ele>30.3999996185302734375</ele>
        <time>2022-05-10T12:00:24.000Z</time>
        <extensions>
          <ns3:TrackPointExtension/>
        </extensions>
      </trkpt>
      <trkpt lat="31.99448011815547943115234375" lon="118.77483361400663852691650390625">
        <ele>30.3999996185302734375</ele>
        <time>2022-05-10T12:00:25.000Z</time>
        <extensions>
          <ns3:TrackPointExtension>
            <ns3:hr>93</ns3:hr>
          </ns3:TrackPointExtension>
        </extensions>
      </trkpt>
      <trkpt lat="31.99446670711040496826171875" lon="118.774940483272075653076171875">
        <ele>30.3999996185302734375</ele>
        <time>2022-05-10T12:00:26.000Z</time>
        <extensions>
          <ns3:TrackPointExtension/>
        </extensions>
      </trkpt>
      <trkpt lat="31.99445337988436222076416015625" lon="118.7750472687184810638427734375">
        <ele>30.200000762939453125</ele>
        <time>2022-05-10T12:00:27.000Z</time>
        <extensions>
          <ns3:TrackPointExtension/>
        </extensions>
      </trkpt>
      <trkpt lat="31.9944400526583194732666015625" lon="118.775154054164886474609375">
        <ele>30.200000762939453125</ele>
        <time>2022-05-10T12:00:28.000Z</time>
        <extensions>
          <ns3:TrackPointExtension/>
        </extensions>
      </trkpt>
      <trkpt lat="31.99442672543227672576904296875" lon="118.77526092343032360076904296875">
        <ele>30.6000003814697265625</ele>
        <time>2022-05-10T12:00:29.000Z</time>
        <extensions>
          <ns3:TrackPointExtension/>
        </extensions>
      </trkpt>
      <trkpt lat="31.994411386549472808837890625" lon="118.77536770887672901153564453125">
        <ele>31</ele>
        <time>2022-05-10T12:00:30.000Z</time>
        <extensions>
          <ns3:TrackPointExtension>
            <ns3:hr>93</ns3:hr>
          </ns3:TrackPointExtension>
        </extensions>
      </trkpt>
      <trkpt lat="31.9943961314857006072998046875" lon="118.77547449432313442230224609375">
        <ele>31.3999996185302734375</ele>
        <time>2022-05-10T12:00:31.000Z</time>
        <extensions>
          <ns3:TrackPointExtension/>
        </extensions>
      </trkpt>
      <trkpt lat="31.99439428746700286865234375" lon="118.7755736522376537322998046875">
        <ele>31.799999237060546875</ele>
        <time>2022-05-10T12:00:32.000Z</time>
        <extensions>
          <ns3:TrackPointExtension/>
        </extensions>
      </trkpt>
      <trkpt lat="31.99439235962927341461181640625" lon="118.77568052150309085845947265625">
        <ele>32.200000762939453125</ele>
        <time>2022-05-10T12:00:33.000Z</time>
        <extensions>
          <ns3:TrackPointExtension/>
        </extensions>
      </trkpt>
      <trkpt lat="31.9943904317915439605712890625" lon="118.77577967941761016845703125">
        <ele>32.40000152587890625</ele>
        <time>2022-05-10T12:00:34.000Z</time>
        <extensions>
          <ns3:TrackPointExtension/>
        </extensions>
      </trkpt>
      <trkpt lat="31.99438850395381450653076171875" lon="118.77587883733212947845458984375">
        <ele>32.40000152587890625</ele>
        <time>2022-05-10T12:00:35.000Z</time>
        <extensions>
          <ns3:TrackPointExtension>
            <ns3:hr>93</ns3:hr>
          </ns3:TrackPointExtension>
        </extensions>
      </trkpt>
      <trkpt lat="31.99439428746700286865234375" lon="118.775970451533794403076171875">
        <ele>32.40000152587890625</ele>
        <time>2022-05-10T12:00:36.000Z</time>
        <extensions>
          <ns3:TrackPointExtension/>
        </extensions>
      </trkpt>
      <trkpt lat="31.994399987161159515380859375" lon="118.77606960944831371307373046875">
        <ele>32.59999847412109375</ele>
        <time>2022-05-10T12:00:37.000Z</time>
        <extensions>
          <ns3:TrackPointExtension/>
        </extensions>
      </trkpt>
      <trkpt lat="31.994405686855316162109375" lon="118.77616113983094692230224609375">
        <ele>33</ele>
        <time>2022-05-10T12:00:38.000Z</time>
        <extensions>
          <ns3:TrackPointExtension/>
        </extensions>
      </trkpt>
      <trkpt lat="31.994411386549472808837890625" lon="118.77624504268169403076171875">
        <ele>33</ele>
        <time>2022-05-10T12:00:39.000Z</time>
        <extensions>
          <ns3:TrackPointExtension/>
        </extensions>
      </trkpt>
      <trkpt lat="31.99441717006266117095947265625" lon="118.77633665688335895538330078125">
        <ele>32.799999237060546875</ele>
        <time>2022-05-10T12:00:40.000Z</time>
        <extensions>
          <ns3:TrackPointExtension>
            <ns3:hr>97</ns3:hr>
          </ns3:TrackPointExtension>
        </extensions>
      </trkpt>
      <trkpt lat="31.994424797594547271728515625" lon="118.7764205597341060638427734375">
        <ele>32.59999847412109375</ele>
        <time>2022-05-10T12:00:41.000Z</time>
        <extensions>
          <ns3:TrackPointExtension/>
        </extensions>
      </trkpt>
      <trkpt lat="31.99443242512643337249755859375" lon="118.77650446258485317230224609375">
        <ele>32.40000152587890625</ele>
        <time>2022-05-10T12:00:42.000Z</time>
        <extensions>
          <ns3:TrackPointExtension/>
        </extensions>
      </trkpt>
      <trkpt lat="31.9944400526583194732666015625" lon="118.77658836543560028076171875">
        <ele>32</ele>
        <time>2022-05-10T12:00:43.000Z</time>
        <extensions>
          <ns3:TrackPointExtension/>
        </extensions>
      </trkpt>
      <trkpt lat="31.9944457523524761199951171875" lon="118.7766723521053791046142578125">
        <ele>32.40000152587890625</ele>
        <time>2022-05-10T12:00:44.000Z</time>
        <extensions>
          <ns3:TrackPointExtension/>
        </extensions>
      </trkpt>
      <trkpt lat="31.994449608027935028076171875" lon="118.7767638824880123138427734375">
        <ele>33</ele>
        <time>2022-05-10T12:00:45.000Z</time>
        <extensions>
          <ns3:TrackPointExtension>
            <ns3:hr>100</ns3:hr>
          </ns3:TrackPointExtension>
        </extensions>
      </trkpt>
      <trkpt lat="31.9944553077220916748046875" lon="118.7768554128706455230712890625">
        <ele>33.799999237060546875</ele>
        <time>2022-05-10T12:00:46.000Z</time>
        <extensions>
          <ns3:TrackPointExtension/>
        </extensions>
      </trkpt>
      <trkpt lat="31.99445337988436222076416015625" lon="118.7769469432532787322998046875">
        <ele>34.40000152587890625</ele>
        <time>2022-05-10T12:00:47.000Z</time>
        <extensions>
          <ns3:TrackPointExtension/>
        </extensions>
      </trkpt>
      <trkpt lat="31.9944514520466327667236328125" lon="118.7770461849868297576904296875">
        <ele>35.200000762939453125</ele>
        <time>2022-05-10T12:00:48.000Z</time>
        <extensions>
          <ns3:TrackPointExtension/>
        </extensions>
      </trkpt>
      <trkpt lat="31.99444768019020557403564453125" lon="118.77714534290134906768798828125">
        <ele>36.40000152587890625</ele>
        <time>2022-05-10T12:00:49.000Z</time>
        <extensions>
          <ns3:TrackPointExtension/>
        </extensions>
      </trkpt>
      <trkpt lat="31.99444382451474666595458984375" lon="118.77725212834775447845458984375">
        <ele>36.799999237060546875</ele>
        <time>2022-05-10T12:00:50.000Z</time>
        <extensions>
          <ns3:TrackPointExtension>
            <ns3:hr>102</ns3:hr>
          </ns3:TrackPointExtension>
        </extensions>
      </trkpt>
      <trkpt lat="31.99444198049604892730712890625" lon="118.7773589976131916046142578125">
        <ele>37</ele>
        <time>2022-05-10T12:00:51.000Z</time>
        <extensions>
          <ns3:TrackPointExtension/>
        </extensions>
      </trkpt>
      <trkpt lat="31.9944400526583194732666015625" lon="118.777465783059597015380859375">
        <ele>37</ele>
        <time>2022-05-10T12:00:52.000Z</time>
        <extensions>
          <ns3:TrackPointExtension/>
        </extensions>
      </trkpt>
      <trkpt lat="31.99443812482059001922607421875" lon="118.77758019603788852691650390625">
        <ele>37</ele>
        <time>2022-05-10T12:00:53.000Z</time>
        <extensions>
          <ns3:TrackPointExtension/>
        </extensions>
      </trkpt>
      <trkpt lat="31.994436196982860565185546875" lon="118.77769469283521175384521484375">
        <ele>36.200000762939453125</ele>
        <time>2022-05-10T12:00:54.000Z</time>
        <extensions>
          <ns3:TrackPointExtension/>
        </extensions>
      </trkpt>
      <trkpt lat="31.99443242512643337249755859375" lon="118.77781673334538936614990234375">
        <ele>35.59999847412109375</ele>
        <time>2022-05-10T12:00:55.000Z</time>
        <extensions>
          <ns3:TrackPointExtension>
            <ns3:hr>101</ns3:hr>
          </ns3:TrackPointExtension>
        </extensions>
      </trkpt>
      <trkpt lat="31.99443049728870391845703125" lon="118.77793877385556697845458984375">
        <ele>35.59999847412109375</ele>
        <time>2022-05-10T12:00:56.000Z</time>
        <extensions>
          <ns3:TrackPointExtension/>
        </extensions>
      </trkpt>
      <trkpt lat="31.99442856945097446441650390625" lon="118.77806089818477630615234375">
        <ele>35.59999847412109375</ele>
        <time>2022-05-10T12:00:57.000Z</time>
        <extensions>
          <ns3:TrackPointExtension/>
        </extensions>
      </trkpt>
      <trkpt lat="31.99442672543227672576904296875" lon="118.77819056622684001922607421875">
        <ele>35.59999847412109375</ele>
        <time>2022-05-10T12:00:58.000Z</time>
        <extensions>
          <ns3:TrackPointExtension/>
        </extensions>
      </trkpt>
      <trkpt lat="31.994424797594547271728515625" lon="118.7783202342689037322998046875">
        <ele>35.799999237060546875</ele>
        <time>2022-05-10T12:00:59.000Z</time>
        <extensions>
          <ns3:TrackPointExtension/>
        </extensions>
      </trkpt>
      <trkpt lat="31.99442286975681781768798828125" lon="118.77845761366188526153564453125">
        <ele>35.799999237060546875</ele>
        <time>2022-05-10T12:01:00.000Z</time>
        <extensions>
          <ns3:TrackPointExtension>
            <ns3:hr>99</ns3:hr>
          </ns3:TrackPointExtension>
        </extensions>
      </trkpt>
      <trkpt lat="31.99442286975681781768798828125" lon="118.77859490923583507537841796875">
        <ele>35</ele>
        <time>2022-05-10T12:01:01.000Z</time>
        <extensions>
          <ns3:TrackPointExtension/>
        </extensions>
      </trkpt>
      <trkpt lat="31.9944209419190883636474609375" lon="118.7787322886288166046142578125">
        <ele>34.799999237060546875</ele>
        <time>2022-05-10T12:01:02.000Z</time>
        <extensions>
          <ns3:TrackPointExtension/>
        </extensions>
      </trkpt>
      <trkpt lat="31.994419097900390625" lon="118.77886958420276641845703125">
        <ele>34.59999847412109375</ele>
        <time>2022-05-10T12:01:03.000Z</time>
        <extensions>
          <ns3:TrackPointExtension/>
        </extensions>
      </trkpt>
      <trkpt lat="31.99441717006266117095947265625" lon="118.77899925224483013153076171875">
        <ele>34.200000762939453125</ele>
        <time>2022-05-10T12:01:04.000Z</time>
        <extensions>
          <ns3:TrackPointExtension/>
        </extensions>
      </trkpt>
      <trkpt lat="31.99441717006266117095947265625" lon="118.7791366316378116607666015625">
        <ele>34</ele>
        <time>2022-05-10T12:01:05.000Z</time>
        <extensions>
          <ns3:TrackPointExtension>
            <ns3:hr>95</ns3:hr>
          </ns3:TrackPointExtension>
        </extensions>
      </trkpt>
      <trkpt lat="31.99441717006266117095947265625" lon="118.7792586721479892730712890625">
        <ele>33.59999847412109375</ele>
        <time>2022-05-10T12:01:06.000Z</time>
        <extensions>
          <ns3:TrackPointExtension/>
        </extensions>
      </trkpt>
      <trkpt lat="31.9944152422249317169189453125" lon="118.7793884240090847015380859375">
        <ele>33.59999847412109375</ele>
        <time>2022-05-10T12:01:07.000Z</time>
        <extensions>
          <ns3:TrackPointExtension/>
        </extensions>
      </trkpt>
      <trkpt lat="31.99441331438720226287841796875" lon="118.7795104645192623138427734375">
        <ele>33.59999847412109375</ele>
        <time>2022-05-10T12:01:08.000Z</time>
        <extensions>
          <ns3:TrackPointExtension/>
        </extensions>
      </trkpt>
      <trkpt lat="31.99441331438720226287841796875" lon="118.77962487749755382537841796875">
        <ele>33.59999847412109375</ele>
        <time>2022-05-10T12:01:09.000Z</time>
        <extensions>
          <ns3:TrackPointExtension/>
        </extensions>
      </trkpt>
      <trkpt lat="31.99441331438720226287841796875" lon="118.77973937429487705230712890625">
        <ele>33.59999847412109375</ele>
        <time>2022-05-10T12:01:10.000Z</time>
        <extensions>
          <ns3:TrackPointExtension>
            <ns3:hr>95</ns3:hr>
          </ns3:TrackPointExtension>
        </extensions>
      </trkpt>
      <trkpt lat="31.99441331438720226287841796875" lon="118.7798537872731685638427734375">
        <ele>33.200000762939453125</ele>
        <time>2022-05-10T12:01:11.000Z</time>
        <extensions>
          <ns3:TrackPointExtension/>
        </extensions>
      </trkpt>
      <trkpt lat="31.99441331438720226287841796875" lon="118.77996820025146007537841796875">
        <ele>32.59999847412109375</ele>
        <time>2022-05-10T12:01:12.000Z</time>
        <extensions>
          <ns3:TrackPointExtension/>
        </extensions>
      </trkpt>
      <trkpt lat="31.99441331438720226287841796875" lon="118.78008269704878330230712890625">
        <ele>32.200000762939453125</ele>
        <time>2022-05-10T12:01:13.000Z</time>
        <extensions>
          <ns3:TrackPointExtension/>
        </extensions>
      </trkpt>
      <trkpt lat="31.9944152422249317169189453125" lon="118.7801971100270748138427734375">
        <ele>31</ele>
        <time>2022-05-10T12:01:14.000Z</time>
        <extensions>
          <ns3:TrackPointExtension/>
        </extensions>
      </trkpt>
      <trkpt lat="31.9944152422249317169189453125" lon="118.7803191505372524261474609375">
        <ele>29.6000003814697265625</ele>
        <time>2022-05-10T12:01:15.000Z</time>
        <extensions>
          <ns3:TrackPointExtension>
            <ns3:hr>99</ns3:hr>
          </ns3:TrackPointExtension>
        </extensions>
      </trkpt>
      <trkpt lat="31.99441717006266117095947265625" lon="118.780433647334575653076171875">
        <ele>28.3999996185302734375</ele>
        <time>2022-05-10T12:01:16.000Z</time>
        <extensions>
          <ns3:TrackPointExtension/>
        </extensions>
      </trkpt>
      <trkpt lat="31.99441717006266117095947265625" lon="118.780555687844753265380859375">
        <ele>27</ele>
        <time>2022-05-10T12:01:17.000Z</time>
        <extensions>
          <ns3:TrackPointExtension/>
        </extensions>
      </trkpt>
      <trkpt lat="31.994419097900390625" lon="118.78067010082304477691650390625">
        <ele>26</ele>
        <time>2022-05-10T12:01:18.000Z</time>
        <extensions>
          <ns3:TrackPointExtension/>
        </extensions>
      </trkpt>
      <trkpt lat="31.99442286975681781768798828125" lon="118.7807922251522541046142578125">
        <ele>25.6000003814697265625</ele>
        <time>2022-05-10T12:01:19.000Z</time>
        <extensions>
          <ns3:TrackPointExtension/>
        </extensions>
      </trkpt>
      <trkpt lat="31.994424797594547271728515625" lon="118.78090663813054561614990234375">
        <ele>25.200000762939453125</ele>
        <time>2022-05-10T12:01:20.000Z</time>
        <extensions>
          <ns3:TrackPointExtension>
            <ns3:hr>98</ns3:hr>
          </ns3:TrackPointExtension>
        </extensions>
      </trkpt>
      <trkpt lat="31.99442672543227672576904296875" lon="118.78101342357695102691650390625">
        <ele>25.3999996185302734375</ele>
        <time>2022-05-10T12:01:21.000Z</time>
        <extensions>
          <ns3:TrackPointExtension/>
        </extensions>
      </trkpt>
      <trkpt lat="31.99443049728870391845703125" lon="118.781120292842388153076171875">
        <ele>25.799999237060546875</ele>
        <time>2022-05-10T12:01:22.000Z</time>
        <extensions>
          <ns3:TrackPointExtension/>
        </extensions>
      </trkpt>
      <trkpt lat="31.9944343529641628265380859375" lon="118.78121945075690746307373046875">
        <ele>26</ele>
        <time>2022-05-10T12:01:23.000Z</time>
        <extensions>
          <ns3:TrackPointExtension/>
        </extensions>
      </trkpt>
      <trkpt lat="31.99443812482059001922607421875" lon="118.78131098113954067230224609375">
        <ele>26</ele>
        <time>2022-05-10T12:01:24.000Z</time>
        <extensions>
          <ns3:TrackPointExtension/>
        </extensions>
      </trkpt>
      <trkpt lat="31.9944457523524761199951171875" lon="118.7814101390540599822998046875">
        <ele>26</ele>
        <time>2022-05-10T12:01:25.000Z</time>
        <extensions>
          <ns3:TrackPointExtension>
            <ns3:hr>99</ns3:hr>
          </ns3:TrackPointExtension>
        </extensions>
      </trkpt>
      <trkpt lat="31.9944514520466327667236328125" lon="118.78150175325572490692138671875">
        <ele>25.799999237060546875</ele>
        <time>2022-05-10T12:01:26.000Z</time>
        <extensions>
          <ns3:TrackPointExtension/>
        </extensions>
      </trkpt>
      <trkpt lat="31.994461007416248321533203125" lon="118.7816009111702442169189453125">
        <ele>25.3999996185302734375</ele>
        <time>2022-05-10T12:01:27.000Z</time>
        <extensions>
          <ns3:TrackPointExtension/>
        </extensions>
      </trkpt>
      <trkpt lat="31.99447249062359333038330078125" lon="118.7816924415528774261474609375">
        <ele>25.200000762939453125</ele>
        <time>2022-05-10T12:01:28.000Z</time>
        <extensions>
          <ns3:TrackPointExtension/>
        </extensions>
      </trkpt>
      <trkpt lat="31.99448774568736553192138671875" lon="118.78179931081831455230712890625">
        <ele>25</ele>
        <time>2022-05-10T12:01:29.000Z</time>
        <extensions>
          <ns3:TrackPointExtension/>
        </extensions>
      </trkpt>
      <trkpt lat="31.9945067726075649261474609375" lon="118.78190609626471996307373046875">
        <ele>24.799999237060546875</ele>
        <time>2022-05-10T12:01:30.000Z</time>
        <extensions>
          <ns3:TrackPointExtension>
            <ns3:hr>99</ns3:hr>
          </ns3:TrackPointExtension>
        </extensions>
      </trkpt>
      <trkpt lat="31.99452965520322322845458984375" lon="118.782020509243011474609375">
        <ele>24.6000003814697265625</ele>
        <time>2022-05-10T12:01:31.000Z</time>
        <extensions>
          <ns3:TrackPointExtension/>
        </extensions>
      </trkpt>
      <trkpt lat="31.99455446563661098480224609375" lon="118.78214263357222080230712890625">
        <ele>24.799999237060546875</ele>
        <time>2022-05-10T12:01:32.000Z</time>
        <extensions>
          <ns3:TrackPointExtension/>
        </extensions>
      </trkpt>
      <trkpt lat="31.99458497576415538787841796875" lon="118.782272301614284515380859375">
        <ele>24.799999237060546875</ele>
        <time>2022-05-10T12:01:33.000Z</time>
        <extensions>
          <ns3:TrackPointExtension/>
        </extensions>
      </trkpt>
      <trkpt lat="31.99461934156715869903564453125" lon="118.7824095971882343292236328125">
        <ele>25.200000762939453125</ele>
        <time>2022-05-10T12:01:34.000Z</time>
        <extensions>
          <ns3:TrackPointExtension/>
        </extensions>
      </trkpt>
      <trkpt lat="31.99466125108301639556884765625" lon="118.782554604113101959228515625">
        <ele>25.3999996185302734375</ele>
        <time>2022-05-10T12:01:35.000Z</time>
        <extensions>
          <ns3:TrackPointExtension>
            <ns3:hr>97</ns3:hr>
          </ns3:TrackPointExtension>
        </extensions>
      </trkpt>
      <trkpt lat="31.99470517225563526153564453125" lon="118.78269952721893787384033203125">
        <ele>25.200000762939453125</ele>
        <time>2022-05-10T12:01:36.000Z</time>
        <extensions>
          <ns3:TrackPointExtension/>
        </extensions>
      </trkpt>
      <trkpt lat="31.994754709303379058837890625" lon="118.78284453414380550384521484375">
        <ele>25</ele>
        <time>2022-05-10T12:01:37.000Z</time>
        <extensions>
          <ns3:TrackPointExtension/>
        </extensions>
      </trkpt>
      <trkpt lat="31.9948081858456134796142578125" lon="118.78299708478152751922607421875">
        <ele>24</ele>
        <time>2022-05-10T12:01:38.000Z</time>
        <extensions>
          <ns3:TrackPointExtension/>
        </extensions>
      </trkpt>
      <trkpt lat="31.994865350425243377685546875" lon="118.78314971923828125">
        <ele>23</ele>
        <time>2022-05-10T12:01:39.000Z</time>
        <extensions>
          <ns3:TrackPointExtension/>
        </extensions>
      </trkpt>
      <trkpt lat="31.99492829851806163787841796875" lon="118.78330989740788936614990234375">
        <ele>22.200000762939453125</ele>
        <time>2022-05-10T12:01:40.000Z</time>
        <extensions>
          <ns3:TrackPointExtension>
            <ns3:hr>100</ns3:hr>
          </ns3:TrackPointExtension>
        </extensions>
      </trkpt>
      <trkpt lat="31.9949912466108798980712890625" lon="118.78346244804561138153076171875">
        <ele>21.799999237060546875</ele>
        <time>2022-05-10T12:01:41.000Z</time>
        <extensions>
          <ns3:TrackPointExtension/>
        </extensions>
      </trkpt>
      <trkpt lat="31.99505805037915706634521484375" lon="118.78362271003425121307373046875">
        <ele>21.6000003814697265625</ele>
        <time>2022-05-10T12:01:42.000Z</time>
        <extensions>
          <ns3:TrackPointExtension/>
        </extensions>
      </trkpt>
      <trkpt lat="31.9951266981661319732666015625" lon="118.7837828882038593292236328125">
        <ele>21.799999237060546875</ele>
        <time>2022-05-10T12:01:43.000Z</time>
        <extensions>
          <ns3:TrackPointExtension/>
        </extensions>
      </trkpt>
      <trkpt lat="31.995197273790836334228515625" lon="118.78395077772438526153564453125">
        <ele>21.799999237060546875</ele>
        <time>2022-05-10T12:01:44.000Z</time>
        <extensions>
          <ns3:TrackPointExtension/>
        </extensions>
      </trkpt>
      <trkpt lat="31.9952678494155406951904296875" lon="118.784110955893993377685546875">
        <ele>21.200000762939453125</ele>
        <time>2022-05-10T12:01:45.000Z</time>
        <extensions>
          <ns3:TrackPointExtension>
            <ns3:hr>103</ns3:hr>
          </ns3:TrackPointExtension>
        </extensions>
      </trkpt>
      <trkpt lat="31.99533842504024505615234375" lon="118.784271217882633209228515625">
        <ele>20.200000762939453125</ele>
        <time>2022-05-10T12:01:46.000Z</time>
        <extensions>
          <ns3:TrackPointExtension/>
        </extensions>
      </trkpt>
      <trkpt lat="31.9954090006649494171142578125" lon="118.7844390235841274261474609375">
        <ele>19</ele>
        <time>2022-05-10T12:01:47.000Z</time>
        <extensions>
          <ns3:TrackPointExtension/>
        </extensions>
      </trkpt>
      <trkpt lat="31.995479576289653778076171875" lon="118.7845992855727672576904296875">
        <ele>18.200000762939453125</ele>
        <time>2022-05-10T12:01:48.000Z</time>
        <extensions>
          <ns3:TrackPointExtension/>
        </extensions>
      </trkpt>
      <trkpt lat="31.9955501519143581390380859375" lon="118.784767091274261474609375">
        <ele>17.200000762939453125</ele>
        <time>2022-05-10T12:01:49.000Z</time>
        <extensions>
          <ns3:TrackPointExtension/>
        </extensions>
      </trkpt>
      <trkpt lat="31.9956207275390625" lon="118.78492735326290130615234375">
        <ele>17.3999996185302734375</ele>
        <time>2022-05-10T12:01:50.000Z</time>
        <extensions>
          <ns3:TrackPointExtension>
            <ns3:hr>108</ns3:hr>
          </ns3:TrackPointExtension>
        </extensions>
      </trkpt>
      <trkpt lat="31.99568937532603740692138671875" lon="118.785079903900623321533203125">
        <ele>18</ele>
        <time>2022-05-10T12:01:51.000Z</time>
        <extensions>
          <ns3:TrackPointExtension/>
        </extensions>
      </trkpt>
      <trkpt lat="31.99575609527528285980224609375" lon="118.78523253835737705230712890625">
        <ele>18.200000762939453125</ele>
        <time>2022-05-10T12:01:52.000Z</time>
        <extensions>
          <ns3:TrackPointExtension/>
        </extensions>
      </trkpt>
      <trkpt lat="31.99582097120583057403564453125" lon="118.78538508899509906768798828125">
        <ele>18.200000762939453125</ele>
        <time>2022-05-10T12:01:53.000Z</time>
        <extensions>
          <ns3:TrackPointExtension/>
        </extensions>
      </trkpt>
      <trkpt lat="31.995883919298648834228515625" lon="118.7855300121009349822998046875">
        <ele>17.200000762939453125</ele>
        <time>2022-05-10T12:01:54.000Z</time>
        <extensions>
          <ns3:TrackPointExtension/>
        </extensions>
      </trkpt>
      <trkpt lat="31.9959410838782787322998046875" lon="118.7856597639620304107666015625">
        <ele>16.6000003814697265625</ele>
        <time>2022-05-10T12:01:55.000Z</time>
        <extensions>
          <ns3:TrackPointExtension>
            <ns3:hr>113</ns3:hr>
          </ns3:TrackPointExtension>
        </extensions>
      </trkpt>
      <trkpt lat="31.9959964044392108917236328125" lon="118.78578943200409412384033203125">
        <ele>16.6000003814697265625</ele>
        <time>2022-05-10T12:01:56.000Z</time>
        <extensions>
          <ns3:TrackPointExtension/>
        </extensions>
      </trkpt>
      <trkpt lat="31.9960460253059864044189453125" lon="118.7859115563333034515380859375">
        <ele>17</ele>
        <time>2022-05-10T12:01:57.000Z</time>
        <extensions>
          <ns3:TrackPointExtension/>
        </extensions>
      </trkpt>
      <trkpt lat="31.99608801864087581634521484375" lon="118.7860183417797088623046875">
        <ele>17</ele>
        <time>2022-05-10T12:01:58.000Z</time>
        <extensions>
          <ns3:TrackPointExtension/>
        </extensions>
      </trkpt>
      <trkpt lat="31.99612422846257686614990234375" lon="118.7861251272261142730712890625">
        <ele>17</ele>
        <time>2022-05-10T12:01:59.000Z</time>
        <extensions>
          <ns3:TrackPointExtension/>
        </extensions>
      </trkpt>
      <trkpt lat="31.99616043828427791595458984375" lon="118.786231912672519683837890625">
        <ele>16.799999237060546875</ele>
        <time>2022-05-10T12:02:00.000Z</time>
        <extensions>
          <ns3:TrackPointExtension>
            <ns3:hr>103</ns3:hr>
          </ns3:TrackPointExtension>
        </extensions>
      </trkpt>
      <trkpt lat="31.99618524871766567230224609375" lon="118.786331154406070709228515625">
        <ele>16</ele>
        <time>2022-05-10T12:02:01.000Z</time>
        <extensions>
          <ns3:TrackPointExtension/>
        </extensions>
      </trkpt>
      <trkpt lat="31.9961985759437084197998046875" lon="118.78642268478870391845703125">
        <ele>15.3999996185302734375</ele>
        <time>2022-05-10T12:02:02.000Z</time>
        <extensions>
          <ns3:TrackPointExtension/>
        </extensions>
      </trkpt>
      <trkpt lat="31.996202431619167327880859375" lon="118.786514215171337127685546875">
        <ele>14.80000019073486328125</ele>
        <time>2022-05-10T12:02:03.000Z</time>
        <extensions>
          <ns3:TrackPointExtension/>
        </extensions>
      </trkpt>
      <trkpt lat="31.99619673192501068115234375" lon="118.78660582937300205230712890625">
        <ele>14.19999980926513671875</ele>
        <time>2022-05-10T12:02:04.000Z</time>
        <extensions>
          <ns3:TrackPointExtension/>
        </extensions>
      </trkpt>
      <trkpt lat="31.99618332087993621826171875" lon="118.78669735975563526153564453125">
        <ele>13.6000003814697265625</ele>
        <time>2022-05-10T12:02:05.000Z</time>
        <extensions>
          <ns3:TrackPointExtension>
            <ns3:hr>101</ns3:hr>
          </ns3:TrackPointExtension>
        </extensions>
      </trkpt>
      <trkpt lat="31.9961623661220073699951171875" lon="118.786796517670154571533203125">
        <ele>13.3999996185302734375</ele>
        <time>2022-05-10T12:02:06.000Z</time>
        <extensions>
          <ns3:TrackPointExtension/>
        </extensions>
      </trkpt>
      <trkpt lat="31.99613378383219242095947265625" lon="118.7869033031165599822998046875">
        <ele>13.19999980926513671875</ele>
        <time>2022-05-10T12:02:07.000Z</time>
        <extensions>
          <ns3:TrackPointExtension/>
        </extensions>
      </trkpt>
      <trkpt lat="31.9961013458669185638427734375" lon="118.78701017238199710845947265625">
        <ele>13.19999980926513671875</ele>
        <time>2022-05-10T12:02:08.000Z</time>
        <extensions>
          <ns3:TrackPointExtension/>
        </extensions>
      </trkpt>
      <trkpt lat="31.99606320820748805999755859375" lon="118.78713221289217472076416015625">
        <ele>13</ele>
        <time>2022-05-10T12:02:09.000Z</time>
        <extensions>
          <ns3:TrackPointExtension/>
        </extensions>
      </trkpt>
      <trkpt lat="31.99601928703486919403076171875" lon="118.7872466258704662322998046875">
        <ele>14.19999980926513671875</ele>
        <time>2022-05-10T12:02:10.000Z</time>
        <extensions>
          <ns3:TrackPointExtension>
            <ns3:hr>101</ns3:hr>
          </ns3:TrackPointExtension>
        </extensions>
      </trkpt>
      <trkpt lat="31.99596405029296875" lon="118.78736875019967555999755859375">
        <ele>15</ele>
        <time>2022-05-10T12:02:11.000Z</time>
        <extensions>
          <ns3:TrackPointExtension/>
        </extensions>
      </trkpt>
      <trkpt lat="31.99590680189430713653564453125" lon="118.7874984182417392730712890625">
        <ele>15.6000003814697265625</ele>
        <time>2022-05-10T12:02:12.000Z</time>
        <extensions>
          <ns3:TrackPointExtension/>
        </extensions>
      </trkpt>
      <trkpt lat="31.99585148133337497711181640625" lon="118.7876281701028347015380859375">
        <ele>16.799999237060546875</ele>
        <time>2022-05-10T12:02:13.000Z</time>
        <extensions>
          <ns3:TrackPointExtension/>
        </extensions>
      </trkpt>
      <trkpt lat="31.995792388916015625" lon="118.787765465676784515380859375">
        <ele>17.200000762939453125</ele>
        <time>2022-05-10T12:02:14.000Z</time>
        <extensions>
          <ns3:TrackPointExtension/>
        </extensions>
      </trkpt>
      <trkpt lat="31.99573128484189510345458984375" lon="118.7879027612507343292236328125">
        <ele>17.3999996185302734375</ele>
        <time>2022-05-10T12:02:15.000Z</time>
        <extensions>
          <ns3:TrackPointExtension>
            <ns3:hr>99</ns3:hr>
          </ns3:TrackPointExtension>
        </extensions>
      </trkpt>
      <trkpt lat="31.9956664927303791046142578125" lon="118.78804014064371585845947265625">
        <ele>16.799999237060546875</ele>
        <time>2022-05-10T12:02:16.000Z</time>
        <extensions>
          <ns3:TrackPointExtension/>
        </extensions>
      </trkpt>
      <trkpt lat="31.9955977611243724822998046875" lon="118.78817743621766567230224609375">
        <ele>15.80000019073486328125</ele>
        <time>2022-05-10T12:02:17.000Z</time>
        <extensions>
          <ns3:TrackPointExtension/>
        </extensions>
      </trkpt>
      <trkpt lat="31.99552911333739757537841796875" lon="118.7883148156106472015380859375">
        <ele>15.6000003814697265625</ele>
        <time>2022-05-10T12:02:18.000Z</time>
        <extensions>
          <ns3:TrackPointExtension/>
        </extensions>
      </trkpt>
      <trkpt lat="31.99545669369399547576904296875" lon="118.788452111184597015380859375">
        <ele>15.80000019073486328125</ele>
        <time>2022-05-10T12:02:19.000Z</time>
        <extensions>
          <ns3:TrackPointExtension/>
        </extensions>
      </trkpt>
      <trkpt lat="31.99538226239383220672607421875" lon="118.7885894067585468292236328125">
        <ele>15.3999996185302734375</ele>
        <time>2022-05-10T12:02:20.000Z</time>
        <extensions>
          <ns3:TrackPointExtension>
            <ns3:hr>98</ns3:hr>
          </ns3:TrackPointExtension>
        </extensions>
      </trkpt>
      <trkpt lat="31.99530598707497119903564453125" lon="118.78872678615152835845947265625">
        <ele>15.19999980926513671875</ele>
        <time>2022-05-10T12:02:21.000Z</time>
        <extensions>
          <ns3:TrackPointExtension/>
        </extensions>
      </trkpt>
      <trkpt lat="31.99522585608065128326416015625" lon="118.78886408172547817230224609375">
        <ele>15.3999996185302734375</ele>
        <time>2022-05-10T12:02:22.000Z</time>
        <extensions>
          <ns3:TrackPointExtension/>
        </extensions>
      </trkpt>
      <trkpt lat="31.99514388106763362884521484375" lon="118.78899383358657360076904296875">
        <ele>16</ele>
        <time>2022-05-10T12:02:23.000Z</time>
        <extensions>
          <ns3:TrackPointExtension/>
        </extensions>
      </trkpt>
      <trkpt lat="31.995061822235584259033203125" lon="118.7891235016286373138427734375">
        <ele>16</ele>
        <time>2022-05-10T12:02:24.000Z</time>
        <extensions>
          <ns3:TrackPointExtension/>
        </extensions>
      </trkpt>
      <trkpt lat="31.9949798472225666046142578125" lon="118.7892455421388149261474609375">
        <ele>16</ele>
        <time>2022-05-10T12:02:25.000Z</time>
        <extensions>
          <ns3:TrackPointExtension>
            <ns3:hr>99</ns3:hr>
          </ns3:TrackPointExtension>
        </extensions>
      </trkpt>
      <trkpt lat="31.9948997162282466888427734375" lon="118.789360038936138153076171875">
        <ele>16.3999996185302734375</ele>
        <time>2022-05-10T12:02:26.000Z</time>
        <extensions>
          <ns3:TrackPointExtension/>
        </extensions>
      </trkpt>
      <trkpt lat="31.99481765739619731903076171875" lon="118.78947445191442966461181640625">
        <ele>16.799999237060546875</ele>
        <time>2022-05-10T12:02:27.000Z</time>
        <extensions>
          <ns3:TrackPointExtension/>
        </extensions>
      </trkpt>
      <trkpt lat="31.99473761022090911865234375" lon="118.78958123736083507537841796875">
        <ele>16.799999237060546875</ele>
        <time>2022-05-10T12:02:28.000Z</time>
        <extensions>
          <ns3:TrackPointExtension/>
        </extensions>
      </trkpt>
      <trkpt lat="31.99465940706431865692138671875" lon="118.78968047909438610076904296875">
        <ele>16.799999237060546875</ele>
        <time>2022-05-10T12:02:29.000Z</time>
        <extensions>
          <ns3:TrackPointExtension/>
        </extensions>
      </trkpt>
      <trkpt lat="31.99458497576415538787841796875" lon="118.78977200947701930999755859375">
        <ele>17</ele>
        <time>2022-05-10T12:02:30.000Z</time>
        <extensions>
          <ns3:TrackPointExtension>
            <ns3:hr>98</ns3:hr>
          </ns3:TrackPointExtension>
        </extensions>
      </trkpt>
      <trkpt lat="31.99451440013945102691650390625" lon="118.78984828479588031768798828125">
        <ele>17.200000762939453125</ele>
        <time>2022-05-10T12:02:31.000Z</time>
        <extensions>
          <ns3:TrackPointExtension/>
        </extensions>
      </trkpt>
      <trkpt lat="31.99445337988436222076416015625" lon="118.789916932582855224609375">
        <ele>17.3999996185302734375</ele>
        <time>2022-05-10T12:02:32.000Z</time>
        <extensions>
          <ns3:TrackPointExtension/>
        </extensions>
      </trkpt>
      <trkpt lat="31.99439805932343006134033203125" lon="118.78997795283794403076171875">
        <ele>17.6000003814697265625</ele>
        <time>2022-05-10T12:02:33.000Z</time>
        <extensions>
          <ns3:TrackPointExtension/>
        </extensions>
      </trkpt>
      <trkpt lat="31.99435229413211345672607421875" lon="118.7900314293801784515380859375">
        <ele>17.799999237060546875</ele>
        <time>2022-05-10T12:02:34.000Z</time>
        <extensions>
          <ns3:TrackPointExtension/>
        </extensions>
      </trkpt>
      <trkpt lat="31.99431222863495349884033203125" lon="118.79007719457149505615234375">
        <ele>18</ele>
        <time>2022-05-10T12:02:35.000Z</time>
        <extensions>
          <ns3:TrackPointExtension>
            <ns3:hr>97</ns3:hr>
          </ns3:TrackPointExtension>
        </extensions>
      </trkpt>
      <trkpt lat="31.99428171850740909576416015625" lon="118.790107704699039459228515625">
        <ele>18</ele>
        <time>2022-05-10T12:02:36.000Z</time>
        <extensions>
          <ns3:TrackPointExtension/>
        </extensions>
      </trkpt>
      <trkpt lat="31.99425506405532360076904296875" lon="118.7901382148265838623046875">
        <ele>18</ele>
        <time>2022-05-10T12:02:37.000Z</time>
        <extensions>
          <ns3:TrackPointExtension/>
        </extensions>
      </trkpt>
      <trkpt lat="31.99423595331609249114990234375" lon="118.79016109742224216461181640625">
        <ele>18</ele>
        <time>2022-05-10T12:02:38.000Z</time>
        <extensions>
          <ns3:TrackPointExtension/>
        </extensions>
      </trkpt>
      <trkpt lat="31.9942244701087474822998046875" lon="118.79017635248601436614990234375">
        <ele>18</ele>
        <time>2022-05-10T12:02:39.000Z</time>
        <extensions>
          <ns3:TrackPointExtension/>
        </extensions>
      </trkpt>
      <trkpt lat="31.99421684257686138153076171875" lon="118.7901839800179004669189453125">
        <ele>18</ele>
        <time>2022-05-10T12:02:40.000Z</time>
        <extensions>
          <ns3:TrackPointExtension>
            <ns3:hr>97</ns3:hr>
          </ns3:TrackPointExtension>
        </extensions>
      </trkpt>
      <trkpt lat="31.9942130707204341888427734375" lon="118.79019160754978656768798828125">
        <ele>18</ele>
        <time>2022-05-10T12:02:41.000Z</time>
        <extensions>
          <ns3:TrackPointExtension/>
        </extensions>
      </trkpt>
      <trkpt lat="31.99421114288270473480224609375" lon="118.79019160754978656768798828125">
        <ele>18</ele>
        <time>2022-05-10T12:02:42.000Z</time>
        <extensions>
          <ns3:TrackPointExtension/>
        </extensions>
      </trkpt>
      <trkpt lat="31.99420921504497528076171875" lon="118.79019160754978656768798828125">
        <ele>18</ele>
        <time>2022-05-10T12:02:43.000Z</time>
        <extensions>
          <ns3:TrackPointExtension/>
        </extensions>
      </trkpt>
      <trkpt lat="31.9942073710262775421142578125" lon="118.79019160754978656768798828125">
        <ele>18</ele>
        <time>2022-05-10T12:02:44.000Z</time>
        <extensions>
          <ns3:TrackPointExtension/>
        </extensions>
      </trkpt>
      <trkpt lat="31.994203515350818634033203125" lon="118.79019923508167266845703125">
        <ele>18</ele>
        <time>2022-05-10T12:02:45.000Z</time>
        <extensions>
          <ns3:TrackPointExtension>
            <ns3:hr>100</ns3:hr>
          </ns3:TrackPointExtension>
        </extensions>
      </trkpt>
      <trkpt lat="31.994203515350818634033203125" lon="118.79019923508167266845703125">
        <ele>18</ele>
        <time>2022-05-10T12:02:46.000Z</time>
        <extensions>
          <ns3:TrackPointExtension/>
        </extensions>
      </trkpt>
      <trkpt lat="31.99420158751308917999267578125" lon="118.79019923508167266845703125">
        <ele>18</ele>
        <time>2022-05-10T12:02:47.000Z</time>
        <extensions>
          <ns3:TrackPointExtension/>
        </extensions>
      </trkpt>
      <trkpt lat="31.99419974349439144134521484375" lon="118.79019923508167266845703125">
        <ele>18</ele>
        <time>2022-05-10T12:02:48.000Z</time>
        <extensions>
          <ns3:TrackPointExtension/>
        </extensions>
      </trkpt>
      <trkpt lat="31.99419974349439144134521484375" lon="118.79019923508167266845703125">
        <ele>18</ele>
        <time>2022-05-10T12:02:49.000Z</time>
        <extensions>
          <ns3:TrackPointExtension/>
        </extensions>
      </trkpt>
      <trkpt lat="31.9941978156566619873046875" lon="118.79019923508167266845703125">
        <ele>18</ele>
        <time>2022-05-10T12:02:50.000Z</time>
        <extensions>
          <ns3:TrackPointExtension>
            <ns3:hr>100</ns3:hr>
          </ns3:TrackPointExtension>
        </extensions>
      </trkpt>
      <trkpt lat="31.9941978156566619873046875" lon="118.79019923508167266845703125">
        <ele>18</ele>
        <time>2022-05-10T12:02:51.000Z</time>
        <extensions>
          <ns3:TrackPointExtension/>
        </extensions>
      </trkpt>
      <trkpt lat="31.99419588781893253326416015625" lon="118.79019923508167266845703125">
        <ele>18</ele>
        <time>2022-05-10T12:02:52.000Z</time>
        <extensions>
          <ns3:TrackPointExtension/>
        </extensions>
      </trkpt>
      <trkpt lat="31.9941978156566619873046875" lon="118.79019923508167266845703125">
        <ele>18</ele>
        <time>2022-05-10T12:02:53.000Z</time>
        <extensions>
          <ns3:TrackPointExtension/>
        </extensions>
      </trkpt>
      <trkpt lat="31.9941978156566619873046875" lon="118.79019160754978656768798828125">
        <ele>18</ele>
        <time>2022-05-10T12:02:54.000Z</time>
        <extensions>
          <ns3:TrackPointExtension/>
        </extensions>
      </trkpt>
      <trkpt lat="31.9941978156566619873046875" lon="118.79019160754978656768798828125">
        <ele>18</ele>
        <time>2022-05-10T12:02:55.000Z</time>
        <extensions>
          <ns3:TrackPointExtension>
            <ns3:hr>99</ns3:hr>
          </ns3:TrackPointExtension>
        </extensions>
      </trkpt>
      <trkpt lat="31.9941978156566619873046875" lon="118.79019160754978656768798828125">
        <ele>18</ele>
        <time>2022-05-10T12:02:56.000Z</time>
        <extensions>
          <ns3:TrackPointExtension/>
        </extensions>
      </trkpt>
      <trkpt lat="31.9941978156566619873046875" lon="118.7901839800179004669189453125">
        <ele>18</ele>
        <time>2022-05-10T12:02:58.000Z</time>
        <extensions>
          <ns3:TrackPointExtension/>
        </extensions>
      </trkpt>
      <trkpt lat="31.99419588781893253326416015625" lon="118.79017635248601436614990234375">
        <ele>18</ele>
        <time>2022-05-10T12:02:59.000Z</time>
        <extensions>
          <ns3:TrackPointExtension/>
        </extensions>
      </trkpt>
      <trkpt lat="31.9941939599812030792236328125" lon="118.79017635248601436614990234375">
        <ele>18</ele>
        <time>2022-05-10T12:03:00.000Z</time>
        <extensions>
          <ns3:TrackPointExtension>
            <ns3:hr>98</ns3:hr>
          </ns3:TrackPointExtension>
        </extensions>
      </trkpt>
      <trkpt lat="31.9941939599812030792236328125" lon="118.790168724954128265380859375">
        <ele>18</ele>
        <time>2022-05-10T12:03:01.000Z</time>
        <extensions>
          <ns3:TrackPointExtension/>
        </extensions>
      </trkpt>
      <trkpt lat="31.994192115962505340576171875" lon="118.790168724954128265380859375">
        <ele>18</ele>
        <time>2022-05-10T12:03:02.000Z</time>
        <extensions>
          <ns3:TrackPointExtension/>
        </extensions>
      </trkpt>
      <trkpt lat="31.99419018812477588653564453125" lon="118.79016109742224216461181640625">
        <ele>17.799999237060546875</ele>
        <time>2022-05-10T12:03:03.000Z</time>
        <extensions>
          <ns3:TrackPointExtension/>
        </extensions>
      </trkpt>
      <trkpt lat="31.9941882602870464324951171875" lon="118.7901534698903560638427734375">
        <ele>17.799999237060546875</ele>
        <time>2022-05-10T12:03:04.000Z</time>
        <extensions>
          <ns3:TrackPointExtension/>
        </extensions>
      </trkpt>
      <trkpt lat="31.9941882602870464324951171875" lon="118.7901534698903560638427734375">
        <ele>17.799999237060546875</ele>
        <time>2022-05-10T12:03:05.000Z</time>
        <extensions>
          <ns3:TrackPointExtension>
            <ns3:hr>85</ns3:hr>
          </ns3:TrackPointExtension>
        </extensions>
      </trkpt>
      <trkpt lat="31.99418633244931697845458984375" lon="118.7901534698903560638427734375">
        <ele>17.799999237060546875</ele>
        <time>2022-05-10T12:03:06.000Z</time>
        <extensions>
          <ns3:TrackPointExtension/>
        </extensions>
      </trkpt>
      <trkpt lat="31.99418633244931697845458984375" lon="118.7901534698903560638427734375">
        <ele>17.799999237060546875</ele>
        <time>2022-05-10T12:03:07.000Z</time>
        <extensions>
          <ns3:TrackPointExtension/>
        </extensions>
      </trkpt>
      <trkpt lat="31.99418633244931697845458984375" lon="118.79014584235846996307373046875">
        <ele>17.799999237060546875</ele>
        <time>2022-05-10T12:03:08.000Z</time>
        <extensions>
          <ns3:TrackPointExtension/>
        </extensions>
      </trkpt>
      <trkpt lat="31.99418448843061923980712890625" lon="118.79014584235846996307373046875">
        <ele>17.799999237060546875</ele>
        <time>2022-05-10T12:03:09.000Z</time>
        <extensions>
          <ns3:TrackPointExtension/>
        </extensions>
      </trkpt>
      <trkpt lat="31.99418448843061923980712890625" lon="118.79014584235846996307373046875">
        <ele>17.799999237060546875</ele>
        <time>2022-05-10T12:03:10.000Z</time>
        <extensions>
          <ns3:TrackPointExtension>
            <ns3:hr>79</ns3:hr>
          </ns3:TrackPointExtension>
        </extensions>
      </trkpt>
      <trkpt lat="31.99418633244931697845458984375" lon="118.79014584235846996307373046875">
        <ele>17.799999237060546875</ele>
        <time>2022-05-10T12:03:11.000Z</time>
        <extensions>
          <ns3:TrackPointExtension/>
        </extensions>
      </trkpt>
      <trkpt lat="31.99418633244931697845458984375" lon="118.79014584235846996307373046875">
        <ele>17.799999237060546875</ele>
        <time>2022-05-10T12:03:12.000Z</time>
        <extensions>
          <ns3:TrackPointExtension/>
        </extensions>
      </trkpt>
      <trkpt lat="31.9941882602870464324951171875" lon="118.79014584235846996307373046875">
        <ele>17.799999237060546875</ele>
        <time>2022-05-10T12:03:13.000Z</time>
        <extensions>
          <ns3:TrackPointExtension/>
        </extensions>
      </trkpt>
      <trkpt lat="31.99419018812477588653564453125" lon="118.7901534698903560638427734375">
        <ele>17.799999237060546875</ele>
        <time>2022-05-10T12:03:14.000Z</time>
        <extensions>
          <ns3:TrackPointExtension/>
        </extensions>
      </trkpt>
      <trkpt lat="31.994192115962505340576171875" lon="118.7901534698903560638427734375">
        <ele>17.799999237060546875</ele>
        <time>2022-05-10T12:03:15.000Z</time>
        <extensions>
          <ns3:TrackPointExtension>
            <ns3:hr>80</ns3:hr>
          </ns3:TrackPointExtension>
        </extensions>
      </trkpt>
      <trkpt lat="31.9941939599812030792236328125" lon="118.7901534698903560638427734375">
        <ele>17.799999237060546875</ele>
        <time>2022-05-10T12:03:16.000Z</time>
        <extensions>
          <ns3:TrackPointExtension/>
        </extensions>
      </trkpt>
      <trkpt lat="31.9941978156566619873046875" lon="118.79016109742224216461181640625">
        <ele>18</ele>
        <time>2022-05-10T12:03:17.000Z</time>
        <extensions>
          <ns3:TrackPointExtension/>
        </extensions>
      </trkpt>
      <trkpt lat="31.99419974349439144134521484375" lon="118.79016109742224216461181640625">
        <ele>18</ele>
        <time>2022-05-10T12:03:18.000Z</time>
        <extensions>
          <ns3:TrackPointExtension/>
        </extensions>
      </trkpt>
      <trkpt lat="31.99420158751308917999267578125" lon="118.79016109742224216461181640625">
        <ele>18</ele>
        <time>2022-05-10T12:03:19.000Z</time>
        <extensions>
          <ns3:TrackPointExtension/>
        </extensions>
      </trkpt>
      <trkpt lat="31.99420158751308917999267578125" lon="118.790168724954128265380859375">
        <ele>18</ele>
        <time>2022-05-10T12:03:20.000Z</time>
        <extensions>
          <ns3:TrackPointExtension>
            <ns3:hr>83</ns3:hr>
          </ns3:TrackPointExtension>
        </extensions>
      </trkpt>
      <trkpt lat="31.994203515350818634033203125" lon="118.790168724954128265380859375">
        <ele>18</ele>
        <time>2022-05-10T12:03:21.000Z</time>
        <extensions>
          <ns3:TrackPointExtension/>
        </extensions>
      </trkpt>
      <trkpt lat="31.994203515350818634033203125" lon="118.790168724954128265380859375">
        <ele>18</ele>
        <time>2022-05-10T12:03:22.000Z</time>
        <extensions>
          <ns3:TrackPointExtension/>
        </extensions>
      </trkpt>
      <trkpt lat="31.99420544318854808807373046875" lon="118.79017635248601436614990234375">
        <ele>18</ele>
        <time>2022-05-10T12:03:23.000Z</time>
        <extensions>
          <ns3:TrackPointExtension/>
        </extensions>
      </trkpt>
      <trkpt lat="31.99420544318854808807373046875" lon="118.79017635248601436614990234375">
        <ele>18</ele>
        <time>2022-05-10T12:03:24.000Z</time>
        <extensions>
          <ns3:TrackPointExtension/>
        </extensions>
      </trkpt>
      <trkpt lat="31.99420544318854808807373046875" lon="118.79017635248601436614990234375">
        <ele>18</ele>
        <time>2022-05-10T12:03:25.000Z</time>
        <extensions>
          <ns3:TrackPointExtension>
            <ns3:hr>82</ns3:hr>
          </ns3:TrackPointExtension>
        </extensions>
      </trkpt>
      <trkpt lat="31.99420544318854808807373046875" lon="118.79017635248601436614990234375">
        <ele>18</ele>
        <time>2022-05-10T12:03:26.000Z</time>
        <extensions>
          <ns3:TrackPointExtension/>
        </extensions>
      </trkpt>
      <trkpt lat="31.99420544318854808807373046875" lon="118.7901839800179004669189453125">
        <ele>18</ele>
        <time>2022-05-10T12:03:27.000Z</time>
        <extensions>
          <ns3:TrackPointExtension/>
        </extensions>
      </trkpt>
      <trkpt lat="31.994203515350818634033203125" lon="118.7901839800179004669189453125">
        <ele>18</ele>
        <time>2022-05-10T12:03:28.000Z</time>
        <extensions>
          <ns3:TrackPointExtension/>
        </extensions>
      </trkpt>
      <trkpt lat="31.994203515350818634033203125" lon="118.7901839800179004669189453125">
        <ele>18</ele>
        <time>2022-05-10T12:03:29.000Z</time>
        <extensions>
          <ns3:TrackPointExtension/>
        </extensions>
      </trkpt>
      <trkpt lat="31.994203515350818634033203125" lon="118.7901839800179004669189453125">
        <ele>18</ele>
        <time>2022-05-10T12:03:30.000Z</time>
        <extensions>
          <ns3:TrackPointExtension>
            <ns3:hr>83</ns3:hr>
          </ns3:TrackPointExtension>
        </extensions>
      </trkpt>
      <trkpt lat="31.99420158751308917999267578125" lon="118.7901839800179004669189453125">
        <ele>18</ele>
        <time>2022-05-10T12:03:31.000Z</time>
        <extensions>
          <ns3:TrackPointExtension/>
        </extensions>
      </trkpt>
      <trkpt lat="31.99420158751308917999267578125" lon="118.7901839800179004669189453125">
        <ele>18</ele>
        <time>2022-05-10T12:03:32.000Z</time>
        <extensions>
          <ns3:TrackPointExtension/>
        </extensions>
      </trkpt>
      <trkpt lat="31.99420158751308917999267578125" lon="118.7901839800179004669189453125">
        <ele>18</ele>
        <time>2022-05-10T12:03:33.000Z</time>
        <extensions>
          <ns3:TrackPointExtension/>
        </extensions>
      </trkpt>
      <trkpt lat="31.99419974349439144134521484375" lon="118.7901839800179004669189453125">
        <ele>18</ele>
        <time>2022-05-10T12:03:34.000Z</time>
        <extensions>
          <ns3:TrackPointExtension/>
        </extensions>
      </trkpt>
      <trkpt lat="31.99419974349439144134521484375" lon="118.7901839800179004669189453125">
        <ele>18</ele>
        <time>2022-05-10T12:03:35.000Z</time>
        <extensions>
          <ns3:TrackPointExtension>
            <ns3:hr>87</ns3:hr>
          </ns3:TrackPointExtension>
        </extensions>
      </trkpt>
      <trkpt lat="31.99419974349439144134521484375" lon="118.79019160754978656768798828125">
        <ele>18</ele>
        <time>2022-05-10T12:03:36.000Z</time>
        <extensions>
          <ns3:TrackPointExtension/>
        </extensions>
      </trkpt>
      <trkpt lat="31.9941978156566619873046875" lon="118.79019160754978656768798828125">
        <ele>18</ele>
        <time>2022-05-10T12:03:37.000Z</time>
        <extensions>
          <ns3:TrackPointExtension/>
        </extensions>
      </trkpt>
      <trkpt lat="31.99419588781893253326416015625" lon="118.79019160754978656768798828125">
        <ele>18</ele>
        <time>2022-05-10T12:03:38.000Z</time>
        <extensions>
          <ns3:TrackPointExtension/>
        </extensions>
      </trkpt>
      <trkpt lat="31.9941939599812030792236328125" lon="118.79019160754978656768798828125">
        <ele>18</ele>
        <time>2022-05-10T12:03:39.000Z</time>
        <extensions>
          <ns3:TrackPointExtension/>
        </extensions>
      </trkpt>
      <trkpt lat="31.99419018812477588653564453125" lon="118.79019923508167266845703125">
        <ele>18</ele>
        <time>2022-05-10T12:03:40.000Z</time>
        <extensions>
          <ns3:TrackPointExtension>
            <ns3:hr>88</ns3:hr>
          </ns3:TrackPointExtension>
        </extensions>
      </trkpt>
      <trkpt lat="31.9941825605928897857666015625" lon="118.79019923508167266845703125">
        <ele>18</ele>
        <time>2022-05-10T12:03:41.000Z</time>
        <extensions>
          <ns3:TrackPointExtension/>
        </extensions>
      </trkpt>
      <trkpt lat="31.99417300522327423095703125" lon="118.7902144901454448699951171875">
        <ele>18</ele>
        <time>2022-05-10T12:03:42.000Z</time>
        <extensions>
          <ns3:TrackPointExtension/>
        </extensions>
      </trkpt>
      <trkpt lat="31.99415967799723148345947265625" lon="118.79022211767733097076416015625">
        <ele>18</ele>
        <time>2022-05-10T12:03:43.000Z</time>
        <extensions>
          <ns3:TrackPointExtension/>
        </extensions>
      </trkpt>
      <trkpt lat="31.99414056725800037384033203125" lon="118.7902450002729892730712890625">
        <ele>18</ele>
        <time>2022-05-10T12:03:44.000Z</time>
        <extensions>
          <ns3:TrackPointExtension/>
        </extensions>
      </trkpt>
      <trkpt lat="31.99411575682461261749267578125" lon="118.79026788286864757537841796875">
        <ele>18</ele>
        <time>2022-05-10T12:03:45.000Z</time>
        <extensions>
          <ns3:TrackPointExtension>
            <ns3:hr>88</ns3:hr>
          </ns3:TrackPointExtension>
        </extensions>
      </trkpt>
      <trkpt lat="31.99408524669706821441650390625" lon="118.790290765464305877685546875">
        <ele>18</ele>
        <time>2022-05-10T12:03:46.000Z</time>
        <extensions>
          <ns3:TrackPointExtension/>
        </extensions>
      </trkpt>
      <trkpt lat="31.99404903687536716461181640625" lon="118.79031364805996417999267578125">
        <ele>18</ele>
        <time>2022-05-10T12:03:47.000Z</time>
        <extensions>
          <ns3:TrackPointExtension/>
        </extensions>
      </trkpt>
      <trkpt lat="31.9940051995217800140380859375" lon="118.790351785719394683837890625">
        <ele>18</ele>
        <time>2022-05-10T12:03:48.000Z</time>
        <extensions>
          <ns3:TrackPointExtension/>
        </extensions>
      </trkpt>
      <trkpt lat="31.99395750649273395538330078125" lon="118.79038237966597080230712890625">
        <ele>18.3999996185302734375</ele>
        <time>2022-05-10T12:03:49.000Z</time>
        <extensions>
          <ns3:TrackPointExtension/>
        </extensions>
      </trkpt>
      <trkpt lat="31.9939002580940723419189453125" lon="118.79042814485728740692138671875">
        <ele>19</ele>
        <time>2022-05-10T12:03:50.000Z</time>
        <extensions>
          <ns3:TrackPointExtension>
            <ns3:hr>92</ns3:hr>
          </ns3:TrackPointExtension>
        </extensions>
      </trkpt>
      <trkpt lat="31.99384116567671298980712890625" lon="118.79047391004860401153564453125">
        <ele>19.6000003814697265625</ele>
        <time>2022-05-10T12:03:51.000Z</time>
        <extensions>
          <ns3:TrackPointExtension/>
        </extensions>
      </trkpt>
      <trkpt lat="31.9937782175838947296142578125" lon="118.79053493030369281768798828125">
        <ele>20.6000003814697265625</ele>
        <time>2022-05-10T12:03:52.000Z</time>
        <extensions>
          <ns3:TrackPointExtension/>
        </extensions>
      </trkpt>
      <trkpt lat="31.99370571412146091461181640625" lon="118.7905883230268955230712890625">
        <ele>21.799999237060546875</ele>
        <time>2022-05-10T12:03:53.000Z</time>
        <extensions>
          <ns3:TrackPointExtension/>
        </extensions>
      </trkpt>
      <trkpt lat="31.99363128282129764556884765625" lon="118.79064171575009822845458984375">
        <ele>22.799999237060546875</ele>
        <time>2022-05-10T12:03:54.000Z</time>
        <extensions>
          <ns3:TrackPointExtension/>
        </extensions>
      </trkpt>
      <trkpt lat="31.9935512356460094451904296875" lon="118.79070281982421875">
        <ele>23.799999237060546875</ele>
        <time>2022-05-10T12:03:55.000Z</time>
        <extensions>
          <ns3:TrackPointExtension>
            <ns3:hr>90</ns3:hr>
          </ns3:TrackPointExtension>
        </extensions>
      </trkpt>
      <trkpt lat="31.9934654049575328826904296875" lon="118.79076384007930755615234375">
        <ele>25</ele>
        <time>2022-05-10T12:03:56.000Z</time>
        <extensions>
          <ns3:TrackPointExtension/>
        </extensions>
      </trkpt>
      <trkpt lat="31.99337764643132686614990234375" lon="118.79083248786628246307373046875">
        <ele>25.3999996185302734375</ele>
        <time>2022-05-10T12:03:57.000Z</time>
        <extensions>
          <ns3:TrackPointExtension/>
        </extensions>
      </trkpt>
      <trkpt lat="31.99328611604869365692138671875" lon="118.7909011356532573699951171875">
        <ele>25.200000762939453125</ele>
        <time>2022-05-10T12:03:58.000Z</time>
        <extensions>
          <ns3:TrackPointExtension/>
        </extensions>
      </trkpt>
      <trkpt lat="31.99319072999060153961181640625" lon="118.79096978344023227691650390625">
        <ele>24.799999237060546875</ele>
        <time>2022-05-10T12:03:59.000Z</time>
        <extensions>
          <ns3:TrackPointExtension/>
        </extensions>
      </trkpt>
      <trkpt lat="31.9930915720760822296142578125" lon="118.791038431227207183837890625">
        <ele>24.200000762939453125</ele>
        <time>2022-05-10T12:04:00.000Z</time>
        <extensions>
          <ns3:TrackPointExtension>
            <ns3:hr>90</ns3:hr>
          </ns3:TrackPointExtension>
        </extensions>
      </trkpt>
      <trkpt lat="31.99298855848610401153564453125" lon="118.79110716283321380615234375">
        <ele>24</ele>
        <time>2022-05-10T12:04:01.000Z</time>
        <extensions>
          <ns3:TrackPointExtension/>
        </extensions>
      </trkpt>
      <trkpt lat="31.99288177303969860076904296875" lon="118.79117581062018871307373046875">
        <ele>24.200000762939453125</ele>
        <time>2022-05-10T12:04:02.000Z</time>
        <extensions>
          <ns3:TrackPointExtension/>
        </extensions>
      </trkpt>
      <trkpt lat="31.99277113191783428192138671875" lon="118.7912444584071636199951171875">
        <ele>24.6000003814697265625</ele>
        <time>2022-05-10T12:04:03.000Z</time>
        <extensions>
          <ns3:TrackPointExtension/>
        </extensions>
      </trkpt>
      <trkpt lat="31.992658562958240509033203125" lon="118.7913054786622524261474609375">
        <ele>24.200000762939453125</ele>
        <time>2022-05-10T12:04:04.000Z</time>
        <extensions>
          <ns3:TrackPointExtension/>
        </extensions>
      </trkpt>
      <trkpt lat="31.99254414997994899749755859375" lon="118.79137412644922733306884765625">
        <ele>23.6000003814697265625</ele>
        <time>2022-05-10T12:04:05.000Z</time>
        <extensions>
          <ns3:TrackPointExtension>
            <ns3:hr>90</ns3:hr>
          </ns3:TrackPointExtension>
        </extensions>
      </trkpt>
      <trkpt lat="31.99242965318262577056884765625" lon="118.7914352305233478546142578125">
        <ele>23.799999237060546875</ele>
        <time>2022-05-10T12:04:06.000Z</time>
        <extensions>
          <ns3:TrackPointExtension/>
        </extensions>
      </trkpt>
      <trkpt lat="31.99231716804206371307373046875" lon="118.7914962507784366607666015625">
        <ele>23.799999237060546875</ele>
        <time>2022-05-10T12:04:07.000Z</time>
        <extensions>
          <ns3:TrackPointExtension/>
        </extensions>
      </trkpt>
      <trkpt lat="31.9922027550637722015380859375" lon="118.79156489856541156768798828125">
        <ele>23.3999996185302734375</ele>
        <time>2022-05-10T12:04:08.000Z</time>
        <extensions>
          <ns3:TrackPointExtension/>
        </extensions>
      </trkpt>
      <trkpt lat="31.9920921139419078826904296875" lon="118.79162591882050037384033203125">
        <ele>24</ele>
        <time>2022-05-10T12:04:09.000Z</time>
        <extensions>
          <ns3:TrackPointExtension/>
        </extensions>
      </trkpt>
      <trkpt lat="31.99198340065777301788330078125" lon="118.7916793115437030792236328125">
        <ele>23.799999237060546875</ele>
        <time>2022-05-10T12:04:10.000Z</time>
        <extensions>
          <ns3:TrackPointExtension>
            <ns3:hr>87</ns3:hr>
          </ns3:TrackPointExtension>
        </extensions>
      </trkpt>
      <trkpt lat="31.9918803870677947998046875" lon="118.79174041561782360076904296875">
        <ele>24</ele>
        <time>2022-05-10T12:04:11.000Z</time>
        <extensions>
          <ns3:TrackPointExtension/>
        </extensions>
      </trkpt>
      <trkpt lat="31.9917793013155460357666015625" lon="118.79179380834102630615234375">
        <ele>24</ele>
        <time>2022-05-10T12:04:12.000Z</time>
        <extensions>
          <ns3:TrackPointExtension/>
        </extensions>
      </trkpt>
      <trkpt lat="31.99168198741972446441650390625" lon="118.79184720106422901153564453125">
        <ele>24.3999996185302734375</ele>
        <time>2022-05-10T12:04:13.000Z</time>
        <extensions>
          <ns3:TrackPointExtension/>
        </extensions>
      </trkpt>
      <trkpt lat="31.9915885291993618011474609375" lon="118.7919005937874317169189453125">
        <ele>24.799999237060546875</ele>
        <time>2022-05-10T12:04:14.000Z</time>
        <extensions>
          <ns3:TrackPointExtension/>
        </extensions>
      </trkpt>
      <trkpt lat="31.9914969988167285919189453125" lon="118.79195398651063442230224609375">
        <ele>24.799999237060546875</ele>
        <time>2022-05-10T12:04:15.000Z</time>
        <extensions>
          <ns3:TrackPointExtension>
            <ns3:hr>89</ns3:hr>
          </ns3:TrackPointExtension>
        </extensions>
      </trkpt>
      <trkpt lat="31.99140924029052257537841796875" lon="118.79201500676572322845458984375">
        <ele>24.6000003814697265625</ele>
        <time>2022-05-10T12:04:16.000Z</time>
        <extensions>
          <ns3:TrackPointExtension/>
        </extensions>
      </trkpt>
      <trkpt lat="31.99132340960204601287841796875" lon="118.792068399488925933837890625">
        <ele>24</ele>
        <time>2022-05-10T12:04:17.000Z</time>
        <extensions>
          <ns3:TrackPointExtension/>
        </extensions>
      </trkpt>
      <trkpt lat="31.99123757891356945037841796875" lon="118.7921218760311603546142578125">
        <ele>23.200000762939453125</ele>
        <time>2022-05-10T12:04:18.000Z</time>
        <extensions>
          <ns3:TrackPointExtension/>
        </extensions>
      </trkpt>
      <trkpt lat="31.99115174822509288787841796875" lon="118.79217526875436305999755859375">
        <ele>21.799999237060546875</ele>
        <time>2022-05-10T12:04:19.000Z</time>
        <extensions>
          <ns3:TrackPointExtension/>
        </extensions>
      </trkpt>
      <trkpt lat="31.991063989698886871337890625" lon="118.79223628900945186614990234375">
        <ele>20.6000003814697265625</ele>
        <time>2022-05-10T12:04:20.000Z</time>
        <extensions>
          <ns3:TrackPointExtension>
            <ns3:hr>91</ns3:hr>
          </ns3:TrackPointExtension>
        </extensions>
      </trkpt>
      <trkpt lat="31.99097438715398311614990234375" lon="118.792289681732654571533203125">
        <ele>19.200000762939453125</ele>
        <time>2022-05-10T12:04:21.000Z</time>
        <extensions>
          <ns3:TrackPointExtension/>
        </extensions>
      </trkpt>
      <trkpt lat="31.99088285677134990692138671875" lon="118.792350701987743377685546875">
        <ele>18.799999237060546875</ele>
        <time>2022-05-10T12:04:22.000Z</time>
        <extensions>
          <ns3:TrackPointExtension/>
        </extensions>
      </trkpt>
      <trkpt lat="31.9907855428755283355712890625" lon="118.792411722242832183837890625">
        <ele>18.6000003814697265625</ele>
        <time>2022-05-10T12:04:23.000Z</time>
        <extensions>
          <ns3:TrackPointExtension/>
        </extensions>
      </trkpt>
      <trkpt lat="31.9906883127987384796142578125" lon="118.79248045384883880615234375">
        <ele>18</ele>
        <time>2022-05-10T12:04:24.000Z</time>
        <extensions>
          <ns3:TrackPointExtension/>
        </extensions>
      </trkpt>
      <trkpt lat="31.99058529920876026153564453125" lon="118.7925414741039276123046875">
        <ele>17.799999237060546875</ele>
        <time>2022-05-10T12:04:25.000Z</time>
        <extensions>
          <ns3:TrackPointExtension>
            <ns3:hr>89</ns3:hr>
          </ns3:TrackPointExtension>
        </extensions>
      </trkpt>
      <trkpt lat="31.99048035778105258941650390625" lon="118.79261012189090251922607421875">
        <ele>18.200000762939453125</ele>
        <time>2022-05-10T12:04:26.000Z</time>
        <extensions>
          <ns3:TrackPointExtension/>
        </extensions>
      </trkpt>
      <trkpt lat="31.9903755001723766326904296875" lon="118.7926787696778774261474609375">
        <ele>18.3999996185302734375</ele>
        <time>2022-05-10T12:04:27.000Z</time>
        <extensions>
          <ns3:TrackPointExtension/>
        </extensions>
      </trkpt>
      <trkpt lat="31.99026678688824176788330078125" lon="118.792755044996738433837890625">
        <ele>19.200000762939453125</ele>
        <time>2022-05-10T12:04:28.000Z</time>
        <extensions>
          <ns3:TrackPointExtension/>
        </extensions>
      </trkpt>
      <trkpt lat="31.990158073604106903076171875" lon="118.79282377660274505615234375">
        <ele>19.799999237060546875</ele>
        <time>2022-05-10T12:04:29.000Z</time>
        <extensions>
          <ns3:TrackPointExtension/>
        </extensions>
      </trkpt>
      <trkpt lat="31.99004936031997203826904296875" lon="118.7929000519216060638427734375">
        <ele>19.6000003814697265625</ele>
        <time>2022-05-10T12:04:30.000Z</time>
        <extensions>
          <ns3:TrackPointExtension>
            <ns3:hr>86</ns3:hr>
          </ns3:TrackPointExtension>
        </extensions>
      </trkpt>
      <trkpt lat="31.98993871919810771942138671875" lon="118.792976327240467071533203125">
        <ele>19.3999996185302734375</ele>
        <time>2022-05-10T12:04:31.000Z</time>
        <extensions>
          <ns3:TrackPointExtension/>
        </extensions>
      </trkpt>
      <trkpt lat="31.98982807807624340057373046875" lon="118.79304497502744197845458984375">
        <ele>19.6000003814697265625</ele>
        <time>2022-05-10T12:04:32.000Z</time>
        <extensions>
          <ns3:TrackPointExtension/>
        </extensions>
      </trkpt>
      <trkpt lat="31.989715509116649627685546875" lon="118.7931213341653347015380859375">
        <ele>20</ele>
        <time>2022-05-10T12:04:33.000Z</time>
        <extensions>
          <ns3:TrackPointExtension/>
        </extensions>
      </trkpt>
      <trkpt lat="31.9896087236702442169189453125" lon="118.793197609484195709228515625">
        <ele>20.200000762939453125</ele>
        <time>2022-05-10T12:04:34.000Z</time>
        <extensions>
          <ns3:TrackPointExtension/>
        </extensions>
      </trkpt>
      <trkpt lat="31.98950193822383880615234375" lon="118.79326625727117061614990234375">
        <ele>20.3999996185302734375</ele>
        <time>2022-05-10T12:04:35.000Z</time>
        <extensions>
          <ns3:TrackPointExtension>
            <ns3:hr>85</ns3:hr>
          </ns3:TrackPointExtension>
        </extensions>
      </trkpt>
      <trkpt lat="31.9894008524715900421142578125" lon="118.79334253259003162384033203125">
        <ele>20</ele>
        <time>2022-05-10T12:04:36.000Z</time>
        <extensions>
          <ns3:TrackPointExtension/>
        </extensions>
      </trkpt>
      <trkpt lat="31.98930353857576847076416015625" lon="118.79340355284512042999267578125">
        <ele>19</ele>
        <time>2022-05-10T12:04:37.000Z</time>
        <extensions>
          <ns3:TrackPointExtension/>
        </extensions>
      </trkpt>
      <trkpt lat="31.98921200819313526153564453125" lon="118.79347228445112705230712890625">
        <ele>18.3999996185302734375</ele>
        <time>2022-05-10T12:04:38.000Z</time>
        <extensions>
          <ns3:TrackPointExtension/>
        </extensions>
      </trkpt>
      <trkpt lat="31.9891242496669292449951171875" lon="118.79353330470621585845947265625">
        <ele>18</ele>
        <time>2022-05-10T12:04:39.000Z</time>
        <extensions>
          <ns3:TrackPointExtension/>
        </extensions>
      </trkpt>
      <trkpt lat="31.9890384189784526824951171875" lon="118.7935866974294185638427734375">
        <ele>18</ele>
        <time>2022-05-10T12:04:40.000Z</time>
        <extensions>
          <ns3:TrackPointExtension>
            <ns3:hr>87</ns3:hr>
          </ns3:TrackPointExtension>
        </extensions>
      </trkpt>
      <trkpt lat="31.988956443965435028076171875" lon="118.79363246262073516845703125">
        <ele>17.799999237060546875</ele>
        <time>2022-05-10T12:04:41.000Z</time>
        <extensions>
          <ns3:TrackPointExtension/>
        </extensions>
      </trkpt>
      <trkpt lat="31.988882012665271759033203125" lon="118.79368585534393787384033203125">
        <ele>18</ele>
        <time>2022-05-10T12:04:42.000Z</time>
        <extensions>
          <ns3:TrackPointExtension/>
        </extensions>
      </trkpt>
      <trkpt lat="31.98881529271602630615234375" lon="118.7937392480671405792236328125">
        <ele>18</ele>
        <time>2022-05-10T12:04:43.000Z</time>
        <extensions>
          <ns3:TrackPointExtension/>
        </extensions>
      </trkpt>
      <trkpt lat="31.9887447170913219451904296875" lon="118.793792724609375">
        <ele>18</ele>
        <time>2022-05-10T12:04:44.000Z</time>
        <extensions>
          <ns3:TrackPointExtension/>
        </extensions>
      </trkpt>
      <trkpt lat="31.988674141466617584228515625" lon="118.7938384898006916046142578125">
        <ele>17.3999996185302734375</ele>
        <time>2022-05-10T12:04:45.000Z</time>
        <extensions>
          <ns3:TrackPointExtension>
            <ns3:hr>89</ns3:hr>
          </ns3:TrackPointExtension>
        </extensions>
      </trkpt>
      <trkpt lat="31.9886035658419132232666015625" lon="118.793884254992008209228515625">
        <ele>17.200000762939453125</ele>
        <time>2022-05-10T12:04:46.000Z</time>
        <extensions>
          <ns3:TrackPointExtension/>
        </extensions>
      </trkpt>
      <trkpt lat="31.98853491805493831634521484375" lon="118.7939300201833248138427734375">
        <ele>17</ele>
        <time>2022-05-10T12:04:47.000Z</time>
        <extensions>
          <ns3:TrackPointExtension/>
        </extensions>
      </trkpt>
      <trkpt lat="31.98846618644893169403076171875" lon="118.79397578537464141845703125">
        <ele>17</ele>
        <time>2022-05-10T12:04:48.000Z</time>
        <extensions>
          <ns3:TrackPointExtension/>
        </extensions>
      </trkpt>
      <trkpt lat="31.988397538661956787109375" lon="118.7940215505659580230712890625">
        <ele>16.3999996185302734375</ele>
        <time>2022-05-10T12:04:49.000Z</time>
        <extensions>
          <ns3:TrackPointExtension/>
        </extensions>
      </trkpt>
      <trkpt lat="31.988330818712711334228515625" lon="118.79407494328916072845458984375">
        <ele>16</ele>
        <time>2022-05-10T12:04:50.000Z</time>
        <extensions>
          <ns3:TrackPointExtension>
            <ns3:hr>91</ns3:hr>
          </ns3:TrackPointExtension>
        </extensions>
      </trkpt>
      <trkpt lat="31.98826401494443416595458984375" lon="118.79412070848047733306884765625">
        <ele>15.6000003814697265625</ele>
        <time>2022-05-10T12:04:51.000Z</time>
        <extensions>
          <ns3:TrackPointExtension/>
        </extensions>
      </trkpt>
      <trkpt lat="31.9881992228329181671142578125" lon="118.79417418502271175384521484375">
        <ele>15</ele>
        <time>2022-05-10T12:04:52.000Z</time>
        <extensions>
          <ns3:TrackPointExtension/>
        </extensions>
      </trkpt>
      <trkpt lat="31.98813811875879764556884765625" lon="118.79421995021402835845947265625">
        <ele>14.80000019073486328125</ele>
        <time>2022-05-10T12:04:53.000Z</time>
        <extensions>
          <ns3:TrackPointExtension/>
        </extensions>
      </trkpt>
      <trkpt lat="31.98807709850370883941650390625" lon="118.7942580878734588623046875">
        <ele>14.6000003814697265625</ele>
        <time>2022-05-10T12:04:54.000Z</time>
        <extensions>
          <ns3:TrackPointExtension/>
        </extensions>
      </trkpt>
      <trkpt lat="31.98802940547466278076171875" lon="118.7943038530647754669189453125">
        <ele>14.6000003814697265625</ele>
        <time>2022-05-10T12:04:55.000Z</time>
        <extensions>
          <ns3:TrackPointExtension>
            <ns3:hr>94</ns3:hr>
          </ns3:TrackPointExtension>
        </extensions>
      </trkpt>
      <trkpt lat="31.987987495958805084228515625" lon="118.79434199072420597076416015625">
        <ele>14.6000003814697265625</ele>
        <time>2022-05-10T12:04:56.000Z</time>
        <extensions>
          <ns3:TrackPointExtension/>
        </extensions>
      </trkpt>
      <trkpt lat="31.98795120231807231903076171875" lon="118.79437250085175037384033203125">
        <ele>14.6000003814697265625</ele>
        <time>2022-05-10T12:04:57.000Z</time>
        <extensions>
          <ns3:TrackPointExtension/>
        </extensions>
      </trkpt>
      <trkpt lat="31.9879226200282573699951171875" lon="118.7943953834474086761474609375">
        <ele>14.6000003814697265625</ele>
        <time>2022-05-10T12:04:58.000Z</time>
        <extensions>
          <ns3:TrackPointExtension/>
        </extensions>
      </trkpt>
      <trkpt lat="31.98789973743259906768798828125" lon="118.79441826604306697845458984375">
        <ele>14.6000003814697265625</ele>
        <time>2022-05-10T12:04:59.000Z</time>
        <extensions>
          <ns3:TrackPointExtension/>
        </extensions>
      </trkpt>
      <trkpt lat="31.98788062669336795806884765625" lon="118.79444114863872528076171875">
        <ele>14.6000003814697265625</ele>
        <time>2022-05-10T12:05:00.000Z</time>
        <extensions>
          <ns3:TrackPointExtension>
            <ns3:hr>90</ns3:hr>
          </ns3:TrackPointExtension>
        </extensions>
      </trkpt>
      <trkpt lat="31.98786537162959575653076171875" lon="118.7944564037024974822998046875">
        <ele>14.6000003814697265625</ele>
        <time>2022-05-10T12:05:01.000Z</time>
        <extensions>
          <ns3:TrackPointExtension/>
        </extensions>
      </trkpt>
      <trkpt lat="31.98785774409770965576171875" lon="118.794471658766269683837890625">
        <ele>14.6000003814697265625</ele>
        <time>2022-05-10T12:05:02.000Z</time>
        <extensions>
          <ns3:TrackPointExtension/>
        </extensions>
      </trkpt>
      <trkpt lat="31.98785011656582355499267578125" lon="118.7944793701171875">
        <ele>14.6000003814697265625</ele>
        <time>2022-05-10T12:05:03.000Z</time>
        <extensions>
          <ns3:TrackPointExtension/>
        </extensions>
      </trkpt>
      <trkpt lat="31.9878463447093963623046875" lon="118.7944793701171875">
        <ele>14.6000003814697265625</ele>
        <time>2022-05-10T12:05:04.000Z</time>
        <extensions>
          <ns3:TrackPointExtension/>
        </extensions>
      </trkpt>
      <trkpt lat="31.9878424890339374542236328125" lon="118.7944793701171875">
        <ele>14.6000003814697265625</ele>
        <time>2022-05-10T12:05:06.000Z</time>
        <extensions>
          <ns3:TrackPointExtension/>
        </extensions>
      </trkpt>
      <trkpt lat="31.987840645015239715576171875" lon="118.7944793701171875">
        <ele>14.6000003814697265625</ele>
        <time>2022-05-10T12:05:07.000Z</time>
        <extensions>
          <ns3:TrackPointExtension/>
        </extensions>
      </trkpt>
      <trkpt lat="31.9878424890339374542236328125" lon="118.79448699764907360076904296875">
        <ele>14.6000003814697265625</ele>
        <time>2022-05-10T12:05:08.000Z</time>
        <extensions>
          <ns3:TrackPointExtension/>
        </extensions>
      </trkpt>
      <trkpt lat="31.98782916180789470672607421875" lon="118.794471658766269683837890625">
        <ele>14.6000003814697265625</ele>
        <time>2022-05-10T12:05:09.000Z</time>
        <extensions>
          <ns3:TrackPointExtension/>
        </extensions>
      </trkpt>
      <trkpt lat="31.987827233970165252685546875" lon="118.794471658766269683837890625">
        <ele>14.3999996185302734375</ele>
        <time>2022-05-10T12:05:10.000Z</time>
        <extensions>
          <ns3:TrackPointExtension>
            <ns3:hr>92</ns3:hr>
          </ns3:TrackPointExtension>
        </extensions>
      </trkpt>
      <trkpt lat="31.98782346211373805999755859375" lon="118.7944793701171875">
        <ele>14.6000003814697265625</ele>
        <time>2022-05-10T12:05:11.000Z</time>
        <extensions>
          <ns3:TrackPointExtension/>
        </extensions>
      </trkpt>
      <trkpt lat="31.98782346211373805999755859375" lon="118.7944793701171875">
        <ele>14.6000003814697265625</ele>
        <time>2022-05-10T12:05:12.000Z</time>
        <extensions>
          <ns3:TrackPointExtension/>
        </extensions>
      </trkpt>
      <trkpt lat="31.98782346211373805999755859375" lon="118.7944946251809597015380859375">
        <ele>14.6000003814697265625</ele>
        <time>2022-05-10T12:05:15.000Z</time>
        <extensions>
          <ns3:TrackPointExtension>
            <ns3:hr>89</ns3:hr>
          </ns3:TrackPointExtension>
        </extensions>
      </trkpt>
      <trkpt lat="31.98782346211373805999755859375" lon="118.7944946251809597015380859375">
        <ele>14.6000003814697265625</ele>
        <time>2022-05-10T12:05:16.000Z</time>
        <extensions>
          <ns3:TrackPointExtension/>
        </extensions>
      </trkpt>
      <trkpt lat="31.98782346211373805999755859375" lon="118.7944946251809597015380859375">
        <ele>14.6000003814697265625</ele>
        <time>2022-05-10T12:05:17.000Z</time>
        <extensions>
          <ns3:TrackPointExtension/>
        </extensions>
      </trkpt>
      <trkpt lat="31.98782346211373805999755859375" lon="118.7944946251809597015380859375">
        <ele>14.6000003814697265625</ele>
        <time>2022-05-10T12:05:18.000Z</time>
        <extensions>
          <ns3:TrackPointExtension/>
        </extensions>
      </trkpt>
      <trkpt lat="31.98782346211373805999755859375" lon="118.79450225271284580230712890625">
        <ele>14.6000003814697265625</ele>
        <time>2022-05-10T12:05:19.000Z</time>
        <extensions>
          <ns3:TrackPointExtension/>
        </extensions>
      </trkpt>
      <trkpt lat="31.98782346211373805999755859375" lon="118.79450225271284580230712890625">
        <ele>14.6000003814697265625</ele>
        <time>2022-05-10T12:05:20.000Z</time>
        <extensions>
          <ns3:TrackPointExtension>
            <ns3:hr>87</ns3:hr>
          </ns3:TrackPointExtension>
        </extensions>
      </trkpt>
      <trkpt lat="31.98782346211373805999755859375" lon="118.79450225271284580230712890625">
        <ele>14.6000003814697265625</ele>
        <time>2022-05-10T12:05:21.000Z</time>
        <extensions>
          <ns3:TrackPointExtension/>
        </extensions>
      </trkpt>
      <trkpt lat="31.98782346211373805999755859375" lon="118.79450225271284580230712890625">
        <ele>14.6000003814697265625</ele>
        <time>2022-05-10T12:05:22.000Z</time>
        <extensions>
          <ns3:TrackPointExtension/>
        </extensions>
      </trkpt>
      <trkpt lat="31.98782346211373805999755859375" lon="118.79450225271284580230712890625">
        <ele>14.6000003814697265625</ele>
        <time>2022-05-10T12:05:23.000Z</time>
        <extensions>
          <ns3:TrackPointExtension/>
        </extensions>
      </trkpt>
      <trkpt lat="31.98782346211373805999755859375" lon="118.79450225271284580230712890625">
        <ele>14.6000003814697265625</ele>
        <time>2022-05-10T12:05:24.000Z</time>
        <extensions>
          <ns3:TrackPointExtension/>
        </extensions>
      </trkpt>
      <trkpt lat="31.98782346211373805999755859375" lon="118.794509880244731903076171875">
        <ele>14.6000003814697265625</ele>
        <time>2022-05-10T12:05:25.000Z</time>
        <extensions>
          <ns3:TrackPointExtension>
            <ns3:hr>83</ns3:hr>
          </ns3:TrackPointExtension>
        </extensions>
      </trkpt>
      <trkpt lat="31.98781960643827915191650390625" lon="118.794509880244731903076171875">
        <ele>14.6000003814697265625</ele>
        <time>2022-05-10T12:05:26.000Z</time>
        <extensions>
          <ns3:TrackPointExtension/>
        </extensions>
      </trkpt>
      <trkpt lat="31.98781390674412250518798828125" lon="118.79451750777661800384521484375">
        <ele>14.6000003814697265625</ele>
        <time>2022-05-10T12:05:27.000Z</time>
        <extensions>
          <ns3:TrackPointExtension/>
        </extensions>
      </trkpt>
      <trkpt lat="31.98780435137450695037841796875" lon="118.7945251353085041046142578125">
        <ele>14.6000003814697265625</ele>
        <time>2022-05-10T12:05:28.000Z</time>
        <extensions>
          <ns3:TrackPointExtension/>
        </extensions>
      </trkpt>
      <trkpt lat="31.98778909631073474884033203125" lon="118.79453276284039020538330078125">
        <ele>14.6000003814697265625</ele>
        <time>2022-05-10T12:05:30.000Z</time>
        <extensions>
          <ns3:TrackPointExtension>
            <ns3:hr>80</ns3:hr>
          </ns3:TrackPointExtension>
        </extensions>
      </trkpt>
      <trkpt lat="31.98776814155280590057373046875" lon="118.79454801790416240692138671875">
        <ele>14.6000003814697265625</ele>
        <time>2022-05-10T12:05:31.000Z</time>
        <extensions>
          <ns3:TrackPointExtension/>
        </extensions>
      </trkpt>
      <trkpt lat="31.987741403281688690185546875" lon="118.79456327296793460845947265625">
        <ele>14.6000003814697265625</ele>
        <time>2022-05-10T12:05:32.000Z</time>
        <extensions>
          <ns3:TrackPointExtension/>
        </extensions>
      </trkpt>
      <trkpt lat="31.98770712129771709442138671875" lon="118.7945861555635929107666015625">
        <ele>14.3999996185302734375</ele>
        <time>2022-05-10T12:05:33.000Z</time>
        <extensions>
          <ns3:TrackPointExtension/>
        </extensions>
      </trkpt>
      <trkpt lat="31.98766320012509822845458984375" lon="118.7946166656911373138427734375">
        <ele>14.3999996185302734375</ele>
        <time>2022-05-10T12:05:34.000Z</time>
        <extensions>
          <ns3:TrackPointExtension/>
        </extensions>
      </trkpt>
      <trkpt lat="31.98761366307735443115234375" lon="118.79465480335056781768798828125">
        <ele>14.3999996185302734375</ele>
        <time>2022-05-10T12:05:35.000Z</time>
        <extensions>
          <ns3:TrackPointExtension>
            <ns3:hr>82</ns3:hr>
          </ns3:TrackPointExtension>
        </extensions>
      </trkpt>
      <trkpt lat="31.9875544868409633636474609375" lon="118.794692941009998321533203125">
        <ele>14.3999996185302734375</ele>
        <time>2022-05-10T12:05:36.000Z</time>
        <extensions>
          <ns3:TrackPointExtension/>
        </extensions>
      </trkpt>
      <trkpt lat="31.9874877668917179107666015625" lon="118.79473107866942882537841796875">
        <ele>14.19999980926513671875</ele>
        <time>2022-05-10T12:05:37.000Z</time>
        <extensions>
          <ns3:TrackPointExtension/>
        </extensions>
      </trkpt>
      <trkpt lat="31.98741526342928409576416015625" lon="118.79478447139263153076171875">
        <ele>14.19999980926513671875</ele>
        <time>2022-05-10T12:05:38.000Z</time>
        <extensions>
          <ns3:TrackPointExtension/>
        </extensions>
      </trkpt>
      <trkpt lat="31.98733513243496417999267578125" lon="118.7948379479348659515380859375">
        <ele>14.19999980926513671875</ele>
        <time>2022-05-10T12:05:39.000Z</time>
        <extensions>
          <ns3:TrackPointExtension/>
        </extensions>
      </trkpt>
      <trkpt lat="31.98724930174648761749267578125" lon="118.79489134065806865692138671875">
        <ele>14.80000019073486328125</ele>
        <time>2022-05-10T12:05:40.000Z</time>
        <extensions>
          <ns3:TrackPointExtension>
            <ns3:hr>82</ns3:hr>
          </ns3:TrackPointExtension>
        </extensions>
      </trkpt>
      <trkpt lat="31.9871596992015838623046875" lon="118.79495236091315746307373046875">
        <ele>15</ele>
        <time>2022-05-10T12:05:41.000Z</time>
        <extensions>
          <ns3:TrackPointExtension/>
        </extensions>
      </trkpt>
      <trkpt lat="31.98706624098122119903564453125" lon="118.79501338116824626922607421875">
        <ele>15</ele>
        <time>2022-05-10T12:05:42.000Z</time>
        <extensions>
          <ns3:TrackPointExtension/>
        </extensions>
      </trkpt>
      <trkpt lat="31.986968927085399627685546875" lon="118.7950820289552211761474609375">
        <ele>16.200000762939453125</ele>
        <time>2022-05-10T12:05:43.000Z</time>
        <extensions>
          <ns3:TrackPointExtension/>
        </extensions>
      </trkpt>
      <trkpt lat="31.9868678413331508636474609375" lon="118.7951430492103099822998046875">
        <ele>17.6000003814697265625</ele>
        <time>2022-05-10T12:05:44.000Z</time>
        <extensions>
          <ns3:TrackPointExtension/>
        </extensions>
      </trkpt>
      <trkpt lat="31.986766755580902099609375" lon="118.79520415328443050384521484375">
        <ele>17.6000003814697265625</ele>
        <time>2022-05-10T12:05:45.000Z</time>
        <extensions>
          <ns3:TrackPointExtension>
            <ns3:hr>82</ns3:hr>
          </ns3:TrackPointExtension>
        </extensions>
      </trkpt>
      <trkpt lat="31.98666189797222614288330078125" lon="118.7952728010714054107666015625">
        <ele>17.6000003814697265625</ele>
        <time>2022-05-10T12:05:46.000Z</time>
        <extensions>
          <ns3:TrackPointExtension/>
        </extensions>
      </trkpt>
      <trkpt lat="31.986553184688091278076171875" lon="118.7953338213264942169189453125">
        <ele>18.6000003814697265625</ele>
        <time>2022-05-10T12:05:47.000Z</time>
        <extensions>
          <ns3:TrackPointExtension/>
        </extensions>
      </trkpt>
      <trkpt lat="31.98644631542265415191650390625" lon="118.79540246911346912384033203125">
        <ele>18.3999996185302734375</ele>
        <time>2022-05-10T12:05:48.000Z</time>
        <extensions>
          <ns3:TrackPointExtension/>
        </extensions>
      </trkpt>
      <trkpt lat="31.98633567430078983306884765625" lon="118.79547111690044403076171875">
        <ele>17.6000003814697265625</ele>
        <time>2022-05-10T12:05:49.000Z</time>
        <extensions>
          <ns3:TrackPointExtension/>
        </extensions>
      </trkpt>
      <trkpt lat="31.9862251169979572296142578125" lon="118.795539848506450653076171875">
        <ele>16.6000003814697265625</ele>
        <time>2022-05-10T12:05:50.000Z</time>
        <extensions>
          <ns3:TrackPointExtension>
            <ns3:hr>83</ns3:hr>
          </ns3:TrackPointExtension>
        </extensions>
      </trkpt>
      <trkpt lat="31.98611254803836345672607421875" lon="118.795600868761539459228515625">
        <ele>15.19999980926513671875</ele>
        <time>2022-05-10T12:05:51.000Z</time>
        <extensions>
          <ns3:TrackPointExtension/>
        </extensions>
      </trkpt>
      <trkpt lat="31.9859981350600719451904296875" lon="118.79566951654851436614990234375">
        <ele>14.19999980926513671875</ele>
        <time>2022-05-10T12:05:52.000Z</time>
        <extensions>
          <ns3:TrackPointExtension/>
        </extensions>
      </trkpt>
      <trkpt lat="31.98588363826274871826171875" lon="118.79574579186737537384033203125">
        <ele>13.6000003814697265625</ele>
        <time>2022-05-10T12:05:53.000Z</time>
        <extensions>
          <ns3:TrackPointExtension/>
        </extensions>
      </trkpt>
      <trkpt lat="31.9857711531221866607666015625" lon="118.79580681212246417999267578125">
        <ele>13.19999980926513671875</ele>
        <time>2022-05-10T12:05:54.000Z</time>
        <extensions>
          <ns3:TrackPointExtension/>
        </extensions>
      </trkpt>
      <trkpt lat="31.98565858416259288787841796875" lon="118.795883171260356903076171875">
        <ele>13</ele>
        <time>2022-05-10T12:05:55.000Z</time>
        <extensions>
          <ns3:TrackPointExtension>
            <ns3:hr>81</ns3:hr>
          </ns3:TrackPointExtension>
        </extensions>
      </trkpt>
      <trkpt lat="31.98554794304072856903076171875" lon="118.79595181904733180999755859375">
        <ele>13</ele>
        <time>2022-05-10T12:05:56.000Z</time>
        <extensions>
          <ns3:TrackPointExtension/>
        </extensions>
      </trkpt>
      <trkpt lat="31.9854392297565937042236328125" lon="118.7960204668343067169189453125">
        <ele>13</ele>
        <time>2022-05-10T12:05:57.000Z</time>
        <extensions>
          <ns3:TrackPointExtension/>
        </extensions>
      </trkpt>
      <trkpt lat="31.985338144004344940185546875" lon="118.7960814870893955230712890625">
        <ele>13.19999980926513671875</ele>
        <time>2022-05-10T12:05:58.000Z</time>
        <extensions>
          <ns3:TrackPointExtension/>
        </extensions>
      </trkpt>
      <trkpt lat="31.98524284176528453826904296875" lon="118.7961425073444843292236328125">
        <ele>13.19999980926513671875</ele>
        <time>2022-05-10T12:05:59.000Z</time>
        <extensions>
          <ns3:TrackPointExtension/>
        </extensions>
      </trkpt>
      <trkpt lat="31.985155083239078521728515625" lon="118.79619598388671875">
        <ele>13</ele>
        <time>2022-05-10T12:06:00.000Z</time>
        <extensions>
          <ns3:TrackPointExtension>
            <ns3:hr>81</ns3:hr>
          </ns3:TrackPointExtension>
        </extensions>
      </trkpt>
      <trkpt lat="31.98507688008248805999755859375" lon="118.79624937660992145538330078125">
        <ele>12.80000019073486328125</ele>
        <time>2022-05-10T12:06:01.000Z</time>
        <extensions>
          <ns3:TrackPointExtension/>
        </extensions>
      </trkpt>
      <trkpt lat="31.98500630445778369903564453125" lon="118.79629514180123805999755859375">
        <ele>12.6000003814697265625</ele>
        <time>2022-05-10T12:06:02.000Z</time>
        <extensions>
          <ns3:TrackPointExtension/>
        </extensions>
      </trkpt>
      <trkpt lat="31.9849490560591220855712890625" lon="118.7963332794606685638427734375">
        <ele>12.3999996185302734375</ele>
        <time>2022-05-10T12:06:03.000Z</time>
        <extensions>
          <ns3:TrackPointExtension/>
        </extensions>
      </trkpt>
      <trkpt lat="31.98490136303007602691650390625" lon="118.7963637895882129669189453125">
        <ele>12.3999996185302734375</ele>
        <time>2022-05-10T12:06:04.000Z</time>
        <extensions>
          <ns3:TrackPointExtension/>
        </extensions>
      </trkpt>
      <trkpt lat="31.9848632253706455230712890625" lon="118.79638667218387126922607421875">
        <ele>12.3999996185302734375</ele>
        <time>2022-05-10T12:06:05.000Z</time>
        <extensions>
          <ns3:TrackPointExtension>
            <ns3:hr>81</ns3:hr>
          </ns3:TrackPointExtension>
        </extensions>
      </trkpt>
      <trkpt lat="31.9848327152431011199951171875" lon="118.796409554779529571533203125">
        <ele>12.19999980926513671875</ele>
        <time>2022-05-10T12:06:06.000Z</time>
        <extensions>
          <ns3:TrackPointExtension/>
        </extensions>
      </trkpt>
      <trkpt lat="31.984811760485172271728515625" lon="118.7964248098433017730712890625">
        <ele>12</ele>
        <time>2022-05-10T12:06:07.000Z</time>
        <extensions>
          <ns3:TrackPointExtension/>
        </extensions>
      </trkpt>
      <trkpt lat="31.984798349440097808837890625" lon="118.79643243737518787384033203125">
        <ele>12</ele>
        <time>2022-05-10T12:06:08.000Z</time>
        <extensions>
          <ns3:TrackPointExtension/>
        </extensions>
      </trkpt>
      <trkpt lat="31.98479072190821170806884765625" lon="118.796440064907073974609375">
        <ele>11.80000019073486328125</ele>
        <time>2022-05-10T12:06:09.000Z</time>
        <extensions>
          <ns3:TrackPointExtension/>
        </extensions>
      </trkpt>
      <trkpt lat="31.9847830943763256072998046875" lon="118.79644769243896007537841796875">
        <ele>11.80000019073486328125</ele>
        <time>2022-05-10T12:06:10.000Z</time>
        <extensions>
          <ns3:TrackPointExtension>
            <ns3:hr>83</ns3:hr>
          </ns3:TrackPointExtension>
        </extensions>
      </trkpt>
      <trkpt lat="31.9847773946821689605712890625" lon="118.7964553199708461761474609375">
        <ele>11.80000019073486328125</ele>
        <time>2022-05-10T12:06:11.000Z</time>
        <extensions>
          <ns3:TrackPointExtension/>
        </extensions>
      </trkpt>
      <trkpt lat="31.98476976715028285980224609375" lon="118.7964553199708461761474609375">
        <ele>11.80000019073486328125</ele>
        <time>2022-05-10T12:06:12.000Z</time>
        <extensions>
          <ns3:TrackPointExtension/>
        </extensions>
      </trkpt>
      <trkpt lat="31.98475836776196956634521484375" lon="118.79646294750273227691650390625">
        <ele>11.6000003814697265625</ele>
        <time>2022-05-10T12:06:13.000Z</time>
        <extensions>
          <ns3:TrackPointExtension/>
        </extensions>
      </trkpt>
      <trkpt lat="31.98474311269819736480712890625" lon="118.79647820256650447845458984375">
        <ele>11.6000003814697265625</ele>
        <time>2022-05-10T12:06:14.000Z</time>
        <extensions>
          <ns3:TrackPointExtension/>
        </extensions>
      </trkpt>
      <trkpt lat="31.98472400195896625518798828125" lon="118.79649345763027667999267578125">
        <ele>11.3999996185302734375</ele>
        <time>2022-05-10T12:06:15.000Z</time>
        <extensions>
          <ns3:TrackPointExtension>
            <ns3:hr>84</ns3:hr>
          </ns3:TrackPointExtension>
        </extensions>
      </trkpt>
      <trkpt lat="31.984701119363307952880859375" lon="118.79650871269404888153076171875">
        <ele>11.19999980926513671875</ele>
        <time>2022-05-10T12:06:16.000Z</time>
        <extensions>
          <ns3:TrackPointExtension/>
        </extensions>
      </trkpt>
      <trkpt lat="31.98466868139803409576416015625" lon="118.796531595289707183837890625">
        <ele>10.80000019073486328125</ele>
        <time>2022-05-10T12:06:17.000Z</time>
        <extensions>
          <ns3:TrackPointExtension/>
        </extensions>
      </trkpt>
      <trkpt lat="31.98463247157633304595947265625" lon="118.7965545617043972015380859375">
        <ele>10.6000003814697265625</ele>
        <time>2022-05-10T12:06:18.000Z</time>
        <extensions>
          <ns3:TrackPointExtension/>
        </extensions>
      </trkpt>
      <trkpt lat="31.984590478241443634033203125" lon="118.7965850718319416046142578125">
        <ele>10.19999980926513671875</ele>
        <time>2022-05-10T12:06:19.000Z</time>
        <extensions>
          <ns3:TrackPointExtension/>
        </extensions>
      </trkpt>
      <trkpt lat="31.98453708551824092864990234375" lon="118.7966155819594860076904296875">
        <ele>10</ele>
        <time>2022-05-10T12:06:20.000Z</time>
        <extensions>
          <ns3:TrackPointExtension>
            <ns3:hr>88</ns3:hr>
          </ns3:TrackPointExtension>
        </extensions>
      </trkpt>
      <trkpt lat="31.9844779931008815765380859375" lon="118.7966613471508026123046875">
        <ele>9.6000003814697265625</ele>
        <time>2022-05-10T12:06:21.000Z</time>
        <extensions>
          <ns3:TrackPointExtension/>
        </extensions>
      </trkpt>
      <trkpt lat="31.9844131171703338623046875" lon="118.7967071123421192169189453125">
        <ele>9.3999996185302734375</ele>
        <time>2022-05-10T12:06:22.000Z</time>
        <extensions>
          <ns3:TrackPointExtension/>
        </extensions>
      </trkpt>
      <trkpt lat="31.98434446938335895538330078125" lon="118.796752877533435821533203125">
        <ele>9</ele>
        <time>2022-05-10T12:06:23.000Z</time>
        <extensions>
          <ns3:TrackPointExtension/>
        </extensions>
      </trkpt>
      <trkpt lat="31.98427003808319568634033203125" lon="118.7967986427247524261474609375">
        <ele>9.3999996185302734375</ele>
        <time>2022-05-10T12:06:24.000Z</time>
        <extensions>
          <ns3:TrackPointExtension/>
        </extensions>
      </trkpt>
      <trkpt lat="31.98419376276433467864990234375" lon="118.79685203544795513153076171875">
        <ele>10.19999980926513671875</ele>
        <time>2022-05-10T12:06:25.000Z</time>
        <extensions>
          <ns3:TrackPointExtension>
            <ns3:hr>87</ns3:hr>
          </ns3:TrackPointExtension>
        </extensions>
      </trkpt>
      <trkpt lat="31.98411363177001476287841796875" lon="118.796913139522075653076171875">
        <ele>10.6000003814697265625</ele>
        <time>2022-05-10T12:06:26.000Z</time>
        <extensions>
          <ns3:TrackPointExtension/>
        </extensions>
      </trkpt>
      <trkpt lat="31.98403165675699710845947265625" lon="118.79696653224527835845947265625">
        <ele>11</ele>
        <time>2022-05-10T12:06:27.000Z</time>
        <extensions>
          <ns3:TrackPointExtension/>
        </extensions>
      </trkpt>
      <trkpt lat="31.98394775390625" lon="118.79702755250036716461181640625">
        <ele>11</ele>
        <time>2022-05-10T12:06:28.000Z</time>
        <extensions>
          <ns3:TrackPointExtension/>
        </extensions>
      </trkpt>
      <trkpt lat="31.9838619232177734375" lon="118.79708857275545597076416015625">
        <ele>11</ele>
        <time>2022-05-10T12:06:29.000Z</time>
        <extensions>
          <ns3:TrackPointExtension/>
        </extensions>
      </trkpt>
      <trkpt lat="31.983776092529296875" lon="118.797157220542430877685546875">
        <ele>11</ele>
        <time>2022-05-10T12:06:30.000Z</time>
        <extensions>
          <ns3:TrackPointExtension>
            <ns3:hr>83</ns3:hr>
          </ns3:TrackPointExtension>
        </extensions>
      </trkpt>
      <trkpt lat="31.98368833400309085845947265625" lon="118.797218240797519683837890625">
        <ele>11</ele>
        <time>2022-05-10T12:06:31.000Z</time>
        <extensions>
          <ns3:TrackPointExtension/>
        </extensions>
      </trkpt>
      <trkpt lat="31.98359864763915538787841796875" lon="118.79728697240352630615234375">
        <ele>11.3999996185302734375</ele>
        <time>2022-05-10T12:06:32.000Z</time>
        <extensions>
          <ns3:TrackPointExtension/>
        </extensions>
      </trkpt>
      <trkpt lat="31.983510889112949371337890625" lon="118.7973479926586151123046875">
        <ele>12</ele>
        <time>2022-05-10T12:06:33.000Z</time>
        <extensions>
          <ns3:TrackPointExtension/>
        </extensions>
      </trkpt>
      <trkpt lat="31.98342128656804561614990234375" lon="118.79741664044559001922607421875">
        <ele>12.19999980926513671875</ele>
        <time>2022-05-10T12:06:34.000Z</time>
        <extensions>
          <ns3:TrackPointExtension/>
        </extensions>
      </trkpt>
      <trkpt lat="31.98332975618541240692138671875" lon="118.79747766070067882537841796875">
        <ele>12.19999980926513671875</ele>
        <time>2022-05-10T12:06:35.000Z</time>
        <extensions>
          <ns3:TrackPointExtension>
            <ns3:hr>85</ns3:hr>
          </ns3:TrackPointExtension>
        </extensions>
      </trkpt>
      <trkpt lat="31.98323629796504974365234375" lon="118.7975463084876537322998046875">
        <ele>12</ele>
        <time>2022-05-10T12:06:36.000Z</time>
        <extensions>
          <ns3:TrackPointExtension/>
        </extensions>
      </trkpt>
      <trkpt lat="31.9831409119069576263427734375" lon="118.7976150400936603546142578125">
        <ele>12</ele>
        <time>2022-05-10T12:06:37.000Z</time>
        <extensions>
          <ns3:TrackPointExtension/>
        </extensions>
      </trkpt>
      <trkpt lat="31.983045525848865509033203125" lon="118.79768368788063526153564453125">
        <ele>11.80000019073486328125</ele>
        <time>2022-05-10T12:06:38.000Z</time>
        <extensions>
          <ns3:TrackPointExtension/>
        </extensions>
      </trkpt>
      <trkpt lat="31.9829501397907733917236328125" lon="118.79775233566761016845703125">
        <ele>11.80000019073486328125</ele>
        <time>2022-05-10T12:06:39.000Z</time>
        <extensions>
          <ns3:TrackPointExtension/>
        </extensions>
      </trkpt>
      <trkpt lat="31.98285483755171298980712890625" lon="118.797813355922698974609375">
        <ele>11.80000019073486328125</ele>
        <time>2022-05-10T12:06:40.000Z</time>
        <extensions>
          <ns3:TrackPointExtension>
            <ns3:hr>85</ns3:hr>
          </ns3:TrackPointExtension>
        </extensions>
      </trkpt>
      <trkpt lat="31.982763223350048065185546875" lon="118.79788200370967388153076171875">
        <ele>12</ele>
        <time>2022-05-10T12:06:41.000Z</time>
        <extensions>
          <ns3:TrackPointExtension/>
        </extensions>
      </trkpt>
      <trkpt lat="31.9826755486428737640380859375" lon="118.79795073531568050384521484375">
        <ele>11.80000019073486328125</ele>
        <time>2022-05-10T12:06:42.000Z</time>
        <extensions>
          <ns3:TrackPointExtension/>
        </extensions>
      </trkpt>
      <trkpt lat="31.98259348981082439422607421875" lon="118.79801175557076930999755859375">
        <ele>12</ele>
        <time>2022-05-10T12:06:43.000Z</time>
        <extensions>
          <ns3:TrackPointExtension/>
        </extensions>
      </trkpt>
      <trkpt lat="31.982519142329692840576171875" lon="118.79807277582585811614990234375">
        <ele>12.19999980926513671875</ele>
        <time>2022-05-10T12:06:44.000Z</time>
        <extensions>
          <ns3:TrackPointExtension/>
        </extensions>
      </trkpt>
      <trkpt lat="31.9824485667049884796142578125" lon="118.798126168549060821533203125">
        <ele>12.6000003814697265625</ele>
        <time>2022-05-10T12:06:45.000Z</time>
        <extensions>
          <ns3:TrackPointExtension>
            <ns3:hr>88</ns3:hr>
          </ns3:TrackPointExtension>
        </extensions>
      </trkpt>
      <trkpt lat="31.98238561861217021942138671875" lon="118.79817956127226352691650390625">
        <ele>12.80000019073486328125</ele>
        <time>2022-05-10T12:06:46.000Z</time>
        <extensions>
          <ns3:TrackPointExtension/>
        </extensions>
      </trkpt>
      <trkpt lat="31.98232837021350860595703125" lon="118.79822532646358013153076171875">
        <ele>13</ele>
        <time>2022-05-10T12:06:47.000Z</time>
        <extensions>
          <ns3:TrackPointExtension/>
        </extensions>
      </trkpt>
      <trkpt lat="31.9822769053280353546142578125" lon="118.79826354794204235076904296875">
        <ele>13</ele>
        <time>2022-05-10T12:06:48.000Z</time>
        <extensions>
          <ns3:TrackPointExtension/>
        </extensions>
      </trkpt>
      <trkpt lat="31.98223491199314594268798828125" lon="118.7983016856014728546142578125">
        <ele>13</ele>
        <time>2022-05-10T12:06:49.000Z</time>
        <extensions>
          <ns3:TrackPointExtension/>
        </extensions>
      </trkpt>
      <trkpt lat="31.9822024740278720855712890625" lon="118.7983321957290172576904296875">
        <ele>12.80000019073486328125</ele>
        <time>2022-05-10T12:06:50.000Z</time>
        <extensions>
          <ns3:TrackPointExtension>
            <ns3:hr>88</ns3:hr>
          </ns3:TrackPointExtension>
        </extensions>
      </trkpt>
      <trkpt lat="31.9821776635944843292236328125" lon="118.7983627058565616607666015625">
        <ele>12.6000003814697265625</ele>
        <time>2022-05-10T12:06:51.000Z</time>
        <extensions>
          <ns3:TrackPointExtension/>
        </extensions>
      </trkpt>
      <trkpt lat="31.98215863667428493499755859375" lon="118.79838558845221996307373046875">
        <ele>12.3999996185302734375</ele>
        <time>2022-05-10T12:06:52.000Z</time>
        <extensions>
          <ns3:TrackPointExtension/>
        </extensions>
      </trkpt>
      <trkpt lat="31.98214338161051273345947265625" lon="118.79840084351599216461181640625">
        <ele>12.19999980926513671875</ele>
        <time>2022-05-10T12:06:53.000Z</time>
        <extensions>
          <ns3:TrackPointExtension/>
        </extensions>
      </trkpt>
      <trkpt lat="31.982131898403167724609375" lon="118.79841609857976436614990234375">
        <ele>12.19999980926513671875</ele>
        <time>2022-05-10T12:06:54.000Z</time>
        <extensions>
          <ns3:TrackPointExtension/>
        </extensions>
      </trkpt>
      <trkpt lat="31.9821223430335521697998046875" lon="118.79843135364353656768798828125">
        <ele>12.19999980926513671875</ele>
        <time>2022-05-10T12:06:55.000Z</time>
        <extensions>
          <ns3:TrackPointExtension>
            <ns3:hr>88</ns3:hr>
          </ns3:TrackPointExtension>
        </extensions>
      </trkpt>
      <trkpt lat="31.9821166433393955230712890625" lon="118.79843898117542266845703125">
        <ele>12</ele>
        <time>2022-05-10T12:06:56.000Z</time>
        <extensions>
          <ns3:TrackPointExtension/>
        </extensions>
      </trkpt>
      <trkpt lat="31.98211471550166606903076171875" lon="118.79843898117542266845703125">
        <ele>12</ele>
        <time>2022-05-10T12:06:57.000Z</time>
        <extensions>
          <ns3:TrackPointExtension/>
        </extensions>
      </trkpt>
      <trkpt lat="31.98211471550166606903076171875" lon="118.79844660870730876922607421875">
        <ele>12</ele>
        <time>2022-05-10T12:06:58.000Z</time>
        <extensions>
          <ns3:TrackPointExtension/>
        </extensions>
      </trkpt>
      <trkpt lat="31.98211471550166606903076171875" lon="118.79844660870730876922607421875">
        <ele>12</ele>
        <time>2022-05-10T12:06:59.000Z</time>
        <extensions>
          <ns3:TrackPointExtension/>
        </extensions>
      </trkpt>
      <trkpt lat="31.9821166433393955230712890625" lon="118.7984542362391948699951171875">
        <ele>12</ele>
        <time>2022-05-10T12:07:00.000Z</time>
        <extensions>
          <ns3:TrackPointExtension>
            <ns3:hr>88</ns3:hr>
          </ns3:TrackPointExtension>
        </extensions>
      </trkpt>
      <trkpt lat="31.98211857117712497711181640625" lon="118.7984542362391948699951171875">
        <ele>12</ele>
        <time>2022-05-10T12:07:01.000Z</time>
        <extensions>
          <ns3:TrackPointExtension/>
        </extensions>
      </trkpt>
      <trkpt lat="31.98211857117712497711181640625" lon="118.7984542362391948699951171875">
        <ele>12</ele>
        <time>2022-05-10T12:07:02.000Z</time>
        <extensions>
          <ns3:TrackPointExtension/>
        </extensions>
      </trkpt>
      <trkpt lat="31.98211857117712497711181640625" lon="118.7984542362391948699951171875">
        <ele>12</ele>
        <time>2022-05-10T12:07:03.000Z</time>
        <extensions>
          <ns3:TrackPointExtension/>
        </extensions>
      </trkpt>
      <trkpt lat="31.98211857117712497711181640625" lon="118.7984542362391948699951171875">
        <ele>12</ele>
        <time>2022-05-10T12:07:04.000Z</time>
        <extensions>
          <ns3:TrackPointExtension/>
        </extensions>
      </trkpt>
      <trkpt lat="31.98211857117712497711181640625" lon="118.7984542362391948699951171875">
        <ele>12</ele>
        <time>2022-05-10T12:07:05.000Z</time>
        <extensions>
          <ns3:TrackPointExtension>
            <ns3:hr>89</ns3:hr>
          </ns3:TrackPointExtension>
        </extensions>
      </trkpt>
      <trkpt lat="31.98211857117712497711181640625" lon="118.7984542362391948699951171875">
        <ele>12</ele>
        <time>2022-05-10T12:07:06.000Z</time>
        <extensions>
          <ns3:TrackPointExtension/>
        </extensions>
      </trkpt>
      <trkpt lat="31.9821166433393955230712890625" lon="118.7984542362391948699951171875">
        <ele>12</ele>
        <time>2022-05-10T12:07:07.000Z</time>
        <extensions>
          <ns3:TrackPointExtension/>
        </extensions>
      </trkpt>
      <trkpt lat="31.9821166433393955230712890625" lon="118.7984542362391948699951171875">
        <ele>12</ele>
        <time>2022-05-10T12:07:08.000Z</time>
        <extensions>
          <ns3:TrackPointExtension/>
        </extensions>
      </trkpt>
      <trkpt lat="31.98211471550166606903076171875" lon="118.7984542362391948699951171875">
        <ele>12</ele>
        <time>2022-05-10T12:07:09.000Z</time>
        <extensions>
          <ns3:TrackPointExtension/>
        </extensions>
      </trkpt>
      <trkpt lat="31.98211287148296833038330078125" lon="118.7984542362391948699951171875">
        <ele>12</ele>
        <time>2022-05-10T12:07:10.000Z</time>
        <extensions>
          <ns3:TrackPointExtension>
            <ns3:hr>92</ns3:hr>
          </ns3:TrackPointExtension>
        </extensions>
      </trkpt>
      <trkpt lat="31.9821109436452388763427734375" lon="118.7984542362391948699951171875">
        <ele>12</ele>
        <time>2022-05-10T12:07:11.000Z</time>
        <extensions>
          <ns3:TrackPointExtension/>
        </extensions>
      </trkpt>
      <trkpt lat="31.98210901580750942230224609375" lon="118.7984542362391948699951171875">
        <ele>12</ele>
        <time>2022-05-10T12:07:12.000Z</time>
        <extensions>
          <ns3:TrackPointExtension/>
        </extensions>
      </trkpt>
      <trkpt lat="31.98210708796977996826171875" lon="118.7984542362391948699951171875">
        <ele>12</ele>
        <time>2022-05-10T12:07:13.000Z</time>
        <extensions>
          <ns3:TrackPointExtension/>
        </extensions>
      </trkpt>
      <trkpt lat="31.9821052439510822296142578125" lon="118.7984542362391948699951171875">
        <ele>12</ele>
        <time>2022-05-10T12:07:14.000Z</time>
        <extensions>
          <ns3:TrackPointExtension/>
        </extensions>
      </trkpt>
      <trkpt lat="31.9821052439510822296142578125" lon="118.7984542362391948699951171875">
        <ele>12</ele>
        <time>2022-05-10T12:07:15.000Z</time>
        <extensions>
          <ns3:TrackPointExtension>
            <ns3:hr>88</ns3:hr>
          </ns3:TrackPointExtension>
        </extensions>
      </trkpt>
      <trkpt lat="31.9821052439510822296142578125" lon="118.79844660870730876922607421875">
        <ele>12</ele>
        <time>2022-05-10T12:07:16.000Z</time>
        <extensions>
          <ns3:TrackPointExtension/>
        </extensions>
      </trkpt>
      <trkpt lat="31.9821052439510822296142578125" lon="118.79844660870730876922607421875">
        <ele>12</ele>
        <time>2022-05-10T12:07:17.000Z</time>
        <extensions>
          <ns3:TrackPointExtension/>
        </extensions>
      </trkpt>
      <trkpt lat="31.98210331611335277557373046875" lon="118.79844660870730876922607421875">
        <ele>12</ele>
        <time>2022-05-10T12:07:18.000Z</time>
        <extensions>
          <ns3:TrackPointExtension/>
        </extensions>
      </trkpt>
      <trkpt lat="31.98210331611335277557373046875" lon="118.79844660870730876922607421875">
        <ele>12</ele>
        <time>2022-05-10T12:07:19.000Z</time>
        <extensions>
          <ns3:TrackPointExtension/>
        </extensions>
      </trkpt>
      <trkpt lat="31.98210331611335277557373046875" lon="118.79844660870730876922607421875">
        <ele>12</ele>
        <time>2022-05-10T12:07:20.000Z</time>
        <extensions>
          <ns3:TrackPointExtension>
            <ns3:hr>86</ns3:hr>
          </ns3:TrackPointExtension>
        </extensions>
      </trkpt>
      <trkpt lat="31.9821052439510822296142578125" lon="118.79844660870730876922607421875">
        <ele>12</ele>
        <time>2022-05-10T12:07:21.000Z</time>
        <extensions>
          <ns3:TrackPointExtension/>
        </extensions>
      </trkpt>
      <trkpt lat="31.98210708796977996826171875" lon="118.79844660870730876922607421875">
        <ele>12</ele>
        <time>2022-05-10T12:07:22.000Z</time>
        <extensions>
          <ns3:TrackPointExtension/>
        </extensions>
      </trkpt>
      <trkpt lat="31.98210708796977996826171875" lon="118.79844660870730876922607421875">
        <ele>12</ele>
        <time>2022-05-10T12:07:23.000Z</time>
        <extensions>
          <ns3:TrackPointExtension/>
        </extensions>
      </trkpt>
      <trkpt lat="31.9821052439510822296142578125" lon="118.79844660870730876922607421875">
        <ele>12</ele>
        <time>2022-05-10T12:07:24.000Z</time>
        <extensions>
          <ns3:TrackPointExtension/>
        </extensions>
      </trkpt>
      <trkpt lat="31.98210331611335277557373046875" lon="118.7984542362391948699951171875">
        <ele>12</ele>
        <time>2022-05-10T12:07:25.000Z</time>
        <extensions>
          <ns3:TrackPointExtension>
            <ns3:hr>88</ns3:hr>
          </ns3:TrackPointExtension>
        </extensions>
      </trkpt>
      <trkpt lat="31.98209946043789386749267578125" lon="118.79846186377108097076416015625">
        <ele>12</ele>
        <time>2022-05-10T12:07:26.000Z</time>
        <extensions>
          <ns3:TrackPointExtension/>
        </extensions>
      </trkpt>
      <trkpt lat="31.982089988887310028076171875" lon="118.798469491302967071533203125">
        <ele>11.80000019073486328125</ele>
        <time>2022-05-10T12:07:27.000Z</time>
        <extensions>
          <ns3:TrackPointExtension/>
        </extensions>
      </trkpt>
      <trkpt lat="31.982076577842235565185546875" lon="118.7984847463667392730712890625">
        <ele>11.80000019073486328125</ele>
        <time>2022-05-10T12:07:28.000Z</time>
        <extensions>
          <ns3:TrackPointExtension/>
        </extensions>
      </trkpt>
      <trkpt lat="31.982059478759765625" lon="118.798500001430511474609375">
        <ele>11.6000003814697265625</ele>
        <time>2022-05-10T12:07:29.000Z</time>
        <extensions>
          <ns3:TrackPointExtension/>
        </extensions>
      </trkpt>
      <trkpt lat="31.98203466832637786865234375" lon="118.79852288402616977691650390625">
        <ele>11.6000003814697265625</ele>
        <time>2022-05-10T12:07:30.000Z</time>
        <extensions>
          <ns3:TrackPointExtension>
            <ns3:hr>90</ns3:hr>
          </ns3:TrackPointExtension>
        </extensions>
      </trkpt>
      <trkpt lat="31.98200223036110401153564453125" lon="118.79855339415371417999267578125">
        <ele>11.6000003814697265625</ele>
        <time>2022-05-10T12:07:31.000Z</time>
        <extensions>
          <ns3:TrackPointExtension/>
        </extensions>
      </trkpt>
      <trkpt lat="31.98196216486394405364990234375" lon="118.798591531813144683837890625">
        <ele>11.3999996185302734375</ele>
        <time>2022-05-10T12:07:32.000Z</time>
        <extensions>
          <ns3:TrackPointExtension/>
        </extensions>
      </trkpt>
      <trkpt lat="31.98191254399716854095458984375" lon="118.798629753291606903076171875">
        <ele>11.6000003814697265625</ele>
        <time>2022-05-10T12:07:33.000Z</time>
        <extensions>
          <ns3:TrackPointExtension/>
        </extensions>
      </trkpt>
      <trkpt lat="31.98185537941753864288330078125" lon="118.7986755184829235076904296875">
        <ele>11.80000019073486328125</ele>
        <time>2022-05-10T12:07:34.000Z</time>
        <extensions>
          <ns3:TrackPointExtension/>
        </extensions>
      </trkpt>
      <trkpt lat="31.981788575649261474609375" lon="118.7987365387380123138427734375">
        <ele>12</ele>
        <time>2022-05-10T12:07:35.000Z</time>
        <extensions>
          <ns3:TrackPointExtension>
            <ns3:hr>87</ns3:hr>
          </ns3:TrackPointExtension>
        </extensions>
      </trkpt>
      <trkpt lat="31.981716156005859375" lon="118.7987975589931011199951171875">
        <ele>11.6000003814697265625</ele>
        <time>2022-05-10T12:07:36.000Z</time>
        <extensions>
          <ns3:TrackPointExtension/>
        </extensions>
      </trkpt>
      <trkpt lat="31.9816321693360805511474609375" lon="118.79886620678007602691650390625">
        <ele>11.3999996185302734375</ele>
        <time>2022-05-10T12:07:37.000Z</time>
        <extensions>
          <ns3:TrackPointExtension/>
        </extensions>
      </trkpt>
      <trkpt lat="31.98154256679117679595947265625" lon="118.798934854567050933837890625">
        <ele>11</ele>
        <time>2022-05-10T12:07:38.000Z</time>
        <extensions>
          <ns3:TrackPointExtension/>
        </extensions>
      </trkpt>
      <trkpt lat="31.98144148103892803192138671875" lon="118.79901121370494365692138671875">
        <ele>10.80000019073486328125</ele>
        <time>2022-05-10T12:07:39.000Z</time>
        <extensions>
          <ns3:TrackPointExtension/>
        </extensions>
      </trkpt>
      <trkpt lat="31.98133653961122035980224609375" lon="118.79908748902380466461181640625">
        <ele>10.80000019073486328125</ele>
        <time>2022-05-10T12:07:40.000Z</time>
        <extensions>
          <ns3:TrackPointExtension>
            <ns3:hr>87</ns3:hr>
          </ns3:TrackPointExtension>
        </extensions>
      </trkpt>
      <trkpt lat="31.9812278263270854949951171875" lon="118.79916376434266567230224609375">
        <ele>10.80000019073486328125</ele>
        <time>2022-05-10T12:07:41.000Z</time>
        <extensions>
          <ns3:TrackPointExtension/>
        </extensions>
      </trkpt>
      <trkpt lat="31.98111341334879398345947265625" lon="118.79924003966152667999267578125">
        <ele>11.3999996185302734375</ele>
        <time>2022-05-10T12:07:42.000Z</time>
        <extensions>
          <ns3:TrackPointExtension/>
        </extensions>
      </trkpt>
      <trkpt lat="31.9810008443892002105712890625" lon="118.79932402633130550384521484375">
        <ele>12</ele>
        <time>2022-05-10T12:07:43.000Z</time>
        <extensions>
          <ns3:TrackPointExtension/>
        </extensions>
      </trkpt>
      <trkpt lat="31.9808845035731792449951171875" lon="118.79940030165016651153564453125">
        <ele>12.19999980926513671875</ele>
        <time>2022-05-10T12:07:44.000Z</time>
        <extensions>
          <ns3:TrackPointExtension/>
        </extensions>
      </trkpt>
      <trkpt lat="31.9807738624513149261474609375" lon="118.7994842045009136199951171875">
        <ele>12.19999980926513671875</ele>
        <time>2022-05-10T12:07:45.000Z</time>
        <extensions>
          <ns3:TrackPointExtension>
            <ns3:hr>86</ns3:hr>
          </ns3:TrackPointExtension>
        </extensions>
      </trkpt>
      <trkpt lat="31.9806575216352939605712890625" lon="118.799560479819774627685546875">
        <ele>12.19999980926513671875</ele>
        <time>2022-05-10T12:07:46.000Z</time>
        <extensions>
          <ns3:TrackPointExtension/>
        </extensions>
      </trkpt>
      <trkpt lat="31.9805145263671875" lon="118.7996749766170978546142578125">
        <ele>13</ele>
        <time>2022-05-10T12:07:47.000Z</time>
        <extensions>
          <ns3:TrackPointExtension/>
        </extensions>
      </trkpt>
      <trkpt lat="31.98036574758589267730712890625" lon="118.79978938959538936614990234375">
        <ele>12.19999980926513671875</ele>
        <time>2022-05-10T12:07:48.000Z</time>
        <extensions>
          <ns3:TrackPointExtension/>
        </extensions>
      </trkpt>
      <trkpt lat="31.9802226684987545013427734375" lon="118.7999190576374530792236328125">
        <ele>11.6000003814697265625</ele>
        <time>2022-05-10T12:07:49.000Z</time>
        <extensions>
          <ns3:TrackPointExtension/>
        </extensions>
      </trkpt>
      <trkpt lat="31.980249322950839996337890625" lon="118.79994194023311138153076171875">
        <ele>11.6000003814697265625</ele>
        <time>2022-05-10T12:07:50.000Z</time>
        <extensions>
          <ns3:TrackPointExtension>
            <ns3:hr>82</ns3:hr>
          </ns3:TrackPointExtension>
        </extensions>
      </trkpt>
      <trkpt lat="31.98009484447538852691650390625" lon="118.79991143010556697845458984375">
        <ele>11.6000003814697265625</ele>
        <time>2022-05-10T12:07:51.000Z</time>
        <extensions>
          <ns3:TrackPointExtension/>
        </extensions>
      </trkpt>
      <trkpt lat="31.979515068233013153076171875" lon="118.800529427826404571533203125">
        <ele>6.400000095367431640625</ele>
        <time>2022-05-10T12:07:54.000Z</time>
        <extensions>
          <ns3:TrackPointExtension/>
        </extensions>
      </trkpt>
      <trkpt lat="31.9794310815632343292236328125" lon="118.80072782747447490692138671875">
        <ele>6.599999904632568359375</ele>
        <time>2022-05-10T12:07:55.000Z</time>
        <extensions>
          <ns3:TrackPointExtension>
            <ns3:hr>83</ns3:hr>
          </ns3:TrackPointExtension>
        </extensions>
      </trkpt>
      <trkpt lat="31.978692971169948577880859375" lon="118.80147549323737621307373046875">
        <ele>18.6000003814697265625</ele>
        <time>2022-05-10T12:08:00.000Z</time>
        <extensions>
          <ns3:TrackPointExtension>
            <ns3:hr>83</ns3:hr>
          </ns3:TrackPointExtension>
        </extensions>
      </trkpt>
      <trkpt lat="31.97854989208281040191650390625" lon="118.801620416343212127685546875">
        <ele>17.6000003814697265625</ele>
        <time>2022-05-10T12:08:01.000Z</time>
        <extensions>
          <ns3:TrackPointExtension/>
        </extensions>
      </trkpt>
      <trkpt lat="31.97842399589717388153076171875" lon="118.80175779573619365692138671875">
        <ele>17.799999237060546875</ele>
        <time>2022-05-10T12:08:02.000Z</time>
        <extensions>
          <ns3:TrackPointExtension/>
        </extensions>
      </trkpt>
      <trkpt lat="31.97829625569283962249755859375" lon="118.801902718842029571533203125">
        <ele>17.200000762939453125</ele>
        <time>2022-05-10T12:08:03.000Z</time>
        <extensions>
          <ns3:TrackPointExtension/>
        </extensions>
      </trkpt>
      <trkpt lat="31.978153176605701446533203125" lon="118.802062980830669403076171875">
        <ele>15.80000019073486328125</ele>
        <time>2022-05-10T12:08:04.000Z</time>
        <extensions>
          <ns3:TrackPointExtension/>
        </extensions>
      </trkpt>
      <trkpt lat="31.978031136095523834228515625" lon="118.80220790393650531768798828125">
        <ele>15.3999996185302734375</ele>
        <time>2022-05-10T12:08:05.000Z</time>
        <extensions>
          <ns3:TrackPointExtension>
            <ns3:hr>81</ns3:hr>
          </ns3:TrackPointExtension>
        </extensions>
      </trkpt>
      <trkpt lat="31.97789191268384456634521484375" lon="118.80236045457422733306884765625">
        <ele>15.6000003814697265625</ele>
        <time>2022-05-10T12:08:06.000Z</time>
        <extensions>
          <ns3:TrackPointExtension/>
        </extensions>
      </trkpt>
      <trkpt lat="31.977754533290863037109375" lon="118.8025130890309810638427734375">
        <ele>17.799999237060546875</ele>
        <time>2022-05-10T12:08:07.000Z</time>
        <extensions>
          <ns3:TrackPointExtension/>
        </extensions>
      </trkpt>
      <trkpt lat="31.9776172377169132232666015625" lon="118.8026656396687030792236328125">
        <ele>18.799999237060546875</ele>
        <time>2022-05-10T12:08:08.000Z</time>
        <extensions>
          <ns3:TrackPointExtension/>
        </extensions>
      </trkpt>
      <trkpt lat="31.97747985832393169403076171875" lon="118.8028259016573429107666015625">
        <ele>18.200000762939453125</ele>
        <time>2022-05-10T12:08:09.000Z</time>
        <extensions>
          <ns3:TrackPointExtension/>
        </extensions>
      </trkpt>
      <trkpt lat="31.977344490587711334228515625" lon="118.8029784522950649261474609375">
        <ele>18</ele>
        <time>2022-05-10T12:08:10.000Z</time>
        <extensions>
          <ns3:TrackPointExtension>
            <ns3:hr>83</ns3:hr>
          </ns3:TrackPointExtension>
        </extensions>
      </trkpt>
      <trkpt lat="31.977209039032459259033203125" lon="118.80312345921993255615234375">
        <ele>17</ele>
        <time>2022-05-10T12:08:11.000Z</time>
        <extensions>
          <ns3:TrackPointExtension/>
        </extensions>
      </trkpt>
      <trkpt lat="31.9770774431526660919189453125" lon="118.803276009857654571533203125">
        <ele>16.3999996185302734375</ele>
        <time>2022-05-10T12:08:12.000Z</time>
        <extensions>
          <ns3:TrackPointExtension/>
        </extensions>
      </trkpt>
      <trkpt lat="31.97694391943514347076416015625" lon="118.8034210167825222015380859375">
        <ele>16</ele>
        <time>2022-05-10T12:08:13.000Z</time>
        <extensions>
          <ns3:TrackPointExtension/>
        </extensions>
      </trkpt>
      <trkpt lat="31.97681232355535030364990234375" lon="118.80356593988835811614990234375">
        <ele>15</ele>
        <time>2022-05-10T12:08:14.000Z</time>
        <extensions>
          <ns3:TrackPointExtension/>
        </extensions>
      </trkpt>
      <trkpt lat="31.97668072767555713653564453125" lon="118.80370323546230792999267578125">
        <ele>14.6000003814697265625</ele>
        <time>2022-05-10T12:08:15.000Z</time>
        <extensions>
          <ns3:TrackPointExtension>
            <ns3:hr>82</ns3:hr>
          </ns3:TrackPointExtension>
        </extensions>
      </trkpt>
      <trkpt lat="31.97655483148992061614990234375" lon="118.803840614855289459228515625">
        <ele>14.19999980926513671875</ele>
        <time>2022-05-10T12:08:16.000Z</time>
        <extensions>
          <ns3:TrackPointExtension/>
        </extensions>
      </trkpt>
      <trkpt lat="31.97643279097974300384521484375" lon="118.80397028289735317230224609375">
        <ele>13.6000003814697265625</ele>
        <time>2022-05-10T12:08:17.000Z</time>
        <extensions>
          <ns3:TrackPointExtension/>
        </extensions>
      </trkpt>
      <trkpt lat="31.976314522325992584228515625" lon="118.804084695875644683837890625">
        <ele>13.80000019073486328125</ele>
        <time>2022-05-10T12:08:18.000Z</time>
        <extensions>
          <ns3:TrackPointExtension/>
        </extensions>
      </trkpt>
      <trkpt lat="31.97619625367224216461181640625" lon="118.80420682020485401153564453125">
        <ele>14.6000003814697265625</ele>
        <time>2022-05-10T12:08:19.000Z</time>
        <extensions>
          <ns3:TrackPointExtension/>
        </extensions>
      </trkpt>
      <trkpt lat="31.97607991285622119903564453125" lon="118.8043212331831455230712890625">
        <ele>14.6000003814697265625</ele>
        <time>2022-05-10T12:08:20.000Z</time>
        <extensions>
          <ns3:TrackPointExtension>
            <ns3:hr>80</ns3:hr>
          </ns3:TrackPointExtension>
        </extensions>
      </trkpt>
      <trkpt lat="31.9759654998779296875" lon="118.80443572998046875">
        <ele>14</ele>
        <time>2022-05-10T12:08:21.000Z</time>
        <extensions>
          <ns3:TrackPointExtension/>
        </extensions>
      </trkpt>
      <trkpt lat="31.97585293091833591461181640625" lon="118.8045425154268741607666015625">
        <ele>14</ele>
        <time>2022-05-10T12:08:22.000Z</time>
        <extensions>
          <ns3:TrackPointExtension/>
        </extensions>
      </trkpt>
      <trkpt lat="31.975738517940044403076171875" lon="118.804649300873279571533203125">
        <ele>14</ele>
        <time>2022-05-10T12:08:23.000Z</time>
        <extensions>
          <ns3:TrackPointExtension/>
        </extensions>
      </trkpt>
      <trkpt lat="31.97562594898045063018798828125" lon="118.80476371385157108306884765625">
        <ele>13.80000019073486328125</ele>
        <time>2022-05-10T12:08:24.000Z</time>
        <extensions>
          <ns3:TrackPointExtension/>
        </extensions>
      </trkpt>
      <trkpt lat="31.97551153600215911865234375" lon="118.80486295558512210845947265625">
        <ele>14</ele>
        <time>2022-05-10T12:08:25.000Z</time>
        <extensions>
          <ns3:TrackPointExtension>
            <ns3:hr>81</ns3:hr>
          </ns3:TrackPointExtension>
        </extensions>
      </trkpt>
      <trkpt lat="31.9753970392048358917236328125" lon="118.80496974103152751922607421875">
        <ele>14</ele>
        <time>2022-05-10T12:08:26.000Z</time>
        <extensions>
          <ns3:TrackPointExtension/>
        </extensions>
      </trkpt>
      <trkpt lat="31.97528262622654438018798828125" lon="118.8050688989460468292236328125">
        <ele>13.6000003814697265625</ele>
        <time>2022-05-10T12:08:27.000Z</time>
        <extensions>
          <ns3:TrackPointExtension/>
        </extensions>
      </trkpt>
      <trkpt lat="31.9751700572669506072998046875" lon="118.80517576821148395538330078125">
        <ele>13.19999980926513671875</ele>
        <time>2022-05-10T12:08:28.000Z</time>
        <extensions>
          <ns3:TrackPointExtension/>
        </extensions>
      </trkpt>
      <trkpt lat="31.9750575721263885498046875" lon="118.80526729859411716461181640625">
        <ele>13</ele>
        <time>2022-05-10T12:08:29.000Z</time>
        <extensions>
          <ns3:TrackPointExtension/>
        </extensions>
      </trkpt>
      <trkpt lat="31.97494885884225368499755859375" lon="118.805366456508636474609375">
        <ele>13</ele>
        <time>2022-05-10T12:08:30.000Z</time>
        <extensions>
          <ns3:TrackPointExtension>
            <ns3:hr>81</ns3:hr>
          </ns3:TrackPointExtension>
        </extensions>
      </trkpt>
      <trkpt lat="31.97484391741454601287841796875" lon="118.805457986891269683837890625">
        <ele>13.3999996185302734375</ele>
        <time>2022-05-10T12:08:31.000Z</time>
        <extensions>
          <ns3:TrackPointExtension/>
        </extensions>
      </trkpt>
      <trkpt lat="31.97473905980587005615234375" lon="118.8055419735610485076904296875">
        <ele>14</ele>
        <time>2022-05-10T12:08:32.000Z</time>
        <extensions>
          <ns3:TrackPointExtension/>
        </extensions>
      </trkpt>
      <trkpt lat="31.9746379740536212921142578125" lon="118.80562587641179561614990234375">
        <ele>14</ele>
        <time>2022-05-10T12:08:33.000Z</time>
        <extensions>
          <ns3:TrackPointExtension/>
        </extensions>
      </trkpt>
      <trkpt lat="31.9745387323200702667236328125" lon="118.80570215173065662384033203125">
        <ele>13.6000003814697265625</ele>
        <time>2022-05-10T12:08:34.000Z</time>
        <extensions>
          <ns3:TrackPointExtension/>
        </extensions>
      </trkpt>
      <trkpt lat="31.97444343008100986480712890625" lon="118.80577842704951763153076171875">
        <ele>13</ele>
        <time>2022-05-10T12:08:35.000Z</time>
        <extensions>
          <ns3:TrackPointExtension>
            <ns3:hr>82</ns3:hr>
          </ns3:TrackPointExtension>
        </extensions>
      </trkpt>
      <trkpt lat="31.97435374371707439422607421875" lon="118.80584715865552425384521484375">
        <ele>12.3999996185302734375</ele>
        <time>2022-05-10T12:08:36.000Z</time>
        <extensions>
          <ns3:TrackPointExtension/>
        </extensions>
      </trkpt>
      <trkpt lat="31.97426791302859783172607421875" lon="118.8059158064424991607666015625">
        <ele>12.19999980926513671875</ele>
        <time>2022-05-10T12:08:37.000Z</time>
        <extensions>
          <ns3:TrackPointExtension/>
        </extensions>
      </trkpt>
      <trkpt lat="31.97418593801558017730712890625" lon="118.80598445422947406768798828125">
        <ele>12.80000019073486328125</ele>
        <time>2022-05-10T12:08:38.000Z</time>
        <extensions>
          <ns3:TrackPointExtension/>
        </extensions>
      </trkpt>
      <trkpt lat="31.974107734858989715576171875" lon="118.80604547448456287384033203125">
        <ele>13.3999996185302734375</ele>
        <time>2022-05-10T12:08:39.000Z</time>
        <extensions>
          <ns3:TrackPointExtension/>
        </extensions>
      </trkpt>
      <trkpt lat="31.97403137572109699249267578125" lon="118.80610649473965167999267578125">
        <ele>14</ele>
        <time>2022-05-10T12:08:40.000Z</time>
        <extensions>
          <ns3:TrackPointExtension>
            <ns3:hr>82</ns3:hr>
          </ns3:TrackPointExtension>
        </extensions>
      </trkpt>
      <trkpt lat="31.97395510040223598480224609375" lon="118.80617522634565830230712890625">
        <ele>14.6000003814697265625</ele>
        <time>2022-05-10T12:08:41.000Z</time>
        <extensions>
          <ns3:TrackPointExtension/>
        </extensions>
      </trkpt>
      <trkpt lat="31.9738768972456455230712890625" lon="118.80623624660074710845947265625">
        <ele>15</ele>
        <time>2022-05-10T12:08:42.000Z</time>
        <extensions>
          <ns3:TrackPointExtension/>
        </extensions>
      </trkpt>
      <trkpt lat="31.97380254976451396942138671875" lon="118.80629726685583591461181640625">
        <ele>15.19999980926513671875</ele>
        <time>2022-05-10T12:08:43.000Z</time>
        <extensions>
          <ns3:TrackPointExtension/>
        </extensions>
      </trkpt>
      <trkpt lat="31.973726190626621246337890625" lon="118.80635828711092472076416015625">
        <ele>14.80000019073486328125</ele>
        <time>2022-05-10T12:08:44.000Z</time>
        <extensions>
          <ns3:TrackPointExtension/>
        </extensions>
      </trkpt>
      <trkpt lat="31.97365569882094860076904296875" lon="118.80641930736601352691650390625">
        <ele>13.6000003814697265625</ele>
        <time>2022-05-10T12:08:45.000Z</time>
        <extensions>
          <ns3:TrackPointExtension>
            <ns3:hr>82</ns3:hr>
          </ns3:TrackPointExtension>
        </extensions>
      </trkpt>
      <trkpt lat="31.97358696721494197845458984375" lon="118.80648032762110233306884765625">
        <ele>12.19999980926513671875</ele>
        <time>2022-05-10T12:08:46.000Z</time>
        <extensions>
          <ns3:TrackPointExtension/>
        </extensions>
      </trkpt>
      <trkpt lat="31.97352024726569652557373046875" lon="118.80653380416333675384521484375">
        <ele>11.3999996185302734375</ele>
        <time>2022-05-10T12:08:47.000Z</time>
        <extensions>
          <ns3:TrackPointExtension/>
        </extensions>
      </trkpt>
      <trkpt lat="31.97345922701060771942138671875" lon="118.806587196886539459228515625">
        <ele>11</ele>
        <time>2022-05-10T12:08:48.000Z</time>
        <extensions>
          <ns3:TrackPointExtension/>
        </extensions>
      </trkpt>
      <trkpt lat="31.97340197861194610595703125" lon="118.80664058960974216461181640625">
        <ele>10</ele>
        <time>2022-05-10T12:08:49.000Z</time>
        <extensions>
          <ns3:TrackPointExtension/>
        </extensions>
      </trkpt>
      <trkpt lat="31.9733505137264728546142578125" lon="118.80668635480105876922607421875">
        <ele>9.6000003814697265625</ele>
        <time>2022-05-10T12:08:50.000Z</time>
        <extensions>
          <ns3:TrackPointExtension>
            <ns3:hr>81</ns3:hr>
          </ns3:TrackPointExtension>
        </extensions>
      </trkpt>
      <trkpt lat="31.97330282069742679595947265625" lon="118.8067244924604892730712890625">
        <ele>9.19999980926513671875</ele>
        <time>2022-05-10T12:08:51.000Z</time>
        <extensions>
          <ns3:TrackPointExtension/>
        </extensions>
      </trkpt>
      <trkpt lat="31.97326275520026683807373046875" lon="118.8067550025880336761474609375">
        <ele>8.80000019073486328125</ele>
        <time>2022-05-10T12:08:52.000Z</time>
        <extensions>
          <ns3:TrackPointExtension/>
        </extensions>
      </trkpt>
      <trkpt lat="31.97322654537856578826904296875" lon="118.8067855127155780792236328125">
        <ele>8.6000003814697265625</ele>
        <time>2022-05-10T12:08:53.000Z</time>
        <extensions>
          <ns3:TrackPointExtension/>
        </extensions>
      </trkpt>
      <trkpt lat="31.97319787926971912384033203125" lon="118.80680839531123638153076171875">
        <ele>8.80000019073486328125</ele>
        <time>2022-05-10T12:08:54.000Z</time>
        <extensions>
          <ns3:TrackPointExtension/>
        </extensions>
      </trkpt>
      <trkpt lat="31.973174996674060821533203125" lon="118.806831277906894683837890625">
        <ele>9.19999980926513671875</ele>
        <time>2022-05-10T12:08:55.000Z</time>
        <extensions>
          <ns3:TrackPointExtension>
            <ns3:hr>84</ns3:hr>
          </ns3:TrackPointExtension>
        </extensions>
      </trkpt>
      <trkpt lat="31.97315211407840251922607421875" lon="118.80684661678969860076904296875">
        <ele>9.19999980926513671875</ele>
        <time>2022-05-10T12:08:56.000Z</time>
        <extensions>
          <ns3:TrackPointExtension/>
        </extensions>
      </trkpt>
      <trkpt lat="31.97313115932047367095947265625" lon="118.80686187185347080230712890625">
        <ele>9.3999996185302734375</ele>
        <time>2022-05-10T12:08:57.000Z</time>
        <extensions>
          <ns3:TrackPointExtension/>
        </extensions>
      </trkpt>
      <trkpt lat="31.9731101207435131072998046875" lon="118.80687712691724300384521484375">
        <ele>9.6000003814697265625</ele>
        <time>2022-05-10T12:08:58.000Z</time>
        <extensions>
          <ns3:TrackPointExtension/>
        </extensions>
      </trkpt>
      <trkpt lat="31.97308723814785480499267578125" lon="118.80689238198101520538330078125">
        <ele>9.6000003814697265625</ele>
        <time>2022-05-10T12:08:59.000Z</time>
        <extensions>
          <ns3:TrackPointExtension/>
        </extensions>
      </trkpt>
      <trkpt lat="31.9730625115334987640380859375" lon="118.8069152645766735076904296875">
        <ele>9.80000019073486328125</ele>
        <time>2022-05-10T12:09:00.000Z</time>
        <extensions>
          <ns3:TrackPointExtension>
            <ns3:hr>83</ns3:hr>
          </ns3:TrackPointExtension>
        </extensions>
      </trkpt>
      <trkpt lat="31.97303191758692264556884765625" lon="118.80693814717233180999755859375">
        <ele>9.6000003814697265625</ele>
        <time>2022-05-10T12:09:01.000Z</time>
        <extensions>
          <ns3:TrackPointExtension/>
        </extensions>
      </trkpt>
      <trkpt lat="31.97299570776522159576416015625" lon="118.8069610297679901123046875">
        <ele>9.3999996185302734375</ele>
        <time>2022-05-10T12:09:02.000Z</time>
        <extensions>
          <ns3:TrackPointExtension/>
        </extensions>
      </trkpt>
      <trkpt lat="31.972953714430332183837890625" lon="118.806991539895534515380859375">
        <ele>9.19999980926513671875</ele>
        <time>2022-05-10T12:09:03.000Z</time>
        <extensions>
          <ns3:TrackPointExtension/>
        </extensions>
      </trkpt>
      <trkpt lat="31.972906105220317840576171875" lon="118.80702967755496501922607421875">
        <ele>9</ele>
        <time>2022-05-10T12:09:04.000Z</time>
        <extensions>
          <ns3:TrackPointExtension/>
        </extensions>
      </trkpt>
      <trkpt lat="31.97284885682165622711181640625" lon="118.80707544274628162384033203125">
        <ele>9</ele>
        <time>2022-05-10T12:09:05.000Z</time>
        <extensions>
          <ns3:TrackPointExtension>
            <ns3:hr>87</ns3:hr>
          </ns3:TrackPointExtension>
        </extensions>
      </trkpt>
      <trkpt lat="31.9727859087288379669189453125" lon="118.8071288354694843292236328125">
        <ele>9</ele>
        <time>2022-05-10T12:09:06.000Z</time>
        <extensions>
          <ns3:TrackPointExtension/>
        </extensions>
      </trkpt>
      <trkpt lat="31.97271340526640415191650390625" lon="118.80718993954360485076904296875">
        <ele>8.6000003814697265625</ele>
        <time>2022-05-10T12:09:07.000Z</time>
        <extensions>
          <ns3:TrackPointExtension/>
        </extensions>
      </trkpt>
      <trkpt lat="31.972635202109813690185546875" lon="118.8072585873305797576904296875">
        <ele>8</ele>
        <time>2022-05-10T12:09:08.000Z</time>
        <extensions>
          <ns3:TrackPointExtension/>
        </extensions>
      </trkpt>
      <trkpt lat="31.972549371421337127685546875" lon="118.80732723511755466461181640625">
        <ele>8.80000019073486328125</ele>
        <time>2022-05-10T12:09:09.000Z</time>
        <extensions>
          <ns3:TrackPointExtension/>
        </extensions>
      </trkpt>
      <trkpt lat="31.97245784103870391845703125" lon="118.80740351043641567230224609375">
        <ele>10</ele>
        <time>2022-05-10T12:09:10.000Z</time>
        <extensions>
          <ns3:TrackPointExtension>
            <ns3:hr>89</ns3:hr>
          </ns3:TrackPointExtension>
        </extensions>
      </trkpt>
      <trkpt lat="31.9723624549806118011474609375" lon="118.80747978575527667999267578125">
        <ele>11.19999980926513671875</ele>
        <time>2022-05-10T12:09:11.000Z</time>
        <extensions>
          <ns3:TrackPointExtension/>
        </extensions>
      </trkpt>
      <trkpt lat="31.97226329706609249114990234375" lon="118.807556144893169403076171875">
        <ele>12.80000019073486328125</ele>
        <time>2022-05-10T12:09:12.000Z</time>
        <extensions>
          <ns3:TrackPointExtension/>
        </extensions>
      </trkpt>
      <trkpt lat="31.9721602834761142730712890625" lon="118.80764004774391651153564453125">
        <ele>14.19999980926513671875</ele>
        <time>2022-05-10T12:09:13.000Z</time>
        <extensions>
          <ns3:TrackPointExtension/>
        </extensions>
      </trkpt>
      <trkpt lat="31.97205542586743831634521484375" lon="118.8077239505946636199951171875">
        <ele>15</ele>
        <time>2022-05-10T12:09:14.000Z</time>
        <extensions>
          <ns3:TrackPointExtension/>
        </extensions>
      </trkpt>
      <trkpt lat="31.97195048443973064422607421875" lon="118.80780785344541072845458984375">
        <ele>15</ele>
        <time>2022-05-10T12:09:15.000Z</time>
        <extensions>
          <ns3:TrackPointExtension>
            <ns3:hr>92</ns3:hr>
          </ns3:TrackPointExtension>
        </extensions>
      </trkpt>
      <trkpt lat="31.97184369899332523345947265625" lon="118.80789184011518955230712890625">
        <ele>14.80000019073486328125</ele>
        <time>2022-05-10T12:09:16.000Z</time>
        <extensions>
          <ns3:TrackPointExtension/>
        </extensions>
      </trkpt>
      <trkpt lat="31.97173498570919036865234375" lon="118.8079757429659366607666015625">
        <ele>14.6000003814697265625</ele>
        <time>2022-05-10T12:09:17.000Z</time>
        <extensions>
          <ns3:TrackPointExtension/>
        </extensions>
      </trkpt>
      <trkpt lat="31.97162811644375324249267578125" lon="118.80805964581668376922607421875">
        <ele>14.6000003814697265625</ele>
        <time>2022-05-10T12:09:18.000Z</time>
        <extensions>
          <ns3:TrackPointExtension/>
        </extensions>
      </trkpt>
      <trkpt lat="31.971519403159618377685546875" lon="118.808143548667430877685546875">
        <ele>15</ele>
        <time>2022-05-10T12:09:19.000Z</time>
        <extensions>
          <ns3:TrackPointExtension/>
        </extensions>
      </trkpt>
      <trkpt lat="31.9714126177132129669189453125" lon="118.8082275353372097015380859375">
        <ele>15.80000019073486328125</ele>
        <time>2022-05-10T12:09:20.000Z</time>
        <extensions>
          <ns3:TrackPointExtension>
            <ns3:hr>92</ns3:hr>
          </ns3:TrackPointExtension>
        </extensions>
      </trkpt>
      <trkpt lat="31.97130583226680755615234375" lon="118.8083190657198429107666015625">
        <ele>16.200000762939453125</ele>
        <time>2022-05-10T12:09:21.000Z</time>
        <extensions>
          <ns3:TrackPointExtension/>
        </extensions>
      </trkpt>
      <trkpt lat="31.97119896300137042999267578125" lon="118.80840296857059001922607421875">
        <ele>16</ele>
        <time>2022-05-10T12:09:22.000Z</time>
        <extensions>
          <ns3:TrackPointExtension/>
        </extensions>
      </trkpt>
      <trkpt lat="31.97109217755496501922607421875" lon="118.80849449895322322845458984375">
        <ele>14.6000003814697265625</ele>
        <time>2022-05-10T12:09:23.000Z</time>
        <extensions>
          <ns3:TrackPointExtension/>
        </extensions>
      </trkpt>
      <trkpt lat="31.97098539210855960845947265625" lon="118.80857848562300205230712890625">
        <ele>14.3999996185302734375</ele>
        <time>2022-05-10T12:09:24.000Z</time>
        <extensions>
          <ns3:TrackPointExtension/>
        </extensions>
      </trkpt>
      <trkpt lat="31.97087667882442474365234375" lon="118.80867001600563526153564453125">
        <ele>13.80000019073486328125</ele>
        <time>2022-05-10T12:09:25.000Z</time>
        <extensions>
          <ns3:TrackPointExtension>
            <ns3:hr>90</ns3:hr>
          </ns3:TrackPointExtension>
        </extensions>
      </trkpt>
      <trkpt lat="31.97076980955898761749267578125" lon="118.8087539188563823699951171875">
        <ele>12.6000003814697265625</ele>
        <time>2022-05-10T12:09:26.000Z</time>
        <extensions>
          <ns3:TrackPointExtension/>
        </extensions>
      </trkpt>
      <trkpt lat="31.97066302411258220672607421875" lon="118.80883782170712947845458984375">
        <ele>12.3999996185302734375</ele>
        <time>2022-05-10T12:09:27.000Z</time>
        <extensions>
          <ns3:TrackPointExtension/>
        </extensions>
      </trkpt>
      <trkpt lat="31.97055623866617679595947265625" lon="118.80892180837690830230712890625">
        <ele>12</ele>
        <time>2022-05-10T12:09:28.000Z</time>
        <extensions>
          <ns3:TrackPointExtension/>
        </extensions>
      </trkpt>
      <trkpt lat="31.9704493694007396697998046875" lon="118.80901333875954151153564453125">
        <ele>12.19999980926513671875</ele>
        <time>2022-05-10T12:09:29.000Z</time>
        <extensions>
          <ns3:TrackPointExtension/>
        </extensions>
      </trkpt>
      <trkpt lat="31.970342583954334259033203125" lon="118.8090972416102886199951171875">
        <ele>11.80000019073486328125</ele>
        <time>2022-05-10T12:09:30.000Z</time>
        <extensions>
          <ns3:TrackPointExtension>
            <ns3:hr>90</ns3:hr>
          </ns3:TrackPointExtension>
        </extensions>
      </trkpt>
      <trkpt lat="31.9702357985079288482666015625" lon="118.80918114446103572845458984375">
        <ele>11.3999996185302734375</ele>
        <time>2022-05-10T12:09:31.000Z</time>
        <extensions>
          <ns3:TrackPointExtension/>
        </extensions>
      </trkpt>
      <trkpt lat="31.9701290130615234375" lon="118.80926513113081455230712890625">
        <ele>11</ele>
        <time>2022-05-10T12:09:32.000Z</time>
        <extensions>
          <ns3:TrackPointExtension/>
        </extensions>
      </trkpt>
      <trkpt lat="31.970024071633815765380859375" lon="118.80934140644967555999755859375">
        <ele>11.80000019073486328125</ele>
        <time>2022-05-10T12:09:33.000Z</time>
        <extensions>
          <ns3:TrackPointExtension/>
        </extensions>
      </trkpt>
      <trkpt lat="31.96992105804383754730224609375" lon="118.80942530930042266845703125">
        <ele>12</ele>
        <time>2022-05-10T12:09:34.000Z</time>
        <extensions>
          <ns3:TrackPointExtension/>
        </extensions>
      </trkpt>
      <trkpt lat="31.9698219001293182373046875" lon="118.80949395708739757537841796875">
        <ele>12</ele>
        <time>2022-05-10T12:09:35.000Z</time>
        <extensions>
          <ns3:TrackPointExtension>
            <ns3:hr>90</ns3:hr>
          </ns3:TrackPointExtension>
        </extensions>
      </trkpt>
      <trkpt lat="31.9697265140712261199951171875" lon="118.80957023240625858306884765625">
        <ele>12.19999980926513671875</ele>
        <time>2022-05-10T12:09:36.000Z</time>
        <extensions>
          <ns3:TrackPointExtension/>
        </extensions>
      </trkpt>
      <trkpt lat="31.969631128013134002685546875" lon="118.80963896401226520538330078125">
        <ele>12.3999996185302734375</ele>
        <time>2022-05-10T12:09:37.000Z</time>
        <extensions>
          <ns3:TrackPointExtension/>
        </extensions>
      </trkpt>
      <trkpt lat="31.96953766979277133941650390625" lon="118.8097076117992401123046875">
        <ele>12.6000003814697265625</ele>
        <time>2022-05-10T12:09:38.000Z</time>
        <extensions>
          <ns3:TrackPointExtension/>
        </extensions>
      </trkpt>
      <trkpt lat="31.96944613941013813018798828125" lon="118.80977625958621501922607421875">
        <ele>12.80000019073486328125</ele>
        <time>2022-05-10T12:09:39.000Z</time>
        <extensions>
          <ns3:TrackPointExtension/>
        </extensions>
      </trkpt>
      <trkpt lat="31.969362236559391021728515625" lon="118.80983727984130382537841796875">
        <ele>13</ele>
        <time>2022-05-10T12:09:40.000Z</time>
        <extensions>
          <ns3:TrackPointExtension>
            <ns3:hr>95</ns3:hr>
          </ns3:TrackPointExtension>
        </extensions>
      </trkpt>
      <trkpt lat="31.96928017772734165191650390625" lon="118.80989830009639263153076171875">
        <ele>13</ele>
        <time>2022-05-10T12:09:41.000Z</time>
        <extensions>
          <ns3:TrackPointExtension/>
        </extensions>
      </trkpt>
      <trkpt lat="31.96920390240848064422607421875" lon="118.80995177663862705230712890625">
        <ele>12.6000003814697265625</ele>
        <time>2022-05-10T12:09:42.000Z</time>
        <extensions>
          <ns3:TrackPointExtension/>
        </extensions>
      </trkpt>
      <trkpt lat="31.969129554927349090576171875" lon="118.8100051693618297576904296875">
        <ele>12.3999996185302734375</ele>
        <time>2022-05-10T12:09:43.000Z</time>
        <extensions>
          <ns3:TrackPointExtension/>
        </extensions>
      </trkpt>
      <trkpt lat="31.9690589793026447296142578125" lon="118.8100509345531463623046875">
        <ele>12.19999980926513671875</ele>
        <time>2022-05-10T12:09:44.000Z</time>
        <extensions>
          <ns3:TrackPointExtension/>
        </extensions>
      </trkpt>
      <trkpt lat="31.968994103372097015380859375" lon="118.8100966997444629669189453125">
        <ele>12</ele>
        <time>2022-05-10T12:09:45.000Z</time>
        <extensions>
          <ns3:TrackPointExtension>
            <ns3:hr>93</ns3:hr>
          </ns3:TrackPointExtension>
        </extensions>
      </trkpt>
      <trkpt lat="31.96893115527927875518798828125" lon="118.810142464935779571533203125">
        <ele>11.80000019073486328125</ele>
        <time>2022-05-10T12:09:46.000Z</time>
        <extensions>
          <ns3:TrackPointExtension/>
        </extensions>
      </trkpt>
      <trkpt lat="31.968872062861919403076171875" lon="118.8101882301270961761474609375">
        <ele>11.6000003814697265625</ele>
        <time>2022-05-10T12:09:47.000Z</time>
        <extensions>
          <ns3:TrackPointExtension/>
        </extensions>
      </trkpt>
      <trkpt lat="31.96881674230098724365234375" lon="118.81022636778652667999267578125">
        <ele>11</ele>
        <time>2022-05-10T12:09:48.000Z</time>
        <extensions>
          <ns3:TrackPointExtension/>
        </extensions>
      </trkpt>
      <trkpt lat="31.96876519359648227691650390625" lon="118.810272216796875">
        <ele>10.19999980926513671875</ele>
        <time>2022-05-10T12:09:49.000Z</time>
        <extensions>
          <ns3:TrackPointExtension/>
        </extensions>
      </trkpt>
      <trkpt lat="31.96871372871100902557373046875" lon="118.81031035445630550384521484375">
        <ele>9.3999996185302734375</ele>
        <time>2022-05-10T12:09:50.000Z</time>
        <extensions>
          <ns3:TrackPointExtension>
            <ns3:hr>89</ns3:hr>
          </ns3:TrackPointExtension>
        </extensions>
      </trkpt>
      <trkpt lat="31.968662180006504058837890625" lon="118.8103484921157360076904296875">
        <ele>9.19999980926513671875</ele>
        <time>2022-05-10T12:09:51.000Z</time>
        <extensions>
          <ns3:TrackPointExtension/>
        </extensions>
      </trkpt>
      <trkpt lat="31.96860878728330135345458984375" lon="118.81038662977516651153564453125">
        <ele>9</ele>
        <time>2022-05-10T12:09:52.000Z</time>
        <extensions>
          <ns3:TrackPointExtension/>
        </extensions>
      </trkpt>
      <trkpt lat="31.96855346672236919403076171875" lon="118.810424767434597015380859375">
        <ele>9</ele>
        <time>2022-05-10T12:09:53.000Z</time>
        <extensions>
          <ns3:TrackPointExtension/>
        </extensions>
      </trkpt>
      <trkpt lat="31.9684943743050098419189453125" lon="118.8104705326259136199951171875">
        <ele>9</ele>
        <time>2022-05-10T12:09:54.000Z</time>
        <extensions>
          <ns3:TrackPointExtension/>
        </extensions>
      </trkpt>
      <trkpt lat="31.9684333540499210357666015625" lon="118.81050867028534412384033203125">
        <ele>9</ele>
        <time>2022-05-10T12:09:55.000Z</time>
        <extensions>
          <ns3:TrackPointExtension>
            <ns3:hr>87</ns3:hr>
          </ns3:TrackPointExtension>
        </extensions>
      </trkpt>
      <trkpt lat="31.96837040595710277557373046875" lon="118.81055443547666072845458984375">
        <ele>9</ele>
        <time>2022-05-10T12:09:56.000Z</time>
        <extensions>
          <ns3:TrackPointExtension/>
        </extensions>
      </trkpt>
      <trkpt lat="31.9683036021888256072998046875" lon="118.81060020066797733306884765625">
        <ele>9</ele>
        <time>2022-05-10T12:09:57.000Z</time>
        <extensions>
          <ns3:TrackPointExtension/>
        </extensions>
      </trkpt>
      <trkpt lat="31.9682368822395801544189453125" lon="118.810646049678325653076171875">
        <ele>9</ele>
        <time>2022-05-10T12:09:58.000Z</time>
        <extensions>
          <ns3:TrackPointExtension/>
        </extensions>
      </trkpt>
      <trkpt lat="31.9681701622903347015380859375" lon="118.81068418733775615692138671875">
        <ele>9.3999996185302734375</ele>
        <time>2022-05-10T12:09:59.000Z</time>
        <extensions>
          <ns3:TrackPointExtension/>
        </extensions>
      </trkpt>
      <trkpt lat="31.96810335852205753326416015625" lon="118.81072995252907276153564453125">
        <ele>10</ele>
        <time>2022-05-10T12:10:00.000Z</time>
        <extensions>
          <ns3:TrackPointExtension>
            <ns3:hr>85</ns3:hr>
          </ns3:TrackPointExtension>
        </extensions>
      </trkpt>
      <trkpt lat="31.96804426610469818115234375" lon="118.81077571772038936614990234375">
        <ele>10.3999996185302734375</ele>
        <time>2022-05-10T12:10:01.000Z</time>
        <extensions>
          <ns3:TrackPointExtension/>
        </extensions>
      </trkpt>
      <trkpt lat="31.96799087338149547576904296875" lon="118.8108138553798198699951171875">
        <ele>10.6000003814697265625</ele>
        <time>2022-05-10T12:10:02.000Z</time>
        <extensions>
          <ns3:TrackPointExtension/>
        </extensions>
      </trkpt>
      <trkpt lat="31.96794695220887660980224609375" lon="118.810859620571136474609375">
        <ele>10.80000019073486328125</ele>
        <time>2022-05-10T12:10:03.000Z</time>
        <extensions>
          <ns3:TrackPointExtension/>
        </extensions>
      </trkpt>
      <trkpt lat="31.967914514243602752685546875" lon="118.81089775823056697845458984375">
        <ele>11</ele>
        <time>2022-05-10T12:10:04.000Z</time>
        <extensions>
          <ns3:TrackPointExtension/>
        </extensions>
      </trkpt>
      <trkpt lat="31.967889703810214996337890625" lon="118.81094352342188358306884765625">
        <ele>11.19999980926513671875</ele>
        <time>2022-05-10T12:10:05.000Z</time>
        <extensions>
          <ns3:TrackPointExtension>
            <ns3:hr>84</ns3:hr>
          </ns3:TrackPointExtension>
        </extensions>
      </trkpt>
      <trkpt lat="31.9678744487464427947998046875" lon="118.810989372432231903076171875">
        <ele>11.3999996185302734375</ele>
        <time>2022-05-10T12:10:06.000Z</time>
        <extensions>
          <ns3:TrackPointExtension/>
        </extensions>
      </trkpt>
      <trkpt lat="31.96786682121455669403076171875" lon="118.8110351376235485076904296875">
        <ele>11.6000003814697265625</ele>
        <time>2022-05-10T12:10:07.000Z</time>
        <extensions>
          <ns3:TrackPointExtension/>
        </extensions>
      </trkpt>
      <trkpt lat="31.9678687490522861480712890625" lon="118.8110809028148651123046875">
        <ele>11.80000019073486328125</ele>
        <time>2022-05-10T12:10:08.000Z</time>
        <extensions>
          <ns3:TrackPointExtension/>
        </extensions>
      </trkpt>
      <trkpt lat="31.96787260472774505615234375" lon="118.8111266680061817169189453125">
        <ele>11.80000019073486328125</ele>
        <time>2022-05-10T12:10:09.000Z</time>
        <extensions>
          <ns3:TrackPointExtension/>
        </extensions>
      </trkpt>
      <trkpt lat="31.967878304421901702880859375" lon="118.811172433197498321533203125">
        <ele>12</ele>
        <time>2022-05-10T12:10:10.000Z</time>
        <extensions>
          <ns3:TrackPointExtension>
            <ns3:hr>80</ns3:hr>
          </ns3:TrackPointExtension>
        </extensions>
      </trkpt>
      <trkpt lat="31.96788593195378780364990234375" lon="118.81122582592070102691650390625">
        <ele>11.80000019073486328125</ele>
        <time>2022-05-10T12:10:11.000Z</time>
        <extensions>
          <ns3:TrackPointExtension/>
        </extensions>
      </trkpt>
      <trkpt lat="31.967889703810214996337890625" lon="118.8112792186439037322998046875">
        <ele>11.80000019073486328125</ele>
        <time>2022-05-10T12:10:12.000Z</time>
        <extensions>
          <ns3:TrackPointExtension/>
        </extensions>
      </trkpt>
      <trkpt lat="31.96789163164794445037841796875" lon="118.81132506765425205230712890625">
        <ele>11.6000003814697265625</ele>
        <time>2022-05-10T12:10:13.000Z</time>
        <extensions>
          <ns3:TrackPointExtension/>
        </extensions>
      </trkpt>
      <trkpt lat="31.96789163164794445037841796875" lon="118.8113784603774547576904296875">
        <ele>11.3999996185302734375</ele>
        <time>2022-05-10T12:10:14.000Z</time>
        <extensions>
          <ns3:TrackPointExtension/>
        </extensions>
      </trkpt>
      <trkpt lat="31.96788593195378780364990234375" lon="118.8114242255687713623046875">
        <ele>11.19999980926513671875</ele>
        <time>2022-05-10T12:10:15.000Z</time>
        <extensions>
          <ns3:TrackPointExtension>
            <ns3:hr>77</ns3:hr>
          </ns3:TrackPointExtension>
        </extensions>
      </trkpt>
      <trkpt lat="31.96788023225963115692138671875" lon="118.81147761829197406768798828125">
        <ele>11.3999996185302734375</ele>
        <time>2022-05-10T12:10:16.000Z</time>
        <extensions>
          <ns3:TrackPointExtension/>
        </extensions>
      </trkpt>
      <trkpt lat="31.96786682121455669403076171875" lon="118.811515755951404571533203125">
        <ele>11.6000003814697265625</ele>
        <time>2022-05-10T12:10:17.000Z</time>
        <extensions>
          <ns3:TrackPointExtension/>
        </extensions>
      </trkpt>
      <trkpt lat="31.967853493988513946533203125" lon="118.81155389361083507537841796875">
        <ele>11.80000019073486328125</ele>
        <time>2022-05-10T12:10:18.000Z</time>
        <extensions>
          <ns3:TrackPointExtension/>
        </extensions>
      </trkpt>
      <trkpt lat="31.96783446706831455230712890625" lon="118.81158440373837947845458984375">
        <ele>12.19999980926513671875</ele>
        <time>2022-05-10T12:10:19.000Z</time>
        <extensions>
          <ns3:TrackPointExtension/>
        </extensions>
      </trkpt>
      <trkpt lat="31.96781158447265625" lon="118.8116225413978099822998046875">
        <ele>12.6000003814697265625</ele>
        <time>2022-05-10T12:10:20.000Z</time>
        <extensions>
          <ns3:TrackPointExtension>
            <ns3:hr>78</ns3:hr>
          </ns3:TrackPointExtension>
        </extensions>
      </trkpt>
      <trkpt lat="31.96778484620153903961181640625" lon="118.81165313534438610076904296875">
        <ele>13</ele>
        <time>2022-05-10T12:10:21.000Z</time>
        <extensions>
          <ns3:TrackPointExtension/>
        </extensions>
      </trkpt>
      <trkpt lat="31.967756263911724090576171875" lon="118.81168364547193050384521484375">
        <ele>13.3999996185302734375</ele>
        <time>2022-05-10T12:10:22.000Z</time>
        <extensions>
          <ns3:TrackPointExtension/>
        </extensions>
      </trkpt>
      <trkpt lat="31.9677275978028774261474609375" lon="118.8117217831313610076904296875">
        <ele>13.80000019073486328125</ele>
        <time>2022-05-10T12:10:23.000Z</time>
        <extensions>
          <ns3:TrackPointExtension/>
        </extensions>
      </trkpt>
      <trkpt lat="31.9676970876753330230712890625" lon="118.8117522932589054107666015625">
        <ele>14.19999980926513671875</ele>
        <time>2022-05-10T12:10:24.000Z</time>
        <extensions>
          <ns3:TrackPointExtension/>
        </extensions>
      </trkpt>
      <trkpt lat="31.9676665775477886199951171875" lon="118.811798058450222015380859375">
        <ele>14.6000003814697265625</ele>
        <time>2022-05-10T12:10:25.000Z</time>
        <extensions>
          <ns3:TrackPointExtension>
            <ns3:hr>78</ns3:hr>
          </ns3:TrackPointExtension>
        </extensions>
      </trkpt>
      <trkpt lat="31.9676360674202442169189453125" lon="118.81185145117342472076416015625">
        <ele>14.6000003814697265625</ele>
        <time>2022-05-10T12:10:26.000Z</time>
        <extensions>
          <ns3:TrackPointExtension/>
        </extensions>
      </trkpt>
      <trkpt lat="31.9676055572926998138427734375" lon="118.81191247142851352691650390625">
        <ele>14.6000003814697265625</ele>
        <time>2022-05-10T12:10:27.000Z</time>
        <extensions>
          <ns3:TrackPointExtension/>
        </extensions>
      </trkpt>
      <trkpt lat="31.9675750471651554107666015625" lon="118.811981119215488433837890625">
        <ele>14.3999996185302734375</ele>
        <time>2022-05-10T12:10:28.000Z</time>
        <extensions>
          <ns3:TrackPointExtension/>
        </extensions>
      </trkpt>
      <trkpt lat="31.967546381056308746337890625" lon="118.8120651058852672576904296875">
        <ele>14</ele>
        <time>2022-05-10T12:10:29.000Z</time>
        <extensions>
          <ns3:TrackPointExtension/>
        </extensions>
      </trkpt>
      <trkpt lat="31.96751779876649379730224609375" lon="118.81216426379978656768798828125">
        <ele>13.3999996185302734375</ele>
        <time>2022-05-10T12:10:30.000Z</time>
        <extensions>
          <ns3:TrackPointExtension>
            <ns3:hr>80</ns3:hr>
          </ns3:TrackPointExtension>
        </extensions>
      </trkpt>
      <trkpt lat="31.96749298833310604095458984375" lon="118.81227104924619197845458984375">
        <ele>13.3999996185302734375</ele>
        <time>2022-05-10T12:10:31.000Z</time>
        <extensions>
          <ns3:TrackPointExtension/>
        </extensions>
      </trkpt>
      <trkpt lat="31.96747203357517719268798828125" lon="118.81239317357540130615234375">
        <ele>13.80000019073486328125</ele>
        <time>2022-05-10T12:10:32.000Z</time>
        <extensions>
          <ns3:TrackPointExtension/>
        </extensions>
      </trkpt>
      <trkpt lat="31.96745107881724834442138671875" lon="118.81252284161746501922607421875">
        <ele>14</ele>
        <time>2022-05-10T12:10:33.000Z</time>
        <extensions>
          <ns3:TrackPointExtension/>
        </extensions>
      </trkpt>
      <trkpt lat="31.96743196807801723480224609375" lon="118.812667764723300933837890625">
        <ele>14.19999980926513671875</ele>
        <time>2022-05-10T12:10:34.000Z</time>
        <extensions>
          <ns3:TrackPointExtension/>
        </extensions>
      </trkpt>
      <trkpt lat="31.9674147851765155792236328125" lon="118.81282039918005466461181640625">
        <ele>13</ele>
        <time>2022-05-10T12:10:35.000Z</time>
        <extensions>
          <ns3:TrackPointExtension>
            <ns3:hr>84</ns3:hr>
          </ns3:TrackPointExtension>
        </extensions>
      </trkpt>
      <trkpt lat="31.9673976860940456390380859375" lon="118.81298057734966278076171875">
        <ele>11.80000019073486328125</ele>
        <time>2022-05-10T12:10:36.000Z</time>
        <extensions>
          <ns3:TrackPointExtension/>
        </extensions>
      </trkpt>
      <trkpt lat="31.96738050319254398345947265625" lon="118.8131408393383026123046875">
        <ele>10.80000019073486328125</ele>
        <time>2022-05-10T12:10:37.000Z</time>
        <extensions>
          <ns3:TrackPointExtension/>
        </extensions>
      </trkpt>
      <trkpt lat="31.967363320291042327880859375" lon="118.81330101750791072845458984375">
        <ele>9.80000019073486328125</ele>
        <time>2022-05-10T12:10:38.000Z</time>
        <extensions>
          <ns3:TrackPointExtension/>
        </extensions>
      </trkpt>
      <trkpt lat="31.96734420955181121826171875" lon="118.81347653456032276153564453125">
        <ele>9.19999980926513671875</ele>
        <time>2022-05-10T12:10:39.000Z</time>
        <extensions>
          <ns3:TrackPointExtension/>
        </extensions>
      </trkpt>
      <trkpt lat="31.96732518263161182403564453125" lon="118.81364434026181697845458984375">
        <ele>10</ele>
        <time>2022-05-10T12:10:40.000Z</time>
        <extensions>
          <ns3:TrackPointExtension>
            <ns3:hr>83</ns3:hr>
          </ns3:TrackPointExtension>
        </extensions>
      </trkpt>
      <trkpt lat="31.96730422787368297576904296875" lon="118.81381985731422901153564453125">
        <ele>10.3999996185302734375</ele>
        <time>2022-05-10T12:10:41.000Z</time>
        <extensions>
          <ns3:TrackPointExtension/>
        </extensions>
      </trkpt>
      <trkpt lat="31.96728511713445186614990234375" lon="118.8139952905476093292236328125">
        <ele>11.3999996185302734375</ele>
        <time>2022-05-10T12:10:42.000Z</time>
        <extensions>
          <ns3:TrackPointExtension/>
        </extensions>
      </trkpt>
      <trkpt lat="31.96726416237652301788330078125" lon="118.8141708076000213623046875">
        <ele>12</ele>
        <time>2022-05-10T12:10:43.000Z</time>
        <extensions>
          <ns3:TrackPointExtension/>
        </extensions>
      </trkpt>
      <trkpt lat="31.9672431237995624542236328125" lon="118.81434624083340167999267578125">
        <ele>12.3999996185302734375</ele>
        <time>2022-05-10T12:10:44.000Z</time>
        <extensions>
          <ns3:TrackPointExtension/>
        </extensions>
      </trkpt>
      <trkpt lat="31.96722409687936305999755859375" lon="118.81452175788581371307373046875">
        <ele>12.80000019073486328125</ele>
        <time>2022-05-10T12:10:45.000Z</time>
        <extensions>
          <ns3:TrackPointExtension>
            <ns3:hr>83</ns3:hr>
          </ns3:TrackPointExtension>
        </extensions>
      </trkpt>
      <trkpt lat="31.967203058302402496337890625" lon="118.81468956358730792999267578125">
        <ele>12.6000003814697265625</ele>
        <time>2022-05-10T12:10:46.000Z</time>
        <extensions>
          <ns3:TrackPointExtension/>
        </extensions>
      </trkpt>
      <trkpt lat="31.9671821035444736480712890625" lon="118.8148574531078338623046875">
        <ele>12</ele>
        <time>2022-05-10T12:10:47.000Z</time>
        <extensions>
          <ns3:TrackPointExtension/>
        </extensions>
      </trkpt>
      <trkpt lat="31.96716307662427425384521484375" lon="118.8150252588093280792236328125">
        <ele>12</ele>
        <time>2022-05-10T12:10:48.000Z</time>
        <extensions>
          <ns3:TrackPointExtension/>
        </extensions>
      </trkpt>
      <trkpt lat="31.96714396588504314422607421875" lon="118.8151855207979679107666015625">
        <ele>12</ele>
        <time>2022-05-10T12:10:49.000Z</time>
        <extensions>
          <ns3:TrackPointExtension/>
        </extensions>
      </trkpt>
      <trkpt lat="31.96712493896484375" lon="118.8153380714356899261474609375">
        <ele>10.19999980926513671875</ele>
        <time>2022-05-10T12:10:50.000Z</time>
        <extensions>
          <ns3:TrackPointExtension>
            <ns3:hr>82</ns3:hr>
          </ns3:TrackPointExtension>
        </extensions>
      </trkpt>
      <trkpt lat="31.96710775606334209442138671875" lon="118.81549070589244365692138671875">
        <ele>9.19999980926513671875</ele>
        <time>2022-05-10T12:10:51.000Z</time>
        <extensions>
          <ns3:TrackPointExtension/>
        </extensions>
      </trkpt>
      <trkpt lat="31.9670905731618404388427734375" lon="118.81562800146639347076416015625">
        <ele>8.19999980926513671875</ele>
        <time>2022-05-10T12:10:52.000Z</time>
        <extensions>
          <ns3:TrackPointExtension/>
        </extensions>
      </trkpt>
      <trkpt lat="31.96707339026033878326416015625" lon="118.815765380859375">
        <ele>7.599999904632568359375</ele>
        <time>2022-05-10T12:10:53.000Z</time>
        <extensions>
          <ns3:TrackPointExtension/>
        </extensions>
      </trkpt>
      <trkpt lat="31.96705813519656658172607421875" lon="118.81589504890143871307373046875">
        <ele>7.19999980926513671875</ele>
        <time>2022-05-10T12:10:54.000Z</time>
        <extensions>
          <ns3:TrackPointExtension/>
        </extensions>
      </trkpt>
      <trkpt lat="31.967044807970523834228515625" lon="118.81601708941161632537841796875">
        <ele>7.19999980926513671875</ele>
        <time>2022-05-10T12:10:55.000Z</time>
        <extensions>
          <ns3:TrackPointExtension>
            <ns3:hr>82</ns3:hr>
          </ns3:TrackPointExtension>
        </extensions>
      </trkpt>
      <trkpt lat="31.967031396925449371337890625" lon="118.8161239586770534515380859375">
        <ele>7.19999980926513671875</ele>
        <time>2022-05-10T12:10:56.000Z</time>
        <extensions>
          <ns3:TrackPointExtension/>
        </extensions>
      </trkpt>
      <trkpt lat="31.967019997537136077880859375" lon="118.8162307441234588623046875">
        <ele>7.19999980926513671875</ele>
        <time>2022-05-10T12:10:57.000Z</time>
        <extensions>
          <ns3:TrackPointExtension/>
        </extensions>
      </trkpt>
      <trkpt lat="31.96700851432979106903076171875" lon="118.81632990203797817230224609375">
        <ele>7.19999980926513671875</ele>
        <time>2022-05-10T12:10:58.000Z</time>
        <extensions>
          <ns3:TrackPointExtension/>
        </extensions>
      </trkpt>
      <trkpt lat="31.9669990427792072296142578125" lon="118.81642143242061138153076171875">
        <ele>7.400000095367431640625</ele>
        <time>2022-05-10T12:10:59.000Z</time>
        <extensions>
          <ns3:TrackPointExtension/>
        </extensions>
      </trkpt>
      <trkpt lat="31.9669894874095916748046875" lon="118.81650541909039020538330078125">
        <ele>7.80000019073486328125</ele>
        <time>2022-05-10T12:11:00.000Z</time>
        <extensions>
          <ns3:TrackPointExtension>
            <ns3:hr>82</ns3:hr>
          </ns3:TrackPointExtension>
        </extensions>
      </trkpt>
      <trkpt lat="31.96698185987770557403564453125" lon="118.81658169440925121307373046875">
        <ele>8</ele>
        <time>2022-05-10T12:11:01.000Z</time>
        <extensions>
          <ns3:TrackPointExtension/>
        </extensions>
      </trkpt>
      <trkpt lat="31.9669742323458194732666015625" lon="118.8166503421962261199951171875">
        <ele>8.3999996185302734375</ele>
        <time>2022-05-10T12:11:02.000Z</time>
        <extensions>
          <ns3:TrackPointExtension/>
        </extensions>
      </trkpt>
      <trkpt lat="31.9669685326516628265380859375" lon="118.8167113624513149261474609375">
        <ele>8.6000003814697265625</ele>
        <time>2022-05-10T12:11:03.000Z</time>
        <extensions>
          <ns3:TrackPointExtension/>
        </extensions>
      </trkpt>
      <trkpt lat="31.96696274913847446441650390625" lon="118.81675712764263153076171875">
        <ele>8.80000019073486328125</ele>
        <time>2022-05-10T12:11:04.000Z</time>
        <extensions>
          <ns3:TrackPointExtension/>
        </extensions>
      </trkpt>
      <trkpt lat="31.966958977282047271728515625" lon="118.81680297665297985076904296875">
        <ele>9</ele>
        <time>2022-05-10T12:11:05.000Z</time>
        <extensions>
          <ns3:TrackPointExtension>
            <ns3:hr>85</ns3:hr>
          </ns3:TrackPointExtension>
        </extensions>
      </trkpt>
      <trkpt lat="31.9669551216065883636474609375" lon="118.81683348678052425384521484375">
        <ele>9.19999980926513671875</ele>
        <time>2022-05-10T12:11:06.000Z</time>
        <extensions>
          <ns3:TrackPointExtension/>
        </extensions>
      </trkpt>
      <trkpt lat="31.966953277587890625" lon="118.81686399690806865692138671875">
        <ele>9.19999980926513671875</ele>
        <time>2022-05-10T12:11:07.000Z</time>
        <extensions>
          <ns3:TrackPointExtension/>
        </extensions>
      </trkpt>
      <trkpt lat="31.9669494219124317169189453125" lon="118.816886879503726959228515625">
        <ele>9.3999996185302734375</ele>
        <time>2022-05-10T12:11:08.000Z</time>
        <extensions>
          <ns3:TrackPointExtension/>
        </extensions>
      </trkpt>
      <trkpt lat="31.96694749407470226287841796875" lon="118.81690976209938526153564453125">
        <ele>9.3999996185302734375</ele>
        <time>2022-05-10T12:11:09.000Z</time>
        <extensions>
          <ns3:TrackPointExtension/>
        </extensions>
      </trkpt>
      <trkpt lat="31.96694749407470226287841796875" lon="118.8169173896312713623046875">
        <ele>9.3999996185302734375</ele>
        <time>2022-05-10T12:11:10.000Z</time>
        <extensions>
          <ns3:TrackPointExtension>
            <ns3:hr>85</ns3:hr>
          </ns3:TrackPointExtension>
        </extensions>
      </trkpt>
      <trkpt lat="31.966945566236972808837890625" lon="118.81692501716315746307373046875">
        <ele>9.3999996185302734375</ele>
        <time>2022-05-10T12:11:11.000Z</time>
        <extensions>
          <ns3:TrackPointExtension/>
        </extensions>
      </trkpt>
      <trkpt lat="31.966945566236972808837890625" lon="118.8169326446950435638427734375">
        <ele>9.3999996185302734375</ele>
        <time>2022-05-10T12:11:12.000Z</time>
        <extensions>
          <ns3:TrackPointExtension/>
        </extensions>
      </trkpt>
      <trkpt lat="31.966945566236972808837890625" lon="118.8169326446950435638427734375">
        <ele>9.3999996185302734375</ele>
        <time>2022-05-10T12:11:13.000Z</time>
        <extensions>
          <ns3:TrackPointExtension/>
        </extensions>
      </trkpt>
      <trkpt lat="31.966945566236972808837890625" lon="118.81694027222692966461181640625">
        <ele>9.3999996185302734375</ele>
        <time>2022-05-10T12:11:14.000Z</time>
        <extensions>
          <ns3:TrackPointExtension/>
        </extensions>
      </trkpt>
      <trkpt lat="31.966945566236972808837890625" lon="118.81694027222692966461181640625">
        <ele>9.3999996185302734375</ele>
        <time>2022-05-10T12:11:15.000Z</time>
        <extensions>
          <ns3:TrackPointExtension>
            <ns3:hr>83</ns3:hr>
          </ns3:TrackPointExtension>
        </extensions>
      </trkpt>
      <trkpt lat="31.9669437222182750701904296875" lon="118.81694027222692966461181640625">
        <ele>9.3999996185302734375</ele>
        <time>2022-05-10T12:11:16.000Z</time>
        <extensions>
          <ns3:TrackPointExtension/>
        </extensions>
      </trkpt>
      <trkpt lat="31.9669437222182750701904296875" lon="118.81694027222692966461181640625">
        <ele>9.3999996185302734375</ele>
        <time>2022-05-10T12:11:17.000Z</time>
        <extensions>
          <ns3:TrackPointExtension/>
        </extensions>
      </trkpt>
      <trkpt lat="31.9669437222182750701904296875" lon="118.816947899758815765380859375">
        <ele>9.3999996185302734375</ele>
        <time>2022-05-10T12:11:18.000Z</time>
        <extensions>
          <ns3:TrackPointExtension/>
        </extensions>
      </trkpt>
      <trkpt lat="31.9669437222182750701904296875" lon="118.816947899758815765380859375">
        <ele>9.3999996185302734375</ele>
        <time>2022-05-10T12:11:19.000Z</time>
        <extensions>
          <ns3:TrackPointExtension/>
        </extensions>
      </trkpt>
      <trkpt lat="31.9669437222182750701904296875" lon="118.816947899758815765380859375">
        <ele>9.3999996185302734375</ele>
        <time>2022-05-10T12:11:20.000Z</time>
        <extensions>
          <ns3:TrackPointExtension>
            <ns3:hr>86</ns3:hr>
          </ns3:TrackPointExtension>
        </extensions>
      </trkpt>
      <trkpt lat="31.9669437222182750701904296875" lon="118.816947899758815765380859375">
        <ele>9.3999996185302734375</ele>
        <time>2022-05-10T12:11:21.000Z</time>
        <extensions>
          <ns3:TrackPointExtension/>
        </extensions>
      </trkpt>
      <trkpt lat="31.9669437222182750701904296875" lon="118.81695552729070186614990234375">
        <ele>9.3999996185302734375</ele>
        <time>2022-05-10T12:11:22.000Z</time>
        <extensions>
          <ns3:TrackPointExtension/>
        </extensions>
      </trkpt>
      <trkpt lat="31.9669437222182750701904296875" lon="118.81695552729070186614990234375">
        <ele>9.3999996185302734375</ele>
        <time>2022-05-10T12:11:23.000Z</time>
        <extensions>
          <ns3:TrackPointExtension/>
        </extensions>
      </trkpt>
      <trkpt lat="31.9669437222182750701904296875" lon="118.81695552729070186614990234375">
        <ele>9.3999996185302734375</ele>
        <time>2022-05-10T12:11:24.000Z</time>
        <extensions>
          <ns3:TrackPointExtension/>
        </extensions>
      </trkpt>
      <trkpt lat="31.9669437222182750701904296875" lon="118.81695552729070186614990234375">
        <ele>9.3999996185302734375</ele>
        <time>2022-05-10T12:11:25.000Z</time>
        <extensions>
          <ns3:TrackPointExtension>
            <ns3:hr>84</ns3:hr>
          </ns3:TrackPointExtension>
        </extensions>
      </trkpt>
      <trkpt lat="31.9669437222182750701904296875" lon="118.81695552729070186614990234375">
        <ele>9.3999996185302734375</ele>
        <time>2022-05-10T12:11:26.000Z</time>
        <extensions>
          <ns3:TrackPointExtension/>
        </extensions>
      </trkpt>
      <trkpt lat="31.9669437222182750701904296875" lon="118.81695552729070186614990234375">
        <ele>9.3999996185302734375</ele>
        <time>2022-05-10T12:11:27.000Z</time>
        <extensions>
          <ns3:TrackPointExtension/>
        </extensions>
      </trkpt>
      <trkpt lat="31.9669437222182750701904296875" lon="118.8169631548225879669189453125">
        <ele>9.3999996185302734375</ele>
        <time>2022-05-10T12:11:28.000Z</time>
        <extensions>
          <ns3:TrackPointExtension/>
        </extensions>
      </trkpt>
      <trkpt lat="31.9669437222182750701904296875" lon="118.8169631548225879669189453125">
        <ele>9.3999996185302734375</ele>
        <time>2022-05-10T12:11:29.000Z</time>
        <extensions>
          <ns3:TrackPointExtension/>
        </extensions>
      </trkpt>
      <trkpt lat="31.96694179438054561614990234375" lon="118.8169631548225879669189453125">
        <ele>9.3999996185302734375</ele>
        <time>2022-05-10T12:11:30.000Z</time>
        <extensions>
          <ns3:TrackPointExtension>
            <ns3:hr>88</ns3:hr>
          </ns3:TrackPointExtension>
        </extensions>
      </trkpt>
      <trkpt lat="31.96694179438054561614990234375" lon="118.8169631548225879669189453125">
        <ele>9.3999996185302734375</ele>
        <time>2022-05-10T12:11:31.000Z</time>
        <extensions>
          <ns3:TrackPointExtension/>
        </extensions>
      </trkpt>
      <trkpt lat="31.96694179438054561614990234375" lon="118.8169631548225879669189453125">
        <ele>9.3999996185302734375</ele>
        <time>2022-05-10T12:11:32.000Z</time>
        <extensions>
          <ns3:TrackPointExtension/>
        </extensions>
      </trkpt>
      <trkpt lat="31.96694179438054561614990234375" lon="118.8169631548225879669189453125">
        <ele>9.3999996185302734375</ele>
        <time>2022-05-10T12:11:33.000Z</time>
        <extensions>
          <ns3:TrackPointExtension/>
        </extensions>
      </trkpt>
      <trkpt lat="31.96694179438054561614990234375" lon="118.8169631548225879669189453125">
        <ele>9.3999996185302734375</ele>
        <time>2022-05-10T12:11:34.000Z</time>
        <extensions>
          <ns3:TrackPointExtension/>
        </extensions>
      </trkpt>
      <trkpt lat="31.96694179438054561614990234375" lon="118.81697078235447406768798828125">
        <ele>9.3999996185302734375</ele>
        <time>2022-05-10T12:11:35.000Z</time>
        <extensions>
          <ns3:TrackPointExtension>
            <ns3:hr>89</ns3:hr>
          </ns3:TrackPointExtension>
        </extensions>
      </trkpt>
      <trkpt lat="31.96694179438054561614990234375" lon="118.81697078235447406768798828125">
        <ele>9.3999996185302734375</ele>
        <time>2022-05-10T12:11:36.000Z</time>
        <extensions>
          <ns3:TrackPointExtension/>
        </extensions>
      </trkpt>
      <trkpt lat="31.96694179438054561614990234375" lon="118.81697078235447406768798828125">
        <ele>9.3999996185302734375</ele>
        <time>2022-05-10T12:11:37.000Z</time>
        <extensions>
          <ns3:TrackPointExtension/>
        </extensions>
      </trkpt>
      <trkpt lat="31.96694179438054561614990234375" lon="118.81697840988636016845703125">
        <ele>9.3999996185302734375</ele>
        <time>2022-05-10T12:11:38.000Z</time>
        <extensions>
          <ns3:TrackPointExtension/>
        </extensions>
      </trkpt>
      <trkpt lat="31.96694179438054561614990234375" lon="118.81697840988636016845703125">
        <ele>9.3999996185302734375</ele>
        <time>2022-05-10T12:11:39.000Z</time>
        <extensions>
          <ns3:TrackPointExtension/>
        </extensions>
      </trkpt>
      <trkpt lat="31.96694179438054561614990234375" lon="118.81697840988636016845703125">
        <ele>9.3999996185302734375</ele>
        <time>2022-05-10T12:11:40.000Z</time>
        <extensions>
          <ns3:TrackPointExtension>
            <ns3:hr>94</ns3:hr>
          </ns3:TrackPointExtension>
        </extensions>
      </trkpt>
      <trkpt lat="31.966939866542816162109375" lon="118.81697840988636016845703125">
        <ele>9.3999996185302734375</ele>
        <time>2022-05-10T12:11:41.000Z</time>
        <extensions>
          <ns3:TrackPointExtension/>
        </extensions>
      </trkpt>
      <trkpt lat="31.966939866542816162109375" lon="118.81698603741824626922607421875">
        <ele>9.3999996185302734375</ele>
        <time>2022-05-10T12:11:42.000Z</time>
        <extensions>
          <ns3:TrackPointExtension/>
        </extensions>
      </trkpt>
      <trkpt lat="31.966939866542816162109375" lon="118.81698603741824626922607421875">
        <ele>9.3999996185302734375</ele>
        <time>2022-05-10T12:11:43.000Z</time>
        <extensions>
          <ns3:TrackPointExtension/>
        </extensions>
      </trkpt>
      <trkpt lat="31.966939866542816162109375" lon="118.81698603741824626922607421875">
        <ele>9.3999996185302734375</ele>
        <time>2022-05-10T12:11:44.000Z</time>
        <extensions>
          <ns3:TrackPointExtension/>
        </extensions>
      </trkpt>
      <trkpt lat="31.966939866542816162109375" lon="118.81697840988636016845703125">
        <ele>9.3999996185302734375</ele>
        <time>2022-05-10T12:11:45.000Z</time>
        <extensions>
          <ns3:TrackPointExtension>
            <ns3:hr>93</ns3:hr>
          </ns3:TrackPointExtension>
        </extensions>
      </trkpt>
      <trkpt lat="31.966939866542816162109375" lon="118.81697840988636016845703125">
        <ele>9.3999996185302734375</ele>
        <time>2022-05-10T12:11:46.000Z</time>
        <extensions>
          <ns3:TrackPointExtension/>
        </extensions>
      </trkpt>
      <trkpt lat="31.96694179438054561614990234375" lon="118.81697840988636016845703125">
        <ele>9.3999996185302734375</ele>
        <time>2022-05-10T12:11:47.000Z</time>
        <extensions>
          <ns3:TrackPointExtension/>
        </extensions>
      </trkpt>
      <trkpt lat="31.96694179438054561614990234375" lon="118.81697840988636016845703125">
        <ele>9.3999996185302734375</ele>
        <time>2022-05-10T12:11:48.000Z</time>
        <extensions>
          <ns3:TrackPointExtension/>
        </extensions>
      </trkpt>
      <trkpt lat="31.96694179438054561614990234375" lon="118.81697840988636016845703125">
        <ele>9.3999996185302734375</ele>
        <time>2022-05-10T12:11:49.000Z</time>
        <extensions>
          <ns3:TrackPointExtension/>
        </extensions>
      </trkpt>
      <trkpt lat="31.96694179438054561614990234375" lon="118.81697840988636016845703125">
        <ele>9.3999996185302734375</ele>
        <time>2022-05-10T12:11:50.000Z</time>
        <extensions>
          <ns3:TrackPointExtension>
            <ns3:hr>96</ns3:hr>
          </ns3:TrackPointExtension>
        </extensions>
      </trkpt>
      <trkpt lat="31.96694179438054561614990234375" lon="118.81697840988636016845703125">
        <ele>9.3999996185302734375</ele>
        <time>2022-05-10T12:11:51.000Z</time>
        <extensions>
          <ns3:TrackPointExtension/>
        </extensions>
      </trkpt>
      <trkpt lat="31.96694179438054561614990234375" lon="118.81697840988636016845703125">
        <ele>9.3999996185302734375</ele>
        <time>2022-05-10T12:11:52.000Z</time>
        <extensions>
          <ns3:TrackPointExtension/>
        </extensions>
      </trkpt>
      <trkpt lat="31.96694179438054561614990234375" lon="118.81697840988636016845703125">
        <ele>9.3999996185302734375</ele>
        <time>2022-05-10T12:11:53.000Z</time>
        <extensions>
          <ns3:TrackPointExtension/>
        </extensions>
      </trkpt>
      <trkpt lat="31.96694179438054561614990234375" lon="118.81697840988636016845703125">
        <ele>9.3999996185302734375</ele>
        <time>2022-05-10T12:11:54.000Z</time>
        <extensions>
          <ns3:TrackPointExtension/>
        </extensions>
      </trkpt>
      <trkpt lat="31.96694179438054561614990234375" lon="118.81697840988636016845703125">
        <ele>9.3999996185302734375</ele>
        <time>2022-05-10T12:11:55.000Z</time>
        <extensions>
          <ns3:TrackPointExtension>
            <ns3:hr>95</ns3:hr>
          </ns3:TrackPointExtension>
        </extensions>
      </trkpt>
      <trkpt lat="31.96694179438054561614990234375" lon="118.81697840988636016845703125">
        <ele>9.3999996185302734375</ele>
        <time>2022-05-10T12:11:56.000Z</time>
        <extensions>
          <ns3:TrackPointExtension/>
        </extensions>
      </trkpt>
      <trkpt lat="31.96694179438054561614990234375" lon="118.81697840988636016845703125">
        <ele>9.3999996185302734375</ele>
        <time>2022-05-10T12:11:57.000Z</time>
        <extensions>
          <ns3:TrackPointExtension/>
        </extensions>
      </trkpt>
      <trkpt lat="31.96694179438054561614990234375" lon="118.81697078235447406768798828125">
        <ele>9.3999996185302734375</ele>
        <time>2022-05-10T12:11:58.000Z</time>
        <extensions>
          <ns3:TrackPointExtension/>
        </extensions>
      </trkpt>
      <trkpt lat="31.96694179438054561614990234375" lon="118.81697078235447406768798828125">
        <ele>9.3999996185302734375</ele>
        <time>2022-05-10T12:11:59.000Z</time>
        <extensions>
          <ns3:TrackPointExtension/>
        </extensions>
      </trkpt>
      <trkpt lat="31.96694179438054561614990234375" lon="118.81697078235447406768798828125">
        <ele>9.3999996185302734375</ele>
        <time>2022-05-10T12:12:00.000Z</time>
        <extensions>
          <ns3:TrackPointExtension>
            <ns3:hr>95</ns3:hr>
          </ns3:TrackPointExtension>
        </extensions>
      </trkpt>
      <trkpt lat="31.96694179438054561614990234375" lon="118.81697078235447406768798828125">
        <ele>9.3999996185302734375</ele>
        <time>2022-05-10T12:12:01.000Z</time>
        <extensions>
          <ns3:TrackPointExtension/>
        </extensions>
      </trkpt>
      <trkpt lat="31.96694179438054561614990234375" lon="118.81697078235447406768798828125">
        <ele>9.3999996185302734375</ele>
        <time>2022-05-10T12:12:02.000Z</time>
        <extensions>
          <ns3:TrackPointExtension/>
        </extensions>
      </trkpt>
      <trkpt lat="31.96694179438054561614990234375" lon="118.81697078235447406768798828125">
        <ele>9.3999996185302734375</ele>
        <time>2022-05-10T12:12:03.000Z</time>
        <extensions>
          <ns3:TrackPointExtension/>
        </extensions>
      </trkpt>
      <trkpt lat="31.96694179438054561614990234375" lon="118.81697078235447406768798828125">
        <ele>9.3999996185302734375</ele>
        <time>2022-05-10T12:12:04.000Z</time>
        <extensions>
          <ns3:TrackPointExtension/>
        </extensions>
      </trkpt>
      <trkpt lat="31.96694179438054561614990234375" lon="118.81697078235447406768798828125">
        <ele>9.3999996185302734375</ele>
        <time>2022-05-10T12:12:05.000Z</time>
        <extensions>
          <ns3:TrackPointExtension>
            <ns3:hr>95</ns3:hr>
          </ns3:TrackPointExtension>
        </extensions>
      </trkpt>
      <trkpt lat="31.96694179438054561614990234375" lon="118.81697078235447406768798828125">
        <ele>9.3999996185302734375</ele>
        <time>2022-05-10T12:12:06.000Z</time>
        <extensions>
          <ns3:TrackPointExtension/>
        </extensions>
      </trkpt>
      <trkpt lat="31.96694179438054561614990234375" lon="118.81697078235447406768798828125">
        <ele>9.3999996185302734375</ele>
        <time>2022-05-10T12:12:07.000Z</time>
        <extensions>
          <ns3:TrackPointExtension/>
        </extensions>
      </trkpt>
      <trkpt lat="31.96694179438054561614990234375" lon="118.81697078235447406768798828125">
        <ele>9.3999996185302734375</ele>
        <time>2022-05-10T12:12:08.000Z</time>
        <extensions>
          <ns3:TrackPointExtension/>
        </extensions>
      </trkpt>
      <trkpt lat="31.96694179438054561614990234375" lon="118.81697078235447406768798828125">
        <ele>9.3999996185302734375</ele>
        <time>2022-05-10T12:12:09.000Z</time>
        <extensions>
          <ns3:TrackPointExtension/>
        </extensions>
      </trkpt>
      <trkpt lat="31.96694179438054561614990234375" lon="118.81697078235447406768798828125">
        <ele>9.3999996185302734375</ele>
        <time>2022-05-10T12:12:10.000Z</time>
        <extensions>
          <ns3:TrackPointExtension>
            <ns3:hr>92</ns3:hr>
          </ns3:TrackPointExtension>
        </extensions>
      </trkpt>
      <trkpt lat="31.96694179438054561614990234375" lon="118.81697078235447406768798828125">
        <ele>9.3999996185302734375</ele>
        <time>2022-05-10T12:12:11.000Z</time>
        <extensions>
          <ns3:TrackPointExtension/>
        </extensions>
      </trkpt>
      <trkpt lat="31.96694179438054561614990234375" lon="118.81697078235447406768798828125">
        <ele>9.3999996185302734375</ele>
        <time>2022-05-10T12:12:12.000Z</time>
        <extensions>
          <ns3:TrackPointExtension/>
        </extensions>
      </trkpt>
      <trkpt lat="31.96694179438054561614990234375" lon="118.81697078235447406768798828125">
        <ele>9.3999996185302734375</ele>
        <time>2022-05-10T12:12:13.000Z</time>
        <extensions>
          <ns3:TrackPointExtension/>
        </extensions>
      </trkpt>
      <trkpt lat="31.96694179438054561614990234375" lon="118.81697078235447406768798828125">
        <ele>9.3999996185302734375</ele>
        <time>2022-05-10T12:12:14.000Z</time>
        <extensions>
          <ns3:TrackPointExtension/>
        </extensions>
      </trkpt>
      <trkpt lat="31.96694179438054561614990234375" lon="118.81697840988636016845703125">
        <ele>9.3999996185302734375</ele>
        <time>2022-05-10T12:12:15.000Z</time>
        <extensions>
          <ns3:TrackPointExtension>
            <ns3:hr>92</ns3:hr>
          </ns3:TrackPointExtension>
        </extensions>
      </trkpt>
      <trkpt lat="31.96694179438054561614990234375" lon="118.81697840988636016845703125">
        <ele>9.3999996185302734375</ele>
        <time>2022-05-10T12:12:16.000Z</time>
        <extensions>
          <ns3:TrackPointExtension/>
        </extensions>
      </trkpt>
      <trkpt lat="31.966939866542816162109375" lon="118.81698603741824626922607421875">
        <ele>9.3999996185302734375</ele>
        <time>2022-05-10T12:12:17.000Z</time>
        <extensions>
          <ns3:TrackPointExtension/>
        </extensions>
      </trkpt>
      <trkpt lat="31.96693793870508670806884765625" lon="118.81700129248201847076416015625">
        <ele>9.3999996185302734375</ele>
        <time>2022-05-10T12:12:18.000Z</time>
        <extensions>
          <ns3:TrackPointExtension/>
        </extensions>
      </trkpt>
      <trkpt lat="31.96693609468638896942138671875" lon="118.81703180260956287384033203125">
        <ele>9.3999996185302734375</ele>
        <time>2022-05-10T12:12:19.000Z</time>
        <extensions>
          <ns3:TrackPointExtension/>
        </extensions>
      </trkpt>
      <trkpt lat="31.96693223901093006134033203125" lon="118.81706231273710727691650390625">
        <ele>9.6000003814697265625</ele>
        <time>2022-05-10T12:12:20.000Z</time>
        <extensions>
          <ns3:TrackPointExtension>
            <ns3:hr>90</ns3:hr>
          </ns3:TrackPointExtension>
        </extensions>
      </trkpt>
      <trkpt lat="31.96692653931677341461181640625" lon="118.81710807792842388153076171875">
        <ele>9.80000019073486328125</ele>
        <time>2022-05-10T12:12:21.000Z</time>
        <extensions>
          <ns3:TrackPointExtension/>
        </extensions>
      </trkpt>
      <trkpt lat="31.96692083962261676788330078125" lon="118.817169182002544403076171875">
        <ele>10</ele>
        <time>2022-05-10T12:12:22.000Z</time>
        <extensions>
          <ns3:TrackPointExtension/>
        </extensions>
      </trkpt>
      <trkpt lat="31.9669132120907306671142578125" lon="118.81723782978951930999755859375">
        <ele>9.6000003814697265625</ele>
        <time>2022-05-10T12:12:23.000Z</time>
        <extensions>
          <ns3:TrackPointExtension/>
        </extensions>
      </trkpt>
      <trkpt lat="31.9669036567211151123046875" lon="118.81732173264026641845703125">
        <ele>9.3999996185302734375</ele>
        <time>2022-05-10T12:12:24.000Z</time>
        <extensions>
          <ns3:TrackPointExtension/>
        </extensions>
      </trkpt>
      <trkpt lat="31.9668941013514995574951171875" lon="118.81742089055478572845458984375">
        <ele>9.3999996185302734375</ele>
        <time>2022-05-10T12:12:25.000Z</time>
        <extensions>
          <ns3:TrackPointExtension>
            <ns3:hr>91</ns3:hr>
          </ns3:TrackPointExtension>
        </extensions>
      </trkpt>
      <trkpt lat="31.96688077412545680999755859375" lon="118.81753538735210895538330078125">
        <ele>8.80000019073486328125</ele>
        <time>2022-05-10T12:12:26.000Z</time>
        <extensions>
          <ns3:TrackPointExtension/>
        </extensions>
      </trkpt>
      <trkpt lat="31.9668692909181118011474609375" lon="118.81765742786228656768798828125">
        <ele>8.6000003814697265625</ele>
        <time>2022-05-10T12:12:27.000Z</time>
        <extensions>
          <ns3:TrackPointExtension/>
        </extensions>
      </trkpt>
      <trkpt lat="31.96685596369206905364990234375" lon="118.81779472343623638153076171875">
        <ele>8.3999996185302734375</ele>
        <time>2022-05-10T12:12:28.000Z</time>
        <extensions>
          <ns3:TrackPointExtension/>
        </extensions>
      </trkpt>
      <trkpt lat="31.96684070862829685211181640625" lon="118.8179321028292179107666015625">
        <ele>8</ele>
        <time>2022-05-10T12:12:29.000Z</time>
        <extensions>
          <ns3:TrackPointExtension/>
        </extensions>
      </trkpt>
      <trkpt lat="31.96682545356452465057373046875" lon="118.8180846534669399261474609375">
        <ele>7.400000095367431640625</ele>
        <time>2022-05-10T12:12:30.000Z</time>
        <extensions>
          <ns3:TrackPointExtension>
            <ns3:hr>89</ns3:hr>
          </ns3:TrackPointExtension>
        </extensions>
      </trkpt>
      <trkpt lat="31.9668082706630229949951171875" lon="118.81823728792369365692138671875">
        <ele>6.80000019073486328125</ele>
        <time>2022-05-10T12:12:31.000Z</time>
        <extensions>
          <ns3:TrackPointExtension/>
        </extensions>
      </trkpt>
      <trkpt lat="31.96679301559925079345703125" lon="118.8183974660933017730712890625">
        <ele>6.19999980926513671875</ele>
        <time>2022-05-10T12:12:32.000Z</time>
        <extensions>
          <ns3:TrackPointExtension/>
        </extensions>
      </trkpt>
      <trkpt lat="31.96677583269774913787841796875" lon="118.8185577280819416046142578125">
        <ele>6</ele>
        <time>2022-05-10T12:12:33.000Z</time>
        <extensions>
          <ns3:TrackPointExtension/>
        </extensions>
      </trkpt>
      <trkpt lat="31.96676057763397693634033203125" lon="118.818725533783435821533203125">
        <ele>6</ele>
        <time>2022-05-10T12:12:34.000Z</time>
        <extensions>
          <ns3:TrackPointExtension/>
        </extensions>
      </trkpt>
      <trkpt lat="31.96674339473247528076171875" lon="118.81889342330396175384521484375">
        <ele>6</ele>
        <time>2022-05-10T12:12:35.000Z</time>
        <extensions>
          <ns3:TrackPointExtension>
            <ns3:hr>85</ns3:hr>
          </ns3:TrackPointExtension>
        </extensions>
      </trkpt>
      <trkpt lat="31.966726295650005340576171875" lon="118.81906122900545597076416015625">
        <ele>6.400000095367431640625</ele>
        <time>2022-05-10T12:12:36.000Z</time>
        <extensions>
          <ns3:TrackPointExtension/>
        </extensions>
      </trkpt>
      <trkpt lat="31.96670718491077423095703125" lon="118.819229118525981903076171875">
        <ele>7</ele>
        <time>2022-05-10T12:12:37.000Z</time>
        <extensions>
          <ns3:TrackPointExtension/>
        </extensions>
      </trkpt>
      <trkpt lat="31.966688074171543121337890625" lon="118.8193969242274761199951171875">
        <ele>7</ele>
        <time>2022-05-10T12:12:38.000Z</time>
        <extensions>
          <ns3:TrackPointExtension/>
        </extensions>
      </trkpt>
      <trkpt lat="31.96666904725134372711181640625" lon="118.81956481374800205230712890625">
        <ele>7</ele>
        <time>2022-05-10T12:12:39.000Z</time>
        <extensions>
          <ns3:TrackPointExtension/>
        </extensions>
      </trkpt>
      <trkpt lat="31.96664993651211261749267578125" lon="118.81973261944949626922607421875">
        <ele>7</ele>
        <time>2022-05-10T12:12:40.000Z</time>
        <extensions>
          <ns3:TrackPointExtension>
            <ns3:hr>89</ns3:hr>
          </ns3:TrackPointExtension>
        </extensions>
      </trkpt>
      <trkpt lat="31.96662898175418376922607421875" lon="118.8199005089700222015380859375">
        <ele>7</ele>
        <time>2022-05-10T12:12:41.000Z</time>
        <extensions>
          <ns3:TrackPointExtension/>
        </extensions>
      </trkpt>
      <trkpt lat="31.966609954833984375" lon="118.82006831467151641845703125">
        <ele>6.400000095367431640625</ele>
        <time>2022-05-10T12:12:42.000Z</time>
        <extensions>
          <ns3:TrackPointExtension/>
        </extensions>
      </trkpt>
      <trkpt lat="31.966590844094753265380859375" lon="118.82022857666015625">
        <ele>6.19999980926513671875</ele>
        <time>2022-05-10T12:12:43.000Z</time>
        <extensions>
          <ns3:TrackPointExtension/>
        </extensions>
      </trkpt>
      <trkpt lat="31.9665698893368244171142578125" lon="118.82038875482976436614990234375">
        <ele>6.19999980926513671875</ele>
        <time>2022-05-10T12:12:44.000Z</time>
        <extensions>
          <ns3:TrackPointExtension/>
        </extensions>
      </trkpt>
      <trkpt lat="31.96654885075986385345458984375" lon="118.8205489329993724822998046875">
        <ele>6.19999980926513671875</ele>
        <time>2022-05-10T12:12:45.000Z</time>
        <extensions>
          <ns3:TrackPointExtension>
            <ns3:hr>90</ns3:hr>
          </ns3:TrackPointExtension>
        </extensions>
      </trkpt>
      <trkpt lat="31.96652789600193500518798828125" lon="118.8207091949880123138427734375">
        <ele>6.19999980926513671875</ele>
        <time>2022-05-10T12:12:46.000Z</time>
        <extensions>
          <ns3:TrackPointExtension/>
        </extensions>
      </trkpt>
      <trkpt lat="31.96650694124400615692138671875" lon="118.82086937315762042999267578125">
        <ele>6.80000019073486328125</ele>
        <time>2022-05-10T12:12:47.000Z</time>
        <extensions>
          <ns3:TrackPointExtension/>
        </extensions>
      </trkpt>
      <trkpt lat="31.96648783050477504730224609375" lon="118.82102963514626026153564453125">
        <ele>6.599999904632568359375</ele>
        <time>2022-05-10T12:12:48.000Z</time>
        <extensions>
          <ns3:TrackPointExtension/>
        </extensions>
      </trkpt>
      <trkpt lat="31.966468803584575653076171875" lon="118.821189813315868377685546875">
        <ele>6.19999980926513671875</ele>
        <time>2022-05-10T12:12:49.000Z</time>
        <extensions>
          <ns3:TrackPointExtension/>
        </extensions>
      </trkpt>
      <trkpt lat="31.96644776500761508941650390625" lon="118.821350075304508209228515625">
        <ele>5.19999980926513671875</ele>
        <time>2022-05-10T12:12:50.000Z</time>
        <extensions>
          <ns3:TrackPointExtension>
            <ns3:hr>95</ns3:hr>
          </ns3:TrackPointExtension>
        </extensions>
      </trkpt>
      <trkpt lat="31.966430582106113433837890625" lon="118.82151025347411632537841796875">
        <ele>4.19999980926513671875</ele>
        <time>2022-05-10T12:12:51.000Z</time>
        <extensions>
          <ns3:TrackPointExtension/>
        </extensions>
      </trkpt>
      <trkpt lat="31.96641155518591403961181640625" lon="118.82167051546275615692138671875">
        <ele>3.599999904632568359375</ele>
        <time>2022-05-10T12:12:52.000Z</time>
        <extensions>
          <ns3:TrackPointExtension/>
        </extensions>
      </trkpt>
      <trkpt lat="31.966394372284412384033203125" lon="118.82182306610047817230224609375">
        <ele>3.2000000476837158203125</ele>
        <time>2022-05-10T12:12:53.000Z</time>
        <extensions>
          <ns3:TrackPointExtension/>
        </extensions>
      </trkpt>
      <trkpt lat="31.96637534536421298980712890625" lon="118.82198332808911800384521484375">
        <ele>4.19999980926513671875</ele>
        <time>2022-05-10T12:12:54.000Z</time>
        <extensions>
          <ns3:TrackPointExtension/>
        </extensions>
      </trkpt>
      <trkpt lat="31.96635623462498188018798828125" lon="118.82213587872684001922607421875">
        <ele>5.400000095367431640625</ele>
        <time>2022-05-10T12:12:55.000Z</time>
        <extensions>
          <ns3:TrackPointExtension>
            <ns3:hr>100</ns3:hr>
          </ns3:TrackPointExtension>
        </extensions>
      </trkpt>
      <trkpt lat="31.966339051723480224609375" lon="118.822280801832675933837890625">
        <ele>6.400000095367431640625</ele>
        <time>2022-05-10T12:12:56.000Z</time>
        <extensions>
          <ns3:TrackPointExtension/>
        </extensions>
      </trkpt>
      <trkpt lat="31.96632002480328083038330078125" lon="118.8224258087575435638427734375">
        <ele>7.400000095367431640625</ele>
        <time>2022-05-10T12:12:57.000Z</time>
        <extensions>
          <ns3:TrackPointExtension/>
        </extensions>
      </trkpt>
      <trkpt lat="31.9662989862263202667236328125" lon="118.82257073186337947845458984375">
        <ele>8</ele>
        <time>2022-05-10T12:12:58.000Z</time>
        <extensions>
          <ns3:TrackPointExtension/>
        </extensions>
      </trkpt>
      <trkpt lat="31.96627803146839141845703125" lon="118.82271573878824710845947265625">
        <ele>8.6000003814697265625</ele>
        <time>2022-05-10T12:12:59.000Z</time>
        <extensions>
          <ns3:TrackPointExtension/>
        </extensions>
      </trkpt>
      <trkpt lat="31.966258920729160308837890625" lon="118.82285303436219692230224609375">
        <ele>9</ele>
        <time>2022-05-10T12:13:00.000Z</time>
        <extensions>
          <ns3:TrackPointExtension>
            <ns3:hr>101</ns3:hr>
          </ns3:TrackPointExtension>
        </extensions>
      </trkpt>
      <trkpt lat="31.9662379659712314605712890625" lon="118.82299804128706455230712890625">
        <ele>8.6000003814697265625</ele>
        <time>2022-05-10T12:13:01.000Z</time>
        <extensions>
          <ns3:TrackPointExtension/>
        </extensions>
      </trkpt>
      <trkpt lat="31.9662170112133026123046875" lon="118.823127709329128265380859375">
        <ele>8</ele>
        <time>2022-05-10T12:13:02.000Z</time>
        <extensions>
          <ns3:TrackPointExtension/>
        </extensions>
      </trkpt>
      <trkpt lat="31.9661960564553737640380859375" lon="118.8232650049030780792236328125">
        <ele>7.400000095367431640625</ele>
        <time>2022-05-10T12:13:03.000Z</time>
        <extensions>
          <ns3:TrackPointExtension/>
        </extensions>
      </trkpt>
      <trkpt lat="31.9661769457161426544189453125" lon="118.8233947567641735076904296875">
        <ele>6.80000019073486328125</ele>
        <time>2022-05-10T12:13:04.000Z</time>
        <extensions>
          <ns3:TrackPointExtension/>
        </extensions>
      </trkpt>
      <trkpt lat="31.9661578349769115447998046875" lon="118.8235167972743511199951171875">
        <ele>7</ele>
        <time>2022-05-10T12:13:05.000Z</time>
        <extensions>
          <ns3:TrackPointExtension>
            <ns3:hr>101</ns3:hr>
          </ns3:TrackPointExtension>
        </extensions>
      </trkpt>
      <trkpt lat="31.9661407358944416046142578125" lon="118.8236388377845287322998046875">
        <ele>7.400000095367431640625</ele>
        <time>2022-05-10T12:13:06.000Z</time>
        <extensions>
          <ns3:TrackPointExtension/>
        </extensions>
      </trkpt>
      <trkpt lat="31.966125480830669403076171875" lon="118.82374570704996585845947265625">
        <ele>8</ele>
        <time>2022-05-10T12:13:07.000Z</time>
        <extensions>
          <ns3:TrackPointExtension/>
        </extensions>
      </trkpt>
      <trkpt lat="31.96611399762332439422607421875" lon="118.82384486496448516845703125">
        <ele>8.6000003814697265625</ele>
        <time>2022-05-10T12:13:08.000Z</time>
        <extensions>
          <ns3:TrackPointExtension/>
        </extensions>
      </trkpt>
      <trkpt lat="31.96610829792916774749755859375" lon="118.82392876781523227691650390625">
        <ele>8.80000019073486328125</ele>
        <time>2022-05-10T12:13:09.000Z</time>
        <extensions>
          <ns3:TrackPointExtension/>
        </extensions>
      </trkpt>
      <trkpt lat="31.96610637009143829345703125" lon="118.824005126953125">
        <ele>9</ele>
        <time>2022-05-10T12:13:10.000Z</time>
        <extensions>
          <ns3:TrackPointExtension>
            <ns3:hr>102</ns3:hr>
          </ns3:TrackPointExtension>
        </extensions>
      </trkpt>
      <trkpt lat="31.96610637009143829345703125" lon="118.8240814022719860076904296875">
        <ele>8.6000003814697265625</ele>
        <time>2022-05-10T12:13:11.000Z</time>
        <extensions>
          <ns3:TrackPointExtension/>
        </extensions>
      </trkpt>
      <trkpt lat="31.96611399762332439422607421875" lon="118.82415005005896091461181640625">
        <ele>8.6000003814697265625</ele>
        <time>2022-05-10T12:13:12.000Z</time>
        <extensions>
          <ns3:TrackPointExtension/>
        </extensions>
      </trkpt>
      <trkpt lat="31.96612925268709659576416015625" lon="118.82419581525027751922607421875">
        <ele>8.6000003814697265625</ele>
        <time>2022-05-10T12:13:13.000Z</time>
        <extensions>
          <ns3:TrackPointExtension/>
        </extensions>
      </trkpt>
      <trkpt lat="31.96615020744502544403076171875" lon="118.82422632537782192230224609375">
        <ele>8.6000003814697265625</ele>
        <time>2022-05-10T12:13:14.000Z</time>
        <extensions>
          <ns3:TrackPointExtension/>
        </extensions>
      </trkpt>
      <trkpt lat="31.96617501787841320037841796875" lon="118.824249207973480224609375">
        <ele>8.80000019073486328125</ele>
        <time>2022-05-10T12:13:15.000Z</time>
        <extensions>
          <ns3:TrackPointExtension>
            <ns3:hr>107</ns3:hr>
          </ns3:TrackPointExtension>
        </extensions>
      </trkpt>
      <trkpt lat="31.96620368398725986480712890625" lon="118.82427209056913852691650390625">
        <ele>8.80000019073486328125</ele>
        <time>2022-05-10T12:13:16.000Z</time>
        <extensions>
          <ns3:TrackPointExtension/>
        </extensions>
      </trkpt>
      <trkpt lat="31.9662265665829181671142578125" lon="118.82431022822856903076171875">
        <ele>9</ele>
        <time>2022-05-10T12:13:17.000Z</time>
        <extensions>
          <ns3:TrackPointExtension/>
        </extensions>
      </trkpt>
      <trkpt lat="31.966253221035003662109375" lon="118.824340738356113433837890625">
        <ele>9</ele>
        <time>2022-05-10T12:13:18.000Z</time>
        <extensions>
          <ns3:TrackPointExtension/>
        </extensions>
      </trkpt>
      <trkpt lat="31.96627995930612087249755859375" lon="118.824378959834575653076171875">
        <ele>8.80000019073486328125</ele>
        <time>2022-05-10T12:13:19.000Z</time>
        <extensions>
          <ns3:TrackPointExtension/>
        </extensions>
      </trkpt>
      <trkpt lat="31.966308541595935821533203125" lon="118.82440946996212005615234375">
        <ele>8.80000019073486328125</ele>
        <time>2022-05-10T12:13:20.000Z</time>
        <extensions>
          <ns3:TrackPointExtension>
            <ns3:hr>110</ns3:hr>
          </ns3:TrackPointExtension>
        </extensions>
      </trkpt>
      <trkpt lat="31.96633527986705303192138671875" lon="118.824439980089664459228515625">
        <ele>8.6000003814697265625</ele>
        <time>2022-05-10T12:13:21.000Z</time>
        <extensions>
          <ns3:TrackPointExtension/>
        </extensions>
      </trkpt>
      <trkpt lat="31.96636386215686798095703125" lon="118.8244552351534366607666015625">
        <ele>8.6000003814697265625</ele>
        <time>2022-05-10T12:13:22.000Z</time>
        <extensions>
          <ns3:TrackPointExtension/>
        </extensions>
      </trkpt>
      <trkpt lat="31.9663886725902557373046875" lon="118.8244704902172088623046875">
        <ele>8.3999996185302734375</ele>
        <time>2022-05-10T12:13:23.000Z</time>
        <extensions>
          <ns3:TrackPointExtension/>
        </extensions>
      </trkpt>
      <trkpt lat="31.96640769951045513153076171875" lon="118.824501000344753265380859375">
        <ele>8.3999996185302734375</ele>
        <time>2022-05-10T12:13:24.000Z</time>
        <extensions>
          <ns3:TrackPointExtension/>
        </extensions>
      </trkpt>
      <trkpt lat="31.96642681024968624114990234375" lon="118.82452388294041156768798828125">
        <ele>8.3999996185302734375</ele>
        <time>2022-05-10T12:13:25.000Z</time>
        <extensions>
          <ns3:TrackPointExtension>
            <ns3:hr>111</ns3:hr>
          </ns3:TrackPointExtension>
        </extensions>
      </trkpt>
      <trkpt lat="31.96644592098891735076904296875" lon="118.82453913800418376922607421875">
        <ele>8.19999980926513671875</ele>
        <time>2022-05-10T12:13:26.000Z</time>
        <extensions>
          <ns3:TrackPointExtension/>
        </extensions>
      </trkpt>
      <trkpt lat="31.9664649479091167449951171875" lon="118.8245467655360698699951171875">
        <ele>8</ele>
        <time>2022-05-10T12:13:27.000Z</time>
        <extensions>
          <ns3:TrackPointExtension/>
        </extensions>
      </trkpt>
      <trkpt lat="31.96648590266704559326171875" lon="118.82453913800418376922607421875">
        <ele>8</ele>
        <time>2022-05-10T12:13:28.000Z</time>
        <extensions>
          <ns3:TrackPointExtension/>
        </extensions>
      </trkpt>
      <trkpt lat="31.96650878526270389556884765625" lon="118.82452388294041156768798828125">
        <ele>8</ele>
        <time>2022-05-10T12:13:29.000Z</time>
        <extensions>
          <ns3:TrackPointExtension/>
        </extensions>
      </trkpt>
      <trkpt lat="31.966529823839664459228515625" lon="118.82452388294041156768798828125">
        <ele>8</ele>
        <time>2022-05-10T12:13:30.000Z</time>
        <extensions>
          <ns3:TrackPointExtension>
            <ns3:hr>112</ns3:hr>
          </ns3:TrackPointExtension>
        </extensions>
      </trkpt>
      <trkpt lat="31.9665507785975933074951171875" lon="118.8245162554085254669189453125">
        <ele>8</ele>
        <time>2022-05-10T12:13:31.000Z</time>
        <extensions>
          <ns3:TrackPointExtension/>
        </extensions>
      </trkpt>
      <trkpt lat="31.9665698893368244171142578125" lon="118.824501000344753265380859375">
        <ele>8</ele>
        <time>2022-05-10T12:13:32.000Z</time>
        <extensions>
          <ns3:TrackPointExtension/>
        </extensions>
      </trkpt>
      <trkpt lat="31.96658891625702381134033203125" lon="118.82449337281286716461181640625">
        <ele>7.80000019073486328125</ele>
        <time>2022-05-10T12:13:33.000Z</time>
        <extensions>
          <ns3:TrackPointExtension/>
        </extensions>
      </trkpt>
      <trkpt lat="31.96660417132079601287841796875" lon="118.82447811774909496307373046875">
        <ele>7.80000019073486328125</ele>
        <time>2022-05-10T12:13:34.000Z</time>
        <extensions>
          <ns3:TrackPointExtension/>
        </extensions>
      </trkpt>
      <trkpt lat="31.96661942638456821441650390625" lon="118.8244704902172088623046875">
        <ele>7.80000019073486328125</ele>
        <time>2022-05-10T12:13:35.000Z</time>
        <extensions>
          <ns3:TrackPointExtension>
            <ns3:hr>108</ns3:hr>
          </ns3:TrackPointExtension>
        </extensions>
      </trkpt>
      <trkpt lat="31.96663468144834041595458984375" lon="118.82446286268532276153564453125">
        <ele>7.80000019073486328125</ele>
        <time>2022-05-10T12:13:36.000Z</time>
        <extensions>
          <ns3:TrackPointExtension/>
        </extensions>
      </trkpt>
      <trkpt lat="31.96664809249341487884521484375" lon="118.82446286268532276153564453125">
        <ele>7.80000019073486328125</ele>
        <time>2022-05-10T12:13:37.000Z</time>
        <extensions>
          <ns3:TrackPointExtension/>
        </extensions>
      </trkpt>
      <trkpt lat="31.96665949188172817230224609375" lon="118.8244704902172088623046875">
        <ele>7.80000019073486328125</ele>
        <time>2022-05-10T12:13:38.000Z</time>
        <extensions>
          <ns3:TrackPointExtension/>
        </extensions>
      </trkpt>
      <trkpt lat="31.96667097508907318115234375" lon="118.8244704902172088623046875">
        <ele>7.599999904632568359375</ele>
        <time>2022-05-10T12:13:39.000Z</time>
        <extensions>
          <ns3:TrackPointExtension/>
        </extensions>
      </trkpt>
      <trkpt lat="31.966682374477386474609375" lon="118.82447811774909496307373046875">
        <ele>7.599999904632568359375</ele>
        <time>2022-05-10T12:13:40.000Z</time>
        <extensions>
          <ns3:TrackPointExtension>
            <ns3:hr>105</ns3:hr>
          </ns3:TrackPointExtension>
        </extensions>
      </trkpt>
      <trkpt lat="31.96669385768473148345947265625" lon="118.82446286268532276153564453125">
        <ele>7.599999904632568359375</ele>
        <time>2022-05-10T12:13:41.000Z</time>
        <extensions>
          <ns3:TrackPointExtension/>
        </extensions>
      </trkpt>
      <trkpt lat="31.96670525707304477691650390625" lon="118.82444760762155055999755859375">
        <ele>7.599999904632568359375</ele>
        <time>2022-05-10T12:13:42.000Z</time>
        <extensions>
          <ns3:TrackPointExtension/>
        </extensions>
      </trkpt>
      <trkpt lat="31.9667167402803897857666015625" lon="118.8244247250258922576904296875">
        <ele>7.599999904632568359375</ele>
        <time>2022-05-10T12:13:43.000Z</time>
        <extensions>
          <ns3:TrackPointExtension/>
        </extensions>
      </trkpt>
      <trkpt lat="31.9667281396687030792236328125" lon="118.82440184243023395538330078125">
        <ele>7.80000019073486328125</ele>
        <time>2022-05-10T12:13:44.000Z</time>
        <extensions>
          <ns3:TrackPointExtension/>
        </extensions>
      </trkpt>
      <trkpt lat="31.96673962287604808807373046875" lon="118.8243637047708034515380859375">
        <ele>7.80000019073486328125</ele>
        <time>2022-05-10T12:13:45.000Z</time>
        <extensions>
          <ns3:TrackPointExtension>
            <ns3:hr>108</ns3:hr>
          </ns3:TrackPointExtension>
        </extensions>
      </trkpt>
      <trkpt lat="31.96675102226436138153076171875" lon="118.8243254832923412322998046875">
        <ele>8</ele>
        <time>2022-05-10T12:13:46.000Z</time>
        <extensions>
          <ns3:TrackPointExtension/>
        </extensions>
      </trkpt>
      <trkpt lat="31.966762505471706390380859375" lon="118.82427209056913852691650390625">
        <ele>8</ele>
        <time>2022-05-10T12:13:47.000Z</time>
        <extensions>
          <ns3:TrackPointExtension/>
        </extensions>
      </trkpt>
      <trkpt lat="31.966773904860019683837890625" lon="118.824218697845935821533203125">
        <ele>8</ele>
        <time>2022-05-10T12:13:48.000Z</time>
        <extensions>
          <ns3:TrackPointExtension/>
        </extensions>
      </trkpt>
      <trkpt lat="31.966787315905094146728515625" lon="118.82415005005896091461181640625">
        <ele>8</ele>
        <time>2022-05-10T12:13:49.000Z</time>
        <extensions>
          <ns3:TrackPointExtension/>
        </extensions>
      </trkpt>
      <trkpt lat="31.96680449880659580230712890625" lon="118.82408902980387210845947265625">
        <ele>8</ele>
        <time>2022-05-10T12:13:50.000Z</time>
        <extensions>
          <ns3:TrackPointExtension>
            <ns3:hr>107</ns3:hr>
          </ns3:TrackPointExtension>
        </extensions>
      </trkpt>
      <trkpt lat="31.96681975387036800384521484375" lon="118.82401275448501110076904296875">
        <ele>8.19999980926513671875</ele>
        <time>2022-05-10T12:13:51.000Z</time>
        <extensions>
          <ns3:TrackPointExtension/>
        </extensions>
      </trkpt>
      <trkpt lat="31.96683685295283794403076171875" lon="118.8239516504108905792236328125">
        <ele>8.19999980926513671875</ele>
        <time>2022-05-10T12:13:52.000Z</time>
        <extensions>
          <ns3:TrackPointExtension/>
        </extensions>
      </trkpt>
      <trkpt lat="31.96685596369206905364990234375" lon="118.82388300262391567230224609375">
        <ele>8</ele>
        <time>2022-05-10T12:13:53.000Z</time>
        <extensions>
          <ns3:TrackPointExtension/>
        </extensions>
      </trkpt>
      <trkpt lat="31.96687884628772735595703125" lon="118.82382198236882686614990234375">
        <ele>8</ele>
        <time>2022-05-10T12:13:54.000Z</time>
        <extensions>
          <ns3:TrackPointExtension/>
        </extensions>
      </trkpt>
      <trkpt lat="31.96690172888338565826416015625" lon="118.82376096211373805999755859375">
        <ele>7.80000019073486328125</ele>
        <time>2022-05-10T12:13:55.000Z</time>
        <extensions>
          <ns3:TrackPointExtension>
            <ns3:hr>105</ns3:hr>
          </ns3:TrackPointExtension>
        </extensions>
      </trkpt>
      <trkpt lat="31.96692846715450286865234375" lon="118.82369994185864925384521484375">
        <ele>7.400000095367431640625</ele>
        <time>2022-05-10T12:13:56.000Z</time>
        <extensions>
          <ns3:TrackPointExtension/>
        </extensions>
      </trkpt>
      <trkpt lat="31.96695704944431781768798828125" lon="118.82364646531641483306884765625">
        <ele>7.80000019073486328125</ele>
        <time>2022-05-10T12:13:57.000Z</time>
        <extensions>
          <ns3:TrackPointExtension/>
        </extensions>
      </trkpt>
      <trkpt lat="31.96698755957186222076416015625" lon="118.82360070012509822845458984375">
        <ele>8</ele>
        <time>2022-05-10T12:13:58.000Z</time>
        <extensions>
          <ns3:TrackPointExtension/>
        </extensions>
      </trkpt>
      <trkpt lat="31.96701806969940662384033203125" lon="118.82355493493378162384033203125">
        <ele>8.3999996185302734375</ele>
        <time>2022-05-10T12:13:59.000Z</time>
        <extensions>
          <ns3:TrackPointExtension/>
        </extensions>
      </trkpt>
      <trkpt lat="31.96705050766468048095703125" lon="118.82350916974246501922607421875">
        <ele>8.6000003814697265625</ele>
        <time>2022-05-10T12:14:00.000Z</time>
        <extensions>
          <ns3:TrackPointExtension>
            <ns3:hr>106</ns3:hr>
          </ns3:TrackPointExtension>
        </extensions>
      </trkpt>
      <trkpt lat="31.96708864532411098480224609375" lon="118.823471032083034515380859375">
        <ele>9</ele>
        <time>2022-05-10T12:14:01.000Z</time>
        <extensions>
          <ns3:TrackPointExtension/>
        </extensions>
      </trkpt>
      <trkpt lat="31.9671267829835414886474609375" lon="118.82343289442360401153564453125">
        <ele>9</ele>
        <time>2022-05-10T12:14:02.000Z</time>
        <extensions>
          <ns3:TrackPointExtension/>
        </extensions>
      </trkpt>
      <trkpt lat="31.9671707041561603546142578125" lon="118.82340238429605960845947265625">
        <ele>9</ele>
        <time>2022-05-10T12:14:03.000Z</time>
        <extensions>
          <ns3:TrackPointExtension/>
        </extensions>
      </trkpt>
      <trkpt lat="31.96721839718520641326904296875" lon="118.8233642466366291046142578125">
        <ele>9.19999980926513671875</ele>
        <time>2022-05-10T12:14:04.000Z</time>
        <extensions>
          <ns3:TrackPointExtension/>
        </extensions>
      </trkpt>
      <trkpt lat="31.9672679342329502105712890625" lon="118.8233337365090847015380859375">
        <ele>9.19999980926513671875</ele>
        <time>2022-05-10T12:14:05.000Z</time>
        <extensions>
          <ns3:TrackPointExtension>
            <ns3:hr>105</ns3:hr>
          </ns3:TrackPointExtension>
        </extensions>
      </trkpt>
      <trkpt lat="31.96731948293745517730712890625" lon="118.82330314256250858306884765625">
        <ele>8.3999996185302734375</ele>
        <time>2022-05-10T12:14:06.000Z</time>
        <extensions>
          <ns3:TrackPointExtension/>
        </extensions>
      </trkpt>
      <trkpt lat="31.9673728756606578826904296875" lon="118.82327263243496417999267578125">
        <ele>7.80000019073486328125</ele>
        <time>2022-05-10T12:14:07.000Z</time>
        <extensions>
          <ns3:TrackPointExtension/>
        </extensions>
      </trkpt>
      <trkpt lat="31.96742626838386058807373046875" lon="118.823249749839305877685546875">
        <ele>7.19999980926513671875</ele>
        <time>2022-05-10T12:14:08.000Z</time>
        <extensions>
          <ns3:TrackPointExtension/>
        </extensions>
      </trkpt>
      <trkpt lat="31.96748158894479274749755859375" lon="118.8232344947755336761474609375">
        <ele>6.80000019073486328125</ele>
        <time>2022-05-10T12:14:09.000Z</time>
        <extensions>
          <ns3:TrackPointExtension/>
        </extensions>
      </trkpt>
      <trkpt lat="31.967540681362152099609375" lon="118.823219239711761474609375">
        <ele>6.19999980926513671875</ele>
        <time>2022-05-10T12:14:10.000Z</time>
        <extensions>
          <ns3:TrackPointExtension>
            <ns3:hr>109</ns3:hr>
          </ns3:TrackPointExtension>
        </extensions>
      </trkpt>
      <trkpt lat="31.96760170161724090576171875" lon="118.8232039846479892730712890625">
        <ele>5.599999904632568359375</ele>
        <time>2022-05-10T12:14:11.000Z</time>
        <extensions>
          <ns3:TrackPointExtension/>
        </extensions>
      </trkpt>
      <trkpt lat="31.9676608778536319732666015625" lon="118.8232039846479892730712890625">
        <ele>5</ele>
        <time>2022-05-10T12:14:12.000Z</time>
        <extensions>
          <ns3:TrackPointExtension/>
        </extensions>
      </trkpt>
      <trkpt lat="31.967718042433261871337890625" lon="118.8232039846479892730712890625">
        <ele>4.599999904632568359375</ele>
        <time>2022-05-10T12:14:13.000Z</time>
        <extensions>
          <ns3:TrackPointExtension/>
        </extensions>
      </trkpt>
      <trkpt lat="31.9677715189754962921142578125" lon="118.8232039846479892730712890625">
        <ele>4.19999980926513671875</ele>
        <time>2022-05-10T12:14:14.000Z</time>
        <extensions>
          <ns3:TrackPointExtension/>
        </extensions>
      </trkpt>
      <trkpt lat="31.96782105602324008941650390625" lon="118.82321161217987537384033203125">
        <ele>3.7999999523162841796875</ele>
        <time>2022-05-10T12:14:15.000Z</time>
        <extensions>
          <ns3:TrackPointExtension>
            <ns3:hr>107</ns3:hr>
          </ns3:TrackPointExtension>
        </extensions>
      </trkpt>
      <trkpt lat="31.96786682121455669403076171875" lon="118.82322686724364757537841796875">
        <ele>3.599999904632568359375</ele>
        <time>2022-05-10T12:14:16.000Z</time>
        <extensions>
          <ns3:TrackPointExtension/>
        </extensions>
      </trkpt>
      <trkpt lat="31.96791074238717555999755859375" lon="118.82324212230741977691650390625">
        <ele>3.400000095367431640625</ele>
        <time>2022-05-10T12:14:17.000Z</time>
        <extensions>
          <ns3:TrackPointExtension/>
        </extensions>
      </trkpt>
      <trkpt lat="31.96795080788433551788330078125" lon="118.82325737737119197845458984375">
        <ele>3.400000095367431640625</ele>
        <time>2022-05-10T12:14:18.000Z</time>
        <extensions>
          <ns3:TrackPointExtension/>
        </extensions>
      </trkpt>
      <trkpt lat="31.96799271740019321441650390625" lon="118.82327263243496417999267578125">
        <ele>3.400000095367431640625</ele>
        <time>2022-05-10T12:14:19.000Z</time>
        <extensions>
          <ns3:TrackPointExtension/>
        </extensions>
      </trkpt>
      <trkpt lat="31.9680347107350826263427734375" lon="118.8232955150306224822998046875">
        <ele>3.599999904632568359375</ele>
        <time>2022-05-10T12:14:20.000Z</time>
        <extensions>
          <ns3:TrackPointExtension>
            <ns3:hr>108</ns3:hr>
          </ns3:TrackPointExtension>
        </extensions>
      </trkpt>
      <trkpt lat="31.96807284839451313018798828125" lon="118.8233184814453125">
        <ele>3.599999904632568359375</ele>
        <time>2022-05-10T12:14:21.000Z</time>
        <extensions>
          <ns3:TrackPointExtension/>
        </extensions>
      </trkpt>
      <trkpt lat="31.96810905821621417999267578125" lon="118.82334136404097080230712890625">
        <ele>3.7999999523162841796875</ele>
        <time>2022-05-10T12:14:22.000Z</time>
        <extensions>
          <ns3:TrackPointExtension/>
        </extensions>
      </trkpt>
      <trkpt lat="31.96814342401921749114990234375" lon="118.8233642466366291046142578125">
        <ele>3.7999999523162841796875</ele>
        <time>2022-05-10T12:14:23.000Z</time>
        <extensions>
          <ns3:TrackPointExtension/>
        </extensions>
      </trkpt>
      <trkpt lat="31.96817778982222080230712890625" lon="118.8233947567641735076904296875">
        <ele>3.7999999523162841796875</ele>
        <time>2022-05-10T12:14:24.000Z</time>
        <extensions>
          <ns3:TrackPointExtension/>
        </extensions>
      </trkpt>
      <trkpt lat="31.9682063721120357513427734375" lon="118.8234252668917179107666015625">
        <ele>4.19999980926513671875</ele>
        <time>2022-05-10T12:14:25.000Z</time>
        <extensions>
          <ns3:TrackPointExtension>
            <ns3:hr>110</ns3:hr>
          </ns3:TrackPointExtension>
        </extensions>
      </trkpt>
      <trkpt lat="31.96823881007730960845947265625" lon="118.82344814948737621307373046875">
        <ele>4.599999904632568359375</ele>
        <time>2022-05-10T12:14:26.000Z</time>
        <extensions>
          <ns3:TrackPointExtension/>
        </extensions>
      </trkpt>
      <trkpt lat="31.9682673923671245574951171875" lon="118.82347865961492061614990234375">
        <ele>5</ele>
        <time>2022-05-10T12:14:27.000Z</time>
        <extensions>
          <ns3:TrackPointExtension/>
        </extensions>
      </trkpt>
      <trkpt lat="31.96829597465693950653076171875" lon="118.82350916974246501922607421875">
        <ele>5.599999904632568359375</ele>
        <time>2022-05-10T12:14:28.000Z</time>
        <extensions>
          <ns3:TrackPointExtension/>
        </extensions>
      </trkpt>
      <trkpt lat="31.968318857252597808837890625" lon="118.823532052338123321533203125">
        <ele>5.80000019073486328125</ele>
        <time>2022-05-10T12:14:29.000Z</time>
        <extensions>
          <ns3:TrackPointExtension/>
        </extensions>
      </trkpt>
      <trkpt lat="31.96833796799182891845703125" lon="118.82355493493378162384033203125">
        <ele>6.19999980926513671875</ele>
        <time>2022-05-10T12:14:30.000Z</time>
        <extensions>
          <ns3:TrackPointExtension>
            <ns3:hr>110</ns3:hr>
          </ns3:TrackPointExtension>
        </extensions>
      </trkpt>
      <trkpt lat="31.96835129521787166595458984375" lon="118.82357018999755382537841796875">
        <ele>6.400000095367431640625</ele>
        <time>2022-05-10T12:14:31.000Z</time>
        <extensions>
          <ns3:TrackPointExtension/>
        </extensions>
      </trkpt>
      <trkpt lat="31.96836085058748722076416015625" lon="118.8235778175294399261474609375">
        <ele>6.400000095367431640625</ele>
        <time>2022-05-10T12:14:32.000Z</time>
        <extensions>
          <ns3:TrackPointExtension/>
        </extensions>
      </trkpt>
      <trkpt lat="31.96836470626294612884521484375" lon="118.82358544506132602691650390625">
        <ele>6.599999904632568359375</ele>
        <time>2022-05-10T12:14:33.000Z</time>
        <extensions>
          <ns3:TrackPointExtension/>
        </extensions>
      </trkpt>
      <trkpt lat="31.9683627784252166748046875" lon="118.823593072593212127685546875">
        <ele>6.599999904632568359375</ele>
        <time>2022-05-10T12:14:34.000Z</time>
        <extensions>
          <ns3:TrackPointExtension/>
        </extensions>
      </trkpt>
      <trkpt lat="31.9683589227497577667236328125" lon="118.82358544506132602691650390625">
        <ele>6.400000095367431640625</ele>
        <time>2022-05-10T12:14:35.000Z</time>
        <extensions>
          <ns3:TrackPointExtension>
            <ns3:hr>107</ns3:hr>
          </ns3:TrackPointExtension>
        </extensions>
      </trkpt>
      <trkpt lat="31.9683532230556011199951171875" lon="118.82357018999755382537841796875">
        <ele>6.400000095367431640625</ele>
        <time>2022-05-10T12:14:36.000Z</time>
        <extensions>
          <ns3:TrackPointExtension/>
        </extensions>
      </trkpt>
      <trkpt lat="31.968343667685985565185546875" lon="118.82355493493378162384033203125">
        <ele>6.19999980926513671875</ele>
        <time>2022-05-10T12:14:37.000Z</time>
        <extensions>
          <ns3:TrackPointExtension/>
        </extensions>
      </trkpt>
      <trkpt lat="31.968332268297672271728515625" lon="118.82353967987000942230224609375">
        <ele>6</ele>
        <time>2022-05-10T12:14:38.000Z</time>
        <extensions>
          <ns3:TrackPointExtension/>
        </extensions>
      </trkpt>
      <trkpt lat="31.96832078509032726287841796875" lon="118.82352442480623722076416015625">
        <ele>5.80000019073486328125</ele>
        <time>2022-05-10T12:14:39.000Z</time>
        <extensions>
          <ns3:TrackPointExtension/>
        </extensions>
      </trkpt>
      <trkpt lat="31.968318857252597808837890625" lon="118.82350916974246501922607421875">
        <ele>5.80000019073486328125</ele>
        <time>2022-05-10T12:14:40.000Z</time>
        <extensions>
          <ns3:TrackPointExtension>
            <ns3:hr>108</ns3:hr>
          </ns3:TrackPointExtension>
        </extensions>
      </trkpt>
      <trkpt lat="31.96832078509032726287841796875" lon="118.82347865961492061614990234375">
        <ele>5.599999904632568359375</ele>
        <time>2022-05-10T12:14:41.000Z</time>
        <extensions>
          <ns3:TrackPointExtension/>
        </extensions>
      </trkpt>
      <trkpt lat="31.96832464076578617095947265625" lon="118.82344814948737621307373046875">
        <ele>5.599999904632568359375</ele>
        <time>2022-05-10T12:14:42.000Z</time>
        <extensions>
          <ns3:TrackPointExtension/>
        </extensions>
      </trkpt>
      <trkpt lat="31.96833034045994281768798828125" lon="118.82341763935983180999755859375">
        <ele>5.599999904632568359375</ele>
        <time>2022-05-10T12:14:43.000Z</time>
        <extensions>
          <ns3:TrackPointExtension/>
        </extensions>
      </trkpt>
      <trkpt lat="31.96833604015409946441650390625" lon="118.8233947567641735076904296875">
        <ele>5.599999904632568359375</ele>
        <time>2022-05-10T12:14:44.000Z</time>
        <extensions>
          <ns3:TrackPointExtension/>
        </extensions>
      </trkpt>
      <trkpt lat="31.9683475233614444732666015625" lon="118.8233642466366291046142578125">
        <ele>5.599999904632568359375</ele>
        <time>2022-05-10T12:14:45.000Z</time>
        <extensions>
          <ns3:TrackPointExtension>
            <ns3:hr>109</ns3:hr>
          </ns3:TrackPointExtension>
        </extensions>
      </trkpt>
      <trkpt lat="31.9684142433106899261474609375" lon="118.82328025996685028076171875">
        <ele>5.599999904632568359375</ele>
        <time>2022-05-10T12:14:46.000Z</time>
        <extensions>
          <ns3:TrackPointExtension/>
        </extensions>
      </trkpt>
      <trkpt lat="31.9684028439223766326904296875" lon="118.8232650049030780792236328125">
        <ele>5.400000095367431640625</ele>
        <time>2022-05-10T12:14:47.000Z</time>
        <extensions>
          <ns3:TrackPointExtension/>
        </extensions>
      </trkpt>
      <trkpt lat="31.9684085436165332794189453125" lon="118.82325737737119197845458984375">
        <ele>5.400000095367431640625</ele>
        <time>2022-05-10T12:14:48.000Z</time>
        <extensions>
          <ns3:TrackPointExtension/>
        </extensions>
      </trkpt>
      <trkpt lat="31.968418098986148834228515625" lon="118.8232344947755336761474609375">
        <ele>5.400000095367431640625</ele>
        <time>2022-05-10T12:14:49.000Z</time>
        <extensions>
          <ns3:TrackPointExtension/>
        </extensions>
      </trkpt>
      <trkpt lat="31.96842379868030548095703125" lon="118.823219239711761474609375">
        <ele>5.19999980926513671875</ele>
        <time>2022-05-10T12:14:50.000Z</time>
        <extensions>
          <ns3:TrackPointExtension>
            <ns3:hr>108</ns3:hr>
          </ns3:TrackPointExtension>
        </extensions>
      </trkpt>
    </trkseg>
  </trk>
</gpx>
