<gpx xmlns:ns3="http://www.garmin.com/xmlschemas/TrackPointExtension/v1" xmlns="http://www.topografix.com/GPX/1/1" xmlns:xsi="http://www.w3.org/2001/XMLSchema-instance" xmlns:ns2="http://www.garmin.com/xmlschemas/GpxExtensions/v3" creator="Garmin Connect" version="1.1" xsi:schemaLocation="http://www.topografix.com/GPX/1/1 http://www.topografix.com/GPX/11.xsd">
  <extensions>
<distance>6660.0</distance>
<average_hr>168.0</average_hr>
<average_speed>3.0606617647058822</average_speed>
<start_time>2020-10-29T03:25:25+00:00</start_time>
<end_time>2020-10-29T04:01:41+00:00</end_time>
<moving_time>2144.0</moving_time>
<elapsed_time>2179.0</elapsed_time>
</extensions>
<metadata>
    <link href="connect.garmin.com">
      <text>Garmin Connect</text>
    </link>
    <time>2020-10-29T03:25:25.000Z</time>
  </metadata>
  <trk>
    <name>南京市 跑步</name>
    <type>running</type>
    <trkseg>
      <trkpt lat="32.055965401232242584228515625" lon="118.7321166694164276123046875">
        <ele>12</ele>
        <time>2020-10-29T03:25:27.000Z</time>
        <extensions>
          <ns3:TrackPointExtension/>
        </extensions>
      </trkpt>
      <trkpt lat="32.05596917308866977691650390625" lon="118.7321014143526554107666015625">
        <ele>12</ele>
        <time>2020-10-29T03:25:28.000Z</time>
        <extensions>
          <ns3:TrackPointExtension/>
        </extensions>
      </trkpt>
      <trkpt lat="32.05597302876412868499755859375" lon="118.732086159288883209228515625">
        <ele>12</ele>
        <time>2020-10-29T03:25:29.000Z</time>
        <extensions>
          <ns3:TrackPointExtension/>
        </extensions>
      </trkpt>
      <trkpt lat="32.05595391802489757537841796875" lon="118.732086159288883209228515625">
        <ele>11.80000019073486328125</ele>
        <time>2020-10-29T03:25:30.000Z</time>
        <extensions>
          <ns3:TrackPointExtension>
            <ns3:hr>107</ns3:hr>
            <ns3:cad>76</ns3:cad>
          </ns3:TrackPointExtension>
        </extensions>
      </trkpt>
      <trkpt lat="32.05593489110469818115234375" lon="118.7321014143526554107666015625">
        <ele>11.80000019073486328125</ele>
        <time>2020-10-29T03:25:31.000Z</time>
        <extensions>
          <ns3:TrackPointExtension/>
        </extensions>
      </trkpt>
      <trkpt lat="32.05589675344526767730712890625" lon="118.7321166694164276123046875">
        <ele>11.6000003814697265625</ele>
        <time>2020-10-29T03:25:32.000Z</time>
        <extensions>
          <ns3:TrackPointExtension/>
        </extensions>
      </trkpt>
      <trkpt lat="32.05588149838149547576904296875" lon="118.7321166694164276123046875">
        <ele>11.6000003814697265625</ele>
        <time>2020-10-29T03:25:33.000Z</time>
        <extensions>
          <ns3:TrackPointExtension/>
        </extensions>
      </trkpt>
      <trkpt lat="32.05586238764226436614990234375" lon="118.7321166694164276123046875">
        <ele>11.6000003814697265625</ele>
        <time>2020-10-29T03:25:34.000Z</time>
        <extensions>
          <ns3:TrackPointExtension/>
        </extensions>
      </trkpt>
      <trkpt lat="32.0558395050466060638427734375" lon="118.73212429694831371307373046875">
        <ele>11.3999996185302734375</ele>
        <time>2020-10-29T03:25:35.000Z</time>
        <extensions>
          <ns3:TrackPointExtension>
            <ns3:hr>109</ns3:hr>
          </ns3:TrackPointExtension>
        </extensions>
      </trkpt>
      <trkpt lat="32.0558203943073749542236328125" lon="118.73212429694831371307373046875">
        <ele>11.3999996185302734375</ele>
        <time>2020-10-29T03:25:36.000Z</time>
        <extensions>
          <ns3:TrackPointExtension/>
        </extensions>
      </trkpt>
      <trkpt lat="32.05580136738717555999755859375" lon="118.73212429694831371307373046875">
        <ele>11.19999980926513671875</ele>
        <time>2020-10-29T03:25:37.000Z</time>
        <extensions>
          <ns3:TrackPointExtension/>
        </extensions>
      </trkpt>
      <trkpt lat="32.05578225664794445037841796875" lon="118.7321319244801998138427734375">
        <ele>11</ele>
        <time>2020-10-29T03:25:38.000Z</time>
        <extensions>
          <ns3:TrackPointExtension/>
        </extensions>
      </trkpt>
      <trkpt lat="32.05576322972774505615234375" lon="118.7321319244801998138427734375">
        <ele>11</ele>
        <time>2020-10-29T03:25:39.000Z</time>
        <extensions>
          <ns3:TrackPointExtension/>
        </extensions>
      </trkpt>
      <trkpt lat="32.0557479746639728546142578125" lon="118.73212429694831371307373046875">
        <ele>10.80000019073486328125</ele>
        <time>2020-10-29T03:25:40.000Z</time>
        <extensions>
          <ns3:TrackPointExtension>
            <ns3:hr>116</ns3:hr>
          </ns3:TrackPointExtension>
        </extensions>
      </trkpt>
      <trkpt lat="32.055732719600200653076171875" lon="118.73212429694831371307373046875">
        <ele>10.80000019073486328125</ele>
        <time>2020-10-29T03:25:41.000Z</time>
        <extensions>
          <ns3:TrackPointExtension/>
        </extensions>
      </trkpt>
      <trkpt lat="32.0557174645364284515380859375" lon="118.7321166694164276123046875">
        <ele>10.6000003814697265625</ele>
        <time>2020-10-29T03:25:42.000Z</time>
        <extensions>
          <ns3:TrackPointExtension/>
        </extensions>
      </trkpt>
      <trkpt lat="32.05570598132908344268798828125" lon="118.73210904188454151153564453125">
        <ele>10.6000003814697265625</ele>
        <time>2020-10-29T03:25:43.000Z</time>
        <extensions>
          <ns3:TrackPointExtension/>
        </extensions>
      </trkpt>
      <trkpt lat="32.05569072626531124114990234375" lon="118.7321014143526554107666015625">
        <ele>10.6000003814697265625</ele>
        <time>2020-10-29T03:25:44.000Z</time>
        <extensions>
          <ns3:TrackPointExtension/>
        </extensions>
      </trkpt>
      <trkpt lat="32.0556792430579662322998046875" lon="118.73209378682076930999755859375">
        <ele>10.6000003814697265625</ele>
        <time>2020-10-29T03:25:45.000Z</time>
        <extensions>
          <ns3:TrackPointExtension>
            <ns3:hr>119</ns3:hr>
          </ns3:TrackPointExtension>
        </extensions>
      </trkpt>
      <trkpt lat="32.0556678436696529388427734375" lon="118.73207853175699710845947265625">
        <ele>10.6000003814697265625</ele>
        <time>2020-10-29T03:25:46.000Z</time>
        <extensions>
          <ns3:TrackPointExtension/>
        </extensions>
      </trkpt>
      <trkpt lat="32.05565636046230792999267578125" lon="118.7320709042251110076904296875">
        <ele>10.6000003814697265625</ele>
        <time>2020-10-29T03:25:47.000Z</time>
        <extensions>
          <ns3:TrackPointExtension/>
        </extensions>
      </trkpt>
      <trkpt lat="32.0556487329304218292236328125" lon="118.73205564916133880615234375">
        <ele>10.6000003814697265625</ele>
        <time>2020-10-29T03:25:48.000Z</time>
        <extensions>
          <ns3:TrackPointExtension/>
        </extensions>
      </trkpt>
      <trkpt lat="32.05564496107399463653564453125" lon="118.73203276656568050384521484375">
        <ele>10.6000003814697265625</ele>
        <time>2020-10-29T03:25:49.000Z</time>
        <extensions>
          <ns3:TrackPointExtension/>
        </extensions>
      </trkpt>
      <trkpt lat="32.05564110539853572845458984375" lon="118.73201751150190830230712890625">
        <ele>10.80000019073486328125</ele>
        <time>2020-10-29T03:25:50.000Z</time>
        <extensions>
          <ns3:TrackPointExtension>
            <ns3:hr>127</ns3:hr>
          </ns3:TrackPointExtension>
        </extensions>
      </trkpt>
      <trkpt lat="32.05564110539853572845458984375" lon="118.731986917555332183837890625">
        <ele>10.80000019073486328125</ele>
        <time>2020-10-29T03:25:51.000Z</time>
        <extensions>
          <ns3:TrackPointExtension/>
        </extensions>
      </trkpt>
      <trkpt lat="32.05564496107399463653564453125" lon="118.73196403495967388153076171875">
        <ele>11</ele>
        <time>2020-10-29T03:25:52.000Z</time>
        <extensions>
          <ns3:TrackPointExtension/>
        </extensions>
      </trkpt>
      <trkpt lat="32.0556487329304218292236328125" lon="118.7319411523640155792236328125">
        <ele>11</ele>
        <time>2020-10-29T03:25:53.000Z</time>
        <extensions>
          <ns3:TrackPointExtension/>
        </extensions>
      </trkpt>
      <trkpt lat="32.05565636046230792999267578125" lon="118.7319106422364711761474609375">
        <ele>11.19999980926513671875</ele>
        <time>2020-10-29T03:25:54.000Z</time>
        <extensions>
          <ns3:TrackPointExtension/>
        </extensions>
      </trkpt>
      <trkpt lat="32.05566398799419403076171875" lon="118.7318801321089267730712890625">
        <ele>11.19999980926513671875</ele>
        <time>2020-10-29T03:25:55.000Z</time>
        <extensions>
          <ns3:TrackPointExtension>
            <ns3:hr>130</ns3:hr>
          </ns3:TrackPointExtension>
        </extensions>
      </trkpt>
      <trkpt lat="32.05567547120153903961181640625" lon="118.7318496219813823699951171875">
        <ele>11.3999996185302734375</ele>
        <time>2020-10-29T03:25:56.000Z</time>
        <extensions>
          <ns3:TrackPointExtension/>
        </extensions>
      </trkpt>
      <trkpt lat="32.05568687058985233306884765625" lon="118.7318191118538379669189453125">
        <ele>11.6000003814697265625</ele>
        <time>2020-10-29T03:25:57.000Z</time>
        <extensions>
          <ns3:TrackPointExtension/>
        </extensions>
      </trkpt>
      <trkpt lat="32.055694498121738433837890625" lon="118.73178097419440746307373046875">
        <ele>11.80000019073486328125</ele>
        <time>2020-10-29T03:25:58.000Z</time>
        <extensions>
          <ns3:TrackPointExtension/>
        </extensions>
      </trkpt>
      <trkpt lat="32.05570598132908344268798828125" lon="118.73175046406686305999755859375">
        <ele>12</ele>
        <time>2020-10-29T03:25:59.000Z</time>
        <extensions>
          <ns3:TrackPointExtension/>
        </extensions>
      </trkpt>
      <trkpt lat="32.05571360886096954345703125" lon="118.73171232640743255615234375">
        <ele>12</ele>
        <time>2020-10-29T03:26:00.000Z</time>
        <extensions>
          <ns3:TrackPointExtension>
            <ns3:hr>131</ns3:hr>
          </ns3:TrackPointExtension>
        </extensions>
      </trkpt>
      <trkpt lat="32.05572123639285564422607421875" lon="118.73167418874800205230712890625">
        <ele>12</ele>
        <time>2020-10-29T03:26:01.000Z</time>
        <extensions>
          <ns3:TrackPointExtension/>
        </extensions>
      </trkpt>
      <trkpt lat="32.0557288639247417449951171875" lon="118.73163596726953983306884765625">
        <ele>12.19999980926513671875</ele>
        <time>2020-10-29T03:26:02.000Z</time>
        <extensions>
          <ns3:TrackPointExtension/>
        </extensions>
      </trkpt>
      <trkpt lat="32.05573649145662784576416015625" lon="118.7315978296101093292236328125">
        <ele>12.19999980926513671875</ele>
        <time>2020-10-29T03:26:03.000Z</time>
        <extensions>
          <ns3:TrackPointExtension/>
        </extensions>
      </trkpt>
      <trkpt lat="32.05574034713208675384521484375" lon="118.73155969195067882537841796875">
        <ele>12.19999980926513671875</ele>
        <time>2020-10-29T03:26:04.000Z</time>
        <extensions>
          <ns3:TrackPointExtension/>
        </extensions>
      </trkpt>
      <trkpt lat="32.055744118988513946533203125" lon="118.731521554291248321533203125">
        <ele>12.19999980926513671875</ele>
        <time>2020-10-29T03:26:05.000Z</time>
        <extensions>
          <ns3:TrackPointExtension>
            <ns3:hr>133</ns3:hr>
          </ns3:TrackPointExtension>
        </extensions>
      </trkpt>
      <trkpt lat="32.0557479746639728546142578125" lon="118.73148341663181781768798828125">
        <ele>12.19999980926513671875</ele>
        <time>2020-10-29T03:26:06.000Z</time>
        <extensions>
          <ns3:TrackPointExtension/>
        </extensions>
      </trkpt>
      <trkpt lat="32.055744118988513946533203125" lon="118.7314452789723873138427734375">
        <ele>12</ele>
        <time>2020-10-29T03:26:07.000Z</time>
        <extensions>
          <ns3:TrackPointExtension/>
        </extensions>
      </trkpt>
      <trkpt lat="32.05574034713208675384521484375" lon="118.73140714131295680999755859375">
        <ele>11.80000019073486328125</ele>
        <time>2020-10-29T03:26:08.000Z</time>
        <extensions>
          <ns3:TrackPointExtension/>
        </extensions>
      </trkpt>
      <trkpt lat="32.05574034713208675384521484375" lon="118.73137663118541240692138671875">
        <ele>11.6000003814697265625</ele>
        <time>2020-10-29T03:26:09.000Z</time>
        <extensions>
          <ns3:TrackPointExtension/>
        </extensions>
      </trkpt>
      <trkpt lat="32.05573649145662784576416015625" lon="118.731338493525981903076171875">
        <ele>11.19999980926513671875</ele>
        <time>2020-10-29T03:26:10.000Z</time>
        <extensions>
          <ns3:TrackPointExtension>
            <ns3:hr>138</ns3:hr>
          </ns3:TrackPointExtension>
        </extensions>
      </trkpt>
      <trkpt lat="32.055732719600200653076171875" lon="118.731300272047519683837890625">
        <ele>11</ele>
        <time>2020-10-29T03:26:11.000Z</time>
        <extensions>
          <ns3:TrackPointExtension/>
        </extensions>
      </trkpt>
      <trkpt lat="32.055732719600200653076171875" lon="118.73126976191997528076171875">
        <ele>10.80000019073486328125</ele>
        <time>2020-10-29T03:26:12.000Z</time>
        <extensions>
          <ns3:TrackPointExtension/>
        </extensions>
      </trkpt>
      <trkpt lat="32.055732719600200653076171875" lon="118.73123162426054477691650390625">
        <ele>10.3999996185302734375</ele>
        <time>2020-10-29T03:26:13.000Z</time>
        <extensions>
          <ns3:TrackPointExtension/>
        </extensions>
      </trkpt>
      <trkpt lat="32.055732719600200653076171875" lon="118.73120111413300037384033203125">
        <ele>10.19999980926513671875</ele>
        <time>2020-10-29T03:26:14.000Z</time>
        <extensions>
          <ns3:TrackPointExtension/>
        </extensions>
      </trkpt>
      <trkpt lat="32.055732719600200653076171875" lon="118.73117060400545597076416015625">
        <ele>10</ele>
        <time>2020-10-29T03:26:15.000Z</time>
        <extensions>
          <ns3:TrackPointExtension>
            <ns3:hr>141</ns3:hr>
          </ns3:TrackPointExtension>
        </extensions>
      </trkpt>
      <trkpt lat="32.055732719600200653076171875" lon="118.7311324663460254669189453125">
        <ele>9.80000019073486328125</ele>
        <time>2020-10-29T03:26:16.000Z</time>
        <extensions>
          <ns3:TrackPointExtension/>
        </extensions>
      </trkpt>
      <trkpt lat="32.05573649145662784576416015625" lon="118.7311019562184810638427734375">
        <ele>9.6000003814697265625</ele>
        <time>2020-10-29T03:26:17.000Z</time>
        <extensions>
          <ns3:TrackPointExtension/>
        </extensions>
      </trkpt>
      <trkpt lat="32.055744118988513946533203125" lon="118.7310714460909366607666015625">
        <ele>9.3999996185302734375</ele>
        <time>2020-10-29T03:26:18.000Z</time>
        <extensions>
          <ns3:TrackPointExtension/>
        </extensions>
      </trkpt>
      <trkpt lat="32.0557479746639728546142578125" lon="118.73103330843150615692138671875">
        <ele>9.19999980926513671875</ele>
        <time>2020-10-29T03:26:19.000Z</time>
        <extensions>
          <ns3:TrackPointExtension/>
        </extensions>
      </trkpt>
      <trkpt lat="32.05575560219585895538330078125" lon="118.73100279830396175384521484375">
        <ele>9</ele>
        <time>2020-10-29T03:26:20.000Z</time>
        <extensions>
          <ns3:TrackPointExtension>
            <ns3:hr>145</ns3:hr>
          </ns3:TrackPointExtension>
        </extensions>
      </trkpt>
      <trkpt lat="32.0557593740522861480712890625" lon="118.73096466064453125">
        <ele>8.6000003814697265625</ele>
        <time>2020-10-29T03:26:21.000Z</time>
        <extensions>
          <ns3:TrackPointExtension/>
        </extensions>
      </trkpt>
      <trkpt lat="32.05576322972774505615234375" lon="118.73093406669795513153076171875">
        <ele>8.3999996185302734375</ele>
        <time>2020-10-29T03:26:22.000Z</time>
        <extensions>
          <ns3:TrackPointExtension/>
        </extensions>
      </trkpt>
      <trkpt lat="32.05576700158417224884033203125" lon="118.730895929038524627685546875">
        <ele>8.19999980926513671875</ele>
        <time>2020-10-29T03:26:23.000Z</time>
        <extensions>
          <ns3:TrackPointExtension/>
        </extensions>
      </trkpt>
      <trkpt lat="32.05577085725963115692138671875" lon="118.730865418910980224609375">
        <ele>8.19999980926513671875</ele>
        <time>2020-10-29T03:26:24.000Z</time>
        <extensions>
          <ns3:TrackPointExtension/>
        </extensions>
      </trkpt>
      <trkpt lat="32.055774629116058349609375" lon="118.73082728125154972076416015625">
        <ele>8.19999980926513671875</ele>
        <time>2020-10-29T03:26:25.000Z</time>
        <extensions>
          <ns3:TrackPointExtension>
            <ns3:hr>151</ns3:hr>
          </ns3:TrackPointExtension>
        </extensions>
      </trkpt>
      <trkpt lat="32.0557784847915172576904296875" lon="118.73079677112400531768798828125">
        <ele>8.19999980926513671875</ele>
        <time>2020-10-29T03:26:26.000Z</time>
        <extensions>
          <ns3:TrackPointExtension/>
        </extensions>
      </trkpt>
      <trkpt lat="32.05578225664794445037841796875" lon="118.7307586334645748138427734375">
        <ele>8.19999980926513671875</ele>
        <time>2020-10-29T03:26:27.000Z</time>
        <extensions>
          <ns3:TrackPointExtension/>
        </extensions>
      </trkpt>
      <trkpt lat="32.05578225664794445037841796875" lon="118.7307281233370304107666015625">
        <ele>8.19999980926513671875</ele>
        <time>2020-10-29T03:26:28.000Z</time>
        <extensions>
          <ns3:TrackPointExtension/>
        </extensions>
      </trkpt>
      <trkpt lat="32.05578611232340335845947265625" lon="118.7306976132094860076904296875">
        <ele>8.19999980926513671875</ele>
        <time>2020-10-29T03:26:29.000Z</time>
        <extensions>
          <ns3:TrackPointExtension/>
        </extensions>
      </trkpt>
      <trkpt lat="32.0557898841798305511474609375" lon="118.73065947555005550384521484375">
        <ele>8.19999980926513671875</ele>
        <time>2020-10-29T03:26:30.000Z</time>
        <extensions>
          <ns3:TrackPointExtension>
            <ns3:hr>152</ns3:hr>
            <ns3:cad>78</ns3:cad>
          </ns3:TrackPointExtension>
        </extensions>
      </trkpt>
      <trkpt lat="32.05579751171171665191650390625" lon="118.73062896542251110076904296875">
        <ele>8</ele>
        <time>2020-10-29T03:26:31.000Z</time>
        <extensions>
          <ns3:TrackPointExtension/>
        </extensions>
      </trkpt>
      <trkpt lat="32.05580136738717555999755859375" lon="118.73060599900782108306884765625">
        <ele>8</ele>
        <time>2020-10-29T03:26:32.000Z</time>
        <extensions>
          <ns3:TrackPointExtension/>
        </extensions>
      </trkpt>
      <trkpt lat="32.055805139243602752685546875" lon="118.73057548888027667999267578125">
        <ele>8</ele>
        <time>2020-10-29T03:26:33.000Z</time>
        <extensions>
          <ns3:TrackPointExtension/>
        </extensions>
      </trkpt>
      <trkpt lat="32.0558089949190616607666015625" lon="118.73054497875273227691650390625">
        <ele>8</ele>
        <time>2020-10-29T03:26:34.000Z</time>
        <extensions>
          <ns3:TrackPointExtension/>
        </extensions>
      </trkpt>
      <trkpt lat="32.05581276677548885345458984375" lon="118.730522096157073974609375">
        <ele>8</ele>
        <time>2020-10-29T03:26:35.000Z</time>
        <extensions>
          <ns3:TrackPointExtension/>
        </extensions>
      </trkpt>
      <trkpt lat="32.05581662245094776153564453125" lon="118.730491586029529571533203125">
        <ele>8</ele>
        <time>2020-10-29T03:26:36.000Z</time>
        <extensions>
          <ns3:TrackPointExtension/>
        </extensions>
      </trkpt>
      <trkpt lat="32.0558203943073749542236328125" lon="118.73046870343387126922607421875">
        <ele>8</ele>
        <time>2020-10-29T03:26:37.000Z</time>
        <extensions>
          <ns3:TrackPointExtension/>
        </extensions>
      </trkpt>
      <trkpt lat="32.0558242499828338623046875" lon="118.7304458208382129669189453125">
        <ele>8</ele>
        <time>2020-10-29T03:26:38.000Z</time>
        <extensions>
          <ns3:TrackPointExtension/>
        </extensions>
      </trkpt>
      <trkpt lat="32.0558242499828338623046875" lon="118.73042293824255466461181640625">
        <ele>8</ele>
        <time>2020-10-29T03:26:39.000Z</time>
        <extensions>
          <ns3:TrackPointExtension/>
        </extensions>
      </trkpt>
      <trkpt lat="32.0558242499828338623046875" lon="118.7304000556468963623046875">
        <ele>8</ele>
        <time>2020-10-29T03:26:40.000Z</time>
        <extensions>
          <ns3:TrackPointExtension>
            <ns3:hr>154</ns3:hr>
          </ns3:TrackPointExtension>
        </extensions>
      </trkpt>
      <trkpt lat="32.0558242499828338623046875" lon="118.7303848005831241607666015625">
        <ele>8</ele>
        <time>2020-10-29T03:26:41.000Z</time>
        <extensions>
          <ns3:TrackPointExtension/>
        </extensions>
      </trkpt>
      <trkpt lat="32.0558203943073749542236328125" lon="118.73036191798746585845947265625">
        <ele>8</ele>
        <time>2020-10-29T03:26:42.000Z</time>
        <extensions>
          <ns3:TrackPointExtension/>
        </extensions>
      </trkpt>
      <trkpt lat="32.05581276677548885345458984375" lon="118.73034666292369365692138671875">
        <ele>8</ele>
        <time>2020-10-29T03:26:43.000Z</time>
        <extensions>
          <ns3:TrackPointExtension/>
        </extensions>
      </trkpt>
      <trkpt lat="32.0558089949190616607666015625" lon="118.7303237803280353546142578125">
        <ele>8</ele>
        <time>2020-10-29T03:26:44.000Z</time>
        <extensions>
          <ns3:TrackPointExtension/>
        </extensions>
      </trkpt>
      <trkpt lat="32.05580136738717555999755859375" lon="118.730308525264263153076171875">
        <ele>8</ele>
        <time>2020-10-29T03:26:45.000Z</time>
        <extensions>
          <ns3:TrackPointExtension>
            <ns3:hr>155</ns3:hr>
          </ns3:TrackPointExtension>
        </extensions>
      </trkpt>
      <trkpt lat="32.055793739855289459228515625" lon="118.7302932702004909515380859375">
        <ele>8</ele>
        <time>2020-10-29T03:26:46.000Z</time>
        <extensions>
          <ns3:TrackPointExtension/>
        </extensions>
      </trkpt>
      <trkpt lat="32.05578225664794445037841796875" lon="118.730270303785800933837890625">
        <ele>8</ele>
        <time>2020-10-29T03:26:47.000Z</time>
        <extensions>
          <ns3:TrackPointExtension/>
        </extensions>
      </trkpt>
      <trkpt lat="32.055774629116058349609375" lon="118.7302550487220287322998046875">
        <ele>8</ele>
        <time>2020-10-29T03:26:48.000Z</time>
        <extensions>
          <ns3:TrackPointExtension/>
        </extensions>
      </trkpt>
      <trkpt lat="32.05576322972774505615234375" lon="118.73023216612637042999267578125">
        <ele>8</ele>
        <time>2020-10-29T03:26:49.000Z</time>
        <extensions>
          <ns3:TrackPointExtension/>
        </extensions>
      </trkpt>
      <trkpt lat="32.05575560219585895538330078125" lon="118.73021691106259822845458984375">
        <ele>8</ele>
        <time>2020-10-29T03:26:50.000Z</time>
        <extensions>
          <ns3:TrackPointExtension>
            <ns3:hr>155</ns3:hr>
          </ns3:TrackPointExtension>
        </extensions>
      </trkpt>
      <trkpt lat="32.0557479746639728546142578125" lon="118.7301940284669399261474609375">
        <ele>8</ele>
        <time>2020-10-29T03:26:51.000Z</time>
        <extensions>
          <ns3:TrackPointExtension/>
        </extensions>
      </trkpt>
      <trkpt lat="32.05574034713208675384521484375" lon="118.73017114587128162384033203125">
        <ele>8</ele>
        <time>2020-10-29T03:26:52.000Z</time>
        <extensions>
          <ns3:TrackPointExtension/>
        </extensions>
      </trkpt>
      <trkpt lat="32.055732719600200653076171875" lon="118.73014063574373722076416015625">
        <ele>8</ele>
        <time>2020-10-29T03:26:53.000Z</time>
        <extensions>
          <ns3:TrackPointExtension/>
        </extensions>
      </trkpt>
      <trkpt lat="32.0557288639247417449951171875" lon="118.73011775314807891845703125">
        <ele>8</ele>
        <time>2020-10-29T03:26:54.000Z</time>
        <extensions>
          <ns3:TrackPointExtension/>
        </extensions>
      </trkpt>
      <trkpt lat="32.05572509206831455230712890625" lon="118.730087243020534515380859375">
        <ele>8</ele>
        <time>2020-10-29T03:26:55.000Z</time>
        <extensions>
          <ns3:TrackPointExtension>
            <ns3:hr>156</ns3:hr>
          </ns3:TrackPointExtension>
        </extensions>
      </trkpt>
      <trkpt lat="32.05572123639285564422607421875" lon="118.7300567328929901123046875">
        <ele>8</ele>
        <time>2020-10-29T03:26:56.000Z</time>
        <extensions>
          <ns3:TrackPointExtension/>
        </extensions>
      </trkpt>
      <trkpt lat="32.05572123639285564422607421875" lon="118.73003385029733180999755859375">
        <ele>7.80000019073486328125</ele>
        <time>2020-10-29T03:26:57.000Z</time>
        <extensions>
          <ns3:TrackPointExtension/>
        </extensions>
      </trkpt>
      <trkpt lat="32.0557174645364284515380859375" lon="118.73000334016978740692138671875">
        <ele>7.599999904632568359375</ele>
        <time>2020-10-29T03:26:58.000Z</time>
        <extensions>
          <ns3:TrackPointExtension/>
        </extensions>
      </trkpt>
      <trkpt lat="32.05572123639285564422607421875" lon="118.72997283004224300384521484375">
        <ele>7.400000095367431640625</ele>
        <time>2020-10-29T03:26:59.000Z</time>
        <extensions>
          <ns3:TrackPointExtension/>
        </extensions>
      </trkpt>
      <trkpt lat="32.05572123639285564422607421875" lon="118.72994231991469860076904296875">
        <ele>7</ele>
        <time>2020-10-29T03:27:00.000Z</time>
        <extensions>
          <ns3:TrackPointExtension>
            <ns3:hr>154</ns3:hr>
          </ns3:TrackPointExtension>
        </extensions>
      </trkpt>
      <trkpt lat="32.05572123639285564422607421875" lon="118.7299117259681224822998046875">
        <ele>6.80000019073486328125</ele>
        <time>2020-10-29T03:27:01.000Z</time>
        <extensions>
          <ns3:TrackPointExtension/>
        </extensions>
      </trkpt>
      <trkpt lat="32.05572509206831455230712890625" lon="118.7298812158405780792236328125">
        <ele>6.599999904632568359375</ele>
        <time>2020-10-29T03:27:02.000Z</time>
        <extensions>
          <ns3:TrackPointExtension/>
        </extensions>
      </trkpt>
      <trkpt lat="32.0557288639247417449951171875" lon="118.7298507057130336761474609375">
        <ele>6.400000095367431640625</ele>
        <time>2020-10-29T03:27:03.000Z</time>
        <extensions>
          <ns3:TrackPointExtension/>
        </extensions>
      </trkpt>
      <trkpt lat="32.0557288639247417449951171875" lon="118.72982782311737537384033203125">
        <ele>6.19999980926513671875</ele>
        <time>2020-10-29T03:27:04.000Z</time>
        <extensions>
          <ns3:TrackPointExtension/>
        </extensions>
      </trkpt>
      <trkpt lat="32.055732719600200653076171875" lon="118.72979731298983097076416015625">
        <ele>6</ele>
        <time>2020-10-29T03:27:05.000Z</time>
        <extensions>
          <ns3:TrackPointExtension>
            <ns3:hr>158</ns3:hr>
          </ns3:TrackPointExtension>
        </extensions>
      </trkpt>
      <trkpt lat="32.05573649145662784576416015625" lon="118.72976680286228656768798828125">
        <ele>6</ele>
        <time>2020-10-29T03:27:06.000Z</time>
        <extensions>
          <ns3:TrackPointExtension/>
        </extensions>
      </trkpt>
      <trkpt lat="32.05574034713208675384521484375" lon="118.729743920266628265380859375">
        <ele>5.80000019073486328125</ele>
        <time>2020-10-29T03:27:07.000Z</time>
        <extensions>
          <ns3:TrackPointExtension/>
        </extensions>
      </trkpt>
      <trkpt lat="32.055744118988513946533203125" lon="118.72972103767096996307373046875">
        <ele>5.80000019073486328125</ele>
        <time>2020-10-29T03:27:08.000Z</time>
        <extensions>
          <ns3:TrackPointExtension/>
        </extensions>
      </trkpt>
      <trkpt lat="32.055744118988513946533203125" lon="118.72969052754342555999755859375">
        <ele>5.599999904632568359375</ele>
        <time>2020-10-29T03:27:09.000Z</time>
        <extensions>
          <ns3:TrackPointExtension/>
        </extensions>
      </trkpt>
      <trkpt lat="32.0557479746639728546142578125" lon="118.7296676449477672576904296875">
        <ele>5.599999904632568359375</ele>
        <time>2020-10-29T03:27:10.000Z</time>
        <extensions>
          <ns3:TrackPointExtension>
            <ns3:hr>159</ns3:hr>
          </ns3:TrackPointExtension>
        </extensions>
      </trkpt>
      <trkpt lat="32.0557479746639728546142578125" lon="118.72964476235210895538330078125">
        <ele>5.400000095367431640625</ele>
        <time>2020-10-29T03:27:11.000Z</time>
        <extensions>
          <ns3:TrackPointExtension/>
        </extensions>
      </trkpt>
      <trkpt lat="32.0557479746639728546142578125" lon="118.729621879756450653076171875">
        <ele>5.400000095367431640625</ele>
        <time>2020-10-29T03:27:12.000Z</time>
        <extensions>
          <ns3:TrackPointExtension/>
        </extensions>
      </trkpt>
      <trkpt lat="32.0557479746639728546142578125" lon="118.72959899716079235076904296875">
        <ele>5.400000095367431640625</ele>
        <time>2020-10-29T03:27:13.000Z</time>
        <extensions>
          <ns3:TrackPointExtension/>
        </extensions>
      </trkpt>
      <trkpt lat="32.055744118988513946533203125" lon="118.72957603074610233306884765625">
        <ele>5.19999980926513671875</ele>
        <time>2020-10-29T03:27:14.000Z</time>
        <extensions>
          <ns3:TrackPointExtension/>
        </extensions>
      </trkpt>
      <trkpt lat="32.055744118988513946533203125" lon="118.72955314815044403076171875">
        <ele>5.19999980926513671875</ele>
        <time>2020-10-29T03:27:15.000Z</time>
        <extensions>
          <ns3:TrackPointExtension>
            <ns3:hr>162</ns3:hr>
          </ns3:TrackPointExtension>
        </extensions>
      </trkpt>
      <trkpt lat="32.05574034713208675384521484375" lon="118.7295378930866718292236328125">
        <ele>5.19999980926513671875</ele>
        <time>2020-10-29T03:27:16.000Z</time>
        <extensions>
          <ns3:TrackPointExtension/>
        </extensions>
      </trkpt>
      <trkpt lat="32.05573649145662784576416015625" lon="118.72951501049101352691650390625">
        <ele>5</ele>
        <time>2020-10-29T03:27:17.000Z</time>
        <extensions>
          <ns3:TrackPointExtension/>
        </extensions>
      </trkpt>
      <trkpt lat="32.05573649145662784576416015625" lon="118.729492127895355224609375">
        <ele>4.80000019073486328125</ele>
        <time>2020-10-29T03:27:18.000Z</time>
        <extensions>
          <ns3:TrackPointExtension/>
        </extensions>
      </trkpt>
      <trkpt lat="32.055732719600200653076171875" lon="118.72946924529969692230224609375">
        <ele>4.80000019073486328125</ele>
        <time>2020-10-29T03:27:19.000Z</time>
        <extensions>
          <ns3:TrackPointExtension/>
        </extensions>
      </trkpt>
      <trkpt lat="32.05572509206831455230712890625" lon="118.7294463627040386199951171875">
        <ele>4.80000019073486328125</ele>
        <time>2020-10-29T03:27:20.000Z</time>
        <extensions>
          <ns3:TrackPointExtension>
            <ns3:hr>160</ns3:hr>
          </ns3:TrackPointExtension>
        </extensions>
      </trkpt>
      <trkpt lat="32.05572123639285564422607421875" lon="118.72942348010838031768798828125">
        <ele>4.599999904632568359375</ele>
        <time>2020-10-29T03:27:21.000Z</time>
        <extensions>
          <ns3:TrackPointExtension/>
        </extensions>
      </trkpt>
      <trkpt lat="32.0557174645364284515380859375" lon="118.729400597512722015380859375">
        <ele>4.599999904632568359375</ele>
        <time>2020-10-29T03:27:22.000Z</time>
        <extensions>
          <ns3:TrackPointExtension/>
        </extensions>
      </trkpt>
      <trkpt lat="32.05570983700454235076904296875" lon="118.72937771491706371307373046875">
        <ele>4.599999904632568359375</ele>
        <time>2020-10-29T03:27:23.000Z</time>
        <extensions>
          <ns3:TrackPointExtension/>
        </extensions>
      </trkpt>
      <trkpt lat="32.05570598132908344268798828125" lon="118.7293548323214054107666015625">
        <ele>4.400000095367431640625</ele>
        <time>2020-10-29T03:27:24.000Z</time>
        <extensions>
          <ns3:TrackPointExtension/>
        </extensions>
      </trkpt>
      <trkpt lat="32.0556983537971973419189453125" lon="118.72933194972574710845947265625">
        <ele>4.400000095367431640625</ele>
        <time>2020-10-29T03:27:25.000Z</time>
        <extensions>
          <ns3:TrackPointExtension>
            <ns3:hr>154</ns3:hr>
          </ns3:TrackPointExtension>
        </extensions>
      </trkpt>
      <trkpt lat="32.05569072626531124114990234375" lon="118.72930906713008880615234375">
        <ele>4.400000095367431640625</ele>
        <time>2020-10-29T03:27:26.000Z</time>
        <extensions>
          <ns3:TrackPointExtension/>
        </extensions>
      </trkpt>
      <trkpt lat="32.05568687058985233306884765625" lon="118.72928618453443050384521484375">
        <ele>4.400000095367431640625</ele>
        <time>2020-10-29T03:27:27.000Z</time>
        <extensions>
          <ns3:TrackPointExtension/>
        </extensions>
      </trkpt>
      <trkpt lat="32.0556792430579662322998046875" lon="118.72925567440688610076904296875">
        <ele>4.400000095367431640625</ele>
        <time>2020-10-29T03:27:28.000Z</time>
        <extensions>
          <ns3:TrackPointExtension/>
        </extensions>
      </trkpt>
      <trkpt lat="32.05567547120153903961181640625" lon="118.72923270799219608306884765625">
        <ele>4.19999980926513671875</ele>
        <time>2020-10-29T03:27:29.000Z</time>
        <extensions>
          <ns3:TrackPointExtension/>
        </extensions>
      </trkpt>
      <trkpt lat="32.05567161552608013153076171875" lon="118.72920982539653778076171875">
        <ele>4.19999980926513671875</ele>
        <time>2020-10-29T03:27:30.000Z</time>
        <extensions>
          <ns3:TrackPointExtension>
            <ns3:hr>159</ns3:hr>
            <ns3:cad>78</ns3:cad>
          </ns3:TrackPointExtension>
        </extensions>
      </trkpt>
      <trkpt lat="32.0556678436696529388427734375" lon="118.729179315268993377685546875">
        <ele>4.19999980926513671875</ele>
        <time>2020-10-29T03:27:31.000Z</time>
        <extensions>
          <ns3:TrackPointExtension/>
        </extensions>
      </trkpt>
      <trkpt lat="32.05566398799419403076171875" lon="118.72915643267333507537841796875">
        <ele>4.19999980926513671875</ele>
        <time>2020-10-29T03:27:32.000Z</time>
        <extensions>
          <ns3:TrackPointExtension/>
        </extensions>
      </trkpt>
      <trkpt lat="32.05566398799419403076171875" lon="118.72912592254579067230224609375">
        <ele>4.400000095367431640625</ele>
        <time>2020-10-29T03:27:33.000Z</time>
        <extensions>
          <ns3:TrackPointExtension/>
        </extensions>
      </trkpt>
      <trkpt lat="32.05566398799419403076171875" lon="118.7291030399501323699951171875">
        <ele>4.400000095367431640625</ele>
        <time>2020-10-29T03:27:34.000Z</time>
        <extensions>
          <ns3:TrackPointExtension/>
        </extensions>
      </trkpt>
      <trkpt lat="32.0556678436696529388427734375" lon="118.7290725298225879669189453125">
        <ele>4.599999904632568359375</ele>
        <time>2020-10-29T03:27:35.000Z</time>
        <extensions>
          <ns3:TrackPointExtension>
            <ns3:hr>159</ns3:hr>
          </ns3:TrackPointExtension>
        </extensions>
      </trkpt>
      <trkpt lat="32.05567161552608013153076171875" lon="118.72904964722692966461181640625">
        <ele>4.599999904632568359375</ele>
        <time>2020-10-29T03:27:36.000Z</time>
        <extensions>
          <ns3:TrackPointExtension/>
        </extensions>
      </trkpt>
      <trkpt lat="32.05567547120153903961181640625" lon="118.72901913709938526153564453125">
        <ele>4.80000019073486328125</ele>
        <time>2020-10-29T03:27:37.000Z</time>
        <extensions>
          <ns3:TrackPointExtension/>
        </extensions>
      </trkpt>
      <trkpt lat="32.0556792430579662322998046875" lon="118.728996254503726959228515625">
        <ele>4.80000019073486328125</ele>
        <time>2020-10-29T03:27:38.000Z</time>
        <extensions>
          <ns3:TrackPointExtension/>
        </extensions>
      </trkpt>
      <trkpt lat="32.055683098733425140380859375" lon="118.72897337190806865692138671875">
        <ele>5</ele>
        <time>2020-10-29T03:27:39.000Z</time>
        <extensions>
          <ns3:TrackPointExtension/>
        </extensions>
      </trkpt>
      <trkpt lat="32.05568687058985233306884765625" lon="118.72894286178052425384521484375">
        <ele>5</ele>
        <time>2020-10-29T03:27:40.000Z</time>
        <extensions>
          <ns3:TrackPointExtension>
            <ns3:hr>159</ns3:hr>
          </ns3:TrackPointExtension>
        </extensions>
      </trkpt>
      <trkpt lat="32.05568687058985233306884765625" lon="118.7289199791848659515380859375">
        <ele>5.19999980926513671875</ele>
        <time>2020-10-29T03:27:41.000Z</time>
        <extensions>
          <ns3:TrackPointExtension/>
        </extensions>
      </trkpt>
      <trkpt lat="32.05568687058985233306884765625" lon="118.72888938523828983306884765625">
        <ele>5.19999980926513671875</ele>
        <time>2020-10-29T03:27:42.000Z</time>
        <extensions>
          <ns3:TrackPointExtension/>
        </extensions>
      </trkpt>
      <trkpt lat="32.05568687058985233306884765625" lon="118.72886650264263153076171875">
        <ele>5.400000095367431640625</ele>
        <time>2020-10-29T03:27:43.000Z</time>
        <extensions>
          <ns3:TrackPointExtension/>
        </extensions>
      </trkpt>
      <trkpt lat="32.05568687058985233306884765625" lon="118.728835992515087127685546875">
        <ele>5.400000095367431640625</ele>
        <time>2020-10-29T03:27:44.000Z</time>
        <extensions>
          <ns3:TrackPointExtension/>
        </extensions>
      </trkpt>
      <trkpt lat="32.055683098733425140380859375" lon="118.72881310991942882537841796875">
        <ele>5.599999904632568359375</ele>
        <time>2020-10-29T03:27:45.000Z</time>
        <extensions>
          <ns3:TrackPointExtension>
            <ns3:hr>160</ns3:hr>
          </ns3:TrackPointExtension>
        </extensions>
      </trkpt>
      <trkpt lat="32.055683098733425140380859375" lon="118.72878259979188442230224609375">
        <ele>5.599999904632568359375</ele>
        <time>2020-10-29T03:27:46.000Z</time>
        <extensions>
          <ns3:TrackPointExtension/>
        </extensions>
      </trkpt>
      <trkpt lat="32.055683098733425140380859375" lon="118.72875208966434001922607421875">
        <ele>5.80000019073486328125</ele>
        <time>2020-10-29T03:27:47.000Z</time>
        <extensions>
          <ns3:TrackPointExtension/>
        </extensions>
      </trkpt>
      <trkpt lat="32.055683098733425140380859375" lon="118.7287292070686817169189453125">
        <ele>5.80000019073486328125</ele>
        <time>2020-10-29T03:27:48.000Z</time>
        <extensions>
          <ns3:TrackPointExtension/>
        </extensions>
      </trkpt>
      <trkpt lat="32.055683098733425140380859375" lon="118.7286986969411373138427734375">
        <ele>6</ele>
        <time>2020-10-29T03:27:49.000Z</time>
        <extensions>
          <ns3:TrackPointExtension/>
        </extensions>
      </trkpt>
      <trkpt lat="32.055683098733425140380859375" lon="118.7286681868135929107666015625">
        <ele>6</ele>
        <time>2020-10-29T03:27:50.000Z</time>
        <extensions>
          <ns3:TrackPointExtension>
            <ns3:hr>161</ns3:hr>
          </ns3:TrackPointExtension>
        </extensions>
      </trkpt>
      <trkpt lat="32.055683098733425140380859375" lon="118.72864530421793460845947265625">
        <ele>6</ele>
        <time>2020-10-29T03:27:51.000Z</time>
        <extensions>
          <ns3:TrackPointExtension/>
        </extensions>
      </trkpt>
      <trkpt lat="32.055683098733425140380859375" lon="118.72861479409039020538330078125">
        <ele>6.19999980926513671875</ele>
        <time>2020-10-29T03:27:52.000Z</time>
        <extensions>
          <ns3:TrackPointExtension/>
        </extensions>
      </trkpt>
      <trkpt lat="32.055683098733425140380859375" lon="118.72858428396284580230712890625">
        <ele>6.400000095367431640625</ele>
        <time>2020-10-29T03:27:53.000Z</time>
        <extensions>
          <ns3:TrackPointExtension/>
        </extensions>
      </trkpt>
      <trkpt lat="32.05568687058985233306884765625" lon="118.7285614013671875">
        <ele>6.599999904632568359375</ele>
        <time>2020-10-29T03:27:54.000Z</time>
        <extensions>
          <ns3:TrackPointExtension/>
        </extensions>
      </trkpt>
      <trkpt lat="32.05568687058985233306884765625" lon="118.72853080742061138153076171875">
        <ele>6.80000019073486328125</ele>
        <time>2020-10-29T03:27:55.000Z</time>
        <extensions>
          <ns3:TrackPointExtension>
            <ns3:hr>160</ns3:hr>
          </ns3:TrackPointExtension>
        </extensions>
      </trkpt>
      <trkpt lat="32.055683098733425140380859375" lon="118.72850029729306697845458984375">
        <ele>7</ele>
        <time>2020-10-29T03:27:56.000Z</time>
        <extensions>
          <ns3:TrackPointExtension/>
        </extensions>
      </trkpt>
      <trkpt lat="32.055683098733425140380859375" lon="118.7284774146974086761474609375">
        <ele>7.19999980926513671875</ele>
        <time>2020-10-29T03:27:57.000Z</time>
        <extensions>
          <ns3:TrackPointExtension/>
        </extensions>
      </trkpt>
      <trkpt lat="32.0556792430579662322998046875" lon="118.7284469045698642730712890625">
        <ele>7.400000095367431640625</ele>
        <time>2020-10-29T03:27:58.000Z</time>
        <extensions>
          <ns3:TrackPointExtension/>
        </extensions>
      </trkpt>
      <trkpt lat="32.05567547120153903961181640625" lon="118.72842402197420597076416015625">
        <ele>7.599999904632568359375</ele>
        <time>2020-10-29T03:27:59.000Z</time>
        <extensions>
          <ns3:TrackPointExtension/>
        </extensions>
      </trkpt>
      <trkpt lat="32.0556678436696529388427734375" lon="118.72839351184666156768798828125">
        <ele>7.80000019073486328125</ele>
        <time>2020-10-29T03:28:00.000Z</time>
        <extensions>
          <ns3:TrackPointExtension>
            <ns3:hr>160</ns3:hr>
          </ns3:TrackPointExtension>
        </extensions>
      </trkpt>
      <trkpt lat="32.05566398799419403076171875" lon="118.72836300171911716461181640625">
        <ele>8</ele>
        <time>2020-10-29T03:28:01.000Z</time>
        <extensions>
          <ns3:TrackPointExtension/>
        </extensions>
      </trkpt>
      <trkpt lat="32.05566021613776683807373046875" lon="118.7283401191234588623046875">
        <ele>8</ele>
        <time>2020-10-29T03:28:02.000Z</time>
        <extensions>
          <ns3:TrackPointExtension/>
        </extensions>
      </trkpt>
      <trkpt lat="32.05565636046230792999267578125" lon="118.728309608995914459228515625">
        <ele>8</ele>
        <time>2020-10-29T03:28:03.000Z</time>
        <extensions>
          <ns3:TrackPointExtension/>
        </extensions>
      </trkpt>
      <trkpt lat="32.0556525886058807373046875" lon="118.72828672640025615692138671875">
        <ele>8</ele>
        <time>2020-10-29T03:28:04.000Z</time>
        <extensions>
          <ns3:TrackPointExtension/>
        </extensions>
      </trkpt>
      <trkpt lat="32.0556487329304218292236328125" lon="118.72825621627271175384521484375">
        <ele>8</ele>
        <time>2020-10-29T03:28:05.000Z</time>
        <extensions>
          <ns3:TrackPointExtension>
            <ns3:hr>155</ns3:hr>
          </ns3:TrackPointExtension>
        </extensions>
      </trkpt>
      <trkpt lat="32.0556487329304218292236328125" lon="118.7282333336770534515380859375">
        <ele>8</ele>
        <time>2020-10-29T03:28:06.000Z</time>
        <extensions>
          <ns3:TrackPointExtension/>
        </extensions>
      </trkpt>
      <trkpt lat="32.05564496107399463653564453125" lon="118.72820273973047733306884765625">
        <ele>8</ele>
        <time>2020-10-29T03:28:07.000Z</time>
        <extensions>
          <ns3:TrackPointExtension/>
        </extensions>
      </trkpt>
      <trkpt lat="32.05564496107399463653564453125" lon="118.72817985713481903076171875">
        <ele>8</ele>
        <time>2020-10-29T03:28:08.000Z</time>
        <extensions>
          <ns3:TrackPointExtension/>
        </extensions>
      </trkpt>
      <trkpt lat="32.05564496107399463653564453125" lon="118.728149347007274627685546875">
        <ele>8</ele>
        <time>2020-10-29T03:28:09.000Z</time>
        <extensions>
          <ns3:TrackPointExtension/>
        </extensions>
      </trkpt>
      <trkpt lat="32.05564496107399463653564453125" lon="118.72812646441161632537841796875">
        <ele>8</ele>
        <time>2020-10-29T03:28:10.000Z</time>
        <extensions>
          <ns3:TrackPointExtension>
            <ns3:hr>157</ns3:hr>
          </ns3:TrackPointExtension>
        </extensions>
      </trkpt>
      <trkpt lat="32.05564110539853572845458984375" lon="118.7281035818159580230712890625">
        <ele>8</ele>
        <time>2020-10-29T03:28:11.000Z</time>
        <extensions>
          <ns3:TrackPointExtension/>
        </extensions>
      </trkpt>
      <trkpt lat="32.05564110539853572845458984375" lon="118.7280730716884136199951171875">
        <ele>8</ele>
        <time>2020-10-29T03:28:12.000Z</time>
        <extensions>
          <ns3:TrackPointExtension/>
        </extensions>
      </trkpt>
      <trkpt lat="32.05564110539853572845458984375" lon="118.72805018909275531768798828125">
        <ele>8</ele>
        <time>2020-10-29T03:28:13.000Z</time>
        <extensions>
          <ns3:TrackPointExtension/>
        </extensions>
      </trkpt>
      <trkpt lat="32.0556373335421085357666015625" lon="118.72801967896521091461181640625">
        <ele>8</ele>
        <time>2020-10-29T03:28:14.000Z</time>
        <extensions>
          <ns3:TrackPointExtension/>
        </extensions>
      </trkpt>
      <trkpt lat="32.0556373335421085357666015625" lon="118.7279967963695526123046875">
        <ele>8</ele>
        <time>2020-10-29T03:28:15.000Z</time>
        <extensions>
          <ns3:TrackPointExtension>
            <ns3:hr>156</ns3:hr>
          </ns3:TrackPointExtension>
        </extensions>
      </trkpt>
      <trkpt lat="32.055633477866649627685546875" lon="118.72797391377389430999755859375">
        <ele>8</ele>
        <time>2020-10-29T03:28:16.000Z</time>
        <extensions>
          <ns3:TrackPointExtension/>
        </extensions>
      </trkpt>
      <trkpt lat="32.05562970601022243499755859375" lon="118.72794340364634990692138671875">
        <ele>8</ele>
        <time>2020-10-29T03:28:17.000Z</time>
        <extensions>
          <ns3:TrackPointExtension/>
        </extensions>
      </trkpt>
      <trkpt lat="32.05562970601022243499755859375" lon="118.72791289351880550384521484375">
        <ele>8</ele>
        <time>2020-10-29T03:28:18.000Z</time>
        <extensions>
          <ns3:TrackPointExtension/>
        </extensions>
      </trkpt>
      <trkpt lat="32.05562585033476352691650390625" lon="118.7278900109231472015380859375">
        <ele>8</ele>
        <time>2020-10-29T03:28:19.000Z</time>
        <extensions>
          <ns3:TrackPointExtension/>
        </extensions>
      </trkpt>
      <trkpt lat="32.05562585033476352691650390625" lon="118.72785941697657108306884765625">
        <ele>8</ele>
        <time>2020-10-29T03:28:20.000Z</time>
        <extensions>
          <ns3:TrackPointExtension>
            <ns3:hr>155</ns3:hr>
          </ns3:TrackPointExtension>
        </extensions>
      </trkpt>
      <trkpt lat="32.05562585033476352691650390625" lon="118.72782890684902667999267578125">
        <ele>8</ele>
        <time>2020-10-29T03:28:21.000Z</time>
        <extensions>
          <ns3:TrackPointExtension/>
        </extensions>
      </trkpt>
      <trkpt lat="32.05562585033476352691650390625" lon="118.727806024253368377685546875">
        <ele>8.19999980926513671875</ele>
        <time>2020-10-29T03:28:22.000Z</time>
        <extensions>
          <ns3:TrackPointExtension/>
        </extensions>
      </trkpt>
      <trkpt lat="32.05562970601022243499755859375" lon="118.727775514125823974609375">
        <ele>8.19999980926513671875</ele>
        <time>2020-10-29T03:28:23.000Z</time>
        <extensions>
          <ns3:TrackPointExtension/>
        </extensions>
      </trkpt>
      <trkpt lat="32.05562970601022243499755859375" lon="118.727745003998279571533203125">
        <ele>8.19999980926513671875</ele>
        <time>2020-10-29T03:28:24.000Z</time>
        <extensions>
          <ns3:TrackPointExtension/>
        </extensions>
      </trkpt>
      <trkpt lat="32.055633477866649627685546875" lon="118.72771449387073516845703125">
        <ele>8</ele>
        <time>2020-10-29T03:28:25.000Z</time>
        <extensions>
          <ns3:TrackPointExtension>
            <ns3:hr>158</ns3:hr>
          </ns3:TrackPointExtension>
        </extensions>
      </trkpt>
      <trkpt lat="32.0556373335421085357666015625" lon="118.727683983743190765380859375">
        <ele>8</ele>
        <time>2020-10-29T03:28:26.000Z</time>
        <extensions>
          <ns3:TrackPointExtension/>
        </extensions>
      </trkpt>
      <trkpt lat="32.05564110539853572845458984375" lon="118.72766110114753246307373046875">
        <ele>7.80000019073486328125</ele>
        <time>2020-10-29T03:28:27.000Z</time>
        <extensions>
          <ns3:TrackPointExtension/>
        </extensions>
      </trkpt>
      <trkpt lat="32.05564496107399463653564453125" lon="118.72763059101998805999755859375">
        <ele>7.80000019073486328125</ele>
        <time>2020-10-29T03:28:28.000Z</time>
        <extensions>
          <ns3:TrackPointExtension/>
        </extensions>
      </trkpt>
      <trkpt lat="32.0556487329304218292236328125" lon="118.72760008089244365692138671875">
        <ele>7.599999904632568359375</ele>
        <time>2020-10-29T03:28:29.000Z</time>
        <extensions>
          <ns3:TrackPointExtension/>
        </extensions>
      </trkpt>
      <trkpt lat="32.05565636046230792999267578125" lon="118.72756957076489925384521484375">
        <ele>7.400000095367431640625</ele>
        <time>2020-10-29T03:28:30.000Z</time>
        <extensions>
          <ns3:TrackPointExtension>
            <ns3:hr>159</ns3:hr>
            <ns3:cad>78</ns3:cad>
          </ns3:TrackPointExtension>
        </extensions>
      </trkpt>
      <trkpt lat="32.05566021613776683807373046875" lon="118.72753906063735485076904296875">
        <ele>7.19999980926513671875</ele>
        <time>2020-10-29T03:28:31.000Z</time>
        <extensions>
          <ns3:TrackPointExtension/>
        </extensions>
      </trkpt>
      <trkpt lat="32.05566398799419403076171875" lon="118.7275084666907787322998046875">
        <ele>7</ele>
        <time>2020-10-29T03:28:32.000Z</time>
        <extensions>
          <ns3:TrackPointExtension/>
        </extensions>
      </trkpt>
      <trkpt lat="32.05566398799419403076171875" lon="118.72748558409512042999267578125">
        <ele>6.80000019073486328125</ele>
        <time>2020-10-29T03:28:33.000Z</time>
        <extensions>
          <ns3:TrackPointExtension/>
        </extensions>
      </trkpt>
      <trkpt lat="32.0556678436696529388427734375" lon="118.72745507396757602691650390625">
        <ele>6.80000019073486328125</ele>
        <time>2020-10-29T03:28:34.000Z</time>
        <extensions>
          <ns3:TrackPointExtension/>
        </extensions>
      </trkpt>
      <trkpt lat="32.0556678436696529388427734375" lon="118.72742456384003162384033203125">
        <ele>6.599999904632568359375</ele>
        <time>2020-10-29T03:28:35.000Z</time>
        <extensions>
          <ns3:TrackPointExtension>
            <ns3:hr>159</ns3:hr>
          </ns3:TrackPointExtension>
        </extensions>
      </trkpt>
      <trkpt lat="32.0556678436696529388427734375" lon="118.72739405371248722076416015625">
        <ele>6.599999904632568359375</ele>
        <time>2020-10-29T03:28:36.000Z</time>
        <extensions>
          <ns3:TrackPointExtension/>
        </extensions>
      </trkpt>
      <trkpt lat="32.0556678436696529388427734375" lon="118.72736354358494281768798828125">
        <ele>6.400000095367431640625</ele>
        <time>2020-10-29T03:28:37.000Z</time>
        <extensions>
          <ns3:TrackPointExtension/>
        </extensions>
      </trkpt>
      <trkpt lat="32.0556678436696529388427734375" lon="118.72733303345739841461181640625">
        <ele>6.400000095367431640625</ele>
        <time>2020-10-29T03:28:38.000Z</time>
        <extensions>
          <ns3:TrackPointExtension/>
        </extensions>
      </trkpt>
      <trkpt lat="32.05566398799419403076171875" lon="118.72730252332985401153564453125">
        <ele>6.19999980926513671875</ele>
        <time>2020-10-29T03:28:39.000Z</time>
        <extensions>
          <ns3:TrackPointExtension/>
        </extensions>
      </trkpt>
      <trkpt lat="32.05566398799419403076171875" lon="118.72727201320230960845947265625">
        <ele>6.19999980926513671875</ele>
        <time>2020-10-29T03:28:40.000Z</time>
        <extensions>
          <ns3:TrackPointExtension>
            <ns3:hr>162</ns3:hr>
          </ns3:TrackPointExtension>
        </extensions>
      </trkpt>
      <trkpt lat="32.05566021613776683807373046875" lon="118.72724150307476520538330078125">
        <ele>6.19999980926513671875</ele>
        <time>2020-10-29T03:28:41.000Z</time>
        <extensions>
          <ns3:TrackPointExtension/>
        </extensions>
      </trkpt>
      <trkpt lat="32.05566398799419403076171875" lon="118.72721099294722080230712890625">
        <ele>6</ele>
        <time>2020-10-29T03:28:42.000Z</time>
        <extensions>
          <ns3:TrackPointExtension/>
        </extensions>
      </trkpt>
      <trkpt lat="32.05566398799419403076171875" lon="118.727180399000644683837890625">
        <ele>6</ele>
        <time>2020-10-29T03:28:43.000Z</time>
        <extensions>
          <ns3:TrackPointExtension/>
        </extensions>
      </trkpt>
      <trkpt lat="32.0556678436696529388427734375" lon="118.72715751640498638153076171875">
        <ele>5.80000019073486328125</ele>
        <time>2020-10-29T03:28:44.000Z</time>
        <extensions>
          <ns3:TrackPointExtension/>
        </extensions>
      </trkpt>
      <trkpt lat="32.05567547120153903961181640625" lon="118.72712700627744197845458984375">
        <ele>5.599999904632568359375</ele>
        <time>2020-10-29T03:28:45.000Z</time>
        <extensions>
          <ns3:TrackPointExtension>
            <ns3:hr>165</ns3:hr>
          </ns3:TrackPointExtension>
        </extensions>
      </trkpt>
      <trkpt lat="32.055683098733425140380859375" lon="118.72709649614989757537841796875">
        <ele>5.599999904632568359375</ele>
        <time>2020-10-29T03:28:46.000Z</time>
        <extensions>
          <ns3:TrackPointExtension/>
        </extensions>
      </trkpt>
      <trkpt lat="32.05569072626531124114990234375" lon="118.7270736135542392730712890625">
        <ele>5.400000095367431640625</ele>
        <time>2020-10-29T03:28:47.000Z</time>
        <extensions>
          <ns3:TrackPointExtension/>
        </extensions>
      </trkpt>
      <trkpt lat="32.05570220947265625" lon="118.7270431034266948699951171875">
        <ele>5.19999980926513671875</ele>
        <time>2020-10-29T03:28:48.000Z</time>
        <extensions>
          <ns3:TrackPointExtension/>
        </extensions>
      </trkpt>
      <trkpt lat="32.05571360886096954345703125" lon="118.7270125932991504669189453125">
        <ele>5</ele>
        <time>2020-10-29T03:28:49.000Z</time>
        <extensions>
          <ns3:TrackPointExtension/>
        </extensions>
      </trkpt>
      <trkpt lat="32.05572509206831455230712890625" lon="118.72698971070349216461181640625">
        <ele>5.19999980926513671875</ele>
        <time>2020-10-29T03:28:50.000Z</time>
        <extensions>
          <ns3:TrackPointExtension>
            <ns3:hr>165</ns3:hr>
          </ns3:TrackPointExtension>
        </extensions>
      </trkpt>
      <trkpt lat="32.055732719600200653076171875" lon="118.72695920057594776153564453125">
        <ele>5.19999980926513671875</ele>
        <time>2020-10-29T03:28:51.000Z</time>
        <extensions>
          <ns3:TrackPointExtension/>
        </extensions>
      </trkpt>
      <trkpt lat="32.05574034713208675384521484375" lon="118.726936317980289459228515625">
        <ele>5.400000095367431640625</ele>
        <time>2020-10-29T03:28:52.000Z</time>
        <extensions>
          <ns3:TrackPointExtension/>
        </extensions>
      </trkpt>
      <trkpt lat="32.0557479746639728546142578125" lon="118.72690580785274505615234375">
        <ele>5.599999904632568359375</ele>
        <time>2020-10-29T03:28:53.000Z</time>
        <extensions>
          <ns3:TrackPointExtension/>
        </extensions>
      </trkpt>
      <trkpt lat="32.05575174652040004730224609375" lon="118.72688292525708675384521484375">
        <ele>5.599999904632568359375</ele>
        <time>2020-10-29T03:28:54.000Z</time>
        <extensions>
          <ns3:TrackPointExtension/>
        </extensions>
      </trkpt>
      <trkpt lat="32.05575174652040004730224609375" lon="118.7268600426614284515380859375">
        <ele>5.599999904632568359375</ele>
        <time>2020-10-29T03:28:55.000Z</time>
        <extensions>
          <ns3:TrackPointExtension>
            <ns3:hr>165</ns3:hr>
          </ns3:TrackPointExtension>
        </extensions>
      </trkpt>
      <trkpt lat="32.05575174652040004730224609375" lon="118.72682944871485233306884765625">
        <ele>5.80000019073486328125</ele>
        <time>2020-10-29T03:28:56.000Z</time>
        <extensions>
          <ns3:TrackPointExtension/>
        </extensions>
      </trkpt>
      <trkpt lat="32.05575174652040004730224609375" lon="118.72680656611919403076171875">
        <ele>5.80000019073486328125</ele>
        <time>2020-10-29T03:28:57.000Z</time>
        <extensions>
          <ns3:TrackPointExtension/>
        </extensions>
      </trkpt>
      <trkpt lat="32.05575174652040004730224609375" lon="118.72678368352353572845458984375">
        <ele>6</ele>
        <time>2020-10-29T03:28:58.000Z</time>
        <extensions>
          <ns3:TrackPointExtension/>
        </extensions>
      </trkpt>
      <trkpt lat="32.0557479746639728546142578125" lon="118.72675317339599132537841796875">
        <ele>6</ele>
        <time>2020-10-29T03:28:59.000Z</time>
        <extensions>
          <ns3:TrackPointExtension/>
        </extensions>
      </trkpt>
      <trkpt lat="32.0557479746639728546142578125" lon="118.7267302908003330230712890625">
        <ele>6.19999980926513671875</ele>
        <time>2020-10-29T03:29:00.000Z</time>
        <extensions>
          <ns3:TrackPointExtension>
            <ns3:hr>164</ns3:hr>
          </ns3:TrackPointExtension>
        </extensions>
      </trkpt>
      <trkpt lat="32.0557479746639728546142578125" lon="118.72670740820467472076416015625">
        <ele>6.19999980926513671875</ele>
        <time>2020-10-29T03:29:01.000Z</time>
        <extensions>
          <ns3:TrackPointExtension/>
        </extensions>
      </trkpt>
      <trkpt lat="32.05575174652040004730224609375" lon="118.72668452560901641845703125">
        <ele>6.400000095367431640625</ele>
        <time>2020-10-29T03:29:02.000Z</time>
        <extensions>
          <ns3:TrackPointExtension/>
        </extensions>
      </trkpt>
      <trkpt lat="32.05575174652040004730224609375" lon="118.726654015481472015380859375">
        <ele>6.599999904632568359375</ele>
        <time>2020-10-29T03:29:03.000Z</time>
        <extensions>
          <ns3:TrackPointExtension/>
        </extensions>
      </trkpt>
      <trkpt lat="32.05575560219585895538330078125" lon="118.72663113288581371307373046875">
        <ele>6.80000019073486328125</ele>
        <time>2020-10-29T03:29:04.000Z</time>
        <extensions>
          <ns3:TrackPointExtension/>
        </extensions>
      </trkpt>
      <trkpt lat="32.05576322972774505615234375" lon="118.7266082502901554107666015625">
        <ele>7</ele>
        <time>2020-10-29T03:29:05.000Z</time>
        <extensions>
          <ns3:TrackPointExtension>
            <ns3:hr>165</ns3:hr>
          </ns3:TrackPointExtension>
        </extensions>
      </trkpt>
      <trkpt lat="32.05576700158417224884033203125" lon="118.7265777401626110076904296875">
        <ele>7.19999980926513671875</ele>
        <time>2020-10-29T03:29:06.000Z</time>
        <extensions>
          <ns3:TrackPointExtension/>
        </extensions>
      </trkpt>
      <trkpt lat="32.05577085725963115692138671875" lon="118.72655485756695270538330078125">
        <ele>7.400000095367431640625</ele>
        <time>2020-10-29T03:29:07.000Z</time>
        <extensions>
          <ns3:TrackPointExtension/>
        </extensions>
      </trkpt>
      <trkpt lat="32.05577085725963115692138671875" lon="118.726531974971294403076171875">
        <ele>7.599999904632568359375</ele>
        <time>2020-10-29T03:29:08.000Z</time>
        <extensions>
          <ns3:TrackPointExtension/>
        </extensions>
      </trkpt>
      <trkpt lat="32.055774629116058349609375" lon="118.72650146484375">
        <ele>7.80000019073486328125</ele>
        <time>2020-10-29T03:29:09.000Z</time>
        <extensions>
          <ns3:TrackPointExtension/>
        </extensions>
      </trkpt>
      <trkpt lat="32.0557784847915172576904296875" lon="118.7264784984290599822998046875">
        <ele>8</ele>
        <time>2020-10-29T03:29:10.000Z</time>
        <extensions>
          <ns3:TrackPointExtension>
            <ns3:hr>162</ns3:hr>
          </ns3:TrackPointExtension>
        </extensions>
      </trkpt>
      <trkpt lat="32.0557784847915172576904296875" lon="118.72645561583340167999267578125">
        <ele>8</ele>
        <time>2020-10-29T03:29:11.000Z</time>
        <extensions>
          <ns3:TrackPointExtension/>
        </extensions>
      </trkpt>
      <trkpt lat="32.05578225664794445037841796875" lon="118.72642510570585727691650390625">
        <ele>8</ele>
        <time>2020-10-29T03:29:12.000Z</time>
        <extensions>
          <ns3:TrackPointExtension/>
        </extensions>
      </trkpt>
      <trkpt lat="32.05578225664794445037841796875" lon="118.726402223110198974609375">
        <ele>8.19999980926513671875</ele>
        <time>2020-10-29T03:29:13.000Z</time>
        <extensions>
          <ns3:TrackPointExtension/>
        </extensions>
      </trkpt>
      <trkpt lat="32.05578225664794445037841796875" lon="118.72637934051454067230224609375">
        <ele>8.19999980926513671875</ele>
        <time>2020-10-29T03:29:14.000Z</time>
        <extensions>
          <ns3:TrackPointExtension/>
        </extensions>
      </trkpt>
      <trkpt lat="32.05578611232340335845947265625" lon="118.72634883038699626922607421875">
        <ele>8.3999996185302734375</ele>
        <time>2020-10-29T03:29:15.000Z</time>
        <extensions>
          <ns3:TrackPointExtension>
            <ns3:hr>162</ns3:hr>
          </ns3:TrackPointExtension>
        </extensions>
      </trkpt>
      <trkpt lat="32.05578611232340335845947265625" lon="118.7263259477913379669189453125">
        <ele>8.3999996185302734375</ele>
        <time>2020-10-29T03:29:16.000Z</time>
        <extensions>
          <ns3:TrackPointExtension/>
        </extensions>
      </trkpt>
      <trkpt lat="32.05578611232340335845947265625" lon="118.72630306519567966461181640625">
        <ele>8.6000003814697265625</ele>
        <time>2020-10-29T03:29:17.000Z</time>
        <extensions>
          <ns3:TrackPointExtension/>
        </extensions>
      </trkpt>
      <trkpt lat="32.05578611232340335845947265625" lon="118.7262801826000213623046875">
        <ele>8.6000003814697265625</ele>
        <time>2020-10-29T03:29:18.000Z</time>
        <extensions>
          <ns3:TrackPointExtension/>
        </extensions>
      </trkpt>
      <trkpt lat="32.05578611232340335845947265625" lon="118.726249672472476959228515625">
        <ele>8.80000019073486328125</ele>
        <time>2020-10-29T03:29:19.000Z</time>
        <extensions>
          <ns3:TrackPointExtension/>
        </extensions>
      </trkpt>
      <trkpt lat="32.05578611232340335845947265625" lon="118.72622678987681865692138671875">
        <ele>8.80000019073486328125</ele>
        <time>2020-10-29T03:29:20.000Z</time>
        <extensions>
          <ns3:TrackPointExtension>
            <ns3:hr>166</ns3:hr>
          </ns3:TrackPointExtension>
        </extensions>
      </trkpt>
      <trkpt lat="32.05578225664794445037841796875" lon="118.7262039072811603546142578125">
        <ele>8.80000019073486328125</ele>
        <time>2020-10-29T03:29:21.000Z</time>
        <extensions>
          <ns3:TrackPointExtension/>
        </extensions>
      </trkpt>
      <trkpt lat="32.05578225664794445037841796875" lon="118.726188652217388153076171875">
        <ele>9</ele>
        <time>2020-10-29T03:29:22.000Z</time>
        <extensions>
          <ns3:TrackPointExtension/>
        </extensions>
      </trkpt>
      <trkpt lat="32.055774629116058349609375" lon="118.72616576962172985076904296875">
        <ele>9</ele>
        <time>2020-10-29T03:29:23.000Z</time>
        <extensions>
          <ns3:TrackPointExtension/>
        </extensions>
      </trkpt>
      <trkpt lat="32.05577085725963115692138671875" lon="118.72614280320703983306884765625">
        <ele>8.80000019073486328125</ele>
        <time>2020-10-29T03:29:24.000Z</time>
        <extensions>
          <ns3:TrackPointExtension/>
        </extensions>
      </trkpt>
      <trkpt lat="32.05576322972774505615234375" lon="118.72611992061138153076171875">
        <ele>8.80000019073486328125</ele>
        <time>2020-10-29T03:29:25.000Z</time>
        <extensions>
          <ns3:TrackPointExtension>
            <ns3:hr>164</ns3:hr>
          </ns3:TrackPointExtension>
        </extensions>
      </trkpt>
      <trkpt lat="32.0557593740522861480712890625" lon="118.72609703801572322845458984375">
        <ele>8.80000019073486328125</ele>
        <time>2020-10-29T03:29:26.000Z</time>
        <extensions>
          <ns3:TrackPointExtension/>
        </extensions>
      </trkpt>
      <trkpt lat="32.05575174652040004730224609375" lon="118.72608178295195102691650390625">
        <ele>8.6000003814697265625</ele>
        <time>2020-10-29T03:29:27.000Z</time>
        <extensions>
          <ns3:TrackPointExtension/>
        </extensions>
      </trkpt>
      <trkpt lat="32.0557479746639728546142578125" lon="118.726058900356292724609375">
        <ele>8.6000003814697265625</ele>
        <time>2020-10-29T03:29:28.000Z</time>
        <extensions>
          <ns3:TrackPointExtension/>
        </extensions>
      </trkpt>
      <trkpt lat="32.055744118988513946533203125" lon="118.72603601776063442230224609375">
        <ele>8.6000003814697265625</ele>
        <time>2020-10-29T03:29:29.000Z</time>
        <extensions>
          <ns3:TrackPointExtension/>
        </extensions>
      </trkpt>
      <trkpt lat="32.05574034713208675384521484375" lon="118.7260131351649761199951171875">
        <ele>8.3999996185302734375</ele>
        <time>2020-10-29T03:29:30.000Z</time>
        <extensions>
          <ns3:TrackPointExtension>
            <ns3:hr>164</ns3:hr>
            <ns3:cad>78</ns3:cad>
          </ns3:TrackPointExtension>
        </extensions>
      </trkpt>
      <trkpt lat="32.05573649145662784576416015625" lon="118.72599788010120391845703125">
        <ele>8.3999996185302734375</ele>
        <time>2020-10-29T03:29:31.000Z</time>
        <extensions>
          <ns3:TrackPointExtension/>
        </extensions>
      </trkpt>
      <trkpt lat="32.055732719600200653076171875" lon="118.72597499750554561614990234375">
        <ele>8.19999980926513671875</ele>
        <time>2020-10-29T03:29:32.000Z</time>
        <extensions>
          <ns3:TrackPointExtension/>
        </extensions>
      </trkpt>
      <trkpt lat="32.055732719600200653076171875" lon="118.7259521149098873138427734375">
        <ele>8.19999980926513671875</ele>
        <time>2020-10-29T03:29:33.000Z</time>
        <extensions>
          <ns3:TrackPointExtension/>
        </extensions>
      </trkpt>
      <trkpt lat="32.055732719600200653076171875" lon="118.72592923231422901153564453125">
        <ele>8.19999980926513671875</ele>
        <time>2020-10-29T03:29:34.000Z</time>
        <extensions>
          <ns3:TrackPointExtension/>
        </extensions>
      </trkpt>
      <trkpt lat="32.0557288639247417449951171875" lon="118.725906349718570709228515625">
        <ele>8</ele>
        <time>2020-10-29T03:29:35.000Z</time>
        <extensions>
          <ns3:TrackPointExtension>
            <ns3:hr>165</ns3:hr>
          </ns3:TrackPointExtension>
        </extensions>
      </trkpt>
      <trkpt lat="32.0557288639247417449951171875" lon="118.7258910946547985076904296875">
        <ele>8</ele>
        <time>2020-10-29T03:29:36.000Z</time>
        <extensions>
          <ns3:TrackPointExtension/>
        </extensions>
      </trkpt>
      <trkpt lat="32.05572509206831455230712890625" lon="118.72586821205914020538330078125">
        <ele>7.80000019073486328125</ele>
        <time>2020-10-29T03:29:37.000Z</time>
        <extensions>
          <ns3:TrackPointExtension/>
        </extensions>
      </trkpt>
      <trkpt lat="32.05572509206831455230712890625" lon="118.725845329463481903076171875">
        <ele>7.80000019073486328125</ele>
        <time>2020-10-29T03:29:38.000Z</time>
        <extensions>
          <ns3:TrackPointExtension/>
        </extensions>
      </trkpt>
      <trkpt lat="32.05572123639285564422607421875" lon="118.72582244686782360076904296875">
        <ele>7.80000019073486328125</ele>
        <time>2020-10-29T03:29:39.000Z</time>
        <extensions>
          <ns3:TrackPointExtension/>
        </extensions>
      </trkpt>
      <trkpt lat="32.05572123639285564422607421875" lon="118.72579948045313358306884765625">
        <ele>7.599999904632568359375</ele>
        <time>2020-10-29T03:29:40.000Z</time>
        <extensions>
          <ns3:TrackPointExtension>
            <ns3:hr>163</ns3:hr>
          </ns3:TrackPointExtension>
        </extensions>
      </trkpt>
      <trkpt lat="32.0557174645364284515380859375" lon="118.72577659785747528076171875">
        <ele>7.599999904632568359375</ele>
        <time>2020-10-29T03:29:41.000Z</time>
        <extensions>
          <ns3:TrackPointExtension/>
        </extensions>
      </trkpt>
      <trkpt lat="32.05571360886096954345703125" lon="118.72575371526181697845458984375">
        <ele>7.400000095367431640625</ele>
        <time>2020-10-29T03:29:42.000Z</time>
        <extensions>
          <ns3:TrackPointExtension/>
        </extensions>
      </trkpt>
      <trkpt lat="32.05570983700454235076904296875" lon="118.7257308326661586761474609375">
        <ele>7.400000095367431640625</ele>
        <time>2020-10-29T03:29:43.000Z</time>
        <extensions>
          <ns3:TrackPointExtension/>
        </extensions>
      </trkpt>
      <trkpt lat="32.05570598132908344268798828125" lon="118.72570795007050037384033203125">
        <ele>7.400000095367431640625</ele>
        <time>2020-10-29T03:29:44.000Z</time>
        <extensions>
          <ns3:TrackPointExtension/>
        </extensions>
      </trkpt>
      <trkpt lat="32.05570220947265625" lon="118.725685067474842071533203125">
        <ele>7.19999980926513671875</ele>
        <time>2020-10-29T03:29:45.000Z</time>
        <extensions>
          <ns3:TrackPointExtension>
            <ns3:hr>162</ns3:hr>
          </ns3:TrackPointExtension>
        </extensions>
      </trkpt>
      <trkpt lat="32.0556983537971973419189453125" lon="118.7256698124110698699951171875">
        <ele>7.19999980926513671875</ele>
        <time>2020-10-29T03:29:46.000Z</time>
        <extensions>
          <ns3:TrackPointExtension/>
        </extensions>
      </trkpt>
      <trkpt lat="32.05569072626531124114990234375" lon="118.72564692981541156768798828125">
        <ele>7.19999980926513671875</ele>
        <time>2020-10-29T03:29:47.000Z</time>
        <extensions>
          <ns3:TrackPointExtension/>
        </extensions>
      </trkpt>
      <trkpt lat="32.05568687058985233306884765625" lon="118.725624047219753265380859375">
        <ele>7.19999980926513671875</ele>
        <time>2020-10-29T03:29:48.000Z</time>
        <extensions>
          <ns3:TrackPointExtension/>
        </extensions>
      </trkpt>
      <trkpt lat="32.055683098733425140380859375" lon="118.7256087921559810638427734375">
        <ele>7.19999980926513671875</ele>
        <time>2020-10-29T03:29:49.000Z</time>
        <extensions>
          <ns3:TrackPointExtension/>
        </extensions>
      </trkpt>
      <trkpt lat="32.05567547120153903961181640625" lon="118.72558590956032276153564453125">
        <ele>7.19999980926513671875</ele>
        <time>2020-10-29T03:29:50.000Z</time>
        <extensions>
          <ns3:TrackPointExtension>
            <ns3:hr>168</ns3:hr>
          </ns3:TrackPointExtension>
        </extensions>
      </trkpt>
      <trkpt lat="32.0556678436696529388427734375" lon="118.72557065449655055999755859375">
        <ele>7.400000095367431640625</ele>
        <time>2020-10-29T03:29:51.000Z</time>
        <extensions>
          <ns3:TrackPointExtension/>
        </extensions>
      </trkpt>
      <trkpt lat="32.05566021613776683807373046875" lon="118.72555539943277835845947265625">
        <ele>7.400000095367431640625</ele>
        <time>2020-10-29T03:29:52.000Z</time>
        <extensions>
          <ns3:TrackPointExtension/>
        </extensions>
      </trkpt>
      <trkpt lat="32.0556525886058807373046875" lon="118.72554014436900615692138671875">
        <ele>7.400000095367431640625</ele>
        <time>2020-10-29T03:29:53.000Z</time>
        <extensions>
          <ns3:TrackPointExtension/>
        </extensions>
      </trkpt>
      <trkpt lat="32.05564110539853572845458984375" lon="118.72552488930523395538330078125">
        <ele>7.400000095367431640625</ele>
        <time>2020-10-29T03:29:54.000Z</time>
        <extensions>
          <ns3:TrackPointExtension/>
        </extensions>
      </trkpt>
      <trkpt lat="32.05562970601022243499755859375" lon="118.72550963424146175384521484375">
        <ele>7.599999904632568359375</ele>
        <time>2020-10-29T03:29:55.000Z</time>
        <extensions>
          <ns3:TrackPointExtension>
            <ns3:hr>164</ns3:hr>
          </ns3:TrackPointExtension>
        </extensions>
      </trkpt>
      <trkpt lat="32.0556182228028774261474609375" lon="118.72549437917768955230712890625">
        <ele>7.599999904632568359375</ele>
        <time>2020-10-29T03:29:56.000Z</time>
        <extensions>
          <ns3:TrackPointExtension/>
        </extensions>
      </trkpt>
      <trkpt lat="32.0556068234145641326904296875" lon="118.7254867516458034515380859375">
        <ele>7.80000019073486328125</ele>
        <time>2020-10-29T03:29:57.000Z</time>
        <extensions>
          <ns3:TrackPointExtension/>
        </extensions>
      </trkpt>
      <trkpt lat="32.05559534020721912384033203125" lon="118.72547149658203125">
        <ele>7.80000019073486328125</ele>
        <time>2020-10-29T03:29:58.000Z</time>
        <extensions>
          <ns3:TrackPointExtension/>
        </extensions>
      </trkpt>
      <trkpt lat="32.05558008514344692230224609375" lon="118.72545615769922733306884765625">
        <ele>8</ele>
        <time>2020-10-29T03:29:59.000Z</time>
        <extensions>
          <ns3:TrackPointExtension/>
        </extensions>
      </trkpt>
      <trkpt lat="32.05556868575513362884521484375" lon="118.72544090263545513153076171875">
        <ele>8</ele>
        <time>2020-10-29T03:30:00.000Z</time>
        <extensions>
          <ns3:TrackPointExtension>
            <ns3:hr>166</ns3:hr>
          </ns3:TrackPointExtension>
        </extensions>
      </trkpt>
      <trkpt lat="32.055561058223247528076171875" lon="118.72542564757168292999267578125">
        <ele>8</ele>
        <time>2020-10-29T03:30:01.000Z</time>
        <extensions>
          <ns3:TrackPointExtension/>
        </extensions>
      </trkpt>
      <trkpt lat="32.05555343069136142730712890625" lon="118.72541039250791072845458984375">
        <ele>8.19999980926513671875</ele>
        <time>2020-10-29T03:30:02.000Z</time>
        <extensions>
          <ns3:TrackPointExtension/>
        </extensions>
      </trkpt>
      <trkpt lat="32.0555458031594753265380859375" lon="118.7253875099122524261474609375">
        <ele>8.19999980926513671875</ele>
        <time>2020-10-29T03:30:03.000Z</time>
        <extensions>
          <ns3:TrackPointExtension/>
        </extensions>
      </trkpt>
      <trkpt lat="32.05554194748401641845703125" lon="118.72536462731659412384033203125">
        <ele>8.19999980926513671875</ele>
        <time>2020-10-29T03:30:04.000Z</time>
        <extensions>
          <ns3:TrackPointExtension/>
        </extensions>
      </trkpt>
      <trkpt lat="32.05553817562758922576904296875" lon="118.725341744720935821533203125">
        <ele>8.19999980926513671875</ele>
        <time>2020-10-29T03:30:05.000Z</time>
        <extensions>
          <ns3:TrackPointExtension>
            <ns3:hr>164</ns3:hr>
          </ns3:TrackPointExtension>
        </extensions>
      </trkpt>
      <trkpt lat="32.05553431995213031768798828125" lon="118.72531886212527751922607421875">
        <ele>8.19999980926513671875</ele>
        <time>2020-10-29T03:30:06.000Z</time>
        <extensions>
          <ns3:TrackPointExtension/>
        </extensions>
      </trkpt>
      <trkpt lat="32.05553431995213031768798828125" lon="118.7252959795296192169189453125">
        <ele>8.19999980926513671875</ele>
        <time>2020-10-29T03:30:07.000Z</time>
        <extensions>
          <ns3:TrackPointExtension/>
        </extensions>
      </trkpt>
      <trkpt lat="32.05553431995213031768798828125" lon="118.72527309693396091461181640625">
        <ele>8</ele>
        <time>2020-10-29T03:30:08.000Z</time>
        <extensions>
          <ns3:TrackPointExtension/>
        </extensions>
      </trkpt>
      <trkpt lat="32.05553431995213031768798828125" lon="118.72524258680641651153564453125">
        <ele>8</ele>
        <time>2020-10-29T03:30:09.000Z</time>
        <extensions>
          <ns3:TrackPointExtension/>
        </extensions>
      </trkpt>
      <trkpt lat="32.05553817562758922576904296875" lon="118.725219704210758209228515625">
        <ele>7.80000019073486328125</ele>
        <time>2020-10-29T03:30:10.000Z</time>
        <extensions>
          <ns3:TrackPointExtension>
            <ns3:hr>165</ns3:hr>
          </ns3:TrackPointExtension>
        </extensions>
      </trkpt>
      <trkpt lat="32.05553817562758922576904296875" lon="118.72518919408321380615234375">
        <ele>7.599999904632568359375</ele>
        <time>2020-10-29T03:30:11.000Z</time>
        <extensions>
          <ns3:TrackPointExtension/>
        </extensions>
      </trkpt>
      <trkpt lat="32.05553817562758922576904296875" lon="118.72516631148755550384521484375">
        <ele>7.599999904632568359375</ele>
        <time>2020-10-29T03:30:12.000Z</time>
        <extensions>
          <ns3:TrackPointExtension/>
        </extensions>
      </trkpt>
      <trkpt lat="32.05554194748401641845703125" lon="118.72513580136001110076904296875">
        <ele>7.599999904632568359375</ele>
        <time>2020-10-29T03:30:13.000Z</time>
        <extensions>
          <ns3:TrackPointExtension/>
        </extensions>
      </trkpt>
      <trkpt lat="32.05554194748401641845703125" lon="118.72511283494532108306884765625">
        <ele>7.599999904632568359375</ele>
        <time>2020-10-29T03:30:14.000Z</time>
        <extensions>
          <ns3:TrackPointExtension/>
        </extensions>
      </trkpt>
      <trkpt lat="32.05554194748401641845703125" lon="118.72508232481777667999267578125">
        <ele>7.599999904632568359375</ele>
        <time>2020-10-29T03:30:15.000Z</time>
        <extensions>
          <ns3:TrackPointExtension>
            <ns3:hr>163</ns3:hr>
          </ns3:TrackPointExtension>
        </extensions>
      </trkpt>
      <trkpt lat="32.05554194748401641845703125" lon="118.725059442222118377685546875">
        <ele>7.599999904632568359375</ele>
        <time>2020-10-29T03:30:16.000Z</time>
        <extensions>
          <ns3:TrackPointExtension/>
        </extensions>
      </trkpt>
      <trkpt lat="32.0555458031594753265380859375" lon="118.72503655962646007537841796875">
        <ele>7.599999904632568359375</ele>
        <time>2020-10-29T03:30:17.000Z</time>
        <extensions>
          <ns3:TrackPointExtension/>
        </extensions>
      </trkpt>
      <trkpt lat="32.0555458031594753265380859375" lon="118.72500604949891567230224609375">
        <ele>7.599999904632568359375</ele>
        <time>2020-10-29T03:30:18.000Z</time>
        <extensions>
          <ns3:TrackPointExtension/>
        </extensions>
      </trkpt>
      <trkpt lat="32.0555458031594753265380859375" lon="118.7249831669032573699951171875">
        <ele>7.599999904632568359375</ele>
        <time>2020-10-29T03:30:19.000Z</time>
        <extensions>
          <ns3:TrackPointExtension/>
        </extensions>
      </trkpt>
      <trkpt lat="32.0555458031594753265380859375" lon="118.72496028430759906768798828125">
        <ele>7.599999904632568359375</ele>
        <time>2020-10-29T03:30:20.000Z</time>
        <extensions>
          <ns3:TrackPointExtension>
            <ns3:hr>164</ns3:hr>
          </ns3:TrackPointExtension>
        </extensions>
      </trkpt>
      <trkpt lat="32.05554194748401641845703125" lon="118.724937401711940765380859375">
        <ele>7.599999904632568359375</ele>
        <time>2020-10-29T03:30:21.000Z</time>
        <extensions>
          <ns3:TrackPointExtension/>
        </extensions>
      </trkpt>
      <trkpt lat="32.05554194748401641845703125" lon="118.7249068915843963623046875">
        <ele>7.599999904632568359375</ele>
        <time>2020-10-29T03:30:22.000Z</time>
        <extensions>
          <ns3:TrackPointExtension/>
        </extensions>
      </trkpt>
      <trkpt lat="32.05553817562758922576904296875" lon="118.72488400898873805999755859375">
        <ele>7.599999904632568359375</ele>
        <time>2020-10-29T03:30:23.000Z</time>
        <extensions>
          <ns3:TrackPointExtension/>
        </extensions>
      </trkpt>
      <trkpt lat="32.05553817562758922576904296875" lon="118.7248611263930797576904296875">
        <ele>7.599999904632568359375</ele>
        <time>2020-10-29T03:30:24.000Z</time>
        <extensions>
          <ns3:TrackPointExtension/>
        </extensions>
      </trkpt>
      <trkpt lat="32.05553817562758922576904296875" lon="118.72483824379742145538330078125">
        <ele>7.599999904632568359375</ele>
        <time>2020-10-29T03:30:25.000Z</time>
        <extensions>
          <ns3:TrackPointExtension>
            <ns3:hr>163</ns3:hr>
          </ns3:TrackPointExtension>
        </extensions>
      </trkpt>
      <trkpt lat="32.05553431995213031768798828125" lon="118.72480773366987705230712890625">
        <ele>7.599999904632568359375</ele>
        <time>2020-10-29T03:30:26.000Z</time>
        <extensions>
          <ns3:TrackPointExtension/>
        </extensions>
      </trkpt>
      <trkpt lat="32.05553431995213031768798828125" lon="118.72478485107421875">
        <ele>7.599999904632568359375</ele>
        <time>2020-10-29T03:30:27.000Z</time>
        <extensions>
          <ns3:TrackPointExtension/>
        </extensions>
      </trkpt>
      <trkpt lat="32.05553431995213031768798828125" lon="118.7247618846595287322998046875">
        <ele>7.599999904632568359375</ele>
        <time>2020-10-29T03:30:28.000Z</time>
        <extensions>
          <ns3:TrackPointExtension/>
        </extensions>
      </trkpt>
      <trkpt lat="32.05553431995213031768798828125" lon="118.72473900206387042999267578125">
        <ele>7.599999904632568359375</ele>
        <time>2020-10-29T03:30:29.000Z</time>
        <extensions>
          <ns3:TrackPointExtension/>
        </extensions>
      </trkpt>
      <trkpt lat="32.05553817562758922576904296875" lon="118.724716119468212127685546875">
        <ele>7.599999904632568359375</ele>
        <time>2020-10-29T03:30:30.000Z</time>
        <extensions>
          <ns3:TrackPointExtension>
            <ns3:hr>162</ns3:hr>
            <ns3:cad>78</ns3:cad>
          </ns3:TrackPointExtension>
        </extensions>
      </trkpt>
      <trkpt lat="32.05554194748401641845703125" lon="118.72469323687255382537841796875">
        <ele>7.599999904632568359375</ele>
        <time>2020-10-29T03:30:31.000Z</time>
        <extensions>
          <ns3:TrackPointExtension/>
        </extensions>
      </trkpt>
      <trkpt lat="32.0555458031594753265380859375" lon="118.7246703542768955230712890625">
        <ele>7.599999904632568359375</ele>
        <time>2020-10-29T03:30:32.000Z</time>
        <extensions>
          <ns3:TrackPointExtension/>
        </extensions>
      </trkpt>
      <trkpt lat="32.05555343069136142730712890625" lon="118.724655099213123321533203125">
        <ele>7.599999904632568359375</ele>
        <time>2020-10-29T03:30:33.000Z</time>
        <extensions>
          <ns3:TrackPointExtension/>
        </extensions>
      </trkpt>
      <trkpt lat="32.05556483007967472076416015625" lon="118.7246398441493511199951171875">
        <ele>7.599999904632568359375</ele>
        <time>2020-10-29T03:30:34.000Z</time>
        <extensions>
          <ns3:TrackPointExtension/>
        </extensions>
      </trkpt>
      <trkpt lat="32.0555763132870197296142578125" lon="118.72462458908557891845703125">
        <ele>7.599999904632568359375</ele>
        <time>2020-10-29T03:30:35.000Z</time>
        <extensions>
          <ns3:TrackPointExtension>
            <ns3:hr>168</ns3:hr>
          </ns3:TrackPointExtension>
        </extensions>
      </trkpt>
      <trkpt lat="32.0555877126753330230712890625" lon="118.7246093340218067169189453125">
        <ele>7.80000019073486328125</ele>
        <time>2020-10-29T03:30:36.000Z</time>
        <extensions>
          <ns3:TrackPointExtension/>
        </extensions>
      </trkpt>
      <trkpt lat="32.055602967739105224609375" lon="118.72460170648992061614990234375">
        <ele>8</ele>
        <time>2020-10-29T03:30:37.000Z</time>
        <extensions>
          <ns3:TrackPointExtension/>
        </extensions>
      </trkpt>
      <trkpt lat="32.0556182228028774261474609375" lon="118.724594078958034515380859375">
        <ele>8</ele>
        <time>2020-10-29T03:30:38.000Z</time>
        <extensions>
          <ns3:TrackPointExtension/>
        </extensions>
      </trkpt>
      <trkpt lat="32.0556373335421085357666015625" lon="118.72458645142614841461181640625">
        <ele>8.19999980926513671875</ele>
        <time>2020-10-29T03:30:39.000Z</time>
        <extensions>
          <ns3:TrackPointExtension/>
        </extensions>
      </trkpt>
      <trkpt lat="32.05565636046230792999267578125" lon="118.72457119636237621307373046875">
        <ele>8.3999996185302734375</ele>
        <time>2020-10-29T03:30:40.000Z</time>
        <extensions>
          <ns3:TrackPointExtension>
            <ns3:hr>167</ns3:hr>
          </ns3:TrackPointExtension>
        </extensions>
      </trkpt>
      <trkpt lat="32.05567547120153903961181640625" lon="118.7245635688304901123046875">
        <ele>8.3999996185302734375</ele>
        <time>2020-10-29T03:30:41.000Z</time>
        <extensions>
          <ns3:TrackPointExtension/>
        </extensions>
      </trkpt>
      <trkpt lat="32.05569072626531124114990234375" lon="118.72455594129860401153564453125">
        <ele>8.6000003814697265625</ele>
        <time>2020-10-29T03:30:42.000Z</time>
        <extensions>
          <ns3:TrackPointExtension/>
        </extensions>
      </trkpt>
      <trkpt lat="32.05570983700454235076904296875" lon="118.7245483137667179107666015625">
        <ele>8.80000019073486328125</ele>
        <time>2020-10-29T03:30:43.000Z</time>
        <extensions>
          <ns3:TrackPointExtension/>
        </extensions>
      </trkpt>
      <trkpt lat="32.0556182228028774261474609375" lon="118.72373954392969608306884765625">
        <ele>11.19999980926513671875</ele>
        <time>2020-10-29T03:31:05.000Z</time>
        <extensions>
          <ns3:TrackPointExtension>
            <ns3:hr>163</ns3:hr>
          </ns3:TrackPointExtension>
        </extensions>
      </trkpt>
      <trkpt lat="32.05561059527099132537841796875" lon="118.7237319163978099822998046875">
        <ele>11</ele>
        <time>2020-10-29T03:31:06.000Z</time>
        <extensions>
          <ns3:TrackPointExtension/>
        </extensions>
      </trkpt>
      <trkpt lat="32.05561059527099132537841796875" lon="118.72370903380215167999267578125">
        <ele>11.19999980926513671875</ele>
        <time>2020-10-29T03:31:07.000Z</time>
        <extensions>
          <ns3:TrackPointExtension/>
        </extensions>
      </trkpt>
      <trkpt lat="32.055602967739105224609375" lon="118.723686151206493377685546875">
        <ele>11.19999980926513671875</ele>
        <time>2020-10-29T03:31:08.000Z</time>
        <extensions>
          <ns3:TrackPointExtension/>
        </extensions>
      </trkpt>
      <trkpt lat="32.05559534020721912384033203125" lon="118.723655641078948974609375">
        <ele>11.19999980926513671875</ele>
        <time>2020-10-29T03:31:09.000Z</time>
        <extensions>
          <ns3:TrackPointExtension/>
        </extensions>
      </trkpt>
      <trkpt lat="32.05559156835079193115234375" lon="118.723625130951404571533203125">
        <ele>11</ele>
        <time>2020-10-29T03:31:10.000Z</time>
        <extensions>
          <ns3:TrackPointExtension>
            <ns3:hr>159</ns3:hr>
          </ns3:TrackPointExtension>
        </extensions>
      </trkpt>
      <trkpt lat="32.0555877126753330230712890625" lon="118.72359462082386016845703125">
        <ele>10.80000019073486328125</ele>
        <time>2020-10-29T03:31:11.000Z</time>
        <extensions>
          <ns3:TrackPointExtension/>
        </extensions>
      </trkpt>
      <trkpt lat="32.0555877126753330230712890625" lon="118.72357173822820186614990234375">
        <ele>10.80000019073486328125</ele>
        <time>2020-10-29T03:31:12.000Z</time>
        <extensions>
          <ns3:TrackPointExtension/>
        </extensions>
      </trkpt>
      <trkpt lat="32.05559156835079193115234375" lon="118.72354122810065746307373046875">
        <ele>10.6000003814697265625</ele>
        <time>2020-10-29T03:31:13.000Z</time>
        <extensions>
          <ns3:TrackPointExtension/>
        </extensions>
      </trkpt>
      <trkpt lat="32.05559534020721912384033203125" lon="118.7235183455049991607666015625">
        <ele>10.6000003814697265625</ele>
        <time>2020-10-29T03:31:14.000Z</time>
        <extensions>
          <ns3:TrackPointExtension/>
        </extensions>
      </trkpt>
      <trkpt lat="32.05559919588267803192138671875" lon="118.72349546290934085845947265625">
        <ele>10.6000003814697265625</ele>
        <time>2020-10-29T03:31:15.000Z</time>
        <extensions>
          <ns3:TrackPointExtension>
            <ns3:hr>160</ns3:hr>
          </ns3:TrackPointExtension>
        </extensions>
      </trkpt>
      <trkpt lat="32.0556068234145641326904296875" lon="118.72347258031368255615234375">
        <ele>10.6000003814697265625</ele>
        <time>2020-10-29T03:31:16.000Z</time>
        <extensions>
          <ns3:TrackPointExtension/>
        </extensions>
      </trkpt>
      <trkpt lat="32.0556182228028774261474609375" lon="118.72344969771802425384521484375">
        <ele>10.6000003814697265625</ele>
        <time>2020-10-29T03:31:17.000Z</time>
        <extensions>
          <ns3:TrackPointExtension/>
        </extensions>
      </trkpt>
      <trkpt lat="32.05562970601022243499755859375" lon="118.72343444265425205230712890625">
        <ele>10.6000003814697265625</ele>
        <time>2020-10-29T03:31:18.000Z</time>
        <extensions>
          <ns3:TrackPointExtension/>
        </extensions>
      </trkpt>
      <trkpt lat="32.05564496107399463653564453125" lon="118.72341156005859375">
        <ele>10.6000003814697265625</ele>
        <time>2020-10-29T03:31:19.000Z</time>
        <extensions>
          <ns3:TrackPointExtension/>
        </extensions>
      </trkpt>
      <trkpt lat="32.05566021613776683807373046875" lon="118.72339622117578983306884765625">
        <ele>10.6000003814697265625</ele>
        <time>2020-10-29T03:31:20.000Z</time>
        <extensions>
          <ns3:TrackPointExtension>
            <ns3:hr>160</ns3:hr>
          </ns3:TrackPointExtension>
        </extensions>
      </trkpt>
      <trkpt lat="32.0556792430579662322998046875" lon="118.72338096611201763153076171875">
        <ele>10.6000003814697265625</ele>
        <time>2020-10-29T03:31:21.000Z</time>
        <extensions>
          <ns3:TrackPointExtension/>
        </extensions>
      </trkpt>
      <trkpt lat="32.055694498121738433837890625" lon="118.72337333858013153076171875">
        <ele>10.6000003814697265625</ele>
        <time>2020-10-29T03:31:22.000Z</time>
        <extensions>
          <ns3:TrackPointExtension/>
        </extensions>
      </trkpt>
      <trkpt lat="32.05571360886096954345703125" lon="118.7233580835163593292236328125">
        <ele>10.3999996185302734375</ele>
        <time>2020-10-29T03:31:23.000Z</time>
        <extensions>
          <ns3:TrackPointExtension/>
        </extensions>
      </trkpt>
      <trkpt lat="32.055732719600200653076171875" lon="118.72335045598447322845458984375">
        <ele>10.19999980926513671875</ele>
        <time>2020-10-29T03:31:24.000Z</time>
        <extensions>
          <ns3:TrackPointExtension/>
        </extensions>
      </trkpt>
      <trkpt lat="32.05575174652040004730224609375" lon="118.72333520092070102691650390625">
        <ele>9.80000019073486328125</ele>
        <time>2020-10-29T03:31:25.000Z</time>
        <extensions>
          <ns3:TrackPointExtension>
            <ns3:hr>156</ns3:hr>
          </ns3:TrackPointExtension>
        </extensions>
      </trkpt>
      <trkpt lat="32.05577085725963115692138671875" lon="118.7233275733888149261474609375">
        <ele>9.6000003814697265625</ele>
        <time>2020-10-29T03:31:26.000Z</time>
        <extensions>
          <ns3:TrackPointExtension/>
        </extensions>
      </trkpt>
      <trkpt lat="32.0557898841798305511474609375" lon="118.72331994585692882537841796875">
        <ele>9.3999996185302734375</ele>
        <time>2020-10-29T03:31:27.000Z</time>
        <extensions>
          <ns3:TrackPointExtension/>
        </extensions>
      </trkpt>
      <trkpt lat="32.0558089949190616607666015625" lon="118.723312318325042724609375">
        <ele>9.19999980926513671875</ele>
        <time>2020-10-29T03:31:28.000Z</time>
        <extensions>
          <ns3:TrackPointExtension/>
        </extensions>
      </trkpt>
      <trkpt lat="32.05583187751471996307373046875" lon="118.7232970632612705230712890625">
        <ele>8.80000019073486328125</ele>
        <time>2020-10-29T03:31:29.000Z</time>
        <extensions>
          <ns3:TrackPointExtension/>
        </extensions>
      </trkpt>
      <trkpt lat="32.0558509044349193572998046875" lon="118.72328943572938442230224609375">
        <ele>8.6000003814697265625</ele>
        <time>2020-10-29T03:31:30.000Z</time>
        <extensions>
          <ns3:TrackPointExtension>
            <ns3:hr>149</ns3:hr>
            <ns3:cad>78</ns3:cad>
          </ns3:TrackPointExtension>
        </extensions>
      </trkpt>
      <trkpt lat="32.0558700151741504669189453125" lon="118.72327418066561222076416015625">
        <ele>8.19999980926513671875</ele>
        <time>2020-10-29T03:31:31.000Z</time>
        <extensions>
          <ns3:TrackPointExtension/>
        </extensions>
      </trkpt>
      <trkpt lat="32.0558891259133815765380859375" lon="118.7232665531337261199951171875">
        <ele>8.19999980926513671875</ele>
        <time>2020-10-29T03:31:32.000Z</time>
        <extensions>
          <ns3:TrackPointExtension/>
        </extensions>
      </trkpt>
      <trkpt lat="32.05590815283358097076416015625" lon="118.72325129806995391845703125">
        <ele>8.19999980926513671875</ele>
        <time>2020-10-29T03:31:33.000Z</time>
        <extensions>
          <ns3:TrackPointExtension/>
        </extensions>
      </trkpt>
      <trkpt lat="32.05592726357281208038330078125" lon="118.72324367053806781768798828125">
        <ele>8.19999980926513671875</ele>
        <time>2020-10-29T03:31:34.000Z</time>
        <extensions>
          <ns3:TrackPointExtension/>
        </extensions>
      </trkpt>
      <trkpt lat="32.05594251863658428192138671875" lon="118.72322841547429561614990234375">
        <ele>8</ele>
        <time>2020-10-29T03:31:35.000Z</time>
        <extensions>
          <ns3:TrackPointExtension>
            <ns3:hr>147</ns3:hr>
          </ns3:TrackPointExtension>
        </extensions>
      </trkpt>
      <trkpt lat="32.05595391802489757537841796875" lon="118.72321316041052341461181640625">
        <ele>8</ele>
        <time>2020-10-29T03:31:36.000Z</time>
        <extensions>
          <ns3:TrackPointExtension/>
        </extensions>
      </trkpt>
      <trkpt lat="32.05596917308866977691650390625" lon="118.72319790534675121307373046875">
        <ele>7.80000019073486328125</ele>
        <time>2020-10-29T03:31:37.000Z</time>
        <extensions>
          <ns3:TrackPointExtension/>
        </extensions>
      </trkpt>
      <trkpt lat="32.055976800620555877685546875" lon="118.7231750227510929107666015625">
        <ele>7.599999904632568359375</ele>
        <time>2020-10-29T03:31:38.000Z</time>
        <extensions>
          <ns3:TrackPointExtension/>
        </extensions>
      </trkpt>
      <trkpt lat="32.05598828382790088653564453125" lon="118.723159767687320709228515625">
        <ele>7.400000095367431640625</ele>
        <time>2020-10-29T03:31:39.000Z</time>
        <extensions>
          <ns3:TrackPointExtension/>
        </extensions>
      </trkpt>
      <trkpt lat="32.0559959113597869873046875" lon="118.7231445126235485076904296875">
        <ele>7.19999980926513671875</ele>
        <time>2020-10-29T03:31:40.000Z</time>
        <extensions>
          <ns3:TrackPointExtension>
            <ns3:hr>145</ns3:hr>
          </ns3:TrackPointExtension>
        </extensions>
      </trkpt>
      <trkpt lat="32.05600353889167308807373046875" lon="118.72312925755977630615234375">
        <ele>7</ele>
        <time>2020-10-29T03:31:41.000Z</time>
        <extensions>
          <ns3:TrackPointExtension/>
        </extensions>
      </trkpt>
      <trkpt lat="32.05600731074810028076171875" lon="118.72310637496411800384521484375">
        <ele>6.80000019073486328125</ele>
        <time>2020-10-29T03:31:42.000Z</time>
        <extensions>
          <ns3:TrackPointExtension/>
        </extensions>
      </trkpt>
      <trkpt lat="32.05601493827998638153076171875" lon="118.72309111990034580230712890625">
        <ele>6.599999904632568359375</ele>
        <time>2020-10-29T03:31:43.000Z</time>
        <extensions>
          <ns3:TrackPointExtension/>
        </extensions>
      </trkpt>
      <trkpt lat="32.0560225658118724822998046875" lon="118.72307586483657360076904296875">
        <ele>6.400000095367431640625</ele>
        <time>2020-10-29T03:31:44.000Z</time>
        <extensions>
          <ns3:TrackPointExtension/>
        </extensions>
      </trkpt>
      <trkpt lat="32.05603019334375858306884765625" lon="118.7230682373046875">
        <ele>6.19999980926513671875</ele>
        <time>2020-10-29T03:31:45.000Z</time>
        <extensions>
          <ns3:TrackPointExtension>
            <ns3:hr>148</ns3:hr>
          </ns3:TrackPointExtension>
        </extensions>
      </trkpt>
      <trkpt lat="32.0560416765511035919189453125" lon="118.723060525953769683837890625">
        <ele>6</ele>
        <time>2020-10-29T03:31:46.000Z</time>
        <extensions>
          <ns3:TrackPointExtension/>
        </extensions>
      </trkpt>
      <trkpt lat="32.05604930408298969268798828125" lon="118.72305289842188358306884765625">
        <ele>5.80000019073486328125</ele>
        <time>2020-10-29T03:31:47.000Z</time>
        <extensions>
          <ns3:TrackPointExtension/>
        </extensions>
      </trkpt>
      <trkpt lat="32.0560607872903347015380859375" lon="118.7230452708899974822998046875">
        <ele>5.599999904632568359375</ele>
        <time>2020-10-29T03:31:48.000Z</time>
        <extensions>
          <ns3:TrackPointExtension/>
        </extensions>
      </trkpt>
      <trkpt lat="32.056076042354106903076171875" lon="118.7230452708899974822998046875">
        <ele>5.599999904632568359375</ele>
        <time>2020-10-29T03:31:49.000Z</time>
        <extensions>
          <ns3:TrackPointExtension/>
        </extensions>
      </trkpt>
      <trkpt lat="32.0560912974178791046142578125" lon="118.7230452708899974822998046875">
        <ele>5.400000095367431640625</ele>
        <time>2020-10-29T03:31:50.000Z</time>
        <extensions>
          <ns3:TrackPointExtension>
            <ns3:hr>149</ns3:hr>
          </ns3:TrackPointExtension>
        </extensions>
      </trkpt>
      <trkpt lat="32.05610655248165130615234375" lon="118.7230452708899974822998046875">
        <ele>5.400000095367431640625</ele>
        <time>2020-10-29T03:31:51.000Z</time>
        <extensions>
          <ns3:TrackPointExtension/>
        </extensions>
      </trkpt>
      <trkpt lat="32.05612557940185070037841796875" lon="118.72305289842188358306884765625">
        <ele>5.400000095367431640625</ele>
        <time>2020-10-29T03:31:52.000Z</time>
        <extensions>
          <ns3:TrackPointExtension/>
        </extensions>
      </trkpt>
      <trkpt lat="32.05614469014108180999755859375" lon="118.723060525953769683837890625">
        <ele>5.19999980926513671875</ele>
        <time>2020-10-29T03:31:53.000Z</time>
        <extensions>
          <ns3:TrackPointExtension/>
        </extensions>
      </trkpt>
      <trkpt lat="32.0561675727367401123046875" lon="118.7230682373046875">
        <ele>5.19999980926513671875</ele>
        <time>2020-10-29T03:31:54.000Z</time>
        <extensions>
          <ns3:TrackPointExtension/>
        </extensions>
      </trkpt>
      <trkpt lat="32.05618659965693950653076171875" lon="118.7230834923684597015380859375">
        <ele>5.19999980926513671875</ele>
        <time>2020-10-29T03:31:55.000Z</time>
        <extensions>
          <ns3:TrackPointExtension>
            <ns3:hr>156</ns3:hr>
          </ns3:TrackPointExtension>
        </extensions>
      </trkpt>
      <trkpt lat="32.056209482252597808837890625" lon="118.72309111990034580230712890625">
        <ele>5.19999980926513671875</ele>
        <time>2020-10-29T03:31:56.000Z</time>
        <extensions>
          <ns3:TrackPointExtension/>
        </extensions>
      </trkpt>
      <trkpt lat="32.0562324486672878265380859375" lon="118.723098747432231903076171875">
        <ele>5</ele>
        <time>2020-10-29T03:31:57.000Z</time>
        <extensions>
          <ns3:TrackPointExtension/>
        </extensions>
      </trkpt>
      <trkpt lat="32.05625533126294612884521484375" lon="118.7231140024960041046142578125">
        <ele>5</ele>
        <time>2020-10-29T03:31:58.000Z</time>
        <extensions>
          <ns3:TrackPointExtension/>
        </extensions>
      </trkpt>
      <trkpt lat="32.05627821385860443115234375" lon="118.72312163002789020538330078125">
        <ele>5</ele>
        <time>2020-10-29T03:31:59.000Z</time>
        <extensions>
          <ns3:TrackPointExtension/>
        </extensions>
      </trkpt>
      <trkpt lat="32.05630109645426273345947265625" lon="118.72313688509166240692138671875">
        <ele>5</ele>
        <time>2020-10-29T03:32:00.000Z</time>
        <extensions>
          <ns3:TrackPointExtension>
            <ns3:hr>161</ns3:hr>
          </ns3:TrackPointExtension>
        </extensions>
      </trkpt>
      <trkpt lat="32.0563239790499210357666015625" lon="118.7231445126235485076904296875">
        <ele>4.80000019073486328125</ele>
        <time>2020-10-29T03:32:01.000Z</time>
        <extensions>
          <ns3:TrackPointExtension/>
        </extensions>
      </trkpt>
      <trkpt lat="32.05634300597012042999267578125" lon="118.72315214015543460845947265625">
        <ele>4.80000019073486328125</ele>
        <time>2020-10-29T03:32:02.000Z</time>
        <extensions>
          <ns3:TrackPointExtension/>
        </extensions>
      </trkpt>
      <trkpt lat="32.0563658885657787322998046875" lon="118.72316739521920680999755859375">
        <ele>4.80000019073486328125</ele>
        <time>2020-10-29T03:32:03.000Z</time>
        <extensions>
          <ns3:TrackPointExtension/>
        </extensions>
      </trkpt>
      <trkpt lat="32.05638885498046875" lon="118.7231750227510929107666015625">
        <ele>4.80000019073486328125</ele>
        <time>2020-10-29T03:32:04.000Z</time>
        <extensions>
          <ns3:TrackPointExtension/>
        </extensions>
      </trkpt>
      <trkpt lat="32.05640788190066814422607421875" lon="118.72318265028297901153564453125">
        <ele>4.80000019073486328125</ele>
        <time>2020-10-29T03:32:05.000Z</time>
        <extensions>
          <ns3:TrackPointExtension>
            <ns3:hr>161</ns3:hr>
          </ns3:TrackPointExtension>
        </extensions>
      </trkpt>
      <trkpt lat="32.056430764496326446533203125" lon="118.7231902778148651123046875">
        <ele>4.599999904632568359375</ele>
        <time>2020-10-29T03:32:06.000Z</time>
        <extensions>
          <ns3:TrackPointExtension/>
        </extensions>
      </trkpt>
      <trkpt lat="32.05645364709198474884033203125" lon="118.7232055328786373138427734375">
        <ele>4.599999904632568359375</ele>
        <time>2020-10-29T03:32:07.000Z</time>
        <extensions>
          <ns3:TrackPointExtension/>
        </extensions>
      </trkpt>
      <trkpt lat="32.05647275783121585845947265625" lon="118.72321316041052341461181640625">
        <ele>4.599999904632568359375</ele>
        <time>2020-10-29T03:32:08.000Z</time>
        <extensions>
          <ns3:TrackPointExtension/>
        </extensions>
      </trkpt>
      <trkpt lat="32.0564956404268741607666015625" lon="118.723220787942409515380859375">
        <ele>4.599999904632568359375</ele>
        <time>2020-10-29T03:32:09.000Z</time>
        <extensions>
          <ns3:TrackPointExtension/>
        </extensions>
      </trkpt>
      <trkpt lat="32.05651466734707355499267578125" lon="118.72322841547429561614990234375">
        <ele>4.599999904632568359375</ele>
        <time>2020-10-29T03:32:10.000Z</time>
        <extensions>
          <ns3:TrackPointExtension>
            <ns3:hr>164</ns3:hr>
          </ns3:TrackPointExtension>
        </extensions>
      </trkpt>
      <trkpt lat="32.0565375499427318572998046875" lon="118.7232360430061817169189453125">
        <ele>4.400000095367431640625</ele>
        <time>2020-10-29T03:32:11.000Z</time>
        <extensions>
          <ns3:TrackPointExtension/>
        </extensions>
      </trkpt>
      <trkpt lat="32.0565566606819629669189453125" lon="118.72324367053806781768798828125">
        <ele>4.400000095367431640625</ele>
        <time>2020-10-29T03:32:12.000Z</time>
        <extensions>
          <ns3:TrackPointExtension/>
        </extensions>
      </trkpt>
      <trkpt lat="32.05657954327762126922607421875" lon="118.72325129806995391845703125">
        <ele>4.400000095367431640625</ele>
        <time>2020-10-29T03:32:13.000Z</time>
        <extensions>
          <ns3:TrackPointExtension/>
        </extensions>
      </trkpt>
      <trkpt lat="32.05659865401685237884521484375" lon="118.72325892560184001922607421875">
        <ele>4.400000095367431640625</ele>
        <time>2020-10-29T03:32:14.000Z</time>
        <extensions>
          <ns3:TrackPointExtension/>
        </extensions>
      </trkpt>
      <trkpt lat="32.05662153661251068115234375" lon="118.72327418066561222076416015625">
        <ele>4.19999980926513671875</ele>
        <time>2020-10-29T03:32:15.000Z</time>
        <extensions>
          <ns3:TrackPointExtension>
            <ns3:hr>164</ns3:hr>
          </ns3:TrackPointExtension>
        </extensions>
      </trkpt>
      <trkpt lat="32.05664441920816898345947265625" lon="118.723281808197498321533203125">
        <ele>4.19999980926513671875</ele>
        <time>2020-10-29T03:32:16.000Z</time>
        <extensions>
          <ns3:TrackPointExtension/>
        </extensions>
      </trkpt>
      <trkpt lat="32.056663446128368377685546875" lon="118.72328943572938442230224609375">
        <ele>4.19999980926513671875</ele>
        <time>2020-10-29T03:32:17.000Z</time>
        <extensions>
          <ns3:TrackPointExtension/>
        </extensions>
      </trkpt>
      <trkpt lat="32.05668632872402667999267578125" lon="118.7232970632612705230712890625">
        <ele>4.19999980926513671875</ele>
        <time>2020-10-29T03:32:18.000Z</time>
        <extensions>
          <ns3:TrackPointExtension/>
        </extensions>
      </trkpt>
      <trkpt lat="32.0567092113196849822998046875" lon="118.72330469079315662384033203125">
        <ele>4</ele>
        <time>2020-10-29T03:32:19.000Z</time>
        <extensions>
          <ns3:TrackPointExtension/>
        </extensions>
      </trkpt>
      <trkpt lat="32.056732177734375" lon="118.72330469079315662384033203125">
        <ele>4</ele>
        <time>2020-10-29T03:32:20.000Z</time>
        <extensions>
          <ns3:TrackPointExtension>
            <ns3:hr>167</ns3:hr>
          </ns3:TrackPointExtension>
        </extensions>
      </trkpt>
      <trkpt lat="32.05675506033003330230712890625" lon="118.723312318325042724609375">
        <ele>4</ele>
        <time>2020-10-29T03:32:21.000Z</time>
        <extensions>
          <ns3:TrackPointExtension/>
        </extensions>
      </trkpt>
      <trkpt lat="32.05678171478211879730224609375" lon="118.72331994585692882537841796875">
        <ele>4</ele>
        <time>2020-10-29T03:32:22.000Z</time>
        <extensions>
          <ns3:TrackPointExtension/>
        </extensions>
      </trkpt>
      <trkpt lat="32.056804597377777099609375" lon="118.7233275733888149261474609375">
        <ele>4</ele>
        <time>2020-10-29T03:32:23.000Z</time>
        <extensions>
          <ns3:TrackPointExtension/>
        </extensions>
      </trkpt>
      <trkpt lat="32.05683133564889430999755859375" lon="118.72333520092070102691650390625">
        <ele>4</ele>
        <time>2020-10-29T03:32:24.000Z</time>
        <extensions>
          <ns3:TrackPointExtension/>
        </extensions>
      </trkpt>
      <trkpt lat="32.0568542182445526123046875" lon="118.72333520092070102691650390625">
        <ele>4</ele>
        <time>2020-10-29T03:32:25.000Z</time>
        <extensions>
          <ns3:TrackPointExtension>
            <ns3:hr>166</ns3:hr>
          </ns3:TrackPointExtension>
        </extensions>
      </trkpt>
      <trkpt lat="32.05687710084021091461181640625" lon="118.723342828452587127685546875">
        <ele>4</ele>
        <time>2020-10-29T03:32:26.000Z</time>
        <extensions>
          <ns3:TrackPointExtension/>
        </extensions>
      </trkpt>
      <trkpt lat="32.0568999834358692169189453125" lon="118.72335045598447322845458984375">
        <ele>4</ele>
        <time>2020-10-29T03:32:27.000Z</time>
        <extensions>
          <ns3:TrackPointExtension/>
        </extensions>
      </trkpt>
      <trkpt lat="32.05692672170698642730712890625" lon="118.7233580835163593292236328125">
        <ele>4</ele>
        <time>2020-10-29T03:32:28.000Z</time>
        <extensions>
          <ns3:TrackPointExtension/>
        </extensions>
      </trkpt>
      <trkpt lat="32.0569496043026447296142578125" lon="118.7233580835163593292236328125">
        <ele>4</ele>
        <time>2020-10-29T03:32:29.000Z</time>
        <extensions>
          <ns3:TrackPointExtension/>
        </extensions>
      </trkpt>
      <trkpt lat="32.05697248689830303192138671875" lon="118.72336571104824542999267578125">
        <ele>4</ele>
        <time>2020-10-29T03:32:30.000Z</time>
        <extensions>
          <ns3:TrackPointExtension>
            <ns3:hr>166</ns3:hr>
            <ns3:cad>79</ns3:cad>
          </ns3:TrackPointExtension>
        </extensions>
      </trkpt>
      <trkpt lat="32.056995369493961334228515625" lon="118.72337333858013153076171875">
        <ele>4</ele>
        <time>2020-10-29T03:32:31.000Z</time>
        <extensions>
          <ns3:TrackPointExtension/>
        </extensions>
      </trkpt>
      <trkpt lat="32.05701825208961963653564453125" lon="118.72338096611201763153076171875">
        <ele>4</ele>
        <time>2020-10-29T03:32:32.000Z</time>
        <extensions>
          <ns3:TrackPointExtension/>
        </extensions>
      </trkpt>
      <trkpt lat="32.0570411346852779388427734375" lon="118.7233885936439037322998046875">
        <ele>4</ele>
        <time>2020-10-29T03:32:33.000Z</time>
        <extensions>
          <ns3:TrackPointExtension/>
        </extensions>
      </trkpt>
      <trkpt lat="32.05706401728093624114990234375" lon="118.72339622117578983306884765625">
        <ele>4</ele>
        <time>2020-10-29T03:32:34.000Z</time>
        <extensions>
          <ns3:TrackPointExtension/>
        </extensions>
      </trkpt>
      <trkpt lat="32.05708689987659454345703125" lon="118.723403848707675933837890625">
        <ele>4</ele>
        <time>2020-10-29T03:32:35.000Z</time>
        <extensions>
          <ns3:TrackPointExtension>
            <ns3:hr>166</ns3:hr>
          </ns3:TrackPointExtension>
        </extensions>
      </trkpt>
      <trkpt lat="32.05710978247225284576416015625" lon="118.72341918759047985076904296875">
        <ele>4.19999980926513671875</ele>
        <time>2020-10-29T03:32:36.000Z</time>
        <extensions>
          <ns3:TrackPointExtension/>
        </extensions>
      </trkpt>
      <trkpt lat="32.05713652074337005615234375" lon="118.7234268151223659515380859375">
        <ele>4.19999980926513671875</ele>
        <time>2020-10-29T03:32:37.000Z</time>
        <extensions>
          <ns3:TrackPointExtension/>
        </extensions>
      </trkpt>
      <trkpt lat="32.05715940333902835845947265625" lon="118.72343444265425205230712890625">
        <ele>4.19999980926513671875</ele>
        <time>2020-10-29T03:32:38.000Z</time>
        <extensions>
          <ns3:TrackPointExtension/>
        </extensions>
      </trkpt>
      <trkpt lat="32.0571822859346866607666015625" lon="118.723442070186138153076171875">
        <ele>4.19999980926513671875</ele>
        <time>2020-10-29T03:32:39.000Z</time>
        <extensions>
          <ns3:TrackPointExtension/>
        </extensions>
      </trkpt>
      <trkpt lat="32.05720894038677215576171875" lon="118.72344969771802425384521484375">
        <ele>4.19999980926513671875</ele>
        <time>2020-10-29T03:32:40.000Z</time>
        <extensions>
          <ns3:TrackPointExtension>
            <ns3:hr>164</ns3:hr>
          </ns3:TrackPointExtension>
        </extensions>
      </trkpt>
      <trkpt lat="32.05723182298243045806884765625" lon="118.7234573252499103546142578125">
        <ele>4.19999980926513671875</ele>
        <time>2020-10-29T03:32:41.000Z</time>
        <extensions>
          <ns3:TrackPointExtension/>
        </extensions>
      </trkpt>
      <trkpt lat="32.05725478939712047576904296875" lon="118.72346495278179645538330078125">
        <ele>4.19999980926513671875</ele>
        <time>2020-10-29T03:32:42.000Z</time>
        <extensions>
          <ns3:TrackPointExtension/>
        </extensions>
      </trkpt>
      <trkpt lat="32.057277671992778778076171875" lon="118.72347258031368255615234375">
        <ele>4.19999980926513671875</ele>
        <time>2020-10-29T03:32:43.000Z</time>
        <extensions>
          <ns3:TrackPointExtension/>
        </extensions>
      </trkpt>
      <trkpt lat="32.05730055458843708038330078125" lon="118.72348020784556865692138671875">
        <ele>4.19999980926513671875</ele>
        <time>2020-10-29T03:32:44.000Z</time>
        <extensions>
          <ns3:TrackPointExtension/>
        </extensions>
      </trkpt>
      <trkpt lat="32.05732720904052257537841796875" lon="118.72349546290934085845947265625">
        <ele>4.19999980926513671875</ele>
        <time>2020-10-29T03:32:45.000Z</time>
        <extensions>
          <ns3:TrackPointExtension>
            <ns3:hr>166</ns3:hr>
          </ns3:TrackPointExtension>
        </extensions>
      </trkpt>
      <trkpt lat="32.057350091636180877685546875" lon="118.723503090441226959228515625">
        <ele>4.19999980926513671875</ele>
        <time>2020-10-29T03:32:46.000Z</time>
        <extensions>
          <ns3:TrackPointExtension/>
        </extensions>
      </trkpt>
      <trkpt lat="32.05737297423183917999267578125" lon="118.72351071797311305999755859375">
        <ele>4.19999980926513671875</ele>
        <time>2020-10-29T03:32:47.000Z</time>
        <extensions>
          <ns3:TrackPointExtension/>
        </extensions>
      </trkpt>
      <trkpt lat="32.05739208497107028961181640625" lon="118.7235183455049991607666015625">
        <ele>4.400000095367431640625</ele>
        <time>2020-10-29T03:32:48.000Z</time>
        <extensions>
          <ns3:TrackPointExtension/>
        </extensions>
      </trkpt>
      <trkpt lat="32.0574149675667285919189453125" lon="118.7235183455049991607666015625">
        <ele>4.400000095367431640625</ele>
        <time>2020-10-29T03:32:49.000Z</time>
        <extensions>
          <ns3:TrackPointExtension/>
        </extensions>
      </trkpt>
      <trkpt lat="32.05743785016238689422607421875" lon="118.72352597303688526153564453125">
        <ele>4.599999904632568359375</ele>
        <time>2020-10-29T03:32:50.000Z</time>
        <extensions>
          <ns3:TrackPointExtension>
            <ns3:hr>164</ns3:hr>
          </ns3:TrackPointExtension>
        </extensions>
      </trkpt>
      <trkpt lat="32.05745696090161800384521484375" lon="118.7235336005687713623046875">
        <ele>4.80000019073486328125</ele>
        <time>2020-10-29T03:32:51.000Z</time>
        <extensions>
          <ns3:TrackPointExtension/>
        </extensions>
      </trkpt>
      <trkpt lat="32.05747984349727630615234375" lon="118.72354122810065746307373046875">
        <ele>5</ele>
        <time>2020-10-29T03:32:52.000Z</time>
        <extensions>
          <ns3:TrackPointExtension/>
        </extensions>
      </trkpt>
      <trkpt lat="32.05750272609293460845947265625" lon="118.7235488556325435638427734375">
        <ele>5.19999980926513671875</ele>
        <time>2020-10-29T03:32:53.000Z</time>
        <extensions>
          <ns3:TrackPointExtension/>
        </extensions>
      </trkpt>
      <trkpt lat="32.0575256086885929107666015625" lon="118.72355648316442966461181640625">
        <ele>5.19999980926513671875</ele>
        <time>2020-10-29T03:32:54.000Z</time>
        <extensions>
          <ns3:TrackPointExtension/>
        </extensions>
      </trkpt>
      <trkpt lat="32.05754463560879230499267578125" lon="118.723564110696315765380859375">
        <ele>5.400000095367431640625</ele>
        <time>2020-10-29T03:32:55.000Z</time>
        <extensions>
          <ns3:TrackPointExtension>
            <ns3:hr>166</ns3:hr>
          </ns3:TrackPointExtension>
        </extensions>
      </trkpt>
      <trkpt lat="32.0575675182044506072998046875" lon="118.72357173822820186614990234375">
        <ele>5.599999904632568359375</ele>
        <time>2020-10-29T03:32:56.000Z</time>
        <extensions>
          <ns3:TrackPointExtension/>
        </extensions>
      </trkpt>
      <trkpt lat="32.057590484619140625" lon="118.72357173822820186614990234375">
        <ele>5.599999904632568359375</ele>
        <time>2020-10-29T03:32:57.000Z</time>
        <extensions>
          <ns3:TrackPointExtension/>
        </extensions>
      </trkpt>
      <trkpt lat="32.05761336721479892730712890625" lon="118.7235793657600879669189453125">
        <ele>5.599999904632568359375</ele>
        <time>2020-10-29T03:32:58.000Z</time>
        <extensions>
          <ns3:TrackPointExtension/>
        </extensions>
      </trkpt>
      <trkpt lat="32.05764002166688442230224609375" lon="118.72358699329197406768798828125">
        <ele>5.80000019073486328125</ele>
        <time>2020-10-29T03:32:59.000Z</time>
        <extensions>
          <ns3:TrackPointExtension/>
        </extensions>
      </trkpt>
      <trkpt lat="32.057662904262542724609375" lon="118.72359462082386016845703125">
        <ele>5.80000019073486328125</ele>
        <time>2020-10-29T03:33:00.000Z</time>
        <extensions>
          <ns3:TrackPointExtension>
            <ns3:hr>168</ns3:hr>
          </ns3:TrackPointExtension>
        </extensions>
      </trkpt>
      <trkpt lat="32.05768578685820102691650390625" lon="118.72360224835574626922607421875">
        <ele>5.80000019073486328125</ele>
        <time>2020-10-29T03:33:01.000Z</time>
        <extensions>
          <ns3:TrackPointExtension/>
        </extensions>
      </trkpt>
      <trkpt lat="32.0577125251293182373046875" lon="118.7236098758876323699951171875">
        <ele>5.80000019073486328125</ele>
        <time>2020-10-29T03:33:02.000Z</time>
        <extensions>
          <ns3:TrackPointExtension/>
        </extensions>
      </trkpt>
      <trkpt lat="32.05773540772497653961181640625" lon="118.72361750341951847076416015625">
        <ele>6</ele>
        <time>2020-10-29T03:33:03.000Z</time>
        <extensions>
          <ns3:TrackPointExtension/>
        </extensions>
      </trkpt>
      <trkpt lat="32.05776214599609375" lon="118.723625130951404571533203125">
        <ele>6</ele>
        <time>2020-10-29T03:33:04.000Z</time>
        <extensions>
          <ns3:TrackPointExtension/>
        </extensions>
      </trkpt>
      <trkpt lat="32.05778502859175205230712890625" lon="118.72363275848329067230224609375">
        <ele>6</ele>
        <time>2020-10-29T03:33:05.000Z</time>
        <extensions>
          <ns3:TrackPointExtension>
            <ns3:hr>168</ns3:hr>
          </ns3:TrackPointExtension>
        </extensions>
      </trkpt>
      <trkpt lat="32.05781168304383754730224609375" lon="118.7236403860151767730712890625">
        <ele>6</ele>
        <time>2020-10-29T03:33:06.000Z</time>
        <extensions>
          <ns3:TrackPointExtension/>
        </extensions>
      </trkpt>
      <trkpt lat="32.057834565639495849609375" lon="118.72364801354706287384033203125">
        <ele>6</ele>
        <time>2020-10-29T03:33:07.000Z</time>
        <extensions>
          <ns3:TrackPointExtension/>
        </extensions>
      </trkpt>
      <trkpt lat="32.05785744823515415191650390625" lon="118.723655641078948974609375">
        <ele>6</ele>
        <time>2020-10-29T03:33:08.000Z</time>
        <extensions>
          <ns3:TrackPointExtension/>
        </extensions>
      </trkpt>
      <trkpt lat="32.0578803308308124542236328125" lon="118.72366326861083507537841796875">
        <ele>6</ele>
        <time>2020-10-29T03:33:09.000Z</time>
        <extensions>
          <ns3:TrackPointExtension/>
        </extensions>
      </trkpt>
      <trkpt lat="32.05790321342647075653076171875" lon="118.7236708961427211761474609375">
        <ele>6</ele>
        <time>2020-10-29T03:33:10.000Z</time>
        <extensions>
          <ns3:TrackPointExtension>
            <ns3:hr>170</ns3:hr>
          </ns3:TrackPointExtension>
        </extensions>
      </trkpt>
      <trkpt lat="32.057926096022129058837890625" lon="118.72367852367460727691650390625">
        <ele>6</ele>
        <time>2020-10-29T03:33:11.000Z</time>
        <extensions>
          <ns3:TrackPointExtension/>
        </extensions>
      </trkpt>
      <trkpt lat="32.0579490624368190765380859375" lon="118.723686151206493377685546875">
        <ele>6.19999980926513671875</ele>
        <time>2020-10-29T03:33:12.000Z</time>
        <extensions>
          <ns3:TrackPointExtension/>
        </extensions>
      </trkpt>
      <trkpt lat="32.05797194503247737884521484375" lon="118.72369377873837947845458984375">
        <ele>6.19999980926513671875</ele>
        <time>2020-10-29T03:33:13.000Z</time>
        <extensions>
          <ns3:TrackPointExtension/>
        </extensions>
      </trkpt>
      <trkpt lat="32.0579909719526767730712890625" lon="118.7237014062702655792236328125">
        <ele>6.19999980926513671875</ele>
        <time>2020-10-29T03:33:14.000Z</time>
        <extensions>
          <ns3:TrackPointExtension/>
        </extensions>
      </trkpt>
      <trkpt lat="32.05801385454833507537841796875" lon="118.72370903380215167999267578125">
        <ele>6.19999980926513671875</ele>
        <time>2020-10-29T03:33:15.000Z</time>
        <extensions>
          <ns3:TrackPointExtension>
            <ns3:hr>166</ns3:hr>
          </ns3:TrackPointExtension>
        </extensions>
      </trkpt>
      <trkpt lat="32.05803296528756618499755859375" lon="118.72371666133403778076171875">
        <ele>6.19999980926513671875</ele>
        <time>2020-10-29T03:33:16.000Z</time>
        <extensions>
          <ns3:TrackPointExtension/>
        </extensions>
      </trkpt>
      <trkpt lat="32.0580558478832244873046875" lon="118.7237319163978099822998046875">
        <ele>6.400000095367431640625</ele>
        <time>2020-10-29T03:33:17.000Z</time>
        <extensions>
          <ns3:TrackPointExtension/>
        </extensions>
      </trkpt>
      <trkpt lat="32.05807873047888278961181640625" lon="118.72373954392969608306884765625">
        <ele>6.400000095367431640625</ele>
        <time>2020-10-29T03:33:18.000Z</time>
        <extensions>
          <ns3:TrackPointExtension/>
        </extensions>
      </trkpt>
      <trkpt lat="32.0581016130745410919189453125" lon="118.723747171461582183837890625">
        <ele>6.400000095367431640625</ele>
        <time>2020-10-29T03:33:19.000Z</time>
        <extensions>
          <ns3:TrackPointExtension/>
        </extensions>
      </trkpt>
      <trkpt lat="32.05812449567019939422607421875" lon="118.7237548828125">
        <ele>6.400000095367431640625</ele>
        <time>2020-10-29T03:33:20.000Z</time>
        <extensions>
          <ns3:TrackPointExtension>
            <ns3:hr>166</ns3:hr>
          </ns3:TrackPointExtension>
        </extensions>
      </trkpt>
      <trkpt lat="32.058147378265857696533203125" lon="118.72376251034438610076904296875">
        <ele>6.599999904632568359375</ele>
        <time>2020-10-29T03:33:21.000Z</time>
        <extensions>
          <ns3:TrackPointExtension/>
        </extensions>
      </trkpt>
      <trkpt lat="32.05816648900508880615234375" lon="118.7237701378762722015380859375">
        <ele>6.599999904632568359375</ele>
        <time>2020-10-29T03:33:22.000Z</time>
        <extensions>
          <ns3:TrackPointExtension/>
        </extensions>
      </trkpt>
      <trkpt lat="32.0581931434571743011474609375" lon="118.72377776540815830230712890625">
        <ele>6.599999904632568359375</ele>
        <time>2020-10-29T03:33:23.000Z</time>
        <extensions>
          <ns3:TrackPointExtension/>
        </extensions>
      </trkpt>
      <trkpt lat="32.0582122541964054107666015625" lon="118.723785392940044403076171875">
        <ele>6.599999904632568359375</ele>
        <time>2020-10-29T03:33:24.000Z</time>
        <extensions>
          <ns3:TrackPointExtension/>
        </extensions>
      </trkpt>
      <trkpt lat="32.05823513679206371307373046875" lon="118.7238006480038166046142578125">
        <ele>6.80000019073486328125</ele>
        <time>2020-10-29T03:33:25.000Z</time>
        <extensions>
          <ns3:TrackPointExtension>
            <ns3:hr>163</ns3:hr>
          </ns3:TrackPointExtension>
        </extensions>
      </trkpt>
      <trkpt lat="32.058258019387722015380859375" lon="118.72380827553570270538330078125">
        <ele>6.80000019073486328125</ele>
        <time>2020-10-29T03:33:26.000Z</time>
        <extensions>
          <ns3:TrackPointExtension/>
        </extensions>
      </trkpt>
      <trkpt lat="32.05828090198338031768798828125" lon="118.72381590306758880615234375">
        <ele>6.80000019073486328125</ele>
        <time>2020-10-29T03:33:27.000Z</time>
        <extensions>
          <ns3:TrackPointExtension/>
        </extensions>
      </trkpt>
      <trkpt lat="32.0583037845790386199951171875" lon="118.72382353059947490692138671875">
        <ele>6.80000019073486328125</ele>
        <time>2020-10-29T03:33:28.000Z</time>
        <extensions>
          <ns3:TrackPointExtension/>
        </extensions>
      </trkpt>
      <trkpt lat="32.05832666717469692230224609375" lon="118.7238311581313610076904296875">
        <ele>6.80000019073486328125</ele>
        <time>2020-10-29T03:33:29.000Z</time>
        <extensions>
          <ns3:TrackPointExtension/>
        </extensions>
      </trkpt>
      <trkpt lat="32.058349549770355224609375" lon="118.72383878566324710845947265625">
        <ele>6.80000019073486328125</ele>
        <time>2020-10-29T03:33:30.000Z</time>
        <extensions>
          <ns3:TrackPointExtension>
            <ns3:hr>166</ns3:hr>
            <ns3:cad>78</ns3:cad>
          </ns3:TrackPointExtension>
        </extensions>
      </trkpt>
      <trkpt lat="32.05837243236601352691650390625" lon="118.723846413195133209228515625">
        <ele>7</ele>
        <time>2020-10-29T03:33:31.000Z</time>
        <extensions>
          <ns3:TrackPointExtension/>
        </extensions>
      </trkpt>
      <trkpt lat="32.0583953149616718292236328125" lon="118.723846413195133209228515625">
        <ele>6.80000019073486328125</ele>
        <time>2020-10-29T03:33:32.000Z</time>
        <extensions>
          <ns3:TrackPointExtension/>
        </extensions>
      </trkpt>
      <trkpt lat="32.05841819755733013153076171875" lon="118.72385404072701930999755859375">
        <ele>7</ele>
        <time>2020-10-29T03:33:33.000Z</time>
        <extensions>
          <ns3:TrackPointExtension/>
        </extensions>
      </trkpt>
      <trkpt lat="32.058441080152988433837890625" lon="118.7238616682589054107666015625">
        <ele>7</ele>
        <time>2020-10-29T03:33:34.000Z</time>
        <extensions>
          <ns3:TrackPointExtension/>
        </extensions>
      </trkpt>
      <trkpt lat="32.05846019089221954345703125" lon="118.72386929579079151153564453125">
        <ele>7.19999980926513671875</ele>
        <time>2020-10-29T03:33:35.000Z</time>
        <extensions>
          <ns3:TrackPointExtension>
            <ns3:hr>166</ns3:hr>
          </ns3:TrackPointExtension>
        </extensions>
      </trkpt>
      <trkpt lat="32.05848307348787784576416015625" lon="118.7238769233226776123046875">
        <ele>7.19999980926513671875</ele>
        <time>2020-10-29T03:33:36.000Z</time>
        <extensions>
          <ns3:TrackPointExtension/>
        </extensions>
      </trkpt>
      <trkpt lat="32.05850218422710895538330078125" lon="118.7238769233226776123046875">
        <ele>7.19999980926513671875</ele>
        <time>2020-10-29T03:33:37.000Z</time>
        <extensions>
          <ns3:TrackPointExtension/>
        </extensions>
      </trkpt>
      <trkpt lat="32.058521211147308349609375" lon="118.72388455085456371307373046875">
        <ele>7</ele>
        <time>2020-10-29T03:33:38.000Z</time>
        <extensions>
          <ns3:TrackPointExtension/>
        </extensions>
      </trkpt>
      <trkpt lat="32.05854409374296665191650390625" lon="118.7238921783864498138427734375">
        <ele>7</ele>
        <time>2020-10-29T03:33:39.000Z</time>
        <extensions>
          <ns3:TrackPointExtension/>
        </extensions>
      </trkpt>
      <trkpt lat="32.05856320448219776153564453125" lon="118.72389980591833591461181640625">
        <ele>7</ele>
        <time>2020-10-29T03:33:40.000Z</time>
        <extensions>
          <ns3:TrackPointExtension>
            <ns3:hr>168</ns3:hr>
          </ns3:TrackPointExtension>
        </extensions>
      </trkpt>
      <trkpt lat="32.05858223140239715576171875" lon="118.723907433450222015380859375">
        <ele>6.80000019073486328125</ele>
        <time>2020-10-29T03:33:41.000Z</time>
        <extensions>
          <ns3:TrackPointExtension/>
        </extensions>
      </trkpt>
      <trkpt lat="32.058601342141628265380859375" lon="118.72391506098210811614990234375">
        <ele>6.80000019073486328125</ele>
        <time>2020-10-29T03:33:42.000Z</time>
        <extensions>
          <ns3:TrackPointExtension/>
        </extensions>
      </trkpt>
      <trkpt lat="32.058620452880859375" lon="118.7239226885139942169189453125">
        <ele>6.80000019073486328125</ele>
        <time>2020-10-29T03:33:43.000Z</time>
        <extensions>
          <ns3:TrackPointExtension/>
        </extensions>
      </trkpt>
      <trkpt lat="32.05864333547651767730712890625" lon="118.72393031604588031768798828125">
        <ele>6.599999904632568359375</ele>
        <time>2020-10-29T03:33:44.000Z</time>
        <extensions>
          <ns3:TrackPointExtension/>
        </extensions>
      </trkpt>
      <trkpt lat="32.058662362396717071533203125" lon="118.72393794357776641845703125">
        <ele>6.599999904632568359375</ele>
        <time>2020-10-29T03:33:45.000Z</time>
        <extensions>
          <ns3:TrackPointExtension>
            <ns3:hr>169</ns3:hr>
          </ns3:TrackPointExtension>
        </extensions>
      </trkpt>
      <trkpt lat="32.05868147313594818115234375" lon="118.72394557110965251922607421875">
        <ele>6.599999904632568359375</ele>
        <time>2020-10-29T03:33:46.000Z</time>
        <extensions>
          <ns3:TrackPointExtension/>
        </extensions>
      </trkpt>
      <trkpt lat="32.05870435573160648345947265625" lon="118.7239531986415386199951171875">
        <ele>6.400000095367431640625</ele>
        <time>2020-10-29T03:33:47.000Z</time>
        <extensions>
          <ns3:TrackPointExtension/>
        </extensions>
      </trkpt>
      <trkpt lat="32.0587272383272647857666015625" lon="118.72396082617342472076416015625">
        <ele>6.400000095367431640625</ele>
        <time>2020-10-29T03:33:48.000Z</time>
        <extensions>
          <ns3:TrackPointExtension/>
        </extensions>
      </trkpt>
      <trkpt lat="32.05874626524746417999267578125" lon="118.723968453705310821533203125">
        <ele>6.19999980926513671875</ele>
        <time>2020-10-29T03:33:49.000Z</time>
        <extensions>
          <ns3:TrackPointExtension/>
        </extensions>
      </trkpt>
      <trkpt lat="32.0587691478431224822998046875" lon="118.72397608123719692230224609375">
        <ele>6.19999980926513671875</ele>
        <time>2020-10-29T03:33:50.000Z</time>
        <extensions>
          <ns3:TrackPointExtension>
            <ns3:hr>165</ns3:hr>
          </ns3:TrackPointExtension>
        </extensions>
      </trkpt>
      <trkpt lat="32.0587921142578125" lon="118.7239837087690830230712890625">
        <ele>6.19999980926513671875</ele>
        <time>2020-10-29T03:33:51.000Z</time>
        <extensions>
          <ns3:TrackPointExtension/>
        </extensions>
      </trkpt>
      <trkpt lat="32.05881499685347080230712890625" lon="118.7239837087690830230712890625">
        <ele>6</ele>
        <time>2020-10-29T03:33:52.000Z</time>
        <extensions>
          <ns3:TrackPointExtension/>
        </extensions>
      </trkpt>
      <trkpt lat="32.058834023773670196533203125" lon="118.72399133630096912384033203125">
        <ele>6</ele>
        <time>2020-10-29T03:33:53.000Z</time>
        <extensions>
          <ns3:TrackPointExtension/>
        </extensions>
      </trkpt>
      <trkpt lat="32.05885690636932849884033203125" lon="118.723998963832855224609375">
        <ele>6</ele>
        <time>2020-10-29T03:33:54.000Z</time>
        <extensions>
          <ns3:TrackPointExtension/>
        </extensions>
      </trkpt>
      <trkpt lat="32.05887601710855960845947265625" lon="118.723998963832855224609375">
        <ele>6</ele>
        <time>2020-10-29T03:33:55.000Z</time>
        <extensions>
          <ns3:TrackPointExtension>
            <ns3:hr>167</ns3:hr>
          </ns3:TrackPointExtension>
        </extensions>
      </trkpt>
      <trkpt lat="32.0588988997042179107666015625" lon="118.72400659136474132537841796875">
        <ele>6</ele>
        <time>2020-10-29T03:33:56.000Z</time>
        <extensions>
          <ns3:TrackPointExtension/>
        </extensions>
      </trkpt>
      <trkpt lat="32.05892178229987621307373046875" lon="118.7240142188966274261474609375">
        <ele>5.80000019073486328125</ele>
        <time>2020-10-29T03:33:57.000Z</time>
        <extensions>
          <ns3:TrackPointExtension/>
        </extensions>
      </trkpt>
      <trkpt lat="32.0589408092200756072998046875" lon="118.7240142188966274261474609375">
        <ele>5.80000019073486328125</ele>
        <time>2020-10-29T03:33:58.000Z</time>
        <extensions>
          <ns3:TrackPointExtension/>
        </extensions>
      </trkpt>
      <trkpt lat="32.058963775634765625" lon="118.72402184642851352691650390625">
        <ele>5.80000019073486328125</ele>
        <time>2020-10-29T03:33:59.000Z</time>
        <extensions>
          <ns3:TrackPointExtension/>
        </extensions>
      </trkpt>
      <trkpt lat="32.05898280255496501922607421875" lon="118.724029473960399627685546875">
        <ele>5.80000019073486328125</ele>
        <time>2020-10-29T03:34:00.000Z</time>
        <extensions>
          <ns3:TrackPointExtension>
            <ns3:hr>162</ns3:hr>
          </ns3:TrackPointExtension>
        </extensions>
      </trkpt>
      <trkpt lat="32.059005685150623321533203125" lon="118.724029473960399627685546875">
        <ele>5.80000019073486328125</ele>
        <time>2020-10-29T03:34:01.000Z</time>
        <extensions>
          <ns3:TrackPointExtension/>
        </extensions>
      </trkpt>
      <trkpt lat="32.05902856774628162384033203125" lon="118.72403710149228572845458984375">
        <ele>5.599999904632568359375</ele>
        <time>2020-10-29T03:34:02.000Z</time>
        <extensions>
          <ns3:TrackPointExtension/>
        </extensions>
      </trkpt>
      <trkpt lat="32.05904767848551273345947265625" lon="118.7240447290241718292236328125">
        <ele>5.599999904632568359375</ele>
        <time>2020-10-29T03:34:03.000Z</time>
        <extensions>
          <ns3:TrackPointExtension/>
        </extensions>
      </trkpt>
      <trkpt lat="32.0590705610811710357666015625" lon="118.72405235655605792999267578125">
        <ele>5.80000019073486328125</ele>
        <time>2020-10-29T03:34:04.000Z</time>
        <extensions>
          <ns3:TrackPointExtension/>
        </extensions>
      </trkpt>
      <trkpt lat="32.05908958800137042999267578125" lon="118.72405998408794403076171875">
        <ele>6</ele>
        <time>2020-10-29T03:34:05.000Z</time>
        <extensions>
          <ns3:TrackPointExtension>
            <ns3:hr>161</ns3:hr>
          </ns3:TrackPointExtension>
        </extensions>
      </trkpt>
      <trkpt lat="32.0591124705970287322998046875" lon="118.72406761161983013153076171875">
        <ele>6</ele>
        <time>2020-10-29T03:34:06.000Z</time>
        <extensions>
          <ns3:TrackPointExtension/>
        </extensions>
      </trkpt>
      <trkpt lat="32.05913543701171875" lon="118.7240752391517162322998046875">
        <ele>6.19999980926513671875</ele>
        <time>2020-10-29T03:34:07.000Z</time>
        <extensions>
          <ns3:TrackPointExtension/>
        </extensions>
      </trkpt>
      <trkpt lat="32.05915446393191814422607421875" lon="118.72408286668360233306884765625">
        <ele>6.400000095367431640625</ele>
        <time>2020-10-29T03:34:08.000Z</time>
        <extensions>
          <ns3:TrackPointExtension/>
        </extensions>
      </trkpt>
      <trkpt lat="32.059177346527576446533203125" lon="118.724090494215488433837890625">
        <ele>6.400000095367431640625</ele>
        <time>2020-10-29T03:34:09.000Z</time>
        <extensions>
          <ns3:TrackPointExtension/>
        </extensions>
      </trkpt>
      <trkpt lat="32.05919645726680755615234375" lon="118.72409820556640625">
        <ele>6.599999904632568359375</ele>
        <time>2020-10-29T03:34:10.000Z</time>
        <extensions>
          <ns3:TrackPointExtension>
            <ns3:hr>160</ns3:hr>
          </ns3:TrackPointExtension>
        </extensions>
      </trkpt>
      <trkpt lat="32.05921933986246585845947265625" lon="118.72410583309829235076904296875">
        <ele>6.599999904632568359375</ele>
        <time>2020-10-29T03:34:11.000Z</time>
        <extensions>
          <ns3:TrackPointExtension/>
        </extensions>
      </trkpt>
      <trkpt lat="32.0592422224581241607666015625" lon="118.7241134606301784515380859375">
        <ele>6.599999904632568359375</ele>
        <time>2020-10-29T03:34:12.000Z</time>
        <extensions>
          <ns3:TrackPointExtension/>
        </extensions>
      </trkpt>
      <trkpt lat="32.05926510505378246307373046875" lon="118.72412108816206455230712890625">
        <ele>6.599999904632568359375</ele>
        <time>2020-10-29T03:34:13.000Z</time>
        <extensions>
          <ns3:TrackPointExtension/>
        </extensions>
      </trkpt>
      <trkpt lat="32.0592841319739818572998046875" lon="118.724128715693950653076171875">
        <ele>6.599999904632568359375</ele>
        <time>2020-10-29T03:34:14.000Z</time>
        <extensions>
          <ns3:TrackPointExtension/>
        </extensions>
      </trkpt>
      <trkpt lat="32.059307098388671875" lon="118.72413634322583675384521484375">
        <ele>6.80000019073486328125</ele>
        <time>2020-10-29T03:34:15.000Z</time>
        <extensions>
          <ns3:TrackPointExtension>
            <ns3:hr>165</ns3:hr>
          </ns3:TrackPointExtension>
        </extensions>
      </trkpt>
      <trkpt lat="32.05932998098433017730712890625" lon="118.7241439707577228546142578125">
        <ele>6.80000019073486328125</ele>
        <time>2020-10-29T03:34:16.000Z</time>
        <extensions>
          <ns3:TrackPointExtension/>
        </extensions>
      </trkpt>
      <trkpt lat="32.0593528635799884796142578125" lon="118.72415159828960895538330078125">
        <ele>7.19999980926513671875</ele>
        <time>2020-10-29T03:34:17.000Z</time>
        <extensions>
          <ns3:TrackPointExtension/>
        </extensions>
      </trkpt>
      <trkpt lat="32.05937574617564678192138671875" lon="118.72415159828960895538330078125">
        <ele>7.19999980926513671875</ele>
        <time>2020-10-29T03:34:18.000Z</time>
        <extensions>
          <ns3:TrackPointExtension/>
        </extensions>
      </trkpt>
      <trkpt lat="32.059398628771305084228515625" lon="118.72415922582149505615234375">
        <ele>7.599999904632568359375</ele>
        <time>2020-10-29T03:34:19.000Z</time>
        <extensions>
          <ns3:TrackPointExtension/>
        </extensions>
      </trkpt>
      <trkpt lat="32.0594252832233905792236328125" lon="118.72416685335338115692138671875">
        <ele>7.80000019073486328125</ele>
        <time>2020-10-29T03:34:20.000Z</time>
        <extensions>
          <ns3:TrackPointExtension>
            <ns3:hr>162</ns3:hr>
          </ns3:TrackPointExtension>
        </extensions>
      </trkpt>
      <trkpt lat="32.05944816581904888153076171875" lon="118.72416685335338115692138671875">
        <ele>8</ele>
        <time>2020-10-29T03:34:21.000Z</time>
        <extensions>
          <ns3:TrackPointExtension/>
        </extensions>
      </trkpt>
      <trkpt lat="32.059471048414707183837890625" lon="118.72416685335338115692138671875">
        <ele>8.19999980926513671875</ele>
        <time>2020-10-29T03:34:22.000Z</time>
        <extensions>
          <ns3:TrackPointExtension/>
        </extensions>
      </trkpt>
      <trkpt lat="32.0594940148293972015380859375" lon="118.7241744808852672576904296875">
        <ele>8.3999996185302734375</ele>
        <time>2020-10-29T03:34:23.000Z</time>
        <extensions>
          <ns3:TrackPointExtension/>
        </extensions>
      </trkpt>
      <trkpt lat="32.05951689742505550384521484375" lon="118.7241744808852672576904296875">
        <ele>8.6000003814697265625</ele>
        <time>2020-10-29T03:34:24.000Z</time>
        <extensions>
          <ns3:TrackPointExtension/>
        </extensions>
      </trkpt>
      <trkpt lat="32.05953978002071380615234375" lon="118.72418210841715335845947265625">
        <ele>8.80000019073486328125</ele>
        <time>2020-10-29T03:34:25.000Z</time>
        <extensions>
          <ns3:TrackPointExtension>
            <ns3:hr>165</ns3:hr>
          </ns3:TrackPointExtension>
        </extensions>
      </trkpt>
      <trkpt lat="32.05956266261637210845947265625" lon="118.72418210841715335845947265625">
        <ele>9</ele>
        <time>2020-10-29T03:34:26.000Z</time>
        <extensions>
          <ns3:TrackPointExtension/>
        </extensions>
      </trkpt>
      <trkpt lat="32.0595855452120304107666015625" lon="118.724189735949039459228515625">
        <ele>9.19999980926513671875</ele>
        <time>2020-10-29T03:34:27.000Z</time>
        <extensions>
          <ns3:TrackPointExtension/>
        </extensions>
      </trkpt>
      <trkpt lat="32.05960842780768871307373046875" lon="118.724189735949039459228515625">
        <ele>9.19999980926513671875</ele>
        <time>2020-10-29T03:34:28.000Z</time>
        <extensions>
          <ns3:TrackPointExtension/>
        </extensions>
      </trkpt>
      <trkpt lat="32.05963508225977420806884765625" lon="118.72419736348092555999755859375">
        <ele>9.19999980926513671875</ele>
        <time>2020-10-29T03:34:29.000Z</time>
        <extensions>
          <ns3:TrackPointExtension/>
        </extensions>
      </trkpt>
      <trkpt lat="32.05965804867446422576904296875" lon="118.72419736348092555999755859375">
        <ele>9.19999980926513671875</ele>
        <time>2020-10-29T03:34:30.000Z</time>
        <extensions>
          <ns3:TrackPointExtension>
            <ns3:hr>163</ns3:hr>
            <ns3:cad>78</ns3:cad>
          </ns3:TrackPointExtension>
        </extensions>
      </trkpt>
      <trkpt lat="32.059680931270122528076171875" lon="118.7242049910128116607666015625">
        <ele>9.19999980926513671875</ele>
        <time>2020-10-29T03:34:31.000Z</time>
        <extensions>
          <ns3:TrackPointExtension/>
        </extensions>
      </trkpt>
      <trkpt lat="32.0597075857222080230712890625" lon="118.7242049910128116607666015625">
        <ele>9</ele>
        <time>2020-10-29T03:34:32.000Z</time>
        <extensions>
          <ns3:TrackPointExtension/>
        </extensions>
      </trkpt>
      <trkpt lat="32.05973432399332523345947265625" lon="118.72421261854469776153564453125">
        <ele>9.19999980926513671875</ele>
        <time>2020-10-29T03:34:33.000Z</time>
        <extensions>
          <ns3:TrackPointExtension/>
        </extensions>
      </trkpt>
      <trkpt lat="32.0597572065889835357666015625" lon="118.72421261854469776153564453125">
        <ele>9</ele>
        <time>2020-10-29T03:34:34.000Z</time>
        <extensions>
          <ns3:TrackPointExtension/>
        </extensions>
      </trkpt>
      <trkpt lat="32.05978386104106903076171875" lon="118.7242202460765838623046875">
        <ele>9.19999980926513671875</ele>
        <time>2020-10-29T03:34:35.000Z</time>
        <extensions>
          <ns3:TrackPointExtension>
            <ns3:hr>164</ns3:hr>
          </ns3:TrackPointExtension>
        </extensions>
      </trkpt>
      <trkpt lat="32.059814371168613433837890625" lon="118.72422787360846996307373046875">
        <ele>9.19999980926513671875</ele>
        <time>2020-10-29T03:34:36.000Z</time>
        <extensions>
          <ns3:TrackPointExtension/>
        </extensions>
      </trkpt>
      <trkpt lat="32.05984110943973064422607421875" lon="118.72422787360846996307373046875">
        <ele>9.19999980926513671875</ele>
        <time>2020-10-29T03:34:37.000Z</time>
        <extensions>
          <ns3:TrackPointExtension/>
        </extensions>
      </trkpt>
      <trkpt lat="32.0598678477108478546142578125" lon="118.7242355011403560638427734375">
        <ele>9</ele>
        <time>2020-10-29T03:34:38.000Z</time>
        <extensions>
          <ns3:TrackPointExtension/>
        </extensions>
      </trkpt>
      <trkpt lat="32.059894502162933349609375" lon="118.72424312867224216461181640625">
        <ele>9</ele>
        <time>2020-10-29T03:34:39.000Z</time>
        <extensions>
          <ns3:TrackPointExtension/>
        </extensions>
      </trkpt>
      <trkpt lat="32.059925012290477752685546875" lon="118.72424312867224216461181640625">
        <ele>8.6000003814697265625</ele>
        <time>2020-10-29T03:34:40.000Z</time>
        <extensions>
          <ns3:TrackPointExtension>
            <ns3:hr>165</ns3:hr>
          </ns3:TrackPointExtension>
        </extensions>
      </trkpt>
      <trkpt lat="32.05995175056159496307373046875" lon="118.724250756204128265380859375">
        <ele>8.3999996185302734375</ele>
        <time>2020-10-29T03:34:41.000Z</time>
        <extensions>
          <ns3:TrackPointExtension/>
        </extensions>
      </trkpt>
      <trkpt lat="32.05997840501368045806884765625" lon="118.72425838373601436614990234375">
        <ele>8.19999980926513671875</ele>
        <time>2020-10-29T03:34:42.000Z</time>
        <extensions>
          <ns3:TrackPointExtension/>
        </extensions>
      </trkpt>
      <trkpt lat="32.06000514328479766845703125" lon="118.7242660112679004669189453125">
        <ele>7.80000019073486328125</ele>
        <time>2020-10-29T03:34:43.000Z</time>
        <extensions>
          <ns3:TrackPointExtension/>
        </extensions>
      </trkpt>
      <trkpt lat="32.06003188155591487884521484375" lon="118.72427363879978656768798828125">
        <ele>7.599999904632568359375</ele>
        <time>2020-10-29T03:34:44.000Z</time>
        <extensions>
          <ns3:TrackPointExtension/>
        </extensions>
      </trkpt>
      <trkpt lat="32.06005853600800037384033203125" lon="118.72428126633167266845703125">
        <ele>7.400000095367431640625</ele>
        <time>2020-10-29T03:34:45.000Z</time>
        <extensions>
          <ns3:TrackPointExtension>
            <ns3:hr>167</ns3:hr>
          </ns3:TrackPointExtension>
        </extensions>
      </trkpt>
      <trkpt lat="32.060085274279117584228515625" lon="118.72428889386355876922607421875">
        <ele>7.19999980926513671875</ele>
        <time>2020-10-29T03:34:46.000Z</time>
        <extensions>
          <ns3:TrackPointExtension/>
        </extensions>
      </trkpt>
      <trkpt lat="32.0601119287312030792236328125" lon="118.7242965213954448699951171875">
        <ele>7</ele>
        <time>2020-10-29T03:34:47.000Z</time>
        <extensions>
          <ns3:TrackPointExtension/>
        </extensions>
      </trkpt>
      <trkpt lat="32.06013866700232028961181640625" lon="118.72430414892733097076416015625">
        <ele>6.80000019073486328125</ele>
        <time>2020-10-29T03:34:48.000Z</time>
        <extensions>
          <ns3:TrackPointExtension/>
        </extensions>
      </trkpt>
      <trkpt lat="32.0601654052734375" lon="118.72431940399110317230224609375">
        <ele>6.599999904632568359375</ele>
        <time>2020-10-29T03:34:49.000Z</time>
        <extensions>
          <ns3:TrackPointExtension/>
        </extensions>
      </trkpt>
      <trkpt lat="32.0601920597255229949951171875" lon="118.7243270315229892730712890625">
        <ele>6.599999904632568359375</ele>
        <time>2020-10-29T03:34:50.000Z</time>
        <extensions>
          <ns3:TrackPointExtension>
            <ns3:hr>166</ns3:hr>
          </ns3:TrackPointExtension>
        </extensions>
      </trkpt>
      <trkpt lat="32.06021879799664020538330078125" lon="118.7243270315229892730712890625">
        <ele>6.400000095367431640625</ele>
        <time>2020-10-29T03:34:51.000Z</time>
        <extensions>
          <ns3:TrackPointExtension/>
        </extensions>
      </trkpt>
      <trkpt lat="32.06024545244872570037841796875" lon="118.72433465905487537384033203125">
        <ele>6.400000095367431640625</ele>
        <time>2020-10-29T03:34:52.000Z</time>
        <extensions>
          <ns3:TrackPointExtension/>
        </extensions>
      </trkpt>
      <trkpt lat="32.0602721907198429107666015625" lon="118.724342286586761474609375">
        <ele>6.400000095367431640625</ele>
        <time>2020-10-29T03:34:53.000Z</time>
        <extensions>
          <ns3:TrackPointExtension/>
        </extensions>
      </trkpt>
      <trkpt lat="32.06029884517192840576171875" lon="118.72434991411864757537841796875">
        <ele>6.19999980926513671875</ele>
        <time>2020-10-29T03:34:54.000Z</time>
        <extensions>
          <ns3:TrackPointExtension/>
        </extensions>
      </trkpt>
      <trkpt lat="32.06032558344304561614990234375" lon="118.7243575416505336761474609375">
        <ele>6.19999980926513671875</ele>
        <time>2020-10-29T03:34:55.000Z</time>
        <extensions>
          <ns3:TrackPointExtension>
            <ns3:hr>168</ns3:hr>
          </ns3:TrackPointExtension>
        </extensions>
      </trkpt>
      <trkpt lat="32.06035609357059001922607421875" lon="118.72436516918241977691650390625">
        <ele>6</ele>
        <time>2020-10-29T03:34:56.000Z</time>
        <extensions>
          <ns3:TrackPointExtension/>
        </extensions>
      </trkpt>
      <trkpt lat="32.0603828318417072296142578125" lon="118.72436516918241977691650390625">
        <ele>5.80000019073486328125</ele>
        <time>2020-10-29T03:34:57.000Z</time>
        <extensions>
          <ns3:TrackPointExtension/>
        </extensions>
      </trkpt>
      <trkpt lat="32.0604133419692516326904296875" lon="118.724372796714305877685546875">
        <ele>5.599999904632568359375</ele>
        <time>2020-10-29T03:34:58.000Z</time>
        <extensions>
          <ns3:TrackPointExtension/>
        </extensions>
      </trkpt>
      <trkpt lat="32.060439996421337127685546875" lon="118.72438042424619197845458984375">
        <ele>5.599999904632568359375</ele>
        <time>2020-10-29T03:34:59.000Z</time>
        <extensions>
          <ns3:TrackPointExtension/>
        </extensions>
      </trkpt>
      <trkpt lat="32.06047050654888153076171875" lon="118.72438042424619197845458984375">
        <ele>5.599999904632568359375</ele>
        <time>2020-10-29T03:35:00.000Z</time>
        <extensions>
          <ns3:TrackPointExtension>
            <ns3:hr>167</ns3:hr>
          </ns3:TrackPointExtension>
        </extensions>
      </trkpt>
      <trkpt lat="32.06049724481999874114990234375" lon="118.7243880517780780792236328125">
        <ele>5.400000095367431640625</ele>
        <time>2020-10-29T03:35:01.000Z</time>
        <extensions>
          <ns3:TrackPointExtension/>
        </extensions>
      </trkpt>
      <trkpt lat="32.06052775494754314422607421875" lon="118.72439567930996417999267578125">
        <ele>5.400000095367431640625</ele>
        <time>2020-10-29T03:35:02.000Z</time>
        <extensions>
          <ns3:TrackPointExtension/>
        </extensions>
      </trkpt>
      <trkpt lat="32.0605544932186603546142578125" lon="118.72439567930996417999267578125">
        <ele>5.400000095367431640625</ele>
        <time>2020-10-29T03:35:03.000Z</time>
        <extensions>
          <ns3:TrackPointExtension/>
        </extensions>
      </trkpt>
      <trkpt lat="32.0605850033462047576904296875" lon="118.72439567930996417999267578125">
        <ele>5.19999980926513671875</ele>
        <time>2020-10-29T03:35:04.000Z</time>
        <extensions>
          <ns3:TrackPointExtension/>
        </extensions>
      </trkpt>
      <trkpt lat="32.0606155134737491607666015625" lon="118.72440330684185028076171875">
        <ele>5.19999980926513671875</ele>
        <time>2020-10-29T03:35:05.000Z</time>
        <extensions>
          <ns3:TrackPointExtension>
            <ns3:hr>169</ns3:hr>
          </ns3:TrackPointExtension>
        </extensions>
      </trkpt>
      <trkpt lat="32.06064216792583465576171875" lon="118.72440330684185028076171875">
        <ele>5.19999980926513671875</ele>
        <time>2020-10-29T03:35:06.000Z</time>
        <extensions>
          <ns3:TrackPointExtension/>
        </extensions>
      </trkpt>
      <trkpt lat="32.060672678053379058837890625" lon="118.72441093437373638153076171875">
        <ele>5.400000095367431640625</ele>
        <time>2020-10-29T03:35:07.000Z</time>
        <extensions>
          <ns3:TrackPointExtension/>
        </extensions>
      </trkpt>
      <trkpt lat="32.06069941632449626922607421875" lon="118.72441093437373638153076171875">
        <ele>5.400000095367431640625</ele>
        <time>2020-10-29T03:35:08.000Z</time>
        <extensions>
          <ns3:TrackPointExtension/>
        </extensions>
      </trkpt>
      <trkpt lat="32.06072992645204067230224609375" lon="118.72441093437373638153076171875">
        <ele>5.400000095367431640625</ele>
        <time>2020-10-29T03:35:09.000Z</time>
        <extensions>
          <ns3:TrackPointExtension/>
        </extensions>
      </trkpt>
      <trkpt lat="32.0607566647231578826904296875" lon="118.7244185619056224822998046875">
        <ele>5.599999904632568359375</ele>
        <time>2020-10-29T03:35:10.000Z</time>
        <extensions>
          <ns3:TrackPointExtension>
            <ns3:hr>167</ns3:hr>
          </ns3:TrackPointExtension>
        </extensions>
      </trkpt>
      <trkpt lat="32.0607871748507022857666015625" lon="118.7244185619056224822998046875">
        <ele>5.599999904632568359375</ele>
        <time>2020-10-29T03:35:11.000Z</time>
        <extensions>
          <ns3:TrackPointExtension/>
        </extensions>
      </trkpt>
      <trkpt lat="32.0608176849782466888427734375" lon="118.7244185619056224822998046875">
        <ele>5.80000019073486328125</ele>
        <time>2020-10-29T03:35:12.000Z</time>
        <extensions>
          <ns3:TrackPointExtension/>
        </extensions>
      </trkpt>
      <trkpt lat="32.060844339430332183837890625" lon="118.72442618943750858306884765625">
        <ele>5.80000019073486328125</ele>
        <time>2020-10-29T03:35:13.000Z</time>
        <extensions>
          <ns3:TrackPointExtension/>
        </extensions>
      </trkpt>
      <trkpt lat="32.06087493337690830230712890625" lon="118.72442618943750858306884765625">
        <ele>6</ele>
        <time>2020-10-29T03:35:14.000Z</time>
        <extensions>
          <ns3:TrackPointExtension/>
        </extensions>
      </trkpt>
      <trkpt lat="32.06090544350445270538330078125" lon="118.72442618943750858306884765625">
        <ele>6.19999980926513671875</ele>
        <time>2020-10-29T03:35:15.000Z</time>
        <extensions>
          <ns3:TrackPointExtension>
            <ns3:hr>169</ns3:hr>
          </ns3:TrackPointExtension>
        </extensions>
      </trkpt>
      <trkpt lat="32.06093595363199710845947265625" lon="118.724433816969394683837890625">
        <ele>6.19999980926513671875</ele>
        <time>2020-10-29T03:35:16.000Z</time>
        <extensions>
          <ns3:TrackPointExtension/>
        </extensions>
      </trkpt>
      <trkpt lat="32.06096646375954151153564453125" lon="118.724433816969394683837890625">
        <ele>6</ele>
        <time>2020-10-29T03:35:17.000Z</time>
        <extensions>
          <ns3:TrackPointExtension/>
        </extensions>
      </trkpt>
      <trkpt lat="32.06099697388708591461181640625" lon="118.724433816969394683837890625">
        <ele>6</ele>
        <time>2020-10-29T03:35:18.000Z</time>
        <extensions>
          <ns3:TrackPointExtension/>
        </extensions>
      </trkpt>
      <trkpt lat="32.06102748401463031768798828125" lon="118.7244415283203125">
        <ele>6</ele>
        <time>2020-10-29T03:35:19.000Z</time>
        <extensions>
          <ns3:TrackPointExtension/>
        </extensions>
      </trkpt>
      <trkpt lat="32.06105799414217472076416015625" lon="118.7244415283203125">
        <ele>5.80000019073486328125</ele>
        <time>2020-10-29T03:35:20.000Z</time>
        <extensions>
          <ns3:TrackPointExtension>
            <ns3:hr>168</ns3:hr>
          </ns3:TrackPointExtension>
        </extensions>
      </trkpt>
      <trkpt lat="32.06108850426971912384033203125" lon="118.7244415283203125">
        <ele>5.80000019073486328125</ele>
        <time>2020-10-29T03:35:21.000Z</time>
        <extensions>
          <ns3:TrackPointExtension/>
        </extensions>
      </trkpt>
      <trkpt lat="32.06111901439726352691650390625" lon="118.72444915585219860076904296875">
        <ele>5.80000019073486328125</ele>
        <time>2020-10-29T03:35:22.000Z</time>
        <extensions>
          <ns3:TrackPointExtension/>
        </extensions>
      </trkpt>
      <trkpt lat="32.06114952452480792999267578125" lon="118.72444915585219860076904296875">
        <ele>5.599999904632568359375</ele>
        <time>2020-10-29T03:35:23.000Z</time>
        <extensions>
          <ns3:TrackPointExtension/>
        </extensions>
      </trkpt>
      <trkpt lat="32.06118003465235233306884765625" lon="118.7244567833840847015380859375">
        <ele>5.599999904632568359375</ele>
        <time>2020-10-29T03:35:24.000Z</time>
        <extensions>
          <ns3:TrackPointExtension/>
        </extensions>
      </trkpt>
      <trkpt lat="32.0612106285989284515380859375" lon="118.7244567833840847015380859375">
        <ele>5.400000095367431640625</ele>
        <time>2020-10-29T03:35:25.000Z</time>
        <extensions>
          <ns3:TrackPointExtension>
            <ns3:hr>167</ns3:hr>
          </ns3:TrackPointExtension>
        </extensions>
      </trkpt>
      <trkpt lat="32.0612411387264728546142578125" lon="118.72446441091597080230712890625">
        <ele>5.599999904632568359375</ele>
        <time>2020-10-29T03:35:26.000Z</time>
        <extensions>
          <ns3:TrackPointExtension/>
        </extensions>
      </trkpt>
      <trkpt lat="32.0612716488540172576904296875" lon="118.72446441091597080230712890625">
        <ele>5.80000019073486328125</ele>
        <time>2020-10-29T03:35:27.000Z</time>
        <extensions>
          <ns3:TrackPointExtension/>
        </extensions>
      </trkpt>
      <trkpt lat="32.0613021589815616607666015625" lon="118.72446441091597080230712890625">
        <ele>6</ele>
        <time>2020-10-29T03:35:28.000Z</time>
        <extensions>
          <ns3:TrackPointExtension/>
        </extensions>
      </trkpt>
      <trkpt lat="32.0613326691091060638427734375" lon="118.724472038447856903076171875">
        <ele>6.19999980926513671875</ele>
        <time>2020-10-29T03:35:29.000Z</time>
        <extensions>
          <ns3:TrackPointExtension/>
        </extensions>
      </trkpt>
      <trkpt lat="32.0613631792366504669189453125" lon="118.724472038447856903076171875">
        <ele>6.19999980926513671875</ele>
        <time>2020-10-29T03:35:30.000Z</time>
        <extensions>
          <ns3:TrackPointExtension>
            <ns3:hr>166</ns3:hr>
            <ns3:cad>78</ns3:cad>
          </ns3:TrackPointExtension>
        </extensions>
      </trkpt>
      <trkpt lat="32.06138991750776767730712890625" lon="118.724472038447856903076171875">
        <ele>6.400000095367431640625</ele>
        <time>2020-10-29T03:35:31.000Z</time>
        <extensions>
          <ns3:TrackPointExtension/>
        </extensions>
      </trkpt>
      <trkpt lat="32.06142042763531208038330078125" lon="118.724472038447856903076171875">
        <ele>6.400000095367431640625</ele>
        <time>2020-10-29T03:35:32.000Z</time>
        <extensions>
          <ns3:TrackPointExtension/>
        </extensions>
      </trkpt>
      <trkpt lat="32.06145093776285648345947265625" lon="118.724472038447856903076171875">
        <ele>6.599999904632568359375</ele>
        <time>2020-10-29T03:35:33.000Z</time>
        <extensions>
          <ns3:TrackPointExtension/>
        </extensions>
      </trkpt>
      <trkpt lat="32.06148144789040088653564453125" lon="118.724472038447856903076171875">
        <ele>6.599999904632568359375</ele>
        <time>2020-10-29T03:35:34.000Z</time>
        <extensions>
          <ns3:TrackPointExtension/>
        </extensions>
      </trkpt>
      <trkpt lat="32.06151195801794528961181640625" lon="118.724472038447856903076171875">
        <ele>6.80000019073486328125</ele>
        <time>2020-10-29T03:35:35.000Z</time>
        <extensions>
          <ns3:TrackPointExtension>
            <ns3:hr>165</ns3:hr>
          </ns3:TrackPointExtension>
        </extensions>
      </trkpt>
      <trkpt lat="32.06154246814548969268798828125" lon="118.724472038447856903076171875">
        <ele>6.80000019073486328125</ele>
        <time>2020-10-29T03:35:36.000Z</time>
        <extensions>
          <ns3:TrackPointExtension/>
        </extensions>
      </trkpt>
      <trkpt lat="32.061569206416606903076171875" lon="118.724472038447856903076171875">
        <ele>6.80000019073486328125</ele>
        <time>2020-10-29T03:35:37.000Z</time>
        <extensions>
          <ns3:TrackPointExtension/>
        </extensions>
      </trkpt>
      <trkpt lat="32.06159971654415130615234375" lon="118.724472038447856903076171875">
        <ele>6.80000019073486328125</ele>
        <time>2020-10-29T03:35:38.000Z</time>
        <extensions>
          <ns3:TrackPointExtension/>
        </extensions>
      </trkpt>
      <trkpt lat="32.061630226671695709228515625" lon="118.724472038447856903076171875">
        <ele>6.80000019073486328125</ele>
        <time>2020-10-29T03:35:39.000Z</time>
        <extensions>
          <ns3:TrackPointExtension/>
        </extensions>
      </trkpt>
      <trkpt lat="32.0616607367992401123046875" lon="118.72447966597974300384521484375">
        <ele>6.80000019073486328125</ele>
        <time>2020-10-29T03:35:40.000Z</time>
        <extensions>
          <ns3:TrackPointExtension>
            <ns3:hr>165</ns3:hr>
          </ns3:TrackPointExtension>
        </extensions>
      </trkpt>
      <trkpt lat="32.061691246926784515380859375" lon="118.72447966597974300384521484375">
        <ele>6.80000019073486328125</ele>
        <time>2020-10-29T03:35:41.000Z</time>
        <extensions>
          <ns3:TrackPointExtension/>
        </extensions>
      </trkpt>
      <trkpt lat="32.06172175705432891845703125" lon="118.72447966597974300384521484375">
        <ele>6.80000019073486328125</ele>
        <time>2020-10-29T03:35:42.000Z</time>
        <extensions>
          <ns3:TrackPointExtension/>
        </extensions>
      </trkpt>
      <trkpt lat="32.0617561228573322296142578125" lon="118.7244872935116291046142578125">
        <ele>6.80000019073486328125</ele>
        <time>2020-10-29T03:35:43.000Z</time>
        <extensions>
          <ns3:TrackPointExtension/>
        </extensions>
      </trkpt>
      <trkpt lat="32.0617866329848766326904296875" lon="118.7244872935116291046142578125">
        <ele>6.80000019073486328125</ele>
        <time>2020-10-29T03:35:44.000Z</time>
        <extensions>
          <ns3:TrackPointExtension/>
        </extensions>
      </trkpt>
      <trkpt lat="32.0618171431124210357666015625" lon="118.72449492104351520538330078125">
        <ele>7</ele>
        <time>2020-10-29T03:35:45.000Z</time>
        <extensions>
          <ns3:TrackPointExtension>
            <ns3:hr>163</ns3:hr>
          </ns3:TrackPointExtension>
        </extensions>
      </trkpt>
      <trkpt lat="32.0618476532399654388427734375" lon="118.72449492104351520538330078125">
        <ele>7</ele>
        <time>2020-10-29T03:35:46.000Z</time>
        <extensions>
          <ns3:TrackPointExtension/>
        </extensions>
      </trkpt>
      <trkpt lat="32.06188201904296875" lon="118.72449492104351520538330078125">
        <ele>7</ele>
        <time>2020-10-29T03:35:47.000Z</time>
        <extensions>
          <ns3:TrackPointExtension/>
        </extensions>
      </trkpt>
      <trkpt lat="32.061912529170513153076171875" lon="118.72450254857540130615234375">
        <ele>7</ele>
        <time>2020-10-29T03:35:48.000Z</time>
        <extensions>
          <ns3:TrackPointExtension/>
        </extensions>
      </trkpt>
      <trkpt lat="32.06194303929805755615234375" lon="118.72450254857540130615234375">
        <ele>7</ele>
        <time>2020-10-29T03:35:49.000Z</time>
        <extensions>
          <ns3:TrackPointExtension/>
        </extensions>
      </trkpt>
      <trkpt lat="32.061973549425601959228515625" lon="118.72450254857540130615234375">
        <ele>7</ele>
        <time>2020-10-29T03:35:50.000Z</time>
        <extensions>
          <ns3:TrackPointExtension>
            <ns3:hr>163</ns3:hr>
          </ns3:TrackPointExtension>
        </extensions>
      </trkpt>
      <trkpt lat="32.0620040595531463623046875" lon="118.72451017610728740692138671875">
        <ele>7</ele>
        <time>2020-10-29T03:35:51.000Z</time>
        <extensions>
          <ns3:TrackPointExtension/>
        </extensions>
      </trkpt>
      <trkpt lat="32.062034569680690765380859375" lon="118.72451017610728740692138671875">
        <ele>7</ele>
        <time>2020-10-29T03:35:52.000Z</time>
        <extensions>
          <ns3:TrackPointExtension/>
        </extensions>
      </trkpt>
      <trkpt lat="32.06206130795180797576904296875" lon="118.7245178036391735076904296875">
        <ele>7</ele>
        <time>2020-10-29T03:35:53.000Z</time>
        <extensions>
          <ns3:TrackPointExtension/>
        </extensions>
      </trkpt>
      <trkpt lat="32.06209181807935237884521484375" lon="118.7245178036391735076904296875">
        <ele>7</ele>
        <time>2020-10-29T03:35:54.000Z</time>
        <extensions>
          <ns3:TrackPointExtension/>
        </extensions>
      </trkpt>
      <trkpt lat="32.06211847253143787384033203125" lon="118.72452543117105960845947265625">
        <ele>7</ele>
        <time>2020-10-29T03:35:55.000Z</time>
        <extensions>
          <ns3:TrackPointExtension>
            <ns3:hr>163</ns3:hr>
          </ns3:TrackPointExtension>
        </extensions>
      </trkpt>
      <trkpt lat="32.062145210802555084228515625" lon="118.724533058702945709228515625">
        <ele>7</ele>
        <time>2020-10-29T03:35:56.000Z</time>
        <extensions>
          <ns3:TrackPointExtension/>
        </extensions>
      </trkpt>
      <trkpt lat="32.0621718652546405792236328125" lon="118.72454068623483180999755859375">
        <ele>7</ele>
        <time>2020-10-29T03:35:57.000Z</time>
        <extensions>
          <ns3:TrackPointExtension/>
        </extensions>
      </trkpt>
      <trkpt lat="32.06219860352575778961181640625" lon="118.7245483137667179107666015625">
        <ele>7</ele>
        <time>2020-10-29T03:35:58.000Z</time>
        <extensions>
          <ns3:TrackPointExtension/>
        </extensions>
      </trkpt>
      <trkpt lat="32.0622214861214160919189453125" lon="118.7245635688304901123046875">
        <ele>7</ele>
        <time>2020-10-29T03:35:59.000Z</time>
        <extensions>
          <ns3:TrackPointExtension/>
        </extensions>
      </trkpt>
      <trkpt lat="32.06224822439253330230712890625" lon="118.72457119636237621307373046875">
        <ele>7</ele>
        <time>2020-10-29T03:36:00.000Z</time>
        <extensions>
          <ns3:TrackPointExtension>
            <ns3:hr>161</ns3:hr>
          </ns3:TrackPointExtension>
        </extensions>
      </trkpt>
      <trkpt lat="32.0622711069881916046142578125" lon="118.72458645142614841461181640625">
        <ele>7</ele>
        <time>2020-10-29T03:36:01.000Z</time>
        <extensions>
          <ns3:TrackPointExtension/>
        </extensions>
      </trkpt>
      <trkpt lat="32.06229398958384990692138671875" lon="118.72460170648992061614990234375">
        <ele>7</ele>
        <time>2020-10-29T03:36:02.000Z</time>
        <extensions>
          <ns3:TrackPointExtension/>
        </extensions>
      </trkpt>
      <trkpt lat="32.0623130165040493011474609375" lon="118.72461696155369281768798828125">
        <ele>7</ele>
        <time>2020-10-29T03:36:03.000Z</time>
        <extensions>
          <ns3:TrackPointExtension/>
        </extensions>
      </trkpt>
      <trkpt lat="32.06233589909970760345458984375" lon="118.72463221661746501922607421875">
        <ele>7</ele>
        <time>2020-10-29T03:36:04.000Z</time>
        <extensions>
          <ns3:TrackPointExtension/>
        </extensions>
      </trkpt>
      <trkpt lat="32.06235878169536590576171875" lon="118.72464747168123722076416015625">
        <ele>7</ele>
        <time>2020-10-29T03:36:05.000Z</time>
        <extensions>
          <ns3:TrackPointExtension>
            <ns3:hr>160</ns3:hr>
          </ns3:TrackPointExtension>
        </extensions>
      </trkpt>
      <trkpt lat="32.06238166429102420806884765625" lon="118.72466272674500942230224609375">
        <ele>7</ele>
        <time>2020-10-29T03:36:06.000Z</time>
        <extensions>
          <ns3:TrackPointExtension/>
        </extensions>
      </trkpt>
      <trkpt lat="32.06240463070571422576904296875" lon="118.7246703542768955230712890625">
        <ele>7</ele>
        <time>2020-10-29T03:36:07.000Z</time>
        <extensions>
          <ns3:TrackPointExtension/>
        </extensions>
      </trkpt>
      <trkpt lat="32.062427513301372528076171875" lon="118.724685609340667724609375">
        <ele>7.19999980926513671875</ele>
        <time>2020-10-29T03:36:08.000Z</time>
        <extensions>
          <ns3:TrackPointExtension/>
        </extensions>
      </trkpt>
      <trkpt lat="32.0624541677534580230712890625" lon="118.72469323687255382537841796875">
        <ele>7.19999980926513671875</ele>
        <time>2020-10-29T03:36:09.000Z</time>
        <extensions>
          <ns3:TrackPointExtension/>
        </extensions>
      </trkpt>
      <trkpt lat="32.06248090602457523345947265625" lon="118.72469323687255382537841796875">
        <ele>7.400000095367431640625</ele>
        <time>2020-10-29T03:36:10.000Z</time>
        <extensions>
          <ns3:TrackPointExtension>
            <ns3:hr>159</ns3:hr>
          </ns3:TrackPointExtension>
        </extensions>
      </trkpt>
      <trkpt lat="32.06250756047666072845458984375" lon="118.7247008644044399261474609375">
        <ele>7.400000095367431640625</ele>
        <time>2020-10-29T03:36:11.000Z</time>
        <extensions>
          <ns3:TrackPointExtension/>
        </extensions>
      </trkpt>
      <trkpt lat="32.0625342987477779388427734375" lon="118.7247008644044399261474609375">
        <ele>7.599999904632568359375</ele>
        <time>2020-10-29T03:36:12.000Z</time>
        <extensions>
          <ns3:TrackPointExtension/>
        </extensions>
      </trkpt>
      <trkpt lat="32.0625648088753223419189453125" lon="118.7247008644044399261474609375">
        <ele>7.599999904632568359375</ele>
        <time>2020-10-29T03:36:13.000Z</time>
        <extensions>
          <ns3:TrackPointExtension/>
        </extensions>
      </trkpt>
      <trkpt lat="32.06259154714643955230712890625" lon="118.7247008644044399261474609375">
        <ele>7.599999904632568359375</ele>
        <time>2020-10-29T03:36:14.000Z</time>
        <extensions>
          <ns3:TrackPointExtension/>
        </extensions>
      </trkpt>
      <trkpt lat="32.06262205727398395538330078125" lon="118.7247008644044399261474609375">
        <ele>7.599999904632568359375</ele>
        <time>2020-10-29T03:36:15.000Z</time>
        <extensions>
          <ns3:TrackPointExtension>
            <ns3:hr>163</ns3:hr>
          </ns3:TrackPointExtension>
        </extensions>
      </trkpt>
      <trkpt lat="32.06265256740152835845947265625" lon="118.7247008644044399261474609375">
        <ele>7.599999904632568359375</ele>
        <time>2020-10-29T03:36:16.000Z</time>
        <extensions>
          <ns3:TrackPointExtension/>
        </extensions>
      </trkpt>
      <trkpt lat="32.06268307752907276153564453125" lon="118.7247008644044399261474609375">
        <ele>7.599999904632568359375</ele>
        <time>2020-10-29T03:36:17.000Z</time>
        <extensions>
          <ns3:TrackPointExtension/>
        </extensions>
      </trkpt>
      <trkpt lat="32.06271358765661716461181640625" lon="118.7247008644044399261474609375">
        <ele>7.599999904632568359375</ele>
        <time>2020-10-29T03:36:18.000Z</time>
        <extensions>
          <ns3:TrackPointExtension/>
        </extensions>
      </trkpt>
      <trkpt lat="32.06274409778416156768798828125" lon="118.7247008644044399261474609375">
        <ele>7.599999904632568359375</ele>
        <time>2020-10-29T03:36:19.000Z</time>
        <extensions>
          <ns3:TrackPointExtension/>
        </extensions>
      </trkpt>
      <trkpt lat="32.06277460791170597076416015625" lon="118.72469323687255382537841796875">
        <ele>7.599999904632568359375</ele>
        <time>2020-10-29T03:36:20.000Z</time>
        <extensions>
          <ns3:TrackPointExtension>
            <ns3:hr>162</ns3:hr>
          </ns3:TrackPointExtension>
        </extensions>
      </trkpt>
      <trkpt lat="32.06280511803925037384033203125" lon="118.72469323687255382537841796875">
        <ele>7.599999904632568359375</ele>
        <time>2020-10-29T03:36:21.000Z</time>
        <extensions>
          <ns3:TrackPointExtension/>
        </extensions>
      </trkpt>
      <trkpt lat="32.06283562816679477691650390625" lon="118.72469323687255382537841796875">
        <ele>7.599999904632568359375</ele>
        <time>2020-10-29T03:36:22.000Z</time>
        <extensions>
          <ns3:TrackPointExtension/>
        </extensions>
      </trkpt>
      <trkpt lat="32.06286613829433917999267578125" lon="118.72469323687255382537841796875">
        <ele>7.599999904632568359375</ele>
        <time>2020-10-29T03:36:23.000Z</time>
        <extensions>
          <ns3:TrackPointExtension/>
        </extensions>
      </trkpt>
      <trkpt lat="32.06289664842188358306884765625" lon="118.72469323687255382537841796875">
        <ele>7.599999904632568359375</ele>
        <time>2020-10-29T03:36:24.000Z</time>
        <extensions>
          <ns3:TrackPointExtension/>
        </extensions>
      </trkpt>
      <trkpt lat="32.06292338669300079345703125" lon="118.72469323687255382537841796875">
        <ele>7.599999904632568359375</ele>
        <time>2020-10-29T03:36:25.000Z</time>
        <extensions>
          <ns3:TrackPointExtension>
            <ns3:hr>162</ns3:hr>
          </ns3:TrackPointExtension>
        </extensions>
      </trkpt>
      <trkpt lat="32.062953896820545196533203125" lon="118.72469323687255382537841796875">
        <ele>7.80000019073486328125</ele>
        <time>2020-10-29T03:36:26.000Z</time>
        <extensions>
          <ns3:TrackPointExtension/>
        </extensions>
      </trkpt>
      <trkpt lat="32.06298063509166240692138671875" lon="118.72469323687255382537841796875">
        <ele>7.80000019073486328125</ele>
        <time>2020-10-29T03:36:27.000Z</time>
        <extensions>
          <ns3:TrackPointExtension/>
        </extensions>
      </trkpt>
      <trkpt lat="32.06301114521920680999755859375" lon="118.72469323687255382537841796875">
        <ele>8</ele>
        <time>2020-10-29T03:36:28.000Z</time>
        <extensions>
          <ns3:TrackPointExtension/>
        </extensions>
      </trkpt>
      <trkpt lat="32.06304165534675121307373046875" lon="118.72469323687255382537841796875">
        <ele>8</ele>
        <time>2020-10-29T03:36:29.000Z</time>
        <extensions>
          <ns3:TrackPointExtension/>
        </extensions>
      </trkpt>
      <trkpt lat="32.06306830979883670806884765625" lon="118.72469323687255382537841796875">
        <ele>8.19999980926513671875</ele>
        <time>2020-10-29T03:36:30.000Z</time>
        <extensions>
          <ns3:TrackPointExtension>
            <ns3:hr>163</ns3:hr>
            <ns3:cad>78</ns3:cad>
          </ns3:TrackPointExtension>
        </extensions>
      </trkpt>
      <trkpt lat="32.0630989037454128265380859375" lon="118.7247008644044399261474609375">
        <ele>8.19999980926513671875</ele>
        <time>2020-10-29T03:36:31.000Z</time>
        <extensions>
          <ns3:TrackPointExtension/>
        </extensions>
      </trkpt>
      <trkpt lat="32.0631294138729572296142578125" lon="118.7247008644044399261474609375">
        <ele>8.3999996185302734375</ele>
        <time>2020-10-29T03:36:32.000Z</time>
        <extensions>
          <ns3:TrackPointExtension/>
        </extensions>
      </trkpt>
      <trkpt lat="32.063156068325042724609375" lon="118.7247008644044399261474609375">
        <ele>8.3999996185302734375</ele>
        <time>2020-10-29T03:36:33.000Z</time>
        <extensions>
          <ns3:TrackPointExtension/>
        </extensions>
      </trkpt>
      <trkpt lat="32.063186578452587127685546875" lon="118.7247008644044399261474609375">
        <ele>8.3999996185302734375</ele>
        <time>2020-10-29T03:36:34.000Z</time>
        <extensions>
          <ns3:TrackPointExtension/>
        </extensions>
      </trkpt>
      <trkpt lat="32.06321708858013153076171875" lon="118.72470849193632602691650390625">
        <ele>8.3999996185302734375</ele>
        <time>2020-10-29T03:36:35.000Z</time>
        <extensions>
          <ns3:TrackPointExtension>
            <ns3:hr>166</ns3:hr>
          </ns3:TrackPointExtension>
        </extensions>
      </trkpt>
      <trkpt lat="32.0632514543831348419189453125" lon="118.72470849193632602691650390625">
        <ele>8.3999996185302734375</ele>
        <time>2020-10-29T03:36:36.000Z</time>
        <extensions>
          <ns3:TrackPointExtension/>
        </extensions>
      </trkpt>
      <trkpt lat="32.0632819645106792449951171875" lon="118.72470849193632602691650390625">
        <ele>8.3999996185302734375</ele>
        <time>2020-10-29T03:36:37.000Z</time>
        <extensions>
          <ns3:TrackPointExtension/>
        </extensions>
      </trkpt>
      <trkpt lat="32.0633124746382236480712890625" lon="118.72470849193632602691650390625">
        <ele>8.3999996185302734375</ele>
        <time>2020-10-29T03:36:38.000Z</time>
        <extensions>
          <ns3:TrackPointExtension/>
        </extensions>
      </trkpt>
      <trkpt lat="32.063346840441226959228515625" lon="118.72470849193632602691650390625">
        <ele>8.3999996185302734375</ele>
        <time>2020-10-29T03:36:39.000Z</time>
        <extensions>
          <ns3:TrackPointExtension/>
        </extensions>
      </trkpt>
      <trkpt lat="32.0633773505687713623046875" lon="118.72470849193632602691650390625">
        <ele>8.3999996185302734375</ele>
        <time>2020-10-29T03:36:40.000Z</time>
        <extensions>
          <ns3:TrackPointExtension>
            <ns3:hr>164</ns3:hr>
          </ns3:TrackPointExtension>
        </extensions>
      </trkpt>
      <trkpt lat="32.06341163255274295806884765625" lon="118.72470849193632602691650390625">
        <ele>8.3999996185302734375</ele>
        <time>2020-10-29T03:36:41.000Z</time>
        <extensions>
          <ns3:TrackPointExtension/>
        </extensions>
      </trkpt>
      <trkpt lat="32.0634422264993190765380859375" lon="118.72470849193632602691650390625">
        <ele>8.3999996185302734375</ele>
        <time>2020-10-29T03:36:42.000Z</time>
        <extensions>
          <ns3:TrackPointExtension/>
        </extensions>
      </trkpt>
      <trkpt lat="32.06347650848329067230224609375" lon="118.72470849193632602691650390625">
        <ele>8.3999996185302734375</ele>
        <time>2020-10-29T03:36:43.000Z</time>
        <extensions>
          <ns3:TrackPointExtension/>
        </extensions>
      </trkpt>
      <trkpt lat="32.06350701861083507537841796875" lon="118.72470849193632602691650390625">
        <ele>8.3999996185302734375</ele>
        <time>2020-10-29T03:36:44.000Z</time>
        <extensions>
          <ns3:TrackPointExtension/>
        </extensions>
      </trkpt>
      <trkpt lat="32.06354138441383838653564453125" lon="118.72470849193632602691650390625">
        <ele>8.19999980926513671875</ele>
        <time>2020-10-29T03:36:45.000Z</time>
        <extensions>
          <ns3:TrackPointExtension>
            <ns3:hr>166</ns3:hr>
          </ns3:TrackPointExtension>
        </extensions>
      </trkpt>
      <trkpt lat="32.06357189454138278961181640625" lon="118.72470849193632602691650390625">
        <ele>8.19999980926513671875</ele>
        <time>2020-10-29T03:36:46.000Z</time>
        <extensions>
          <ns3:TrackPointExtension/>
        </extensions>
      </trkpt>
      <trkpt lat="32.06360626034438610076904296875" lon="118.72470849193632602691650390625">
        <ele>8</ele>
        <time>2020-10-29T03:36:47.000Z</time>
        <extensions>
          <ns3:TrackPointExtension/>
        </extensions>
      </trkpt>
      <trkpt lat="32.06363677047193050384521484375" lon="118.72470849193632602691650390625">
        <ele>8</ele>
        <time>2020-10-29T03:36:48.000Z</time>
        <extensions>
          <ns3:TrackPointExtension/>
        </extensions>
      </trkpt>
      <trkpt lat="32.063671052455902099609375" lon="118.72470849193632602691650390625">
        <ele>7.80000019073486328125</ele>
        <time>2020-10-29T03:36:49.000Z</time>
        <extensions>
          <ns3:TrackPointExtension/>
        </extensions>
      </trkpt>
      <trkpt lat="32.063701562583446502685546875" lon="118.72470849193632602691650390625">
        <ele>7.599999904632568359375</ele>
        <time>2020-10-29T03:36:50.000Z</time>
        <extensions>
          <ns3:TrackPointExtension>
            <ns3:hr>170</ns3:hr>
          </ns3:TrackPointExtension>
        </extensions>
      </trkpt>
      <trkpt lat="32.06373207271099090576171875" lon="118.72470849193632602691650390625">
        <ele>7.599999904632568359375</ele>
        <time>2020-10-29T03:36:51.000Z</time>
        <extensions>
          <ns3:TrackPointExtension/>
        </extensions>
      </trkpt>
      <trkpt lat="32.0637664385139942169189453125" lon="118.72470849193632602691650390625">
        <ele>7.400000095367431640625</ele>
        <time>2020-10-29T03:36:52.000Z</time>
        <extensions>
          <ns3:TrackPointExtension/>
        </extensions>
      </trkpt>
      <trkpt lat="32.0637969486415386199951171875" lon="118.72470849193632602691650390625">
        <ele>7.400000095367431640625</ele>
        <time>2020-10-29T03:36:53.000Z</time>
        <extensions>
          <ns3:TrackPointExtension/>
        </extensions>
      </trkpt>
      <trkpt lat="32.0638274587690830230712890625" lon="118.72470849193632602691650390625">
        <ele>7.400000095367431640625</ele>
        <time>2020-10-29T03:36:54.000Z</time>
        <extensions>
          <ns3:TrackPointExtension/>
        </extensions>
      </trkpt>
      <trkpt lat="32.0638579688966274261474609375" lon="118.724716119468212127685546875">
        <ele>7.599999904632568359375</ele>
        <time>2020-10-29T03:36:55.000Z</time>
        <extensions>
          <ns3:TrackPointExtension>
            <ns3:hr>169</ns3:hr>
          </ns3:TrackPointExtension>
        </extensions>
      </trkpt>
      <trkpt lat="32.0638884790241718292236328125" lon="118.724716119468212127685546875">
        <ele>7.599999904632568359375</ele>
        <time>2020-10-29T03:36:56.000Z</time>
        <extensions>
          <ns3:TrackPointExtension/>
        </extensions>
      </trkpt>
      <trkpt lat="32.063922844827175140380859375" lon="118.724716119468212127685546875">
        <ele>7.599999904632568359375</ele>
        <time>2020-10-29T03:36:57.000Z</time>
        <extensions>
          <ns3:TrackPointExtension/>
        </extensions>
      </trkpt>
      <trkpt lat="32.06395335495471954345703125" lon="118.724716119468212127685546875">
        <ele>7.599999904632568359375</ele>
        <time>2020-10-29T03:36:58.000Z</time>
        <extensions>
          <ns3:TrackPointExtension/>
        </extensions>
      </trkpt>
      <trkpt lat="32.063983865082263946533203125" lon="118.724716119468212127685546875">
        <ele>7.400000095367431640625</ele>
        <time>2020-10-29T03:36:59.000Z</time>
        <extensions>
          <ns3:TrackPointExtension/>
        </extensions>
      </trkpt>
      <trkpt lat="32.064014375209808349609375" lon="118.72472374700009822845458984375">
        <ele>7.400000095367431640625</ele>
        <time>2020-10-29T03:37:00.000Z</time>
        <extensions>
          <ns3:TrackPointExtension>
            <ns3:hr>169</ns3:hr>
          </ns3:TrackPointExtension>
        </extensions>
      </trkpt>
      <trkpt lat="32.064044885337352752685546875" lon="118.72472374700009822845458984375">
        <ele>7.400000095367431640625</ele>
        <time>2020-10-29T03:37:01.000Z</time>
        <extensions>
          <ns3:TrackPointExtension/>
        </extensions>
      </trkpt>
      <trkpt lat="32.06407539546489715576171875" lon="118.72472374700009822845458984375">
        <ele>7.19999980926513671875</ele>
        <time>2020-10-29T03:37:02.000Z</time>
        <extensions>
          <ns3:TrackPointExtension/>
        </extensions>
      </trkpt>
      <trkpt lat="32.064105905592441558837890625" lon="118.72472374700009822845458984375">
        <ele>7.19999980926513671875</ele>
        <time>2020-10-29T03:37:03.000Z</time>
        <extensions>
          <ns3:TrackPointExtension/>
        </extensions>
      </trkpt>
      <trkpt lat="32.06413264386355876922607421875" lon="118.7247313745319843292236328125">
        <ele>7.19999980926513671875</ele>
        <time>2020-10-29T03:37:04.000Z</time>
        <extensions>
          <ns3:TrackPointExtension/>
        </extensions>
      </trkpt>
      <trkpt lat="32.06416315399110317230224609375" lon="118.7247313745319843292236328125">
        <ele>7</ele>
        <time>2020-10-29T03:37:05.000Z</time>
        <extensions>
          <ns3:TrackPointExtension>
            <ns3:hr>170</ns3:hr>
          </ns3:TrackPointExtension>
        </extensions>
      </trkpt>
      <trkpt lat="32.0641898922622203826904296875" lon="118.7247313745319843292236328125">
        <ele>7</ele>
        <time>2020-10-29T03:37:06.000Z</time>
        <extensions>
          <ns3:TrackPointExtension/>
        </extensions>
      </trkpt>
      <trkpt lat="32.0642204023897647857666015625" lon="118.72473900206387042999267578125">
        <ele>6.80000019073486328125</ele>
        <time>2020-10-29T03:37:07.000Z</time>
        <extensions>
          <ns3:TrackPointExtension/>
        </extensions>
      </trkpt>
      <trkpt lat="32.06424705684185028076171875" lon="118.72473900206387042999267578125">
        <ele>6.80000019073486328125</ele>
        <time>2020-10-29T03:37:08.000Z</time>
        <extensions>
          <ns3:TrackPointExtension/>
        </extensions>
      </trkpt>
      <trkpt lat="32.06427379511296749114990234375" lon="118.72474662959575653076171875">
        <ele>6.80000019073486328125</ele>
        <time>2020-10-29T03:37:09.000Z</time>
        <extensions>
          <ns3:TrackPointExtension/>
        </extensions>
      </trkpt>
      <trkpt lat="32.0643005333840847015380859375" lon="118.72474662959575653076171875">
        <ele>6.80000019073486328125</ele>
        <time>2020-10-29T03:37:10.000Z</time>
        <extensions>
          <ns3:TrackPointExtension>
            <ns3:hr>168</ns3:hr>
          </ns3:TrackPointExtension>
        </extensions>
      </trkpt>
      <trkpt lat="32.06432341597974300384521484375" lon="118.72475425712764263153076171875">
        <ele>6.80000019073486328125</ele>
        <time>2020-10-29T03:37:11.000Z</time>
        <extensions>
          <ns3:TrackPointExtension/>
        </extensions>
      </trkpt>
      <trkpt lat="32.06435007043182849884033203125" lon="118.7247618846595287322998046875">
        <ele>7</ele>
        <time>2020-10-29T03:37:12.000Z</time>
        <extensions>
          <ns3:TrackPointExtension/>
        </extensions>
      </trkpt>
      <trkpt lat="32.0643729530274868011474609375" lon="118.7247618846595287322998046875">
        <ele>7</ele>
        <time>2020-10-29T03:37:13.000Z</time>
        <extensions>
          <ns3:TrackPointExtension/>
        </extensions>
      </trkpt>
      <trkpt lat="32.06439583562314510345458984375" lon="118.72476951219141483306884765625">
        <ele>7</ele>
        <time>2020-10-29T03:37:14.000Z</time>
        <extensions>
          <ns3:TrackPointExtension/>
        </extensions>
      </trkpt>
      <trkpt lat="32.06441871821880340576171875" lon="118.724777139723300933837890625">
        <ele>7</ele>
        <time>2020-10-29T03:37:15.000Z</time>
        <extensions>
          <ns3:TrackPointExtension>
            <ns3:hr>169</ns3:hr>
          </ns3:TrackPointExtension>
        </extensions>
      </trkpt>
      <trkpt lat="32.06444545648992061614990234375" lon="118.724777139723300933837890625">
        <ele>7</ele>
        <time>2020-10-29T03:37:16.000Z</time>
        <extensions>
          <ns3:TrackPointExtension/>
        </extensions>
      </trkpt>
      <trkpt lat="32.06446833908557891845703125" lon="118.72478485107421875">
        <ele>7</ele>
        <time>2020-10-29T03:37:17.000Z</time>
        <extensions>
          <ns3:TrackPointExtension/>
        </extensions>
      </trkpt>
      <trkpt lat="32.06449507735669612884521484375" lon="118.72479247860610485076904296875">
        <ele>7</ele>
        <time>2020-10-29T03:37:18.000Z</time>
        <extensions>
          <ns3:TrackPointExtension/>
        </extensions>
      </trkpt>
      <trkpt lat="32.06451795995235443115234375" lon="118.7248001061379909515380859375">
        <ele>7</ele>
        <time>2020-10-29T03:37:19.000Z</time>
        <extensions>
          <ns3:TrackPointExtension/>
        </extensions>
      </trkpt>
      <trkpt lat="32.0645446144044399261474609375" lon="118.72480773366987705230712890625">
        <ele>7</ele>
        <time>2020-10-29T03:37:20.000Z</time>
        <extensions>
          <ns3:TrackPointExtension>
            <ns3:hr>169</ns3:hr>
          </ns3:TrackPointExtension>
        </extensions>
      </trkpt>
      <trkpt lat="32.06457135267555713653564453125" lon="118.72480773366987705230712890625">
        <ele>7</ele>
        <time>2020-10-29T03:37:21.000Z</time>
        <extensions>
          <ns3:TrackPointExtension/>
        </extensions>
      </trkpt>
      <trkpt lat="32.06459800712764263153076171875" lon="118.724815361201763153076171875">
        <ele>7.19999980926513671875</ele>
        <time>2020-10-29T03:37:22.000Z</time>
        <extensions>
          <ns3:TrackPointExtension/>
        </extensions>
      </trkpt>
      <trkpt lat="32.06462860107421875" lon="118.72482298873364925384521484375">
        <ele>7.19999980926513671875</ele>
        <time>2020-10-29T03:37:23.000Z</time>
        <extensions>
          <ns3:TrackPointExtension/>
        </extensions>
      </trkpt>
      <trkpt lat="32.0646552555263042449951171875" lon="118.7248306162655353546142578125">
        <ele>7.400000095367431640625</ele>
        <time>2020-10-29T03:37:24.000Z</time>
        <extensions>
          <ns3:TrackPointExtension/>
        </extensions>
      </trkpt>
      <trkpt lat="32.0646857656538486480712890625" lon="118.7248306162655353546142578125">
        <ele>7.599999904632568359375</ele>
        <time>2020-10-29T03:37:25.000Z</time>
        <extensions>
          <ns3:TrackPointExtension>
            <ns3:hr>169</ns3:hr>
          </ns3:TrackPointExtension>
        </extensions>
      </trkpt>
      <trkpt lat="32.06471250392496585845947265625" lon="118.72483824379742145538330078125">
        <ele>7.80000019073486328125</ele>
        <time>2020-10-29T03:37:26.000Z</time>
        <extensions>
          <ns3:TrackPointExtension/>
        </extensions>
      </trkpt>
      <trkpt lat="32.06474301405251026153564453125" lon="118.72483824379742145538330078125">
        <ele>8</ele>
        <time>2020-10-29T03:37:27.000Z</time>
        <extensions>
          <ns3:TrackPointExtension/>
        </extensions>
      </trkpt>
      <trkpt lat="32.06477352418005466461181640625" lon="118.72483824379742145538330078125">
        <ele>8.19999980926513671875</ele>
        <time>2020-10-29T03:37:28.000Z</time>
        <extensions>
          <ns3:TrackPointExtension/>
        </extensions>
      </trkpt>
      <trkpt lat="32.06480403430759906768798828125" lon="118.72484587132930755615234375">
        <ele>8.3999996185302734375</ele>
        <time>2020-10-29T03:37:29.000Z</time>
        <extensions>
          <ns3:TrackPointExtension/>
        </extensions>
      </trkpt>
      <trkpt lat="32.06483454443514347076416015625" lon="118.72484587132930755615234375">
        <ele>8.6000003814697265625</ele>
        <time>2020-10-29T03:37:30.000Z</time>
        <extensions>
          <ns3:TrackPointExtension>
            <ns3:hr>166</ns3:hr>
            <ns3:cad>78</ns3:cad>
          </ns3:TrackPointExtension>
        </extensions>
      </trkpt>
      <trkpt lat="32.06486891023814678192138671875" lon="118.72485349886119365692138671875">
        <ele>9</ele>
        <time>2020-10-29T03:37:31.000Z</time>
        <extensions>
          <ns3:TrackPointExtension/>
        </extensions>
      </trkpt>
      <trkpt lat="32.06489942036569118499755859375" lon="118.72485349886119365692138671875">
        <ele>9</ele>
        <time>2020-10-29T03:37:32.000Z</time>
        <extensions>
          <ns3:TrackPointExtension/>
        </extensions>
      </trkpt>
      <trkpt lat="32.06492993049323558807373046875" lon="118.72485349886119365692138671875">
        <ele>9.19999980926513671875</ele>
        <time>2020-10-29T03:37:33.000Z</time>
        <extensions>
          <ns3:TrackPointExtension/>
        </extensions>
      </trkpt>
      <trkpt lat="32.064964212477207183837890625" lon="118.7248611263930797576904296875">
        <ele>9.3999996185302734375</ele>
        <time>2020-10-29T03:37:34.000Z</time>
        <extensions>
          <ns3:TrackPointExtension/>
        </extensions>
      </trkpt>
      <trkpt lat="32.06499480642378330230712890625" lon="118.7248611263930797576904296875">
        <ele>9.3999996185302734375</ele>
        <time>2020-10-29T03:37:35.000Z</time>
        <extensions>
          <ns3:TrackPointExtension>
            <ns3:hr>167</ns3:hr>
          </ns3:TrackPointExtension>
        </extensions>
      </trkpt>
      <trkpt lat="32.06502531655132770538330078125" lon="118.72486875392496585845947265625">
        <ele>9.6000003814697265625</ele>
        <time>2020-10-29T03:37:36.000Z</time>
        <extensions>
          <ns3:TrackPointExtension/>
        </extensions>
      </trkpt>
      <trkpt lat="32.06505582667887210845947265625" lon="118.72486875392496585845947265625">
        <ele>9.6000003814697265625</ele>
        <time>2020-10-29T03:37:37.000Z</time>
        <extensions>
          <ns3:TrackPointExtension/>
        </extensions>
      </trkpt>
      <trkpt lat="32.0650901086628437042236328125" lon="118.724876381456851959228515625">
        <ele>9.80000019073486328125</ele>
        <time>2020-10-29T03:37:38.000Z</time>
        <extensions>
          <ns3:TrackPointExtension/>
        </extensions>
      </trkpt>
      <trkpt lat="32.0651206187903881072998046875" lon="118.724876381456851959228515625">
        <ele>9.80000019073486328125</ele>
        <time>2020-10-29T03:37:39.000Z</time>
        <extensions>
          <ns3:TrackPointExtension/>
        </extensions>
      </trkpt>
      <trkpt lat="32.06514735706150531768798828125" lon="118.724876381456851959228515625">
        <ele>10</ele>
        <time>2020-10-29T03:37:40.000Z</time>
        <extensions>
          <ns3:TrackPointExtension>
            <ns3:hr>167</ns3:hr>
          </ns3:TrackPointExtension>
        </extensions>
      </trkpt>
      <trkpt lat="32.06517786718904972076416015625" lon="118.72488400898873805999755859375">
        <ele>10</ele>
        <time>2020-10-29T03:37:41.000Z</time>
        <extensions>
          <ns3:TrackPointExtension/>
        </extensions>
      </trkpt>
      <trkpt lat="32.06520837731659412384033203125" lon="118.72488400898873805999755859375">
        <ele>10.19999980926513671875</ele>
        <time>2020-10-29T03:37:42.000Z</time>
        <extensions>
          <ns3:TrackPointExtension/>
        </extensions>
      </trkpt>
      <trkpt lat="32.065235115587711334228515625" lon="118.7248916365206241607666015625">
        <ele>10.19999980926513671875</ele>
        <time>2020-10-29T03:37:43.000Z</time>
        <extensions>
          <ns3:TrackPointExtension/>
        </extensions>
      </trkpt>
      <trkpt lat="32.0652656257152557373046875" lon="118.7248916365206241607666015625">
        <ele>10.3999996185302734375</ele>
        <time>2020-10-29T03:37:44.000Z</time>
        <extensions>
          <ns3:TrackPointExtension/>
        </extensions>
      </trkpt>
      <trkpt lat="32.065296135842800140380859375" lon="118.7248916365206241607666015625">
        <ele>10.6000003814697265625</ele>
        <time>2020-10-29T03:37:45.000Z</time>
        <extensions>
          <ns3:TrackPointExtension>
            <ns3:hr>169</ns3:hr>
          </ns3:TrackPointExtension>
        </extensions>
      </trkpt>
      <trkpt lat="32.06532664597034454345703125" lon="118.7248916365206241607666015625">
        <ele>10.6000003814697265625</ele>
        <time>2020-10-29T03:37:46.000Z</time>
        <extensions>
          <ns3:TrackPointExtension/>
        </extensions>
      </trkpt>
      <trkpt lat="32.06535338424146175384521484375" lon="118.7248916365206241607666015625">
        <ele>10.80000019073486328125</ele>
        <time>2020-10-29T03:37:47.000Z</time>
        <extensions>
          <ns3:TrackPointExtension/>
        </extensions>
      </trkpt>
      <trkpt lat="32.06538389436900615692138671875" lon="118.72489926405251026153564453125">
        <ele>10.80000019073486328125</ele>
        <time>2020-10-29T03:37:48.000Z</time>
        <extensions>
          <ns3:TrackPointExtension/>
        </extensions>
      </trkpt>
      <trkpt lat="32.06541440449655055999755859375" lon="118.72489926405251026153564453125">
        <ele>11</ele>
        <time>2020-10-29T03:37:49.000Z</time>
        <extensions>
          <ns3:TrackPointExtension/>
        </extensions>
      </trkpt>
      <trkpt lat="32.06544105894863605499267578125" lon="118.7248916365206241607666015625">
        <ele>11</ele>
        <time>2020-10-29T03:37:50.000Z</time>
        <extensions>
          <ns3:TrackPointExtension>
            <ns3:hr>169</ns3:hr>
          </ns3:TrackPointExtension>
        </extensions>
      </trkpt>
      <trkpt lat="32.06547156907618045806884765625" lon="118.7248916365206241607666015625">
        <ele>10.80000019073486328125</ele>
        <time>2020-10-29T03:37:51.000Z</time>
        <extensions>
          <ns3:TrackPointExtension/>
        </extensions>
      </trkpt>
      <trkpt lat="32.0655021630227565765380859375" lon="118.7248916365206241607666015625">
        <ele>10.80000019073486328125</ele>
        <time>2020-10-29T03:37:52.000Z</time>
        <extensions>
          <ns3:TrackPointExtension/>
        </extensions>
      </trkpt>
      <trkpt lat="32.0655326731503009796142578125" lon="118.7248916365206241607666015625">
        <ele>10.6000003814697265625</ele>
        <time>2020-10-29T03:37:53.000Z</time>
        <extensions>
          <ns3:TrackPointExtension/>
        </extensions>
      </trkpt>
      <trkpt lat="32.0655631832778453826904296875" lon="118.72488400898873805999755859375">
        <ele>10.6000003814697265625</ele>
        <time>2020-10-29T03:37:54.000Z</time>
        <extensions>
          <ns3:TrackPointExtension/>
        </extensions>
      </trkpt>
      <trkpt lat="32.06559746526181697845458984375" lon="118.72488400898873805999755859375">
        <ele>10.3999996185302734375</ele>
        <time>2020-10-29T03:37:55.000Z</time>
        <extensions>
          <ns3:TrackPointExtension>
            <ns3:hr>166</ns3:hr>
          </ns3:TrackPointExtension>
        </extensions>
      </trkpt>
      <trkpt lat="32.06562797538936138153076171875" lon="118.72488400898873805999755859375">
        <ele>10.3999996185302734375</ele>
        <time>2020-10-29T03:37:56.000Z</time>
        <extensions>
          <ns3:TrackPointExtension/>
        </extensions>
      </trkpt>
      <trkpt lat="32.0656585693359375" lon="118.724876381456851959228515625">
        <ele>10.19999980926513671875</ele>
        <time>2020-10-29T03:37:57.000Z</time>
        <extensions>
          <ns3:TrackPointExtension/>
        </extensions>
      </trkpt>
      <trkpt lat="32.06569285131990909576416015625" lon="118.724876381456851959228515625">
        <ele>10</ele>
        <time>2020-10-29T03:37:58.000Z</time>
        <extensions>
          <ns3:TrackPointExtension/>
        </extensions>
      </trkpt>
      <trkpt lat="32.06572336144745349884033203125" lon="118.72486875392496585845947265625">
        <ele>10</ele>
        <time>2020-10-29T03:37:59.000Z</time>
        <extensions>
          <ns3:TrackPointExtension/>
        </extensions>
      </trkpt>
      <trkpt lat="32.06575772725045680999755859375" lon="118.72486875392496585845947265625">
        <ele>9.80000019073486328125</ele>
        <time>2020-10-29T03:38:00.000Z</time>
        <extensions>
          <ns3:TrackPointExtension>
            <ns3:hr>168</ns3:hr>
          </ns3:TrackPointExtension>
        </extensions>
      </trkpt>
      <trkpt lat="32.06578823737800121307373046875" lon="118.7248611263930797576904296875">
        <ele>9.80000019073486328125</ele>
        <time>2020-10-29T03:38:01.000Z</time>
        <extensions>
          <ns3:TrackPointExtension/>
        </extensions>
      </trkpt>
      <trkpt lat="32.065822519361972808837890625" lon="118.72485349886119365692138671875">
        <ele>9.6000003814697265625</ele>
        <time>2020-10-29T03:38:02.000Z</time>
        <extensions>
          <ns3:TrackPointExtension/>
        </extensions>
      </trkpt>
      <trkpt lat="32.06585311330854892730712890625" lon="118.72485349886119365692138671875">
        <ele>9.3999996185302734375</ele>
        <time>2020-10-29T03:38:03.000Z</time>
        <extensions>
          <ns3:TrackPointExtension/>
        </extensions>
      </trkpt>
      <trkpt lat="32.0658873952925205230712890625" lon="118.72484587132930755615234375">
        <ele>9.3999996185302734375</ele>
        <time>2020-10-29T03:38:04.000Z</time>
        <extensions>
          <ns3:TrackPointExtension/>
        </extensions>
      </trkpt>
      <trkpt lat="32.0659179054200649261474609375" lon="118.72483824379742145538330078125">
        <ele>9.19999980926513671875</ele>
        <time>2020-10-29T03:38:05.000Z</time>
        <extensions>
          <ns3:TrackPointExtension>
            <ns3:hr>168</ns3:hr>
          </ns3:TrackPointExtension>
        </extensions>
      </trkpt>
      <trkpt lat="32.0659484155476093292236328125" lon="118.7248306162655353546142578125">
        <ele>9.19999980926513671875</ele>
        <time>2020-10-29T03:38:06.000Z</time>
        <extensions>
          <ns3:TrackPointExtension/>
        </extensions>
      </trkpt>
      <trkpt lat="32.0659789256751537322998046875" lon="118.72482298873364925384521484375">
        <ele>9</ele>
        <time>2020-10-29T03:38:07.000Z</time>
        <extensions>
          <ns3:TrackPointExtension/>
        </extensions>
      </trkpt>
      <trkpt lat="32.06600951962172985076904296875" lon="118.72482298873364925384521484375">
        <ele>9.19999980926513671875</ele>
        <time>2020-10-29T03:38:08.000Z</time>
        <extensions>
          <ns3:TrackPointExtension/>
        </extensions>
      </trkpt>
      <trkpt lat="32.06604002974927425384521484375" lon="118.724815361201763153076171875">
        <ele>9.19999980926513671875</ele>
        <time>2020-10-29T03:38:09.000Z</time>
        <extensions>
          <ns3:TrackPointExtension/>
        </extensions>
      </trkpt>
      <trkpt lat="32.06607053987681865692138671875" lon="118.7248001061379909515380859375">
        <ele>9.3999996185302734375</ele>
        <time>2020-10-29T03:38:10.000Z</time>
        <extensions>
          <ns3:TrackPointExtension>
            <ns3:hr>166</ns3:hr>
          </ns3:TrackPointExtension>
        </extensions>
      </trkpt>
      <trkpt lat="32.06609719432890415191650390625" lon="118.72479247860610485076904296875">
        <ele>9.3999996185302734375</ele>
        <time>2020-10-29T03:38:11.000Z</time>
        <extensions>
          <ns3:TrackPointExtension/>
        </extensions>
      </trkpt>
      <trkpt lat="32.06612770445644855499267578125" lon="118.72478485107421875">
        <ele>9.3999996185302734375</ele>
        <time>2020-10-29T03:38:12.000Z</time>
        <extensions>
          <ns3:TrackPointExtension/>
        </extensions>
      </trkpt>
      <trkpt lat="32.06615821458399295806884765625" lon="118.72476951219141483306884765625">
        <ele>9.3999996185302734375</ele>
        <time>2020-10-29T03:38:13.000Z</time>
        <extensions>
          <ns3:TrackPointExtension/>
        </extensions>
      </trkpt>
      <trkpt lat="32.0661888085305690765380859375" lon="118.7247618846595287322998046875">
        <ele>9.6000003814697265625</ele>
        <time>2020-10-29T03:38:14.000Z</time>
        <extensions>
          <ns3:TrackPointExtension/>
        </extensions>
      </trkpt>
      <trkpt lat="32.066215462982654571533203125" lon="118.72474662959575653076171875">
        <ele>9.6000003814697265625</ele>
        <time>2020-10-29T03:38:15.000Z</time>
        <extensions>
          <ns3:TrackPointExtension>
            <ns3:hr>165</ns3:hr>
          </ns3:TrackPointExtension>
        </extensions>
      </trkpt>
      <trkpt lat="32.066245973110198974609375" lon="118.7247313745319843292236328125">
        <ele>9.3999996185302734375</ele>
        <time>2020-10-29T03:38:16.000Z</time>
        <extensions>
          <ns3:TrackPointExtension/>
        </extensions>
      </trkpt>
      <trkpt lat="32.06627271138131618499755859375" lon="118.724716119468212127685546875">
        <ele>9.19999980926513671875</ele>
        <time>2020-10-29T03:38:17.000Z</time>
        <extensions>
          <ns3:TrackPointExtension/>
        </extensions>
      </trkpt>
      <trkpt lat="32.06629936583340167999267578125" lon="118.7247008644044399261474609375">
        <ele>9</ele>
        <time>2020-10-29T03:38:18.000Z</time>
        <extensions>
          <ns3:TrackPointExtension/>
        </extensions>
      </trkpt>
      <trkpt lat="32.066326104104518890380859375" lon="118.724685609340667724609375">
        <ele>8.80000019073486328125</ele>
        <time>2020-10-29T03:38:19.000Z</time>
        <extensions>
          <ns3:TrackPointExtension/>
        </extensions>
      </trkpt>
      <trkpt lat="32.06635284237563610076904296875" lon="118.7246703542768955230712890625">
        <ele>8.3999996185302734375</ele>
        <time>2020-10-29T03:38:20.000Z</time>
        <extensions>
          <ns3:TrackPointExtension>
            <ns3:hr>165</ns3:hr>
          </ns3:TrackPointExtension>
        </extensions>
      </trkpt>
      <trkpt lat="32.06637949682772159576416015625" lon="118.724655099213123321533203125">
        <ele>8.19999980926513671875</ele>
        <time>2020-10-29T03:38:21.000Z</time>
        <extensions>
          <ns3:TrackPointExtension/>
        </extensions>
      </trkpt>
      <trkpt lat="32.06640623509883880615234375" lon="118.7246398441493511199951171875">
        <ele>8</ele>
        <time>2020-10-29T03:38:22.000Z</time>
        <extensions>
          <ns3:TrackPointExtension/>
        </extensions>
      </trkpt>
      <trkpt lat="32.0664328895509243011474609375" lon="118.72462458908557891845703125">
        <ele>7.80000019073486328125</ele>
        <time>2020-10-29T03:38:23.000Z</time>
        <extensions>
          <ns3:TrackPointExtension/>
        </extensions>
      </trkpt>
      <trkpt lat="32.06645962782204151153564453125" lon="118.72461696155369281768798828125">
        <ele>7.80000019073486328125</ele>
        <time>2020-10-29T03:38:24.000Z</time>
        <extensions>
          <ns3:TrackPointExtension/>
        </extensions>
      </trkpt>
      <trkpt lat="32.06648628227412700653076171875" lon="118.72460170648992061614990234375">
        <ele>7.599999904632568359375</ele>
        <time>2020-10-29T03:38:25.000Z</time>
        <extensions>
          <ns3:TrackPointExtension>
            <ns3:hr>167</ns3:hr>
          </ns3:TrackPointExtension>
        </extensions>
      </trkpt>
      <trkpt lat="32.066516876220703125" lon="118.724594078958034515380859375">
        <ele>7.599999904632568359375</ele>
        <time>2020-10-29T03:38:26.000Z</time>
        <extensions>
          <ns3:TrackPointExtension/>
        </extensions>
      </trkpt>
      <trkpt lat="32.0665435306727886199951171875" lon="118.724594078958034515380859375">
        <ele>7.599999904632568359375</ele>
        <time>2020-10-29T03:38:27.000Z</time>
        <extensions>
          <ns3:TrackPointExtension/>
        </extensions>
      </trkpt>
      <trkpt lat="32.0665740408003330230712890625" lon="118.72458645142614841461181640625">
        <ele>7.599999904632568359375</ele>
        <time>2020-10-29T03:38:28.000Z</time>
        <extensions>
          <ns3:TrackPointExtension/>
        </extensions>
      </trkpt>
      <trkpt lat="32.0666045509278774261474609375" lon="118.72458645142614841461181640625">
        <ele>7.599999904632568359375</ele>
        <time>2020-10-29T03:38:29.000Z</time>
        <extensions>
          <ns3:TrackPointExtension/>
        </extensions>
      </trkpt>
      <trkpt lat="32.0666350610554218292236328125" lon="118.7245788238942623138427734375">
        <ele>7.599999904632568359375</ele>
        <time>2020-10-29T03:38:30.000Z</time>
        <extensions>
          <ns3:TrackPointExtension>
            <ns3:hr>168</ns3:hr>
            <ns3:cad>79</ns3:cad>
          </ns3:TrackPointExtension>
        </extensions>
      </trkpt>
      <trkpt lat="32.066669426858425140380859375" lon="118.7245788238942623138427734375">
        <ele>7.599999904632568359375</ele>
        <time>2020-10-29T03:38:31.000Z</time>
        <extensions>
          <ns3:TrackPointExtension/>
        </extensions>
      </trkpt>
      <trkpt lat="32.06669993698596954345703125" lon="118.7245788238942623138427734375">
        <ele>7.599999904632568359375</ele>
        <time>2020-10-29T03:38:32.000Z</time>
        <extensions>
          <ns3:TrackPointExtension/>
        </extensions>
      </trkpt>
      <trkpt lat="32.0667343027889728546142578125" lon="118.7245788238942623138427734375">
        <ele>7.599999904632568359375</ele>
        <time>2020-10-29T03:38:33.000Z</time>
        <extensions>
          <ns3:TrackPointExtension/>
        </extensions>
      </trkpt>
      <trkpt lat="32.0667648129165172576904296875" lon="118.72458645142614841461181640625">
        <ele>7.599999904632568359375</ele>
        <time>2020-10-29T03:38:34.000Z</time>
        <extensions>
          <ns3:TrackPointExtension/>
        </extensions>
      </trkpt>
      <trkpt lat="32.06679909490048885345458984375" lon="118.72458645142614841461181640625">
        <ele>7.599999904632568359375</ele>
        <time>2020-10-29T03:38:35.000Z</time>
        <extensions>
          <ns3:TrackPointExtension>
            <ns3:hr>168</ns3:hr>
          </ns3:TrackPointExtension>
        </extensions>
      </trkpt>
      <trkpt lat="32.06682960502803325653076171875" lon="118.72458645142614841461181640625">
        <ele>7.599999904632568359375</ele>
        <time>2020-10-29T03:38:36.000Z</time>
        <extensions>
          <ns3:TrackPointExtension/>
        </extensions>
      </trkpt>
      <trkpt lat="32.066860198974609375" lon="118.72458645142614841461181640625">
        <ele>7.599999904632568359375</ele>
        <time>2020-10-29T03:38:37.000Z</time>
        <extensions>
          <ns3:TrackPointExtension/>
        </extensions>
      </trkpt>
      <trkpt lat="32.066890709102153778076171875" lon="118.724594078958034515380859375">
        <ele>7.599999904632568359375</ele>
        <time>2020-10-29T03:38:38.000Z</time>
        <extensions>
          <ns3:TrackPointExtension/>
        </extensions>
      </trkpt>
      <trkpt lat="32.06692499108612537384033203125" lon="118.724594078958034515380859375">
        <ele>7.599999904632568359375</ele>
        <time>2020-10-29T03:38:39.000Z</time>
        <extensions>
          <ns3:TrackPointExtension/>
        </extensions>
      </trkpt>
      <trkpt lat="32.066951729357242584228515625" lon="118.724594078958034515380859375">
        <ele>7.599999904632568359375</ele>
        <time>2020-10-29T03:38:40.000Z</time>
        <extensions>
          <ns3:TrackPointExtension>
            <ns3:hr>165</ns3:hr>
          </ns3:TrackPointExtension>
        </extensions>
      </trkpt>
      <trkpt lat="32.0669822394847869873046875" lon="118.72460170648992061614990234375">
        <ele>7.599999904632568359375</ele>
        <time>2020-10-29T03:38:41.000Z</time>
        <extensions>
          <ns3:TrackPointExtension/>
        </extensions>
      </trkpt>
      <trkpt lat="32.067012749612331390380859375" lon="118.72460170648992061614990234375">
        <ele>7.599999904632568359375</ele>
        <time>2020-10-29T03:38:42.000Z</time>
        <extensions>
          <ns3:TrackPointExtension/>
        </extensions>
      </trkpt>
      <trkpt lat="32.06704325973987579345703125" lon="118.72460170648992061614990234375">
        <ele>7.599999904632568359375</ele>
        <time>2020-10-29T03:38:43.000Z</time>
        <extensions>
          <ns3:TrackPointExtension/>
        </extensions>
      </trkpt>
      <trkpt lat="32.067073769867420196533203125" lon="118.72460170648992061614990234375">
        <ele>7.599999904632568359375</ele>
        <time>2020-10-29T03:38:44.000Z</time>
        <extensions>
          <ns3:TrackPointExtension/>
        </extensions>
      </trkpt>
      <trkpt lat="32.067104279994964599609375" lon="118.72460170648992061614990234375">
        <ele>7.599999904632568359375</ele>
        <time>2020-10-29T03:38:45.000Z</time>
        <extensions>
          <ns3:TrackPointExtension>
            <ns3:hr>168</ns3:hr>
          </ns3:TrackPointExtension>
        </extensions>
      </trkpt>
      <trkpt lat="32.067134790122509002685546875" lon="118.72460170648992061614990234375">
        <ele>7.599999904632568359375</ele>
        <time>2020-10-29T03:38:46.000Z</time>
        <extensions>
          <ns3:TrackPointExtension/>
        </extensions>
      </trkpt>
      <trkpt lat="32.06716530025005340576171875" lon="118.72460170648992061614990234375">
        <ele>7.400000095367431640625</ele>
        <time>2020-10-29T03:38:47.000Z</time>
        <extensions>
          <ns3:TrackPointExtension/>
        </extensions>
      </trkpt>
      <trkpt lat="32.067195810377597808837890625" lon="118.724594078958034515380859375">
        <ele>7.19999980926513671875</ele>
        <time>2020-10-29T03:38:48.000Z</time>
        <extensions>
          <ns3:TrackPointExtension/>
        </extensions>
      </trkpt>
      <trkpt lat="32.06722640432417392730712890625" lon="118.724594078958034515380859375">
        <ele>7.19999980926513671875</ele>
        <time>2020-10-29T03:38:49.000Z</time>
        <extensions>
          <ns3:TrackPointExtension/>
        </extensions>
      </trkpt>
      <trkpt lat="32.06725691445171833038330078125" lon="118.724594078958034515380859375">
        <ele>7</ele>
        <time>2020-10-29T03:38:50.000Z</time>
        <extensions>
          <ns3:TrackPointExtension>
            <ns3:hr>166</ns3:hr>
          </ns3:TrackPointExtension>
        </extensions>
      </trkpt>
      <trkpt lat="32.0672911964356899261474609375" lon="118.724594078958034515380859375">
        <ele>7</ele>
        <time>2020-10-29T03:38:51.000Z</time>
        <extensions>
          <ns3:TrackPointExtension/>
        </extensions>
      </trkpt>
      <trkpt lat="32.0673217065632343292236328125" lon="118.72458645142614841461181640625">
        <ele>6.80000019073486328125</ele>
        <time>2020-10-29T03:38:52.000Z</time>
        <extensions>
          <ns3:TrackPointExtension/>
        </extensions>
      </trkpt>
      <trkpt lat="32.0673522166907787322998046875" lon="118.72458645142614841461181640625">
        <ele>6.599999904632568359375</ele>
        <time>2020-10-29T03:38:53.000Z</time>
        <extensions>
          <ns3:TrackPointExtension/>
        </extensions>
      </trkpt>
      <trkpt lat="32.06738281063735485076904296875" lon="118.724594078958034515380859375">
        <ele>6.599999904632568359375</ele>
        <time>2020-10-29T03:38:54.000Z</time>
        <extensions>
          <ns3:TrackPointExtension/>
        </extensions>
      </trkpt>
      <trkpt lat="32.067417092621326446533203125" lon="118.724594078958034515380859375">
        <ele>6.599999904632568359375</ele>
        <time>2020-10-29T03:38:55.000Z</time>
        <extensions>
          <ns3:TrackPointExtension>
            <ns3:hr>165</ns3:hr>
          </ns3:TrackPointExtension>
        </extensions>
      </trkpt>
      <trkpt lat="32.067447602748870849609375" lon="118.724594078958034515380859375">
        <ele>6.599999904632568359375</ele>
        <time>2020-10-29T03:38:56.000Z</time>
        <extensions>
          <ns3:TrackPointExtension/>
        </extensions>
      </trkpt>
      <trkpt lat="32.067478112876415252685546875" lon="118.72460170648992061614990234375">
        <ele>6.599999904632568359375</ele>
        <time>2020-10-29T03:38:57.000Z</time>
        <extensions>
          <ns3:TrackPointExtension/>
        </extensions>
      </trkpt>
      <trkpt lat="32.06750862300395965576171875" lon="118.7246093340218067169189453125">
        <ele>6.80000019073486328125</ele>
        <time>2020-10-29T03:38:58.000Z</time>
        <extensions>
          <ns3:TrackPointExtension/>
        </extensions>
      </trkpt>
      <trkpt lat="32.067539133131504058837890625" lon="118.7246093340218067169189453125">
        <ele>6.80000019073486328125</ele>
        <time>2020-10-29T03:38:59.000Z</time>
        <extensions>
          <ns3:TrackPointExtension/>
        </extensions>
      </trkpt>
      <trkpt lat="32.06756587140262126922607421875" lon="118.72461696155369281768798828125">
        <ele>6.80000019073486328125</ele>
        <time>2020-10-29T03:39:00.000Z</time>
        <extensions>
          <ns3:TrackPointExtension>
            <ns3:hr>168</ns3:hr>
          </ns3:TrackPointExtension>
        </extensions>
      </trkpt>
      <trkpt lat="32.06759638153016567230224609375" lon="118.72462458908557891845703125">
        <ele>6.80000019073486328125</ele>
        <time>2020-10-29T03:39:01.000Z</time>
        <extensions>
          <ns3:TrackPointExtension/>
        </extensions>
      </trkpt>
      <trkpt lat="32.06762689165771007537841796875" lon="118.72463221661746501922607421875">
        <ele>7</ele>
        <time>2020-10-29T03:39:02.000Z</time>
        <extensions>
          <ns3:TrackPointExtension/>
        </extensions>
      </trkpt>
      <trkpt lat="32.06765740178525447845458984375" lon="118.72463221661746501922607421875">
        <ele>7</ele>
        <time>2020-10-29T03:39:03.000Z</time>
        <extensions>
          <ns3:TrackPointExtension/>
        </extensions>
      </trkpt>
      <trkpt lat="32.06768791191279888153076171875" lon="118.7246398441493511199951171875">
        <ele>7</ele>
        <time>2020-10-29T03:39:04.000Z</time>
        <extensions>
          <ns3:TrackPointExtension/>
        </extensions>
      </trkpt>
      <trkpt lat="32.067718505859375" lon="118.72464747168123722076416015625">
        <ele>7</ele>
        <time>2020-10-29T03:39:05.000Z</time>
        <extensions>
          <ns3:TrackPointExtension>
            <ns3:hr>166</ns3:hr>
          </ns3:TrackPointExtension>
        </extensions>
      </trkpt>
      <trkpt lat="32.067749015986919403076171875" lon="118.72464747168123722076416015625">
        <ele>7</ele>
        <time>2020-10-29T03:39:06.000Z</time>
        <extensions>
          <ns3:TrackPointExtension/>
        </extensions>
      </trkpt>
      <trkpt lat="32.0677756704390048980712890625" lon="118.724655099213123321533203125">
        <ele>7</ele>
        <time>2020-10-29T03:39:07.000Z</time>
        <extensions>
          <ns3:TrackPointExtension/>
        </extensions>
      </trkpt>
      <trkpt lat="32.0678061805665493011474609375" lon="118.72466272674500942230224609375">
        <ele>7.19999980926513671875</ele>
        <time>2020-10-29T03:39:08.000Z</time>
        <extensions>
          <ns3:TrackPointExtension/>
        </extensions>
      </trkpt>
      <trkpt lat="32.0678366906940937042236328125" lon="118.72466272674500942230224609375">
        <ele>6.80000019073486328125</ele>
        <time>2020-10-29T03:39:09.000Z</time>
        <extensions>
          <ns3:TrackPointExtension/>
        </extensions>
      </trkpt>
      <trkpt lat="32.0678672008216381072998046875" lon="118.7246703542768955230712890625">
        <ele>6.400000095367431640625</ele>
        <time>2020-10-29T03:39:10.000Z</time>
        <extensions>
          <ns3:TrackPointExtension>
            <ns3:hr>166</ns3:hr>
          </ns3:TrackPointExtension>
        </extensions>
      </trkpt>
      <trkpt lat="32.06789779476821422576904296875" lon="118.72467798180878162384033203125">
        <ele>6</ele>
        <time>2020-10-29T03:39:11.000Z</time>
        <extensions>
          <ns3:TrackPointExtension/>
        </extensions>
      </trkpt>
      <trkpt lat="32.06792830489575862884521484375" lon="118.724685609340667724609375">
        <ele>5.599999904632568359375</ele>
        <time>2020-10-29T03:39:12.000Z</time>
        <extensions>
          <ns3:TrackPointExtension/>
        </extensions>
      </trkpt>
      <trkpt lat="32.06795881502330303192138671875" lon="118.72469323687255382537841796875">
        <ele>5.599999904632568359375</ele>
        <time>2020-10-29T03:39:13.000Z</time>
        <extensions>
          <ns3:TrackPointExtension/>
        </extensions>
      </trkpt>
      <trkpt lat="32.06798932515084743499755859375" lon="118.7247008644044399261474609375">
        <ele>5.80000019073486328125</ele>
        <time>2020-10-29T03:39:14.000Z</time>
        <extensions>
          <ns3:TrackPointExtension/>
        </extensions>
      </trkpt>
      <trkpt lat="32.06801597960293292999267578125" lon="118.72470849193632602691650390625">
        <ele>6</ele>
        <time>2020-10-29T03:39:15.000Z</time>
        <extensions>
          <ns3:TrackPointExtension>
            <ns3:hr>166</ns3:hr>
          </ns3:TrackPointExtension>
        </extensions>
      </trkpt>
      <trkpt lat="32.06804648973047733306884765625" lon="118.724716119468212127685546875">
        <ele>6.19999980926513671875</ele>
        <time>2020-10-29T03:39:16.000Z</time>
        <extensions>
          <ns3:TrackPointExtension/>
        </extensions>
      </trkpt>
      <trkpt lat="32.0680770836770534515380859375" lon="118.72472374700009822845458984375">
        <ele>6.400000095367431640625</ele>
        <time>2020-10-29T03:39:17.000Z</time>
        <extensions>
          <ns3:TrackPointExtension/>
        </extensions>
      </trkpt>
      <trkpt lat="32.0681075938045978546142578125" lon="118.72472374700009822845458984375">
        <ele>6.400000095367431640625</ele>
        <time>2020-10-29T03:39:18.000Z</time>
        <extensions>
          <ns3:TrackPointExtension/>
        </extensions>
      </trkpt>
      <trkpt lat="32.0681381039321422576904296875" lon="118.7247313745319843292236328125">
        <ele>6.599999904632568359375</ele>
        <time>2020-10-29T03:39:19.000Z</time>
        <extensions>
          <ns3:TrackPointExtension/>
        </extensions>
      </trkpt>
      <trkpt lat="32.0681686140596866607666015625" lon="118.72473900206387042999267578125">
        <ele>6.80000019073486328125</ele>
        <time>2020-10-29T03:39:20.000Z</time>
        <extensions>
          <ns3:TrackPointExtension>
            <ns3:hr>165</ns3:hr>
          </ns3:TrackPointExtension>
        </extensions>
      </trkpt>
      <trkpt lat="32.06819526851177215576171875" lon="118.72473900206387042999267578125">
        <ele>6.80000019073486328125</ele>
        <time>2020-10-29T03:39:21.000Z</time>
        <extensions>
          <ns3:TrackPointExtension/>
        </extensions>
      </trkpt>
      <trkpt lat="32.068225778639316558837890625" lon="118.72473900206387042999267578125">
        <ele>6.80000019073486328125</ele>
        <time>2020-10-29T03:39:22.000Z</time>
        <extensions>
          <ns3:TrackPointExtension/>
        </extensions>
      </trkpt>
      <trkpt lat="32.0682601444423198699951171875" lon="118.72474662959575653076171875">
        <ele>6.80000019073486328125</ele>
        <time>2020-10-29T03:39:23.000Z</time>
        <extensions>
          <ns3:TrackPointExtension/>
        </extensions>
      </trkpt>
      <trkpt lat="32.0682906545698642730712890625" lon="118.72474662959575653076171875">
        <ele>6.400000095367431640625</ele>
        <time>2020-10-29T03:39:24.000Z</time>
        <extensions>
          <ns3:TrackPointExtension/>
        </extensions>
      </trkpt>
      <trkpt lat="32.0683211646974086761474609375" lon="118.72474662959575653076171875">
        <ele>6.19999980926513671875</ele>
        <time>2020-10-29T03:39:25.000Z</time>
        <extensions>
          <ns3:TrackPointExtension>
            <ns3:hr>165</ns3:hr>
          </ns3:TrackPointExtension>
        </extensions>
      </trkpt>
      <trkpt lat="32.0683516748249530792236328125" lon="118.72474662959575653076171875">
        <ele>6</ele>
        <time>2020-10-29T03:39:26.000Z</time>
        <extensions>
          <ns3:TrackPointExtension/>
        </extensions>
      </trkpt>
      <trkpt lat="32.0683821849524974822998046875" lon="118.72474662959575653076171875">
        <ele>5.80000019073486328125</ele>
        <time>2020-10-29T03:39:27.000Z</time>
        <extensions>
          <ns3:TrackPointExtension/>
        </extensions>
      </trkpt>
      <trkpt lat="32.06841277889907360076904296875" lon="118.72475425712764263153076171875">
        <ele>5.80000019073486328125</ele>
        <time>2020-10-29T03:39:28.000Z</time>
        <extensions>
          <ns3:TrackPointExtension/>
        </extensions>
      </trkpt>
      <trkpt lat="32.06844328902661800384521484375" lon="118.72475425712764263153076171875">
        <ele>5.599999904632568359375</ele>
        <time>2020-10-29T03:39:29.000Z</time>
        <extensions>
          <ns3:TrackPointExtension/>
        </extensions>
      </trkpt>
      <trkpt lat="32.06847379915416240692138671875" lon="118.72475425712764263153076171875">
        <ele>5.400000095367431640625</ele>
        <time>2020-10-29T03:39:30.000Z</time>
        <extensions>
          <ns3:TrackPointExtension>
            <ns3:hr>169</ns3:hr>
            <ns3:cad>79</ns3:cad>
          </ns3:TrackPointExtension>
        </extensions>
      </trkpt>
      <trkpt lat="32.06850430928170680999755859375" lon="118.72475425712764263153076171875">
        <ele>5.400000095367431640625</ele>
        <time>2020-10-29T03:39:31.000Z</time>
        <extensions>
          <ns3:TrackPointExtension/>
        </extensions>
      </trkpt>
      <trkpt lat="32.06853096373379230499267578125" lon="118.7247618846595287322998046875">
        <ele>5.400000095367431640625</ele>
        <time>2020-10-29T03:39:32.000Z</time>
        <extensions>
          <ns3:TrackPointExtension/>
        </extensions>
      </trkpt>
      <trkpt lat="32.06856147386133670806884765625" lon="118.7247618846595287322998046875">
        <ele>5.400000095367431640625</ele>
        <time>2020-10-29T03:39:33.000Z</time>
        <extensions>
          <ns3:TrackPointExtension/>
        </extensions>
      </trkpt>
      <trkpt lat="32.0685920678079128265380859375" lon="118.72476951219141483306884765625">
        <ele>5.400000095367431640625</ele>
        <time>2020-10-29T03:39:34.000Z</time>
        <extensions>
          <ns3:TrackPointExtension/>
        </extensions>
      </trkpt>
      <trkpt lat="32.0686225779354572296142578125" lon="118.724777139723300933837890625">
        <ele>5.400000095367431640625</ele>
        <time>2020-10-29T03:39:35.000Z</time>
        <extensions>
          <ns3:TrackPointExtension>
            <ns3:hr>167</ns3:hr>
          </ns3:TrackPointExtension>
        </extensions>
      </trkpt>
      <trkpt lat="32.0686530880630016326904296875" lon="118.724777139723300933837890625">
        <ele>5.19999980926513671875</ele>
        <time>2020-10-29T03:39:36.000Z</time>
        <extensions>
          <ns3:TrackPointExtension/>
        </extensions>
      </trkpt>
      <trkpt lat="32.0686835981905460357666015625" lon="118.72478485107421875">
        <ele>5.400000095367431640625</ele>
        <time>2020-10-29T03:39:37.000Z</time>
        <extensions>
          <ns3:TrackPointExtension/>
        </extensions>
      </trkpt>
      <trkpt lat="32.0687141083180904388427734375" lon="118.72478485107421875">
        <ele>5.19999980926513671875</ele>
        <time>2020-10-29T03:39:38.000Z</time>
        <extensions>
          <ns3:TrackPointExtension/>
        </extensions>
      </trkpt>
      <trkpt lat="32.0687446184456348419189453125" lon="118.72479247860610485076904296875">
        <ele>5.19999980926513671875</ele>
        <time>2020-10-29T03:39:39.000Z</time>
        <extensions>
          <ns3:TrackPointExtension/>
        </extensions>
      </trkpt>
      <trkpt lat="32.0687751285731792449951171875" lon="118.72479247860610485076904296875">
        <ele>5.19999980926513671875</ele>
        <time>2020-10-29T03:39:40.000Z</time>
        <extensions>
          <ns3:TrackPointExtension>
            <ns3:hr>168</ns3:hr>
          </ns3:TrackPointExtension>
        </extensions>
      </trkpt>
      <trkpt lat="32.06880949437618255615234375" lon="118.7248001061379909515380859375">
        <ele>5.19999980926513671875</ele>
        <time>2020-10-29T03:39:41.000Z</time>
        <extensions>
          <ns3:TrackPointExtension/>
        </extensions>
      </trkpt>
      <trkpt lat="32.068840004503726959228515625" lon="118.7248001061379909515380859375">
        <ele>5.19999980926513671875</ele>
        <time>2020-10-29T03:39:42.000Z</time>
        <extensions>
          <ns3:TrackPointExtension/>
        </extensions>
      </trkpt>
      <trkpt lat="32.0688705146312713623046875" lon="118.7248001061379909515380859375">
        <ele>5.19999980926513671875</ele>
        <time>2020-10-29T03:39:43.000Z</time>
        <extensions>
          <ns3:TrackPointExtension/>
        </extensions>
      </trkpt>
      <trkpt lat="32.06890479661524295806884765625" lon="118.72480773366987705230712890625">
        <ele>5.400000095367431640625</ele>
        <time>2020-10-29T03:39:44.000Z</time>
        <extensions>
          <ns3:TrackPointExtension/>
        </extensions>
      </trkpt>
      <trkpt lat="32.0689353905618190765380859375" lon="118.72480773366987705230712890625">
        <ele>5.400000095367431640625</ele>
        <time>2020-10-29T03:39:45.000Z</time>
        <extensions>
          <ns3:TrackPointExtension>
            <ns3:hr>167</ns3:hr>
          </ns3:TrackPointExtension>
        </extensions>
      </trkpt>
      <trkpt lat="32.06896967254579067230224609375" lon="118.72480773366987705230712890625">
        <ele>5.400000095367431640625</ele>
        <time>2020-10-29T03:39:46.000Z</time>
        <extensions>
          <ns3:TrackPointExtension/>
        </extensions>
      </trkpt>
      <trkpt lat="32.06900018267333507537841796875" lon="118.72480773366987705230712890625">
        <ele>5.400000095367431640625</ele>
        <time>2020-10-29T03:39:47.000Z</time>
        <extensions>
          <ns3:TrackPointExtension/>
        </extensions>
      </trkpt>
      <trkpt lat="32.06903454847633838653564453125" lon="118.72480773366987705230712890625">
        <ele>5.400000095367431640625</ele>
        <time>2020-10-29T03:39:48.000Z</time>
        <extensions>
          <ns3:TrackPointExtension/>
        </extensions>
      </trkpt>
      <trkpt lat="32.06906505860388278961181640625" lon="118.724815361201763153076171875">
        <ele>5.599999904632568359375</ele>
        <time>2020-10-29T03:39:49.000Z</time>
        <extensions>
          <ns3:TrackPointExtension/>
        </extensions>
      </trkpt>
      <trkpt lat="32.06909942440688610076904296875" lon="118.724815361201763153076171875">
        <ele>5.599999904632568359375</ele>
        <time>2020-10-29T03:39:50.000Z</time>
        <extensions>
          <ns3:TrackPointExtension>
            <ns3:hr>168</ns3:hr>
          </ns3:TrackPointExtension>
        </extensions>
      </trkpt>
      <trkpt lat="32.06912993453443050384521484375" lon="118.724815361201763153076171875">
        <ele>5.80000019073486328125</ele>
        <time>2020-10-29T03:39:51.000Z</time>
        <extensions>
          <ns3:TrackPointExtension/>
        </extensions>
      </trkpt>
      <trkpt lat="32.06916044466197490692138671875" lon="118.724815361201763153076171875">
        <ele>5.80000019073486328125</ele>
        <time>2020-10-29T03:39:52.000Z</time>
        <extensions>
          <ns3:TrackPointExtension/>
        </extensions>
      </trkpt>
      <trkpt lat="32.069194726645946502685546875" lon="118.724815361201763153076171875">
        <ele>6</ele>
        <time>2020-10-29T03:39:53.000Z</time>
        <extensions>
          <ns3:TrackPointExtension/>
        </extensions>
      </trkpt>
      <trkpt lat="32.06922523677349090576171875" lon="118.724815361201763153076171875">
        <ele>6</ele>
        <time>2020-10-29T03:39:54.000Z</time>
        <extensions>
          <ns3:TrackPointExtension/>
        </extensions>
      </trkpt>
      <trkpt lat="32.069255746901035308837890625" lon="118.724815361201763153076171875">
        <ele>6.19999980926513671875</ele>
        <time>2020-10-29T03:39:55.000Z</time>
        <extensions>
          <ns3:TrackPointExtension>
            <ns3:hr>170</ns3:hr>
          </ns3:TrackPointExtension>
        </extensions>
      </trkpt>
      <trkpt lat="32.06928634084761142730712890625" lon="118.724815361201763153076171875">
        <ele>6.400000095367431640625</ele>
        <time>2020-10-29T03:39:56.000Z</time>
        <extensions>
          <ns3:TrackPointExtension/>
        </extensions>
      </trkpt>
      <trkpt lat="32.06931685097515583038330078125" lon="118.724815361201763153076171875">
        <ele>6.400000095367431640625</ele>
        <time>2020-10-29T03:39:57.000Z</time>
        <extensions>
          <ns3:TrackPointExtension/>
        </extensions>
      </trkpt>
      <trkpt lat="32.06934350542724132537841796875" lon="118.724815361201763153076171875">
        <ele>6.599999904632568359375</ele>
        <time>2020-10-29T03:39:58.000Z</time>
        <extensions>
          <ns3:TrackPointExtension/>
        </extensions>
      </trkpt>
      <trkpt lat="32.06937401555478572845458984375" lon="118.724815361201763153076171875">
        <ele>6.599999904632568359375</ele>
        <time>2020-10-29T03:39:59.000Z</time>
        <extensions>
          <ns3:TrackPointExtension/>
        </extensions>
      </trkpt>
      <trkpt lat="32.06940452568233013153076171875" lon="118.724815361201763153076171875">
        <ele>6.80000019073486328125</ele>
        <time>2020-10-29T03:40:00.000Z</time>
        <extensions>
          <ns3:TrackPointExtension>
            <ns3:hr>170</ns3:hr>
          </ns3:TrackPointExtension>
        </extensions>
      </trkpt>
      <trkpt lat="32.0694312639534473419189453125" lon="118.72482298873364925384521484375">
        <ele>7</ele>
        <time>2020-10-29T03:40:01.000Z</time>
        <extensions>
          <ns3:TrackPointExtension/>
        </extensions>
      </trkpt>
      <trkpt lat="32.0694617740809917449951171875" lon="118.72482298873364925384521484375">
        <ele>7</ele>
        <time>2020-10-29T03:40:02.000Z</time>
        <extensions>
          <ns3:TrackPointExtension/>
        </extensions>
      </trkpt>
      <trkpt lat="32.06948851235210895538330078125" lon="118.7248306162655353546142578125">
        <ele>7.19999980926513671875</ele>
        <time>2020-10-29T03:40:03.000Z</time>
        <extensions>
          <ns3:TrackPointExtension/>
        </extensions>
      </trkpt>
      <trkpt lat="32.06951516680419445037841796875" lon="118.72483824379742145538330078125">
        <ele>7.400000095367431640625</ele>
        <time>2020-10-29T03:40:04.000Z</time>
        <extensions>
          <ns3:TrackPointExtension/>
        </extensions>
      </trkpt>
      <trkpt lat="32.06954567693173885345458984375" lon="118.72483824379742145538330078125">
        <ele>7.599999904632568359375</ele>
        <time>2020-10-29T03:40:05.000Z</time>
        <extensions>
          <ns3:TrackPointExtension>
            <ns3:hr>169</ns3:hr>
          </ns3:TrackPointExtension>
        </extensions>
      </trkpt>
      <trkpt lat="32.0695724152028560638427734375" lon="118.72484587132930755615234375">
        <ele>7.80000019073486328125</ele>
        <time>2020-10-29T03:40:06.000Z</time>
        <extensions>
          <ns3:TrackPointExtension/>
        </extensions>
      </trkpt>
      <trkpt lat="32.0696029253304004669189453125" lon="118.72485349886119365692138671875">
        <ele>8</ele>
        <time>2020-10-29T03:40:07.000Z</time>
        <extensions>
          <ns3:TrackPointExtension/>
        </extensions>
      </trkpt>
      <trkpt lat="32.06962966360151767730712890625" lon="118.7248611263930797576904296875">
        <ele>7.80000019073486328125</ele>
        <time>2020-10-29T03:40:08.000Z</time>
        <extensions>
          <ns3:TrackPointExtension/>
        </extensions>
      </trkpt>
      <trkpt lat="32.06966017372906208038330078125" lon="118.724876381456851959228515625">
        <ele>7.80000019073486328125</ele>
        <time>2020-10-29T03:40:09.000Z</time>
        <extensions>
          <ns3:TrackPointExtension/>
        </extensions>
      </trkpt>
      <trkpt lat="32.06968682818114757537841796875" lon="118.72488400898873805999755859375">
        <ele>7.599999904632568359375</ele>
        <time>2020-10-29T03:40:10.000Z</time>
        <extensions>
          <ns3:TrackPointExtension>
            <ns3:hr>168</ns3:hr>
          </ns3:TrackPointExtension>
        </extensions>
      </trkpt>
      <trkpt lat="32.06971733830869197845458984375" lon="118.7248916365206241607666015625">
        <ele>7.400000095367431640625</ele>
        <time>2020-10-29T03:40:11.000Z</time>
        <extensions>
          <ns3:TrackPointExtension/>
        </extensions>
      </trkpt>
      <trkpt lat="32.0697440765798091888427734375" lon="118.72489926405251026153564453125">
        <ele>7.400000095367431640625</ele>
        <time>2020-10-29T03:40:12.000Z</time>
        <extensions>
          <ns3:TrackPointExtension/>
        </extensions>
      </trkpt>
      <trkpt lat="32.0697745867073535919189453125" lon="118.7249068915843963623046875">
        <ele>7.400000095367431640625</ele>
        <time>2020-10-29T03:40:13.000Z</time>
        <extensions>
          <ns3:TrackPointExtension/>
        </extensions>
      </trkpt>
      <trkpt lat="32.06980132497847080230712890625" lon="118.72491451911628246307373046875">
        <ele>7.400000095367431640625</ele>
        <time>2020-10-29T03:40:14.000Z</time>
        <extensions>
          <ns3:TrackPointExtension/>
        </extensions>
      </trkpt>
      <trkpt lat="32.06983183510601520538330078125" lon="118.7249221466481685638427734375">
        <ele>7.400000095367431640625</ele>
        <time>2020-10-29T03:40:15.000Z</time>
        <extensions>
          <ns3:TrackPointExtension>
            <ns3:hr>170</ns3:hr>
          </ns3:TrackPointExtension>
        </extensions>
      </trkpt>
      <trkpt lat="32.06985848955810070037841796875" lon="118.72492977418005466461181640625">
        <ele>7.599999904632568359375</ele>
        <time>2020-10-29T03:40:16.000Z</time>
        <extensions>
          <ns3:TrackPointExtension/>
        </extensions>
      </trkpt>
      <trkpt lat="32.06988899968564510345458984375" lon="118.724937401711940765380859375">
        <ele>7.400000095367431640625</ele>
        <time>2020-10-29T03:40:17.000Z</time>
        <extensions>
          <ns3:TrackPointExtension/>
        </extensions>
      </trkpt>
      <trkpt lat="32.0699157379567623138427734375" lon="118.7249526567757129669189453125">
        <ele>7</ele>
        <time>2020-10-29T03:40:18.000Z</time>
        <extensions>
          <ns3:TrackPointExtension/>
        </extensions>
      </trkpt>
      <trkpt lat="32.069942392408847808837890625" lon="118.72496028430759906768798828125">
        <ele>6.80000019073486328125</ele>
        <time>2020-10-29T03:40:19.000Z</time>
        <extensions>
          <ns3:TrackPointExtension/>
        </extensions>
      </trkpt>
      <trkpt lat="32.06997298635542392730712890625" lon="118.72496791183948516845703125">
        <ele>6.400000095367431640625</ele>
        <time>2020-10-29T03:40:20.000Z</time>
        <extensions>
          <ns3:TrackPointExtension>
            <ns3:hr>168</ns3:hr>
          </ns3:TrackPointExtension>
        </extensions>
      </trkpt>
      <trkpt lat="32.06999964080750942230224609375" lon="118.72497553937137126922607421875">
        <ele>6</ele>
        <time>2020-10-29T03:40:21.000Z</time>
        <extensions>
          <ns3:TrackPointExtension/>
        </extensions>
      </trkpt>
      <trkpt lat="32.07003015093505382537841796875" lon="118.7249831669032573699951171875">
        <ele>5.599999904632568359375</ele>
        <time>2020-10-29T03:40:22.000Z</time>
        <extensions>
          <ns3:TrackPointExtension/>
        </extensions>
      </trkpt>
      <trkpt lat="32.0700568892061710357666015625" lon="118.724998421967029571533203125">
        <ele>5.19999980926513671875</ele>
        <time>2020-10-29T03:40:23.000Z</time>
        <extensions>
          <ns3:TrackPointExtension/>
        </extensions>
      </trkpt>
      <trkpt lat="32.0700873993337154388427734375" lon="118.72500604949891567230224609375">
        <ele>4.80000019073486328125</ele>
        <time>2020-10-29T03:40:24.000Z</time>
        <extensions>
          <ns3:TrackPointExtension/>
        </extensions>
      </trkpt>
      <trkpt lat="32.0701179094612598419189453125" lon="118.7250136770308017730712890625">
        <ele>4.400000095367431640625</ele>
        <time>2020-10-29T03:40:25.000Z</time>
        <extensions>
          <ns3:TrackPointExtension>
            <ns3:hr>170</ns3:hr>
          </ns3:TrackPointExtension>
        </extensions>
      </trkpt>
      <trkpt lat="32.0701484195888042449951171875" lon="118.72502130456268787384033203125">
        <ele>4.19999980926513671875</ele>
        <time>2020-10-29T03:40:26.000Z</time>
        <extensions>
          <ns3:TrackPointExtension/>
        </extensions>
      </trkpt>
      <trkpt lat="32.07017515785992145538330078125" lon="118.725028932094573974609375">
        <ele>4</ele>
        <time>2020-10-29T03:40:27.000Z</time>
        <extensions>
          <ns3:TrackPointExtension/>
        </extensions>
      </trkpt>
      <trkpt lat="32.07020566798746585845947265625" lon="118.72503655962646007537841796875">
        <ele>4</ele>
        <time>2020-10-29T03:40:28.000Z</time>
        <extensions>
          <ns3:TrackPointExtension/>
        </extensions>
      </trkpt>
      <trkpt lat="32.07023617811501026153564453125" lon="118.7250441871583461761474609375">
        <ele>4</ele>
        <time>2020-10-29T03:40:29.000Z</time>
        <extensions>
          <ns3:TrackPointExtension/>
        </extensions>
      </trkpt>
      <trkpt lat="32.07026668824255466461181640625" lon="118.72505181469023227691650390625">
        <ele>4</ele>
        <time>2020-10-29T03:40:30.000Z</time>
        <extensions>
          <ns3:TrackPointExtension>
            <ns3:hr>166</ns3:hr>
            <ns3:cad>78</ns3:cad>
          </ns3:TrackPointExtension>
        </extensions>
      </trkpt>
      <trkpt lat="32.07029719837009906768798828125" lon="118.72505181469023227691650390625">
        <ele>4</ele>
        <time>2020-10-29T03:40:31.000Z</time>
        <extensions>
          <ns3:TrackPointExtension/>
        </extensions>
      </trkpt>
      <trkpt lat="32.07032770849764347076416015625" lon="118.725059442222118377685546875">
        <ele>4</ele>
        <time>2020-10-29T03:40:32.000Z</time>
        <extensions>
          <ns3:TrackPointExtension/>
        </extensions>
      </trkpt>
      <trkpt lat="32.07035444676876068115234375" lon="118.72506706975400447845458984375">
        <ele>4</ele>
        <time>2020-10-29T03:40:33.000Z</time>
        <extensions>
          <ns3:TrackPointExtension/>
        </extensions>
      </trkpt>
      <trkpt lat="32.070384956896305084228515625" lon="118.7250746972858905792236328125">
        <ele>4</ele>
        <time>2020-10-29T03:40:34.000Z</time>
        <extensions>
          <ns3:TrackPointExtension/>
        </extensions>
      </trkpt>
      <trkpt lat="32.0704154670238494873046875" lon="118.7250746972858905792236328125">
        <ele>4</ele>
        <time>2020-10-29T03:40:35.000Z</time>
        <extensions>
          <ns3:TrackPointExtension>
            <ns3:hr>166</ns3:hr>
          </ns3:TrackPointExtension>
        </extensions>
      </trkpt>
      <trkpt lat="32.070445977151393890380859375" lon="118.72508232481777667999267578125">
        <ele>4.19999980926513671875</ele>
        <time>2020-10-29T03:40:36.000Z</time>
        <extensions>
          <ns3:TrackPointExtension/>
        </extensions>
      </trkpt>
      <trkpt lat="32.07047648727893829345703125" lon="118.72508995234966278076171875">
        <ele>4.400000095367431640625</ele>
        <time>2020-10-29T03:40:37.000Z</time>
        <extensions>
          <ns3:TrackPointExtension/>
        </extensions>
      </trkpt>
      <trkpt lat="32.070506997406482696533203125" lon="118.72508995234966278076171875">
        <ele>4.400000095367431640625</ele>
        <time>2020-10-29T03:40:38.000Z</time>
        <extensions>
          <ns3:TrackPointExtension/>
        </extensions>
      </trkpt>
      <trkpt lat="32.070537507534027099609375" lon="118.72509757988154888153076171875">
        <ele>4.599999904632568359375</ele>
        <time>2020-10-29T03:40:39.000Z</time>
        <extensions>
          <ns3:TrackPointExtension/>
        </extensions>
      </trkpt>
      <trkpt lat="32.070568017661571502685546875" lon="118.7251052074134349822998046875">
        <ele>4.80000019073486328125</ele>
        <time>2020-10-29T03:40:40.000Z</time>
        <extensions>
          <ns3:TrackPointExtension>
            <ns3:hr>167</ns3:hr>
          </ns3:TrackPointExtension>
        </extensions>
      </trkpt>
      <trkpt lat="32.07059852778911590576171875" lon="118.72511283494532108306884765625">
        <ele>5</ele>
        <time>2020-10-29T03:40:41.000Z</time>
        <extensions>
          <ns3:TrackPointExtension/>
        </extensions>
      </trkpt>
      <trkpt lat="32.070629037916660308837890625" lon="118.725120462477207183837890625">
        <ele>5.19999980926513671875</ele>
        <time>2020-10-29T03:40:42.000Z</time>
        <extensions>
          <ns3:TrackPointExtension/>
        </extensions>
      </trkpt>
      <trkpt lat="32.07065963186323642730712890625" lon="118.725120462477207183837890625">
        <ele>5.19999980926513671875</ele>
        <time>2020-10-29T03:40:43.000Z</time>
        <extensions>
          <ns3:TrackPointExtension/>
        </extensions>
      </trkpt>
      <trkpt lat="32.07069014199078083038330078125" lon="118.725128173828125">
        <ele>5.400000095367431640625</ele>
        <time>2020-10-29T03:40:44.000Z</time>
        <extensions>
          <ns3:TrackPointExtension/>
        </extensions>
      </trkpt>
      <trkpt lat="32.07072065211832523345947265625" lon="118.72513580136001110076904296875">
        <ele>5.599999904632568359375</ele>
        <time>2020-10-29T03:40:45.000Z</time>
        <extensions>
          <ns3:TrackPointExtension>
            <ns3:hr>163</ns3:hr>
          </ns3:TrackPointExtension>
        </extensions>
      </trkpt>
      <trkpt lat="32.07075116224586963653564453125" lon="118.7251434288918972015380859375">
        <ele>5.599999904632568359375</ele>
        <time>2020-10-29T03:40:46.000Z</time>
        <extensions>
          <ns3:TrackPointExtension/>
        </extensions>
      </trkpt>
      <trkpt lat="32.07078167237341403961181640625" lon="118.72515105642378330230712890625">
        <ele>5.599999904632568359375</ele>
        <time>2020-10-29T03:40:47.000Z</time>
        <extensions>
          <ns3:TrackPointExtension/>
        </extensions>
      </trkpt>
      <trkpt lat="32.07081218250095844268798828125" lon="118.72515105642378330230712890625">
        <ele>5.599999904632568359375</ele>
        <time>2020-10-29T03:40:48.000Z</time>
        <extensions>
          <ns3:TrackPointExtension/>
        </extensions>
      </trkpt>
      <trkpt lat="32.07084654830396175384521484375" lon="118.725158683955669403076171875">
        <ele>5.599999904632568359375</ele>
        <time>2020-10-29T03:40:49.000Z</time>
        <extensions>
          <ns3:TrackPointExtension/>
        </extensions>
      </trkpt>
      <trkpt lat="32.07087705843150615692138671875" lon="118.72516631148755550384521484375">
        <ele>5.80000019073486328125</ele>
        <time>2020-10-29T03:40:50.000Z</time>
        <extensions>
          <ns3:TrackPointExtension>
            <ns3:hr>164</ns3:hr>
          </ns3:TrackPointExtension>
        </extensions>
      </trkpt>
      <trkpt lat="32.07090756855905055999755859375" lon="118.72516631148755550384521484375">
        <ele>5.80000019073486328125</ele>
        <time>2020-10-29T03:40:51.000Z</time>
        <extensions>
          <ns3:TrackPointExtension/>
        </extensions>
      </trkpt>
      <trkpt lat="32.07094185054302215576171875" lon="118.7251739390194416046142578125">
        <ele>5.80000019073486328125</ele>
        <time>2020-10-29T03:40:52.000Z</time>
        <extensions>
          <ns3:TrackPointExtension/>
        </extensions>
      </trkpt>
      <trkpt lat="32.070972360670566558837890625" lon="118.7251739390194416046142578125">
        <ele>5.80000019073486328125</ele>
        <time>2020-10-29T03:40:53.000Z</time>
        <extensions>
          <ns3:TrackPointExtension/>
        </extensions>
      </trkpt>
      <trkpt lat="32.07100295461714267730712890625" lon="118.7251739390194416046142578125">
        <ele>5.80000019073486328125</ele>
        <time>2020-10-29T03:40:54.000Z</time>
        <extensions>
          <ns3:TrackPointExtension/>
        </extensions>
      </trkpt>
      <trkpt lat="32.07103346474468708038330078125" lon="118.72518156655132770538330078125">
        <ele>5.80000019073486328125</ele>
        <time>2020-10-29T03:40:55.000Z</time>
        <extensions>
          <ns3:TrackPointExtension>
            <ns3:hr>165</ns3:hr>
          </ns3:TrackPointExtension>
        </extensions>
      </trkpt>
      <trkpt lat="32.07106397487223148345947265625" lon="118.72518156655132770538330078125">
        <ele>5.80000019073486328125</ele>
        <time>2020-10-29T03:40:56.000Z</time>
        <extensions>
          <ns3:TrackPointExtension/>
        </extensions>
      </trkpt>
      <trkpt lat="32.07109448499977588653564453125" lon="118.72518156655132770538330078125">
        <ele>5.80000019073486328125</ele>
        <time>2020-10-29T03:40:57.000Z</time>
        <extensions>
          <ns3:TrackPointExtension/>
        </extensions>
      </trkpt>
      <trkpt lat="32.07112499512732028961181640625" lon="118.72518919408321380615234375">
        <ele>5.80000019073486328125</ele>
        <time>2020-10-29T03:40:58.000Z</time>
        <extensions>
          <ns3:TrackPointExtension/>
        </extensions>
      </trkpt>
      <trkpt lat="32.07115550525486469268798828125" lon="118.72518919408321380615234375">
        <ele>5.80000019073486328125</ele>
        <time>2020-10-29T03:40:59.000Z</time>
        <extensions>
          <ns3:TrackPointExtension/>
        </extensions>
      </trkpt>
      <trkpt lat="32.07118601538240909576416015625" lon="118.72518919408321380615234375">
        <ele>5.599999904632568359375</ele>
        <time>2020-10-29T03:41:00.000Z</time>
        <extensions>
          <ns3:TrackPointExtension>
            <ns3:hr>168</ns3:hr>
          </ns3:TrackPointExtension>
        </extensions>
      </trkpt>
      <trkpt lat="32.07121275365352630615234375" lon="118.72518919408321380615234375">
        <ele>5.599999904632568359375</ele>
        <time>2020-10-29T03:41:01.000Z</time>
        <extensions>
          <ns3:TrackPointExtension/>
        </extensions>
      </trkpt>
      <trkpt lat="32.071243263781070709228515625" lon="118.72518919408321380615234375">
        <ele>5.400000095367431640625</ele>
        <time>2020-10-29T03:41:02.000Z</time>
        <extensions>
          <ns3:TrackPointExtension/>
        </extensions>
      </trkpt>
      <trkpt lat="32.0712699182331562042236328125" lon="118.72518919408321380615234375">
        <ele>5.400000095367431640625</ele>
        <time>2020-10-29T03:41:03.000Z</time>
        <extensions>
          <ns3:TrackPointExtension/>
        </extensions>
      </trkpt>
      <trkpt lat="32.0713004283607006072998046875" lon="118.72518919408321380615234375">
        <ele>5.19999980926513671875</ele>
        <time>2020-10-29T03:41:04.000Z</time>
        <extensions>
          <ns3:TrackPointExtension/>
        </extensions>
      </trkpt>
      <trkpt lat="32.07132716663181781768798828125" lon="118.72518919408321380615234375">
        <ele>5</ele>
        <time>2020-10-29T03:41:05.000Z</time>
        <extensions>
          <ns3:TrackPointExtension>
            <ns3:hr>167</ns3:hr>
          </ns3:TrackPointExtension>
        </extensions>
      </trkpt>
      <trkpt lat="32.071353904902935028076171875" lon="118.72518919408321380615234375">
        <ele>4.80000019073486328125</ele>
        <time>2020-10-29T03:41:06.000Z</time>
        <extensions>
          <ns3:TrackPointExtension/>
        </extensions>
      </trkpt>
      <trkpt lat="32.07138441503047943115234375" lon="118.72518919408321380615234375">
        <ele>4.599999904632568359375</ele>
        <time>2020-10-29T03:41:07.000Z</time>
        <extensions>
          <ns3:TrackPointExtension/>
        </extensions>
      </trkpt>
      <trkpt lat="32.0714110694825649261474609375" lon="118.72518919408321380615234375">
        <ele>4.400000095367431640625</ele>
        <time>2020-10-29T03:41:08.000Z</time>
        <extensions>
          <ns3:TrackPointExtension/>
        </extensions>
      </trkpt>
      <trkpt lat="32.07143780775368213653564453125" lon="118.72518919408321380615234375">
        <ele>4.19999980926513671875</ele>
        <time>2020-10-29T03:41:09.000Z</time>
        <extensions>
          <ns3:TrackPointExtension/>
        </extensions>
      </trkpt>
      <trkpt lat="32.07146831788122653961181640625" lon="118.72518919408321380615234375">
        <ele>4</ele>
        <time>2020-10-29T03:41:10.000Z</time>
        <extensions>
          <ns3:TrackPointExtension>
            <ns3:hr>164</ns3:hr>
          </ns3:TrackPointExtension>
        </extensions>
      </trkpt>
      <trkpt lat="32.07149505615234375" lon="118.72518919408321380615234375">
        <ele>3.7999999523162841796875</ele>
        <time>2020-10-29T03:41:11.000Z</time>
        <extensions>
          <ns3:TrackPointExtension/>
        </extensions>
      </trkpt>
      <trkpt lat="32.0715217106044292449951171875" lon="118.72518919408321380615234375">
        <ele>3.599999904632568359375</ele>
        <time>2020-10-29T03:41:12.000Z</time>
        <extensions>
          <ns3:TrackPointExtension/>
        </extensions>
      </trkpt>
      <trkpt lat="32.0715522207319736480712890625" lon="118.72518919408321380615234375">
        <ele>3.400000095367431640625</ele>
        <time>2020-10-29T03:41:13.000Z</time>
        <extensions>
          <ns3:TrackPointExtension/>
        </extensions>
      </trkpt>
      <trkpt lat="32.07157895900309085845947265625" lon="118.72518919408321380615234375">
        <ele>3.400000095367431640625</ele>
        <time>2020-10-29T03:41:14.000Z</time>
        <extensions>
          <ns3:TrackPointExtension/>
        </extensions>
      </trkpt>
      <trkpt lat="32.07160946913063526153564453125" lon="118.72518919408321380615234375">
        <ele>3.599999904632568359375</ele>
        <time>2020-10-29T03:41:15.000Z</time>
        <extensions>
          <ns3:TrackPointExtension>
            <ns3:hr>166</ns3:hr>
          </ns3:TrackPointExtension>
        </extensions>
      </trkpt>
      <trkpt lat="32.07163612358272075653076171875" lon="118.72518156655132770538330078125">
        <ele>3.599999904632568359375</ele>
        <time>2020-10-29T03:41:16.000Z</time>
        <extensions>
          <ns3:TrackPointExtension/>
        </extensions>
      </trkpt>
      <trkpt lat="32.071666717529296875" lon="118.72518156655132770538330078125">
        <ele>3.7999999523162841796875</ele>
        <time>2020-10-29T03:41:17.000Z</time>
        <extensions>
          <ns3:TrackPointExtension/>
        </extensions>
      </trkpt>
      <trkpt lat="32.071697227656841278076171875" lon="118.72518156655132770538330078125">
        <ele>3.7999999523162841796875</ele>
        <time>2020-10-29T03:41:18.000Z</time>
        <extensions>
          <ns3:TrackPointExtension/>
        </extensions>
      </trkpt>
      <trkpt lat="32.07172773778438568115234375" lon="118.72518156655132770538330078125">
        <ele>4</ele>
        <time>2020-10-29T03:41:19.000Z</time>
        <extensions>
          <ns3:TrackPointExtension/>
        </extensions>
      </trkpt>
      <trkpt lat="32.071758247911930084228515625" lon="118.72518156655132770538330078125">
        <ele>4</ele>
        <time>2020-10-29T03:41:20.000Z</time>
        <extensions>
          <ns3:TrackPointExtension>
            <ns3:hr>163</ns3:hr>
          </ns3:TrackPointExtension>
        </extensions>
      </trkpt>
      <trkpt lat="32.0717887580394744873046875" lon="118.72518156655132770538330078125">
        <ele>4.19999980926513671875</ele>
        <time>2020-10-29T03:41:21.000Z</time>
        <extensions>
          <ns3:TrackPointExtension/>
        </extensions>
      </trkpt>
      <trkpt lat="32.071819268167018890380859375" lon="118.72518156655132770538330078125">
        <ele>4.19999980926513671875</ele>
        <time>2020-10-29T03:41:22.000Z</time>
        <extensions>
          <ns3:TrackPointExtension/>
        </extensions>
      </trkpt>
      <trkpt lat="32.07184977829456329345703125" lon="118.72518156655132770538330078125">
        <ele>4.400000095367431640625</ele>
        <time>2020-10-29T03:41:23.000Z</time>
        <extensions>
          <ns3:TrackPointExtension/>
        </extensions>
      </trkpt>
      <trkpt lat="32.071880288422107696533203125" lon="118.72518919408321380615234375">
        <ele>4.599999904632568359375</ele>
        <time>2020-10-29T03:41:24.000Z</time>
        <extensions>
          <ns3:TrackPointExtension/>
        </extensions>
      </trkpt>
      <trkpt lat="32.071910798549652099609375" lon="118.72518919408321380615234375">
        <ele>4.599999904632568359375</ele>
        <time>2020-10-29T03:41:25.000Z</time>
        <extensions>
          <ns3:TrackPointExtension>
            <ns3:hr>165</ns3:hr>
          </ns3:TrackPointExtension>
        </extensions>
      </trkpt>
      <trkpt lat="32.071941308677196502685546875" lon="118.72519682161509990692138671875">
        <ele>4.80000019073486328125</ele>
        <time>2020-10-29T03:41:26.000Z</time>
        <extensions>
          <ns3:TrackPointExtension/>
        </extensions>
      </trkpt>
      <trkpt lat="32.07196804694831371307373046875" lon="118.7252044491469860076904296875">
        <ele>5</ele>
        <time>2020-10-29T03:41:27.000Z</time>
        <extensions>
          <ns3:TrackPointExtension/>
        </extensions>
      </trkpt>
      <trkpt lat="32.07199855707585811614990234375" lon="118.72521207667887210845947265625">
        <ele>5.19999980926513671875</ele>
        <time>2020-10-29T03:41:28.000Z</time>
        <extensions>
          <ns3:TrackPointExtension/>
        </extensions>
      </trkpt>
      <trkpt lat="32.07202906720340251922607421875" lon="118.725219704210758209228515625">
        <ele>5.400000095367431640625</ele>
        <time>2020-10-29T03:41:29.000Z</time>
        <extensions>
          <ns3:TrackPointExtension/>
        </extensions>
      </trkpt>
      <trkpt lat="32.07205957733094692230224609375" lon="118.7252349592745304107666015625">
        <ele>5.80000019073486328125</ele>
        <time>2020-10-29T03:41:30.000Z</time>
        <extensions>
          <ns3:TrackPointExtension>
            <ns3:hr>166</ns3:hr>
            <ns3:cad>79</ns3:cad>
          </ns3:TrackPointExtension>
        </extensions>
      </trkpt>
      <trkpt lat="32.0720863156020641326904296875" lon="118.72524258680641651153564453125">
        <ele>5.80000019073486328125</ele>
        <time>2020-10-29T03:41:31.000Z</time>
        <extensions>
          <ns3:TrackPointExtension/>
        </extensions>
      </trkpt>
      <trkpt lat="32.0721168257296085357666015625" lon="118.7252502143383026123046875">
        <ele>6</ele>
        <time>2020-10-29T03:41:32.000Z</time>
        <extensions>
          <ns3:TrackPointExtension/>
        </extensions>
      </trkpt>
      <trkpt lat="32.07214348018169403076171875" lon="118.72525784187018871307373046875">
        <ele>6.19999980926513671875</ele>
        <time>2020-10-29T03:41:33.000Z</time>
        <extensions>
          <ns3:TrackPointExtension/>
        </extensions>
      </trkpt>
      <trkpt lat="32.07217021845281124114990234375" lon="118.7252654694020748138427734375">
        <ele>6.400000095367431640625</ele>
        <time>2020-10-29T03:41:34.000Z</time>
        <extensions>
          <ns3:TrackPointExtension/>
        </extensions>
      </trkpt>
      <trkpt lat="32.07220072858035564422607421875" lon="118.72527309693396091461181640625">
        <ele>6.599999904632568359375</ele>
        <time>2020-10-29T03:41:35.000Z</time>
        <extensions>
          <ns3:TrackPointExtension>
            <ns3:hr>165</ns3:hr>
          </ns3:TrackPointExtension>
        </extensions>
      </trkpt>
      <trkpt lat="32.0722274668514728546142578125" lon="118.725280724465847015380859375">
        <ele>6.80000019073486328125</ele>
        <time>2020-10-29T03:41:36.000Z</time>
        <extensions>
          <ns3:TrackPointExtension/>
        </extensions>
      </trkpt>
      <trkpt lat="32.0722579769790172576904296875" lon="118.72528835199773311614990234375">
        <ele>7</ele>
        <time>2020-10-29T03:41:37.000Z</time>
        <extensions>
          <ns3:TrackPointExtension/>
        </extensions>
      </trkpt>
      <trkpt lat="32.072284631431102752685546875" lon="118.7252959795296192169189453125">
        <ele>7.19999980926513671875</ele>
        <time>2020-10-29T03:41:38.000Z</time>
        <extensions>
          <ns3:TrackPointExtension/>
        </extensions>
      </trkpt>
      <trkpt lat="32.07231514155864715576171875" lon="118.72530360706150531768798828125">
        <ele>7.400000095367431640625</ele>
        <time>2020-10-29T03:41:39.000Z</time>
        <extensions>
          <ns3:TrackPointExtension/>
        </extensions>
      </trkpt>
      <trkpt lat="32.072345651686191558837890625" lon="118.72530360706150531768798828125">
        <ele>7.400000095367431640625</ele>
        <time>2020-10-29T03:41:40.000Z</time>
        <extensions>
          <ns3:TrackPointExtension>
            <ns3:hr>165</ns3:hr>
          </ns3:TrackPointExtension>
        </extensions>
      </trkpt>
      <trkpt lat="32.07237624563276767730712890625" lon="118.72531123459339141845703125">
        <ele>7.599999904632568359375</ele>
        <time>2020-10-29T03:41:41.000Z</time>
        <extensions>
          <ns3:TrackPointExtension/>
        </extensions>
      </trkpt>
      <trkpt lat="32.07240675576031208038330078125" lon="118.72531886212527751922607421875">
        <ele>7.599999904632568359375</ele>
        <time>2020-10-29T03:41:42.000Z</time>
        <extensions>
          <ns3:TrackPointExtension/>
        </extensions>
      </trkpt>
      <trkpt lat="32.07243726588785648345947265625" lon="118.7253264896571636199951171875">
        <ele>7.599999904632568359375</ele>
        <time>2020-10-29T03:41:43.000Z</time>
        <extensions>
          <ns3:TrackPointExtension/>
        </extensions>
      </trkpt>
      <trkpt lat="32.07246777601540088653564453125" lon="118.7253264896571636199951171875">
        <ele>7.599999904632568359375</ele>
        <time>2020-10-29T03:41:44.000Z</time>
        <extensions>
          <ns3:TrackPointExtension/>
        </extensions>
      </trkpt>
      <trkpt lat="32.07249828614294528961181640625" lon="118.72533411718904972076416015625">
        <ele>7.599999904632568359375</ele>
        <time>2020-10-29T03:41:45.000Z</time>
        <extensions>
          <ns3:TrackPointExtension>
            <ns3:hr>168</ns3:hr>
          </ns3:TrackPointExtension>
        </extensions>
      </trkpt>
      <trkpt lat="32.07253265194594860076904296875" lon="118.725341744720935821533203125">
        <ele>7.400000095367431640625</ele>
        <time>2020-10-29T03:41:46.000Z</time>
        <extensions>
          <ns3:TrackPointExtension/>
        </extensions>
      </trkpt>
      <trkpt lat="32.07256316207349300384521484375" lon="118.72534937225282192230224609375">
        <ele>7.400000095367431640625</ele>
        <time>2020-10-29T03:41:47.000Z</time>
        <extensions>
          <ns3:TrackPointExtension/>
        </extensions>
      </trkpt>
      <trkpt lat="32.07259367220103740692138671875" lon="118.72534937225282192230224609375">
        <ele>7.400000095367431640625</ele>
        <time>2020-10-29T03:41:48.000Z</time>
        <extensions>
          <ns3:TrackPointExtension/>
        </extensions>
      </trkpt>
      <trkpt lat="32.072627954185009002685546875" lon="118.7253569997847080230712890625">
        <ele>7.19999980926513671875</ele>
        <time>2020-10-29T03:41:49.000Z</time>
        <extensions>
          <ns3:TrackPointExtension/>
        </extensions>
      </trkpt>
      <trkpt lat="32.07265846431255340576171875" lon="118.72536462731659412384033203125">
        <ele>7.19999980926513671875</ele>
        <time>2020-10-29T03:41:50.000Z</time>
        <extensions>
          <ns3:TrackPointExtension>
            <ns3:hr>165</ns3:hr>
          </ns3:TrackPointExtension>
        </extensions>
      </trkpt>
      <trkpt lat="32.072688974440097808837890625" lon="118.72536462731659412384033203125">
        <ele>7.19999980926513671875</ele>
        <time>2020-10-29T03:41:51.000Z</time>
        <extensions>
          <ns3:TrackPointExtension/>
        </extensions>
      </trkpt>
      <trkpt lat="32.0727233402431011199951171875" lon="118.725372254848480224609375">
        <ele>7.19999980926513671875</ele>
        <time>2020-10-29T03:41:52.000Z</time>
        <extensions>
          <ns3:TrackPointExtension/>
        </extensions>
      </trkpt>
      <trkpt lat="32.0727538503706455230712890625" lon="118.72537988238036632537841796875">
        <ele>7.19999980926513671875</ele>
        <time>2020-10-29T03:41:53.000Z</time>
        <extensions>
          <ns3:TrackPointExtension/>
        </extensions>
      </trkpt>
      <trkpt lat="32.0727843604981899261474609375" lon="118.7253875099122524261474609375">
        <ele>7.400000095367431640625</ele>
        <time>2020-10-29T03:41:54.000Z</time>
        <extensions>
          <ns3:TrackPointExtension/>
        </extensions>
      </trkpt>
      <trkpt lat="32.0728187263011932373046875" lon="118.72539513744413852691650390625">
        <ele>7.400000095367431640625</ele>
        <time>2020-10-29T03:41:55.000Z</time>
        <extensions>
          <ns3:TrackPointExtension>
            <ns3:hr>167</ns3:hr>
          </ns3:TrackPointExtension>
        </extensions>
      </trkpt>
      <trkpt lat="32.072849236428737640380859375" lon="118.725402764976024627685546875">
        <ele>7.400000095367431640625</ele>
        <time>2020-10-29T03:41:56.000Z</time>
        <extensions>
          <ns3:TrackPointExtension/>
        </extensions>
      </trkpt>
      <trkpt lat="32.07287974655628204345703125" lon="118.72541039250791072845458984375">
        <ele>7.599999904632568359375</ele>
        <time>2020-10-29T03:41:57.000Z</time>
        <extensions>
          <ns3:TrackPointExtension/>
        </extensions>
      </trkpt>
      <trkpt lat="32.072910256683826446533203125" lon="118.72541039250791072845458984375">
        <ele>7.599999904632568359375</ele>
        <time>2020-10-29T03:41:58.000Z</time>
        <extensions>
          <ns3:TrackPointExtension/>
        </extensions>
      </trkpt>
      <trkpt lat="32.072940766811370849609375" lon="118.7254180200397968292236328125">
        <ele>7.599999904632568359375</ele>
        <time>2020-10-29T03:41:59.000Z</time>
        <extensions>
          <ns3:TrackPointExtension/>
        </extensions>
      </trkpt>
      <trkpt lat="32.0729751326143741607666015625" lon="118.72542564757168292999267578125">
        <ele>7.80000019073486328125</ele>
        <time>2020-10-29T03:42:00.000Z</time>
        <extensions>
          <ns3:TrackPointExtension>
            <ns3:hr>166</ns3:hr>
          </ns3:TrackPointExtension>
        </extensions>
      </trkpt>
      <trkpt lat="32.0730056427419185638427734375" lon="118.72542564757168292999267578125">
        <ele>7.80000019073486328125</ele>
        <time>2020-10-29T03:42:01.000Z</time>
        <extensions>
          <ns3:TrackPointExtension/>
        </extensions>
      </trkpt>
      <trkpt lat="32.0730361528694629669189453125" lon="118.72543327510356903076171875">
        <ele>8</ele>
        <time>2020-10-29T03:42:02.000Z</time>
        <extensions>
          <ns3:TrackPointExtension/>
        </extensions>
      </trkpt>
      <trkpt lat="32.0730666629970073699951171875" lon="118.72543327510356903076171875">
        <ele>8</ele>
        <time>2020-10-29T03:42:03.000Z</time>
        <extensions>
          <ns3:TrackPointExtension/>
        </extensions>
      </trkpt>
      <trkpt lat="32.0730971731245517730712890625" lon="118.72543327510356903076171875">
        <ele>8</ele>
        <time>2020-10-29T03:42:04.000Z</time>
        <extensions>
          <ns3:TrackPointExtension/>
        </extensions>
      </trkpt>
      <trkpt lat="32.0731276832520961761474609375" lon="118.72544090263545513153076171875">
        <ele>8</ele>
        <time>2020-10-29T03:42:05.000Z</time>
        <extensions>
          <ns3:TrackPointExtension>
            <ns3:hr>165</ns3:hr>
          </ns3:TrackPointExtension>
        </extensions>
      </trkpt>
      <trkpt lat="32.0731581933796405792236328125" lon="118.72544090263545513153076171875">
        <ele>8</ele>
        <time>2020-10-29T03:42:06.000Z</time>
        <extensions>
          <ns3:TrackPointExtension/>
        </extensions>
      </trkpt>
      <trkpt lat="32.0731887035071849822998046875" lon="118.72544090263545513153076171875">
        <ele>8</ele>
        <time>2020-10-29T03:42:07.000Z</time>
        <extensions>
          <ns3:TrackPointExtension/>
        </extensions>
      </trkpt>
      <trkpt lat="32.07321929745376110076904296875" lon="118.7254485301673412322998046875">
        <ele>8.19999980926513671875</ele>
        <time>2020-10-29T03:42:08.000Z</time>
        <extensions>
          <ns3:TrackPointExtension/>
        </extensions>
      </trkpt>
      <trkpt lat="32.07324980758130550384521484375" lon="118.7254485301673412322998046875">
        <ele>8</ele>
        <time>2020-10-29T03:42:09.000Z</time>
        <extensions>
          <ns3:TrackPointExtension/>
        </extensions>
      </trkpt>
      <trkpt lat="32.07328031770884990692138671875" lon="118.7254485301673412322998046875">
        <ele>8</ele>
        <time>2020-10-29T03:42:10.000Z</time>
        <extensions>
          <ns3:TrackPointExtension>
            <ns3:hr>169</ns3:hr>
          </ns3:TrackPointExtension>
        </extensions>
      </trkpt>
      <trkpt lat="32.07331082783639430999755859375" lon="118.72545615769922733306884765625">
        <ele>8</ele>
        <time>2020-10-29T03:42:11.000Z</time>
        <extensions>
          <ns3:TrackPointExtension/>
        </extensions>
      </trkpt>
      <trkpt lat="32.07334133796393871307373046875" lon="118.72545615769922733306884765625">
        <ele>7.80000019073486328125</ele>
        <time>2020-10-29T03:42:12.000Z</time>
        <extensions>
          <ns3:TrackPointExtension/>
        </extensions>
      </trkpt>
      <trkpt lat="32.07337184809148311614990234375" lon="118.725463785231113433837890625">
        <ele>7.80000019073486328125</ele>
        <time>2020-10-29T03:42:13.000Z</time>
        <extensions>
          <ns3:TrackPointExtension/>
        </extensions>
      </trkpt>
      <trkpt lat="32.07340235821902751922607421875" lon="118.725463785231113433837890625">
        <ele>7.80000019073486328125</ele>
        <time>2020-10-29T03:42:14.000Z</time>
        <extensions>
          <ns3:TrackPointExtension/>
        </extensions>
      </trkpt>
      <trkpt lat="32.07343286834657192230224609375" lon="118.725463785231113433837890625">
        <ele>7.80000019073486328125</ele>
        <time>2020-10-29T03:42:15.000Z</time>
        <extensions>
          <ns3:TrackPointExtension>
            <ns3:hr>168</ns3:hr>
          </ns3:TrackPointExtension>
        </extensions>
      </trkpt>
      <trkpt lat="32.07346337847411632537841796875" lon="118.72547149658203125">
        <ele>8</ele>
        <time>2020-10-29T03:42:16.000Z</time>
        <extensions>
          <ns3:TrackPointExtension/>
        </extensions>
      </trkpt>
      <trkpt lat="32.07349388860166072845458984375" lon="118.72547149658203125">
        <ele>8</ele>
        <time>2020-10-29T03:42:17.000Z</time>
        <extensions>
          <ns3:TrackPointExtension/>
        </extensions>
      </trkpt>
      <trkpt lat="32.07352439872920513153076171875" lon="118.72547149658203125">
        <ele>8</ele>
        <time>2020-10-29T03:42:18.000Z</time>
        <extensions>
          <ns3:TrackPointExtension/>
        </extensions>
      </trkpt>
      <trkpt lat="32.07355499267578125" lon="118.72547149658203125">
        <ele>8</ele>
        <time>2020-10-29T03:42:19.000Z</time>
        <extensions>
          <ns3:TrackPointExtension/>
        </extensions>
      </trkpt>
      <trkpt lat="32.073585502803325653076171875" lon="118.72547149658203125">
        <ele>8</ele>
        <time>2020-10-29T03:42:20.000Z</time>
        <extensions>
          <ns3:TrackPointExtension>
            <ns3:hr>166</ns3:hr>
          </ns3:TrackPointExtension>
        </extensions>
      </trkpt>
      <trkpt lat="32.07361601293087005615234375" lon="118.72547912411391735076904296875">
        <ele>8</ele>
        <time>2020-10-29T03:42:21.000Z</time>
        <extensions>
          <ns3:TrackPointExtension/>
        </extensions>
      </trkpt>
      <trkpt lat="32.073646523058414459228515625" lon="118.72547912411391735076904296875">
        <ele>8</ele>
        <time>2020-10-29T03:42:22.000Z</time>
        <extensions>
          <ns3:TrackPointExtension/>
        </extensions>
      </trkpt>
      <trkpt lat="32.0736770331859588623046875" lon="118.7254867516458034515380859375">
        <ele>8</ele>
        <time>2020-10-29T03:42:23.000Z</time>
        <extensions>
          <ns3:TrackPointExtension/>
        </extensions>
      </trkpt>
      <trkpt lat="32.073707543313503265380859375" lon="118.7254867516458034515380859375">
        <ele>7.80000019073486328125</ele>
        <time>2020-10-29T03:42:24.000Z</time>
        <extensions>
          <ns3:TrackPointExtension/>
        </extensions>
      </trkpt>
      <trkpt lat="32.07373805344104766845703125" lon="118.7254867516458034515380859375">
        <ele>7.599999904632568359375</ele>
        <time>2020-10-29T03:42:25.000Z</time>
        <extensions>
          <ns3:TrackPointExtension>
            <ns3:hr>168</ns3:hr>
          </ns3:TrackPointExtension>
        </extensions>
      </trkpt>
      <trkpt lat="32.073768563568592071533203125" lon="118.72549437917768955230712890625">
        <ele>7.599999904632568359375</ele>
        <time>2020-10-29T03:42:26.000Z</time>
        <extensions>
          <ns3:TrackPointExtension/>
        </extensions>
      </trkpt>
      <trkpt lat="32.073799073696136474609375" lon="118.72549437917768955230712890625">
        <ele>7.80000019073486328125</ele>
        <time>2020-10-29T03:42:27.000Z</time>
        <extensions>
          <ns3:TrackPointExtension/>
        </extensions>
      </trkpt>
      <trkpt lat="32.073829583823680877685546875" lon="118.725502006709575653076171875">
        <ele>8</ele>
        <time>2020-10-29T03:42:28.000Z</time>
        <extensions>
          <ns3:TrackPointExtension/>
        </extensions>
      </trkpt>
      <trkpt lat="32.07386009395122528076171875" lon="118.725502006709575653076171875">
        <ele>8</ele>
        <time>2020-10-29T03:42:29.000Z</time>
        <extensions>
          <ns3:TrackPointExtension/>
        </extensions>
      </trkpt>
      <trkpt lat="32.073890604078769683837890625" lon="118.725502006709575653076171875">
        <ele>8.19999980926513671875</ele>
        <time>2020-10-29T03:42:30.000Z</time>
        <extensions>
          <ns3:TrackPointExtension>
            <ns3:hr>166</ns3:hr>
            <ns3:cad>78</ns3:cad>
          </ns3:TrackPointExtension>
        </extensions>
      </trkpt>
      <trkpt lat="32.07392119802534580230712890625" lon="118.725502006709575653076171875">
        <ele>8.19999980926513671875</ele>
        <time>2020-10-29T03:42:31.000Z</time>
        <extensions>
          <ns3:TrackPointExtension/>
        </extensions>
      </trkpt>
      <trkpt lat="32.0739554800093173980712890625" lon="118.725502006709575653076171875">
        <ele>8.3999996185302734375</ele>
        <time>2020-10-29T03:42:32.000Z</time>
        <extensions>
          <ns3:TrackPointExtension/>
        </extensions>
      </trkpt>
      <trkpt lat="32.0739859901368618011474609375" lon="118.725502006709575653076171875">
        <ele>8.6000003814697265625</ele>
        <time>2020-10-29T03:42:33.000Z</time>
        <extensions>
          <ns3:TrackPointExtension/>
        </extensions>
      </trkpt>
      <trkpt lat="32.0740203559398651123046875" lon="118.725502006709575653076171875">
        <ele>8.6000003814697265625</ele>
        <time>2020-10-29T03:42:34.000Z</time>
        <extensions>
          <ns3:TrackPointExtension/>
        </extensions>
      </trkpt>
      <trkpt lat="32.074050866067409515380859375" lon="118.72549437917768955230712890625">
        <ele>8.6000003814697265625</ele>
        <time>2020-10-29T03:42:35.000Z</time>
        <extensions>
          <ns3:TrackPointExtension>
            <ns3:hr>167</ns3:hr>
          </ns3:TrackPointExtension>
        </extensions>
      </trkpt>
      <trkpt lat="32.0740852318704128265380859375" lon="118.72549437917768955230712890625">
        <ele>8.80000019073486328125</ele>
        <time>2020-10-29T03:42:36.000Z</time>
        <extensions>
          <ns3:TrackPointExtension/>
        </extensions>
      </trkpt>
      <trkpt lat="32.07411951385438442230224609375" lon="118.72549437917768955230712890625">
        <ele>9</ele>
        <time>2020-10-29T03:42:37.000Z</time>
        <extensions>
          <ns3:TrackPointExtension/>
        </extensions>
      </trkpt>
      <trkpt lat="32.07415002398192882537841796875" lon="118.7254867516458034515380859375">
        <ele>9</ele>
        <time>2020-10-29T03:42:38.000Z</time>
        <extensions>
          <ns3:TrackPointExtension/>
        </extensions>
      </trkpt>
      <trkpt lat="32.07418438978493213653564453125" lon="118.7254867516458034515380859375">
        <ele>9</ele>
        <time>2020-10-29T03:42:39.000Z</time>
        <extensions>
          <ns3:TrackPointExtension/>
        </extensions>
      </trkpt>
      <trkpt lat="32.07421489991247653961181640625" lon="118.7254867516458034515380859375">
        <ele>9.19999980926513671875</ele>
        <time>2020-10-29T03:42:40.000Z</time>
        <extensions>
          <ns3:TrackPointExtension>
            <ns3:hr>165</ns3:hr>
          </ns3:TrackPointExtension>
        </extensions>
      </trkpt>
      <trkpt lat="32.07424926571547985076904296875" lon="118.72547912411391735076904296875">
        <ele>9.3999996185302734375</ele>
        <time>2020-10-29T03:42:41.000Z</time>
        <extensions>
          <ns3:TrackPointExtension/>
        </extensions>
      </trkpt>
      <trkpt lat="32.07427977584302425384521484375" lon="118.72547912411391735076904296875">
        <ele>9.6000003814697265625</ele>
        <time>2020-10-29T03:42:42.000Z</time>
        <extensions>
          <ns3:TrackPointExtension/>
        </extensions>
      </trkpt>
      <trkpt lat="32.074314057826995849609375" lon="118.72547149658203125">
        <ele>9.80000019073486328125</ele>
        <time>2020-10-29T03:42:43.000Z</time>
        <extensions>
          <ns3:TrackPointExtension/>
        </extensions>
      </trkpt>
      <trkpt lat="32.074344567954540252685546875" lon="118.72547149658203125">
        <ele>10</ele>
        <time>2020-10-29T03:42:44.000Z</time>
        <extensions>
          <ns3:TrackPointExtension/>
        </extensions>
      </trkpt>
      <trkpt lat="32.07437507808208465576171875" lon="118.72547149658203125">
        <ele>10.19999980926513671875</ele>
        <time>2020-10-29T03:42:45.000Z</time>
        <extensions>
          <ns3:TrackPointExtension>
            <ns3:hr>166</ns3:hr>
          </ns3:TrackPointExtension>
        </extensions>
      </trkpt>
      <trkpt lat="32.0744094438850879669189453125" lon="118.72547149658203125">
        <ele>10.19999980926513671875</ele>
        <time>2020-10-29T03:42:46.000Z</time>
        <extensions>
          <ns3:TrackPointExtension/>
        </extensions>
      </trkpt>
      <trkpt lat="32.0744399540126323699951171875" lon="118.725463785231113433837890625">
        <ele>10.19999980926513671875</ele>
        <time>2020-10-29T03:42:47.000Z</time>
        <extensions>
          <ns3:TrackPointExtension/>
        </extensions>
      </trkpt>
      <trkpt lat="32.0744704641401767730712890625" lon="118.725463785231113433837890625">
        <ele>10.3999996185302734375</ele>
        <time>2020-10-29T03:42:48.000Z</time>
        <extensions>
          <ns3:TrackPointExtension/>
        </extensions>
      </trkpt>
      <trkpt lat="32.0745009742677211761474609375" lon="118.725463785231113433837890625">
        <ele>10.6000003814697265625</ele>
        <time>2020-10-29T03:42:49.000Z</time>
        <extensions>
          <ns3:TrackPointExtension/>
        </extensions>
      </trkpt>
      <trkpt lat="32.0745314843952655792236328125" lon="118.72545615769922733306884765625">
        <ele>10.6000003814697265625</ele>
        <time>2020-10-29T03:42:50.000Z</time>
        <extensions>
          <ns3:TrackPointExtension>
            <ns3:hr>167</ns3:hr>
          </ns3:TrackPointExtension>
        </extensions>
      </trkpt>
      <trkpt lat="32.0745619945228099822998046875" lon="118.72545615769922733306884765625">
        <ele>10.6000003814697265625</ele>
        <time>2020-10-29T03:42:51.000Z</time>
        <extensions>
          <ns3:TrackPointExtension/>
        </extensions>
      </trkpt>
      <trkpt lat="32.07459258846938610076904296875" lon="118.72545615769922733306884765625">
        <ele>10.80000019073486328125</ele>
        <time>2020-10-29T03:42:52.000Z</time>
        <extensions>
          <ns3:TrackPointExtension/>
        </extensions>
      </trkpt>
      <trkpt lat="32.07461924292147159576416015625" lon="118.7254485301673412322998046875">
        <ele>10.6000003814697265625</ele>
        <time>2020-10-29T03:42:53.000Z</time>
        <extensions>
          <ns3:TrackPointExtension/>
        </extensions>
      </trkpt>
      <trkpt lat="32.07464975304901599884033203125" lon="118.7254485301673412322998046875">
        <ele>10.3999996185302734375</ele>
        <time>2020-10-29T03:42:54.000Z</time>
        <extensions>
          <ns3:TrackPointExtension/>
        </extensions>
      </trkpt>
      <trkpt lat="32.07468026317656040191650390625" lon="118.72544090263545513153076171875">
        <ele>10.19999980926513671875</ele>
        <time>2020-10-29T03:42:55.000Z</time>
        <extensions>
          <ns3:TrackPointExtension>
            <ns3:hr>167</ns3:hr>
          </ns3:TrackPointExtension>
        </extensions>
      </trkpt>
      <trkpt lat="32.07471077330410480499267578125" lon="118.72544090263545513153076171875">
        <ele>10</ele>
        <time>2020-10-29T03:42:56.000Z</time>
        <extensions>
          <ns3:TrackPointExtension/>
        </extensions>
      </trkpt>
      <trkpt lat="32.07474128343164920806884765625" lon="118.72544090263545513153076171875">
        <ele>10</ele>
        <time>2020-10-29T03:42:57.000Z</time>
        <extensions>
          <ns3:TrackPointExtension/>
        </extensions>
      </trkpt>
      <trkpt lat="32.0747718773782253265380859375" lon="118.72543327510356903076171875">
        <ele>10</ele>
        <time>2020-10-29T03:42:58.000Z</time>
        <extensions>
          <ns3:TrackPointExtension/>
        </extensions>
      </trkpt>
      <trkpt lat="32.0748023875057697296142578125" lon="118.72543327510356903076171875">
        <ele>10</ele>
        <time>2020-10-29T03:42:59.000Z</time>
        <extensions>
          <ns3:TrackPointExtension/>
        </extensions>
      </trkpt>
      <trkpt lat="32.0748328976333141326904296875" lon="118.72543327510356903076171875">
        <ele>10</ele>
        <time>2020-10-29T03:43:00.000Z</time>
        <extensions>
          <ns3:TrackPointExtension>
            <ns3:hr>166</ns3:hr>
          </ns3:TrackPointExtension>
        </extensions>
      </trkpt>
      <trkpt lat="32.0748634077608585357666015625" lon="118.72543327510356903076171875">
        <ele>10</ele>
        <time>2020-10-29T03:43:01.000Z</time>
        <extensions>
          <ns3:TrackPointExtension/>
        </extensions>
      </trkpt>
      <trkpt lat="32.07489768974483013153076171875" lon="118.72542564757168292999267578125">
        <ele>9.80000019073486328125</ele>
        <time>2020-10-29T03:43:02.000Z</time>
        <extensions>
          <ns3:TrackPointExtension/>
        </extensions>
      </trkpt>
      <trkpt lat="32.07492828369140625" lon="118.72542564757168292999267578125">
        <ele>9.3999996185302734375</ele>
        <time>2020-10-29T03:43:03.000Z</time>
        <extensions>
          <ns3:TrackPointExtension/>
        </extensions>
      </trkpt>
      <trkpt lat="32.074958793818950653076171875" lon="118.72542564757168292999267578125">
        <ele>9.19999980926513671875</ele>
        <time>2020-10-29T03:43:04.000Z</time>
        <extensions>
          <ns3:TrackPointExtension/>
        </extensions>
      </trkpt>
      <trkpt lat="32.07499307580292224884033203125" lon="118.72542564757168292999267578125">
        <ele>8.80000019073486328125</ele>
        <time>2020-10-29T03:43:05.000Z</time>
        <extensions>
          <ns3:TrackPointExtension>
            <ns3:hr>168</ns3:hr>
          </ns3:TrackPointExtension>
        </extensions>
      </trkpt>
      <trkpt lat="32.07502358593046665191650390625" lon="118.72542564757168292999267578125">
        <ele>8.3999996185302734375</ele>
        <time>2020-10-29T03:43:06.000Z</time>
        <extensions>
          <ns3:TrackPointExtension/>
        </extensions>
      </trkpt>
      <trkpt lat="32.07505795173346996307373046875" lon="118.7254180200397968292236328125">
        <ele>8</ele>
        <time>2020-10-29T03:43:07.000Z</time>
        <extensions>
          <ns3:TrackPointExtension/>
        </extensions>
      </trkpt>
      <trkpt lat="32.075092233717441558837890625" lon="118.7254180200397968292236328125">
        <ele>7.80000019073486328125</ele>
        <time>2020-10-29T03:43:08.000Z</time>
        <extensions>
          <ns3:TrackPointExtension/>
        </extensions>
      </trkpt>
      <trkpt lat="32.0751265995204448699951171875" lon="118.7254180200397968292236328125">
        <ele>7.400000095367431640625</ele>
        <time>2020-10-29T03:43:09.000Z</time>
        <extensions>
          <ns3:TrackPointExtension/>
        </extensions>
      </trkpt>
      <trkpt lat="32.0751571096479892730712890625" lon="118.7254180200397968292236328125">
        <ele>7</ele>
        <time>2020-10-29T03:43:10.000Z</time>
        <extensions>
          <ns3:TrackPointExtension>
            <ns3:hr>168</ns3:hr>
          </ns3:TrackPointExtension>
        </extensions>
      </trkpt>
      <trkpt lat="32.075191475450992584228515625" lon="118.7254180200397968292236328125">
        <ele>6.80000019073486328125</ele>
        <time>2020-10-29T03:43:11.000Z</time>
        <extensions>
          <ns3:TrackPointExtension/>
        </extensions>
      </trkpt>
      <trkpt lat="32.07522575743496417999267578125" lon="118.72542564757168292999267578125">
        <ele>6.599999904632568359375</ele>
        <time>2020-10-29T03:43:12.000Z</time>
        <extensions>
          <ns3:TrackPointExtension/>
        </extensions>
      </trkpt>
      <trkpt lat="32.07526012323796749114990234375" lon="118.72542564757168292999267578125">
        <ele>6.400000095367431640625</ele>
        <time>2020-10-29T03:43:13.000Z</time>
        <extensions>
          <ns3:TrackPointExtension/>
        </extensions>
      </trkpt>
      <trkpt lat="32.07529063336551189422607421875" lon="118.72542564757168292999267578125">
        <ele>6.19999980926513671875</ele>
        <time>2020-10-29T03:43:14.000Z</time>
        <extensions>
          <ns3:TrackPointExtension/>
        </extensions>
      </trkpt>
      <trkpt lat="32.07532499916851520538330078125" lon="118.72542564757168292999267578125">
        <ele>6</ele>
        <time>2020-10-29T03:43:15.000Z</time>
        <extensions>
          <ns3:TrackPointExtension>
            <ns3:hr>166</ns3:hr>
          </ns3:TrackPointExtension>
        </extensions>
      </trkpt>
      <trkpt lat="32.07535550929605960845947265625" lon="118.72542564757168292999267578125">
        <ele>6</ele>
        <time>2020-10-29T03:43:16.000Z</time>
        <extensions>
          <ns3:TrackPointExtension/>
        </extensions>
      </trkpt>
      <trkpt lat="32.07538601942360401153564453125" lon="118.72543327510356903076171875">
        <ele>5.80000019073486328125</ele>
        <time>2020-10-29T03:43:17.000Z</time>
        <extensions>
          <ns3:TrackPointExtension/>
        </extensions>
      </trkpt>
      <trkpt lat="32.07541652955114841461181640625" lon="118.72543327510356903076171875">
        <ele>5.80000019073486328125</ele>
        <time>2020-10-29T03:43:18.000Z</time>
        <extensions>
          <ns3:TrackPointExtension/>
        </extensions>
      </trkpt>
      <trkpt lat="32.07544703967869281768798828125" lon="118.72543327510356903076171875">
        <ele>5.599999904632568359375</ele>
        <time>2020-10-29T03:43:19.000Z</time>
        <extensions>
          <ns3:TrackPointExtension/>
        </extensions>
      </trkpt>
      <trkpt lat="32.07547754980623722076416015625" lon="118.72544090263545513153076171875">
        <ele>5.599999904632568359375</ele>
        <time>2020-10-29T03:43:20.000Z</time>
        <extensions>
          <ns3:TrackPointExtension>
            <ns3:hr>168</ns3:hr>
          </ns3:TrackPointExtension>
        </extensions>
      </trkpt>
      <trkpt lat="32.07550805993378162384033203125" lon="118.72544090263545513153076171875">
        <ele>5.599999904632568359375</ele>
        <time>2020-10-29T03:43:21.000Z</time>
        <extensions>
          <ns3:TrackPointExtension/>
        </extensions>
      </trkpt>
      <trkpt lat="32.07553857006132602691650390625" lon="118.7254485301673412322998046875">
        <ele>5.599999904632568359375</ele>
        <time>2020-10-29T03:43:22.000Z</time>
        <extensions>
          <ns3:TrackPointExtension/>
        </extensions>
      </trkpt>
      <trkpt lat="32.07556908018887042999267578125" lon="118.7254485301673412322998046875">
        <ele>5.599999904632568359375</ele>
        <time>2020-10-29T03:43:23.000Z</time>
        <extensions>
          <ns3:TrackPointExtension/>
        </extensions>
      </trkpt>
      <trkpt lat="32.07559959031641483306884765625" lon="118.72545615769922733306884765625">
        <ele>5.400000095367431640625</ele>
        <time>2020-10-29T03:43:24.000Z</time>
        <extensions>
          <ns3:TrackPointExtension/>
        </extensions>
      </trkpt>
      <trkpt lat="32.07562632858753204345703125" lon="118.72545615769922733306884765625">
        <ele>5.400000095367431640625</ele>
        <time>2020-10-29T03:43:25.000Z</time>
        <extensions>
          <ns3:TrackPointExtension>
            <ns3:hr>166</ns3:hr>
          </ns3:TrackPointExtension>
        </extensions>
      </trkpt>
      <trkpt lat="32.075656838715076446533203125" lon="118.725463785231113433837890625">
        <ele>5.19999980926513671875</ele>
        <time>2020-10-29T03:43:26.000Z</time>
        <extensions>
          <ns3:TrackPointExtension/>
        </extensions>
      </trkpt>
      <trkpt lat="32.075687348842620849609375" lon="118.725463785231113433837890625">
        <ele>5.19999980926513671875</ele>
        <time>2020-10-29T03:43:27.000Z</time>
        <extensions>
          <ns3:TrackPointExtension/>
        </extensions>
      </trkpt>
      <trkpt lat="32.075717858970165252685546875" lon="118.72547149658203125">
        <ele>5</ele>
        <time>2020-10-29T03:43:28.000Z</time>
        <extensions>
          <ns3:TrackPointExtension/>
        </extensions>
      </trkpt>
      <trkpt lat="32.07574836909770965576171875" lon="118.72547149658203125">
        <ele>5</ele>
        <time>2020-10-29T03:43:29.000Z</time>
        <extensions>
          <ns3:TrackPointExtension/>
        </extensions>
      </trkpt>
      <trkpt lat="32.0757827349007129669189453125" lon="118.72547912411391735076904296875">
        <ele>5</ele>
        <time>2020-10-29T03:43:30.000Z</time>
        <extensions>
          <ns3:TrackPointExtension>
            <ns3:hr>166</ns3:hr>
            <ns3:cad>79</ns3:cad>
          </ns3:TrackPointExtension>
        </extensions>
      </trkpt>
      <trkpt lat="32.0758132450282573699951171875" lon="118.72547912411391735076904296875">
        <ele>5</ele>
        <time>2020-10-29T03:43:31.000Z</time>
        <extensions>
          <ns3:TrackPointExtension/>
        </extensions>
      </trkpt>
      <trkpt lat="32.0758437551558017730712890625" lon="118.7254867516458034515380859375">
        <ele>5</ele>
        <time>2020-10-29T03:43:32.000Z</time>
        <extensions>
          <ns3:TrackPointExtension/>
        </extensions>
      </trkpt>
      <trkpt lat="32.075878120958805084228515625" lon="118.7254867516458034515380859375">
        <ele>5</ele>
        <time>2020-10-29T03:43:33.000Z</time>
        <extensions>
          <ns3:TrackPointExtension/>
        </extensions>
      </trkpt>
      <trkpt lat="32.0759086310863494873046875" lon="118.7254867516458034515380859375">
        <ele>5</ele>
        <time>2020-10-29T03:43:34.000Z</time>
        <extensions>
          <ns3:TrackPointExtension/>
        </extensions>
      </trkpt>
      <trkpt lat="32.075939141213893890380859375" lon="118.7254867516458034515380859375">
        <ele>5</ele>
        <time>2020-10-29T03:43:35.000Z</time>
        <extensions>
          <ns3:TrackPointExtension>
            <ns3:hr>165</ns3:hr>
          </ns3:TrackPointExtension>
        </extensions>
      </trkpt>
      <trkpt lat="32.0759735070168972015380859375" lon="118.72549437917768955230712890625">
        <ele>5</ele>
        <time>2020-10-29T03:43:36.000Z</time>
        <extensions>
          <ns3:TrackPointExtension/>
        </extensions>
      </trkpt>
      <trkpt lat="32.0760040171444416046142578125" lon="118.72549437917768955230712890625">
        <ele>5.19999980926513671875</ele>
        <time>2020-10-29T03:43:37.000Z</time>
        <extensions>
          <ns3:TrackPointExtension/>
        </extensions>
      </trkpt>
      <trkpt lat="32.07603829912841320037841796875" lon="118.72549437917768955230712890625">
        <ele>5.400000095367431640625</ele>
        <time>2020-10-29T03:43:38.000Z</time>
        <extensions>
          <ns3:TrackPointExtension/>
        </extensions>
      </trkpt>
      <trkpt lat="32.07606880925595760345458984375" lon="118.725502006709575653076171875">
        <ele>5.80000019073486328125</ele>
        <time>2020-10-29T03:43:39.000Z</time>
        <extensions>
          <ns3:TrackPointExtension/>
        </extensions>
      </trkpt>
      <trkpt lat="32.07609931938350200653076171875" lon="118.725502006709575653076171875">
        <ele>6.19999980926513671875</ele>
        <time>2020-10-29T03:43:40.000Z</time>
        <extensions>
          <ns3:TrackPointExtension>
            <ns3:hr>166</ns3:hr>
          </ns3:TrackPointExtension>
        </extensions>
      </trkpt>
      <trkpt lat="32.076129913330078125" lon="118.725502006709575653076171875">
        <ele>6.400000095367431640625</ele>
        <time>2020-10-29T03:43:41.000Z</time>
        <extensions>
          <ns3:TrackPointExtension/>
        </extensions>
      </trkpt>
      <trkpt lat="32.076160423457622528076171875" lon="118.72550963424146175384521484375">
        <ele>6.80000019073486328125</ele>
        <time>2020-10-29T03:43:42.000Z</time>
        <extensions>
          <ns3:TrackPointExtension/>
        </extensions>
      </trkpt>
      <trkpt lat="32.07619093358516693115234375" lon="118.72550963424146175384521484375">
        <ele>7</ele>
        <time>2020-10-29T03:43:43.000Z</time>
        <extensions>
          <ns3:TrackPointExtension/>
        </extensions>
      </trkpt>
      <trkpt lat="32.0762175880372524261474609375" lon="118.7255172617733478546142578125">
        <ele>7</ele>
        <time>2020-10-29T03:43:44.000Z</time>
        <extensions>
          <ns3:TrackPointExtension/>
        </extensions>
      </trkpt>
      <trkpt lat="32.07624432630836963653564453125" lon="118.7255172617733478546142578125">
        <ele>7.19999980926513671875</ele>
        <time>2020-10-29T03:43:45.000Z</time>
        <extensions>
          <ns3:TrackPointExtension>
            <ns3:hr>168</ns3:hr>
          </ns3:TrackPointExtension>
        </extensions>
      </trkpt>
      <trkpt lat="32.07627098076045513153076171875" lon="118.72552488930523395538330078125">
        <ele>7.400000095367431640625</ele>
        <time>2020-10-29T03:43:46.000Z</time>
        <extensions>
          <ns3:TrackPointExtension/>
        </extensions>
      </trkpt>
      <trkpt lat="32.0762977190315723419189453125" lon="118.72552488930523395538330078125">
        <ele>7.400000095367431640625</ele>
        <time>2020-10-29T03:43:47.000Z</time>
        <extensions>
          <ns3:TrackPointExtension/>
        </extensions>
      </trkpt>
      <trkpt lat="32.07632445730268955230712890625" lon="118.72553251683712005615234375">
        <ele>7.599999904632568359375</ele>
        <time>2020-10-29T03:43:48.000Z</time>
        <extensions>
          <ns3:TrackPointExtension/>
        </extensions>
      </trkpt>
      <trkpt lat="32.0763473398983478546142578125" lon="118.72553251683712005615234375">
        <ele>7.599999904632568359375</ele>
        <time>2020-10-29T03:43:49.000Z</time>
        <extensions>
          <ns3:TrackPointExtension/>
        </extensions>
      </trkpt>
      <trkpt lat="32.07637022249400615692138671875" lon="118.72553251683712005615234375">
        <ele>7.80000019073486328125</ele>
        <time>2020-10-29T03:43:50.000Z</time>
        <extensions>
          <ns3:TrackPointExtension>
            <ns3:hr>169</ns3:hr>
          </ns3:TrackPointExtension>
        </extensions>
      </trkpt>
      <trkpt lat="32.0763892494142055511474609375" lon="118.72553251683712005615234375">
        <ele>7.80000019073486328125</ele>
        <time>2020-10-29T03:43:51.000Z</time>
        <extensions>
          <ns3:TrackPointExtension/>
        </extensions>
      </trkpt>
      <trkpt lat="32.07641213200986385345458984375" lon="118.72553251683712005615234375">
        <ele>7.80000019073486328125</ele>
        <time>2020-10-29T03:43:52.000Z</time>
        <extensions>
          <ns3:TrackPointExtension/>
        </extensions>
      </trkpt>
      <trkpt lat="32.07643124274909496307373046875" lon="118.72553251683712005615234375">
        <ele>8</ele>
        <time>2020-10-29T03:43:53.000Z</time>
        <extensions>
          <ns3:TrackPointExtension/>
        </extensions>
      </trkpt>
      <trkpt lat="32.07644649781286716461181640625" lon="118.72553251683712005615234375">
        <ele>8</ele>
        <time>2020-10-29T03:43:54.000Z</time>
        <extensions>
          <ns3:TrackPointExtension/>
        </extensions>
      </trkpt>
      <trkpt lat="32.07646175287663936614990234375" lon="118.72554014436900615692138671875">
        <ele>8.19999980926513671875</ele>
        <time>2020-10-29T03:43:55.000Z</time>
        <extensions>
          <ns3:TrackPointExtension>
            <ns3:hr>165</ns3:hr>
          </ns3:TrackPointExtension>
        </extensions>
      </trkpt>
      <trkpt lat="32.076473236083984375" lon="118.72554014436900615692138671875">
        <ele>8.19999980926513671875</ele>
        <time>2020-10-29T03:43:56.000Z</time>
        <extensions>
          <ns3:TrackPointExtension/>
        </extensions>
      </trkpt>
      <trkpt lat="32.07648463547229766845703125" lon="118.7255477719008922576904296875">
        <ele>8.19999980926513671875</ele>
        <time>2020-10-29T03:43:57.000Z</time>
        <extensions>
          <ns3:TrackPointExtension/>
        </extensions>
      </trkpt>
      <trkpt lat="32.0764884911477565765380859375" lon="118.7255477719008922576904296875">
        <ele>8.19999980926513671875</ele>
        <time>2020-10-29T03:43:58.000Z</time>
        <extensions>
          <ns3:TrackPointExtension/>
        </extensions>
      </trkpt>
      <trkpt lat="32.0764884911477565765380859375" lon="118.72555539943277835845947265625">
        <ele>8.3999996185302734375</ele>
        <time>2020-10-29T03:43:59.000Z</time>
        <extensions>
          <ns3:TrackPointExtension/>
        </extensions>
      </trkpt>
      <trkpt lat="32.0764884911477565765380859375" lon="118.725563026964664459228515625">
        <ele>8.3999996185302734375</ele>
        <time>2020-10-29T03:44:00.000Z</time>
        <extensions>
          <ns3:TrackPointExtension>
            <ns3:hr>168</ns3:hr>
          </ns3:TrackPointExtension>
        </extensions>
      </trkpt>
      <trkpt lat="32.07648086361587047576904296875" lon="118.725563026964664459228515625">
        <ele>8.3999996185302734375</ele>
        <time>2020-10-29T03:44:01.000Z</time>
        <extensions>
          <ns3:TrackPointExtension/>
        </extensions>
      </trkpt>
      <trkpt lat="32.076473236083984375" lon="118.72557065449655055999755859375">
        <ele>8.3999996185302734375</ele>
        <time>2020-10-29T03:44:02.000Z</time>
        <extensions>
          <ns3:TrackPointExtension/>
        </extensions>
      </trkpt>
      <trkpt lat="32.07646175287663936614990234375" lon="118.7255782820284366607666015625">
        <ele>8.3999996185302734375</ele>
        <time>2020-10-29T03:44:03.000Z</time>
        <extensions>
          <ns3:TrackPointExtension/>
        </extensions>
      </trkpt>
      <trkpt lat="32.07644264213740825653076171875" lon="118.7255782820284366607666015625">
        <ele>8.3999996185302734375</ele>
        <time>2020-10-29T03:44:04.000Z</time>
        <extensions>
          <ns3:TrackPointExtension/>
        </extensions>
      </trkpt>
      <trkpt lat="32.0764236152172088623046875" lon="118.72558590956032276153564453125">
        <ele>8.3999996185302734375</ele>
        <time>2020-10-29T03:44:05.000Z</time>
        <extensions>
          <ns3:TrackPointExtension>
            <ns3:hr>164</ns3:hr>
          </ns3:TrackPointExtension>
        </extensions>
      </trkpt>
      <trkpt lat="32.07640073262155055999755859375" lon="118.72558590956032276153564453125">
        <ele>8.19999980926513671875</ele>
        <time>2020-10-29T03:44:06.000Z</time>
        <extensions>
          <ns3:TrackPointExtension/>
        </extensions>
      </trkpt>
      <trkpt lat="32.076373994350433349609375" lon="118.72558590956032276153564453125">
        <ele>8.19999980926513671875</ele>
        <time>2020-10-29T03:44:07.000Z</time>
        <extensions>
          <ns3:TrackPointExtension/>
        </extensions>
      </trkpt>
      <trkpt lat="32.0763473398983478546142578125" lon="118.72558590956032276153564453125">
        <ele>8</ele>
        <time>2020-10-29T03:44:08.000Z</time>
        <extensions>
          <ns3:TrackPointExtension/>
        </extensions>
      </trkpt>
      <trkpt lat="32.07632060162723064422607421875" lon="118.72558590956032276153564453125">
        <ele>8</ele>
        <time>2020-10-29T03:44:09.000Z</time>
        <extensions>
          <ns3:TrackPointExtension/>
        </extensions>
      </trkpt>
      <trkpt lat="32.07629009149968624114990234375" lon="118.72558590956032276153564453125">
        <ele>7.80000019073486328125</ele>
        <time>2020-10-29T03:44:10.000Z</time>
        <extensions>
          <ns3:TrackPointExtension>
            <ns3:hr>168</ns3:hr>
          </ns3:TrackPointExtension>
        </extensions>
      </trkpt>
      <trkpt lat="32.07625958137214183807373046875" lon="118.72558590956032276153564453125">
        <ele>7.80000019073486328125</ele>
        <time>2020-10-29T03:44:11.000Z</time>
        <extensions>
          <ns3:TrackPointExtension/>
        </extensions>
      </trkpt>
      <trkpt lat="32.07622521556913852691650390625" lon="118.72558590956032276153564453125">
        <ele>7.599999904632568359375</ele>
        <time>2020-10-29T03:44:12.000Z</time>
        <extensions>
          <ns3:TrackPointExtension/>
        </extensions>
      </trkpt>
      <trkpt lat="32.07619093358516693115234375" lon="118.72558590956032276153564453125">
        <ele>7.19999980926513671875</ele>
        <time>2020-10-29T03:44:13.000Z</time>
        <extensions>
          <ns3:TrackPointExtension/>
        </extensions>
      </trkpt>
      <trkpt lat="32.0761565677821636199951171875" lon="118.72558590956032276153564453125">
        <ele>6.80000019073486328125</ele>
        <time>2020-10-29T03:44:14.000Z</time>
        <extensions>
          <ns3:TrackPointExtension/>
        </extensions>
      </trkpt>
      <trkpt lat="32.076122201979160308837890625" lon="118.7255782820284366607666015625">
        <ele>6.400000095367431640625</ele>
        <time>2020-10-29T03:44:15.000Z</time>
        <extensions>
          <ns3:TrackPointExtension>
            <ns3:hr>167</ns3:hr>
          </ns3:TrackPointExtension>
        </extensions>
      </trkpt>
      <trkpt lat="32.07608406431972980499267578125" lon="118.7255782820284366607666015625">
        <ele>6</ele>
        <time>2020-10-29T03:44:16.000Z</time>
        <extensions>
          <ns3:TrackPointExtension/>
        </extensions>
      </trkpt>
      <trkpt lat="32.076049782335758209228515625" lon="118.7255782820284366607666015625">
        <ele>5.599999904632568359375</ele>
        <time>2020-10-29T03:44:17.000Z</time>
        <extensions>
          <ns3:TrackPointExtension/>
        </extensions>
      </trkpt>
      <trkpt lat="32.07601164467632770538330078125" lon="118.72557065449655055999755859375">
        <ele>5.19999980926513671875</ele>
        <time>2020-10-29T03:44:18.000Z</time>
        <extensions>
          <ns3:TrackPointExtension/>
        </extensions>
      </trkpt>
      <trkpt lat="32.0759735070168972015380859375" lon="118.72557065449655055999755859375">
        <ele>5</ele>
        <time>2020-10-29T03:44:19.000Z</time>
        <extensions>
          <ns3:TrackPointExtension/>
        </extensions>
      </trkpt>
      <trkpt lat="32.0759352855384349822998046875" lon="118.725563026964664459228515625">
        <ele>5</ele>
        <time>2020-10-29T03:44:20.000Z</time>
        <extensions>
          <ns3:TrackPointExtension>
            <ns3:hr>165</ns3:hr>
          </ns3:TrackPointExtension>
        </extensions>
      </trkpt>
      <trkpt lat="32.07590100355446338653564453125" lon="118.725563026964664459228515625">
        <ele>5</ele>
        <time>2020-10-29T03:44:21.000Z</time>
        <extensions>
          <ns3:TrackPointExtension/>
        </extensions>
      </trkpt>
      <trkpt lat="32.0758628658950328826904296875" lon="118.725563026964664459228515625">
        <ele>5</ele>
        <time>2020-10-29T03:44:22.000Z</time>
        <extensions>
          <ns3:TrackPointExtension/>
        </extensions>
      </trkpt>
      <trkpt lat="32.07582472823560237884521484375" lon="118.72555539943277835845947265625">
        <ele>5</ele>
        <time>2020-10-29T03:44:23.000Z</time>
        <extensions>
          <ns3:TrackPointExtension/>
        </extensions>
      </trkpt>
      <trkpt lat="32.075786590576171875" lon="118.72555539943277835845947265625">
        <ele>5</ele>
        <time>2020-10-29T03:44:24.000Z</time>
        <extensions>
          <ns3:TrackPointExtension/>
        </extensions>
      </trkpt>
      <trkpt lat="32.0757522247731685638427734375" lon="118.72555539943277835845947265625">
        <ele>5</ele>
        <time>2020-10-29T03:44:25.000Z</time>
        <extensions>
          <ns3:TrackPointExtension>
            <ns3:hr>165</ns3:hr>
          </ns3:TrackPointExtension>
        </extensions>
      </trkpt>
      <trkpt lat="32.07571408711373805999755859375" lon="118.72555539943277835845947265625">
        <ele>5</ele>
        <time>2020-10-29T03:44:26.000Z</time>
        <extensions>
          <ns3:TrackPointExtension/>
        </extensions>
      </trkpt>
      <trkpt lat="32.07567972131073474884033203125" lon="118.7255477719008922576904296875">
        <ele>5.19999980926513671875</ele>
        <time>2020-10-29T03:44:27.000Z</time>
        <extensions>
          <ns3:TrackPointExtension/>
        </extensions>
      </trkpt>
      <trkpt lat="32.075645439326763153076171875" lon="118.7255477719008922576904296875">
        <ele>5.19999980926513671875</ele>
        <time>2020-10-29T03:44:28.000Z</time>
        <extensions>
          <ns3:TrackPointExtension/>
        </extensions>
      </trkpt>
      <trkpt lat="32.0756110735237598419189453125" lon="118.7255477719008922576904296875">
        <ele>5.19999980926513671875</ele>
        <time>2020-10-29T03:44:29.000Z</time>
        <extensions>
          <ns3:TrackPointExtension/>
        </extensions>
      </trkpt>
      <trkpt lat="32.07557670772075653076171875" lon="118.72554014436900615692138671875">
        <ele>5.19999980926513671875</ele>
        <time>2020-10-29T03:44:30.000Z</time>
        <extensions>
          <ns3:TrackPointExtension>
            <ns3:hr>168</ns3:hr>
            <ns3:cad>78</ns3:cad>
          </ns3:TrackPointExtension>
        </extensions>
      </trkpt>
      <trkpt lat="32.07554242573678493499755859375" lon="118.72554014436900615692138671875">
        <ele>5.19999980926513671875</ele>
        <time>2020-10-29T03:44:31.000Z</time>
        <extensions>
          <ns3:TrackPointExtension/>
        </extensions>
      </trkpt>
      <trkpt lat="32.07550805993378162384033203125" lon="118.72553251683712005615234375">
        <ele>5.400000095367431640625</ele>
        <time>2020-10-29T03:44:32.000Z</time>
        <extensions>
          <ns3:TrackPointExtension/>
        </extensions>
      </trkpt>
      <trkpt lat="32.075473777949810028076171875" lon="118.72553251683712005615234375">
        <ele>5.400000095367431640625</ele>
        <time>2020-10-29T03:44:33.000Z</time>
        <extensions>
          <ns3:TrackPointExtension/>
        </extensions>
      </trkpt>
      <trkpt lat="32.0754394121468067169189453125" lon="118.72552488930523395538330078125">
        <ele>5.400000095367431640625</ele>
        <time>2020-10-29T03:44:34.000Z</time>
        <extensions>
          <ns3:TrackPointExtension/>
        </extensions>
      </trkpt>
      <trkpt lat="32.07540504634380340576171875" lon="118.7255172617733478546142578125">
        <ele>5.400000095367431640625</ele>
        <time>2020-10-29T03:44:35.000Z</time>
        <extensions>
          <ns3:TrackPointExtension>
            <ns3:hr>168</ns3:hr>
          </ns3:TrackPointExtension>
        </extensions>
      </trkpt>
      <trkpt lat="32.07537076435983180999755859375" lon="118.7255172617733478546142578125">
        <ele>5.599999904632568359375</ele>
        <time>2020-10-29T03:44:36.000Z</time>
        <extensions>
          <ns3:TrackPointExtension/>
        </extensions>
      </trkpt>
      <trkpt lat="32.07534025423228740692138671875" lon="118.72550963424146175384521484375">
        <ele>5.80000019073486328125</ele>
        <time>2020-10-29T03:44:37.000Z</time>
        <extensions>
          <ns3:TrackPointExtension/>
        </extensions>
      </trkpt>
      <trkpt lat="32.07530588842928409576416015625" lon="118.725502006709575653076171875">
        <ele>6</ele>
        <time>2020-10-29T03:44:38.000Z</time>
        <extensions>
          <ns3:TrackPointExtension/>
        </extensions>
      </trkpt>
      <trkpt lat="32.0752716064453125" lon="118.725502006709575653076171875">
        <ele>6.19999980926513671875</ele>
        <time>2020-10-29T03:44:39.000Z</time>
        <extensions>
          <ns3:TrackPointExtension/>
        </extensions>
      </trkpt>
      <trkpt lat="32.0752372406423091888427734375" lon="118.72549437917768955230712890625">
        <ele>6.400000095367431640625</ele>
        <time>2020-10-29T03:44:40.000Z</time>
        <extensions>
          <ns3:TrackPointExtension>
            <ns3:hr>165</ns3:hr>
          </ns3:TrackPointExtension>
        </extensions>
      </trkpt>
      <trkpt lat="32.075202874839305877685546875" lon="118.7254867516458034515380859375">
        <ele>6.599999904632568359375</ele>
        <time>2020-10-29T03:44:41.000Z</time>
        <extensions>
          <ns3:TrackPointExtension/>
        </extensions>
      </trkpt>
      <trkpt lat="32.07516859285533428192138671875" lon="118.7254867516458034515380859375">
        <ele>7</ele>
        <time>2020-10-29T03:44:42.000Z</time>
        <extensions>
          <ns3:TrackPointExtension/>
        </extensions>
      </trkpt>
      <trkpt lat="32.07513422705233097076416015625" lon="118.72547912411391735076904296875">
        <ele>7.19999980926513671875</ele>
        <time>2020-10-29T03:44:43.000Z</time>
        <extensions>
          <ns3:TrackPointExtension/>
        </extensions>
      </trkpt>
      <trkpt lat="32.075099945068359375" lon="118.72547149658203125">
        <ele>7.599999904632568359375</ele>
        <time>2020-10-29T03:44:44.000Z</time>
        <extensions>
          <ns3:TrackPointExtension/>
        </extensions>
      </trkpt>
      <trkpt lat="32.0750655792653560638427734375" lon="118.72547149658203125">
        <ele>8</ele>
        <time>2020-10-29T03:44:45.000Z</time>
        <extensions>
          <ns3:TrackPointExtension>
            <ns3:hr>164</ns3:hr>
          </ns3:TrackPointExtension>
        </extensions>
      </trkpt>
      <trkpt lat="32.075031213462352752685546875" lon="118.725463785231113433837890625">
        <ele>8.3999996185302734375</ele>
        <time>2020-10-29T03:44:46.000Z</time>
        <extensions>
          <ns3:TrackPointExtension/>
        </extensions>
      </trkpt>
      <trkpt lat="32.07499693147838115692138671875" lon="118.725463785231113433837890625">
        <ele>8.80000019073486328125</ele>
        <time>2020-10-29T03:44:47.000Z</time>
        <extensions>
          <ns3:TrackPointExtension/>
        </extensions>
      </trkpt>
      <trkpt lat="32.07496256567537784576416015625" lon="118.72545615769922733306884765625">
        <ele>9.19999980926513671875</ele>
        <time>2020-10-29T03:44:48.000Z</time>
        <extensions>
          <ns3:TrackPointExtension/>
        </extensions>
      </trkpt>
      <trkpt lat="32.07493205554783344268798828125" lon="118.72545615769922733306884765625">
        <ele>9.3999996185302734375</ele>
        <time>2020-10-29T03:44:49.000Z</time>
        <extensions>
          <ns3:TrackPointExtension/>
        </extensions>
      </trkpt>
      <trkpt lat="32.07489768974483013153076171875" lon="118.7254485301673412322998046875">
        <ele>9.80000019073486328125</ele>
        <time>2020-10-29T03:44:50.000Z</time>
        <extensions>
          <ns3:TrackPointExtension>
            <ns3:hr>167</ns3:hr>
          </ns3:TrackPointExtension>
        </extensions>
      </trkpt>
      <trkpt lat="32.0748634077608585357666015625" lon="118.7254485301673412322998046875">
        <ele>10</ele>
        <time>2020-10-29T03:44:51.000Z</time>
        <extensions>
          <ns3:TrackPointExtension/>
        </extensions>
      </trkpt>
      <trkpt lat="32.074829041957855224609375" lon="118.7254485301673412322998046875">
        <ele>10</ele>
        <time>2020-10-29T03:44:52.000Z</time>
        <extensions>
          <ns3:TrackPointExtension/>
        </extensions>
      </trkpt>
      <trkpt lat="32.07479475997388362884521484375" lon="118.72544090263545513153076171875">
        <ele>10</ele>
        <time>2020-10-29T03:44:53.000Z</time>
        <extensions>
          <ns3:TrackPointExtension/>
        </extensions>
      </trkpt>
      <trkpt lat="32.07476039417088031768798828125" lon="118.72544090263545513153076171875">
        <ele>10</ele>
        <time>2020-10-29T03:44:54.000Z</time>
        <extensions>
          <ns3:TrackPointExtension/>
        </extensions>
      </trkpt>
      <trkpt lat="32.07472602836787700653076171875" lon="118.72544090263545513153076171875">
        <ele>10</ele>
        <time>2020-10-29T03:44:55.000Z</time>
        <extensions>
          <ns3:TrackPointExtension>
            <ns3:hr>166</ns3:hr>
          </ns3:TrackPointExtension>
        </extensions>
      </trkpt>
      <trkpt lat="32.0746917463839054107666015625" lon="118.72544090263545513153076171875">
        <ele>10</ele>
        <time>2020-10-29T03:44:56.000Z</time>
        <extensions>
          <ns3:TrackPointExtension/>
        </extensions>
      </trkpt>
      <trkpt lat="32.074657380580902099609375" lon="118.72544090263545513153076171875">
        <ele>10.3999996185302734375</ele>
        <time>2020-10-29T03:44:57.000Z</time>
        <extensions>
          <ns3:TrackPointExtension/>
        </extensions>
      </trkpt>
      <trkpt lat="32.07462309859693050384521484375" lon="118.72544090263545513153076171875">
        <ele>10.6000003814697265625</ele>
        <time>2020-10-29T03:44:58.000Z</time>
        <extensions>
          <ns3:TrackPointExtension/>
        </extensions>
      </trkpt>
      <trkpt lat="32.07458873279392719268798828125" lon="118.72543327510356903076171875">
        <ele>10.6000003814697265625</ele>
        <time>2020-10-29T03:44:59.000Z</time>
        <extensions>
          <ns3:TrackPointExtension/>
        </extensions>
      </trkpt>
      <trkpt lat="32.07455436699092388153076171875" lon="118.72543327510356903076171875">
        <ele>10.3999996185302734375</ele>
        <time>2020-10-29T03:45:00.000Z</time>
        <extensions>
          <ns3:TrackPointExtension>
            <ns3:hr>164</ns3:hr>
          </ns3:TrackPointExtension>
        </extensions>
      </trkpt>
      <trkpt lat="32.07452385686337947845458984375" lon="118.72543327510356903076171875">
        <ele>10.3999996185302734375</ele>
        <time>2020-10-29T03:45:01.000Z</time>
        <extensions>
          <ns3:TrackPointExtension/>
        </extensions>
      </trkpt>
      <trkpt lat="32.0744895748794078826904296875" lon="118.72543327510356903076171875">
        <ele>10.19999980926513671875</ele>
        <time>2020-10-29T03:45:02.000Z</time>
        <extensions>
          <ns3:TrackPointExtension/>
        </extensions>
      </trkpt>
      <trkpt lat="32.0744590647518634796142578125" lon="118.72543327510356903076171875">
        <ele>10.19999980926513671875</ele>
        <time>2020-10-29T03:45:03.000Z</time>
        <extensions>
          <ns3:TrackPointExtension/>
        </extensions>
      </trkpt>
      <trkpt lat="32.07442469894886016845703125" lon="118.72543327510356903076171875">
        <ele>10</ele>
        <time>2020-10-29T03:45:04.000Z</time>
        <extensions>
          <ns3:TrackPointExtension/>
        </extensions>
      </trkpt>
      <trkpt lat="32.074394188821315765380859375" lon="118.72543327510356903076171875">
        <ele>10</ele>
        <time>2020-10-29T03:45:05.000Z</time>
        <extensions>
          <ns3:TrackPointExtension>
            <ns3:hr>167</ns3:hr>
          </ns3:TrackPointExtension>
        </extensions>
      </trkpt>
      <trkpt lat="32.0743636786937713623046875" lon="118.72543327510356903076171875">
        <ele>9.80000019073486328125</ele>
        <time>2020-10-29T03:45:06.000Z</time>
        <extensions>
          <ns3:TrackPointExtension/>
        </extensions>
      </trkpt>
      <trkpt lat="32.074333168566226959228515625" lon="118.72543327510356903076171875">
        <ele>9.6000003814697265625</ele>
        <time>2020-10-29T03:45:07.000Z</time>
        <extensions>
          <ns3:TrackPointExtension/>
        </extensions>
      </trkpt>
      <trkpt lat="32.0742988027632236480712890625" lon="118.72543327510356903076171875">
        <ele>9.3999996185302734375</ele>
        <time>2020-10-29T03:45:08.000Z</time>
        <extensions>
          <ns3:TrackPointExtension/>
        </extensions>
      </trkpt>
      <trkpt lat="32.0742682926356792449951171875" lon="118.72543327510356903076171875">
        <ele>9.19999980926513671875</ele>
        <time>2020-10-29T03:45:09.000Z</time>
        <extensions>
          <ns3:TrackPointExtension/>
        </extensions>
      </trkpt>
      <trkpt lat="32.0742377825081348419189453125" lon="118.72542564757168292999267578125">
        <ele>9</ele>
        <time>2020-10-29T03:45:10.000Z</time>
        <extensions>
          <ns3:TrackPointExtension>
            <ns3:hr>169</ns3:hr>
          </ns3:TrackPointExtension>
        </extensions>
      </trkpt>
      <trkpt lat="32.07420341670513153076171875" lon="118.72542564757168292999267578125">
        <ele>8.80000019073486328125</ele>
        <time>2020-10-29T03:45:11.000Z</time>
        <extensions>
          <ns3:TrackPointExtension/>
        </extensions>
      </trkpt>
      <trkpt lat="32.07416913472115993499755859375" lon="118.72542564757168292999267578125">
        <ele>8.3999996185302734375</ele>
        <time>2020-10-29T03:45:12.000Z</time>
        <extensions>
          <ns3:TrackPointExtension/>
        </extensions>
      </trkpt>
      <trkpt lat="32.07413862459361553192138671875" lon="118.72542564757168292999267578125">
        <ele>8.19999980926513671875</ele>
        <time>2020-10-29T03:45:13.000Z</time>
        <extensions>
          <ns3:TrackPointExtension/>
        </extensions>
      </trkpt>
      <trkpt lat="32.07410425879061222076416015625" lon="118.72542564757168292999267578125">
        <ele>8.19999980926513671875</ele>
        <time>2020-10-29T03:45:14.000Z</time>
        <extensions>
          <ns3:TrackPointExtension/>
        </extensions>
      </trkpt>
      <trkpt lat="32.074069976806640625" lon="118.7254180200397968292236328125">
        <ele>8</ele>
        <time>2020-10-29T03:45:15.000Z</time>
        <extensions>
          <ns3:TrackPointExtension>
            <ns3:hr>169</ns3:hr>
          </ns3:TrackPointExtension>
        </extensions>
      </trkpt>
      <trkpt lat="32.07403938286006450653076171875" lon="118.7254180200397968292236328125">
        <ele>7.80000019073486328125</ele>
        <time>2020-10-29T03:45:16.000Z</time>
        <extensions>
          <ns3:TrackPointExtension/>
        </extensions>
      </trkpt>
      <trkpt lat="32.0740051008760929107666015625" lon="118.7254180200397968292236328125">
        <ele>7.599999904632568359375</ele>
        <time>2020-10-29T03:45:17.000Z</time>
        <extensions>
          <ns3:TrackPointExtension/>
        </extensions>
      </trkpt>
      <trkpt lat="32.0739745907485485076904296875" lon="118.72542564757168292999267578125">
        <ele>7.599999904632568359375</ele>
        <time>2020-10-29T03:45:18.000Z</time>
        <extensions>
          <ns3:TrackPointExtension/>
        </extensions>
      </trkpt>
      <trkpt lat="32.073940224945545196533203125" lon="118.72542564757168292999267578125">
        <ele>7.599999904632568359375</ele>
        <time>2020-10-29T03:45:19.000Z</time>
        <extensions>
          <ns3:TrackPointExtension/>
        </extensions>
      </trkpt>
      <trkpt lat="32.07390971481800079345703125" lon="118.72543327510356903076171875">
        <ele>7.599999904632568359375</ele>
        <time>2020-10-29T03:45:20.000Z</time>
        <extensions>
          <ns3:TrackPointExtension>
            <ns3:hr>168</ns3:hr>
          </ns3:TrackPointExtension>
        </extensions>
      </trkpt>
      <trkpt lat="32.0738753490149974822998046875" lon="118.72543327510356903076171875">
        <ele>7.400000095367431640625</ele>
        <time>2020-10-29T03:45:21.000Z</time>
        <extensions>
          <ns3:TrackPointExtension/>
        </extensions>
      </trkpt>
      <trkpt lat="32.0738448388874530792236328125" lon="118.72544090263545513153076171875">
        <ele>7.400000095367431640625</ele>
        <time>2020-10-29T03:45:22.000Z</time>
        <extensions>
          <ns3:TrackPointExtension/>
        </extensions>
      </trkpt>
      <trkpt lat="32.0738143287599086761474609375" lon="118.7254485301673412322998046875">
        <ele>7.400000095367431640625</ele>
        <time>2020-10-29T03:45:23.000Z</time>
        <extensions>
          <ns3:TrackPointExtension/>
        </extensions>
      </trkpt>
      <trkpt lat="32.0737838186323642730712890625" lon="118.72545615769922733306884765625">
        <ele>7.19999980926513671875</ele>
        <time>2020-10-29T03:45:24.000Z</time>
        <extensions>
          <ns3:TrackPointExtension/>
        </extensions>
      </trkpt>
      <trkpt lat="32.0737533085048198699951171875" lon="118.725463785231113433837890625">
        <ele>7.400000095367431640625</ele>
        <time>2020-10-29T03:45:25.000Z</time>
        <extensions>
          <ns3:TrackPointExtension>
            <ns3:hr>169</ns3:hr>
          </ns3:TrackPointExtension>
        </extensions>
      </trkpt>
      <trkpt lat="32.0737227983772754669189453125" lon="118.72547149658203125">
        <ele>7.599999904632568359375</ele>
        <time>2020-10-29T03:45:26.000Z</time>
        <extensions>
          <ns3:TrackPointExtension/>
        </extensions>
      </trkpt>
      <trkpt lat="32.0736922882497310638427734375" lon="118.72547912411391735076904296875">
        <ele>7.80000019073486328125</ele>
        <time>2020-10-29T03:45:27.000Z</time>
        <extensions>
          <ns3:TrackPointExtension/>
        </extensions>
      </trkpt>
      <trkpt lat="32.0736617781221866607666015625" lon="118.7254867516458034515380859375">
        <ele>8</ele>
        <time>2020-10-29T03:45:28.000Z</time>
        <extensions>
          <ns3:TrackPointExtension/>
        </extensions>
      </trkpt>
      <trkpt lat="32.073627412319183349609375" lon="118.72549437917768955230712890625">
        <ele>8.19999980926513671875</ele>
        <time>2020-10-29T03:45:29.000Z</time>
        <extensions>
          <ns3:TrackPointExtension/>
        </extensions>
      </trkpt>
      <trkpt lat="32.073596902191638946533203125" lon="118.725502006709575653076171875">
        <ele>8.19999980926513671875</ele>
        <time>2020-10-29T03:45:30.000Z</time>
        <extensions>
          <ns3:TrackPointExtension>
            <ns3:hr>167</ns3:hr>
            <ns3:cad>78</ns3:cad>
          </ns3:TrackPointExtension>
        </extensions>
      </trkpt>
      <trkpt lat="32.07356639206409454345703125" lon="118.725502006709575653076171875">
        <ele>8.19999980926513671875</ele>
        <time>2020-10-29T03:45:31.000Z</time>
        <extensions>
          <ns3:TrackPointExtension/>
        </extensions>
      </trkpt>
      <trkpt lat="32.0735320262610912322998046875" lon="118.72550963424146175384521484375">
        <ele>8.19999980926513671875</ele>
        <time>2020-10-29T03:45:32.000Z</time>
        <extensions>
          <ns3:TrackPointExtension/>
        </extensions>
      </trkpt>
      <trkpt lat="32.07349774427711963653564453125" lon="118.72550963424146175384521484375">
        <ele>8.19999980926513671875</ele>
        <time>2020-10-29T03:45:33.000Z</time>
        <extensions>
          <ns3:TrackPointExtension/>
        </extensions>
      </trkpt>
      <trkpt lat="32.07346723414957523345947265625" lon="118.72550963424146175384521484375">
        <ele>8.19999980926513671875</ele>
        <time>2020-10-29T03:45:34.000Z</time>
        <extensions>
          <ns3:TrackPointExtension/>
        </extensions>
      </trkpt>
      <trkpt lat="32.07343286834657192230224609375" lon="118.72550963424146175384521484375">
        <ele>8.19999980926513671875</ele>
        <time>2020-10-29T03:45:35.000Z</time>
        <extensions>
          <ns3:TrackPointExtension>
            <ns3:hr>170</ns3:hr>
          </ns3:TrackPointExtension>
        </extensions>
      </trkpt>
      <trkpt lat="32.07340235821902751922607421875" lon="118.72550963424146175384521484375">
        <ele>8.19999980926513671875</ele>
        <time>2020-10-29T03:45:36.000Z</time>
        <extensions>
          <ns3:TrackPointExtension/>
        </extensions>
      </trkpt>
      <trkpt lat="32.07336799241602420806884765625" lon="118.72550963424146175384521484375">
        <ele>8.19999980926513671875</ele>
        <time>2020-10-29T03:45:37.000Z</time>
        <extensions>
          <ns3:TrackPointExtension/>
        </extensions>
      </trkpt>
      <trkpt lat="32.0733337104320526123046875" lon="118.725502006709575653076171875">
        <ele>8.3999996185302734375</ele>
        <time>2020-10-29T03:45:38.000Z</time>
        <extensions>
          <ns3:TrackPointExtension/>
        </extensions>
      </trkpt>
      <trkpt lat="32.073303200304508209228515625" lon="118.725502006709575653076171875">
        <ele>8.3999996185302734375</ele>
        <time>2020-10-29T03:45:39.000Z</time>
        <extensions>
          <ns3:TrackPointExtension/>
        </extensions>
      </trkpt>
      <trkpt lat="32.0732688345015048980712890625" lon="118.725502006709575653076171875">
        <ele>8.6000003814697265625</ele>
        <time>2020-10-29T03:45:40.000Z</time>
        <extensions>
          <ns3:TrackPointExtension>
            <ns3:hr>173</ns3:hr>
          </ns3:TrackPointExtension>
        </extensions>
      </trkpt>
      <trkpt lat="32.0732383243739604949951171875" lon="118.72549437917768955230712890625">
        <ele>8.6000003814697265625</ele>
        <time>2020-10-29T03:45:41.000Z</time>
        <extensions>
          <ns3:TrackPointExtension/>
        </extensions>
      </trkpt>
      <trkpt lat="32.073203958570957183837890625" lon="118.72549437917768955230712890625">
        <ele>8.6000003814697265625</ele>
        <time>2020-10-29T03:45:42.000Z</time>
        <extensions>
          <ns3:TrackPointExtension/>
        </extensions>
      </trkpt>
      <trkpt lat="32.07317344844341278076171875" lon="118.7254867516458034515380859375">
        <ele>8.6000003814697265625</ele>
        <time>2020-10-29T03:45:43.000Z</time>
        <extensions>
          <ns3:TrackPointExtension/>
        </extensions>
      </trkpt>
      <trkpt lat="32.07313916645944118499755859375" lon="118.7254867516458034515380859375">
        <ele>8.6000003814697265625</ele>
        <time>2020-10-29T03:45:44.000Z</time>
        <extensions>
          <ns3:TrackPointExtension/>
        </extensions>
      </trkpt>
      <trkpt lat="32.07310865633189678192138671875" lon="118.7254867516458034515380859375">
        <ele>8.6000003814697265625</ele>
        <time>2020-10-29T03:45:45.000Z</time>
        <extensions>
          <ns3:TrackPointExtension>
            <ns3:hr>175</ns3:hr>
          </ns3:TrackPointExtension>
        </extensions>
      </trkpt>
      <trkpt lat="32.07307814620435237884521484375" lon="118.72547912411391735076904296875">
        <ele>8.3999996185302734375</ele>
        <time>2020-10-29T03:45:46.000Z</time>
        <extensions>
          <ns3:TrackPointExtension/>
        </extensions>
      </trkpt>
      <trkpt lat="32.07304378040134906768798828125" lon="118.72547912411391735076904296875">
        <ele>8.3999996185302734375</ele>
        <time>2020-10-29T03:45:47.000Z</time>
        <extensions>
          <ns3:TrackPointExtension/>
        </extensions>
      </trkpt>
      <trkpt lat="32.07301327027380466461181640625" lon="118.72547912411391735076904296875">
        <ele>8.19999980926513671875</ele>
        <time>2020-10-29T03:45:48.000Z</time>
        <extensions>
          <ns3:TrackPointExtension/>
        </extensions>
      </trkpt>
      <trkpt lat="32.07298276014626026153564453125" lon="118.72547149658203125">
        <ele>8.19999980926513671875</ele>
        <time>2020-10-29T03:45:49.000Z</time>
        <extensions>
          <ns3:TrackPointExtension/>
        </extensions>
      </trkpt>
      <trkpt lat="32.07295225001871585845947265625" lon="118.72547149658203125">
        <ele>8</ele>
        <time>2020-10-29T03:45:50.000Z</time>
        <extensions>
          <ns3:TrackPointExtension>
            <ns3:hr>175</ns3:hr>
          </ns3:TrackPointExtension>
        </extensions>
      </trkpt>
      <trkpt lat="32.07292173989117145538330078125" lon="118.725463785231113433837890625">
        <ele>7.80000019073486328125</ele>
        <time>2020-10-29T03:45:51.000Z</time>
        <extensions>
          <ns3:TrackPointExtension/>
        </extensions>
      </trkpt>
      <trkpt lat="32.07289122976362705230712890625" lon="118.725463785231113433837890625">
        <ele>7.80000019073486328125</ele>
        <time>2020-10-29T03:45:52.000Z</time>
        <extensions>
          <ns3:TrackPointExtension/>
        </extensions>
      </trkpt>
      <trkpt lat="32.072860635817050933837890625" lon="118.72545615769922733306884765625">
        <ele>7.80000019073486328125</ele>
        <time>2020-10-29T03:45:53.000Z</time>
        <extensions>
          <ns3:TrackPointExtension/>
        </extensions>
      </trkpt>
      <trkpt lat="32.07283012568950653076171875" lon="118.72545615769922733306884765625">
        <ele>7.80000019073486328125</ele>
        <time>2020-10-29T03:45:54.000Z</time>
        <extensions>
          <ns3:TrackPointExtension/>
        </extensions>
      </trkpt>
      <trkpt lat="32.072799615561962127685546875" lon="118.7254485301673412322998046875">
        <ele>7.80000019073486328125</ele>
        <time>2020-10-29T03:45:55.000Z</time>
        <extensions>
          <ns3:TrackPointExtension>
            <ns3:hr>176</ns3:hr>
          </ns3:TrackPointExtension>
        </extensions>
      </trkpt>
      <trkpt lat="32.072769105434417724609375" lon="118.7254485301673412322998046875">
        <ele>7.80000019073486328125</ele>
        <time>2020-10-29T03:45:56.000Z</time>
        <extensions>
          <ns3:TrackPointExtension/>
        </extensions>
      </trkpt>
      <trkpt lat="32.072738595306873321533203125" lon="118.72544090263545513153076171875">
        <ele>7.80000019073486328125</ele>
        <time>2020-10-29T03:45:57.000Z</time>
        <extensions>
          <ns3:TrackPointExtension/>
        </extensions>
      </trkpt>
      <trkpt lat="32.07270808517932891845703125" lon="118.72543327510356903076171875">
        <ele>7.599999904632568359375</ele>
        <time>2020-10-29T03:45:58.000Z</time>
        <extensions>
          <ns3:TrackPointExtension/>
        </extensions>
      </trkpt>
      <trkpt lat="32.072677575051784515380859375" lon="118.72542564757168292999267578125">
        <ele>7.599999904632568359375</ele>
        <time>2020-10-29T03:45:59.000Z</time>
        <extensions>
          <ns3:TrackPointExtension/>
        </extensions>
      </trkpt>
      <trkpt lat="32.0726432092487812042236328125" lon="118.7254180200397968292236328125">
        <ele>7.599999904632568359375</ele>
        <time>2020-10-29T03:46:00.000Z</time>
        <extensions>
          <ns3:TrackPointExtension>
            <ns3:hr>177</ns3:hr>
          </ns3:TrackPointExtension>
        </extensions>
      </trkpt>
      <trkpt lat="32.0726126991212368011474609375" lon="118.72541039250791072845458984375">
        <ele>7.599999904632568359375</ele>
        <time>2020-10-29T03:46:01.000Z</time>
        <extensions>
          <ns3:TrackPointExtension/>
        </extensions>
      </trkpt>
      <trkpt lat="32.0725821889936923980712890625" lon="118.725402764976024627685546875">
        <ele>7.80000019073486328125</ele>
        <time>2020-10-29T03:46:02.000Z</time>
        <extensions>
          <ns3:TrackPointExtension/>
        </extensions>
      </trkpt>
      <trkpt lat="32.07254790700972080230712890625" lon="118.72539513744413852691650390625">
        <ele>7.80000019073486328125</ele>
        <time>2020-10-29T03:46:03.000Z</time>
        <extensions>
          <ns3:TrackPointExtension/>
        </extensions>
      </trkpt>
      <trkpt lat="32.07251354120671749114990234375" lon="118.72537988238036632537841796875">
        <ele>7.80000019073486328125</ele>
        <time>2020-10-29T03:46:04.000Z</time>
        <extensions>
          <ns3:TrackPointExtension/>
        </extensions>
      </trkpt>
      <trkpt lat="32.07248303107917308807373046875" lon="118.725372254848480224609375">
        <ele>7.80000019073486328125</ele>
        <time>2020-10-29T03:46:05.000Z</time>
        <extensions>
          <ns3:TrackPointExtension>
            <ns3:hr>180</ns3:hr>
          </ns3:TrackPointExtension>
        </extensions>
      </trkpt>
      <trkpt lat="32.07244866527616977691650390625" lon="118.72536462731659412384033203125">
        <ele>8</ele>
        <time>2020-10-29T03:46:06.000Z</time>
        <extensions>
          <ns3:TrackPointExtension/>
        </extensions>
      </trkpt>
      <trkpt lat="32.07241438329219818115234375" lon="118.72534937225282192230224609375">
        <ele>8</ele>
        <time>2020-10-29T03:46:07.000Z</time>
        <extensions>
          <ns3:TrackPointExtension/>
        </extensions>
      </trkpt>
      <trkpt lat="32.072383873164653778076171875" lon="118.725341744720935821533203125">
        <ele>8</ele>
        <time>2020-10-29T03:46:08.000Z</time>
        <extensions>
          <ns3:TrackPointExtension/>
        </extensions>
      </trkpt>
      <trkpt lat="32.0723495073616504669189453125" lon="118.72533411718904972076416015625">
        <ele>7.80000019073486328125</ele>
        <time>2020-10-29T03:46:09.000Z</time>
        <extensions>
          <ns3:TrackPointExtension/>
        </extensions>
      </trkpt>
      <trkpt lat="32.07231514155864715576171875" lon="118.7253264896571636199951171875">
        <ele>7.599999904632568359375</ele>
        <time>2020-10-29T03:46:10.000Z</time>
        <extensions>
          <ns3:TrackPointExtension>
            <ns3:hr>175</ns3:hr>
          </ns3:TrackPointExtension>
        </extensions>
      </trkpt>
      <trkpt lat="32.07228085957467555999755859375" lon="118.72531886212527751922607421875">
        <ele>7.400000095367431640625</ele>
        <time>2020-10-29T03:46:11.000Z</time>
        <extensions>
          <ns3:TrackPointExtension/>
        </extensions>
      </trkpt>
      <trkpt lat="32.07224272191524505615234375" lon="118.72531123459339141845703125">
        <ele>7.19999980926513671875</ele>
        <time>2020-10-29T03:46:12.000Z</time>
        <extensions>
          <ns3:TrackPointExtension/>
        </extensions>
      </trkpt>
      <trkpt lat="32.0722083561122417449951171875" lon="118.72530360706150531768798828125">
        <ele>7</ele>
        <time>2020-10-29T03:46:13.000Z</time>
        <extensions>
          <ns3:TrackPointExtension/>
        </extensions>
      </trkpt>
      <trkpt lat="32.07217021845281124114990234375" lon="118.72530360706150531768798828125">
        <ele>6.80000019073486328125</ele>
        <time>2020-10-29T03:46:14.000Z</time>
        <extensions>
          <ns3:TrackPointExtension/>
        </extensions>
      </trkpt>
      <trkpt lat="32.07213585264980792999267578125" lon="118.7252959795296192169189453125">
        <ele>6.599999904632568359375</ele>
        <time>2020-10-29T03:46:15.000Z</time>
        <extensions>
          <ns3:TrackPointExtension>
            <ns3:hr>175</ns3:hr>
          </ns3:TrackPointExtension>
        </extensions>
      </trkpt>
      <trkpt lat="32.0720977149903774261474609375" lon="118.7252959795296192169189453125">
        <ele>6.599999904632568359375</ele>
        <time>2020-10-29T03:46:16.000Z</time>
        <extensions>
          <ns3:TrackPointExtension/>
        </extensions>
      </trkpt>
      <trkpt lat="32.07205957733094692230224609375" lon="118.72528835199773311614990234375">
        <ele>6.19999980926513671875</ele>
        <time>2020-10-29T03:46:17.000Z</time>
        <extensions>
          <ns3:TrackPointExtension/>
        </extensions>
      </trkpt>
      <trkpt lat="32.0720252953469753265380859375" lon="118.72528835199773311614990234375">
        <ele>6.19999980926513671875</ele>
        <time>2020-10-29T03:46:18.000Z</time>
        <extensions>
          <ns3:TrackPointExtension/>
        </extensions>
      </trkpt>
      <trkpt lat="32.0719870738685131072998046875" lon="118.725280724465847015380859375">
        <ele>6</ele>
        <time>2020-10-29T03:46:19.000Z</time>
        <extensions>
          <ns3:TrackPointExtension/>
        </extensions>
      </trkpt>
      <trkpt lat="32.07194893620908260345458984375" lon="118.725280724465847015380859375">
        <ele>5.80000019073486328125</ele>
        <time>2020-10-29T03:46:20.000Z</time>
        <extensions>
          <ns3:TrackPointExtension>
            <ns3:hr>175</ns3:hr>
          </ns3:TrackPointExtension>
        </extensions>
      </trkpt>
      <trkpt lat="32.0719146542251110076904296875" lon="118.725280724465847015380859375">
        <ele>5.599999904632568359375</ele>
        <time>2020-10-29T03:46:21.000Z</time>
        <extensions>
          <ns3:TrackPointExtension/>
        </extensions>
      </trkpt>
      <trkpt lat="32.071880288422107696533203125" lon="118.725280724465847015380859375">
        <ele>5.599999904632568359375</ele>
        <time>2020-10-29T03:46:22.000Z</time>
        <extensions>
          <ns3:TrackPointExtension/>
        </extensions>
      </trkpt>
      <trkpt lat="32.07184600643813610076904296875" lon="118.725280724465847015380859375">
        <ele>5.400000095367431640625</ele>
        <time>2020-10-29T03:46:23.000Z</time>
        <extensions>
          <ns3:TrackPointExtension/>
        </extensions>
      </trkpt>
      <trkpt lat="32.07181164063513278961181640625" lon="118.72527309693396091461181640625">
        <ele>5.19999980926513671875</ele>
        <time>2020-10-29T03:46:24.000Z</time>
        <extensions>
          <ns3:TrackPointExtension/>
        </extensions>
      </trkpt>
      <trkpt lat="32.07177727483212947845458984375" lon="118.72527309693396091461181640625">
        <ele>5.19999980926513671875</ele>
        <time>2020-10-29T03:46:25.000Z</time>
        <extensions>
          <ns3:TrackPointExtension>
            <ns3:hr>173</ns3:hr>
          </ns3:TrackPointExtension>
        </extensions>
      </trkpt>
      <trkpt lat="32.07174676470458507537841796875" lon="118.72527309693396091461181640625">
        <ele>5</ele>
        <time>2020-10-29T03:46:26.000Z</time>
        <extensions>
          <ns3:TrackPointExtension/>
        </extensions>
      </trkpt>
      <trkpt lat="32.07171625457704067230224609375" lon="118.7252654694020748138427734375">
        <ele>4.80000019073486328125</ele>
        <time>2020-10-29T03:46:27.000Z</time>
        <extensions>
          <ns3:TrackPointExtension/>
        </extensions>
      </trkpt>
      <trkpt lat="32.07168574444949626922607421875" lon="118.7252654694020748138427734375">
        <ele>4.599999904632568359375</ele>
        <time>2020-10-29T03:46:28.000Z</time>
        <extensions>
          <ns3:TrackPointExtension/>
        </extensions>
      </trkpt>
      <trkpt lat="32.071659006178379058837890625" lon="118.7252654694020748138427734375">
        <ele>4.599999904632568359375</ele>
        <time>2020-10-29T03:46:29.000Z</time>
        <extensions>
          <ns3:TrackPointExtension/>
        </extensions>
      </trkpt>
      <trkpt lat="32.07162849605083465576171875" lon="118.7252654694020748138427734375">
        <ele>4.400000095367431640625</ele>
        <time>2020-10-29T03:46:30.000Z</time>
        <extensions>
          <ns3:TrackPointExtension>
            <ns3:hr>176</ns3:hr>
            <ns3:cad>81</ns3:cad>
          </ns3:TrackPointExtension>
        </extensions>
      </trkpt>
      <trkpt lat="32.071597985923290252685546875" lon="118.72525784187018871307373046875">
        <ele>4.19999980926513671875</ele>
        <time>2020-10-29T03:46:31.000Z</time>
        <extensions>
          <ns3:TrackPointExtension/>
        </extensions>
      </trkpt>
      <trkpt lat="32.0715713314712047576904296875" lon="118.72525784187018871307373046875">
        <ele>4.19999980926513671875</ele>
        <time>2020-10-29T03:46:32.000Z</time>
        <extensions>
          <ns3:TrackPointExtension/>
        </extensions>
      </trkpt>
      <trkpt lat="32.0715408213436603546142578125" lon="118.72525784187018871307373046875">
        <ele>4.19999980926513671875</ele>
        <time>2020-10-29T03:46:33.000Z</time>
        <extensions>
          <ns3:TrackPointExtension/>
        </extensions>
      </trkpt>
      <trkpt lat="32.0715103112161159515380859375" lon="118.72525784187018871307373046875">
        <ele>4.400000095367431640625</ele>
        <time>2020-10-29T03:46:34.000Z</time>
        <extensions>
          <ns3:TrackPointExtension/>
        </extensions>
      </trkpt>
      <trkpt lat="32.07147971726953983306884765625" lon="118.72525784187018871307373046875">
        <ele>4.599999904632568359375</ele>
        <time>2020-10-29T03:46:35.000Z</time>
        <extensions>
          <ns3:TrackPointExtension>
            <ns3:hr>173</ns3:hr>
          </ns3:TrackPointExtension>
        </extensions>
      </trkpt>
      <trkpt lat="32.07144920714199542999267578125" lon="118.7252654694020748138427734375">
        <ele>5</ele>
        <time>2020-10-29T03:46:36.000Z</time>
        <extensions>
          <ns3:TrackPointExtension/>
        </extensions>
      </trkpt>
      <trkpt lat="32.07141869701445102691650390625" lon="118.7252654694020748138427734375">
        <ele>5.19999980926513671875</ele>
        <time>2020-10-29T03:46:37.000Z</time>
        <extensions>
          <ns3:TrackPointExtension/>
        </extensions>
      </trkpt>
      <trkpt lat="32.07138818688690662384033203125" lon="118.7252654694020748138427734375">
        <ele>5.400000095367431640625</ele>
        <time>2020-10-29T03:46:38.000Z</time>
        <extensions>
          <ns3:TrackPointExtension/>
        </extensions>
      </trkpt>
      <trkpt lat="32.07135767675936222076416015625" lon="118.7252654694020748138427734375">
        <ele>5.599999904632568359375</ele>
        <time>2020-10-29T03:46:39.000Z</time>
        <extensions>
          <ns3:TrackPointExtension/>
        </extensions>
      </trkpt>
      <trkpt lat="32.071323394775390625" lon="118.72527309693396091461181640625">
        <ele>5.80000019073486328125</ele>
        <time>2020-10-29T03:46:40.000Z</time>
        <extensions>
          <ns3:TrackPointExtension>
            <ns3:hr>176</ns3:hr>
          </ns3:TrackPointExtension>
        </extensions>
      </trkpt>
      <trkpt lat="32.07129280082881450653076171875" lon="118.72527309693396091461181640625">
        <ele>6.19999980926513671875</ele>
        <time>2020-10-29T03:46:41.000Z</time>
        <extensions>
          <ns3:TrackPointExtension/>
        </extensions>
      </trkpt>
      <trkpt lat="32.07126229070127010345458984375" lon="118.725280724465847015380859375">
        <ele>6.400000095367431640625</ele>
        <time>2020-10-29T03:46:42.000Z</time>
        <extensions>
          <ns3:TrackPointExtension/>
        </extensions>
      </trkpt>
      <trkpt lat="32.0712280087172985076904296875" lon="118.725280724465847015380859375">
        <ele>6.599999904632568359375</ele>
        <time>2020-10-29T03:46:43.000Z</time>
        <extensions>
          <ns3:TrackPointExtension/>
        </extensions>
      </trkpt>
      <trkpt lat="32.0711974985897541046142578125" lon="118.725280724465847015380859375">
        <ele>6.599999904632568359375</ele>
        <time>2020-10-29T03:46:44.000Z</time>
        <extensions>
          <ns3:TrackPointExtension/>
        </extensions>
      </trkpt>
      <trkpt lat="32.07116313278675079345703125" lon="118.725280724465847015380859375">
        <ele>6.599999904632568359375</ele>
        <time>2020-10-29T03:46:45.000Z</time>
        <extensions>
          <ns3:TrackPointExtension>
            <ns3:hr>173</ns3:hr>
          </ns3:TrackPointExtension>
        </extensions>
      </trkpt>
      <trkpt lat="32.0711287669837474822998046875" lon="118.72528835199773311614990234375">
        <ele>6.599999904632568359375</ele>
        <time>2020-10-29T03:46:46.000Z</time>
        <extensions>
          <ns3:TrackPointExtension/>
        </extensions>
      </trkpt>
      <trkpt lat="32.07109448499977588653564453125" lon="118.72528835199773311614990234375">
        <ele>6.599999904632568359375</ele>
        <time>2020-10-29T03:46:47.000Z</time>
        <extensions>
          <ns3:TrackPointExtension/>
        </extensions>
      </trkpt>
      <trkpt lat="32.07106011919677257537841796875" lon="118.72528835199773311614990234375">
        <ele>6.599999904632568359375</ele>
        <time>2020-10-29T03:46:48.000Z</time>
        <extensions>
          <ns3:TrackPointExtension/>
        </extensions>
      </trkpt>
      <trkpt lat="32.0710258372128009796142578125" lon="118.72528835199773311614990234375">
        <ele>6.599999904632568359375</ele>
        <time>2020-10-29T03:46:49.000Z</time>
        <extensions>
          <ns3:TrackPointExtension/>
        </extensions>
      </trkpt>
      <trkpt lat="32.07099147140979766845703125" lon="118.72528835199773311614990234375">
        <ele>6.599999904632568359375</ele>
        <time>2020-10-29T03:46:50.000Z</time>
        <extensions>
          <ns3:TrackPointExtension>
            <ns3:hr>177</ns3:hr>
          </ns3:TrackPointExtension>
        </extensions>
      </trkpt>
      <trkpt lat="32.0709571056067943572998046875" lon="118.7252959795296192169189453125">
        <ele>6.599999904632568359375</ele>
        <time>2020-10-29T03:46:51.000Z</time>
        <extensions>
          <ns3:TrackPointExtension/>
        </extensions>
      </trkpt>
      <trkpt lat="32.07092282362282276153564453125" lon="118.72528835199773311614990234375">
        <ele>6.599999904632568359375</ele>
        <time>2020-10-29T03:46:52.000Z</time>
        <extensions>
          <ns3:TrackPointExtension/>
        </extensions>
      </trkpt>
      <trkpt lat="32.07088845781981945037841796875" lon="118.72528835199773311614990234375">
        <ele>6.599999904632568359375</ele>
        <time>2020-10-29T03:46:53.000Z</time>
        <extensions>
          <ns3:TrackPointExtension/>
        </extensions>
      </trkpt>
      <trkpt lat="32.0708541758358478546142578125" lon="118.72528835199773311614990234375">
        <ele>6.599999904632568359375</ele>
        <time>2020-10-29T03:46:54.000Z</time>
        <extensions>
          <ns3:TrackPointExtension/>
        </extensions>
      </trkpt>
      <trkpt lat="32.0708236657083034515380859375" lon="118.725280724465847015380859375">
        <ele>6.599999904632568359375</ele>
        <time>2020-10-29T03:46:55.000Z</time>
        <extensions>
          <ns3:TrackPointExtension>
            <ns3:hr>174</ns3:hr>
          </ns3:TrackPointExtension>
        </extensions>
      </trkpt>
      <trkpt lat="32.07079307176172733306884765625" lon="118.72527309693396091461181640625">
        <ele>6.599999904632568359375</ele>
        <time>2020-10-29T03:46:56.000Z</time>
        <extensions>
          <ns3:TrackPointExtension/>
        </extensions>
      </trkpt>
      <trkpt lat="32.07076641730964183807373046875" lon="118.7252654694020748138427734375">
        <ele>6.400000095367431640625</ele>
        <time>2020-10-29T03:46:57.000Z</time>
        <extensions>
          <ns3:TrackPointExtension/>
        </extensions>
      </trkpt>
      <trkpt lat="32.070739679038524627685546875" lon="118.72525784187018871307373046875">
        <ele>6.400000095367431640625</ele>
        <time>2020-10-29T03:46:58.000Z</time>
        <extensions>
          <ns3:TrackPointExtension/>
        </extensions>
      </trkpt>
      <trkpt lat="32.0707130245864391326904296875" lon="118.72524258680641651153564453125">
        <ele>6.19999980926513671875</ele>
        <time>2020-10-29T03:46:59.000Z</time>
        <extensions>
          <ns3:TrackPointExtension/>
        </extensions>
      </trkpt>
      <trkpt lat="32.07069014199078083038330078125" lon="118.7252349592745304107666015625">
        <ele>6.19999980926513671875</ele>
        <time>2020-10-29T03:47:00.000Z</time>
        <extensions>
          <ns3:TrackPointExtension>
            <ns3:hr>180</ns3:hr>
          </ns3:TrackPointExtension>
        </extensions>
      </trkpt>
      <trkpt lat="32.070667259395122528076171875" lon="118.725219704210758209228515625">
        <ele>6</ele>
        <time>2020-10-29T03:47:01.000Z</time>
        <extensions>
          <ns3:TrackPointExtension/>
        </extensions>
      </trkpt>
      <trkpt lat="32.07064814865589141845703125" lon="118.7252044491469860076904296875">
        <ele>5.80000019073486328125</ele>
        <time>2020-10-29T03:47:02.000Z</time>
        <extensions>
          <ns3:TrackPointExtension/>
        </extensions>
      </trkpt>
      <trkpt lat="32.07062526606023311614990234375" lon="118.72518919408321380615234375">
        <ele>5.599999904632568359375</ele>
        <time>2020-10-29T03:47:03.000Z</time>
        <extensions>
          <ns3:TrackPointExtension/>
        </extensions>
      </trkpt>
      <trkpt lat="32.07060615532100200653076171875" lon="118.7251739390194416046142578125">
        <ele>5.400000095367431640625</ele>
        <time>2020-10-29T03:47:04.000Z</time>
        <extensions>
          <ns3:TrackPointExtension/>
        </extensions>
      </trkpt>
      <trkpt lat="32.0705832727253437042236328125" lon="118.725158683955669403076171875">
        <ele>5.19999980926513671875</ele>
        <time>2020-10-29T03:47:05.000Z</time>
        <extensions>
          <ns3:TrackPointExtension>
            <ns3:hr>180</ns3:hr>
          </ns3:TrackPointExtension>
        </extensions>
      </trkpt>
      <trkpt lat="32.07056424580514430999755859375" lon="118.7251434288918972015380859375">
        <ele>5</ele>
        <time>2020-10-29T03:47:06.000Z</time>
        <extensions>
          <ns3:TrackPointExtension/>
        </extensions>
      </trkpt>
      <trkpt lat="32.0705413632094860076904296875" lon="118.72513580136001110076904296875">
        <ele>5</ele>
        <time>2020-10-29T03:47:07.000Z</time>
        <extensions>
          <ns3:TrackPointExtension/>
        </extensions>
      </trkpt>
      <trkpt lat="32.07051462493836879730224609375" lon="118.725120462477207183837890625">
        <ele>4.599999904632568359375</ele>
        <time>2020-10-29T03:47:08.000Z</time>
        <extensions>
          <ns3:TrackPointExtension/>
        </extensions>
      </trkpt>
      <trkpt lat="32.0704917423427104949951171875" lon="118.72511283494532108306884765625">
        <ele>4.599999904632568359375</ele>
        <time>2020-10-29T03:47:09.000Z</time>
        <extensions>
          <ns3:TrackPointExtension/>
        </extensions>
      </trkpt>
      <trkpt lat="32.070465087890625" lon="118.7251052074134349822998046875">
        <ele>4.400000095367431640625</ele>
        <time>2020-10-29T03:47:10.000Z</time>
        <extensions>
          <ns3:TrackPointExtension>
            <ns3:hr>184</ns3:hr>
          </ns3:TrackPointExtension>
        </extensions>
      </trkpt>
      <trkpt lat="32.07043449394404888153076171875" lon="118.72509757988154888153076171875">
        <ele>4.19999980926513671875</ele>
        <time>2020-10-29T03:47:11.000Z</time>
        <extensions>
          <ns3:TrackPointExtension/>
        </extensions>
      </trkpt>
      <trkpt lat="32.07040398381650447845458984375" lon="118.72508995234966278076171875">
        <ele>4</ele>
        <time>2020-10-29T03:47:12.000Z</time>
        <extensions>
          <ns3:TrackPointExtension/>
        </extensions>
      </trkpt>
      <trkpt lat="32.07037347368896007537841796875" lon="118.72508995234966278076171875">
        <ele>4</ele>
        <time>2020-10-29T03:47:13.000Z</time>
        <extensions>
          <ns3:TrackPointExtension/>
        </extensions>
      </trkpt>
      <trkpt lat="32.07034296356141567230224609375" lon="118.72508232481777667999267578125">
        <ele>4</ele>
        <time>2020-10-29T03:47:14.000Z</time>
        <extensions>
          <ns3:TrackPointExtension/>
        </extensions>
      </trkpt>
      <trkpt lat="32.0703086815774440765380859375" lon="118.7250746972858905792236328125">
        <ele>4</ele>
        <time>2020-10-29T03:47:15.000Z</time>
        <extensions>
          <ns3:TrackPointExtension>
            <ns3:hr>180</ns3:hr>
          </ns3:TrackPointExtension>
        </extensions>
      </trkpt>
      <trkpt lat="32.070274315774440765380859375" lon="118.7250746972858905792236328125">
        <ele>4</ele>
        <time>2020-10-29T03:47:16.000Z</time>
        <extensions>
          <ns3:TrackPointExtension/>
        </extensions>
      </trkpt>
      <trkpt lat="32.0702399499714374542236328125" lon="118.72506706975400447845458984375">
        <ele>4</ele>
        <time>2020-10-29T03:47:17.000Z</time>
        <extensions>
          <ns3:TrackPointExtension/>
        </extensions>
      </trkpt>
      <trkpt lat="32.07020566798746585845947265625" lon="118.725059442222118377685546875">
        <ele>4</ele>
        <time>2020-10-29T03:47:18.000Z</time>
        <extensions>
          <ns3:TrackPointExtension/>
        </extensions>
      </trkpt>
      <trkpt lat="32.07017130218446254730224609375" lon="118.725059442222118377685546875">
        <ele>4</ele>
        <time>2020-10-29T03:47:19.000Z</time>
        <extensions>
          <ns3:TrackPointExtension/>
        </extensions>
      </trkpt>
      <trkpt lat="32.0701370202004909515380859375" lon="118.72505181469023227691650390625">
        <ele>4.19999980926513671875</ele>
        <time>2020-10-29T03:47:20.000Z</time>
        <extensions>
          <ns3:TrackPointExtension>
            <ns3:hr>183</ns3:hr>
          </ns3:TrackPointExtension>
        </extensions>
      </trkpt>
      <trkpt lat="32.070102654397487640380859375" lon="118.72503655962646007537841796875">
        <ele>4.80000019073486328125</ele>
        <time>2020-10-29T03:47:21.000Z</time>
        <extensions>
          <ns3:TrackPointExtension/>
        </extensions>
      </trkpt>
      <trkpt lat="32.0700682885944843292236328125" lon="118.725028932094573974609375">
        <ele>5.19999980926513671875</ele>
        <time>2020-10-29T03:47:22.000Z</time>
        <extensions>
          <ns3:TrackPointExtension/>
        </extensions>
      </trkpt>
      <trkpt lat="32.07003400661051273345947265625" lon="118.72502130456268787384033203125">
        <ele>5.599999904632568359375</ele>
        <time>2020-10-29T03:47:23.000Z</time>
        <extensions>
          <ns3:TrackPointExtension/>
        </extensions>
      </trkpt>
      <trkpt lat="32.07000349648296833038330078125" lon="118.7250136770308017730712890625">
        <ele>6</ele>
        <time>2020-10-29T03:47:24.000Z</time>
        <extensions>
          <ns3:TrackPointExtension/>
        </extensions>
      </trkpt>
      <trkpt lat="32.06996913067996501922607421875" lon="118.72500604949891567230224609375">
        <ele>6.599999904632568359375</ele>
        <time>2020-10-29T03:47:25.000Z</time>
        <extensions>
          <ns3:TrackPointExtension>
            <ns3:hr>184</ns3:hr>
          </ns3:TrackPointExtension>
        </extensions>
      </trkpt>
      <trkpt lat="32.06993862055242061614990234375" lon="118.724998421967029571533203125">
        <ele>7</ele>
        <time>2020-10-29T03:47:26.000Z</time>
        <extensions>
          <ns3:TrackPointExtension/>
        </extensions>
      </trkpt>
      <trkpt lat="32.06990811042487621307373046875" lon="118.72499079443514347076416015625">
        <ele>7.400000095367431640625</ele>
        <time>2020-10-29T03:47:27.000Z</time>
        <extensions>
          <ns3:TrackPointExtension/>
        </extensions>
      </trkpt>
      <trkpt lat="32.06987760029733180999755859375" lon="118.7249831669032573699951171875">
        <ele>7.80000019073486328125</ele>
        <time>2020-10-29T03:47:28.000Z</time>
        <extensions>
          <ns3:TrackPointExtension/>
        </extensions>
      </trkpt>
      <trkpt lat="32.06984709016978740692138671875" lon="118.72497553937137126922607421875">
        <ele>7.599999904632568359375</ele>
        <time>2020-10-29T03:47:29.000Z</time>
        <extensions>
          <ns3:TrackPointExtension/>
        </extensions>
      </trkpt>
      <trkpt lat="32.069820351898670196533203125" lon="118.72497553937137126922607421875">
        <ele>7.599999904632568359375</ele>
        <time>2020-10-29T03:47:30.000Z</time>
        <extensions>
          <ns3:TrackPointExtension>
            <ns3:hr>182</ns3:hr>
            <ns3:cad>81</ns3:cad>
          </ns3:TrackPointExtension>
        </extensions>
      </trkpt>
      <trkpt lat="32.06978984177112579345703125" lon="118.72497553937137126922607421875">
        <ele>7.80000019073486328125</ele>
        <time>2020-10-29T03:47:31.000Z</time>
        <extensions>
          <ns3:TrackPointExtension/>
        </extensions>
      </trkpt>
      <trkpt lat="32.06976310350000858306884765625" lon="118.72497553937137126922607421875">
        <ele>8</ele>
        <time>2020-10-29T03:47:32.000Z</time>
        <extensions>
          <ns3:TrackPointExtension/>
        </extensions>
      </trkpt>
      <trkpt lat="32.06973259337246417999267578125" lon="118.7249831669032573699951171875">
        <ele>8.3999996185302734375</ele>
        <time>2020-10-29T03:47:33.000Z</time>
        <extensions>
          <ns3:TrackPointExtension/>
        </extensions>
      </trkpt>
      <trkpt lat="32.06970593892037868499755859375" lon="118.72499079443514347076416015625">
        <ele>8.80000019073486328125</ele>
        <time>2020-10-29T03:47:34.000Z</time>
        <extensions>
          <ns3:TrackPointExtension/>
        </extensions>
      </trkpt>
      <trkpt lat="32.06967542879283428192138671875" lon="118.724998421967029571533203125">
        <ele>9.19999980926513671875</ele>
        <time>2020-10-29T03:47:35.000Z</time>
        <extensions>
          <ns3:TrackPointExtension>
            <ns3:hr>184</ns3:hr>
          </ns3:TrackPointExtension>
        </extensions>
      </trkpt>
      <trkpt lat="32.06964491866528987884521484375" lon="118.7250136770308017730712890625">
        <ele>9.80000019073486328125</ele>
        <time>2020-10-29T03:47:36.000Z</time>
        <extensions>
          <ns3:TrackPointExtension/>
        </extensions>
      </trkpt>
      <trkpt lat="32.06961440853774547576904296875" lon="118.725028932094573974609375">
        <ele>10.3999996185302734375</ele>
        <time>2020-10-29T03:47:37.000Z</time>
        <extensions>
          <ns3:TrackPointExtension/>
        </extensions>
      </trkpt>
      <trkpt lat="32.06958004273474216461181640625" lon="118.7250441871583461761474609375">
        <ele>10.6000003814697265625</ele>
        <time>2020-10-29T03:47:38.000Z</time>
        <extensions>
          <ns3:TrackPointExtension/>
        </extensions>
      </trkpt>
      <trkpt lat="32.06954567693173885345458984375" lon="118.725059442222118377685546875">
        <ele>10.80000019073486328125</ele>
        <time>2020-10-29T03:47:39.000Z</time>
        <extensions>
          <ns3:TrackPointExtension/>
        </extensions>
      </trkpt>
      <trkpt lat="32.0695113949477672576904296875" lon="118.7250746972858905792236328125">
        <ele>10.6000003814697265625</ele>
        <time>2020-10-29T03:47:40.000Z</time>
        <extensions>
          <ns3:TrackPointExtension>
            <ns3:hr>183</ns3:hr>
          </ns3:TrackPointExtension>
        </extensions>
      </trkpt>
      <trkpt lat="32.069477029144763946533203125" lon="118.72508995234966278076171875">
        <ele>10.6000003814697265625</ele>
        <time>2020-10-29T03:47:41.000Z</time>
        <extensions>
          <ns3:TrackPointExtension/>
        </extensions>
      </trkpt>
      <trkpt lat="32.06943889148533344268798828125" lon="118.72509757988154888153076171875">
        <ele>10.3999996185302734375</ele>
        <time>2020-10-29T03:47:42.000Z</time>
        <extensions>
          <ns3:TrackPointExtension/>
        </extensions>
      </trkpt>
      <trkpt lat="32.06940452568233013153076171875" lon="118.72511283494532108306884765625">
        <ele>10.19999980926513671875</ele>
        <time>2020-10-29T03:47:43.000Z</time>
        <extensions>
          <ns3:TrackPointExtension/>
        </extensions>
      </trkpt>
      <trkpt lat="32.069366388022899627685546875" lon="118.725120462477207183837890625">
        <ele>10.19999980926513671875</ele>
        <time>2020-10-29T03:47:44.000Z</time>
        <extensions>
          <ns3:TrackPointExtension/>
        </extensions>
      </trkpt>
      <trkpt lat="32.06932825036346912384033203125" lon="118.72513580136001110076904296875">
        <ele>10.6000003814697265625</ele>
        <time>2020-10-29T03:47:45.000Z</time>
        <extensions>
          <ns3:TrackPointExtension>
            <ns3:hr>180</ns3:hr>
          </ns3:TrackPointExtension>
        </extensions>
      </trkpt>
      <trkpt lat="32.069293968379497528076171875" lon="118.7251434288918972015380859375">
        <ele>10.3999996185302734375</ele>
        <time>2020-10-29T03:47:46.000Z</time>
        <extensions>
          <ns3:TrackPointExtension/>
        </extensions>
      </trkpt>
      <trkpt lat="32.069255746901035308837890625" lon="118.72515105642378330230712890625">
        <ele>10.3999996185302734375</ele>
        <time>2020-10-29T03:47:47.000Z</time>
        <extensions>
          <ns3:TrackPointExtension/>
        </extensions>
      </trkpt>
      <trkpt lat="32.06921760924160480499267578125" lon="118.725158683955669403076171875">
        <ele>10.3999996185302734375</ele>
        <time>2020-10-29T03:47:48.000Z</time>
        <extensions>
          <ns3:TrackPointExtension/>
        </extensions>
      </trkpt>
      <trkpt lat="32.0691794715821743011474609375" lon="118.72516631148755550384521484375">
        <ele>10.19999980926513671875</ele>
        <time>2020-10-29T03:47:49.000Z</time>
        <extensions>
          <ns3:TrackPointExtension/>
        </extensions>
      </trkpt>
      <trkpt lat="32.06914518959820270538330078125" lon="118.7251739390194416046142578125">
        <ele>10.19999980926513671875</ele>
        <time>2020-10-29T03:47:50.000Z</time>
        <extensions>
          <ns3:TrackPointExtension>
            <ns3:hr>177</ns3:hr>
          </ns3:TrackPointExtension>
        </extensions>
      </trkpt>
      <trkpt lat="32.0691070519387722015380859375" lon="118.72518156655132770538330078125">
        <ele>9.80000019073486328125</ele>
        <time>2020-10-29T03:47:51.000Z</time>
        <extensions>
          <ns3:TrackPointExtension/>
        </extensions>
      </trkpt>
      <trkpt lat="32.0690688304603099822998046875" lon="118.72518919408321380615234375">
        <ele>9.6000003814697265625</ele>
        <time>2020-10-29T03:47:52.000Z</time>
        <extensions>
          <ns3:TrackPointExtension/>
        </extensions>
      </trkpt>
      <trkpt lat="32.06903069280087947845458984375" lon="118.72519682161509990692138671875">
        <ele>9.3999996185302734375</ele>
        <time>2020-10-29T03:47:53.000Z</time>
        <extensions>
          <ns3:TrackPointExtension/>
        </extensions>
      </trkpt>
      <trkpt lat="32.0689964108169078826904296875" lon="118.7252044491469860076904296875">
        <ele>9.3999996185302734375</ele>
        <time>2020-10-29T03:47:54.000Z</time>
        <extensions>
          <ns3:TrackPointExtension/>
        </extensions>
      </trkpt>
      <trkpt lat="32.06895827315747737884521484375" lon="118.72521207667887210845947265625">
        <ele>9.19999980926513671875</ele>
        <time>2020-10-29T03:47:55.000Z</time>
        <extensions>
          <ns3:TrackPointExtension>
            <ns3:hr>181</ns3:hr>
          </ns3:TrackPointExtension>
        </extensions>
      </trkpt>
      <trkpt lat="32.068920135498046875" lon="118.72521207667887210845947265625">
        <ele>9</ele>
        <time>2020-10-29T03:47:56.000Z</time>
        <extensions>
          <ns3:TrackPointExtension/>
        </extensions>
      </trkpt>
      <trkpt lat="32.0688857696950435638427734375" lon="118.725219704210758209228515625">
        <ele>9.19999980926513671875</ele>
        <time>2020-10-29T03:47:57.000Z</time>
        <extensions>
          <ns3:TrackPointExtension/>
        </extensions>
      </trkpt>
      <trkpt lat="32.068851403892040252685546875" lon="118.725219704210758209228515625">
        <ele>9.19999980926513671875</ele>
        <time>2020-10-29T03:47:58.000Z</time>
        <extensions>
          <ns3:TrackPointExtension/>
        </extensions>
      </trkpt>
      <trkpt lat="32.06881326623260974884033203125" lon="118.725219704210758209228515625">
        <ele>9.19999980926513671875</ele>
        <time>2020-10-29T03:47:59.000Z</time>
        <extensions>
          <ns3:TrackPointExtension/>
        </extensions>
      </trkpt>
      <trkpt lat="32.068778984248638153076171875" lon="118.725219704210758209228515625">
        <ele>9.19999980926513671875</ele>
        <time>2020-10-29T03:48:00.000Z</time>
        <extensions>
          <ns3:TrackPointExtension>
            <ns3:hr>179</ns3:hr>
          </ns3:TrackPointExtension>
        </extensions>
      </trkpt>
      <trkpt lat="32.06874847412109375" lon="118.725219704210758209228515625">
        <ele>9.19999980926513671875</ele>
        <time>2020-10-29T03:48:01.000Z</time>
        <extensions>
          <ns3:TrackPointExtension/>
        </extensions>
      </trkpt>
      <trkpt lat="32.0687141083180904388427734375" lon="118.725219704210758209228515625">
        <ele>9.3999996185302734375</ele>
        <time>2020-10-29T03:48:02.000Z</time>
        <extensions>
          <ns3:TrackPointExtension/>
        </extensions>
      </trkpt>
      <trkpt lat="32.0686835981905460357666015625" lon="118.725219704210758209228515625">
        <ele>9.3999996185302734375</ele>
        <time>2020-10-29T03:48:03.000Z</time>
        <extensions>
          <ns3:TrackPointExtension/>
        </extensions>
      </trkpt>
      <trkpt lat="32.068649232387542724609375" lon="118.725219704210758209228515625">
        <ele>9.6000003814697265625</ele>
        <time>2020-10-29T03:48:04.000Z</time>
        <extensions>
          <ns3:TrackPointExtension/>
        </extensions>
      </trkpt>
      <trkpt lat="32.068618722259998321533203125" lon="118.72521207667887210845947265625">
        <ele>9.6000003814697265625</ele>
        <time>2020-10-29T03:48:05.000Z</time>
        <extensions>
          <ns3:TrackPointExtension>
            <ns3:hr>179</ns3:hr>
          </ns3:TrackPointExtension>
        </extensions>
      </trkpt>
      <trkpt lat="32.06858821213245391845703125" lon="118.72521207667887210845947265625">
        <ele>9.80000019073486328125</ele>
        <time>2020-10-29T03:48:06.000Z</time>
        <extensions>
          <ns3:TrackPointExtension/>
        </extensions>
      </trkpt>
      <trkpt lat="32.068557702004909515380859375" lon="118.7252044491469860076904296875">
        <ele>9.80000019073486328125</ele>
        <time>2020-10-29T03:48:07.000Z</time>
        <extensions>
          <ns3:TrackPointExtension/>
        </extensions>
      </trkpt>
      <trkpt lat="32.06853096373379230499267578125" lon="118.7252044491469860076904296875">
        <ele>9.80000019073486328125</ele>
        <time>2020-10-29T03:48:08.000Z</time>
        <extensions>
          <ns3:TrackPointExtension/>
        </extensions>
      </trkpt>
      <trkpt lat="32.06850430928170680999755859375" lon="118.72519682161509990692138671875">
        <ele>10</ele>
        <time>2020-10-29T03:48:09.000Z</time>
        <extensions>
          <ns3:TrackPointExtension/>
        </extensions>
      </trkpt>
      <trkpt lat="32.068477571010589599609375" lon="118.72518919408321380615234375">
        <ele>10</ele>
        <time>2020-10-29T03:48:10.000Z</time>
        <extensions>
          <ns3:TrackPointExtension>
            <ns3:hr>179</ns3:hr>
          </ns3:TrackPointExtension>
        </extensions>
      </trkpt>
      <trkpt lat="32.0684509165585041046142578125" lon="118.72518156655132770538330078125">
        <ele>10</ele>
        <time>2020-10-29T03:48:11.000Z</time>
        <extensions>
          <ns3:TrackPointExtension/>
        </extensions>
      </trkpt>
      <trkpt lat="32.06842417828738689422607421875" lon="118.7251739390194416046142578125">
        <ele>10</ele>
        <time>2020-10-29T03:48:12.000Z</time>
        <extensions>
          <ns3:TrackPointExtension/>
        </extensions>
      </trkpt>
      <trkpt lat="32.068397440016269683837890625" lon="118.72516631148755550384521484375">
        <ele>10</ele>
        <time>2020-10-29T03:48:13.000Z</time>
        <extensions>
          <ns3:TrackPointExtension/>
        </extensions>
      </trkpt>
      <trkpt lat="32.0683707855641841888427734375" lon="118.72516631148755550384521484375">
        <ele>10.19999980926513671875</ele>
        <time>2020-10-29T03:48:14.000Z</time>
        <extensions>
          <ns3:TrackPointExtension/>
        </extensions>
      </trkpt>
      <trkpt lat="32.06834790296852588653564453125" lon="118.725158683955669403076171875">
        <ele>10.19999980926513671875</ele>
        <time>2020-10-29T03:48:15.000Z</time>
        <extensions>
          <ns3:TrackPointExtension>
            <ns3:hr>177</ns3:hr>
          </ns3:TrackPointExtension>
        </extensions>
      </trkpt>
      <trkpt lat="32.0683211646974086761474609375" lon="118.72515105642378330230712890625">
        <ele>10.19999980926513671875</ele>
        <time>2020-10-29T03:48:16.000Z</time>
        <extensions>
          <ns3:TrackPointExtension/>
        </extensions>
      </trkpt>
      <trkpt lat="32.0682906545698642730712890625" lon="118.7251434288918972015380859375">
        <ele>10.19999980926513671875</ele>
        <time>2020-10-29T03:48:17.000Z</time>
        <extensions>
          <ns3:TrackPointExtension/>
        </extensions>
      </trkpt>
      <trkpt lat="32.068264000117778778076171875" lon="118.72513580136001110076904296875">
        <ele>10.19999980926513671875</ele>
        <time>2020-10-29T03:48:18.000Z</time>
        <extensions>
          <ns3:TrackPointExtension/>
        </extensions>
      </trkpt>
      <trkpt lat="32.068233489990234375" lon="118.72513580136001110076904296875">
        <ele>10</ele>
        <time>2020-10-29T03:48:19.000Z</time>
        <extensions>
          <ns3:TrackPointExtension/>
        </extensions>
      </trkpt>
      <trkpt lat="32.06820289604365825653076171875" lon="118.725128173828125">
        <ele>10</ele>
        <time>2020-10-29T03:48:20.000Z</time>
        <extensions>
          <ns3:TrackPointExtension>
            <ns3:hr>175</ns3:hr>
          </ns3:TrackPointExtension>
        </extensions>
      </trkpt>
      <trkpt lat="32.0681686140596866607666015625" lon="118.725120462477207183837890625">
        <ele>9.80000019073486328125</ele>
        <time>2020-10-29T03:48:21.000Z</time>
        <extensions>
          <ns3:TrackPointExtension/>
        </extensions>
      </trkpt>
      <trkpt lat="32.068134248256683349609375" lon="118.725120462477207183837890625">
        <ele>9.80000019073486328125</ele>
        <time>2020-10-29T03:48:22.000Z</time>
        <extensions>
          <ns3:TrackPointExtension/>
        </extensions>
      </trkpt>
      <trkpt lat="32.06809611059725284576416015625" lon="118.72511283494532108306884765625">
        <ele>9.6000003814697265625</ele>
        <time>2020-10-29T03:48:23.000Z</time>
        <extensions>
          <ns3:TrackPointExtension/>
        </extensions>
      </trkpt>
      <trkpt lat="32.06806182861328125" lon="118.7251052074134349822998046875">
        <ele>9.3999996185302734375</ele>
        <time>2020-10-29T03:48:24.000Z</time>
        <extensions>
          <ns3:TrackPointExtension/>
        </extensions>
      </trkpt>
      <trkpt lat="32.06802360713481903076171875" lon="118.7251052074134349822998046875">
        <ele>9.3999996185302734375</ele>
        <time>2020-10-29T03:48:25.000Z</time>
        <extensions>
          <ns3:TrackPointExtension>
            <ns3:hr>176</ns3:hr>
          </ns3:TrackPointExtension>
        </extensions>
      </trkpt>
      <trkpt lat="32.06798546947538852691650390625" lon="118.72509757988154888153076171875">
        <ele>9.19999980926513671875</ele>
        <time>2020-10-29T03:48:26.000Z</time>
        <extensions>
          <ns3:TrackPointExtension/>
        </extensions>
      </trkpt>
      <trkpt lat="32.0679473318159580230712890625" lon="118.72508995234966278076171875">
        <ele>9</ele>
        <time>2020-10-29T03:48:27.000Z</time>
        <extensions>
          <ns3:TrackPointExtension/>
        </extensions>
      </trkpt>
      <trkpt lat="32.06790919415652751922607421875" lon="118.72508995234966278076171875">
        <ele>9</ele>
        <time>2020-10-29T03:48:28.000Z</time>
        <extensions>
          <ns3:TrackPointExtension/>
        </extensions>
      </trkpt>
      <trkpt lat="32.067871056497097015380859375" lon="118.72508232481777667999267578125">
        <ele>9</ele>
        <time>2020-10-29T03:48:29.000Z</time>
        <extensions>
          <ns3:TrackPointExtension/>
        </extensions>
      </trkpt>
      <trkpt lat="32.06783291883766651153564453125" lon="118.7250746972858905792236328125">
        <ele>9</ele>
        <time>2020-10-29T03:48:30.000Z</time>
        <extensions>
          <ns3:TrackPointExtension>
            <ns3:hr>179</ns3:hr>
            <ns3:cad>82</ns3:cad>
          </ns3:TrackPointExtension>
        </extensions>
      </trkpt>
      <trkpt lat="32.0677947811782360076904296875" lon="118.7250746972858905792236328125">
        <ele>9</ele>
        <time>2020-10-29T03:48:31.000Z</time>
        <extensions>
          <ns3:TrackPointExtension/>
        </extensions>
      </trkpt>
      <trkpt lat="32.06775664351880550384521484375" lon="118.72506706975400447845458984375">
        <ele>9</ele>
        <time>2020-10-29T03:48:32.000Z</time>
        <extensions>
          <ns3:TrackPointExtension/>
        </extensions>
      </trkpt>
      <trkpt lat="32.06772227771580219268798828125" lon="118.72506706975400447845458984375">
        <ele>9</ele>
        <time>2020-10-29T03:48:33.000Z</time>
        <extensions>
          <ns3:TrackPointExtension/>
        </extensions>
      </trkpt>
      <trkpt lat="32.0676841400563716888427734375" lon="118.725059442222118377685546875">
        <ele>9</ele>
        <time>2020-10-29T03:48:34.000Z</time>
        <extensions>
          <ns3:TrackPointExtension/>
        </extensions>
      </trkpt>
      <trkpt lat="32.067649774253368377685546875" lon="118.725059442222118377685546875">
        <ele>9</ele>
        <time>2020-10-29T03:48:35.000Z</time>
        <extensions>
          <ns3:TrackPointExtension>
            <ns3:hr>180</ns3:hr>
          </ns3:TrackPointExtension>
        </extensions>
      </trkpt>
      <trkpt lat="32.06761549226939678192138671875" lon="118.72505181469023227691650390625">
        <ele>9</ele>
        <time>2020-10-29T03:48:36.000Z</time>
        <extensions>
          <ns3:TrackPointExtension/>
        </extensions>
      </trkpt>
      <trkpt lat="32.06758112646639347076416015625" lon="118.7250441871583461761474609375">
        <ele>9</ele>
        <time>2020-10-29T03:48:37.000Z</time>
        <extensions>
          <ns3:TrackPointExtension/>
        </extensions>
      </trkpt>
      <trkpt lat="32.067546844482421875" lon="118.72503655962646007537841796875">
        <ele>9</ele>
        <time>2020-10-29T03:48:38.000Z</time>
        <extensions>
          <ns3:TrackPointExtension/>
        </extensions>
      </trkpt>
      <trkpt lat="32.0675124786794185638427734375" lon="118.725028932094573974609375">
        <ele>8.80000019073486328125</ele>
        <time>2020-10-29T03:48:39.000Z</time>
        <extensions>
          <ns3:TrackPointExtension/>
        </extensions>
      </trkpt>
      <trkpt lat="32.067478112876415252685546875" lon="118.72502130456268787384033203125">
        <ele>8.80000019073486328125</ele>
        <time>2020-10-29T03:48:40.000Z</time>
        <extensions>
          <ns3:TrackPointExtension>
            <ns3:hr>176</ns3:hr>
          </ns3:TrackPointExtension>
        </extensions>
      </trkpt>
      <trkpt lat="32.067447602748870849609375" lon="118.7250136770308017730712890625">
        <ele>8.80000019073486328125</ele>
        <time>2020-10-29T03:48:41.000Z</time>
        <extensions>
          <ns3:TrackPointExtension/>
        </extensions>
      </trkpt>
      <trkpt lat="32.06741332076489925384521484375" lon="118.7250136770308017730712890625">
        <ele>8.80000019073486328125</ele>
        <time>2020-10-29T03:48:42.000Z</time>
        <extensions>
          <ns3:TrackPointExtension/>
        </extensions>
      </trkpt>
      <trkpt lat="32.06738281063735485076904296875" lon="118.7250136770308017730712890625">
        <ele>8.80000019073486328125</ele>
        <time>2020-10-29T03:48:43.000Z</time>
        <extensions>
          <ns3:TrackPointExtension/>
        </extensions>
      </trkpt>
      <trkpt lat="32.0673522166907787322998046875" lon="118.7250136770308017730712890625">
        <ele>9</ele>
        <time>2020-10-29T03:48:44.000Z</time>
        <extensions>
          <ns3:TrackPointExtension/>
        </extensions>
      </trkpt>
      <trkpt lat="32.06731793470680713653564453125" lon="118.7250136770308017730712890625">
        <ele>9</ele>
        <time>2020-10-29T03:48:45.000Z</time>
        <extensions>
          <ns3:TrackPointExtension>
            <ns3:hr>179</ns3:hr>
          </ns3:TrackPointExtension>
        </extensions>
      </trkpt>
      <trkpt lat="32.06728742457926273345947265625" lon="118.7250136770308017730712890625">
        <ele>9</ele>
        <time>2020-10-29T03:48:46.000Z</time>
        <extensions>
          <ns3:TrackPointExtension/>
        </extensions>
      </trkpt>
      <trkpt lat="32.06725305877625942230224609375" lon="118.72502130456268787384033203125">
        <ele>9</ele>
        <time>2020-10-29T03:48:47.000Z</time>
        <extensions>
          <ns3:TrackPointExtension/>
        </extensions>
      </trkpt>
      <trkpt lat="32.06722254864871501922607421875" lon="118.725028932094573974609375">
        <ele>9</ele>
        <time>2020-10-29T03:48:48.000Z</time>
        <extensions>
          <ns3:TrackPointExtension/>
        </extensions>
      </trkpt>
      <trkpt lat="32.06718818284571170806884765625" lon="118.72503655962646007537841796875">
        <ele>9</ele>
        <time>2020-10-29T03:48:49.000Z</time>
        <extensions>
          <ns3:TrackPointExtension/>
        </extensions>
      </trkpt>
      <trkpt lat="32.06715767271816730499267578125" lon="118.7250441871583461761474609375">
        <ele>9</ele>
        <time>2020-10-29T03:48:50.000Z</time>
        <extensions>
          <ns3:TrackPointExtension>
            <ns3:hr>179</ns3:hr>
          </ns3:TrackPointExtension>
        </extensions>
      </trkpt>
      <trkpt lat="32.067123390734195709228515625" lon="118.7250441871583461761474609375">
        <ele>9</ele>
        <time>2020-10-29T03:48:51.000Z</time>
        <extensions>
          <ns3:TrackPointExtension/>
        </extensions>
      </trkpt>
      <trkpt lat="32.0670890249311923980712890625" lon="118.72505181469023227691650390625">
        <ele>9</ele>
        <time>2020-10-29T03:48:52.000Z</time>
        <extensions>
          <ns3:TrackPointExtension/>
        </extensions>
      </trkpt>
      <trkpt lat="32.06705474294722080230712890625" lon="118.72505181469023227691650390625">
        <ele>9.19999980926513671875</ele>
        <time>2020-10-29T03:48:53.000Z</time>
        <extensions>
          <ns3:TrackPointExtension/>
        </extensions>
      </trkpt>
      <trkpt lat="32.06701652146875858306884765625" lon="118.72505181469023227691650390625">
        <ele>9.19999980926513671875</ele>
        <time>2020-10-29T03:48:54.000Z</time>
        <extensions>
          <ns3:TrackPointExtension/>
        </extensions>
      </trkpt>
      <trkpt lat="32.0669822394847869873046875" lon="118.72505181469023227691650390625">
        <ele>9.3999996185302734375</ele>
        <time>2020-10-29T03:48:55.000Z</time>
        <extensions>
          <ns3:TrackPointExtension>
            <ns3:hr>180</ns3:hr>
          </ns3:TrackPointExtension>
        </extensions>
      </trkpt>
      <trkpt lat="32.0669478736817836761474609375" lon="118.72505181469023227691650390625">
        <ele>9.6000003814697265625</ele>
        <time>2020-10-29T03:48:56.000Z</time>
        <extensions>
          <ns3:TrackPointExtension/>
        </extensions>
      </trkpt>
      <trkpt lat="32.06690973602235317230224609375" lon="118.72505181469023227691650390625">
        <ele>9.6000003814697265625</ele>
        <time>2020-10-29T03:48:57.000Z</time>
        <extensions>
          <ns3:TrackPointExtension/>
        </extensions>
      </trkpt>
      <trkpt lat="32.0668754540383815765380859375" lon="118.7250441871583461761474609375">
        <ele>9.80000019073486328125</ele>
        <time>2020-10-29T03:48:58.000Z</time>
        <extensions>
          <ns3:TrackPointExtension/>
        </extensions>
      </trkpt>
      <trkpt lat="32.066841088235378265380859375" lon="118.72503655962646007537841796875">
        <ele>9.80000019073486328125</ele>
        <time>2020-10-29T03:48:59.000Z</time>
        <extensions>
          <ns3:TrackPointExtension/>
        </extensions>
      </trkpt>
      <trkpt lat="32.0668067224323749542236328125" lon="118.72503655962646007537841796875">
        <ele>10</ele>
        <time>2020-10-29T03:49:00.000Z</time>
        <extensions>
          <ns3:TrackPointExtension>
            <ns3:hr>177</ns3:hr>
          </ns3:TrackPointExtension>
        </extensions>
      </trkpt>
      <trkpt lat="32.06677244044840335845947265625" lon="118.725028932094573974609375">
        <ele>9.80000019073486328125</ele>
        <time>2020-10-29T03:49:01.000Z</time>
        <extensions>
          <ns3:TrackPointExtension/>
        </extensions>
      </trkpt>
      <trkpt lat="32.06673807464540004730224609375" lon="118.72502130456268787384033203125">
        <ele>9.80000019073486328125</ele>
        <time>2020-10-29T03:49:02.000Z</time>
        <extensions>
          <ns3:TrackPointExtension/>
        </extensions>
      </trkpt>
      <trkpt lat="32.06670756451785564422607421875" lon="118.7250136770308017730712890625">
        <ele>9.80000019073486328125</ele>
        <time>2020-10-29T03:49:03.000Z</time>
        <extensions>
          <ns3:TrackPointExtension/>
        </extensions>
      </trkpt>
      <trkpt lat="32.06667319871485233306884765625" lon="118.7250136770308017730712890625">
        <ele>9.80000019073486328125</ele>
        <time>2020-10-29T03:49:04.000Z</time>
        <extensions>
          <ns3:TrackPointExtension/>
        </extensions>
      </trkpt>
      <trkpt lat="32.06664268858730792999267578125" lon="118.72500604949891567230224609375">
        <ele>9.80000019073486328125</ele>
        <time>2020-10-29T03:49:05.000Z</time>
        <extensions>
          <ns3:TrackPointExtension>
            <ns3:hr>177</ns3:hr>
          </ns3:TrackPointExtension>
        </extensions>
      </trkpt>
      <trkpt lat="32.06661217845976352691650390625" lon="118.724998421967029571533203125">
        <ele>9.80000019073486328125</ele>
        <time>2020-10-29T03:49:06.000Z</time>
        <extensions>
          <ns3:TrackPointExtension/>
        </extensions>
      </trkpt>
      <trkpt lat="32.06658166833221912384033203125" lon="118.72499079443514347076416015625">
        <ele>9.80000019073486328125</ele>
        <time>2020-10-29T03:49:07.000Z</time>
        <extensions>
          <ns3:TrackPointExtension/>
        </extensions>
      </trkpt>
      <trkpt lat="32.06655115820467472076416015625" lon="118.7249831669032573699951171875">
        <ele>9.80000019073486328125</ele>
        <time>2020-10-29T03:49:08.000Z</time>
        <extensions>
          <ns3:TrackPointExtension/>
        </extensions>
      </trkpt>
      <trkpt lat="32.06652064807713031768798828125" lon="118.72497553937137126922607421875">
        <ele>9.80000019073486328125</ele>
        <time>2020-10-29T03:49:09.000Z</time>
        <extensions>
          <ns3:TrackPointExtension/>
        </extensions>
      </trkpt>
      <trkpt lat="32.06649013794958591461181640625" lon="118.72496791183948516845703125">
        <ele>9.80000019073486328125</ele>
        <time>2020-10-29T03:49:10.000Z</time>
        <extensions>
          <ns3:TrackPointExtension>
            <ns3:hr>181</ns3:hr>
          </ns3:TrackPointExtension>
        </extensions>
      </trkpt>
      <trkpt lat="32.06645577214658260345458984375" lon="118.72496791183948516845703125">
        <ele>10</ele>
        <time>2020-10-29T03:49:11.000Z</time>
        <extensions>
          <ns3:TrackPointExtension/>
        </extensions>
      </trkpt>
      <trkpt lat="32.06642526201903820037841796875" lon="118.72496028430759906768798828125">
        <ele>10</ele>
        <time>2020-10-29T03:49:12.000Z</time>
        <extensions>
          <ns3:TrackPointExtension/>
        </extensions>
      </trkpt>
      <trkpt lat="32.0663909800350666046142578125" lon="118.7249526567757129669189453125">
        <ele>10.19999980926513671875</ele>
        <time>2020-10-29T03:49:13.000Z</time>
        <extensions>
          <ns3:TrackPointExtension/>
        </extensions>
      </trkpt>
      <trkpt lat="32.0663604699075222015380859375" lon="118.72494502924382686614990234375">
        <ele>10.19999980926513671875</ele>
        <time>2020-10-29T03:49:14.000Z</time>
        <extensions>
          <ns3:TrackPointExtension/>
        </extensions>
      </trkpt>
      <trkpt lat="32.066326104104518890380859375" lon="118.72494502924382686614990234375">
        <ele>10.3999996185302734375</ele>
        <time>2020-10-29T03:49:15.000Z</time>
        <extensions>
          <ns3:TrackPointExtension>
            <ns3:hr>177</ns3:hr>
          </ns3:TrackPointExtension>
        </extensions>
      </trkpt>
      <trkpt lat="32.0662917383015155792236328125" lon="118.724937401711940765380859375">
        <ele>10.3999996185302734375</ele>
        <time>2020-10-29T03:49:16.000Z</time>
        <extensions>
          <ns3:TrackPointExtension/>
        </extensions>
      </trkpt>
      <trkpt lat="32.06625745631754398345947265625" lon="118.724937401711940765380859375">
        <ele>10.6000003814697265625</ele>
        <time>2020-10-29T03:49:17.000Z</time>
        <extensions>
          <ns3:TrackPointExtension/>
        </extensions>
      </trkpt>
      <trkpt lat="32.06622309051454067230224609375" lon="118.72492977418005466461181640625">
        <ele>10.3999996185302734375</ele>
        <time>2020-10-29T03:49:18.000Z</time>
        <extensions>
          <ns3:TrackPointExtension/>
        </extensions>
      </trkpt>
      <trkpt lat="32.0661888085305690765380859375" lon="118.72492977418005466461181640625">
        <ele>10.19999980926513671875</ele>
        <time>2020-10-29T03:49:19.000Z</time>
        <extensions>
          <ns3:TrackPointExtension/>
        </extensions>
      </trkpt>
      <trkpt lat="32.06615821458399295806884765625" lon="118.72492977418005466461181640625">
        <ele>10.19999980926513671875</ele>
        <time>2020-10-29T03:49:20.000Z</time>
        <extensions>
          <ns3:TrackPointExtension>
            <ns3:hr>182</ns3:hr>
          </ns3:TrackPointExtension>
        </extensions>
      </trkpt>
      <trkpt lat="32.0661239326000213623046875" lon="118.72492977418005466461181640625">
        <ele>10</ele>
        <time>2020-10-29T03:49:21.000Z</time>
        <extensions>
          <ns3:TrackPointExtension/>
        </extensions>
      </trkpt>
      <trkpt lat="32.066093422472476959228515625" lon="118.72492977418005466461181640625">
        <ele>9.80000019073486328125</ele>
        <time>2020-10-29T03:49:22.000Z</time>
        <extensions>
          <ns3:TrackPointExtension/>
        </extensions>
      </trkpt>
      <trkpt lat="32.06606291234493255615234375" lon="118.72492977418005466461181640625">
        <ele>9.6000003814697265625</ele>
        <time>2020-10-29T03:49:23.000Z</time>
        <extensions>
          <ns3:TrackPointExtension/>
        </extensions>
      </trkpt>
      <trkpt lat="32.0660285465419292449951171875" lon="118.72492977418005466461181640625">
        <ele>9.19999980926513671875</ele>
        <time>2020-10-29T03:49:24.000Z</time>
        <extensions>
          <ns3:TrackPointExtension/>
        </extensions>
      </trkpt>
      <trkpt lat="32.0659980364143848419189453125" lon="118.72492977418005466461181640625">
        <ele>9</ele>
        <time>2020-10-29T03:49:25.000Z</time>
        <extensions>
          <ns3:TrackPointExtension>
            <ns3:hr>179</ns3:hr>
          </ns3:TrackPointExtension>
        </extensions>
      </trkpt>
      <trkpt lat="32.0659675262868404388427734375" lon="118.72492977418005466461181640625">
        <ele>9</ele>
        <time>2020-10-29T03:49:26.000Z</time>
        <extensions>
          <ns3:TrackPointExtension/>
        </extensions>
      </trkpt>
      <trkpt lat="32.0659370161592960357666015625" lon="118.724937401711940765380859375">
        <ele>9.19999980926513671875</ele>
        <time>2020-10-29T03:49:27.000Z</time>
        <extensions>
          <ns3:TrackPointExtension/>
        </extensions>
      </trkpt>
      <trkpt lat="32.065902650356292724609375" lon="118.724937401711940765380859375">
        <ele>9.3999996185302734375</ele>
        <time>2020-10-29T03:49:28.000Z</time>
        <extensions>
          <ns3:TrackPointExtension/>
        </extensions>
      </trkpt>
      <trkpt lat="32.065872140228748321533203125" lon="118.724937401711940765380859375">
        <ele>9.3999996185302734375</ele>
        <time>2020-10-29T03:49:29.000Z</time>
        <extensions>
          <ns3:TrackPointExtension/>
        </extensions>
      </trkpt>
      <trkpt lat="32.06584163010120391845703125" lon="118.724937401711940765380859375">
        <ele>9.6000003814697265625</ele>
        <time>2020-10-29T03:49:30.000Z</time>
        <extensions>
          <ns3:TrackPointExtension>
            <ns3:hr>184</ns3:hr>
            <ns3:cad>79</ns3:cad>
          </ns3:TrackPointExtension>
        </extensions>
      </trkpt>
      <trkpt lat="32.065811119973659515380859375" lon="118.724937401711940765380859375">
        <ele>9.6000003814697265625</ele>
        <time>2020-10-29T03:49:31.000Z</time>
        <extensions>
          <ns3:TrackPointExtension/>
        </extensions>
      </trkpt>
      <trkpt lat="32.0657806098461151123046875" lon="118.72494502924382686614990234375">
        <ele>9.80000019073486328125</ele>
        <time>2020-10-29T03:49:32.000Z</time>
        <extensions>
          <ns3:TrackPointExtension/>
        </extensions>
      </trkpt>
      <trkpt lat="32.065750099718570709228515625" lon="118.72494502924382686614990234375">
        <ele>9.80000019073486328125</ele>
        <time>2020-10-29T03:49:33.000Z</time>
        <extensions>
          <ns3:TrackPointExtension/>
        </extensions>
      </trkpt>
      <trkpt lat="32.06572336144745349884033203125" lon="118.72494502924382686614990234375">
        <ele>10</ele>
        <time>2020-10-29T03:49:34.000Z</time>
        <extensions>
          <ns3:TrackPointExtension/>
        </extensions>
      </trkpt>
      <trkpt lat="32.06569285131990909576416015625" lon="118.72494502924382686614990234375">
        <ele>10</ele>
        <time>2020-10-29T03:49:35.000Z</time>
        <extensions>
          <ns3:TrackPointExtension>
            <ns3:hr>178</ns3:hr>
          </ns3:TrackPointExtension>
        </extensions>
      </trkpt>
      <trkpt lat="32.06566619686782360076904296875" lon="118.72494502924382686614990234375">
        <ele>10.19999980926513671875</ele>
        <time>2020-10-29T03:49:36.000Z</time>
        <extensions>
          <ns3:TrackPointExtension/>
        </extensions>
      </trkpt>
      <trkpt lat="32.0656356029212474822998046875" lon="118.72494502924382686614990234375">
        <ele>10.19999980926513671875</ele>
        <time>2020-10-29T03:49:37.000Z</time>
        <extensions>
          <ns3:TrackPointExtension/>
        </extensions>
      </trkpt>
      <trkpt lat="32.0656089484691619873046875" lon="118.72494502924382686614990234375">
        <ele>10.3999996185302734375</ele>
        <time>2020-10-29T03:49:38.000Z</time>
        <extensions>
          <ns3:TrackPointExtension/>
        </extensions>
      </trkpt>
      <trkpt lat="32.06558221019804477691650390625" lon="118.72494502924382686614990234375">
        <ele>10.3999996185302734375</ele>
        <time>2020-10-29T03:49:39.000Z</time>
        <extensions>
          <ns3:TrackPointExtension/>
        </extensions>
      </trkpt>
      <trkpt lat="32.06555555574595928192138671875" lon="118.72494502924382686614990234375">
        <ele>10.6000003814697265625</ele>
        <time>2020-10-29T03:49:40.000Z</time>
        <extensions>
          <ns3:TrackPointExtension>
            <ns3:hr>181</ns3:hr>
          </ns3:TrackPointExtension>
        </extensions>
      </trkpt>
      <trkpt lat="32.06552504561841487884521484375" lon="118.72494502924382686614990234375">
        <ele>10.6000003814697265625</ele>
        <time>2020-10-29T03:49:41.000Z</time>
        <extensions>
          <ns3:TrackPointExtension/>
        </extensions>
      </trkpt>
      <trkpt lat="32.06549830734729766845703125" lon="118.72494502924382686614990234375">
        <ele>10.80000019073486328125</ele>
        <time>2020-10-29T03:49:42.000Z</time>
        <extensions>
          <ns3:TrackPointExtension/>
        </extensions>
      </trkpt>
      <trkpt lat="32.06547156907618045806884765625" lon="118.72494502924382686614990234375">
        <ele>10.80000019073486328125</ele>
        <time>2020-10-29T03:49:43.000Z</time>
        <extensions>
          <ns3:TrackPointExtension/>
        </extensions>
      </trkpt>
      <trkpt lat="32.06544491462409496307373046875" lon="118.72494502924382686614990234375">
        <ele>11</ele>
        <time>2020-10-29T03:49:44.000Z</time>
        <extensions>
          <ns3:TrackPointExtension/>
        </extensions>
      </trkpt>
      <trkpt lat="32.06541440449655055999755859375" lon="118.72494502924382686614990234375">
        <ele>11</ele>
        <time>2020-10-29T03:49:45.000Z</time>
        <extensions>
          <ns3:TrackPointExtension>
            <ns3:hr>176</ns3:hr>
          </ns3:TrackPointExtension>
        </extensions>
      </trkpt>
      <trkpt lat="32.065387666225433349609375" lon="118.72494502924382686614990234375">
        <ele>10.80000019073486328125</ele>
        <time>2020-10-29T03:49:46.000Z</time>
        <extensions>
          <ns3:TrackPointExtension/>
        </extensions>
      </trkpt>
      <trkpt lat="32.065357156097888946533203125" lon="118.72494502924382686614990234375">
        <ele>10.80000019073486328125</ele>
        <time>2020-10-29T03:49:47.000Z</time>
        <extensions>
          <ns3:TrackPointExtension/>
        </extensions>
      </trkpt>
      <trkpt lat="32.0653305016458034515380859375" lon="118.72494502924382686614990234375">
        <ele>10.6000003814697265625</ele>
        <time>2020-10-29T03:49:48.000Z</time>
        <extensions>
          <ns3:TrackPointExtension/>
        </extensions>
      </trkpt>
      <trkpt lat="32.06529990769922733306884765625" lon="118.72494502924382686614990234375">
        <ele>10.6000003814697265625</ele>
        <time>2020-10-29T03:49:49.000Z</time>
        <extensions>
          <ns3:TrackPointExtension/>
        </extensions>
      </trkpt>
      <trkpt lat="32.06526939757168292999267578125" lon="118.72494502924382686614990234375">
        <ele>10.3999996185302734375</ele>
        <time>2020-10-29T03:49:50.000Z</time>
        <extensions>
          <ns3:TrackPointExtension>
            <ns3:hr>180</ns3:hr>
          </ns3:TrackPointExtension>
        </extensions>
      </trkpt>
      <trkpt lat="32.06523888744413852691650390625" lon="118.72494502924382686614990234375">
        <ele>10.19999980926513671875</ele>
        <time>2020-10-29T03:49:51.000Z</time>
        <extensions>
          <ns3:TrackPointExtension/>
        </extensions>
      </trkpt>
      <trkpt lat="32.06520837731659412384033203125" lon="118.7249526567757129669189453125">
        <ele>10.19999980926513671875</ele>
        <time>2020-10-29T03:49:52.000Z</time>
        <extensions>
          <ns3:TrackPointExtension/>
        </extensions>
      </trkpt>
      <trkpt lat="32.06517786718904972076416015625" lon="118.7249526567757129669189453125">
        <ele>10</ele>
        <time>2020-10-29T03:49:53.000Z</time>
        <extensions>
          <ns3:TrackPointExtension/>
        </extensions>
      </trkpt>
      <trkpt lat="32.06514735706150531768798828125" lon="118.7249526567757129669189453125">
        <ele>10</ele>
        <time>2020-10-29T03:49:54.000Z</time>
        <extensions>
          <ns3:TrackPointExtension/>
        </extensions>
      </trkpt>
      <trkpt lat="32.06511299125850200653076171875" lon="118.7249526567757129669189453125">
        <ele>9.80000019073486328125</ele>
        <time>2020-10-29T03:49:55.000Z</time>
        <extensions>
          <ns3:TrackPointExtension>
            <ns3:hr>177</ns3:hr>
          </ns3:TrackPointExtension>
        </extensions>
      </trkpt>
      <trkpt lat="32.06508248113095760345458984375" lon="118.72496028430759906768798828125">
        <ele>9.80000019073486328125</ele>
        <time>2020-10-29T03:49:56.000Z</time>
        <extensions>
          <ns3:TrackPointExtension/>
        </extensions>
      </trkpt>
      <trkpt lat="32.0650481991469860076904296875" lon="118.72496028430759906768798828125">
        <ele>9.6000003814697265625</ele>
        <time>2020-10-29T03:49:57.000Z</time>
        <extensions>
          <ns3:TrackPointExtension/>
        </extensions>
      </trkpt>
      <trkpt lat="32.065013833343982696533203125" lon="118.72496028430759906768798828125">
        <ele>9.3999996185302734375</ele>
        <time>2020-10-29T03:49:58.000Z</time>
        <extensions>
          <ns3:TrackPointExtension/>
        </extensions>
      </trkpt>
      <trkpt lat="32.06498332321643829345703125" lon="118.72496791183948516845703125">
        <ele>9.3999996185302734375</ele>
        <time>2020-10-29T03:49:59.000Z</time>
        <extensions>
          <ns3:TrackPointExtension/>
        </extensions>
      </trkpt>
      <trkpt lat="32.0649489574134349822998046875" lon="118.72496791183948516845703125">
        <ele>9.19999980926513671875</ele>
        <time>2020-10-29T03:50:00.000Z</time>
        <extensions>
          <ns3:TrackPointExtension>
            <ns3:hr>179</ns3:hr>
          </ns3:TrackPointExtension>
        </extensions>
      </trkpt>
      <trkpt lat="32.06491467542946338653564453125" lon="118.72496791183948516845703125">
        <ele>9.19999980926513671875</ele>
        <time>2020-10-29T03:50:01.000Z</time>
        <extensions>
          <ns3:TrackPointExtension/>
        </extensions>
      </trkpt>
      <trkpt lat="32.06488030962646007537841796875" lon="118.72496791183948516845703125">
        <ele>9</ele>
        <time>2020-10-29T03:50:02.000Z</time>
        <extensions>
          <ns3:TrackPointExtension/>
        </extensions>
      </trkpt>
      <trkpt lat="32.0648460276424884796142578125" lon="118.72497553937137126922607421875">
        <ele>8.80000019073486328125</ele>
        <time>2020-10-29T03:50:03.000Z</time>
        <extensions>
          <ns3:TrackPointExtension/>
        </extensions>
      </trkpt>
      <trkpt lat="32.06480788998305797576904296875" lon="118.72497553937137126922607421875">
        <ele>8.3999996185302734375</ele>
        <time>2020-10-29T03:50:04.000Z</time>
        <extensions>
          <ns3:TrackPointExtension/>
        </extensions>
      </trkpt>
      <trkpt lat="32.06477352418005466461181640625" lon="118.72497553937137126922607421875">
        <ele>8.3999996185302734375</ele>
        <time>2020-10-29T03:50:05.000Z</time>
        <extensions>
          <ns3:TrackPointExtension>
            <ns3:hr>179</ns3:hr>
          </ns3:TrackPointExtension>
        </extensions>
      </trkpt>
      <trkpt lat="32.0647353865206241607666015625" lon="118.72497553937137126922607421875">
        <ele>8.19999980926513671875</ele>
        <time>2020-10-29T03:50:06.000Z</time>
        <extensions>
          <ns3:TrackPointExtension/>
        </extensions>
      </trkpt>
      <trkpt lat="32.06469724886119365692138671875" lon="118.72497553937137126922607421875">
        <ele>8</ele>
        <time>2020-10-29T03:50:07.000Z</time>
        <extensions>
          <ns3:TrackPointExtension/>
        </extensions>
      </trkpt>
      <trkpt lat="32.064659111201763153076171875" lon="118.72496791183948516845703125">
        <ele>7.80000019073486328125</ele>
        <time>2020-10-29T03:50:08.000Z</time>
        <extensions>
          <ns3:TrackPointExtension/>
        </extensions>
      </trkpt>
      <trkpt lat="32.0646247453987598419189453125" lon="118.72496791183948516845703125">
        <ele>7.80000019073486328125</ele>
        <time>2020-10-29T03:50:09.000Z</time>
        <extensions>
          <ns3:TrackPointExtension/>
        </extensions>
      </trkpt>
      <trkpt lat="32.06458660773932933807373046875" lon="118.72496028430759906768798828125">
        <ele>7.599999904632568359375</ele>
        <time>2020-10-29T03:50:10.000Z</time>
        <extensions>
          <ns3:TrackPointExtension>
            <ns3:hr>180</ns3:hr>
          </ns3:TrackPointExtension>
        </extensions>
      </trkpt>
      <trkpt lat="32.064548470079898834228515625" lon="118.72496028430759906768798828125">
        <ele>7.599999904632568359375</ele>
        <time>2020-10-29T03:50:11.000Z</time>
        <extensions>
          <ns3:TrackPointExtension/>
        </extensions>
      </trkpt>
      <trkpt lat="32.06451033242046833038330078125" lon="118.7249526567757129669189453125">
        <ele>7.599999904632568359375</ele>
        <time>2020-10-29T03:50:12.000Z</time>
        <extensions>
          <ns3:TrackPointExtension/>
        </extensions>
      </trkpt>
      <trkpt lat="32.06447596661746501922607421875" lon="118.72494502924382686614990234375">
        <ele>7.599999904632568359375</ele>
        <time>2020-10-29T03:50:13.000Z</time>
        <extensions>
          <ns3:TrackPointExtension/>
        </extensions>
      </trkpt>
      <trkpt lat="32.06444160081446170806884765625" lon="118.724937401711940765380859375">
        <ele>7.599999904632568359375</ele>
        <time>2020-10-29T03:50:14.000Z</time>
        <extensions>
          <ns3:TrackPointExtension/>
        </extensions>
      </trkpt>
      <trkpt lat="32.06441109068691730499267578125" lon="118.724937401711940765380859375">
        <ele>7.599999904632568359375</ele>
        <time>2020-10-29T03:50:15.000Z</time>
        <extensions>
          <ns3:TrackPointExtension>
            <ns3:hr>176</ns3:hr>
          </ns3:TrackPointExtension>
        </extensions>
      </trkpt>
      <trkpt lat="32.064376808702945709228515625" lon="118.72492977418005466461181640625">
        <ele>7.599999904632568359375</ele>
        <time>2020-10-29T03:50:16.000Z</time>
        <extensions>
          <ns3:TrackPointExtension/>
        </extensions>
      </trkpt>
      <trkpt lat="32.06434629857540130615234375" lon="118.7249221466481685638427734375">
        <ele>7.400000095367431640625</ele>
        <time>2020-10-29T03:50:17.000Z</time>
        <extensions>
          <ns3:TrackPointExtension/>
        </extensions>
      </trkpt>
      <trkpt lat="32.064315788447856903076171875" lon="118.72491451911628246307373046875">
        <ele>7.400000095367431640625</ele>
        <time>2020-10-29T03:50:18.000Z</time>
        <extensions>
          <ns3:TrackPointExtension/>
        </extensions>
      </trkpt>
      <trkpt lat="32.0642852783203125" lon="118.7249068915843963623046875">
        <ele>7.599999904632568359375</ele>
        <time>2020-10-29T03:50:19.000Z</time>
        <extensions>
          <ns3:TrackPointExtension/>
        </extensions>
      </trkpt>
      <trkpt lat="32.06425468437373638153076171875" lon="118.72489926405251026153564453125">
        <ele>7.599999904632568359375</ele>
        <time>2020-10-29T03:50:20.000Z</time>
        <extensions>
          <ns3:TrackPointExtension>
            <ns3:hr>176</ns3:hr>
          </ns3:TrackPointExtension>
        </extensions>
      </trkpt>
      <trkpt lat="32.06422417424619197845458984375" lon="118.7248916365206241607666015625">
        <ele>7.80000019073486328125</ele>
        <time>2020-10-29T03:50:21.000Z</time>
        <extensions>
          <ns3:TrackPointExtension/>
        </extensions>
      </trkpt>
      <trkpt lat="32.06419751979410648345947265625" lon="118.72488400898873805999755859375">
        <ele>7.80000019073486328125</ele>
        <time>2020-10-29T03:50:22.000Z</time>
        <extensions>
          <ns3:TrackPointExtension/>
        </extensions>
      </trkpt>
      <trkpt lat="32.06416700966656208038330078125" lon="118.72486875392496585845947265625">
        <ele>7.80000019073486328125</ele>
        <time>2020-10-29T03:50:23.000Z</time>
        <extensions>
          <ns3:TrackPointExtension/>
        </extensions>
      </trkpt>
      <trkpt lat="32.06413649953901767730712890625" lon="118.7248611263930797576904296875">
        <ele>8</ele>
        <time>2020-10-29T03:50:24.000Z</time>
        <extensions>
          <ns3:TrackPointExtension/>
        </extensions>
      </trkpt>
      <trkpt lat="32.064105905592441558837890625" lon="118.72485349886119365692138671875">
        <ele>8</ele>
        <time>2020-10-29T03:50:25.000Z</time>
        <extensions>
          <ns3:TrackPointExtension>
            <ns3:hr>176</ns3:hr>
          </ns3:TrackPointExtension>
        </extensions>
      </trkpt>
      <trkpt lat="32.06407539546489715576171875" lon="118.72484587132930755615234375">
        <ele>8.19999980926513671875</ele>
        <time>2020-10-29T03:50:26.000Z</time>
        <extensions>
          <ns3:TrackPointExtension/>
        </extensions>
      </trkpt>
      <trkpt lat="32.064044885337352752685546875" lon="118.7248306162655353546142578125">
        <ele>8.19999980926513671875</ele>
        <time>2020-10-29T03:50:27.000Z</time>
        <extensions>
          <ns3:TrackPointExtension/>
        </extensions>
      </trkpt>
      <trkpt lat="32.0640182308852672576904296875" lon="118.72482298873364925384521484375">
        <ele>8.19999980926513671875</ele>
        <time>2020-10-29T03:50:28.000Z</time>
        <extensions>
          <ns3:TrackPointExtension/>
        </extensions>
      </trkpt>
      <trkpt lat="32.0639877207577228546142578125" lon="118.724815361201763153076171875">
        <ele>8.19999980926513671875</ele>
        <time>2020-10-29T03:50:29.000Z</time>
        <extensions>
          <ns3:TrackPointExtension/>
        </extensions>
      </trkpt>
      <trkpt lat="32.06396098248660564422607421875" lon="118.7248001061379909515380859375">
        <ele>8</ele>
        <time>2020-10-29T03:50:30.000Z</time>
        <extensions>
          <ns3:TrackPointExtension>
            <ns3:hr>179</ns3:hr>
            <ns3:cad>80</ns3:cad>
          </ns3:TrackPointExtension>
        </extensions>
      </trkpt>
      <trkpt lat="32.06393047235906124114990234375" lon="118.72479247860610485076904296875">
        <ele>8</ele>
        <time>2020-10-29T03:50:31.000Z</time>
        <extensions>
          <ns3:TrackPointExtension/>
        </extensions>
      </trkpt>
      <trkpt lat="32.06390373408794403076171875" lon="118.72478485107421875">
        <ele>8</ele>
        <time>2020-10-29T03:50:32.000Z</time>
        <extensions>
          <ns3:TrackPointExtension/>
        </extensions>
      </trkpt>
      <trkpt lat="32.0638770796358585357666015625" lon="118.724777139723300933837890625">
        <ele>8</ele>
        <time>2020-10-29T03:50:33.000Z</time>
        <extensions>
          <ns3:TrackPointExtension/>
        </extensions>
      </trkpt>
      <trkpt lat="32.0638465695083141326904296875" lon="118.72476951219141483306884765625">
        <ele>7.80000019073486328125</ele>
        <time>2020-10-29T03:50:34.000Z</time>
        <extensions>
          <ns3:TrackPointExtension/>
        </extensions>
      </trkpt>
      <trkpt lat="32.06381983123719692230224609375" lon="118.72476951219141483306884765625">
        <ele>7.80000019073486328125</ele>
        <time>2020-10-29T03:50:35.000Z</time>
        <extensions>
          <ns3:TrackPointExtension>
            <ns3:hr>180</ns3:hr>
          </ns3:TrackPointExtension>
        </extensions>
      </trkpt>
      <trkpt lat="32.06379317678511142730712890625" lon="118.7247618846595287322998046875">
        <ele>7.80000019073486328125</ele>
        <time>2020-10-29T03:50:36.000Z</time>
        <extensions>
          <ns3:TrackPointExtension/>
        </extensions>
      </trkpt>
      <trkpt lat="32.0637664385139942169189453125" lon="118.72475425712764263153076171875">
        <ele>7.80000019073486328125</ele>
        <time>2020-10-29T03:50:37.000Z</time>
        <extensions>
          <ns3:TrackPointExtension/>
        </extensions>
      </trkpt>
      <trkpt lat="32.06373970024287700653076171875" lon="118.72475425712764263153076171875">
        <ele>7.80000019073486328125</ele>
        <time>2020-10-29T03:50:38.000Z</time>
        <extensions>
          <ns3:TrackPointExtension/>
        </extensions>
      </trkpt>
      <trkpt lat="32.06371304579079151153564453125" lon="118.72474662959575653076171875">
        <ele>8</ele>
        <time>2020-10-29T03:50:39.000Z</time>
        <extensions>
          <ns3:TrackPointExtension/>
        </extensions>
      </trkpt>
      <trkpt lat="32.0636863075196743011474609375" lon="118.72474662959575653076171875">
        <ele>8</ele>
        <time>2020-10-29T03:50:40.000Z</time>
        <extensions>
          <ns3:TrackPointExtension>
            <ns3:hr>178</ns3:hr>
          </ns3:TrackPointExtension>
        </extensions>
      </trkpt>
      <trkpt lat="32.0636557973921298980712890625" lon="118.72474662959575653076171875">
        <ele>8.19999980926513671875</ele>
        <time>2020-10-29T03:50:41.000Z</time>
        <extensions>
          <ns3:TrackPointExtension/>
        </extensions>
      </trkpt>
      <trkpt lat="32.0636252872645854949951171875" lon="118.72473900206387042999267578125">
        <ele>8.19999980926513671875</ele>
        <time>2020-10-29T03:50:42.000Z</time>
        <extensions>
          <ns3:TrackPointExtension/>
        </extensions>
      </trkpt>
      <trkpt lat="32.0635986328125" lon="118.72473900206387042999267578125">
        <ele>8.19999980926513671875</ele>
        <time>2020-10-29T03:50:43.000Z</time>
        <extensions>
          <ns3:TrackPointExtension/>
        </extensions>
      </trkpt>
      <trkpt lat="32.06356803886592388153076171875" lon="118.72473900206387042999267578125">
        <ele>8.3999996185302734375</ele>
        <time>2020-10-29T03:50:44.000Z</time>
        <extensions>
          <ns3:TrackPointExtension/>
        </extensions>
      </trkpt>
      <trkpt lat="32.06353752873837947845458984375" lon="118.72473900206387042999267578125">
        <ele>8.6000003814697265625</ele>
        <time>2020-10-29T03:50:45.000Z</time>
        <extensions>
          <ns3:TrackPointExtension>
            <ns3:hr>179</ns3:hr>
          </ns3:TrackPointExtension>
        </extensions>
      </trkpt>
      <trkpt lat="32.0635032467544078826904296875" lon="118.72474662959575653076171875">
        <ele>8.6000003814697265625</ele>
        <time>2020-10-29T03:50:46.000Z</time>
        <extensions>
          <ns3:TrackPointExtension/>
        </extensions>
      </trkpt>
      <trkpt lat="32.0634727366268634796142578125" lon="118.72474662959575653076171875">
        <ele>8.80000019073486328125</ele>
        <time>2020-10-29T03:50:47.000Z</time>
        <extensions>
          <ns3:TrackPointExtension/>
        </extensions>
      </trkpt>
      <trkpt lat="32.06343837082386016845703125" lon="118.72474662959575653076171875">
        <ele>8.80000019073486328125</ele>
        <time>2020-10-29T03:50:48.000Z</time>
        <extensions>
          <ns3:TrackPointExtension/>
        </extensions>
      </trkpt>
      <trkpt lat="32.063407860696315765380859375" lon="118.72474662959575653076171875">
        <ele>8.80000019073486328125</ele>
        <time>2020-10-29T03:50:49.000Z</time>
        <extensions>
          <ns3:TrackPointExtension/>
        </extensions>
      </trkpt>
      <trkpt lat="32.0633773505687713623046875" lon="118.72474662959575653076171875">
        <ele>8.80000019073486328125</ele>
        <time>2020-10-29T03:50:50.000Z</time>
        <extensions>
          <ns3:TrackPointExtension>
            <ns3:hr>179</ns3:hr>
          </ns3:TrackPointExtension>
        </extensions>
      </trkpt>
      <trkpt lat="32.063346840441226959228515625" lon="118.72474662959575653076171875">
        <ele>8.80000019073486328125</ele>
        <time>2020-10-29T03:50:51.000Z</time>
        <extensions>
          <ns3:TrackPointExtension/>
        </extensions>
      </trkpt>
      <trkpt lat="32.06331633031368255615234375" lon="118.72474662959575653076171875">
        <ele>8.80000019073486328125</ele>
        <time>2020-10-29T03:50:52.000Z</time>
        <extensions>
          <ns3:TrackPointExtension/>
        </extensions>
      </trkpt>
      <trkpt lat="32.063285820186138153076171875" lon="118.72474662959575653076171875">
        <ele>8.80000019073486328125</ele>
        <time>2020-10-29T03:50:53.000Z</time>
        <extensions>
          <ns3:TrackPointExtension/>
        </extensions>
      </trkpt>
      <trkpt lat="32.06325531005859375" lon="118.72474662959575653076171875">
        <ele>8.80000019073486328125</ele>
        <time>2020-10-29T03:50:54.000Z</time>
        <extensions>
          <ns3:TrackPointExtension/>
        </extensions>
      </trkpt>
      <trkpt lat="32.06322471611201763153076171875" lon="118.72474662959575653076171875">
        <ele>8.80000019073486328125</ele>
        <time>2020-10-29T03:50:55.000Z</time>
        <extensions>
          <ns3:TrackPointExtension>
            <ns3:hr>182</ns3:hr>
          </ns3:TrackPointExtension>
        </extensions>
      </trkpt>
      <trkpt lat="32.06319420598447322845458984375" lon="118.72473900206387042999267578125">
        <ele>8.6000003814697265625</ele>
        <time>2020-10-29T03:50:56.000Z</time>
        <extensions>
          <ns3:TrackPointExtension/>
        </extensions>
      </trkpt>
      <trkpt lat="32.06316369585692882537841796875" lon="118.72473900206387042999267578125">
        <ele>8.6000003814697265625</ele>
        <time>2020-10-29T03:50:57.000Z</time>
        <extensions>
          <ns3:TrackPointExtension/>
        </extensions>
      </trkpt>
      <trkpt lat="32.06313704140484333038330078125" lon="118.72473900206387042999267578125">
        <ele>8.6000003814697265625</ele>
        <time>2020-10-29T03:50:58.000Z</time>
        <extensions>
          <ns3:TrackPointExtension/>
        </extensions>
      </trkpt>
      <trkpt lat="32.06310653127729892730712890625" lon="118.7247313745319843292236328125">
        <ele>8.3999996185302734375</ele>
        <time>2020-10-29T03:50:59.000Z</time>
        <extensions>
          <ns3:TrackPointExtension/>
        </extensions>
      </trkpt>
      <trkpt lat="32.063075937330722808837890625" lon="118.7247313745319843292236328125">
        <ele>8.3999996185302734375</ele>
        <time>2020-10-29T03:51:00.000Z</time>
        <extensions>
          <ns3:TrackPointExtension>
            <ns3:hr>181</ns3:hr>
          </ns3:TrackPointExtension>
        </extensions>
      </trkpt>
      <trkpt lat="32.0630492828786373138427734375" lon="118.7247313745319843292236328125">
        <ele>8.19999980926513671875</ele>
        <time>2020-10-29T03:51:01.000Z</time>
        <extensions>
          <ns3:TrackPointExtension/>
        </extensions>
      </trkpt>
      <trkpt lat="32.0630187727510929107666015625" lon="118.7247313745319843292236328125">
        <ele>8.19999980926513671875</ele>
        <time>2020-10-29T03:51:02.000Z</time>
        <extensions>
          <ns3:TrackPointExtension/>
        </extensions>
      </trkpt>
      <trkpt lat="32.0629882626235485076904296875" lon="118.7247313745319843292236328125">
        <ele>8</ele>
        <time>2020-10-29T03:51:03.000Z</time>
        <extensions>
          <ns3:TrackPointExtension/>
        </extensions>
      </trkpt>
      <trkpt lat="32.0629577524960041046142578125" lon="118.7247313745319843292236328125">
        <ele>7.80000019073486328125</ele>
        <time>2020-10-29T03:51:04.000Z</time>
        <extensions>
          <ns3:TrackPointExtension/>
        </extensions>
      </trkpt>
      <trkpt lat="32.0629272423684597015380859375" lon="118.7247313745319843292236328125">
        <ele>7.80000019073486328125</ele>
        <time>2020-10-29T03:51:05.000Z</time>
        <extensions>
          <ns3:TrackPointExtension>
            <ns3:hr>178</ns3:hr>
          </ns3:TrackPointExtension>
        </extensions>
      </trkpt>
      <trkpt lat="32.06289664842188358306884765625" lon="118.72472374700009822845458984375">
        <ele>7.80000019073486328125</ele>
        <time>2020-10-29T03:51:06.000Z</time>
        <extensions>
          <ns3:TrackPointExtension/>
        </extensions>
      </trkpt>
      <trkpt lat="32.06286613829433917999267578125" lon="118.72472374700009822845458984375">
        <ele>7.80000019073486328125</ele>
        <time>2020-10-29T03:51:07.000Z</time>
        <extensions>
          <ns3:TrackPointExtension/>
        </extensions>
      </trkpt>
      <trkpt lat="32.06283562816679477691650390625" lon="118.72472374700009822845458984375">
        <ele>7.80000019073486328125</ele>
        <time>2020-10-29T03:51:08.000Z</time>
        <extensions>
          <ns3:TrackPointExtension/>
        </extensions>
      </trkpt>
      <trkpt lat="32.06280511803925037384033203125" lon="118.72472374700009822845458984375">
        <ele>7.80000019073486328125</ele>
        <time>2020-10-29T03:51:09.000Z</time>
        <extensions>
          <ns3:TrackPointExtension/>
        </extensions>
      </trkpt>
      <trkpt lat="32.06277460791170597076416015625" lon="118.72472374700009822845458984375">
        <ele>7.80000019073486328125</ele>
        <time>2020-10-29T03:51:10.000Z</time>
        <extensions>
          <ns3:TrackPointExtension>
            <ns3:hr>177</ns3:hr>
          </ns3:TrackPointExtension>
        </extensions>
      </trkpt>
      <trkpt lat="32.06274409778416156768798828125" lon="118.72472374700009822845458984375">
        <ele>7.80000019073486328125</ele>
        <time>2020-10-29T03:51:11.000Z</time>
        <extensions>
          <ns3:TrackPointExtension/>
        </extensions>
      </trkpt>
      <trkpt lat="32.06271358765661716461181640625" lon="118.72472374700009822845458984375">
        <ele>7.80000019073486328125</ele>
        <time>2020-10-29T03:51:12.000Z</time>
        <extensions>
          <ns3:TrackPointExtension/>
        </extensions>
      </trkpt>
      <trkpt lat="32.06268307752907276153564453125" lon="118.724716119468212127685546875">
        <ele>7.80000019073486328125</ele>
        <time>2020-10-29T03:51:13.000Z</time>
        <extensions>
          <ns3:TrackPointExtension/>
        </extensions>
      </trkpt>
      <trkpt lat="32.06265256740152835845947265625" lon="118.724716119468212127685546875">
        <ele>7.80000019073486328125</ele>
        <time>2020-10-29T03:51:14.000Z</time>
        <extensions>
          <ns3:TrackPointExtension/>
        </extensions>
      </trkpt>
      <trkpt lat="32.06262205727398395538330078125" lon="118.724716119468212127685546875">
        <ele>7.80000019073486328125</ele>
        <time>2020-10-29T03:51:15.000Z</time>
        <extensions>
          <ns3:TrackPointExtension>
            <ns3:hr>174</ns3:hr>
          </ns3:TrackPointExtension>
        </extensions>
      </trkpt>
      <trkpt lat="32.06259154714643955230712890625" lon="118.724716119468212127685546875">
        <ele>7.80000019073486328125</ele>
        <time>2020-10-29T03:51:16.000Z</time>
        <extensions>
          <ns3:TrackPointExtension/>
        </extensions>
      </trkpt>
      <trkpt lat="32.06255718134343624114990234375" lon="118.724716119468212127685546875">
        <ele>7.599999904632568359375</ele>
        <time>2020-10-29T03:51:17.000Z</time>
        <extensions>
          <ns3:TrackPointExtension/>
        </extensions>
      </trkpt>
      <trkpt lat="32.06252667121589183807373046875" lon="118.724716119468212127685546875">
        <ele>7.599999904632568359375</ele>
        <time>2020-10-29T03:51:18.000Z</time>
        <extensions>
          <ns3:TrackPointExtension/>
        </extensions>
      </trkpt>
      <trkpt lat="32.06249616108834743499755859375" lon="118.724716119468212127685546875">
        <ele>7.400000095367431640625</ele>
        <time>2020-10-29T03:51:19.000Z</time>
        <extensions>
          <ns3:TrackPointExtension/>
        </extensions>
      </trkpt>
      <trkpt lat="32.062469422817230224609375" lon="118.724716119468212127685546875">
        <ele>7.400000095367431640625</ele>
        <time>2020-10-29T03:51:20.000Z</time>
        <extensions>
          <ns3:TrackPointExtension>
            <ns3:hr>176</ns3:hr>
          </ns3:TrackPointExtension>
        </extensions>
      </trkpt>
      <trkpt lat="32.062438912689685821533203125" lon="118.72470849193632602691650390625">
        <ele>7.19999980926513671875</ele>
        <time>2020-10-29T03:51:21.000Z</time>
        <extensions>
          <ns3:TrackPointExtension/>
        </extensions>
      </trkpt>
      <trkpt lat="32.06240840256214141845703125" lon="118.7247008644044399261474609375">
        <ele>7.19999980926513671875</ele>
        <time>2020-10-29T03:51:22.000Z</time>
        <extensions>
          <ns3:TrackPointExtension/>
        </extensions>
      </trkpt>
      <trkpt lat="32.062377892434597015380859375" lon="118.72469323687255382537841796875">
        <ele>7</ele>
        <time>2020-10-29T03:51:23.000Z</time>
        <extensions>
          <ns3:TrackPointExtension/>
        </extensions>
      </trkpt>
      <trkpt lat="32.0623473823070526123046875" lon="118.724685609340667724609375">
        <ele>7</ele>
        <time>2020-10-29T03:51:24.000Z</time>
        <extensions>
          <ns3:TrackPointExtension/>
        </extensions>
      </trkpt>
      <trkpt lat="32.062316872179508209228515625" lon="118.7246703542768955230712890625">
        <ele>7</ele>
        <time>2020-10-29T03:51:25.000Z</time>
        <extensions>
          <ns3:TrackPointExtension>
            <ns3:hr>176</ns3:hr>
          </ns3:TrackPointExtension>
        </extensions>
      </trkpt>
      <trkpt lat="32.06229013390839099884033203125" lon="118.724655099213123321533203125">
        <ele>7</ele>
        <time>2020-10-29T03:51:26.000Z</time>
        <extensions>
          <ns3:TrackPointExtension/>
        </extensions>
      </trkpt>
      <trkpt lat="32.06225962378084659576416015625" lon="118.72464747168123722076416015625">
        <ele>7</ele>
        <time>2020-10-29T03:51:27.000Z</time>
        <extensions>
          <ns3:TrackPointExtension/>
        </extensions>
      </trkpt>
      <trkpt lat="32.06222911365330219268798828125" lon="118.72462458908557891845703125">
        <ele>7</ele>
        <time>2020-10-29T03:51:28.000Z</time>
        <extensions>
          <ns3:TrackPointExtension/>
        </extensions>
      </trkpt>
      <trkpt lat="32.0622023753821849822998046875" lon="118.7246093340218067169189453125">
        <ele>7</ele>
        <time>2020-10-29T03:51:29.000Z</time>
        <extensions>
          <ns3:TrackPointExtension/>
        </extensions>
      </trkpt>
      <trkpt lat="32.0621718652546405792236328125" lon="118.72460170648992061614990234375">
        <ele>7</ele>
        <time>2020-10-29T03:51:30.000Z</time>
        <extensions>
          <ns3:TrackPointExtension>
            <ns3:hr>176</ns3:hr>
            <ns3:cad>79</ns3:cad>
          </ns3:TrackPointExtension>
        </extensions>
      </trkpt>
      <trkpt lat="32.0621413551270961761474609375" lon="118.72458645142614841461181640625">
        <ele>7.19999980926513671875</ele>
        <time>2020-10-29T03:51:31.000Z</time>
        <extensions>
          <ns3:TrackPointExtension/>
        </extensions>
      </trkpt>
      <trkpt lat="32.0621108449995517730712890625" lon="118.72457119636237621307373046875">
        <ele>7.19999980926513671875</ele>
        <time>2020-10-29T03:51:32.000Z</time>
        <extensions>
          <ns3:TrackPointExtension/>
        </extensions>
      </trkpt>
      <trkpt lat="32.0620803348720073699951171875" lon="118.7245635688304901123046875">
        <ele>7.19999980926513671875</ele>
        <time>2020-10-29T03:51:33.000Z</time>
        <extensions>
          <ns3:TrackPointExtension/>
        </extensions>
      </trkpt>
      <trkpt lat="32.062053680419921875" lon="118.7245483137667179107666015625">
        <ele>7.19999980926513671875</ele>
        <time>2020-10-29T03:51:34.000Z</time>
        <extensions>
          <ns3:TrackPointExtension/>
        </extensions>
      </trkpt>
      <trkpt lat="32.06202308647334575653076171875" lon="118.7245483137667179107666015625">
        <ele>7.19999980926513671875</ele>
        <time>2020-10-29T03:51:35.000Z</time>
        <extensions>
          <ns3:TrackPointExtension>
            <ns3:hr>179</ns3:hr>
          </ns3:TrackPointExtension>
        </extensions>
      </trkpt>
      <trkpt lat="32.06199257634580135345458984375" lon="118.72454068623483180999755859375">
        <ele>7.19999980926513671875</ele>
        <time>2020-10-29T03:51:36.000Z</time>
        <extensions>
          <ns3:TrackPointExtension/>
        </extensions>
      </trkpt>
      <trkpt lat="32.06196206621825695037841796875" lon="118.72454068623483180999755859375">
        <ele>7.19999980926513671875</ele>
        <time>2020-10-29T03:51:37.000Z</time>
        <extensions>
          <ns3:TrackPointExtension/>
        </extensions>
      </trkpt>
      <trkpt lat="32.06193155609071254730224609375" lon="118.724533058702945709228515625">
        <ele>7</ele>
        <time>2020-10-29T03:51:38.000Z</time>
        <extensions>
          <ns3:TrackPointExtension/>
        </extensions>
      </trkpt>
      <trkpt lat="32.06190104596316814422607421875" lon="118.724533058702945709228515625">
        <ele>7</ele>
        <time>2020-10-29T03:51:39.000Z</time>
        <extensions>
          <ns3:TrackPointExtension/>
        </extensions>
      </trkpt>
      <trkpt lat="32.06187053583562374114990234375" lon="118.724533058702945709228515625">
        <ele>7</ele>
        <time>2020-10-29T03:51:40.000Z</time>
        <extensions>
          <ns3:TrackPointExtension>
            <ns3:hr>180</ns3:hr>
          </ns3:TrackPointExtension>
        </extensions>
      </trkpt>
      <trkpt lat="32.06184379756450653076171875" lon="118.724533058702945709228515625">
        <ele>7.19999980926513671875</ele>
        <time>2020-10-29T03:51:41.000Z</time>
        <extensions>
          <ns3:TrackPointExtension/>
        </extensions>
      </trkpt>
      <trkpt lat="32.0618171431124210357666015625" lon="118.724533058702945709228515625">
        <ele>7.19999980926513671875</ele>
        <time>2020-10-29T03:51:42.000Z</time>
        <extensions>
          <ns3:TrackPointExtension/>
        </extensions>
      </trkpt>
      <trkpt lat="32.06179040484130382537841796875" lon="118.724533058702945709228515625">
        <ele>7.19999980926513671875</ele>
        <time>2020-10-29T03:51:43.000Z</time>
        <extensions>
          <ns3:TrackPointExtension/>
        </extensions>
      </trkpt>
      <trkpt lat="32.06176375038921833038330078125" lon="118.724533058702945709228515625">
        <ele>7.19999980926513671875</ele>
        <time>2020-10-29T03:51:44.000Z</time>
        <extensions>
          <ns3:TrackPointExtension/>
        </extensions>
      </trkpt>
      <trkpt lat="32.0617370121181011199951171875" lon="118.72452543117105960845947265625">
        <ele>7.19999980926513671875</ele>
        <time>2020-10-29T03:51:45.000Z</time>
        <extensions>
          <ns3:TrackPointExtension>
            <ns3:hr>181</ns3:hr>
          </ns3:TrackPointExtension>
        </extensions>
      </trkpt>
      <trkpt lat="32.06171412952244281768798828125" lon="118.72452543117105960845947265625">
        <ele>7.19999980926513671875</ele>
        <time>2020-10-29T03:51:46.000Z</time>
        <extensions>
          <ns3:TrackPointExtension/>
        </extensions>
      </trkpt>
      <trkpt lat="32.0616873912513256072998046875" lon="118.72452543117105960845947265625">
        <ele>7.19999980926513671875</ele>
        <time>2020-10-29T03:51:47.000Z</time>
        <extensions>
          <ns3:TrackPointExtension/>
        </extensions>
      </trkpt>
      <trkpt lat="32.06166450865566730499267578125" lon="118.72452543117105960845947265625">
        <ele>7.19999980926513671875</ele>
        <time>2020-10-29T03:51:48.000Z</time>
        <extensions>
          <ns3:TrackPointExtension/>
        </extensions>
      </trkpt>
      <trkpt lat="32.06163785420358180999755859375" lon="118.72452543117105960845947265625">
        <ele>7.19999980926513671875</ele>
        <time>2020-10-29T03:51:49.000Z</time>
        <extensions>
          <ns3:TrackPointExtension/>
        </extensions>
      </trkpt>
      <trkpt lat="32.061611115932464599609375" lon="118.72452543117105960845947265625">
        <ele>7.19999980926513671875</ele>
        <time>2020-10-29T03:51:50.000Z</time>
        <extensions>
          <ns3:TrackPointExtension>
            <ns3:hr>180</ns3:hr>
          </ns3:TrackPointExtension>
        </extensions>
      </trkpt>
      <trkpt lat="32.0615844614803791046142578125" lon="118.7245178036391735076904296875">
        <ele>7.19999980926513671875</ele>
        <time>2020-10-29T03:51:51.000Z</time>
        <extensions>
          <ns3:TrackPointExtension/>
        </extensions>
      </trkpt>
      <trkpt lat="32.06155772320926189422607421875" lon="118.7245178036391735076904296875">
        <ele>7.19999980926513671875</ele>
        <time>2020-10-29T03:51:52.000Z</time>
        <extensions>
          <ns3:TrackPointExtension/>
        </extensions>
      </trkpt>
      <trkpt lat="32.0615348406136035919189453125" lon="118.7245178036391735076904296875">
        <ele>7</ele>
        <time>2020-10-29T03:51:53.000Z</time>
        <extensions>
          <ns3:TrackPointExtension/>
        </extensions>
      </trkpt>
      <trkpt lat="32.0615043304860591888427734375" lon="118.7245178036391735076904296875">
        <ele>7</ele>
        <time>2020-10-29T03:51:54.000Z</time>
        <extensions>
          <ns3:TrackPointExtension/>
        </extensions>
      </trkpt>
      <trkpt lat="32.06147759221494197845458984375" lon="118.7245178036391735076904296875">
        <ele>6.80000019073486328125</ele>
        <time>2020-10-29T03:51:55.000Z</time>
        <extensions>
          <ns3:TrackPointExtension>
            <ns3:hr>181</ns3:hr>
          </ns3:TrackPointExtension>
        </extensions>
      </trkpt>
      <trkpt lat="32.06145093776285648345947265625" lon="118.7245178036391735076904296875">
        <ele>6.80000019073486328125</ele>
        <time>2020-10-29T03:51:56.000Z</time>
        <extensions>
          <ns3:TrackPointExtension/>
        </extensions>
      </trkpt>
      <trkpt lat="32.0614241994917392730712890625" lon="118.72451017610728740692138671875">
        <ele>6.599999904632568359375</ele>
        <time>2020-10-29T03:51:57.000Z</time>
        <extensions>
          <ns3:TrackPointExtension/>
        </extensions>
      </trkpt>
      <trkpt lat="32.0613936893641948699951171875" lon="118.72451017610728740692138671875">
        <ele>6.400000095367431640625</ele>
        <time>2020-10-29T03:51:58.000Z</time>
        <extensions>
          <ns3:TrackPointExtension/>
        </extensions>
      </trkpt>
      <trkpt lat="32.061367034912109375" lon="118.72451017610728740692138671875">
        <ele>6.400000095367431640625</ele>
        <time>2020-10-29T03:51:59.000Z</time>
        <extensions>
          <ns3:TrackPointExtension/>
        </extensions>
      </trkpt>
      <trkpt lat="32.06133644096553325653076171875" lon="118.72451017610728740692138671875">
        <ele>6.19999980926513671875</ele>
        <time>2020-10-29T03:52:00.000Z</time>
        <extensions>
          <ns3:TrackPointExtension>
            <ns3:hr>179</ns3:hr>
          </ns3:TrackPointExtension>
        </extensions>
      </trkpt>
      <trkpt lat="32.06130978651344776153564453125" lon="118.72451017610728740692138671875">
        <ele>6.19999980926513671875</ele>
        <time>2020-10-29T03:52:01.000Z</time>
        <extensions>
          <ns3:TrackPointExtension/>
        </extensions>
      </trkpt>
      <trkpt lat="32.06127927638590335845947265625" lon="118.72450254857540130615234375">
        <ele>6</ele>
        <time>2020-10-29T03:52:02.000Z</time>
        <extensions>
          <ns3:TrackPointExtension/>
        </extensions>
      </trkpt>
      <trkpt lat="32.06124876625835895538330078125" lon="118.72450254857540130615234375">
        <ele>6</ele>
        <time>2020-10-29T03:52:03.000Z</time>
        <extensions>
          <ns3:TrackPointExtension/>
        </extensions>
      </trkpt>
      <trkpt lat="32.0612220279872417449951171875" lon="118.72450254857540130615234375">
        <ele>6.19999980926513671875</ele>
        <time>2020-10-29T03:52:04.000Z</time>
        <extensions>
          <ns3:TrackPointExtension/>
        </extensions>
      </trkpt>
      <trkpt lat="32.0611915178596973419189453125" lon="118.72449492104351520538330078125">
        <ele>6.19999980926513671875</ele>
        <time>2020-10-29T03:52:05.000Z</time>
        <extensions>
          <ns3:TrackPointExtension>
            <ns3:hr>181</ns3:hr>
          </ns3:TrackPointExtension>
        </extensions>
      </trkpt>
      <trkpt lat="32.0611610077321529388427734375" lon="118.72449492104351520538330078125">
        <ele>6.19999980926513671875</ele>
        <time>2020-10-29T03:52:06.000Z</time>
        <extensions>
          <ns3:TrackPointExtension/>
        </extensions>
      </trkpt>
      <trkpt lat="32.0611304976046085357666015625" lon="118.72449492104351520538330078125">
        <ele>6.400000095367431640625</ele>
        <time>2020-10-29T03:52:07.000Z</time>
        <extensions>
          <ns3:TrackPointExtension/>
        </extensions>
      </trkpt>
      <trkpt lat="32.0610999874770641326904296875" lon="118.7244872935116291046142578125">
        <ele>6.400000095367431640625</ele>
        <time>2020-10-29T03:52:08.000Z</time>
        <extensions>
          <ns3:TrackPointExtension/>
        </extensions>
      </trkpt>
      <trkpt lat="32.0610694773495197296142578125" lon="118.7244872935116291046142578125">
        <ele>6.400000095367431640625</ele>
        <time>2020-10-29T03:52:09.000Z</time>
        <extensions>
          <ns3:TrackPointExtension/>
        </extensions>
      </trkpt>
      <trkpt lat="32.0610389672219753265380859375" lon="118.72447966597974300384521484375">
        <ele>6.400000095367431640625</ele>
        <time>2020-10-29T03:52:10.000Z</time>
        <extensions>
          <ns3:TrackPointExtension>
            <ns3:hr>180</ns3:hr>
          </ns3:TrackPointExtension>
        </extensions>
      </trkpt>
      <trkpt lat="32.06100837327539920806884765625" lon="118.72447966597974300384521484375">
        <ele>6.599999904632568359375</ele>
        <time>2020-10-29T03:52:11.000Z</time>
        <extensions>
          <ns3:TrackPointExtension/>
        </extensions>
      </trkpt>
      <trkpt lat="32.06097786314785480499267578125" lon="118.724472038447856903076171875">
        <ele>6.599999904632568359375</ele>
        <time>2020-10-29T03:52:12.000Z</time>
        <extensions>
          <ns3:TrackPointExtension/>
        </extensions>
      </trkpt>
      <trkpt lat="32.06095120869576930999755859375" lon="118.724472038447856903076171875">
        <ele>6.599999904632568359375</ele>
        <time>2020-10-29T03:52:13.000Z</time>
        <extensions>
          <ns3:TrackPointExtension/>
        </extensions>
      </trkpt>
      <trkpt lat="32.06092069856822490692138671875" lon="118.724472038447856903076171875">
        <ele>6.599999904632568359375</ele>
        <time>2020-10-29T03:52:14.000Z</time>
        <extensions>
          <ns3:TrackPointExtension/>
        </extensions>
      </trkpt>
      <trkpt lat="32.06088633276522159576416015625" lon="118.72446441091597080230712890625">
        <ele>6.400000095367431640625</ele>
        <time>2020-10-29T03:52:15.000Z</time>
        <extensions>
          <ns3:TrackPointExtension>
            <ns3:hr>180</ns3:hr>
          </ns3:TrackPointExtension>
        </extensions>
      </trkpt>
      <trkpt lat="32.06085582263767719268798828125" lon="118.72446441091597080230712890625">
        <ele>6.19999980926513671875</ele>
        <time>2020-10-29T03:52:16.000Z</time>
        <extensions>
          <ns3:TrackPointExtension/>
        </extensions>
      </trkpt>
      <trkpt lat="32.06082531251013278961181640625" lon="118.72446441091597080230712890625">
        <ele>6.19999980926513671875</ele>
        <time>2020-10-29T03:52:17.000Z</time>
        <extensions>
          <ns3:TrackPointExtension/>
        </extensions>
      </trkpt>
      <trkpt lat="32.06079480238258838653564453125" lon="118.7244567833840847015380859375">
        <ele>6</ele>
        <time>2020-10-29T03:52:18.000Z</time>
        <extensions>
          <ns3:TrackPointExtension/>
        </extensions>
      </trkpt>
      <trkpt lat="32.06076429225504398345947265625" lon="118.7244567833840847015380859375">
        <ele>5.80000019073486328125</ele>
        <time>2020-10-29T03:52:19.000Z</time>
        <extensions>
          <ns3:TrackPointExtension/>
        </extensions>
      </trkpt>
      <trkpt lat="32.06073378212749958038330078125" lon="118.7244567833840847015380859375">
        <ele>5.80000019073486328125</ele>
        <time>2020-10-29T03:52:20.000Z</time>
        <extensions>
          <ns3:TrackPointExtension>
            <ns3:hr>183</ns3:hr>
          </ns3:TrackPointExtension>
        </extensions>
      </trkpt>
      <trkpt lat="32.06070327199995517730712890625" lon="118.72444915585219860076904296875">
        <ele>5.599999904632568359375</ele>
        <time>2020-10-29T03:52:21.000Z</time>
        <extensions>
          <ns3:TrackPointExtension/>
        </extensions>
      </trkpt>
      <trkpt lat="32.060672678053379058837890625" lon="118.72444915585219860076904296875">
        <ele>5.599999904632568359375</ele>
        <time>2020-10-29T03:52:22.000Z</time>
        <extensions>
          <ns3:TrackPointExtension/>
        </extensions>
      </trkpt>
      <trkpt lat="32.06064216792583465576171875" lon="118.72444915585219860076904296875">
        <ele>5.599999904632568359375</ele>
        <time>2020-10-29T03:52:23.000Z</time>
        <extensions>
          <ns3:TrackPointExtension/>
        </extensions>
      </trkpt>
      <trkpt lat="32.060611657798290252685546875" lon="118.7244415283203125">
        <ele>5.599999904632568359375</ele>
        <time>2020-10-29T03:52:24.000Z</time>
        <extensions>
          <ns3:TrackPointExtension/>
        </extensions>
      </trkpt>
      <trkpt lat="32.060581147670745849609375" lon="118.7244415283203125">
        <ele>5.80000019073486328125</ele>
        <time>2020-10-29T03:52:25.000Z</time>
        <extensions>
          <ns3:TrackPointExtension>
            <ns3:hr>178</ns3:hr>
          </ns3:TrackPointExtension>
        </extensions>
      </trkpt>
      <trkpt lat="32.060550637543201446533203125" lon="118.724433816969394683837890625">
        <ele>5.80000019073486328125</ele>
        <time>2020-10-29T03:52:26.000Z</time>
        <extensions>
          <ns3:TrackPointExtension/>
        </extensions>
      </trkpt>
      <trkpt lat="32.06052012741565704345703125" lon="118.72442618943750858306884765625">
        <ele>5.80000019073486328125</ele>
        <time>2020-10-29T03:52:27.000Z</time>
        <extensions>
          <ns3:TrackPointExtension/>
        </extensions>
      </trkpt>
      <trkpt lat="32.060489617288112640380859375" lon="118.72442618943750858306884765625">
        <ele>6</ele>
        <time>2020-10-29T03:52:28.000Z</time>
        <extensions>
          <ns3:TrackPointExtension/>
        </extensions>
      </trkpt>
      <trkpt lat="32.0604591071605682373046875" lon="118.7244185619056224822998046875">
        <ele>6</ele>
        <time>2020-10-29T03:52:29.000Z</time>
        <extensions>
          <ns3:TrackPointExtension/>
        </extensions>
      </trkpt>
      <trkpt lat="32.060428597033023834228515625" lon="118.72441093437373638153076171875">
        <ele>6</ele>
        <time>2020-10-29T03:52:30.000Z</time>
        <extensions>
          <ns3:TrackPointExtension>
            <ns3:hr>176</ns3:hr>
            <ns3:cad>80</ns3:cad>
          </ns3:TrackPointExtension>
        </extensions>
      </trkpt>
      <trkpt lat="32.0603942312300205230712890625" lon="118.72441093437373638153076171875">
        <ele>6.19999980926513671875</ele>
        <time>2020-10-29T03:52:31.000Z</time>
        <extensions>
          <ns3:TrackPointExtension/>
        </extensions>
      </trkpt>
      <trkpt lat="32.0603637211024761199951171875" lon="118.72440330684185028076171875">
        <ele>6.400000095367431640625</ele>
        <time>2020-10-29T03:52:32.000Z</time>
        <extensions>
          <ns3:TrackPointExtension/>
        </extensions>
      </trkpt>
      <trkpt lat="32.060329355299472808837890625" lon="118.72440330684185028076171875">
        <ele>6.599999904632568359375</ele>
        <time>2020-10-29T03:52:33.000Z</time>
        <extensions>
          <ns3:TrackPointExtension/>
        </extensions>
      </trkpt>
      <trkpt lat="32.06029884517192840576171875" lon="118.72439567930996417999267578125">
        <ele>6.599999904632568359375</ele>
        <time>2020-10-29T03:52:34.000Z</time>
        <extensions>
          <ns3:TrackPointExtension/>
        </extensions>
      </trkpt>
      <trkpt lat="32.060268335044384002685546875" lon="118.72439567930996417999267578125">
        <ele>6.80000019073486328125</ele>
        <time>2020-10-29T03:52:35.000Z</time>
        <extensions>
          <ns3:TrackPointExtension>
            <ns3:hr>179</ns3:hr>
          </ns3:TrackPointExtension>
        </extensions>
      </trkpt>
      <trkpt lat="32.06023405306041240692138671875" lon="118.7243880517780780792236328125">
        <ele>6.80000019073486328125</ele>
        <time>2020-10-29T03:52:36.000Z</time>
        <extensions>
          <ns3:TrackPointExtension/>
        </extensions>
      </trkpt>
      <trkpt lat="32.06020354293286800384521484375" lon="118.7243880517780780792236328125">
        <ele>7</ele>
        <time>2020-10-29T03:52:37.000Z</time>
        <extensions>
          <ns3:TrackPointExtension/>
        </extensions>
      </trkpt>
      <trkpt lat="32.06016917712986469268798828125" lon="118.72438042424619197845458984375">
        <ele>7</ele>
        <time>2020-10-29T03:52:38.000Z</time>
        <extensions>
          <ns3:TrackPointExtension/>
        </extensions>
      </trkpt>
      <trkpt lat="32.06013866700232028961181640625" lon="118.724372796714305877685546875">
        <ele>7.19999980926513671875</ele>
        <time>2020-10-29T03:52:39.000Z</time>
        <extensions>
          <ns3:TrackPointExtension/>
        </extensions>
      </trkpt>
      <trkpt lat="32.06010815687477588653564453125" lon="118.724372796714305877685546875">
        <ele>7.599999904632568359375</ele>
        <time>2020-10-29T03:52:40.000Z</time>
        <extensions>
          <ns3:TrackPointExtension>
            <ns3:hr>179</ns3:hr>
          </ns3:TrackPointExtension>
        </extensions>
      </trkpt>
      <trkpt lat="32.06007764674723148345947265625" lon="118.72436516918241977691650390625">
        <ele>7.80000019073486328125</ele>
        <time>2020-10-29T03:52:41.000Z</time>
        <extensions>
          <ns3:TrackPointExtension/>
        </extensions>
      </trkpt>
      <trkpt lat="32.06004713661968708038330078125" lon="118.7243575416505336761474609375">
        <ele>8</ele>
        <time>2020-10-29T03:52:42.000Z</time>
        <extensions>
          <ns3:TrackPointExtension/>
        </extensions>
      </trkpt>
      <trkpt lat="32.06001662649214267730712890625" lon="118.7243575416505336761474609375">
        <ele>8.3999996185302734375</ele>
        <time>2020-10-29T03:52:43.000Z</time>
        <extensions>
          <ns3:TrackPointExtension/>
        </extensions>
      </trkpt>
      <trkpt lat="32.059986032545566558837890625" lon="118.72434991411864757537841796875">
        <ele>8.6000003814697265625</ele>
        <time>2020-10-29T03:52:44.000Z</time>
        <extensions>
          <ns3:TrackPointExtension/>
        </extensions>
      </trkpt>
      <trkpt lat="32.0599593780934810638427734375" lon="118.724342286586761474609375">
        <ele>8.80000019073486328125</ele>
        <time>2020-10-29T03:52:45.000Z</time>
        <extensions>
          <ns3:TrackPointExtension>
            <ns3:hr>180</ns3:hr>
          </ns3:TrackPointExtension>
        </extensions>
      </trkpt>
      <trkpt lat="32.0599288679659366607666015625" lon="118.724342286586761474609375">
        <ele>9</ele>
        <time>2020-10-29T03:52:46.000Z</time>
        <extensions>
          <ns3:TrackPointExtension/>
        </extensions>
      </trkpt>
      <trkpt lat="32.05990212969481945037841796875" lon="118.72433465905487537384033203125">
        <ele>9.19999980926513671875</ele>
        <time>2020-10-29T03:52:47.000Z</time>
        <extensions>
          <ns3:TrackPointExtension/>
        </extensions>
      </trkpt>
      <trkpt lat="32.05987547524273395538330078125" lon="118.7243270315229892730712890625">
        <ele>9.3999996185302734375</ele>
        <time>2020-10-29T03:52:48.000Z</time>
        <extensions>
          <ns3:TrackPointExtension/>
        </extensions>
      </trkpt>
      <trkpt lat="32.0598487369716167449951171875" lon="118.72431940399110317230224609375">
        <ele>9.3999996185302734375</ele>
        <time>2020-10-29T03:52:49.000Z</time>
        <extensions>
          <ns3:TrackPointExtension/>
        </extensions>
      </trkpt>
      <trkpt lat="32.05982585437595844268798828125" lon="118.724311776459217071533203125">
        <ele>9.3999996185302734375</ele>
        <time>2020-10-29T03:52:50.000Z</time>
        <extensions>
          <ns3:TrackPointExtension>
            <ns3:hr>179</ns3:hr>
          </ns3:TrackPointExtension>
        </extensions>
      </trkpt>
      <trkpt lat="32.0597991161048412322998046875" lon="118.72430414892733097076416015625">
        <ele>9.6000003814697265625</ele>
        <time>2020-10-29T03:52:51.000Z</time>
        <extensions>
          <ns3:TrackPointExtension/>
        </extensions>
      </trkpt>
      <trkpt lat="32.0597724616527557373046875" lon="118.72430414892733097076416015625">
        <ele>9.6000003814697265625</ele>
        <time>2020-10-29T03:52:52.000Z</time>
        <extensions>
          <ns3:TrackPointExtension/>
        </extensions>
      </trkpt>
      <trkpt lat="32.05974957905709743499755859375" lon="118.7242965213954448699951171875">
        <ele>9.80000019073486328125</ele>
        <time>2020-10-29T03:52:53.000Z</time>
        <extensions>
          <ns3:TrackPointExtension/>
        </extensions>
      </trkpt>
      <trkpt lat="32.059722840785980224609375" lon="118.72428889386355876922607421875">
        <ele>9.80000019073486328125</ele>
        <time>2020-10-29T03:52:54.000Z</time>
        <extensions>
          <ns3:TrackPointExtension/>
        </extensions>
      </trkpt>
      <trkpt lat="32.05969995819032192230224609375" lon="118.72428126633167266845703125">
        <ele>9.80000019073486328125</ele>
        <time>2020-10-29T03:52:55.000Z</time>
        <extensions>
          <ns3:TrackPointExtension>
            <ns3:hr>180</ns3:hr>
          </ns3:TrackPointExtension>
        </extensions>
      </trkpt>
      <trkpt lat="32.0596770755946636199951171875" lon="118.72427363879978656768798828125">
        <ele>9.80000019073486328125</ele>
        <time>2020-10-29T03:52:56.000Z</time>
        <extensions>
          <ns3:TrackPointExtension/>
        </extensions>
      </trkpt>
      <trkpt lat="32.059650421142578125" lon="118.7242660112679004669189453125">
        <ele>10</ele>
        <time>2020-10-29T03:52:57.000Z</time>
        <extensions>
          <ns3:TrackPointExtension/>
        </extensions>
      </trkpt>
      <trkpt lat="32.0596274547278881072998046875" lon="118.72425838373601436614990234375">
        <ele>10</ele>
        <time>2020-10-29T03:52:58.000Z</time>
        <extensions>
          <ns3:TrackPointExtension/>
        </extensions>
      </trkpt>
      <trkpt lat="32.05960457213222980499267578125" lon="118.72425838373601436614990234375">
        <ele>10.19999980926513671875</ele>
        <time>2020-10-29T03:52:59.000Z</time>
        <extensions>
          <ns3:TrackPointExtension/>
        </extensions>
      </trkpt>
      <trkpt lat="32.05957791768014430999755859375" lon="118.724250756204128265380859375">
        <ele>10</ele>
        <time>2020-10-29T03:53:00.000Z</time>
        <extensions>
          <ns3:TrackPointExtension>
            <ns3:hr>177</ns3:hr>
          </ns3:TrackPointExtension>
        </extensions>
      </trkpt>
      <trkpt lat="32.0595550350844860076904296875" lon="118.72424312867224216461181640625">
        <ele>9.80000019073486328125</ele>
        <time>2020-10-29T03:53:01.000Z</time>
        <extensions>
          <ns3:TrackPointExtension/>
        </extensions>
      </trkpt>
      <trkpt lat="32.05952829681336879730224609375" lon="118.7242355011403560638427734375">
        <ele>9.6000003814697265625</ele>
        <time>2020-10-29T03:53:02.000Z</time>
        <extensions>
          <ns3:TrackPointExtension/>
        </extensions>
      </trkpt>
      <trkpt lat="32.05950164236128330230712890625" lon="118.72422787360846996307373046875">
        <ele>9.19999980926513671875</ele>
        <time>2020-10-29T03:53:03.000Z</time>
        <extensions>
          <ns3:TrackPointExtension/>
        </extensions>
      </trkpt>
      <trkpt lat="32.0594749040901660919189453125" lon="118.72422787360846996307373046875">
        <ele>9</ele>
        <time>2020-10-29T03:53:04.000Z</time>
        <extensions>
          <ns3:TrackPointExtension/>
        </extensions>
      </trkpt>
      <trkpt lat="32.05945202149450778961181640625" lon="118.7242202460765838623046875">
        <ele>8.80000019073486328125</ele>
        <time>2020-10-29T03:53:05.000Z</time>
        <extensions>
          <ns3:TrackPointExtension>
            <ns3:hr>179</ns3:hr>
          </ns3:TrackPointExtension>
        </extensions>
      </trkpt>
      <trkpt lat="32.0594252832233905792236328125" lon="118.72421261854469776153564453125">
        <ele>8.6000003814697265625</ele>
        <time>2020-10-29T03:53:06.000Z</time>
        <extensions>
          <ns3:TrackPointExtension/>
        </extensions>
      </trkpt>
      <trkpt lat="32.059398628771305084228515625" lon="118.7242049910128116607666015625">
        <ele>8.19999980926513671875</ele>
        <time>2020-10-29T03:53:07.000Z</time>
        <extensions>
          <ns3:TrackPointExtension/>
        </extensions>
      </trkpt>
      <trkpt lat="32.05937189050018787384033203125" lon="118.72419736348092555999755859375">
        <ele>8</ele>
        <time>2020-10-29T03:53:08.000Z</time>
        <extensions>
          <ns3:TrackPointExtension/>
        </extensions>
      </trkpt>
      <trkpt lat="32.05934523604810237884521484375" lon="118.72419736348092555999755859375">
        <ele>7.80000019073486328125</ele>
        <time>2020-10-29T03:53:09.000Z</time>
        <extensions>
          <ns3:TrackPointExtension/>
        </extensions>
      </trkpt>
      <trkpt lat="32.05931849777698516845703125" lon="118.724189735949039459228515625">
        <ele>7.400000095367431640625</ele>
        <time>2020-10-29T03:53:10.000Z</time>
        <extensions>
          <ns3:TrackPointExtension>
            <ns3:hr>177</ns3:hr>
          </ns3:TrackPointExtension>
        </extensions>
      </trkpt>
      <trkpt lat="32.05929175950586795806884765625" lon="118.72418210841715335845947265625">
        <ele>7.400000095367431640625</ele>
        <time>2020-10-29T03:53:11.000Z</time>
        <extensions>
          <ns3:TrackPointExtension/>
        </extensions>
      </trkpt>
      <trkpt lat="32.05926887691020965576171875" lon="118.7241744808852672576904296875">
        <ele>7.400000095367431640625</ele>
        <time>2020-10-29T03:53:12.000Z</time>
        <extensions>
          <ns3:TrackPointExtension/>
        </extensions>
      </trkpt>
      <trkpt lat="32.0592422224581241607666015625" lon="118.72416685335338115692138671875">
        <ele>7.19999980926513671875</ele>
        <time>2020-10-29T03:53:13.000Z</time>
        <extensions>
          <ns3:TrackPointExtension/>
        </extensions>
      </trkpt>
      <trkpt lat="32.05921548418700695037841796875" lon="118.72416685335338115692138671875">
        <ele>7.19999980926513671875</ele>
        <time>2020-10-29T03:53:14.000Z</time>
        <extensions>
          <ns3:TrackPointExtension/>
        </extensions>
      </trkpt>
      <trkpt lat="32.05918882973492145538330078125" lon="118.72415922582149505615234375">
        <ele>7</ele>
        <time>2020-10-29T03:53:15.000Z</time>
        <extensions>
          <ns3:TrackPointExtension>
            <ns3:hr>177</ns3:hr>
          </ns3:TrackPointExtension>
        </extensions>
      </trkpt>
      <trkpt lat="32.0591620914638042449951171875" lon="118.72415159828960895538330078125">
        <ele>6.80000019073486328125</ele>
        <time>2020-10-29T03:53:16.000Z</time>
        <extensions>
          <ns3:TrackPointExtension/>
        </extensions>
      </trkpt>
      <trkpt lat="32.05913543701171875" lon="118.7241439707577228546142578125">
        <ele>6.80000019073486328125</ele>
        <time>2020-10-29T03:53:17.000Z</time>
        <extensions>
          <ns3:TrackPointExtension/>
        </extensions>
      </trkpt>
      <trkpt lat="32.05910484306514263153076171875" lon="118.72413634322583675384521484375">
        <ele>6.599999904632568359375</ele>
        <time>2020-10-29T03:53:18.000Z</time>
        <extensions>
          <ns3:TrackPointExtension/>
        </extensions>
      </trkpt>
      <trkpt lat="32.05907818861305713653564453125" lon="118.72413634322583675384521484375">
        <ele>6.400000095367431640625</ele>
        <time>2020-10-29T03:53:19.000Z</time>
        <extensions>
          <ns3:TrackPointExtension/>
        </extensions>
      </trkpt>
      <trkpt lat="32.0590514503419399261474609375" lon="118.724128715693950653076171875">
        <ele>6.400000095367431640625</ele>
        <time>2020-10-29T03:53:20.000Z</time>
        <extensions>
          <ns3:TrackPointExtension>
            <ns3:hr>177</ns3:hr>
          </ns3:TrackPointExtension>
        </extensions>
      </trkpt>
      <trkpt lat="32.05902479588985443115234375" lon="118.72412108816206455230712890625">
        <ele>6.19999980926513671875</ele>
        <time>2020-10-29T03:53:21.000Z</time>
        <extensions>
          <ns3:TrackPointExtension/>
        </extensions>
      </trkpt>
      <trkpt lat="32.05899805761873722076416015625" lon="118.7241134606301784515380859375">
        <ele>6.400000095367431640625</ele>
        <time>2020-10-29T03:53:22.000Z</time>
        <extensions>
          <ns3:TrackPointExtension/>
        </extensions>
      </trkpt>
      <trkpt lat="32.05897140316665172576904296875" lon="118.72410583309829235076904296875">
        <ele>6.400000095367431640625</ele>
        <time>2020-10-29T03:53:23.000Z</time>
        <extensions>
          <ns3:TrackPointExtension/>
        </extensions>
      </trkpt>
      <trkpt lat="32.058944664895534515380859375" lon="118.72409820556640625">
        <ele>6.400000095367431640625</ele>
        <time>2020-10-29T03:53:24.000Z</time>
        <extensions>
          <ns3:TrackPointExtension/>
        </extensions>
      </trkpt>
      <trkpt lat="32.05892178229987621307373046875" lon="118.72409820556640625">
        <ele>6.400000095367431640625</ele>
        <time>2020-10-29T03:53:25.000Z</time>
        <extensions>
          <ns3:TrackPointExtension>
            <ns3:hr>180</ns3:hr>
          </ns3:TrackPointExtension>
        </extensions>
      </trkpt>
      <trkpt lat="32.0588988997042179107666015625" lon="118.724090494215488433837890625">
        <ele>6.599999904632568359375</ele>
        <time>2020-10-29T03:53:26.000Z</time>
        <extensions>
          <ns3:TrackPointExtension/>
        </extensions>
      </trkpt>
      <trkpt lat="32.05887216143310070037841796875" lon="118.72408286668360233306884765625">
        <ele>6.599999904632568359375</ele>
        <time>2020-10-29T03:53:27.000Z</time>
        <extensions>
          <ns3:TrackPointExtension/>
        </extensions>
      </trkpt>
      <trkpt lat="32.0588492788374423980712890625" lon="118.7240752391517162322998046875">
        <ele>6.599999904632568359375</ele>
        <time>2020-10-29T03:53:28.000Z</time>
        <extensions>
          <ns3:TrackPointExtension/>
        </extensions>
      </trkpt>
      <trkpt lat="32.05882639624178409576416015625" lon="118.72406761161983013153076171875">
        <ele>6.599999904632568359375</ele>
        <time>2020-10-29T03:53:29.000Z</time>
        <extensions>
          <ns3:TrackPointExtension/>
        </extensions>
      </trkpt>
      <trkpt lat="32.05880351364612579345703125" lon="118.72405998408794403076171875">
        <ele>6.599999904632568359375</ele>
        <time>2020-10-29T03:53:30.000Z</time>
        <extensions>
          <ns3:TrackPointExtension>
            <ns3:hr>177</ns3:hr>
            <ns3:cad>81</ns3:cad>
          </ns3:TrackPointExtension>
        </extensions>
      </trkpt>
      <trkpt lat="32.05877677537500858306884765625" lon="118.72405235655605792999267578125">
        <ele>6.599999904632568359375</ele>
        <time>2020-10-29T03:53:31.000Z</time>
        <extensions>
          <ns3:TrackPointExtension/>
        </extensions>
      </trkpt>
      <trkpt lat="32.05875012092292308807373046875" lon="118.7240447290241718292236328125">
        <ele>6.80000019073486328125</ele>
        <time>2020-10-29T03:53:32.000Z</time>
        <extensions>
          <ns3:TrackPointExtension/>
        </extensions>
      </trkpt>
      <trkpt lat="32.058723382651805877685546875" lon="118.7240447290241718292236328125">
        <ele>7</ele>
        <time>2020-10-29T03:53:33.000Z</time>
        <extensions>
          <ns3:TrackPointExtension/>
        </extensions>
      </trkpt>
      <trkpt lat="32.0586967281997203826904296875" lon="118.72403710149228572845458984375">
        <ele>7.19999980926513671875</ele>
        <time>2020-10-29T03:53:34.000Z</time>
        <extensions>
          <ns3:TrackPointExtension/>
        </extensions>
      </trkpt>
      <trkpt lat="32.05866998992860317230224609375" lon="118.724029473960399627685546875">
        <ele>7.19999980926513671875</ele>
        <time>2020-10-29T03:53:35.000Z</time>
        <extensions>
          <ns3:TrackPointExtension>
            <ns3:hr>181</ns3:hr>
          </ns3:TrackPointExtension>
        </extensions>
      </trkpt>
      <trkpt lat="32.05864333547651767730712890625" lon="118.724029473960399627685546875">
        <ele>7.400000095367431640625</ele>
        <time>2020-10-29T03:53:36.000Z</time>
        <extensions>
          <ns3:TrackPointExtension/>
        </extensions>
      </trkpt>
      <trkpt lat="32.0586165972054004669189453125" lon="118.72402184642851352691650390625">
        <ele>7.599999904632568359375</ele>
        <time>2020-10-29T03:53:37.000Z</time>
        <extensions>
          <ns3:TrackPointExtension/>
        </extensions>
      </trkpt>
      <trkpt lat="32.05858985893428325653076171875" lon="118.7240142188966274261474609375">
        <ele>7.80000019073486328125</ele>
        <time>2020-10-29T03:53:38.000Z</time>
        <extensions>
          <ns3:TrackPointExtension/>
        </extensions>
      </trkpt>
      <trkpt lat="32.05856320448219776153564453125" lon="118.7240142188966274261474609375">
        <ele>8</ele>
        <time>2020-10-29T03:53:39.000Z</time>
        <extensions>
          <ns3:TrackPointExtension/>
        </extensions>
      </trkpt>
      <trkpt lat="32.0585364662110805511474609375" lon="118.72400659136474132537841796875">
        <ele>8</ele>
        <time>2020-10-29T03:53:40.000Z</time>
        <extensions>
          <ns3:TrackPointExtension>
            <ns3:hr>178</ns3:hr>
          </ns3:TrackPointExtension>
        </extensions>
      </trkpt>
      <trkpt lat="32.05851358361542224884033203125" lon="118.723998963832855224609375">
        <ele>8.19999980926513671875</ele>
        <time>2020-10-29T03:53:41.000Z</time>
        <extensions>
          <ns3:TrackPointExtension/>
        </extensions>
      </trkpt>
      <trkpt lat="32.05848692916333675384521484375" lon="118.72399133630096912384033203125">
        <ele>8.19999980926513671875</ele>
        <time>2020-10-29T03:53:42.000Z</time>
        <extensions>
          <ns3:TrackPointExtension/>
        </extensions>
      </trkpt>
      <trkpt lat="32.0584640465676784515380859375" lon="118.72399133630096912384033203125">
        <ele>8.3999996185302734375</ele>
        <time>2020-10-29T03:53:43.000Z</time>
        <extensions>
          <ns3:TrackPointExtension/>
        </extensions>
      </trkpt>
      <trkpt lat="32.05843730829656124114990234375" lon="118.7239837087690830230712890625">
        <ele>8.3999996185302734375</ele>
        <time>2020-10-29T03:53:44.000Z</time>
        <extensions>
          <ns3:TrackPointExtension/>
        </extensions>
      </trkpt>
      <trkpt lat="32.0584144257009029388427734375" lon="118.72397608123719692230224609375">
        <ele>8.3999996185302734375</ele>
        <time>2020-10-29T03:53:45.000Z</time>
        <extensions>
          <ns3:TrackPointExtension>
            <ns3:hr>179</ns3:hr>
          </ns3:TrackPointExtension>
        </extensions>
      </trkpt>
      <trkpt lat="32.05839154310524463653564453125" lon="118.723968453705310821533203125">
        <ele>8.3999996185302734375</ele>
        <time>2020-10-29T03:53:46.000Z</time>
        <extensions>
          <ns3:TrackPointExtension/>
        </extensions>
      </trkpt>
      <trkpt lat="32.0583648048341274261474609375" lon="118.72396082617342472076416015625">
        <ele>8.6000003814697265625</ele>
        <time>2020-10-29T03:53:47.000Z</time>
        <extensions>
          <ns3:TrackPointExtension/>
        </extensions>
      </trkpt>
      <trkpt lat="32.05834192223846912384033203125" lon="118.7239531986415386199951171875">
        <ele>8.6000003814697265625</ele>
        <time>2020-10-29T03:53:48.000Z</time>
        <extensions>
          <ns3:TrackPointExtension/>
        </extensions>
      </trkpt>
      <trkpt lat="32.058319039642810821533203125" lon="118.72394557110965251922607421875">
        <ele>8.6000003814697265625</ele>
        <time>2020-10-29T03:53:49.000Z</time>
        <extensions>
          <ns3:TrackPointExtension/>
        </extensions>
      </trkpt>
      <trkpt lat="32.0582923851907253265380859375" lon="118.72393794357776641845703125">
        <ele>8.6000003814697265625</ele>
        <time>2020-10-29T03:53:50.000Z</time>
        <extensions>
          <ns3:TrackPointExtension>
            <ns3:hr>177</ns3:hr>
          </ns3:TrackPointExtension>
        </extensions>
      </trkpt>
      <trkpt lat="32.058269418776035308837890625" lon="118.72393031604588031768798828125">
        <ele>8.3999996185302734375</ele>
        <time>2020-10-29T03:53:51.000Z</time>
        <extensions>
          <ns3:TrackPointExtension/>
        </extensions>
      </trkpt>
      <trkpt lat="32.05824653618037700653076171875" lon="118.7239226885139942169189453125">
        <ele>8.3999996185302734375</ele>
        <time>2020-10-29T03:53:52.000Z</time>
        <extensions>
          <ns3:TrackPointExtension/>
        </extensions>
      </trkpt>
      <trkpt lat="32.05821988172829151153564453125" lon="118.72391506098210811614990234375">
        <ele>8.3999996185302734375</ele>
        <time>2020-10-29T03:53:53.000Z</time>
        <extensions>
          <ns3:TrackPointExtension/>
        </extensions>
      </trkpt>
      <trkpt lat="32.0581931434571743011474609375" lon="118.723907433450222015380859375">
        <ele>8.3999996185302734375</ele>
        <time>2020-10-29T03:53:54.000Z</time>
        <extensions>
          <ns3:TrackPointExtension/>
        </extensions>
      </trkpt>
      <trkpt lat="32.05817026086151599884033203125" lon="118.72389980591833591461181640625">
        <ele>8.3999996185302734375</ele>
        <time>2020-10-29T03:53:55.000Z</time>
        <extensions>
          <ns3:TrackPointExtension>
            <ns3:hr>181</ns3:hr>
          </ns3:TrackPointExtension>
        </extensions>
      </trkpt>
      <trkpt lat="32.05814360640943050384521484375" lon="118.7238921783864498138427734375">
        <ele>8.3999996185302734375</ele>
        <time>2020-10-29T03:53:56.000Z</time>
        <extensions>
          <ns3:TrackPointExtension/>
        </extensions>
      </trkpt>
      <trkpt lat="32.05811686813831329345703125" lon="118.72388455085456371307373046875">
        <ele>8.19999980926513671875</ele>
        <time>2020-10-29T03:53:57.000Z</time>
        <extensions>
          <ns3:TrackPointExtension/>
        </extensions>
      </trkpt>
      <trkpt lat="32.05809012986719608306884765625" lon="118.7238769233226776123046875">
        <ele>8.19999980926513671875</ele>
        <time>2020-10-29T03:53:58.000Z</time>
        <extensions>
          <ns3:TrackPointExtension/>
        </extensions>
      </trkpt>
      <trkpt lat="32.05806347541511058807373046875" lon="118.7238616682589054107666015625">
        <ele>8</ele>
        <time>2020-10-29T03:53:59.000Z</time>
        <extensions>
          <ns3:TrackPointExtension/>
        </extensions>
      </trkpt>
      <trkpt lat="32.058036737143993377685546875" lon="118.72385404072701930999755859375">
        <ele>8</ele>
        <time>2020-10-29T03:54:00.000Z</time>
        <extensions>
          <ns3:TrackPointExtension>
            <ns3:hr>178</ns3:hr>
          </ns3:TrackPointExtension>
        </extensions>
      </trkpt>
      <trkpt lat="32.0580100826919078826904296875" lon="118.723846413195133209228515625">
        <ele>7.80000019073486328125</ele>
        <time>2020-10-29T03:54:01.000Z</time>
        <extensions>
          <ns3:TrackPointExtension/>
        </extensions>
      </trkpt>
      <trkpt lat="32.05798334442079067230224609375" lon="118.72383878566324710845947265625">
        <ele>7.80000019073486328125</ele>
        <time>2020-10-29T03:54:02.000Z</time>
        <extensions>
          <ns3:TrackPointExtension/>
        </extensions>
      </trkpt>
      <trkpt lat="32.05795668996870517730712890625" lon="118.7238311581313610076904296875">
        <ele>7.80000019073486328125</ele>
        <time>2020-10-29T03:54:03.000Z</time>
        <extensions>
          <ns3:TrackPointExtension/>
        </extensions>
      </trkpt>
      <trkpt lat="32.0579299516975879669189453125" lon="118.72382353059947490692138671875">
        <ele>7.599999904632568359375</ele>
        <time>2020-10-29T03:54:04.000Z</time>
        <extensions>
          <ns3:TrackPointExtension/>
        </extensions>
      </trkpt>
      <trkpt lat="32.05790321342647075653076171875" lon="118.72380827553570270538330078125">
        <ele>7.599999904632568359375</ele>
        <time>2020-10-29T03:54:05.000Z</time>
        <extensions>
          <ns3:TrackPointExtension>
            <ns3:hr>182</ns3:hr>
          </ns3:TrackPointExtension>
        </extensions>
      </trkpt>
      <trkpt lat="32.05787270329892635345458984375" lon="118.7238006480038166046142578125">
        <ele>7.599999904632568359375</ele>
        <time>2020-10-29T03:54:06.000Z</time>
        <extensions>
          <ns3:TrackPointExtension/>
        </extensions>
      </trkpt>
      <trkpt lat="32.05784604884684085845947265625" lon="118.72379302047193050384521484375">
        <ele>7.599999904632568359375</ele>
        <time>2020-10-29T03:54:07.000Z</time>
        <extensions>
          <ns3:TrackPointExtension/>
        </extensions>
      </trkpt>
      <trkpt lat="32.0578193105757236480712890625" lon="118.723785392940044403076171875">
        <ele>7.599999904632568359375</ele>
        <time>2020-10-29T03:54:08.000Z</time>
        <extensions>
          <ns3:TrackPointExtension/>
        </extensions>
      </trkpt>
      <trkpt lat="32.057792656123638153076171875" lon="118.72377776540815830230712890625">
        <ele>7.599999904632568359375</ele>
        <time>2020-10-29T03:54:09.000Z</time>
        <extensions>
          <ns3:TrackPointExtension/>
        </extensions>
      </trkpt>
      <trkpt lat="32.05776591785252094268798828125" lon="118.7237701378762722015380859375">
        <ele>7.599999904632568359375</ele>
        <time>2020-10-29T03:54:10.000Z</time>
        <extensions>
          <ns3:TrackPointExtension>
            <ns3:hr>177</ns3:hr>
          </ns3:TrackPointExtension>
        </extensions>
      </trkpt>
      <trkpt lat="32.0577391795814037322998046875" lon="118.7237548828125">
        <ele>7.599999904632568359375</ele>
        <time>2020-10-29T03:54:11.000Z</time>
        <extensions>
          <ns3:TrackPointExtension/>
        </extensions>
      </trkpt>
      <trkpt lat="32.0577125251293182373046875" lon="118.723747171461582183837890625">
        <ele>7.599999904632568359375</ele>
        <time>2020-10-29T03:54:12.000Z</time>
        <extensions>
          <ns3:TrackPointExtension/>
        </extensions>
      </trkpt>
      <trkpt lat="32.05768578685820102691650390625" lon="118.72373954392969608306884765625">
        <ele>7.400000095367431640625</ele>
        <time>2020-10-29T03:54:13.000Z</time>
        <extensions>
          <ns3:TrackPointExtension/>
        </extensions>
      </trkpt>
      <trkpt lat="32.05765913240611553192138671875" lon="118.7237319163978099822998046875">
        <ele>7.400000095367431640625</ele>
        <time>2020-10-29T03:54:14.000Z</time>
        <extensions>
          <ns3:TrackPointExtension/>
        </extensions>
      </trkpt>
      <trkpt lat="32.057632394134998321533203125" lon="118.72371666133403778076171875">
        <ele>7.19999980926513671875</ele>
        <time>2020-10-29T03:54:15.000Z</time>
        <extensions>
          <ns3:TrackPointExtension>
            <ns3:hr>182</ns3:hr>
          </ns3:TrackPointExtension>
        </extensions>
      </trkpt>
      <trkpt lat="32.0576057396829128265380859375" lon="118.72370903380215167999267578125">
        <ele>7</ele>
        <time>2020-10-29T03:54:16.000Z</time>
        <extensions>
          <ns3:TrackPointExtension/>
        </extensions>
      </trkpt>
      <trkpt lat="32.05757900141179561614990234375" lon="118.7237014062702655792236328125">
        <ele>7</ele>
        <time>2020-10-29T03:54:17.000Z</time>
        <extensions>
          <ns3:TrackPointExtension/>
        </extensions>
      </trkpt>
      <trkpt lat="32.0575561188161373138427734375" lon="118.723686151206493377685546875">
        <ele>6.80000019073486328125</ele>
        <time>2020-10-29T03:54:18.000Z</time>
        <extensions>
          <ns3:TrackPointExtension/>
        </extensions>
      </trkpt>
      <trkpt lat="32.05752938054502010345458984375" lon="118.72367852367460727691650390625">
        <ele>6.599999904632568359375</ele>
        <time>2020-10-29T03:54:19.000Z</time>
        <extensions>
          <ns3:TrackPointExtension/>
        </extensions>
      </trkpt>
      <trkpt lat="32.05750272609293460845947265625" lon="118.7236708961427211761474609375">
        <ele>6.400000095367431640625</ele>
        <time>2020-10-29T03:54:20.000Z</time>
        <extensions>
          <ns3:TrackPointExtension>
            <ns3:hr>185</ns3:hr>
          </ns3:TrackPointExtension>
        </extensions>
      </trkpt>
      <trkpt lat="32.0574759878218173980712890625" lon="118.72366326861083507537841796875">
        <ele>6.19999980926513671875</ele>
        <time>2020-10-29T03:54:21.000Z</time>
        <extensions>
          <ns3:TrackPointExtension/>
        </extensions>
      </trkpt>
      <trkpt lat="32.057449333369731903076171875" lon="118.723655641078948974609375">
        <ele>6</ele>
        <time>2020-10-29T03:54:22.000Z</time>
        <extensions>
          <ns3:TrackPointExtension/>
        </extensions>
      </trkpt>
      <trkpt lat="32.05742259509861469268798828125" lon="118.72364801354706287384033203125">
        <ele>5.80000019073486328125</ele>
        <time>2020-10-29T03:54:23.000Z</time>
        <extensions>
          <ns3:TrackPointExtension/>
        </extensions>
      </trkpt>
      <trkpt lat="32.0573958568274974822998046875" lon="118.72363275848329067230224609375">
        <ele>5.599999904632568359375</ele>
        <time>2020-10-29T03:54:24.000Z</time>
        <extensions>
          <ns3:TrackPointExtension/>
        </extensions>
      </trkpt>
      <trkpt lat="32.0573692023754119873046875" lon="118.723625130951404571533203125">
        <ele>5.599999904632568359375</ele>
        <time>2020-10-29T03:54:25.000Z</time>
        <extensions>
          <ns3:TrackPointExtension>
            <ns3:hr>180</ns3:hr>
          </ns3:TrackPointExtension>
        </extensions>
      </trkpt>
      <trkpt lat="32.05734246410429477691650390625" lon="118.72361750341951847076416015625">
        <ele>5.599999904632568359375</ele>
        <time>2020-10-29T03:54:26.000Z</time>
        <extensions>
          <ns3:TrackPointExtension/>
        </extensions>
      </trkpt>
      <trkpt lat="32.057319581508636474609375" lon="118.7236098758876323699951171875">
        <ele>5.599999904632568359375</ele>
        <time>2020-10-29T03:54:27.000Z</time>
        <extensions>
          <ns3:TrackPointExtension/>
        </extensions>
      </trkpt>
      <trkpt lat="32.0572929270565509796142578125" lon="118.72360224835574626922607421875">
        <ele>5.400000095367431640625</ele>
        <time>2020-10-29T03:54:28.000Z</time>
        <extensions>
          <ns3:TrackPointExtension/>
        </extensions>
      </trkpt>
      <trkpt lat="32.05727004446089267730712890625" lon="118.72359462082386016845703125">
        <ele>5.400000095367431640625</ele>
        <time>2020-10-29T03:54:29.000Z</time>
        <extensions>
          <ns3:TrackPointExtension/>
        </extensions>
      </trkpt>
      <trkpt lat="32.0572433061897754669189453125" lon="118.72358699329197406768798828125">
        <ele>5.400000095367431640625</ele>
        <time>2020-10-29T03:54:30.000Z</time>
        <extensions>
          <ns3:TrackPointExtension>
            <ns3:hr>182</ns3:hr>
            <ns3:cad>79</ns3:cad>
          </ns3:TrackPointExtension>
        </extensions>
      </trkpt>
      <trkpt lat="32.05721656791865825653076171875" lon="118.7235793657600879669189453125">
        <ele>5.400000095367431640625</ele>
        <time>2020-10-29T03:54:31.000Z</time>
        <extensions>
          <ns3:TrackPointExtension/>
        </extensions>
      </trkpt>
      <trkpt lat="32.0571936853229999542236328125" lon="118.723564110696315765380859375">
        <ele>5.19999980926513671875</ele>
        <time>2020-10-29T03:54:32.000Z</time>
        <extensions>
          <ns3:TrackPointExtension/>
        </extensions>
      </trkpt>
      <trkpt lat="32.057167030870914459228515625" lon="118.72355648316442966461181640625">
        <ele>5.19999980926513671875</ele>
        <time>2020-10-29T03:54:33.000Z</time>
        <extensions>
          <ns3:TrackPointExtension/>
        </extensions>
      </trkpt>
      <trkpt lat="32.05714029259979724884033203125" lon="118.7235488556325435638427734375">
        <ele>5.19999980926513671875</ele>
        <time>2020-10-29T03:54:34.000Z</time>
        <extensions>
          <ns3:TrackPointExtension/>
        </extensions>
      </trkpt>
      <trkpt lat="32.057117410004138946533203125" lon="118.7235336005687713623046875">
        <ele>5</ele>
        <time>2020-10-29T03:54:35.000Z</time>
        <extensions>
          <ns3:TrackPointExtension>
            <ns3:hr>182</ns3:hr>
          </ns3:TrackPointExtension>
        </extensions>
      </trkpt>
      <trkpt lat="32.0570907555520534515380859375" lon="118.72352597303688526153564453125">
        <ele>5</ele>
        <time>2020-10-29T03:54:36.000Z</time>
        <extensions>
          <ns3:TrackPointExtension/>
        </extensions>
      </trkpt>
      <trkpt lat="32.05706401728093624114990234375" lon="118.7235183455049991607666015625">
        <ele>4.80000019073486328125</ele>
        <time>2020-10-29T03:54:37.000Z</time>
        <extensions>
          <ns3:TrackPointExtension/>
        </extensions>
      </trkpt>
      <trkpt lat="32.05703727900981903076171875" lon="118.723503090441226959228515625">
        <ele>4.80000019073486328125</ele>
        <time>2020-10-29T03:54:38.000Z</time>
        <extensions>
          <ns3:TrackPointExtension/>
        </extensions>
      </trkpt>
      <trkpt lat="32.0570106245577335357666015625" lon="118.72349546290934085845947265625">
        <ele>4.80000019073486328125</ele>
        <time>2020-10-29T03:54:39.000Z</time>
        <extensions>
          <ns3:TrackPointExtension/>
        </extensions>
      </trkpt>
      <trkpt lat="32.05698774196207523345947265625" lon="118.7234878353774547576904296875">
        <ele>4.599999904632568359375</ele>
        <time>2020-10-29T03:54:40.000Z</time>
        <extensions>
          <ns3:TrackPointExtension>
            <ns3:hr>183</ns3:hr>
          </ns3:TrackPointExtension>
        </extensions>
      </trkpt>
      <trkpt lat="32.0569610036909580230712890625" lon="118.72348020784556865692138671875">
        <ele>4.599999904632568359375</ele>
        <time>2020-10-29T03:54:41.000Z</time>
        <extensions>
          <ns3:TrackPointExtension/>
        </extensions>
      </trkpt>
      <trkpt lat="32.056934349238872528076171875" lon="118.72346495278179645538330078125">
        <ele>4.599999904632568359375</ele>
        <time>2020-10-29T03:54:42.000Z</time>
        <extensions>
          <ns3:TrackPointExtension/>
        </extensions>
      </trkpt>
      <trkpt lat="32.05690761096775531768798828125" lon="118.7234573252499103546142578125">
        <ele>4.400000095367431640625</ele>
        <time>2020-10-29T03:54:43.000Z</time>
        <extensions>
          <ns3:TrackPointExtension/>
        </extensions>
      </trkpt>
      <trkpt lat="32.0568808726966381072998046875" lon="118.72344969771802425384521484375">
        <ele>4.400000095367431640625</ele>
        <time>2020-10-29T03:54:44.000Z</time>
        <extensions>
          <ns3:TrackPointExtension/>
        </extensions>
      </trkpt>
      <trkpt lat="32.0568542182445526123046875" lon="118.723442070186138153076171875">
        <ele>4.19999980926513671875</ele>
        <time>2020-10-29T03:54:45.000Z</time>
        <extensions>
          <ns3:TrackPointExtension>
            <ns3:hr>180</ns3:hr>
          </ns3:TrackPointExtension>
        </extensions>
      </trkpt>
      <trkpt lat="32.056823708117008209228515625" lon="118.72343444265425205230712890625">
        <ele>4.19999980926513671875</ele>
        <time>2020-10-29T03:54:46.000Z</time>
        <extensions>
          <ns3:TrackPointExtension/>
        </extensions>
      </trkpt>
      <trkpt lat="32.05679696984589099884033203125" lon="118.7234268151223659515380859375">
        <ele>4.19999980926513671875</ele>
        <time>2020-10-29T03:54:47.000Z</time>
        <extensions>
          <ns3:TrackPointExtension/>
        </extensions>
      </trkpt>
      <trkpt lat="32.05677031539380550384521484375" lon="118.72341918759047985076904296875">
        <ele>4.19999980926513671875</ele>
        <time>2020-10-29T03:54:48.000Z</time>
        <extensions>
          <ns3:TrackPointExtension/>
        </extensions>
      </trkpt>
      <trkpt lat="32.05673980526626110076904296875" lon="118.72341918759047985076904296875">
        <ele>4.400000095367431640625</ele>
        <time>2020-10-29T03:54:49.000Z</time>
        <extensions>
          <ns3:TrackPointExtension/>
        </extensions>
      </trkpt>
      <trkpt lat="32.056713066995143890380859375" lon="118.723403848707675933837890625">
        <ele>4.400000095367431640625</ele>
        <time>2020-10-29T03:54:50.000Z</time>
        <extensions>
          <ns3:TrackPointExtension>
            <ns3:hr>180</ns3:hr>
          </ns3:TrackPointExtension>
        </extensions>
      </trkpt>
      <trkpt lat="32.05668632872402667999267578125" lon="118.72339622117578983306884765625">
        <ele>4.400000095367431640625</ele>
        <time>2020-10-29T03:54:51.000Z</time>
        <extensions>
          <ns3:TrackPointExtension/>
        </extensions>
      </trkpt>
      <trkpt lat="32.05665967427194118499755859375" lon="118.7233885936439037322998046875">
        <ele>4.599999904632568359375</ele>
        <time>2020-10-29T03:54:52.000Z</time>
        <extensions>
          <ns3:TrackPointExtension/>
        </extensions>
      </trkpt>
      <trkpt lat="32.05662916414439678192138671875" lon="118.72338096611201763153076171875">
        <ele>4.599999904632568359375</ele>
        <time>2020-10-29T03:54:53.000Z</time>
        <extensions>
          <ns3:TrackPointExtension/>
        </extensions>
      </trkpt>
      <trkpt lat="32.0566062815487384796142578125" lon="118.72336571104824542999267578125">
        <ele>4.599999904632568359375</ele>
        <time>2020-10-29T03:54:54.000Z</time>
        <extensions>
          <ns3:TrackPointExtension/>
        </extensions>
      </trkpt>
      <trkpt lat="32.05657954327762126922607421875" lon="118.7233580835163593292236328125">
        <ele>4.80000019073486328125</ele>
        <time>2020-10-29T03:54:55.000Z</time>
        <extensions>
          <ns3:TrackPointExtension>
            <ns3:hr>178</ns3:hr>
          </ns3:TrackPointExtension>
        </extensions>
      </trkpt>
      <trkpt lat="32.056552805006504058837890625" lon="118.72335045598447322845458984375">
        <ele>4.80000019073486328125</ele>
        <time>2020-10-29T03:54:56.000Z</time>
        <extensions>
          <ns3:TrackPointExtension/>
        </extensions>
      </trkpt>
      <trkpt lat="32.05652992241084575653076171875" lon="118.72333520092070102691650390625">
        <ele>4.80000019073486328125</ele>
        <time>2020-10-29T03:54:57.000Z</time>
        <extensions>
          <ns3:TrackPointExtension/>
        </extensions>
      </trkpt>
      <trkpt lat="32.0565070398151874542236328125" lon="118.7233275733888149261474609375">
        <ele>4.80000019073486328125</ele>
        <time>2020-10-29T03:54:58.000Z</time>
        <extensions>
          <ns3:TrackPointExtension/>
        </extensions>
      </trkpt>
      <trkpt lat="32.056480385363101959228515625" lon="118.723312318325042724609375">
        <ele>5</ele>
        <time>2020-10-29T03:54:59.000Z</time>
        <extensions>
          <ns3:TrackPointExtension/>
        </extensions>
      </trkpt>
      <trkpt lat="32.05645750276744365692138671875" lon="118.72330469079315662384033203125">
        <ele>5</ele>
        <time>2020-10-29T03:55:00.000Z</time>
        <extensions>
          <ns3:TrackPointExtension>
            <ns3:hr>181</ns3:hr>
          </ns3:TrackPointExtension>
        </extensions>
      </trkpt>
      <trkpt lat="32.0564346201717853546142578125" lon="118.72328943572938442230224609375">
        <ele>5</ele>
        <time>2020-10-29T03:55:01.000Z</time>
        <extensions>
          <ns3:TrackPointExtension/>
        </extensions>
      </trkpt>
      <trkpt lat="32.05641173757612705230712890625" lon="118.723281808197498321533203125">
        <ele>5.19999980926513671875</ele>
        <time>2020-10-29T03:55:02.000Z</time>
        <extensions>
          <ns3:TrackPointExtension/>
        </extensions>
      </trkpt>
      <trkpt lat="32.05638885498046875" lon="118.72327418066561222076416015625">
        <ele>5.19999980926513671875</ele>
        <time>2020-10-29T03:55:03.000Z</time>
        <extensions>
          <ns3:TrackPointExtension/>
        </extensions>
      </trkpt>
      <trkpt lat="32.05636211670935153961181640625" lon="118.7232665531337261199951171875">
        <ele>5.400000095367431640625</ele>
        <time>2020-10-29T03:55:04.000Z</time>
        <extensions>
          <ns3:TrackPointExtension/>
        </extensions>
      </trkpt>
      <trkpt lat="32.0563392341136932373046875" lon="118.72325129806995391845703125">
        <ele>5.400000095367431640625</ele>
        <time>2020-10-29T03:55:05.000Z</time>
        <extensions>
          <ns3:TrackPointExtension>
            <ns3:hr>182</ns3:hr>
          </ns3:TrackPointExtension>
        </extensions>
      </trkpt>
      <trkpt lat="32.05631249584257602691650390625" lon="118.72324367053806781768798828125">
        <ele>5.599999904632568359375</ele>
        <time>2020-10-29T03:55:06.000Z</time>
        <extensions>
          <ns3:TrackPointExtension/>
        </extensions>
      </trkpt>
      <trkpt lat="32.056289613246917724609375" lon="118.7232360430061817169189453125">
        <ele>5.599999904632568359375</ele>
        <time>2020-10-29T03:55:07.000Z</time>
        <extensions>
          <ns3:TrackPointExtension/>
        </extensions>
      </trkpt>
      <trkpt lat="32.0562629587948322296142578125" lon="118.72322841547429561614990234375">
        <ele>5.80000019073486328125</ele>
        <time>2020-10-29T03:55:08.000Z</time>
        <extensions>
          <ns3:TrackPointExtension/>
        </extensions>
      </trkpt>
      <trkpt lat="32.05624007619917392730712890625" lon="118.72321316041052341461181640625">
        <ele>5.80000019073486328125</ele>
        <time>2020-10-29T03:55:09.000Z</time>
        <extensions>
          <ns3:TrackPointExtension/>
        </extensions>
      </trkpt>
      <trkpt lat="32.056217193603515625" lon="118.7232055328786373138427734375">
        <ele>6</ele>
        <time>2020-10-29T03:55:10.000Z</time>
        <extensions>
          <ns3:TrackPointExtension>
            <ns3:hr>183</ns3:hr>
          </ns3:TrackPointExtension>
        </extensions>
      </trkpt>
      <trkpt lat="32.05619045533239841461181640625" lon="118.72319790534675121307373046875">
        <ele>6.19999980926513671875</ele>
        <time>2020-10-29T03:55:11.000Z</time>
        <extensions>
          <ns3:TrackPointExtension/>
        </extensions>
      </trkpt>
      <trkpt lat="32.0561675727367401123046875" lon="118.72318265028297901153564453125">
        <ele>6.19999980926513671875</ele>
        <time>2020-10-29T03:55:12.000Z</time>
        <extensions>
          <ns3:TrackPointExtension/>
        </extensions>
      </trkpt>
      <trkpt lat="32.05614469014108180999755859375" lon="118.7231750227510929107666015625">
        <ele>6.19999980926513671875</ele>
        <time>2020-10-29T03:55:13.000Z</time>
        <extensions>
          <ns3:TrackPointExtension/>
        </extensions>
      </trkpt>
      <trkpt lat="32.0561218075454235076904296875" lon="118.72316739521920680999755859375">
        <ele>6.400000095367431640625</ele>
        <time>2020-10-29T03:55:14.000Z</time>
        <extensions>
          <ns3:TrackPointExtension/>
        </extensions>
      </trkpt>
      <trkpt lat="32.05609892494976520538330078125" lon="118.72316739521920680999755859375">
        <ele>6.599999904632568359375</ele>
        <time>2020-10-29T03:55:15.000Z</time>
        <extensions>
          <ns3:TrackPointExtension>
            <ns3:hr>181</ns3:hr>
          </ns3:TrackPointExtension>
        </extensions>
      </trkpt>
      <trkpt lat="32.05607981421053409576416015625" lon="118.723159767687320709228515625">
        <ele>6.599999904632568359375</ele>
        <time>2020-10-29T03:55:16.000Z</time>
        <extensions>
          <ns3:TrackPointExtension/>
        </extensions>
      </trkpt>
      <trkpt lat="32.05605693161487579345703125" lon="118.723159767687320709228515625">
        <ele>6.80000019073486328125</ele>
        <time>2020-10-29T03:55:17.000Z</time>
        <extensions>
          <ns3:TrackPointExtension/>
        </extensions>
      </trkpt>
      <trkpt lat="32.05603404901921749114990234375" lon="118.72315214015543460845947265625">
        <ele>7</ele>
        <time>2020-10-29T03:55:18.000Z</time>
        <extensions>
          <ns3:TrackPointExtension/>
        </extensions>
      </trkpt>
      <trkpt lat="32.0560111664235591888427734375" lon="118.72315214015543460845947265625">
        <ele>7.19999980926513671875</ele>
        <time>2020-10-29T03:55:19.000Z</time>
        <extensions>
          <ns3:TrackPointExtension/>
        </extensions>
      </trkpt>
      <trkpt lat="32.0559920556843280792236328125" lon="118.723159767687320709228515625">
        <ele>7.400000095367431640625</ele>
        <time>2020-10-29T03:55:20.000Z</time>
        <extensions>
          <ns3:TrackPointExtension>
            <ns3:hr>182</ns3:hr>
          </ns3:TrackPointExtension>
        </extensions>
      </trkpt>
      <trkpt lat="32.055976800620555877685546875" lon="118.72316739521920680999755859375">
        <ele>7.400000095367431640625</ele>
        <time>2020-10-29T03:55:21.000Z</time>
        <extensions>
          <ns3:TrackPointExtension/>
        </extensions>
      </trkpt>
      <trkpt lat="32.0559615455567836761474609375" lon="118.72318265028297901153564453125">
        <ele>7.599999904632568359375</ele>
        <time>2020-10-29T03:55:22.000Z</time>
        <extensions>
          <ns3:TrackPointExtension/>
        </extensions>
      </trkpt>
      <trkpt lat="32.055946290493011474609375" lon="118.72319790534675121307373046875">
        <ele>7.80000019073486328125</ele>
        <time>2020-10-29T03:55:23.000Z</time>
        <extensions>
          <ns3:TrackPointExtension/>
        </extensions>
      </trkpt>
      <trkpt lat="32.0559310354292392730712890625" lon="118.72321316041052341461181640625">
        <ele>7.80000019073486328125</ele>
        <time>2020-10-29T03:55:24.000Z</time>
        <extensions>
          <ns3:TrackPointExtension/>
        </extensions>
      </trkpt>
      <trkpt lat="32.0559196360409259796142578125" lon="118.72322841547429561614990234375">
        <ele>8</ele>
        <time>2020-10-29T03:55:25.000Z</time>
        <extensions>
          <ns3:TrackPointExtension>
            <ns3:hr>183</ns3:hr>
          </ns3:TrackPointExtension>
        </extensions>
      </trkpt>
      <trkpt lat="32.05590815283358097076416015625" lon="118.72325129806995391845703125">
        <ele>8.19999980926513671875</ele>
        <time>2020-10-29T03:55:26.000Z</time>
        <extensions>
          <ns3:TrackPointExtension/>
        </extensions>
      </trkpt>
      <trkpt lat="32.05589675344526767730712890625" lon="118.7232665531337261199951171875">
        <ele>8.19999980926513671875</ele>
        <time>2020-10-29T03:55:27.000Z</time>
        <extensions>
          <ns3:TrackPointExtension/>
        </extensions>
      </trkpt>
      <trkpt lat="32.0558891259133815765380859375" lon="118.72328943572938442230224609375">
        <ele>8.6000003814697265625</ele>
        <time>2020-10-29T03:55:28.000Z</time>
        <extensions>
          <ns3:TrackPointExtension/>
        </extensions>
      </trkpt>
      <trkpt lat="32.055873870849609375" lon="118.72330469079315662384033203125">
        <ele>8.80000019073486328125</ele>
        <time>2020-10-29T03:55:29.000Z</time>
        <extensions>
          <ns3:TrackPointExtension/>
        </extensions>
      </trkpt>
      <trkpt lat="32.05586238764226436614990234375" lon="118.72331994585692882537841796875">
        <ele>9</ele>
        <time>2020-10-29T03:55:30.000Z</time>
        <extensions>
          <ns3:TrackPointExtension>
            <ns3:hr>180</ns3:hr>
            <ns3:cad>78</ns3:cad>
          </ns3:TrackPointExtension>
        </extensions>
      </trkpt>
      <trkpt lat="32.05584713257849216461181640625" lon="118.72333520092070102691650390625">
        <ele>9.3999996185302734375</ele>
        <time>2020-10-29T03:55:31.000Z</time>
        <extensions>
          <ns3:TrackPointExtension/>
        </extensions>
      </trkpt>
      <trkpt lat="32.05582802183926105499267578125" lon="118.723342828452587127685546875">
        <ele>9.6000003814697265625</ele>
        <time>2020-10-29T03:55:32.000Z</time>
        <extensions>
          <ns3:TrackPointExtension/>
        </extensions>
      </trkpt>
      <trkpt lat="32.05581276677548885345458984375" lon="118.7233580835163593292236328125">
        <ele>10</ele>
        <time>2020-10-29T03:55:33.000Z</time>
        <extensions>
          <ns3:TrackPointExtension/>
        </extensions>
      </trkpt>
      <trkpt lat="32.055793739855289459228515625" lon="118.72336571104824542999267578125">
        <ele>10.19999980926513671875</ele>
        <time>2020-10-29T03:55:34.000Z</time>
        <extensions>
          <ns3:TrackPointExtension/>
        </extensions>
      </trkpt>
      <trkpt lat="32.05577085725963115692138671875" lon="118.72337333858013153076171875">
        <ele>10.3999996185302734375</ele>
        <time>2020-10-29T03:55:35.000Z</time>
        <extensions>
          <ns3:TrackPointExtension>
            <ns3:hr>179</ns3:hr>
          </ns3:TrackPointExtension>
        </extensions>
      </trkpt>
      <trkpt lat="32.05575174652040004730224609375" lon="118.72338096611201763153076171875">
        <ele>10.6000003814697265625</ele>
        <time>2020-10-29T03:55:36.000Z</time>
        <extensions>
          <ns3:TrackPointExtension/>
        </extensions>
      </trkpt>
      <trkpt lat="32.0557288639247417449951171875" lon="118.72339622117578983306884765625">
        <ele>11</ele>
        <time>2020-10-29T03:55:37.000Z</time>
        <extensions>
          <ns3:TrackPointExtension/>
        </extensions>
      </trkpt>
      <trkpt lat="32.05570983700454235076904296875" lon="118.723403848707675933837890625">
        <ele>11</ele>
        <time>2020-10-29T03:55:38.000Z</time>
        <extensions>
          <ns3:TrackPointExtension/>
        </extensions>
      </trkpt>
      <trkpt lat="32.05569072626531124114990234375" lon="118.72341918759047985076904296875">
        <ele>11</ele>
        <time>2020-10-29T03:55:39.000Z</time>
        <extensions>
          <ns3:TrackPointExtension/>
        </extensions>
      </trkpt>
      <trkpt lat="32.05567547120153903961181640625" lon="118.72343444265425205230712890625">
        <ele>10.80000019073486328125</ele>
        <time>2020-10-29T03:55:40.000Z</time>
        <extensions>
          <ns3:TrackPointExtension>
            <ns3:hr>172</ns3:hr>
          </ns3:TrackPointExtension>
        </extensions>
      </trkpt>
      <trkpt lat="32.05566021613776683807373046875" lon="118.72344969771802425384521484375">
        <ele>10.80000019073486328125</ele>
        <time>2020-10-29T03:55:41.000Z</time>
        <extensions>
          <ns3:TrackPointExtension/>
        </extensions>
      </trkpt>
      <trkpt lat="32.0556487329304218292236328125" lon="118.72347258031368255615234375">
        <ele>10.80000019073486328125</ele>
        <time>2020-10-29T03:55:42.000Z</time>
        <extensions>
          <ns3:TrackPointExtension/>
        </extensions>
      </trkpt>
      <trkpt lat="32.05564110539853572845458984375" lon="118.72349546290934085845947265625">
        <ele>10.80000019073486328125</ele>
        <time>2020-10-29T03:55:43.000Z</time>
        <extensions>
          <ns3:TrackPointExtension/>
        </extensions>
      </trkpt>
      <trkpt lat="32.055633477866649627685546875" lon="118.7235183455049991607666015625">
        <ele>10.80000019073486328125</ele>
        <time>2020-10-29T03:55:44.000Z</time>
        <extensions>
          <ns3:TrackPointExtension/>
        </extensions>
      </trkpt>
      <trkpt lat="32.05562970601022243499755859375" lon="118.7235488556325435638427734375">
        <ele>11</ele>
        <time>2020-10-29T03:55:45.000Z</time>
        <extensions>
          <ns3:TrackPointExtension>
            <ns3:hr>171</ns3:hr>
          </ns3:TrackPointExtension>
        </extensions>
      </trkpt>
      <trkpt lat="32.05562585033476352691650390625" lon="118.72357173822820186614990234375">
        <ele>11</ele>
        <time>2020-10-29T03:55:46.000Z</time>
        <extensions>
          <ns3:TrackPointExtension/>
        </extensions>
      </trkpt>
      <trkpt lat="32.05562585033476352691650390625" lon="118.72360224835574626922607421875">
        <ele>11.19999980926513671875</ele>
        <time>2020-10-29T03:55:47.000Z</time>
        <extensions>
          <ns3:TrackPointExtension/>
        </extensions>
      </trkpt>
      <trkpt lat="32.05562585033476352691650390625" lon="118.72363275848329067230224609375">
        <ele>11.19999980926513671875</ele>
        <time>2020-10-29T03:55:48.000Z</time>
        <extensions>
          <ns3:TrackPointExtension/>
        </extensions>
      </trkpt>
      <trkpt lat="32.05562585033476352691650390625" lon="118.72366326861083507537841796875">
        <ele>11.3999996185302734375</ele>
        <time>2020-10-29T03:55:49.000Z</time>
        <extensions>
          <ns3:TrackPointExtension/>
        </extensions>
      </trkpt>
      <trkpt lat="32.05562585033476352691650390625" lon="118.72369377873837947845458984375">
        <ele>11.3999996185302734375</ele>
        <time>2020-10-29T03:55:50.000Z</time>
        <extensions>
          <ns3:TrackPointExtension>
            <ns3:hr>173</ns3:hr>
          </ns3:TrackPointExtension>
        </extensions>
      </trkpt>
      <trkpt lat="32.05562585033476352691650390625" lon="118.72371666133403778076171875">
        <ele>11.19999980926513671875</ele>
        <time>2020-10-29T03:55:51.000Z</time>
        <extensions>
          <ns3:TrackPointExtension/>
        </extensions>
      </trkpt>
      <trkpt lat="32.055622078478336334228515625" lon="118.723747171461582183837890625">
        <ele>11.19999980926513671875</ele>
        <time>2020-10-29T03:55:52.000Z</time>
        <extensions>
          <ns3:TrackPointExtension/>
        </extensions>
      </trkpt>
      <trkpt lat="32.0556182228028774261474609375" lon="118.7237701378762722015380859375">
        <ele>11</ele>
        <time>2020-10-29T03:55:53.000Z</time>
        <extensions>
          <ns3:TrackPointExtension/>
        </extensions>
      </trkpt>
      <trkpt lat="32.0556182228028774261474609375" lon="118.723785392940044403076171875">
        <ele>11</ele>
        <time>2020-10-29T03:55:54.000Z</time>
        <extensions>
          <ns3:TrackPointExtension/>
        </extensions>
      </trkpt>
      <trkpt lat="32.05561445094645023345947265625" lon="118.7238006480038166046142578125">
        <ele>10.80000019073486328125</ele>
        <time>2020-10-29T03:55:55.000Z</time>
        <extensions>
          <ns3:TrackPointExtension>
            <ns3:hr>175</ns3:hr>
          </ns3:TrackPointExtension>
        </extensions>
      </trkpt>
      <trkpt lat="32.05561445094645023345947265625" lon="118.72380827553570270538330078125">
        <ele>10.80000019073486328125</ele>
        <time>2020-10-29T03:55:56.000Z</time>
        <extensions>
          <ns3:TrackPointExtension/>
        </extensions>
      </trkpt>
      <trkpt lat="32.0555877126753330230712890625" lon="118.7238616682589054107666015625">
        <ele>10.6000003814697265625</ele>
        <time>2020-10-29T03:55:57.000Z</time>
        <extensions>
          <ns3:TrackPointExtension/>
        </extensions>
      </trkpt>
      <trkpt lat="32.0555877126753330230712890625" lon="118.72383878566324710845947265625">
        <ele>10.6000003814697265625</ele>
        <time>2020-10-29T03:55:58.000Z</time>
        <extensions>
          <ns3:TrackPointExtension/>
        </extensions>
      </trkpt>
      <trkpt lat="32.05559919588267803192138671875" lon="118.72382353059947490692138671875">
        <ele>10.6000003814697265625</ele>
        <time>2020-10-29T03:55:59.000Z</time>
        <extensions>
          <ns3:TrackPointExtension/>
        </extensions>
      </trkpt>
      <trkpt lat="32.0556068234145641326904296875" lon="118.7238006480038166046142578125">
        <ele>10.80000019073486328125</ele>
        <time>2020-10-29T03:56:00.000Z</time>
        <extensions>
          <ns3:TrackPointExtension>
            <ns3:hr>169</ns3:hr>
          </ns3:TrackPointExtension>
        </extensions>
      </trkpt>
      <trkpt lat="32.05562970601022243499755859375" lon="118.7238006480038166046142578125">
        <ele>11</ele>
        <time>2020-10-29T03:56:01.000Z</time>
        <extensions>
          <ns3:TrackPointExtension/>
        </extensions>
      </trkpt>
      <trkpt lat="32.055744118988513946533203125" lon="118.72475425712764263153076171875">
        <ele>7</ele>
        <time>2020-10-29T03:56:20.000Z</time>
        <extensions>
          <ns3:TrackPointExtension>
            <ns3:hr>169</ns3:hr>
          </ns3:TrackPointExtension>
        </extensions>
      </trkpt>
      <trkpt lat="32.0557288639247417449951171875" lon="118.72474662959575653076171875">
        <ele>7.19999980926513671875</ele>
        <time>2020-10-29T03:56:21.000Z</time>
        <extensions>
          <ns3:TrackPointExtension/>
        </extensions>
      </trkpt>
      <trkpt lat="32.0557288639247417449951171875" lon="118.724777139723300933837890625">
        <ele>7</ele>
        <time>2020-10-29T03:56:22.000Z</time>
        <extensions>
          <ns3:TrackPointExtension/>
        </extensions>
      </trkpt>
      <trkpt lat="32.05571360886096954345703125" lon="118.72479247860610485076904296875">
        <ele>7</ele>
        <time>2020-10-29T03:56:23.000Z</time>
        <extensions>
          <ns3:TrackPointExtension/>
        </extensions>
      </trkpt>
      <trkpt lat="32.05570220947265625" lon="118.72482298873364925384521484375">
        <ele>7</ele>
        <time>2020-10-29T03:56:24.000Z</time>
        <extensions>
          <ns3:TrackPointExtension/>
        </extensions>
      </trkpt>
      <trkpt lat="32.05570983700454235076904296875" lon="118.7248611263930797576904296875">
        <ele>7</ele>
        <time>2020-10-29T03:56:25.000Z</time>
        <extensions>
          <ns3:TrackPointExtension>
            <ns3:hr>168</ns3:hr>
          </ns3:TrackPointExtension>
        </extensions>
      </trkpt>
      <trkpt lat="32.05570983700454235076904296875" lon="118.72488400898873805999755859375">
        <ele>7</ele>
        <time>2020-10-29T03:56:26.000Z</time>
        <extensions>
          <ns3:TrackPointExtension/>
        </extensions>
      </trkpt>
      <trkpt lat="32.05570983700454235076904296875" lon="118.7249068915843963623046875">
        <ele>7</ele>
        <time>2020-10-29T03:56:27.000Z</time>
        <extensions>
          <ns3:TrackPointExtension/>
        </extensions>
      </trkpt>
      <trkpt lat="32.05571360886096954345703125" lon="118.72492977418005466461181640625">
        <ele>7</ele>
        <time>2020-10-29T03:56:28.000Z</time>
        <extensions>
          <ns3:TrackPointExtension/>
        </extensions>
      </trkpt>
      <trkpt lat="32.0557174645364284515380859375" lon="118.72496028430759906768798828125">
        <ele>7</ele>
        <time>2020-10-29T03:56:29.000Z</time>
        <extensions>
          <ns3:TrackPointExtension/>
        </extensions>
      </trkpt>
      <trkpt lat="32.05572509206831455230712890625" lon="118.7249831669032573699951171875">
        <ele>7</ele>
        <time>2020-10-29T03:56:30.000Z</time>
        <extensions>
          <ns3:TrackPointExtension>
            <ns3:hr>169</ns3:hr>
            <ns3:cad>78</ns3:cad>
          </ns3:TrackPointExtension>
        </extensions>
      </trkpt>
      <trkpt lat="32.05573649145662784576416015625" lon="118.72500604949891567230224609375">
        <ele>7</ele>
        <time>2020-10-29T03:56:31.000Z</time>
        <extensions>
          <ns3:TrackPointExtension/>
        </extensions>
      </trkpt>
      <trkpt lat="32.055744118988513946533203125" lon="118.72503655962646007537841796875">
        <ele>6.80000019073486328125</ele>
        <time>2020-10-29T03:56:32.000Z</time>
        <extensions>
          <ns3:TrackPointExtension/>
        </extensions>
      </trkpt>
      <trkpt lat="32.05575560219585895538330078125" lon="118.725059442222118377685546875">
        <ele>6.80000019073486328125</ele>
        <time>2020-10-29T03:56:33.000Z</time>
        <extensions>
          <ns3:TrackPointExtension/>
        </extensions>
      </trkpt>
      <trkpt lat="32.05576700158417224884033203125" lon="118.72508232481777667999267578125">
        <ele>6.80000019073486328125</ele>
        <time>2020-10-29T03:56:34.000Z</time>
        <extensions>
          <ns3:TrackPointExtension/>
        </extensions>
      </trkpt>
      <trkpt lat="32.055774629116058349609375" lon="118.7251052074134349822998046875">
        <ele>7</ele>
        <time>2020-10-29T03:56:35.000Z</time>
        <extensions>
          <ns3:TrackPointExtension>
            <ns3:hr>170</ns3:hr>
          </ns3:TrackPointExtension>
        </extensions>
      </trkpt>
      <trkpt lat="32.05578225664794445037841796875" lon="118.725128173828125">
        <ele>7</ele>
        <time>2020-10-29T03:56:36.000Z</time>
        <extensions>
          <ns3:TrackPointExtension/>
        </extensions>
      </trkpt>
      <trkpt lat="32.0557898841798305511474609375" lon="118.72515105642378330230712890625">
        <ele>7</ele>
        <time>2020-10-29T03:56:37.000Z</time>
        <extensions>
          <ns3:TrackPointExtension/>
        </extensions>
      </trkpt>
      <trkpt lat="32.055793739855289459228515625" lon="118.72518156655132770538330078125">
        <ele>7</ele>
        <time>2020-10-29T03:56:38.000Z</time>
        <extensions>
          <ns3:TrackPointExtension/>
        </extensions>
      </trkpt>
      <trkpt lat="32.055793739855289459228515625" lon="118.7252044491469860076904296875">
        <ele>7</ele>
        <time>2020-10-29T03:56:39.000Z</time>
        <extensions>
          <ns3:TrackPointExtension/>
        </extensions>
      </trkpt>
      <trkpt lat="32.05579751171171665191650390625" lon="118.7252349592745304107666015625">
        <ele>7</ele>
        <time>2020-10-29T03:56:40.000Z</time>
        <extensions>
          <ns3:TrackPointExtension>
            <ns3:hr>168</ns3:hr>
          </ns3:TrackPointExtension>
        </extensions>
      </trkpt>
      <trkpt lat="32.05579751171171665191650390625" lon="118.72525784187018871307373046875">
        <ele>7</ele>
        <time>2020-10-29T03:56:41.000Z</time>
        <extensions>
          <ns3:TrackPointExtension/>
        </extensions>
      </trkpt>
      <trkpt lat="32.05579751171171665191650390625" lon="118.72528835199773311614990234375">
        <ele>7</ele>
        <time>2020-10-29T03:56:42.000Z</time>
        <extensions>
          <ns3:TrackPointExtension/>
        </extensions>
      </trkpt>
      <trkpt lat="32.05579751171171665191650390625" lon="118.72531886212527751922607421875">
        <ele>7</ele>
        <time>2020-10-29T03:56:43.000Z</time>
        <extensions>
          <ns3:TrackPointExtension/>
        </extensions>
      </trkpt>
      <trkpt lat="32.055793739855289459228515625" lon="118.72534937225282192230224609375">
        <ele>7</ele>
        <time>2020-10-29T03:56:44.000Z</time>
        <extensions>
          <ns3:TrackPointExtension/>
        </extensions>
      </trkpt>
      <trkpt lat="32.055793739855289459228515625" lon="118.72537988238036632537841796875">
        <ele>7.19999980926513671875</ele>
        <time>2020-10-29T03:56:45.000Z</time>
        <extensions>
          <ns3:TrackPointExtension>
            <ns3:hr>171</ns3:hr>
          </ns3:TrackPointExtension>
        </extensions>
      </trkpt>
      <trkpt lat="32.055793739855289459228515625" lon="118.72541039250791072845458984375">
        <ele>7.19999980926513671875</ele>
        <time>2020-10-29T03:56:46.000Z</time>
        <extensions>
          <ns3:TrackPointExtension/>
        </extensions>
      </trkpt>
      <trkpt lat="32.055793739855289459228515625" lon="118.72544090263545513153076171875">
        <ele>7.400000095367431640625</ele>
        <time>2020-10-29T03:56:47.000Z</time>
        <extensions>
          <ns3:TrackPointExtension/>
        </extensions>
      </trkpt>
      <trkpt lat="32.055793739855289459228515625" lon="118.72547149658203125">
        <ele>7.400000095367431640625</ele>
        <time>2020-10-29T03:56:48.000Z</time>
        <extensions>
          <ns3:TrackPointExtension/>
        </extensions>
      </trkpt>
      <trkpt lat="32.055793739855289459228515625" lon="118.725502006709575653076171875">
        <ele>7.400000095367431640625</ele>
        <time>2020-10-29T03:56:49.000Z</time>
        <extensions>
          <ns3:TrackPointExtension/>
        </extensions>
      </trkpt>
      <trkpt lat="32.055793739855289459228515625" lon="118.72553251683712005615234375">
        <ele>7.400000095367431640625</ele>
        <time>2020-10-29T03:56:50.000Z</time>
        <extensions>
          <ns3:TrackPointExtension>
            <ns3:hr>177</ns3:hr>
          </ns3:TrackPointExtension>
        </extensions>
      </trkpt>
      <trkpt lat="32.0557898841798305511474609375" lon="118.72557065449655055999755859375">
        <ele>7.19999980926513671875</ele>
        <time>2020-10-29T03:56:51.000Z</time>
        <extensions>
          <ns3:TrackPointExtension/>
        </extensions>
      </trkpt>
      <trkpt lat="32.0557898841798305511474609375" lon="118.7255935370922088623046875">
        <ele>7.19999980926513671875</ele>
        <time>2020-10-29T03:56:52.000Z</time>
        <extensions>
          <ns3:TrackPointExtension/>
        </extensions>
      </trkpt>
      <trkpt lat="32.05578611232340335845947265625" lon="118.725624047219753265380859375">
        <ele>7.19999980926513671875</ele>
        <time>2020-10-29T03:56:53.000Z</time>
        <extensions>
          <ns3:TrackPointExtension/>
        </extensions>
      </trkpt>
      <trkpt lat="32.05578225664794445037841796875" lon="118.72565455734729766845703125">
        <ele>7.19999980926513671875</ele>
        <time>2020-10-29T03:56:54.000Z</time>
        <extensions>
          <ns3:TrackPointExtension/>
        </extensions>
      </trkpt>
      <trkpt lat="32.0557784847915172576904296875" lon="118.725685067474842071533203125">
        <ele>7.19999980926513671875</ele>
        <time>2020-10-29T03:56:55.000Z</time>
        <extensions>
          <ns3:TrackPointExtension>
            <ns3:hr>172</ns3:hr>
          </ns3:TrackPointExtension>
        </extensions>
      </trkpt>
      <trkpt lat="32.05577085725963115692138671875" lon="118.72570795007050037384033203125">
        <ele>7.400000095367431640625</ele>
        <time>2020-10-29T03:56:56.000Z</time>
        <extensions>
          <ns3:TrackPointExtension/>
        </extensions>
      </trkpt>
      <trkpt lat="32.05576700158417224884033203125" lon="118.72573846019804477691650390625">
        <ele>7.400000095367431640625</ele>
        <time>2020-10-29T03:56:57.000Z</time>
        <extensions>
          <ns3:TrackPointExtension/>
        </extensions>
      </trkpt>
      <trkpt lat="32.0557593740522861480712890625" lon="118.7257613427937030792236328125">
        <ele>7.599999904632568359375</ele>
        <time>2020-10-29T03:56:58.000Z</time>
        <extensions>
          <ns3:TrackPointExtension/>
        </extensions>
      </trkpt>
      <trkpt lat="32.05575560219585895538330078125" lon="118.7257918529212474822998046875">
        <ele>7.599999904632568359375</ele>
        <time>2020-10-29T03:56:59.000Z</time>
        <extensions>
          <ns3:TrackPointExtension/>
        </extensions>
      </trkpt>
      <trkpt lat="32.0557479746639728546142578125" lon="118.7258148193359375">
        <ele>7.80000019073486328125</ele>
        <time>2020-10-29T03:57:00.000Z</time>
        <extensions>
          <ns3:TrackPointExtension>
            <ns3:hr>169</ns3:hr>
          </ns3:TrackPointExtension>
        </extensions>
      </trkpt>
      <trkpt lat="32.055744118988513946533203125" lon="118.725845329463481903076171875">
        <ele>7.80000019073486328125</ele>
        <time>2020-10-29T03:57:01.000Z</time>
        <extensions>
          <ns3:TrackPointExtension/>
        </extensions>
      </trkpt>
      <trkpt lat="32.055744118988513946533203125" lon="118.72586821205914020538330078125">
        <ele>7.80000019073486328125</ele>
        <time>2020-10-29T03:57:02.000Z</time>
        <extensions>
          <ns3:TrackPointExtension/>
        </extensions>
      </trkpt>
      <trkpt lat="32.055744118988513946533203125" lon="118.72589872218668460845947265625">
        <ele>8</ele>
        <time>2020-10-29T03:57:03.000Z</time>
        <extensions>
          <ns3:TrackPointExtension/>
        </extensions>
      </trkpt>
      <trkpt lat="32.055744118988513946533203125" lon="118.7259216047823429107666015625">
        <ele>8</ele>
        <time>2020-10-29T03:57:04.000Z</time>
        <extensions>
          <ns3:TrackPointExtension/>
        </extensions>
      </trkpt>
      <trkpt lat="32.055744118988513946533203125" lon="118.7259521149098873138427734375">
        <ele>8.19999980926513671875</ele>
        <time>2020-10-29T03:57:05.000Z</time>
        <extensions>
          <ns3:TrackPointExtension>
            <ns3:hr>173</ns3:hr>
          </ns3:TrackPointExtension>
        </extensions>
      </trkpt>
      <trkpt lat="32.0557479746639728546142578125" lon="118.7259826250374317169189453125">
        <ele>8.3999996185302734375</ele>
        <time>2020-10-29T03:57:06.000Z</time>
        <extensions>
          <ns3:TrackPointExtension/>
        </extensions>
      </trkpt>
      <trkpt lat="32.05575174652040004730224609375" lon="118.72600550763309001922607421875">
        <ele>8.3999996185302734375</ele>
        <time>2020-10-29T03:57:07.000Z</time>
        <extensions>
          <ns3:TrackPointExtension/>
        </extensions>
      </trkpt>
      <trkpt lat="32.05575174652040004730224609375" lon="118.72603601776063442230224609375">
        <ele>8.6000003814697265625</ele>
        <time>2020-10-29T03:57:08.000Z</time>
        <extensions>
          <ns3:TrackPointExtension/>
        </extensions>
      </trkpt>
      <trkpt lat="32.05575560219585895538330078125" lon="118.726058900356292724609375">
        <ele>8.6000003814697265625</ele>
        <time>2020-10-29T03:57:09.000Z</time>
        <extensions>
          <ns3:TrackPointExtension/>
        </extensions>
      </trkpt>
      <trkpt lat="32.05575560219585895538330078125" lon="118.726089410483837127685546875">
        <ele>8.6000003814697265625</ele>
        <time>2020-10-29T03:57:10.000Z</time>
        <extensions>
          <ns3:TrackPointExtension>
            <ns3:hr>177</ns3:hr>
          </ns3:TrackPointExtension>
        </extensions>
      </trkpt>
      <trkpt lat="32.05575560219585895538330078125" lon="118.72611229307949542999267578125">
        <ele>8.80000019073486328125</ele>
        <time>2020-10-29T03:57:11.000Z</time>
        <extensions>
          <ns3:TrackPointExtension/>
        </extensions>
      </trkpt>
      <trkpt lat="32.0557593740522861480712890625" lon="118.72614280320703983306884765625">
        <ele>8.80000019073486328125</ele>
        <time>2020-10-29T03:57:12.000Z</time>
        <extensions>
          <ns3:TrackPointExtension/>
        </extensions>
      </trkpt>
      <trkpt lat="32.0557593740522861480712890625" lon="118.72616576962172985076904296875">
        <ele>9</ele>
        <time>2020-10-29T03:57:13.000Z</time>
        <extensions>
          <ns3:TrackPointExtension/>
        </extensions>
      </trkpt>
      <trkpt lat="32.05576322972774505615234375" lon="118.726188652217388153076171875">
        <ele>9</ele>
        <time>2020-10-29T03:57:14.000Z</time>
        <extensions>
          <ns3:TrackPointExtension/>
        </extensions>
      </trkpt>
      <trkpt lat="32.05576700158417224884033203125" lon="118.72621916234493255615234375">
        <ele>8.80000019073486328125</ele>
        <time>2020-10-29T03:57:15.000Z</time>
        <extensions>
          <ns3:TrackPointExtension>
            <ns3:hr>178</ns3:hr>
          </ns3:TrackPointExtension>
        </extensions>
      </trkpt>
      <trkpt lat="32.05577085725963115692138671875" lon="118.72624204494059085845947265625">
        <ele>8.80000019073486328125</ele>
        <time>2020-10-29T03:57:16.000Z</time>
        <extensions>
          <ns3:TrackPointExtension/>
        </extensions>
      </trkpt>
      <trkpt lat="32.055774629116058349609375" lon="118.7262649275362491607666015625">
        <ele>8.6000003814697265625</ele>
        <time>2020-10-29T03:57:17.000Z</time>
        <extensions>
          <ns3:TrackPointExtension/>
        </extensions>
      </trkpt>
      <trkpt lat="32.0557784847915172576904296875" lon="118.7262954376637935638427734375">
        <ele>8.6000003814697265625</ele>
        <time>2020-10-29T03:57:18.000Z</time>
        <extensions>
          <ns3:TrackPointExtension/>
        </extensions>
      </trkpt>
      <trkpt lat="32.05578225664794445037841796875" lon="118.72631832025945186614990234375">
        <ele>8.3999996185302734375</ele>
        <time>2020-10-29T03:57:19.000Z</time>
        <extensions>
          <ns3:TrackPointExtension/>
        </extensions>
      </trkpt>
      <trkpt lat="32.0557898841798305511474609375" lon="118.72634120285511016845703125">
        <ele>8.3999996185302734375</ele>
        <time>2020-10-29T03:57:20.000Z</time>
        <extensions>
          <ns3:TrackPointExtension>
            <ns3:hr>178</ns3:hr>
          </ns3:TrackPointExtension>
        </extensions>
      </trkpt>
      <trkpt lat="32.055793739855289459228515625" lon="118.726371712982654571533203125">
        <ele>8.19999980926513671875</ele>
        <time>2020-10-29T03:57:21.000Z</time>
        <extensions>
          <ns3:TrackPointExtension/>
        </extensions>
      </trkpt>
      <trkpt lat="32.05580136738717555999755859375" lon="118.72639459557831287384033203125">
        <ele>8.19999980926513671875</ele>
        <time>2020-10-29T03:57:22.000Z</time>
        <extensions>
          <ns3:TrackPointExtension/>
        </extensions>
      </trkpt>
      <trkpt lat="32.055805139243602752685546875" lon="118.72642510570585727691650390625">
        <ele>8</ele>
        <time>2020-10-29T03:57:23.000Z</time>
        <extensions>
          <ns3:TrackPointExtension/>
        </extensions>
      </trkpt>
      <trkpt lat="32.0558089949190616607666015625" lon="118.72645561583340167999267578125">
        <ele>8</ele>
        <time>2020-10-29T03:57:24.000Z</time>
        <extensions>
          <ns3:TrackPointExtension/>
        </extensions>
      </trkpt>
      <trkpt lat="32.05581276677548885345458984375" lon="118.72648612596094608306884765625">
        <ele>7.80000019073486328125</ele>
        <time>2020-10-29T03:57:25.000Z</time>
        <extensions>
          <ns3:TrackPointExtension>
            <ns3:hr>175</ns3:hr>
          </ns3:TrackPointExtension>
        </extensions>
      </trkpt>
      <trkpt lat="32.05581276677548885345458984375" lon="118.7265167199075222015380859375">
        <ele>7.80000019073486328125</ele>
        <time>2020-10-29T03:57:26.000Z</time>
        <extensions>
          <ns3:TrackPointExtension/>
        </extensions>
      </trkpt>
      <trkpt lat="32.05581276677548885345458984375" lon="118.7265472300350666046142578125">
        <ele>7.599999904632568359375</ele>
        <time>2020-10-29T03:57:27.000Z</time>
        <extensions>
          <ns3:TrackPointExtension/>
        </extensions>
      </trkpt>
      <trkpt lat="32.05581276677548885345458984375" lon="118.7265777401626110076904296875">
        <ele>7.400000095367431640625</ele>
        <time>2020-10-29T03:57:28.000Z</time>
        <extensions>
          <ns3:TrackPointExtension/>
        </extensions>
      </trkpt>
      <trkpt lat="32.05581276677548885345458984375" lon="118.7266082502901554107666015625">
        <ele>7.19999980926513671875</ele>
        <time>2020-10-29T03:57:29.000Z</time>
        <extensions>
          <ns3:TrackPointExtension/>
        </extensions>
      </trkpt>
      <trkpt lat="32.05581276677548885345458984375" lon="118.7266387604176998138427734375">
        <ele>7</ele>
        <time>2020-10-29T03:57:30.000Z</time>
        <extensions>
          <ns3:TrackPointExtension>
            <ns3:hr>172</ns3:hr>
            <ns3:cad>78</ns3:cad>
          </ns3:TrackPointExtension>
        </extensions>
      </trkpt>
      <trkpt lat="32.05581276677548885345458984375" lon="118.7266692705452442169189453125">
        <ele>6.80000019073486328125</ele>
        <time>2020-10-29T03:57:31.000Z</time>
        <extensions>
          <ns3:TrackPointExtension/>
        </extensions>
      </trkpt>
      <trkpt lat="32.0558089949190616607666015625" lon="118.72670740820467472076416015625">
        <ele>6.599999904632568359375</ele>
        <time>2020-10-29T03:57:32.000Z</time>
        <extensions>
          <ns3:TrackPointExtension/>
        </extensions>
      </trkpt>
      <trkpt lat="32.0558089949190616607666015625" lon="118.72673791833221912384033203125">
        <ele>6.400000095367431640625</ele>
        <time>2020-10-29T03:57:33.000Z</time>
        <extensions>
          <ns3:TrackPointExtension/>
        </extensions>
      </trkpt>
      <trkpt lat="32.0558089949190616607666015625" lon="118.72676842845976352691650390625">
        <ele>6.19999980926513671875</ele>
        <time>2020-10-29T03:57:34.000Z</time>
        <extensions>
          <ns3:TrackPointExtension/>
        </extensions>
      </trkpt>
      <trkpt lat="32.0558089949190616607666015625" lon="118.72679893858730792999267578125">
        <ele>6.19999980926513671875</ele>
        <time>2020-10-29T03:57:35.000Z</time>
        <extensions>
          <ns3:TrackPointExtension>
            <ns3:hr>172</ns3:hr>
          </ns3:TrackPointExtension>
        </extensions>
      </trkpt>
      <trkpt lat="32.0558089949190616607666015625" lon="118.72682944871485233306884765625">
        <ele>6</ele>
        <time>2020-10-29T03:57:36.000Z</time>
        <extensions>
          <ns3:TrackPointExtension/>
        </extensions>
      </trkpt>
      <trkpt lat="32.0558089949190616607666015625" lon="118.7268600426614284515380859375">
        <ele>5.80000019073486328125</ele>
        <time>2020-10-29T03:57:37.000Z</time>
        <extensions>
          <ns3:TrackPointExtension/>
        </extensions>
      </trkpt>
      <trkpt lat="32.0558089949190616607666015625" lon="118.7268905527889728546142578125">
        <ele>5.80000019073486328125</ele>
        <time>2020-10-29T03:57:38.000Z</time>
        <extensions>
          <ns3:TrackPointExtension/>
        </extensions>
      </trkpt>
      <trkpt lat="32.0558089949190616607666015625" lon="118.7269210629165172576904296875">
        <ele>5.599999904632568359375</ele>
        <time>2020-10-29T03:57:39.000Z</time>
        <extensions>
          <ns3:TrackPointExtension/>
        </extensions>
      </trkpt>
      <trkpt lat="32.05581276677548885345458984375" lon="118.7269515730440616607666015625">
        <ele>5.599999904632568359375</ele>
        <time>2020-10-29T03:57:40.000Z</time>
        <extensions>
          <ns3:TrackPointExtension>
            <ns3:hr>171</ns3:hr>
          </ns3:TrackPointExtension>
        </extensions>
      </trkpt>
      <trkpt lat="32.05581276677548885345458984375" lon="118.7269820831716060638427734375">
        <ele>5.400000095367431640625</ele>
        <time>2020-10-29T03:57:41.000Z</time>
        <extensions>
          <ns3:TrackPointExtension/>
        </extensions>
      </trkpt>
      <trkpt lat="32.05581662245094776153564453125" lon="118.7270125932991504669189453125">
        <ele>5.400000095367431640625</ele>
        <time>2020-10-29T03:57:42.000Z</time>
        <extensions>
          <ns3:TrackPointExtension/>
        </extensions>
      </trkpt>
      <trkpt lat="32.0558203943073749542236328125" lon="118.7270431034266948699951171875">
        <ele>5.400000095367431640625</ele>
        <time>2020-10-29T03:57:43.000Z</time>
        <extensions>
          <ns3:TrackPointExtension/>
        </extensions>
      </trkpt>
      <trkpt lat="32.0558242499828338623046875" lon="118.7270736135542392730712890625">
        <ele>5.400000095367431640625</ele>
        <time>2020-10-29T03:57:44.000Z</time>
        <extensions>
          <ns3:TrackPointExtension/>
        </extensions>
      </trkpt>
      <trkpt lat="32.05582802183926105499267578125" lon="118.7271041236817836761474609375">
        <ele>5.400000095367431640625</ele>
        <time>2020-10-29T03:57:45.000Z</time>
        <extensions>
          <ns3:TrackPointExtension>
            <ns3:hr>170</ns3:hr>
          </ns3:TrackPointExtension>
        </extensions>
      </trkpt>
      <trkpt lat="32.05583187751471996307373046875" lon="118.7271346338093280792236328125">
        <ele>5.400000095367431640625</ele>
        <time>2020-10-29T03:57:46.000Z</time>
        <extensions>
          <ns3:TrackPointExtension/>
        </extensions>
      </trkpt>
      <trkpt lat="32.05583564937114715576171875" lon="118.7271651439368724822998046875">
        <ele>5.599999904632568359375</ele>
        <time>2020-10-29T03:57:47.000Z</time>
        <extensions>
          <ns3:TrackPointExtension/>
        </extensions>
      </trkpt>
      <trkpt lat="32.0558395050466060638427734375" lon="118.7271881103515625">
        <ele>5.599999904632568359375</ele>
        <time>2020-10-29T03:57:48.000Z</time>
        <extensions>
          <ns3:TrackPointExtension/>
        </extensions>
      </trkpt>
      <trkpt lat="32.05584327690303325653076171875" lon="118.727218620479106903076171875">
        <ele>5.80000019073486328125</ele>
        <time>2020-10-29T03:57:49.000Z</time>
        <extensions>
          <ns3:TrackPointExtension/>
        </extensions>
      </trkpt>
      <trkpt lat="32.05584713257849216461181640625" lon="118.72724150307476520538330078125">
        <ele>5.80000019073486328125</ele>
        <time>2020-10-29T03:57:50.000Z</time>
        <extensions>
          <ns3:TrackPointExtension>
            <ns3:hr>172</ns3:hr>
          </ns3:TrackPointExtension>
        </extensions>
      </trkpt>
      <trkpt lat="32.0558509044349193572998046875" lon="118.72727201320230960845947265625">
        <ele>6</ele>
        <time>2020-10-29T03:57:51.000Z</time>
        <extensions>
          <ns3:TrackPointExtension/>
        </extensions>
      </trkpt>
      <trkpt lat="32.055854760110378265380859375" lon="118.7272948957979679107666015625">
        <ele>6</ele>
        <time>2020-10-29T03:57:52.000Z</time>
        <extensions>
          <ns3:TrackPointExtension/>
        </extensions>
      </trkpt>
      <trkpt lat="32.05585853196680545806884765625" lon="118.7273254059255123138427734375">
        <ele>6.19999980926513671875</ele>
        <time>2020-10-29T03:57:53.000Z</time>
        <extensions>
          <ns3:TrackPointExtension/>
        </extensions>
      </trkpt>
      <trkpt lat="32.05586238764226436614990234375" lon="118.72734828852117061614990234375">
        <ele>6.19999980926513671875</ele>
        <time>2020-10-29T03:57:54.000Z</time>
        <extensions>
          <ns3:TrackPointExtension/>
        </extensions>
      </trkpt>
      <trkpt lat="32.055866159498691558837890625" lon="118.72737879864871501922607421875">
        <ele>6.400000095367431640625</ele>
        <time>2020-10-29T03:57:55.000Z</time>
        <extensions>
          <ns3:TrackPointExtension>
            <ns3:hr>171</ns3:hr>
          </ns3:TrackPointExtension>
        </extensions>
      </trkpt>
      <trkpt lat="32.055873870849609375" lon="118.72740930877625942230224609375">
        <ele>6.400000095367431640625</ele>
        <time>2020-10-29T03:57:56.000Z</time>
        <extensions>
          <ns3:TrackPointExtension/>
        </extensions>
      </trkpt>
      <trkpt lat="32.05587764270603656768798828125" lon="118.72743981890380382537841796875">
        <ele>6.599999904632568359375</ele>
        <time>2020-10-29T03:57:57.000Z</time>
        <extensions>
          <ns3:TrackPointExtension/>
        </extensions>
      </trkpt>
      <trkpt lat="32.05588149838149547576904296875" lon="118.72747032903134822845458984375">
        <ele>6.599999904632568359375</ele>
        <time>2020-10-29T03:57:58.000Z</time>
        <extensions>
          <ns3:TrackPointExtension/>
        </extensions>
      </trkpt>
      <trkpt lat="32.05588527023792266845703125" lon="118.72750083915889263153076171875">
        <ele>6.80000019073486328125</ele>
        <time>2020-10-29T03:57:59.000Z</time>
        <extensions>
          <ns3:TrackPointExtension/>
        </extensions>
      </trkpt>
      <trkpt lat="32.0558891259133815765380859375" lon="118.72753906063735485076904296875">
        <ele>7</ele>
        <time>2020-10-29T03:58:00.000Z</time>
        <extensions>
          <ns3:TrackPointExtension>
            <ns3:hr>173</ns3:hr>
          </ns3:TrackPointExtension>
        </extensions>
      </trkpt>
      <trkpt lat="32.0558891259133815765380859375" lon="118.72756957076489925384521484375">
        <ele>7</ele>
        <time>2020-10-29T03:58:01.000Z</time>
        <extensions>
          <ns3:TrackPointExtension/>
        </extensions>
      </trkpt>
      <trkpt lat="32.05589289776980876922607421875" lon="118.7276077084243297576904296875">
        <ele>7</ele>
        <time>2020-10-29T03:58:02.000Z</time>
        <extensions>
          <ns3:TrackPointExtension/>
        </extensions>
      </trkpt>
      <trkpt lat="32.05589289776980876922607421875" lon="118.72764584608376026153564453125">
        <ele>7</ele>
        <time>2020-10-29T03:58:03.000Z</time>
        <extensions>
          <ns3:TrackPointExtension/>
        </extensions>
      </trkpt>
      <trkpt lat="32.05589289776980876922607421875" lon="118.727683983743190765380859375">
        <ele>7</ele>
        <time>2020-10-29T03:58:04.000Z</time>
        <extensions>
          <ns3:TrackPointExtension/>
        </extensions>
      </trkpt>
      <trkpt lat="32.05589289776980876922607421875" lon="118.72772212140262126922607421875">
        <ele>7</ele>
        <time>2020-10-29T03:58:05.000Z</time>
        <extensions>
          <ns3:TrackPointExtension>
            <ns3:hr>172</ns3:hr>
          </ns3:TrackPointExtension>
        </extensions>
      </trkpt>
      <trkpt lat="32.05589289776980876922607421875" lon="118.7277602590620517730712890625">
        <ele>7</ele>
        <time>2020-10-29T03:58:06.000Z</time>
        <extensions>
          <ns3:TrackPointExtension/>
        </extensions>
      </trkpt>
      <trkpt lat="32.05589675344526767730712890625" lon="118.72779839672148227691650390625">
        <ele>7.19999980926513671875</ele>
        <time>2020-10-29T03:58:07.000Z</time>
        <extensions>
          <ns3:TrackPointExtension/>
        </extensions>
      </trkpt>
      <trkpt lat="32.05589675344526767730712890625" lon="118.72783653438091278076171875">
        <ele>7.400000095367431640625</ele>
        <time>2020-10-29T03:58:08.000Z</time>
        <extensions>
          <ns3:TrackPointExtension/>
        </extensions>
      </trkpt>
      <trkpt lat="32.05589675344526767730712890625" lon="118.727867044508457183837890625">
        <ele>7.400000095367431640625</ele>
        <time>2020-10-29T03:58:09.000Z</time>
        <extensions>
          <ns3:TrackPointExtension/>
        </extensions>
      </trkpt>
      <trkpt lat="32.0559005253016948699951171875" lon="118.727905265986919403076171875">
        <ele>7.599999904632568359375</ele>
        <time>2020-10-29T03:58:10.000Z</time>
        <extensions>
          <ns3:TrackPointExtension>
            <ns3:hr>174</ns3:hr>
          </ns3:TrackPointExtension>
        </extensions>
      </trkpt>
      <trkpt lat="32.0559005253016948699951171875" lon="118.72794340364634990692138671875">
        <ele>7.599999904632568359375</ele>
        <time>2020-10-29T03:58:11.000Z</time>
        <extensions>
          <ns3:TrackPointExtension/>
        </extensions>
      </trkpt>
      <trkpt lat="32.055904380977153778076171875" lon="118.72797391377389430999755859375">
        <ele>7.80000019073486328125</ele>
        <time>2020-10-29T03:58:12.000Z</time>
        <extensions>
          <ns3:TrackPointExtension/>
        </extensions>
      </trkpt>
      <trkpt lat="32.055904380977153778076171875" lon="118.72800442390143871307373046875">
        <ele>7.80000019073486328125</ele>
        <time>2020-10-29T03:58:13.000Z</time>
        <extensions>
          <ns3:TrackPointExtension/>
        </extensions>
      </trkpt>
      <trkpt lat="32.05590815283358097076416015625" lon="118.72803493402898311614990234375">
        <ele>8</ele>
        <time>2020-10-29T03:58:14.000Z</time>
        <extensions>
          <ns3:TrackPointExtension/>
        </extensions>
      </trkpt>
      <trkpt lat="32.05590815283358097076416015625" lon="118.72806544415652751922607421875">
        <ele>8</ele>
        <time>2020-10-29T03:58:15.000Z</time>
        <extensions>
          <ns3:TrackPointExtension>
            <ns3:hr>169</ns3:hr>
          </ns3:TrackPointExtension>
        </extensions>
      </trkpt>
      <trkpt lat="32.055904380977153778076171875" lon="118.72809595428407192230224609375">
        <ele>8</ele>
        <time>2020-10-29T03:58:16.000Z</time>
        <extensions>
          <ns3:TrackPointExtension/>
        </extensions>
      </trkpt>
      <trkpt lat="32.055904380977153778076171875" lon="118.72812646441161632537841796875">
        <ele>8</ele>
        <time>2020-10-29T03:58:17.000Z</time>
        <extensions>
          <ns3:TrackPointExtension/>
        </extensions>
      </trkpt>
      <trkpt lat="32.0559005253016948699951171875" lon="118.72815697453916072845458984375">
        <ele>7.80000019073486328125</ele>
        <time>2020-10-29T03:58:18.000Z</time>
        <extensions>
          <ns3:TrackPointExtension/>
        </extensions>
      </trkpt>
      <trkpt lat="32.05589289776980876922607421875" lon="118.72818748466670513153076171875">
        <ele>7.80000019073486328125</ele>
        <time>2020-10-29T03:58:19.000Z</time>
        <extensions>
          <ns3:TrackPointExtension/>
        </extensions>
      </trkpt>
      <trkpt lat="32.0558891259133815765380859375" lon="118.72821807861328125">
        <ele>7.599999904632568359375</ele>
        <time>2020-10-29T03:58:20.000Z</time>
        <extensions>
          <ns3:TrackPointExtension>
            <ns3:hr>172</ns3:hr>
          </ns3:TrackPointExtension>
        </extensions>
      </trkpt>
      <trkpt lat="32.05588527023792266845703125" lon="118.728248588740825653076171875">
        <ele>7.599999904632568359375</ele>
        <time>2020-10-29T03:58:21.000Z</time>
        <extensions>
          <ns3:TrackPointExtension/>
        </extensions>
      </trkpt>
      <trkpt lat="32.05587764270603656768798828125" lon="118.72827147133648395538330078125">
        <ele>7.400000095367431640625</ele>
        <time>2020-10-29T03:58:22.000Z</time>
        <extensions>
          <ns3:TrackPointExtension/>
        </extensions>
      </trkpt>
      <trkpt lat="32.055873870849609375" lon="118.72830198146402835845947265625">
        <ele>7.400000095367431640625</ele>
        <time>2020-10-29T03:58:23.000Z</time>
        <extensions>
          <ns3:TrackPointExtension/>
        </extensions>
      </trkpt>
      <trkpt lat="32.0558700151741504669189453125" lon="118.72833249159157276153564453125">
        <ele>7.400000095367431640625</ele>
        <time>2020-10-29T03:58:24.000Z</time>
        <extensions>
          <ns3:TrackPointExtension/>
        </extensions>
      </trkpt>
      <trkpt lat="32.05586238764226436614990234375" lon="118.72836300171911716461181640625">
        <ele>7.400000095367431640625</ele>
        <time>2020-10-29T03:58:25.000Z</time>
        <extensions>
          <ns3:TrackPointExtension>
            <ns3:hr>172</ns3:hr>
          </ns3:TrackPointExtension>
        </extensions>
      </trkpt>
      <trkpt lat="32.05585853196680545806884765625" lon="118.7283858843147754669189453125">
        <ele>7.400000095367431640625</ele>
        <time>2020-10-29T03:58:26.000Z</time>
        <extensions>
          <ns3:TrackPointExtension/>
        </extensions>
      </trkpt>
      <trkpt lat="32.055854760110378265380859375" lon="118.7284163944423198699951171875">
        <ele>7.400000095367431640625</ele>
        <time>2020-10-29T03:58:27.000Z</time>
        <extensions>
          <ns3:TrackPointExtension/>
        </extensions>
      </trkpt>
      <trkpt lat="32.0558509044349193572998046875" lon="118.7284469045698642730712890625">
        <ele>7.400000095367431640625</ele>
        <time>2020-10-29T03:58:28.000Z</time>
        <extensions>
          <ns3:TrackPointExtension/>
        </extensions>
      </trkpt>
      <trkpt lat="32.05584713257849216461181640625" lon="118.7284774146974086761474609375">
        <ele>7.19999980926513671875</ele>
        <time>2020-10-29T03:58:29.000Z</time>
        <extensions>
          <ns3:TrackPointExtension/>
        </extensions>
      </trkpt>
      <trkpt lat="32.05584327690303325653076171875" lon="118.72850029729306697845458984375">
        <ele>7.19999980926513671875</ele>
        <time>2020-10-29T03:58:30.000Z</time>
        <extensions>
          <ns3:TrackPointExtension>
            <ns3:hr>173</ns3:hr>
            <ns3:cad>78</ns3:cad>
          </ns3:TrackPointExtension>
        </extensions>
      </trkpt>
      <trkpt lat="32.0558395050466060638427734375" lon="118.72853080742061138153076171875">
        <ele>7</ele>
        <time>2020-10-29T03:58:31.000Z</time>
        <extensions>
          <ns3:TrackPointExtension/>
        </extensions>
      </trkpt>
      <trkpt lat="32.05583187751471996307373046875" lon="118.7285614013671875">
        <ele>6.80000019073486328125</ele>
        <time>2020-10-29T03:58:32.000Z</time>
        <extensions>
          <ns3:TrackPointExtension/>
        </extensions>
      </trkpt>
      <trkpt lat="32.05582802183926105499267578125" lon="118.728591911494731903076171875">
        <ele>6.599999904632568359375</ele>
        <time>2020-10-29T03:58:33.000Z</time>
        <extensions>
          <ns3:TrackPointExtension/>
        </extensions>
      </trkpt>
      <trkpt lat="32.0558242499828338623046875" lon="118.72862242162227630615234375">
        <ele>6.400000095367431640625</ele>
        <time>2020-10-29T03:58:34.000Z</time>
        <extensions>
          <ns3:TrackPointExtension/>
        </extensions>
      </trkpt>
      <trkpt lat="32.0558203943073749542236328125" lon="118.728652931749820709228515625">
        <ele>6.19999980926513671875</ele>
        <time>2020-10-29T03:58:35.000Z</time>
        <extensions>
          <ns3:TrackPointExtension>
            <ns3:hr>171</ns3:hr>
          </ns3:TrackPointExtension>
        </extensions>
      </trkpt>
      <trkpt lat="32.0558203943073749542236328125" lon="118.72869106940925121307373046875">
        <ele>5.80000019073486328125</ele>
        <time>2020-10-29T03:58:36.000Z</time>
        <extensions>
          <ns3:TrackPointExtension/>
        </extensions>
      </trkpt>
      <trkpt lat="32.0558203943073749542236328125" lon="118.72872157953679561614990234375">
        <ele>5.599999904632568359375</ele>
        <time>2020-10-29T03:58:37.000Z</time>
        <extensions>
          <ns3:TrackPointExtension/>
        </extensions>
      </trkpt>
      <trkpt lat="32.0558203943073749542236328125" lon="118.7287597171962261199951171875">
        <ele>5.400000095367431640625</ele>
        <time>2020-10-29T03:58:38.000Z</time>
        <extensions>
          <ns3:TrackPointExtension/>
        </extensions>
      </trkpt>
      <trkpt lat="32.0558203943073749542236328125" lon="118.7287902273237705230712890625">
        <ele>5.19999980926513671875</ele>
        <time>2020-10-29T03:58:39.000Z</time>
        <extensions>
          <ns3:TrackPointExtension/>
        </extensions>
      </trkpt>
      <trkpt lat="32.0558242499828338623046875" lon="118.72882836498320102691650390625">
        <ele>5</ele>
        <time>2020-10-29T03:58:40.000Z</time>
        <extensions>
          <ns3:TrackPointExtension>
            <ns3:hr>175</ns3:hr>
          </ns3:TrackPointExtension>
        </extensions>
      </trkpt>
      <trkpt lat="32.05582802183926105499267578125" lon="118.72886650264263153076171875">
        <ele>4.80000019073486328125</ele>
        <time>2020-10-29T03:58:41.000Z</time>
        <extensions>
          <ns3:TrackPointExtension/>
        </extensions>
      </trkpt>
      <trkpt lat="32.05583564937114715576171875" lon="118.728897012770175933837890625">
        <ele>4.80000019073486328125</ele>
        <time>2020-10-29T03:58:42.000Z</time>
        <extensions>
          <ns3:TrackPointExtension/>
        </extensions>
      </trkpt>
      <trkpt lat="32.05584327690303325653076171875" lon="118.728935234248638153076171875">
        <ele>4.599999904632568359375</ele>
        <time>2020-10-29T03:58:43.000Z</time>
        <extensions>
          <ns3:TrackPointExtension/>
        </extensions>
      </trkpt>
      <trkpt lat="32.0558509044349193572998046875" lon="118.72897337190806865692138671875">
        <ele>4.400000095367431640625</ele>
        <time>2020-10-29T03:58:44.000Z</time>
        <extensions>
          <ns3:TrackPointExtension/>
        </extensions>
      </trkpt>
      <trkpt lat="32.05585853196680545806884765625" lon="118.7290115095674991607666015625">
        <ele>4</ele>
        <time>2020-10-29T03:58:45.000Z</time>
        <extensions>
          <ns3:TrackPointExtension>
            <ns3:hr>172</ns3:hr>
          </ns3:TrackPointExtension>
        </extensions>
      </trkpt>
      <trkpt lat="32.055866159498691558837890625" lon="118.72904964722692966461181640625">
        <ele>3.7999999523162841796875</ele>
        <time>2020-10-29T03:58:46.000Z</time>
        <extensions>
          <ns3:TrackPointExtension/>
        </extensions>
      </trkpt>
      <trkpt lat="32.0558700151741504669189453125" lon="118.72908778488636016845703125">
        <ele>3.400000095367431640625</ele>
        <time>2020-10-29T03:58:47.000Z</time>
        <extensions>
          <ns3:TrackPointExtension/>
        </extensions>
      </trkpt>
      <trkpt lat="32.05587764270603656768798828125" lon="118.729118295013904571533203125">
        <ele>3.2000000476837158203125</ele>
        <time>2020-10-29T03:58:48.000Z</time>
        <extensions>
          <ns3:TrackPointExtension/>
        </extensions>
      </trkpt>
      <trkpt lat="32.0558891259133815765380859375" lon="118.72915643267333507537841796875">
        <ele>3</ele>
        <time>2020-10-29T03:58:49.000Z</time>
        <extensions>
          <ns3:TrackPointExtension/>
        </extensions>
      </trkpt>
      <trkpt lat="32.05589675344526767730712890625" lon="118.7291945703327655792236328125">
        <ele>2.7999999523162841796875</ele>
        <time>2020-10-29T03:58:50.000Z</time>
        <extensions>
          <ns3:TrackPointExtension>
            <ns3:hr>172</ns3:hr>
          </ns3:TrackPointExtension>
        </extensions>
      </trkpt>
      <trkpt lat="32.055904380977153778076171875" lon="118.72923270799219608306884765625">
        <ele>2.599999904632568359375</ele>
        <time>2020-10-29T03:58:51.000Z</time>
        <extensions>
          <ns3:TrackPointExtension/>
        </extensions>
      </trkpt>
      <trkpt lat="32.05591200850903987884521484375" lon="118.72927092947065830230712890625">
        <ele>2.7999999523162841796875</ele>
        <time>2020-10-29T03:58:52.000Z</time>
        <extensions>
          <ns3:TrackPointExtension/>
        </extensions>
      </trkpt>
      <trkpt lat="32.0559196360409259796142578125" lon="118.72930143959820270538330078125">
        <ele>3</ele>
        <time>2020-10-29T03:58:53.000Z</time>
        <extensions>
          <ns3:TrackPointExtension/>
        </extensions>
      </trkpt>
      <trkpt lat="32.05592726357281208038330078125" lon="118.729339577257633209228515625">
        <ele>3.2000000476837158203125</ele>
        <time>2020-10-29T03:58:54.000Z</time>
        <extensions>
          <ns3:TrackPointExtension/>
        </extensions>
      </trkpt>
      <trkpt lat="32.05593489110469818115234375" lon="118.7293700873851776123046875">
        <ele>3.400000095367431640625</ele>
        <time>2020-10-29T03:58:55.000Z</time>
        <extensions>
          <ns3:TrackPointExtension>
            <ns3:hr>169</ns3:hr>
          </ns3:TrackPointExtension>
        </extensions>
      </trkpt>
      <trkpt lat="32.05593866296112537384033203125" lon="118.72940822504460811614990234375">
        <ele>3.599999904632568359375</ele>
        <time>2020-10-29T03:58:56.000Z</time>
        <extensions>
          <ns3:TrackPointExtension/>
        </extensions>
      </trkpt>
      <trkpt lat="32.05594251863658428192138671875" lon="118.72943873517215251922607421875">
        <ele>3.7999999523162841796875</ele>
        <time>2020-10-29T03:58:57.000Z</time>
        <extensions>
          <ns3:TrackPointExtension/>
        </extensions>
      </trkpt>
      <trkpt lat="32.05594251863658428192138671875" lon="118.7294768728315830230712890625">
        <ele>4</ele>
        <time>2020-10-29T03:58:58.000Z</time>
        <extensions>
          <ns3:TrackPointExtension/>
        </extensions>
      </trkpt>
      <trkpt lat="32.055946290493011474609375" lon="118.7295073829591274261474609375">
        <ele>4.19999980926513671875</ele>
        <time>2020-10-29T03:58:59.000Z</time>
        <extensions>
          <ns3:TrackPointExtension/>
        </extensions>
      </trkpt>
      <trkpt lat="32.055946290493011474609375" lon="118.7295378930866718292236328125">
        <ele>4.400000095367431640625</ele>
        <time>2020-10-29T03:59:00.000Z</time>
        <extensions>
          <ns3:TrackPointExtension>
            <ns3:hr>172</ns3:hr>
          </ns3:TrackPointExtension>
        </extensions>
      </trkpt>
      <trkpt lat="32.05594251863658428192138671875" lon="118.7295684032142162322998046875">
        <ele>4.599999904632568359375</ele>
        <time>2020-10-29T03:59:01.000Z</time>
        <extensions>
          <ns3:TrackPointExtension/>
        </extensions>
      </trkpt>
      <trkpt lat="32.05594251863658428192138671875" lon="118.72959899716079235076904296875">
        <ele>4.80000019073486328125</ele>
        <time>2020-10-29T03:59:02.000Z</time>
        <extensions>
          <ns3:TrackPointExtension/>
        </extensions>
      </trkpt>
      <trkpt lat="32.05594251863658428192138671875" lon="118.72962950728833675384521484375">
        <ele>5</ele>
        <time>2020-10-29T03:59:03.000Z</time>
        <extensions>
          <ns3:TrackPointExtension/>
        </extensions>
      </trkpt>
      <trkpt lat="32.05593866296112537384033203125" lon="118.72966001741588115692138671875">
        <ele>5.19999980926513671875</ele>
        <time>2020-10-29T03:59:04.000Z</time>
        <extensions>
          <ns3:TrackPointExtension/>
        </extensions>
      </trkpt>
      <trkpt lat="32.05593866296112537384033203125" lon="118.72969052754342555999755859375">
        <ele>5.400000095367431640625</ele>
        <time>2020-10-29T03:59:05.000Z</time>
        <extensions>
          <ns3:TrackPointExtension>
            <ns3:hr>170</ns3:hr>
          </ns3:TrackPointExtension>
        </extensions>
      </trkpt>
      <trkpt lat="32.05593489110469818115234375" lon="118.7297134101390838623046875">
        <ele>5.599999904632568359375</ele>
        <time>2020-10-29T03:59:06.000Z</time>
        <extensions>
          <ns3:TrackPointExtension/>
        </extensions>
      </trkpt>
      <trkpt lat="32.05593489110469818115234375" lon="118.729743920266628265380859375">
        <ele>5.80000019073486328125</ele>
        <time>2020-10-29T03:59:07.000Z</time>
        <extensions>
          <ns3:TrackPointExtension/>
        </extensions>
      </trkpt>
      <trkpt lat="32.05593866296112537384033203125" lon="118.72977443039417266845703125">
        <ele>6</ele>
        <time>2020-10-29T03:59:08.000Z</time>
        <extensions>
          <ns3:TrackPointExtension/>
        </extensions>
      </trkpt>
      <trkpt lat="32.05593866296112537384033203125" lon="118.729804940521717071533203125">
        <ele>6</ele>
        <time>2020-10-29T03:59:09.000Z</time>
        <extensions>
          <ns3:TrackPointExtension/>
        </extensions>
      </trkpt>
      <trkpt lat="32.05594251863658428192138671875" lon="118.729835450649261474609375">
        <ele>6.19999980926513671875</ele>
        <time>2020-10-29T03:59:10.000Z</time>
        <extensions>
          <ns3:TrackPointExtension>
            <ns3:hr>171</ns3:hr>
          </ns3:TrackPointExtension>
        </extensions>
      </trkpt>
      <trkpt lat="32.055946290493011474609375" lon="118.729865960776805877685546875">
        <ele>6.19999980926513671875</ele>
        <time>2020-10-29T03:59:11.000Z</time>
        <extensions>
          <ns3:TrackPointExtension/>
        </extensions>
      </trkpt>
      <trkpt lat="32.0559501461684703826904296875" lon="118.72989647090435028076171875">
        <ele>6.400000095367431640625</ele>
        <time>2020-10-29T03:59:12.000Z</time>
        <extensions>
          <ns3:TrackPointExtension/>
        </extensions>
      </trkpt>
      <trkpt lat="32.05595391802489757537841796875" lon="118.729926981031894683837890625">
        <ele>6.599999904632568359375</ele>
        <time>2020-10-29T03:59:13.000Z</time>
        <extensions>
          <ns3:TrackPointExtension/>
        </extensions>
      </trkpt>
      <trkpt lat="32.05595777370035648345947265625" lon="118.72995757497847080230712890625">
        <ele>6.599999904632568359375</ele>
        <time>2020-10-29T03:59:14.000Z</time>
        <extensions>
          <ns3:TrackPointExtension/>
        </extensions>
      </trkpt>
      <trkpt lat="32.0559615455567836761474609375" lon="118.72998808510601520538330078125">
        <ele>6.80000019073486328125</ele>
        <time>2020-10-29T03:59:15.000Z</time>
        <extensions>
          <ns3:TrackPointExtension>
            <ns3:hr>169</ns3:hr>
          </ns3:TrackPointExtension>
        </extensions>
      </trkpt>
      <trkpt lat="32.055965401232242584228515625" lon="118.73001859523355960845947265625">
        <ele>6.80000019073486328125</ele>
        <time>2020-10-29T03:59:16.000Z</time>
        <extensions>
          <ns3:TrackPointExtension/>
        </extensions>
      </trkpt>
      <trkpt lat="32.05597302876412868499755859375" lon="118.73004910536110401153564453125">
        <ele>7</ele>
        <time>2020-10-29T03:59:17.000Z</time>
        <extensions>
          <ns3:TrackPointExtension/>
        </extensions>
      </trkpt>
      <trkpt lat="32.055976800620555877685546875" lon="118.730087243020534515380859375">
        <ele>7.19999980926513671875</ele>
        <time>2020-10-29T03:59:18.000Z</time>
        <extensions>
          <ns3:TrackPointExtension/>
        </extensions>
      </trkpt>
      <trkpt lat="32.0559806562960147857666015625" lon="118.73011775314807891845703125">
        <ele>7.19999980926513671875</ele>
        <time>2020-10-29T03:59:19.000Z</time>
        <extensions>
          <ns3:TrackPointExtension/>
        </extensions>
      </trkpt>
      <trkpt lat="32.05598442815244197845458984375" lon="118.730148263275623321533203125">
        <ele>7.400000095367431640625</ele>
        <time>2020-10-29T03:59:20.000Z</time>
        <extensions>
          <ns3:TrackPointExtension>
            <ns3:hr>172</ns3:hr>
          </ns3:TrackPointExtension>
        </extensions>
      </trkpt>
      <trkpt lat="32.05598828382790088653564453125" lon="118.73018640093505382537841796875">
        <ele>7.400000095367431640625</ele>
        <time>2020-10-29T03:59:21.000Z</time>
        <extensions>
          <ns3:TrackPointExtension/>
        </extensions>
      </trkpt>
      <trkpt lat="32.05598828382790088653564453125" lon="118.73021691106259822845458984375">
        <ele>7.599999904632568359375</ele>
        <time>2020-10-29T03:59:22.000Z</time>
        <extensions>
          <ns3:TrackPointExtension/>
        </extensions>
      </trkpt>
      <trkpt lat="32.0559920556843280792236328125" lon="118.73024742119014263153076171875">
        <ele>7.599999904632568359375</ele>
        <time>2020-10-29T03:59:23.000Z</time>
        <extensions>
          <ns3:TrackPointExtension/>
        </extensions>
      </trkpt>
      <trkpt lat="32.0559959113597869873046875" lon="118.73028564266860485076904296875">
        <ele>7.80000019073486328125</ele>
        <time>2020-10-29T03:59:24.000Z</time>
        <extensions>
          <ns3:TrackPointExtension/>
        </extensions>
      </trkpt>
      <trkpt lat="32.0559959113597869873046875" lon="118.73031615279614925384521484375">
        <ele>8</ele>
        <time>2020-10-29T03:59:25.000Z</time>
        <extensions>
          <ns3:TrackPointExtension>
            <ns3:hr>171</ns3:hr>
          </ns3:TrackPointExtension>
        </extensions>
      </trkpt>
      <trkpt lat="32.05599968321621417999267578125" lon="118.73034666292369365692138671875">
        <ele>8</ele>
        <time>2020-10-29T03:59:26.000Z</time>
        <extensions>
          <ns3:TrackPointExtension/>
        </extensions>
      </trkpt>
      <trkpt lat="32.05600353889167308807373046875" lon="118.7303848005831241607666015625">
        <ele>8</ele>
        <time>2020-10-29T03:59:27.000Z</time>
        <extensions>
          <ns3:TrackPointExtension/>
        </extensions>
      </trkpt>
      <trkpt lat="32.05600353889167308807373046875" lon="118.7304153107106685638427734375">
        <ele>8</ele>
        <time>2020-10-29T03:59:28.000Z</time>
        <extensions>
          <ns3:TrackPointExtension/>
        </extensions>
      </trkpt>
      <trkpt lat="32.05600731074810028076171875" lon="118.7304458208382129669189453125">
        <ele>8</ele>
        <time>2020-10-29T03:59:29.000Z</time>
        <extensions>
          <ns3:TrackPointExtension/>
        </extensions>
      </trkpt>
      <trkpt lat="32.05600731074810028076171875" lon="118.7304763309657573699951171875">
        <ele>8</ele>
        <time>2020-10-29T03:59:30.000Z</time>
        <extensions>
          <ns3:TrackPointExtension>
            <ns3:hr>176</ns3:hr>
            <ns3:cad>67</ns3:cad>
          </ns3:TrackPointExtension>
        </extensions>
      </trkpt>
      <trkpt lat="32.0560111664235591888427734375" lon="118.7305068410933017730712890625">
        <ele>8</ele>
        <time>2020-10-29T03:59:31.000Z</time>
        <extensions>
          <ns3:TrackPointExtension/>
        </extensions>
      </trkpt>
      <trkpt lat="32.0560111664235591888427734375" lon="118.7305373512208461761474609375">
        <ele>8</ele>
        <time>2020-10-29T03:59:32.000Z</time>
        <extensions>
          <ns3:TrackPointExtension/>
        </extensions>
      </trkpt>
      <trkpt lat="32.05601493827998638153076171875" lon="118.7305678613483905792236328125">
        <ele>8</ele>
        <time>2020-10-29T03:59:33.000Z</time>
        <extensions>
          <ns3:TrackPointExtension/>
        </extensions>
      </trkpt>
      <trkpt lat="32.05601879395544528961181640625" lon="118.7305983714759349822998046875">
        <ele>8</ele>
        <time>2020-10-29T03:59:34.000Z</time>
        <extensions>
          <ns3:TrackPointExtension/>
        </extensions>
      </trkpt>
      <trkpt lat="32.05601879395544528961181640625" lon="118.73062896542251110076904296875">
        <ele>8</ele>
        <time>2020-10-29T03:59:35.000Z</time>
        <extensions>
          <ns3:TrackPointExtension>
            <ns3:hr>175</ns3:hr>
          </ns3:TrackPointExtension>
        </extensions>
      </trkpt>
      <trkpt lat="32.0560225658118724822998046875" lon="118.730651848018169403076171875">
        <ele>8</ele>
        <time>2020-10-29T03:59:36.000Z</time>
        <extensions>
          <ns3:TrackPointExtension/>
        </extensions>
      </trkpt>
      <trkpt lat="32.0560225658118724822998046875" lon="118.73068235814571380615234375">
        <ele>8.19999980926513671875</ele>
        <time>2020-10-29T03:59:37.000Z</time>
        <extensions>
          <ns3:TrackPointExtension/>
        </extensions>
      </trkpt>
      <trkpt lat="32.056026421487331390380859375" lon="118.73070524074137210845947265625">
        <ele>8.19999980926513671875</ele>
        <time>2020-10-29T03:59:38.000Z</time>
        <extensions>
          <ns3:TrackPointExtension/>
        </extensions>
      </trkpt>
      <trkpt lat="32.056026421487331390380859375" lon="118.73073575086891651153564453125">
        <ele>8.19999980926513671875</ele>
        <time>2020-10-29T03:59:39.000Z</time>
        <extensions>
          <ns3:TrackPointExtension/>
        </extensions>
      </trkpt>
      <trkpt lat="32.056026421487331390380859375" lon="118.7307586334645748138427734375">
        <ele>8.3999996185302734375</ele>
        <time>2020-10-29T03:59:40.000Z</time>
        <extensions>
          <ns3:TrackPointExtension>
            <ns3:hr>175</ns3:hr>
          </ns3:TrackPointExtension>
        </extensions>
      </trkpt>
      <trkpt lat="32.05603019334375858306884765625" lon="118.73078151606023311614990234375">
        <ele>8.3999996185302734375</ele>
        <time>2020-10-29T03:59:41.000Z</time>
        <extensions>
          <ns3:TrackPointExtension/>
        </extensions>
      </trkpt>
      <trkpt lat="32.05603019334375858306884765625" lon="118.73079677112400531768798828125">
        <ele>8.3999996185302734375</ele>
        <time>2020-10-29T03:59:42.000Z</time>
        <extensions>
          <ns3:TrackPointExtension/>
        </extensions>
      </trkpt>
      <trkpt lat="32.05603019334375858306884765625" lon="118.7308196537196636199951171875">
        <ele>8.6000003814697265625</ele>
        <time>2020-10-29T03:59:43.000Z</time>
        <extensions>
          <ns3:TrackPointExtension/>
        </extensions>
      </trkpt>
      <trkpt lat="32.05603019334375858306884765625" lon="118.730834908783435821533203125">
        <ele>8.6000003814697265625</ele>
        <time>2020-10-29T03:59:44.000Z</time>
        <extensions>
          <ns3:TrackPointExtension/>
        </extensions>
      </trkpt>
      <trkpt lat="32.05603404901921749114990234375" lon="118.7308501638472080230712890625">
        <ele>8.6000003814697265625</ele>
        <time>2020-10-29T03:59:45.000Z</time>
        <extensions>
          <ns3:TrackPointExtension>
            <ns3:hr>172</ns3:hr>
          </ns3:TrackPointExtension>
        </extensions>
      </trkpt>
      <trkpt lat="32.05603404901921749114990234375" lon="118.730865418910980224609375">
        <ele>8.80000019073486328125</ele>
        <time>2020-10-29T03:59:46.000Z</time>
        <extensions>
          <ns3:TrackPointExtension/>
        </extensions>
      </trkpt>
      <trkpt lat="32.056037820875644683837890625" lon="118.7308806739747524261474609375">
        <ele>8.80000019073486328125</ele>
        <time>2020-10-29T03:59:47.000Z</time>
        <extensions>
          <ns3:TrackPointExtension/>
        </extensions>
      </trkpt>
      <trkpt lat="32.0560416765511035919189453125" lon="118.730895929038524627685546875">
        <ele>8.80000019073486328125</ele>
        <time>2020-10-29T03:59:48.000Z</time>
        <extensions>
          <ns3:TrackPointExtension/>
        </extensions>
      </trkpt>
      <trkpt lat="32.0560455322265625" lon="118.7309111841022968292236328125">
        <ele>8.80000019073486328125</ele>
        <time>2020-10-29T03:59:49.000Z</time>
        <extensions>
          <ns3:TrackPointExtension/>
        </extensions>
      </trkpt>
      <trkpt lat="32.05605315975844860076904296875" lon="118.73091881163418292999267578125">
        <ele>9</ele>
        <time>2020-10-29T03:59:50.000Z</time>
        <extensions>
          <ns3:TrackPointExtension>
            <ns3:hr>172</ns3:hr>
          </ns3:TrackPointExtension>
        </extensions>
      </trkpt>
      <trkpt lat="32.05605693161487579345703125" lon="118.73093406669795513153076171875">
        <ele>9</ele>
        <time>2020-10-29T03:59:51.000Z</time>
        <extensions>
          <ns3:TrackPointExtension/>
        </extensions>
      </trkpt>
      <trkpt lat="32.05606455914676189422607421875" lon="118.73094932176172733306884765625">
        <ele>9</ele>
        <time>2020-10-29T03:59:52.000Z</time>
        <extensions>
          <ns3:TrackPointExtension/>
        </extensions>
      </trkpt>
      <trkpt lat="32.0560721866786479949951171875" lon="118.730956949293613433837890625">
        <ele>9.19999980926513671875</ele>
        <time>2020-10-29T03:59:53.000Z</time>
        <extensions>
          <ns3:TrackPointExtension/>
        </extensions>
      </trkpt>
      <trkpt lat="32.05607981421053409576416015625" lon="118.73097228817641735076904296875">
        <ele>9.19999980926513671875</ele>
        <time>2020-10-29T03:59:54.000Z</time>
        <extensions>
          <ns3:TrackPointExtension/>
        </extensions>
      </trkpt>
      <trkpt lat="32.056087441742420196533203125" lon="118.73098754324018955230712890625">
        <ele>9.19999980926513671875</ele>
        <time>2020-10-29T03:59:55.000Z</time>
        <extensions>
          <ns3:TrackPointExtension>
            <ns3:hr>171</ns3:hr>
          </ns3:TrackPointExtension>
        </extensions>
      </trkpt>
      <trkpt lat="32.05609506927430629730224609375" lon="118.7310104258358478546142578125">
        <ele>9.3999996185302734375</ele>
        <time>2020-10-29T03:59:56.000Z</time>
        <extensions>
          <ns3:TrackPointExtension/>
        </extensions>
      </trkpt>
      <trkpt lat="32.05609892494976520538330078125" lon="118.73102568089962005615234375">
        <ele>9.6000003814697265625</ele>
        <time>2020-10-29T03:59:57.000Z</time>
        <extensions>
          <ns3:TrackPointExtension/>
        </extensions>
      </trkpt>
      <trkpt lat="32.0561026968061923980712890625" lon="118.73104856349527835845947265625">
        <ele>9.6000003814697265625</ele>
        <time>2020-10-29T03:59:58.000Z</time>
        <extensions>
          <ns3:TrackPointExtension/>
        </extensions>
      </trkpt>
      <trkpt lat="32.05609892494976520538330078125" lon="118.7310714460909366607666015625">
        <ele>9.80000019073486328125</ele>
        <time>2020-10-29T03:59:59.000Z</time>
        <extensions>
          <ns3:TrackPointExtension/>
        </extensions>
      </trkpt>
      <trkpt lat="32.05609892494976520538330078125" lon="118.73109432868659496307373046875">
        <ele>10</ele>
        <time>2020-10-29T04:00:00.000Z</time>
        <extensions>
          <ns3:TrackPointExtension>
            <ns3:hr>172</ns3:hr>
          </ns3:TrackPointExtension>
        </extensions>
      </trkpt>
      <trkpt lat="32.0560912974178791046142578125" lon="118.73112483881413936614990234375">
        <ele>10.19999980926513671875</ele>
        <time>2020-10-29T04:00:01.000Z</time>
        <extensions>
          <ns3:TrackPointExtension/>
        </extensions>
      </trkpt>
      <trkpt lat="32.05608366988599300384521484375" lon="118.73114772140979766845703125">
        <ele>10.3999996185302734375</ele>
        <time>2020-10-29T04:00:02.000Z</time>
        <extensions>
          <ns3:TrackPointExtension/>
        </extensions>
      </trkpt>
      <trkpt lat="32.0560721866786479949951171875" lon="118.731178231537342071533203125">
        <ele>10.80000019073486328125</ele>
        <time>2020-10-29T04:00:03.000Z</time>
        <extensions>
          <ns3:TrackPointExtension/>
        </extensions>
      </trkpt>
      <trkpt lat="32.0560607872903347015380859375" lon="118.731208741664886474609375">
        <ele>11</ele>
        <time>2020-10-29T04:00:04.000Z</time>
        <extensions>
          <ns3:TrackPointExtension/>
        </extensions>
      </trkpt>
      <trkpt lat="32.0560455322265625" lon="118.731239251792430877685546875">
        <ele>11.19999980926513671875</ele>
        <time>2020-10-29T04:00:05.000Z</time>
        <extensions>
          <ns3:TrackPointExtension>
            <ns3:hr>167</ns3:hr>
          </ns3:TrackPointExtension>
        </extensions>
      </trkpt>
      <trkpt lat="32.056026421487331390380859375" lon="118.73126976191997528076171875">
        <ele>11.6000003814697265625</ele>
        <time>2020-10-29T04:00:06.000Z</time>
        <extensions>
          <ns3:TrackPointExtension/>
        </extensions>
      </trkpt>
      <trkpt lat="32.05600731074810028076171875" lon="118.731300272047519683837890625">
        <ele>11.80000019073486328125</ele>
        <time>2020-10-29T04:00:07.000Z</time>
        <extensions>
          <ns3:TrackPointExtension/>
        </extensions>
      </trkpt>
      <trkpt lat="32.05598828382790088653564453125" lon="118.7313232384622097015380859375">
        <ele>12</ele>
        <time>2020-10-29T04:00:08.000Z</time>
        <extensions>
          <ns3:TrackPointExtension/>
        </extensions>
      </trkpt>
      <trkpt lat="32.055965401232242584228515625" lon="118.7313537485897541046142578125">
        <ele>12.19999980926513671875</ele>
        <time>2020-10-29T04:00:09.000Z</time>
        <extensions>
          <ns3:TrackPointExtension/>
        </extensions>
      </trkpt>
      <trkpt lat="32.05594251863658428192138671875" lon="118.7313842587172985076904296875">
        <ele>12.3999996185302734375</ele>
        <time>2020-10-29T04:00:10.000Z</time>
        <extensions>
          <ns3:TrackPointExtension>
            <ns3:hr>164</ns3:hr>
          </ns3:TrackPointExtension>
        </extensions>
      </trkpt>
      <trkpt lat="32.05592340789735317230224609375" lon="118.73140714131295680999755859375">
        <ele>12.3999996185302734375</ele>
        <time>2020-10-29T04:00:11.000Z</time>
        <extensions>
          <ns3:TrackPointExtension/>
        </extensions>
      </trkpt>
      <trkpt lat="32.055904380977153778076171875" lon="118.73143765144050121307373046875">
        <ele>12.6000003814697265625</ele>
        <time>2020-10-29T04:00:12.000Z</time>
        <extensions>
          <ns3:TrackPointExtension/>
        </extensions>
      </trkpt>
      <trkpt lat="32.05588527023792266845703125" lon="118.731460534036159515380859375">
        <ele>12.6000003814697265625</ele>
        <time>2020-10-29T04:00:13.000Z</time>
        <extensions>
          <ns3:TrackPointExtension/>
        </extensions>
      </trkpt>
      <trkpt lat="32.055873870849609375" lon="118.73149104416370391845703125">
        <ele>12.80000019073486328125</ele>
        <time>2020-10-29T04:00:14.000Z</time>
        <extensions>
          <ns3:TrackPointExtension/>
        </extensions>
      </trkpt>
      <trkpt lat="32.05585853196680545806884765625" lon="118.731521554291248321533203125">
        <ele>12.80000019073486328125</ele>
        <time>2020-10-29T04:00:15.000Z</time>
        <extensions>
          <ns3:TrackPointExtension>
            <ns3:hr>164</ns3:hr>
          </ns3:TrackPointExtension>
        </extensions>
      </trkpt>
      <trkpt lat="32.0558509044349193572998046875" lon="118.731552064418792724609375">
        <ele>12.80000019073486328125</ele>
        <time>2020-10-29T04:00:16.000Z</time>
        <extensions>
          <ns3:TrackPointExtension/>
        </extensions>
      </trkpt>
      <trkpt lat="32.05584327690303325653076171875" lon="118.73157494701445102691650390625">
        <ele>13</ele>
        <time>2020-10-29T04:00:17.000Z</time>
        <extensions>
          <ns3:TrackPointExtension/>
        </extensions>
      </trkpt>
      <trkpt lat="32.05583564937114715576171875" lon="118.73160545714199542999267578125">
        <ele>13</ele>
        <time>2020-10-29T04:00:18.000Z</time>
        <extensions>
          <ns3:TrackPointExtension/>
        </extensions>
      </trkpt>
      <trkpt lat="32.05583187751471996307373046875" lon="118.73163596726953983306884765625">
        <ele>12.80000019073486328125</ele>
        <time>2020-10-29T04:00:19.000Z</time>
        <extensions>
          <ns3:TrackPointExtension/>
        </extensions>
      </trkpt>
      <trkpt lat="32.05582802183926105499267578125" lon="118.7316665612161159515380859375">
        <ele>12.80000019073486328125</ele>
        <time>2020-10-29T04:00:20.000Z</time>
        <extensions>
          <ns3:TrackPointExtension>
            <ns3:hr>168</ns3:hr>
          </ns3:TrackPointExtension>
        </extensions>
      </trkpt>
      <trkpt lat="32.05582802183926105499267578125" lon="118.7316970713436603546142578125">
        <ele>12.80000019073486328125</ele>
        <time>2020-10-29T04:00:21.000Z</time>
        <extensions>
          <ns3:TrackPointExtension/>
        </extensions>
      </trkpt>
      <trkpt lat="32.05582802183926105499267578125" lon="118.7317275814712047576904296875">
        <ele>12.80000019073486328125</ele>
        <time>2020-10-29T04:00:22.000Z</time>
        <extensions>
          <ns3:TrackPointExtension/>
        </extensions>
      </trkpt>
      <trkpt lat="32.0558242499828338623046875" lon="118.73175046406686305999755859375">
        <ele>12.6000003814697265625</ele>
        <time>2020-10-29T04:00:23.000Z</time>
        <extensions>
          <ns3:TrackPointExtension/>
        </extensions>
      </trkpt>
      <trkpt lat="32.0558242499828338623046875" lon="118.73178097419440746307373046875">
        <ele>12.3999996185302734375</ele>
        <time>2020-10-29T04:00:24.000Z</time>
        <extensions>
          <ns3:TrackPointExtension/>
        </extensions>
      </trkpt>
      <trkpt lat="32.05581662245094776153564453125" lon="118.73181148432195186614990234375">
        <ele>12.19999980926513671875</ele>
        <time>2020-10-29T04:00:25.000Z</time>
        <extensions>
          <ns3:TrackPointExtension>
            <ns3:hr>165</ns3:hr>
          </ns3:TrackPointExtension>
        </extensions>
      </trkpt>
      <trkpt lat="32.0558089949190616607666015625" lon="118.73183436691761016845703125">
        <ele>12</ele>
        <time>2020-10-29T04:00:26.000Z</time>
        <extensions>
          <ns3:TrackPointExtension/>
        </extensions>
      </trkpt>
      <trkpt lat="32.05580136738717555999755859375" lon="118.731864877045154571533203125">
        <ele>11.80000019073486328125</ele>
        <time>2020-10-29T04:00:27.000Z</time>
        <extensions>
          <ns3:TrackPointExtension/>
        </extensions>
      </trkpt>
      <trkpt lat="32.0557898841798305511474609375" lon="118.73188775964081287384033203125">
        <ele>11.80000019073486328125</ele>
        <time>2020-10-29T04:00:28.000Z</time>
        <extensions>
          <ns3:TrackPointExtension/>
        </extensions>
      </trkpt>
      <trkpt lat="32.05578225664794445037841796875" lon="118.73191826976835727691650390625">
        <ele>11.6000003814697265625</ele>
        <time>2020-10-29T04:00:29.000Z</time>
        <extensions>
          <ns3:TrackPointExtension/>
        </extensions>
      </trkpt>
      <trkpt lat="32.05577085725963115692138671875" lon="118.73194877989590167999267578125">
        <ele>11.3999996185302734375</ele>
        <time>2020-10-29T04:00:30.000Z</time>
        <extensions>
          <ns3:TrackPointExtension>
            <ns3:hr>169</ns3:hr>
            <ns3:cad>78</ns3:cad>
          </ns3:TrackPointExtension>
        </extensions>
      </trkpt>
      <trkpt lat="32.0557593740522861480712890625" lon="118.7319716624915599822998046875">
        <ele>11.3999996185302734375</ele>
        <time>2020-10-29T04:00:31.000Z</time>
        <extensions>
          <ns3:TrackPointExtension/>
        </extensions>
      </trkpt>
      <trkpt lat="32.05575174652040004730224609375" lon="118.73200225643813610076904296875">
        <ele>11.19999980926513671875</ele>
        <time>2020-10-29T04:00:32.000Z</time>
        <extensions>
          <ns3:TrackPointExtension/>
        </extensions>
      </trkpt>
      <trkpt lat="32.05574034713208675384521484375" lon="118.73203276656568050384521484375">
        <ele>11.19999980926513671875</ele>
        <time>2020-10-29T04:00:33.000Z</time>
        <extensions>
          <ns3:TrackPointExtension/>
        </extensions>
      </trkpt>
      <trkpt lat="32.0557288639247417449951171875" lon="118.73206327669322490692138671875">
        <ele>11</ele>
        <time>2020-10-29T04:00:34.000Z</time>
        <extensions>
          <ns3:TrackPointExtension/>
        </extensions>
      </trkpt>
      <trkpt lat="32.0557174645364284515380859375" lon="118.7321014143526554107666015625">
        <ele>10.80000019073486328125</ele>
        <time>2020-10-29T04:00:35.000Z</time>
        <extensions>
          <ns3:TrackPointExtension>
            <ns3:hr>167</ns3:hr>
          </ns3:TrackPointExtension>
        </extensions>
      </trkpt>
      <trkpt lat="32.05570598132908344268798828125" lon="118.7321319244801998138427734375">
        <ele>10.6000003814697265625</ele>
        <time>2020-10-29T04:00:36.000Z</time>
        <extensions>
          <ns3:TrackPointExtension/>
        </extensions>
      </trkpt>
      <trkpt lat="32.055694498121738433837890625" lon="118.7321624346077442169189453125">
        <ele>10.3999996185302734375</ele>
        <time>2020-10-29T04:00:37.000Z</time>
        <extensions>
          <ns3:TrackPointExtension/>
        </extensions>
      </trkpt>
      <trkpt lat="32.055683098733425140380859375" lon="118.7321929447352886199951171875">
        <ele>10.19999980926513671875</ele>
        <time>2020-10-29T04:00:38.000Z</time>
        <extensions>
          <ns3:TrackPointExtension/>
        </extensions>
      </trkpt>
      <trkpt lat="32.05567161552608013153076171875" lon="118.73223108239471912384033203125">
        <ele>10</ele>
        <time>2020-10-29T04:00:39.000Z</time>
        <extensions>
          <ns3:TrackPointExtension/>
        </extensions>
      </trkpt>
      <trkpt lat="32.05566021613776683807373046875" lon="118.73226159252226352691650390625">
        <ele>9.80000019073486328125</ele>
        <time>2020-10-29T04:00:40.000Z</time>
        <extensions>
          <ns3:TrackPointExtension>
            <ns3:hr>167</ns3:hr>
          </ns3:TrackPointExtension>
        </extensions>
      </trkpt>
      <trkpt lat="32.0556487329304218292236328125" lon="118.73229210264980792999267578125">
        <ele>9.6000003814697265625</ele>
        <time>2020-10-29T04:00:41.000Z</time>
        <extensions>
          <ns3:TrackPointExtension/>
        </extensions>
      </trkpt>
      <trkpt lat="32.05564110539853572845458984375" lon="118.732330240309238433837890625">
        <ele>9.19999980926513671875</ele>
        <time>2020-10-29T04:00:42.000Z</time>
        <extensions>
          <ns3:TrackPointExtension/>
        </extensions>
      </trkpt>
      <trkpt lat="32.055633477866649627685546875" lon="118.73236083425581455230712890625">
        <ele>9</ele>
        <time>2020-10-29T04:00:43.000Z</time>
        <extensions>
          <ns3:TrackPointExtension/>
        </extensions>
      </trkpt>
      <trkpt lat="32.05562970601022243499755859375" lon="118.7323837168514728546142578125">
        <ele>8.80000019073486328125</ele>
        <time>2020-10-29T04:00:44.000Z</time>
        <extensions>
          <ns3:TrackPointExtension/>
        </extensions>
      </trkpt>
      <trkpt lat="32.05562970601022243499755859375" lon="118.7324142269790172576904296875">
        <ele>8.6000003814697265625</ele>
        <time>2020-10-29T04:00:45.000Z</time>
        <extensions>
          <ns3:TrackPointExtension>
            <ns3:hr>169</ns3:hr>
          </ns3:TrackPointExtension>
        </extensions>
      </trkpt>
      <trkpt lat="32.055633477866649627685546875" lon="118.73243710957467555999755859375">
        <ele>8.3999996185302734375</ele>
        <time>2020-10-29T04:00:46.000Z</time>
        <extensions>
          <ns3:TrackPointExtension/>
        </extensions>
      </trkpt>
      <trkpt lat="32.05564110539853572845458984375" lon="118.7324599921703338623046875">
        <ele>8.19999980926513671875</ele>
        <time>2020-10-29T04:00:47.000Z</time>
        <extensions>
          <ns3:TrackPointExtension/>
        </extensions>
      </trkpt>
      <trkpt lat="32.0556525886058807373046875" lon="118.73248287476599216461181640625">
        <ele>8.19999980926513671875</ele>
        <time>2020-10-29T04:00:48.000Z</time>
        <extensions>
          <ns3:TrackPointExtension/>
        </extensions>
      </trkpt>
      <trkpt lat="32.0556678436696529388427734375" lon="118.7325057573616504669189453125">
        <ele>8.19999980926513671875</ele>
        <time>2020-10-29T04:00:49.000Z</time>
        <extensions>
          <ns3:TrackPointExtension/>
        </extensions>
      </trkpt>
      <trkpt lat="32.0556792430579662322998046875" lon="118.73252863995730876922607421875">
        <ele>8</ele>
        <time>2020-10-29T04:00:50.000Z</time>
        <extensions>
          <ns3:TrackPointExtension>
            <ns3:hr>168</ns3:hr>
          </ns3:TrackPointExtension>
        </extensions>
      </trkpt>
      <trkpt lat="32.055694498121738433837890625" lon="118.732551522552967071533203125">
        <ele>8</ele>
        <time>2020-10-29T04:00:51.000Z</time>
        <extensions>
          <ns3:TrackPointExtension/>
        </extensions>
      </trkpt>
      <trkpt lat="32.05570598132908344268798828125" lon="118.73257440514862537384033203125">
        <ele>8</ele>
        <time>2020-10-29T04:00:52.000Z</time>
        <extensions>
          <ns3:TrackPointExtension/>
        </extensions>
      </trkpt>
      <trkpt lat="32.05571360886096954345703125" lon="118.73258966021239757537841796875">
        <ele>7.80000019073486328125</ele>
        <time>2020-10-29T04:00:53.000Z</time>
        <extensions>
          <ns3:TrackPointExtension/>
        </extensions>
      </trkpt>
      <trkpt lat="32.05572123639285564422607421875" lon="118.732612542808055877685546875">
        <ele>7.80000019073486328125</ele>
        <time>2020-10-29T04:00:54.000Z</time>
        <extensions>
          <ns3:TrackPointExtension/>
        </extensions>
      </trkpt>
      <trkpt lat="32.05572123639285564422607421875" lon="118.73263542540371417999267578125">
        <ele>7.599999904632568359375</ele>
        <time>2020-10-29T04:00:55.000Z</time>
        <extensions>
          <ns3:TrackPointExtension>
            <ns3:hr>172</ns3:hr>
          </ns3:TrackPointExtension>
        </extensions>
      </trkpt>
      <trkpt lat="32.0557174645364284515380859375" lon="118.7326583079993724822998046875">
        <ele>7.400000095367431640625</ele>
        <time>2020-10-29T04:00:56.000Z</time>
        <extensions>
          <ns3:TrackPointExtension/>
        </extensions>
      </trkpt>
      <trkpt lat="32.05570983700454235076904296875" lon="118.7326812744140625">
        <ele>7.19999980926513671875</ele>
        <time>2020-10-29T04:00:57.000Z</time>
        <extensions>
          <ns3:TrackPointExtension/>
        </extensions>
      </trkpt>
      <trkpt lat="32.0556983537971973419189453125" lon="118.73270415700972080230712890625">
        <ele>7</ele>
        <time>2020-10-29T04:00:58.000Z</time>
        <extensions>
          <ns3:TrackPointExtension/>
        </extensions>
      </trkpt>
      <trkpt lat="32.055683098733425140380859375" lon="118.7327270396053791046142578125">
        <ele>6.80000019073486328125</ele>
        <time>2020-10-29T04:00:59.000Z</time>
        <extensions>
          <ns3:TrackPointExtension/>
        </extensions>
      </trkpt>
      <trkpt lat="32.05566398799419403076171875" lon="118.73274992220103740692138671875">
        <ele>6.599999904632568359375</ele>
        <time>2020-10-29T04:01:00.000Z</time>
        <extensions>
          <ns3:TrackPointExtension>
            <ns3:hr>171</ns3:hr>
          </ns3:TrackPointExtension>
        </extensions>
      </trkpt>
      <trkpt lat="32.05564496107399463653564453125" lon="118.732772804796695709228515625">
        <ele>6.19999980926513671875</ele>
        <time>2020-10-29T04:01:01.000Z</time>
        <extensions>
          <ns3:TrackPointExtension/>
        </extensions>
      </trkpt>
      <trkpt lat="32.05562970601022243499755859375" lon="118.7328033149242401123046875">
        <ele>6.19999980926513671875</ele>
        <time>2020-10-29T04:01:02.000Z</time>
        <extensions>
          <ns3:TrackPointExtension/>
        </extensions>
      </trkpt>
      <trkpt lat="32.05561059527099132537841796875" lon="118.73282619751989841461181640625">
        <ele>6</ele>
        <time>2020-10-29T04:01:03.000Z</time>
        <extensions>
          <ns3:TrackPointExtension/>
        </extensions>
      </trkpt>
      <trkpt lat="32.05559534020721912384033203125" lon="118.7328490801155567169189453125">
        <ele>6</ele>
        <time>2020-10-29T04:01:04.000Z</time>
        <extensions>
          <ns3:TrackPointExtension/>
        </extensions>
      </trkpt>
      <trkpt lat="32.05558008514344692230224609375" lon="118.73287196271121501922607421875">
        <ele>5.80000019073486328125</ele>
        <time>2020-10-29T04:01:05.000Z</time>
        <extensions>
          <ns3:TrackPointExtension>
            <ns3:hr>171</ns3:hr>
          </ns3:TrackPointExtension>
        </extensions>
      </trkpt>
      <trkpt lat="32.05556483007967472076416015625" lon="118.732894845306873321533203125">
        <ele>5.80000019073486328125</ele>
        <time>2020-10-29T04:01:06.000Z</time>
        <extensions>
          <ns3:TrackPointExtension/>
        </extensions>
      </trkpt>
      <trkpt lat="32.05555343069136142730712890625" lon="118.732925355434417724609375">
        <ele>5.80000019073486328125</ele>
        <time>2020-10-29T04:01:07.000Z</time>
        <extensions>
          <ns3:TrackPointExtension/>
        </extensions>
      </trkpt>
      <trkpt lat="32.05554194748401641845703125" lon="118.73294823803007602691650390625">
        <ele>5.599999904632568359375</ele>
        <time>2020-10-29T04:01:08.000Z</time>
        <extensions>
          <ns3:TrackPointExtension/>
        </extensions>
      </trkpt>
      <trkpt lat="32.05553431995213031768798828125" lon="118.7329711206257343292236328125">
        <ele>5.599999904632568359375</ele>
        <time>2020-10-29T04:01:09.000Z</time>
        <extensions>
          <ns3:TrackPointExtension/>
        </extensions>
      </trkpt>
      <trkpt lat="32.0555266924202442169189453125" lon="118.7330016307532787322998046875">
        <ele>5.400000095367431640625</ele>
        <time>2020-10-29T04:01:10.000Z</time>
        <extensions>
          <ns3:TrackPointExtension>
            <ns3:hr>170</ns3:hr>
          </ns3:TrackPointExtension>
        </extensions>
      </trkpt>
      <trkpt lat="32.055522836744785308837890625" lon="118.73302459716796875">
        <ele>5.400000095367431640625</ele>
        <time>2020-10-29T04:01:11.000Z</time>
        <extensions>
          <ns3:TrackPointExtension/>
        </extensions>
      </trkpt>
      <trkpt lat="32.05551906488835811614990234375" lon="118.733055107295513153076171875">
        <ele>5.19999980926513671875</ele>
        <time>2020-10-29T04:01:12.000Z</time>
        <extensions>
          <ns3:TrackPointExtension/>
        </extensions>
      </trkpt>
      <trkpt lat="32.05551906488835811614990234375" lon="118.73307798989117145538330078125">
        <ele>5.19999980926513671875</ele>
        <time>2020-10-29T04:01:13.000Z</time>
        <extensions>
          <ns3:TrackPointExtension/>
        </extensions>
      </trkpt>
      <trkpt lat="32.055522836744785308837890625" lon="118.73310850001871585845947265625">
        <ele>5</ele>
        <time>2020-10-29T04:01:14.000Z</time>
        <extensions>
          <ns3:TrackPointExtension/>
        </extensions>
      </trkpt>
      <trkpt lat="32.055530548095703125" lon="118.7331313826143741607666015625">
        <ele>5</ele>
        <time>2020-10-29T04:01:15.000Z</time>
        <extensions>
          <ns3:TrackPointExtension>
            <ns3:hr>170</ns3:hr>
          </ns3:TrackPointExtension>
        </extensions>
      </trkpt>
      <trkpt lat="32.05554194748401641845703125" lon="118.73315426521003246307373046875">
        <ele>4.80000019073486328125</ele>
        <time>2020-10-29T04:01:16.000Z</time>
        <extensions>
          <ns3:TrackPointExtension/>
        </extensions>
      </trkpt>
      <trkpt lat="32.05555343069136142730712890625" lon="118.733177147805690765380859375">
        <ele>4.80000019073486328125</ele>
        <time>2020-10-29T04:01:17.000Z</time>
        <extensions>
          <ns3:TrackPointExtension/>
        </extensions>
      </trkpt>
      <trkpt lat="32.05556868575513362884521484375" lon="118.73320003040134906768798828125">
        <ele>4.80000019073486328125</ele>
        <time>2020-10-29T04:01:18.000Z</time>
        <extensions>
          <ns3:TrackPointExtension/>
        </extensions>
      </trkpt>
      <trkpt lat="32.0555877126753330230712890625" lon="118.73321528546512126922607421875">
        <ele>4.599999904632568359375</ele>
        <time>2020-10-29T04:01:19.000Z</time>
        <extensions>
          <ns3:TrackPointExtension/>
        </extensions>
      </trkpt>
      <trkpt lat="32.05561059527099132537841796875" lon="118.733238168060779571533203125">
        <ele>4.599999904632568359375</ele>
        <time>2020-10-29T04:01:20.000Z</time>
        <extensions>
          <ns3:TrackPointExtension>
            <ns3:hr>170</ns3:hr>
          </ns3:TrackPointExtension>
        </extensions>
      </trkpt>
      <trkpt lat="32.055633477866649627685546875" lon="118.7332534231245517730712890625">
        <ele>4.599999904632568359375</ele>
        <time>2020-10-29T04:01:21.000Z</time>
        <extensions>
          <ns3:TrackPointExtension/>
        </extensions>
      </trkpt>
      <trkpt lat="32.05566021613776683807373046875" lon="118.733268678188323974609375">
        <ele>4.400000095367431640625</ele>
        <time>2020-10-29T04:01:22.000Z</time>
        <extensions>
          <ns3:TrackPointExtension/>
        </extensions>
      </trkpt>
      <trkpt lat="32.05568687058985233306884765625" lon="118.73327630572021007537841796875">
        <ele>4.400000095367431640625</ele>
        <time>2020-10-29T04:01:23.000Z</time>
        <extensions>
          <ns3:TrackPointExtension/>
        </extensions>
      </trkpt>
      <trkpt lat="32.0557174645364284515380859375" lon="118.73329156078398227691650390625">
        <ele>4.400000095367431640625</ele>
        <time>2020-10-29T04:01:24.000Z</time>
        <extensions>
          <ns3:TrackPointExtension/>
        </extensions>
      </trkpt>
      <trkpt lat="32.055744118988513946533203125" lon="118.733299188315868377685546875">
        <ele>4.599999904632568359375</ele>
        <time>2020-10-29T04:01:25.000Z</time>
        <extensions>
          <ns3:TrackPointExtension>
            <ns3:hr>173</ns3:hr>
          </ns3:TrackPointExtension>
        </extensions>
      </trkpt>
      <trkpt lat="32.055774629116058349609375" lon="118.73330681584775447845458984375">
        <ele>4.80000019073486328125</ele>
        <time>2020-10-29T04:01:26.000Z</time>
        <extensions>
          <ns3:TrackPointExtension/>
        </extensions>
      </trkpt>
      <trkpt lat="32.055805139243602752685546875" lon="118.7333144433796405792236328125">
        <ele>5</ele>
        <time>2020-10-29T04:01:27.000Z</time>
        <extensions>
          <ns3:TrackPointExtension/>
        </extensions>
      </trkpt>
      <trkpt lat="32.05583564937114715576171875" lon="118.73332207091152667999267578125">
        <ele>5.19999980926513671875</ele>
        <time>2020-10-29T04:01:28.000Z</time>
        <extensions>
          <ns3:TrackPointExtension/>
        </extensions>
      </trkpt>
      <trkpt lat="32.0558700151741504669189453125" lon="118.73333732597529888153076171875">
        <ele>5.400000095367431640625</ele>
        <time>2020-10-29T04:01:29.000Z</time>
        <extensions>
          <ns3:TrackPointExtension/>
        </extensions>
      </trkpt>
      <trkpt lat="32.0559005253016948699951171875" lon="118.7333449535071849822998046875">
        <ele>5.599999904632568359375</ele>
        <time>2020-10-29T04:01:30.000Z</time>
        <extensions>
          <ns3:TrackPointExtension>
            <ns3:hr>174</ns3:hr>
            <ns3:cad>78</ns3:cad>
          </ns3:TrackPointExtension>
        </extensions>
      </trkpt>
      <trkpt lat="32.05593489110469818115234375" lon="118.73335258103907108306884765625">
        <ele>5.80000019073486328125</ele>
        <time>2020-10-29T04:01:31.000Z</time>
        <extensions>
          <ns3:TrackPointExtension/>
        </extensions>
      </trkpt>
      <trkpt lat="32.05597302876412868499755859375" lon="118.733360208570957183837890625">
        <ele>6</ele>
        <time>2020-10-29T04:01:32.000Z</time>
        <extensions>
          <ns3:TrackPointExtension/>
        </extensions>
      </trkpt>
      <trkpt lat="32.05600731074810028076171875" lon="118.73337554745376110076904296875">
        <ele>6.19999980926513671875</ele>
        <time>2020-10-29T04:01:33.000Z</time>
        <extensions>
          <ns3:TrackPointExtension/>
        </extensions>
      </trkpt>
      <trkpt lat="32.0560416765511035919189453125" lon="118.7333831749856472015380859375">
        <ele>6.19999980926513671875</ele>
        <time>2020-10-29T04:01:34.000Z</time>
        <extensions>
          <ns3:TrackPointExtension/>
        </extensions>
      </trkpt>
      <trkpt lat="32.05607981421053409576416015625" lon="118.733398430049419403076171875">
        <ele>6.400000095367431640625</ele>
        <time>2020-10-29T04:01:35.000Z</time>
        <extensions>
          <ns3:TrackPointExtension>
            <ns3:hr>167</ns3:hr>
          </ns3:TrackPointExtension>
        </extensions>
      </trkpt>
      <trkpt lat="32.05611418001353740692138671875" lon="118.7334136851131916046142578125">
        <ele>6.400000095367431640625</ele>
        <time>2020-10-29T04:01:36.000Z</time>
        <extensions>
          <ns3:TrackPointExtension/>
        </extensions>
      </trkpt>
      <trkpt lat="32.056148461997509002685546875" lon="118.73342131264507770538330078125">
        <ele>6.400000095367431640625</ele>
        <time>2020-10-29T04:01:37.000Z</time>
        <extensions>
          <ns3:TrackPointExtension/>
        </extensions>
      </trkpt>
      <trkpt lat="32.0561942271888256072998046875" lon="118.7334441952407360076904296875">
        <ele>6.599999904632568359375</ele>
        <time>2020-10-29T04:01:38.000Z</time>
        <extensions>
          <ns3:TrackPointExtension/>
        </extensions>
      </trkpt>
      <trkpt lat="32.05622859299182891845703125" lon="118.733459450304508209228515625">
        <ele>6.599999904632568359375</ele>
        <time>2020-10-29T04:01:39.000Z</time>
        <extensions>
          <ns3:TrackPointExtension/>
        </extensions>
      </trkpt>
      <trkpt lat="32.05625533126294612884521484375" lon="118.733459450304508209228515625">
        <ele>6.80000019073486328125</ele>
        <time>2020-10-29T04:01:40.000Z</time>
        <extensions>
          <ns3:TrackPointExtension>
            <ns3:hr>172</ns3:hr>
          </ns3:TrackPointExtension>
        </extensions>
      </trkpt>
      <trkpt lat="32.05628198571503162384033203125" lon="118.73346707783639430999755859375">
        <ele>6.80000019073486328125</ele>
        <time>2020-10-29T04:01:41.000Z</time>
        <extensions>
          <ns3:TrackPointExtension/>
        </extensions>
      </trkpt>
      <trkpt lat="32.0563048683106899261474609375" lon="118.733459450304508209228515625">
        <ele>6.80000019073486328125</ele>
        <time>2020-10-29T04:01:42.000Z</time>
        <extensions>
          <ns3:TrackPointExtension/>
        </extensions>
      </trkpt>
    </trkseg>
  </trk>
</gpx>
