<gpx xmlns:ns3="http://www.garmin.com/xmlschemas/TrackPointExtension/v1" xmlns="http://www.topografix.com/GPX/1/1" xmlns:xsi="http://www.w3.org/2001/XMLSchema-instance" xmlns:ns2="http://www.garmin.com/xmlschemas/GpxExtensions/v3" creator="Garmin Connect" version="1.1" xsi:schemaLocation="http://www.topografix.com/GPX/1/1 http://www.topografix.com/GPX/11.xsd">
  <extensions>
<distance>12540.0</distance>
<average_hr>125.0</average_hr>
<average_speed>4.287179487179487</average_speed>
<start_time>2021-11-15T03:41:10+00:00</start_time>
<end_time>2021-11-15T04:29:55+00:00</end_time>
<moving_time>2705.0</moving_time>
<elapsed_time>2928.0</elapsed_time>
</extensions>
<metadata>
    <link href="connect.garmin.com">
      <text>Garmin Connect</text>
    </link>
    <time>2021-11-15T03:41:10.000Z</time>
  </metadata>
  <trk>
    <name>南京市 骑行</name>
    <type>cycling</type>
    <trkseg>
      <trkpt lat="32.0557288639247417449951171875" lon="118.72824096120893955230712890625">
        <ele>8</ele>
        <time>2021-11-15T03:41:10.000Z</time>
        <extensions>
          <ns3:TrackPointExtension/>
        </extensions>
      </trkpt>
      <trkpt lat="32.0557288639247417449951171875" lon="118.72820273973047733306884765625">
        <ele>8</ele>
        <time>2021-11-15T03:41:11.000Z</time>
        <extensions>
          <ns3:TrackPointExtension/>
        </extensions>
      </trkpt>
      <trkpt lat="32.05572509206831455230712890625" lon="118.72817222960293292999267578125">
        <ele>8</ele>
        <time>2021-11-15T03:41:12.000Z</time>
        <extensions>
          <ns3:TrackPointExtension/>
        </extensions>
      </trkpt>
      <trkpt lat="32.05570598132908344268798828125" lon="118.728118836879730224609375">
        <ele>8</ele>
        <time>2021-11-15T03:41:13.000Z</time>
        <extensions>
          <ns3:TrackPointExtension/>
        </extensions>
      </trkpt>
      <trkpt lat="32.05570983700454235076904296875" lon="118.72808069922029972076416015625">
        <ele>8</ele>
        <time>2021-11-15T03:41:14.000Z</time>
        <extensions>
          <ns3:TrackPointExtension/>
        </extensions>
      </trkpt>
      <trkpt lat="32.05570983700454235076904296875" lon="118.72803493402898311614990234375">
        <ele>8</ele>
        <time>2021-11-15T03:41:15.000Z</time>
        <extensions>
          <ns3:TrackPointExtension>
            <ns3:hr>104</ns3:hr>
          </ns3:TrackPointExtension>
        </extensions>
      </trkpt>
      <trkpt lat="32.05570598132908344268798828125" lon="118.72798916883766651153564453125">
        <ele>8</ele>
        <time>2021-11-15T03:41:16.000Z</time>
        <extensions>
          <ns3:TrackPointExtension/>
        </extensions>
      </trkpt>
      <trkpt lat="32.05570598132908344268798828125" lon="118.72794340364634990692138671875">
        <ele>8</ele>
        <time>2021-11-15T03:41:17.000Z</time>
        <extensions>
          <ns3:TrackPointExtension/>
        </extensions>
      </trkpt>
      <trkpt lat="32.05570220947265625" lon="118.727905265986919403076171875">
        <ele>8</ele>
        <time>2021-11-15T03:41:18.000Z</time>
        <extensions>
          <ns3:TrackPointExtension/>
        </extensions>
      </trkpt>
      <trkpt lat="32.05570220947265625" lon="118.72785941697657108306884765625">
        <ele>8</ele>
        <time>2021-11-15T03:41:19.000Z</time>
        <extensions>
          <ns3:TrackPointExtension/>
        </extensions>
      </trkpt>
      <trkpt lat="32.0556983537971973419189453125" lon="118.7278212793171405792236328125">
        <ele>8</ele>
        <time>2021-11-15T03:41:20.000Z</time>
        <extensions>
          <ns3:TrackPointExtension>
            <ns3:hr>104</ns3:hr>
          </ns3:TrackPointExtension>
        </extensions>
      </trkpt>
      <trkpt lat="32.05570220947265625" lon="118.72776788659393787384033203125">
        <ele>7.80000019073486328125</ele>
        <time>2021-11-15T03:41:21.000Z</time>
        <extensions>
          <ns3:TrackPointExtension/>
        </extensions>
      </trkpt>
      <trkpt lat="32.05570598132908344268798828125" lon="118.72772212140262126922607421875">
        <ele>7.599999904632568359375</ele>
        <time>2021-11-15T03:41:22.000Z</time>
        <extensions>
          <ns3:TrackPointExtension/>
        </extensions>
      </trkpt>
      <trkpt lat="32.0556983537971973419189453125" lon="118.727683983743190765380859375">
        <ele>7.599999904632568359375</ele>
        <time>2021-11-15T03:41:23.000Z</time>
        <extensions>
          <ns3:TrackPointExtension/>
        </extensions>
      </trkpt>
      <trkpt lat="32.0556983537971973419189453125" lon="118.7276534736156463623046875">
        <ele>7.400000095367431640625</ele>
        <time>2021-11-15T03:41:24.000Z</time>
        <extensions>
          <ns3:TrackPointExtension/>
        </extensions>
      </trkpt>
      <trkpt lat="32.05568687058985233306884765625" lon="118.72761533595621585845947265625">
        <ele>7.400000095367431640625</ele>
        <time>2021-11-15T03:41:25.000Z</time>
        <extensions>
          <ns3:TrackPointExtension>
            <ns3:hr>107</ns3:hr>
          </ns3:TrackPointExtension>
        </extensions>
      </trkpt>
      <trkpt lat="32.05569072626531124114990234375" lon="118.72750083915889263153076171875">
        <ele>6.80000019073486328125</ele>
        <time>2021-11-15T03:41:28.000Z</time>
        <extensions>
          <ns3:TrackPointExtension/>
        </extensions>
      </trkpt>
      <trkpt lat="32.05567547120153903961181640625" lon="118.72740930877625942230224609375">
        <ele>6.599999904632568359375</ele>
        <time>2021-11-15T03:41:30.000Z</time>
        <extensions>
          <ns3:TrackPointExtension>
            <ns3:hr>111</ns3:hr>
          </ns3:TrackPointExtension>
        </extensions>
      </trkpt>
      <trkpt lat="32.05567547120153903961181640625" lon="118.7273559160530567169189453125">
        <ele>6.400000095367431640625</ele>
        <time>2021-11-15T03:41:31.000Z</time>
        <extensions>
          <ns3:TrackPointExtension/>
        </extensions>
      </trkpt>
      <trkpt lat="32.05568687058985233306884765625" lon="118.7273101508617401123046875">
        <ele>6.19999980926513671875</ele>
        <time>2021-11-15T03:41:32.000Z</time>
        <extensions>
          <ns3:TrackPointExtension/>
        </extensions>
      </trkpt>
      <trkpt lat="32.05569072626531124114990234375" lon="118.7272643856704235076904296875">
        <ele>6</ele>
        <time>2021-11-15T03:41:33.000Z</time>
        <extensions>
          <ns3:TrackPointExtension/>
        </extensions>
      </trkpt>
      <trkpt lat="32.0556792430579662322998046875" lon="118.72724150307476520538330078125">
        <ele>6</ele>
        <time>2021-11-15T03:41:34.000Z</time>
        <extensions>
          <ns3:TrackPointExtension/>
        </extensions>
      </trkpt>
      <trkpt lat="32.0556792430579662322998046875" lon="118.72719573788344860076904296875">
        <ele>5.80000019073486328125</ele>
        <time>2021-11-15T03:41:35.000Z</time>
        <extensions>
          <ns3:TrackPointExtension>
            <ns3:hr>112</ns3:hr>
          </ns3:TrackPointExtension>
        </extensions>
      </trkpt>
      <trkpt lat="32.05567547120153903961181640625" lon="118.72714988887310028076171875">
        <ele>5.80000019073486328125</ele>
        <time>2021-11-15T03:41:36.000Z</time>
        <extensions>
          <ns3:TrackPointExtension/>
        </extensions>
      </trkpt>
      <trkpt lat="32.05567547120153903961181640625" lon="118.72711175121366977691650390625">
        <ele>5.599999904632568359375</ele>
        <time>2021-11-15T03:41:37.000Z</time>
        <extensions>
          <ns3:TrackPointExtension/>
        </extensions>
      </trkpt>
      <trkpt lat="32.05567161552608013153076171875" lon="118.72706598602235317230224609375">
        <ele>5.400000095367431640625</ele>
        <time>2021-11-15T03:41:38.000Z</time>
        <extensions>
          <ns3:TrackPointExtension/>
        </extensions>
      </trkpt>
      <trkpt lat="32.05567161552608013153076171875" lon="118.72702784836292266845703125">
        <ele>5.400000095367431640625</ele>
        <time>2021-11-15T03:41:39.000Z</time>
        <extensions>
          <ns3:TrackPointExtension/>
        </extensions>
      </trkpt>
      <trkpt lat="32.0556678436696529388427734375" lon="118.7269820831716060638427734375">
        <ele>5.400000095367431640625</ele>
        <time>2021-11-15T03:41:40.000Z</time>
        <extensions>
          <ns3:TrackPointExtension>
            <ns3:hr>113</ns3:hr>
          </ns3:TrackPointExtension>
        </extensions>
      </trkpt>
      <trkpt lat="32.0556678436696529388427734375" lon="118.726936317980289459228515625">
        <ele>5.599999904632568359375</ele>
        <time>2021-11-15T03:41:41.000Z</time>
        <extensions>
          <ns3:TrackPointExtension/>
        </extensions>
      </trkpt>
      <trkpt lat="32.0556678436696529388427734375" lon="118.72689818032085895538330078125">
        <ele>5.599999904632568359375</ele>
        <time>2021-11-15T03:41:42.000Z</time>
        <extensions>
          <ns3:TrackPointExtension/>
        </extensions>
      </trkpt>
      <trkpt lat="32.0556678436696529388427734375" lon="118.72685241512954235076904296875">
        <ele>5.80000019073486328125</ele>
        <time>2021-11-15T03:41:43.000Z</time>
        <extensions>
          <ns3:TrackPointExtension/>
        </extensions>
      </trkpt>
      <trkpt lat="32.0556678436696529388427734375" lon="118.72680656611919403076171875">
        <ele>6</ele>
        <time>2021-11-15T03:41:44.000Z</time>
        <extensions>
          <ns3:TrackPointExtension/>
        </extensions>
      </trkpt>
      <trkpt lat="32.05566398799419403076171875" lon="118.72676842845976352691650390625">
        <ele>6.19999980926513671875</ele>
        <time>2021-11-15T03:41:45.000Z</time>
        <extensions>
          <ns3:TrackPointExtension>
            <ns3:hr>114</ns3:hr>
          </ns3:TrackPointExtension>
        </extensions>
      </trkpt>
      <trkpt lat="32.05566398799419403076171875" lon="118.72672266326844692230224609375">
        <ele>6.400000095367431640625</ele>
        <time>2021-11-15T03:41:46.000Z</time>
        <extensions>
          <ns3:TrackPointExtension/>
        </extensions>
      </trkpt>
      <trkpt lat="32.05566398799419403076171875" lon="118.72668452560901641845703125">
        <ele>6.599999904632568359375</ele>
        <time>2021-11-15T03:41:47.000Z</time>
        <extensions>
          <ns3:TrackPointExtension/>
        </extensions>
      </trkpt>
      <trkpt lat="32.05566398799419403076171875" lon="118.7266387604176998138427734375">
        <ele>7</ele>
        <time>2021-11-15T03:41:48.000Z</time>
        <extensions>
          <ns3:TrackPointExtension/>
        </extensions>
      </trkpt>
      <trkpt lat="32.05566398799419403076171875" lon="118.72660062275826930999755859375">
        <ele>7.19999980926513671875</ele>
        <time>2021-11-15T03:41:49.000Z</time>
        <extensions>
          <ns3:TrackPointExtension/>
        </extensions>
      </trkpt>
      <trkpt lat="32.05566021613776683807373046875" lon="118.72656248509883880615234375">
        <ele>7.599999904632568359375</ele>
        <time>2021-11-15T03:41:50.000Z</time>
        <extensions>
          <ns3:TrackPointExtension>
            <ns3:hr>110</ns3:hr>
          </ns3:TrackPointExtension>
        </extensions>
      </trkpt>
      <trkpt lat="32.05566021613776683807373046875" lon="118.72652434743940830230712890625">
        <ele>7.80000019073486328125</ele>
        <time>2021-11-15T03:41:51.000Z</time>
        <extensions>
          <ns3:TrackPointExtension/>
        </extensions>
      </trkpt>
      <trkpt lat="32.05565636046230792999267578125" lon="118.72648612596094608306884765625">
        <ele>8.19999980926513671875</ele>
        <time>2021-11-15T03:41:52.000Z</time>
        <extensions>
          <ns3:TrackPointExtension/>
        </extensions>
      </trkpt>
      <trkpt lat="32.05565636046230792999267578125" lon="118.7264479883015155792236328125">
        <ele>8.3999996185302734375</ele>
        <time>2021-11-15T03:41:53.000Z</time>
        <extensions>
          <ns3:TrackPointExtension/>
        </extensions>
      </trkpt>
      <trkpt lat="32.05565636046230792999267578125" lon="118.72640985064208507537841796875">
        <ele>8.6000003814697265625</ele>
        <time>2021-11-15T03:41:54.000Z</time>
        <extensions>
          <ns3:TrackPointExtension/>
        </extensions>
      </trkpt>
      <trkpt lat="32.0556525886058807373046875" lon="118.72637934051454067230224609375">
        <ele>8.6000003814697265625</ele>
        <time>2021-11-15T03:41:55.000Z</time>
        <extensions>
          <ns3:TrackPointExtension>
            <ns3:hr>114</ns3:hr>
          </ns3:TrackPointExtension>
        </extensions>
      </trkpt>
      <trkpt lat="32.0556525886058807373046875" lon="118.72634120285511016845703125">
        <ele>8.80000019073486328125</ele>
        <time>2021-11-15T03:41:56.000Z</time>
        <extensions>
          <ns3:TrackPointExtension/>
        </extensions>
      </trkpt>
      <trkpt lat="32.05565636046230792999267578125" lon="118.726310692727565765380859375">
        <ele>8.80000019073486328125</ele>
        <time>2021-11-15T03:41:57.000Z</time>
        <extensions>
          <ns3:TrackPointExtension/>
        </extensions>
      </trkpt>
      <trkpt lat="32.0556525886058807373046875" lon="118.72627255506813526153564453125">
        <ele>9</ele>
        <time>2021-11-15T03:41:58.000Z</time>
        <extensions>
          <ns3:TrackPointExtension/>
        </extensions>
      </trkpt>
      <trkpt lat="32.0556525886058807373046875" lon="118.7262344174087047576904296875">
        <ele>9.19999980926513671875</ele>
        <time>2021-11-15T03:41:59.000Z</time>
        <extensions>
          <ns3:TrackPointExtension/>
        </extensions>
      </trkpt>
      <trkpt lat="32.0556525886058807373046875" lon="118.72619627974927425384521484375">
        <ele>9.3999996185302734375</ele>
        <time>2021-11-15T03:42:00.000Z</time>
        <extensions>
          <ns3:TrackPointExtension>
            <ns3:hr>113</ns3:hr>
          </ns3:TrackPointExtension>
        </extensions>
      </trkpt>
      <trkpt lat="32.0556525886058807373046875" lon="118.72615814208984375">
        <ele>9.3999996185302734375</ele>
        <time>2021-11-15T03:42:01.000Z</time>
        <extensions>
          <ns3:TrackPointExtension/>
        </extensions>
      </trkpt>
      <trkpt lat="32.0556487329304218292236328125" lon="118.72611229307949542999267578125">
        <ele>9.19999980926513671875</ele>
        <time>2021-11-15T03:42:02.000Z</time>
        <extensions>
          <ns3:TrackPointExtension/>
        </extensions>
      </trkpt>
      <trkpt lat="32.0556487329304218292236328125" lon="118.7260741554200649261474609375">
        <ele>9</ele>
        <time>2021-11-15T03:42:03.000Z</time>
        <extensions>
          <ns3:TrackPointExtension/>
        </extensions>
      </trkpt>
      <trkpt lat="32.05564496107399463653564453125" lon="118.726028390228748321533203125">
        <ele>9</ele>
        <time>2021-11-15T03:42:04.000Z</time>
        <extensions>
          <ns3:TrackPointExtension/>
        </extensions>
      </trkpt>
      <trkpt lat="32.05564110539853572845458984375" lon="118.7259826250374317169189453125">
        <ele>8.80000019073486328125</ele>
        <time>2021-11-15T03:42:05.000Z</time>
        <extensions>
          <ns3:TrackPointExtension>
            <ns3:hr>113</ns3:hr>
          </ns3:TrackPointExtension>
        </extensions>
      </trkpt>
      <trkpt lat="32.0556373335421085357666015625" lon="118.7259368598461151123046875">
        <ele>8.6000003814697265625</ele>
        <time>2021-11-15T03:42:06.000Z</time>
        <extensions>
          <ns3:TrackPointExtension/>
        </extensions>
      </trkpt>
      <trkpt lat="32.0556373335421085357666015625" lon="118.7258910946547985076904296875">
        <ele>8.6000003814697265625</ele>
        <time>2021-11-15T03:42:07.000Z</time>
        <extensions>
          <ns3:TrackPointExtension/>
        </extensions>
      </trkpt>
      <trkpt lat="32.055633477866649627685546875" lon="118.72583770193159580230712890625">
        <ele>8.3999996185302734375</ele>
        <time>2021-11-15T03:42:08.000Z</time>
        <extensions>
          <ns3:TrackPointExtension/>
        </extensions>
      </trkpt>
      <trkpt lat="32.05562970601022243499755859375" lon="118.7257918529212474822998046875">
        <ele>8.19999980926513671875</ele>
        <time>2021-11-15T03:42:09.000Z</time>
        <extensions>
          <ns3:TrackPointExtension/>
        </extensions>
      </trkpt>
      <trkpt lat="32.05562585033476352691650390625" lon="118.725746087729930877685546875">
        <ele>8</ele>
        <time>2021-11-15T03:42:10.000Z</time>
        <extensions>
          <ns3:TrackPointExtension>
            <ns3:hr>113</ns3:hr>
          </ns3:TrackPointExtension>
        </extensions>
      </trkpt>
      <trkpt lat="32.055622078478336334228515625" lon="118.7257003225386142730712890625">
        <ele>8</ele>
        <time>2021-11-15T03:42:11.000Z</time>
        <extensions>
          <ns3:TrackPointExtension/>
        </extensions>
      </trkpt>
      <trkpt lat="32.055622078478336334228515625" lon="118.72565455734729766845703125">
        <ele>7.80000019073486328125</ele>
        <time>2021-11-15T03:42:12.000Z</time>
        <extensions>
          <ns3:TrackPointExtension/>
        </extensions>
      </trkpt>
      <trkpt lat="32.055622078478336334228515625" lon="118.7256087921559810638427734375">
        <ele>7.599999904632568359375</ele>
        <time>2021-11-15T03:42:13.000Z</time>
        <extensions>
          <ns3:TrackPointExtension/>
        </extensions>
      </trkpt>
      <trkpt lat="32.055622078478336334228515625" lon="118.725563026964664459228515625">
        <ele>7.599999904632568359375</ele>
        <time>2021-11-15T03:42:14.000Z</time>
        <extensions>
          <ns3:TrackPointExtension/>
        </extensions>
      </trkpt>
      <trkpt lat="32.055622078478336334228515625" lon="118.7255172617733478546142578125">
        <ele>7.599999904632568359375</ele>
        <time>2021-11-15T03:42:15.000Z</time>
        <extensions>
          <ns3:TrackPointExtension>
            <ns3:hr>114</ns3:hr>
          </ns3:TrackPointExtension>
        </extensions>
      </trkpt>
      <trkpt lat="32.055622078478336334228515625" lon="118.72547149658203125">
        <ele>7.599999904632568359375</ele>
        <time>2021-11-15T03:42:16.000Z</time>
        <extensions>
          <ns3:TrackPointExtension/>
        </extensions>
      </trkpt>
      <trkpt lat="32.055622078478336334228515625" lon="118.72543327510356903076171875">
        <ele>7.599999904632568359375</ele>
        <time>2021-11-15T03:42:17.000Z</time>
        <extensions>
          <ns3:TrackPointExtension/>
        </extensions>
      </trkpt>
      <trkpt lat="32.055622078478336334228515625" lon="118.7253875099122524261474609375">
        <ele>7.599999904632568359375</ele>
        <time>2021-11-15T03:42:18.000Z</time>
        <extensions>
          <ns3:TrackPointExtension/>
        </extensions>
      </trkpt>
      <trkpt lat="32.0556182228028774261474609375" lon="118.72534937225282192230224609375">
        <ele>7.599999904632568359375</ele>
        <time>2021-11-15T03:42:19.000Z</time>
        <extensions>
          <ns3:TrackPointExtension/>
        </extensions>
      </trkpt>
      <trkpt lat="32.0556182228028774261474609375" lon="118.72530360706150531768798828125">
        <ele>7.599999904632568359375</ele>
        <time>2021-11-15T03:42:20.000Z</time>
        <extensions>
          <ns3:TrackPointExtension>
            <ns3:hr>113</ns3:hr>
          </ns3:TrackPointExtension>
        </extensions>
      </trkpt>
      <trkpt lat="32.055622078478336334228515625" lon="118.7252654694020748138427734375">
        <ele>7.400000095367431640625</ele>
        <time>2021-11-15T03:42:21.000Z</time>
        <extensions>
          <ns3:TrackPointExtension/>
        </extensions>
      </trkpt>
      <trkpt lat="32.055622078478336334228515625" lon="118.72522733174264430999755859375">
        <ele>7.400000095367431640625</ele>
        <time>2021-11-15T03:42:22.000Z</time>
        <extensions>
          <ns3:TrackPointExtension/>
        </extensions>
      </trkpt>
      <trkpt lat="32.055622078478336334228515625" lon="118.72518919408321380615234375">
        <ele>7.400000095367431640625</ele>
        <time>2021-11-15T03:42:23.000Z</time>
        <extensions>
          <ns3:TrackPointExtension/>
        </extensions>
      </trkpt>
      <trkpt lat="32.055622078478336334228515625" lon="118.725158683955669403076171875">
        <ele>7.400000095367431640625</ele>
        <time>2021-11-15T03:42:24.000Z</time>
        <extensions>
          <ns3:TrackPointExtension/>
        </extensions>
      </trkpt>
      <trkpt lat="32.055622078478336334228515625" lon="118.725120462477207183837890625">
        <ele>7.400000095367431640625</ele>
        <time>2021-11-15T03:42:25.000Z</time>
        <extensions>
          <ns3:TrackPointExtension>
            <ns3:hr>114</ns3:hr>
          </ns3:TrackPointExtension>
        </extensions>
      </trkpt>
      <trkpt lat="32.055622078478336334228515625" lon="118.7250746972858905792236328125">
        <ele>7.400000095367431640625</ele>
        <time>2021-11-15T03:42:26.000Z</time>
        <extensions>
          <ns3:TrackPointExtension/>
        </extensions>
      </trkpt>
      <trkpt lat="32.05562585033476352691650390625" lon="118.72503655962646007537841796875">
        <ele>7.400000095367431640625</ele>
        <time>2021-11-15T03:42:27.000Z</time>
        <extensions>
          <ns3:TrackPointExtension/>
        </extensions>
      </trkpt>
      <trkpt lat="32.05562585033476352691650390625" lon="118.72499079443514347076416015625">
        <ele>7.400000095367431640625</ele>
        <time>2021-11-15T03:42:28.000Z</time>
        <extensions>
          <ns3:TrackPointExtension/>
        </extensions>
      </trkpt>
      <trkpt lat="32.05562970601022243499755859375" lon="118.72494502924382686614990234375">
        <ele>7.19999980926513671875</ele>
        <time>2021-11-15T03:42:29.000Z</time>
        <extensions>
          <ns3:TrackPointExtension/>
        </extensions>
      </trkpt>
      <trkpt lat="32.055633477866649627685546875" lon="118.72489926405251026153564453125">
        <ele>7.19999980926513671875</ele>
        <time>2021-11-15T03:42:30.000Z</time>
        <extensions>
          <ns3:TrackPointExtension>
            <ns3:hr>117</ns3:hr>
          </ns3:TrackPointExtension>
        </extensions>
      </trkpt>
      <trkpt lat="32.055633477866649627685546875" lon="118.72484587132930755615234375">
        <ele>7.19999980926513671875</ele>
        <time>2021-11-15T03:42:31.000Z</time>
        <extensions>
          <ns3:TrackPointExtension/>
        </extensions>
      </trkpt>
      <trkpt lat="32.055633477866649627685546875" lon="118.72479247860610485076904296875">
        <ele>7.19999980926513671875</ele>
        <time>2021-11-15T03:42:32.000Z</time>
        <extensions>
          <ns3:TrackPointExtension/>
        </extensions>
      </trkpt>
      <trkpt lat="32.055633477866649627685546875" lon="118.7247313745319843292236328125">
        <ele>7.19999980926513671875</ele>
        <time>2021-11-15T03:42:33.000Z</time>
        <extensions>
          <ns3:TrackPointExtension/>
        </extensions>
      </trkpt>
      <trkpt lat="32.055633477866649627685546875" lon="118.72467798180878162384033203125">
        <ele>7.400000095367431640625</ele>
        <time>2021-11-15T03:42:34.000Z</time>
        <extensions>
          <ns3:TrackPointExtension/>
        </extensions>
      </trkpt>
      <trkpt lat="32.055633477866649627685546875" lon="118.72461696155369281768798828125">
        <ele>8</ele>
        <time>2021-11-15T03:42:35.000Z</time>
        <extensions>
          <ns3:TrackPointExtension>
            <ns3:hr>116</ns3:hr>
          </ns3:TrackPointExtension>
        </extensions>
      </trkpt>
      <trkpt lat="32.055633477866649627685546875" lon="118.7245483137667179107666015625">
        <ele>8.3999996185302734375</ele>
        <time>2021-11-15T03:42:36.000Z</time>
        <extensions>
          <ns3:TrackPointExtension/>
        </extensions>
      </trkpt>
      <trkpt lat="32.055633477866649627685546875" lon="118.7244872935116291046142578125">
        <ele>8.80000019073486328125</ele>
        <time>2021-11-15T03:42:37.000Z</time>
        <extensions>
          <ns3:TrackPointExtension/>
        </extensions>
      </trkpt>
      <trkpt lat="32.055633477866649627685546875" lon="118.7244185619056224822998046875">
        <ele>9</ele>
        <time>2021-11-15T03:42:38.000Z</time>
        <extensions>
          <ns3:TrackPointExtension/>
        </extensions>
      </trkpt>
      <trkpt lat="32.05562970601022243499755859375" lon="118.7243575416505336761474609375">
        <ele>9.3999996185302734375</ele>
        <time>2021-11-15T03:42:39.000Z</time>
        <extensions>
          <ns3:TrackPointExtension/>
        </extensions>
      </trkpt>
      <trkpt lat="32.05562585033476352691650390625" lon="118.7242965213954448699951171875">
        <ele>10</ele>
        <time>2021-11-15T03:42:40.000Z</time>
        <extensions>
          <ns3:TrackPointExtension>
            <ns3:hr>115</ns3:hr>
          </ns3:TrackPointExtension>
        </extensions>
      </trkpt>
      <trkpt lat="32.05562585033476352691650390625" lon="118.72422787360846996307373046875">
        <ele>10.3999996185302734375</ele>
        <time>2021-11-15T03:42:41.000Z</time>
        <extensions>
          <ns3:TrackPointExtension/>
        </extensions>
      </trkpt>
      <trkpt lat="32.055622078478336334228515625" lon="118.72416685335338115692138671875">
        <ele>10.6000003814697265625</ele>
        <time>2021-11-15T03:42:42.000Z</time>
        <extensions>
          <ns3:TrackPointExtension/>
        </extensions>
      </trkpt>
      <trkpt lat="32.055622078478336334228515625" lon="118.72409820556640625">
        <ele>10.6000003814697265625</ele>
        <time>2021-11-15T03:42:43.000Z</time>
        <extensions>
          <ns3:TrackPointExtension/>
        </extensions>
      </trkpt>
      <trkpt lat="32.055622078478336334228515625" lon="118.7240447290241718292236328125">
        <ele>10.6000003814697265625</ele>
        <time>2021-11-15T03:42:44.000Z</time>
        <extensions>
          <ns3:TrackPointExtension/>
        </extensions>
      </trkpt>
      <trkpt lat="32.0556182228028774261474609375" lon="118.72399133630096912384033203125">
        <ele>10.6000003814697265625</ele>
        <time>2021-11-15T03:42:45.000Z</time>
        <extensions>
          <ns3:TrackPointExtension>
            <ns3:hr>117</ns3:hr>
          </ns3:TrackPointExtension>
        </extensions>
      </trkpt>
      <trkpt lat="32.0556182228028774261474609375" lon="118.72394557110965251922607421875">
        <ele>10.6000003814697265625</ele>
        <time>2021-11-15T03:42:46.000Z</time>
        <extensions>
          <ns3:TrackPointExtension/>
        </extensions>
      </trkpt>
      <trkpt lat="32.05561445094645023345947265625" lon="118.723907433450222015380859375">
        <ele>10.6000003814697265625</ele>
        <time>2021-11-15T03:42:48.000Z</time>
        <extensions>
          <ns3:TrackPointExtension/>
        </extensions>
      </trkpt>
      <trkpt lat="32.05561445094645023345947265625" lon="118.72386929579079151153564453125">
        <ele>10.6000003814697265625</ele>
        <time>2021-11-15T03:42:49.000Z</time>
        <extensions>
          <ns3:TrackPointExtension/>
        </extensions>
      </trkpt>
      <trkpt lat="32.05561059527099132537841796875" lon="118.72382353059947490692138671875">
        <ele>10.80000019073486328125</ele>
        <time>2021-11-15T03:42:50.000Z</time>
        <extensions>
          <ns3:TrackPointExtension>
            <ns3:hr>119</ns3:hr>
          </ns3:TrackPointExtension>
        </extensions>
      </trkpt>
      <trkpt lat="32.05561059527099132537841796875" lon="118.723785392940044403076171875">
        <ele>10.80000019073486328125</ele>
        <time>2021-11-15T03:42:51.000Z</time>
        <extensions>
          <ns3:TrackPointExtension/>
        </extensions>
      </trkpt>
      <trkpt lat="32.05561059527099132537841796875" lon="118.723747171461582183837890625">
        <ele>11</ele>
        <time>2021-11-15T03:42:52.000Z</time>
        <extensions>
          <ns3:TrackPointExtension/>
        </extensions>
      </trkpt>
      <trkpt lat="32.05561445094645023345947265625" lon="118.72370903380215167999267578125">
        <ele>11.19999980926513671875</ele>
        <time>2021-11-15T03:42:53.000Z</time>
        <extensions>
          <ns3:TrackPointExtension/>
        </extensions>
      </trkpt>
      <trkpt lat="32.0556182228028774261474609375" lon="118.7236708961427211761474609375">
        <ele>11.3999996185302734375</ele>
        <time>2021-11-15T03:42:54.000Z</time>
        <extensions>
          <ns3:TrackPointExtension/>
        </extensions>
      </trkpt>
      <trkpt lat="32.0556182228028774261474609375" lon="118.72364801354706287384033203125">
        <ele>11.19999980926513671875</ele>
        <time>2021-11-15T03:42:55.000Z</time>
        <extensions>
          <ns3:TrackPointExtension>
            <ns3:hr>119</ns3:hr>
          </ns3:TrackPointExtension>
        </extensions>
      </trkpt>
      <trkpt lat="32.05562585033476352691650390625" lon="118.7236098758876323699951171875">
        <ele>11.19999980926513671875</ele>
        <time>2021-11-15T03:42:56.000Z</time>
        <extensions>
          <ns3:TrackPointExtension/>
        </extensions>
      </trkpt>
      <trkpt lat="32.0556373335421085357666015625" lon="118.7235793657600879669189453125">
        <ele>11.19999980926513671875</ele>
        <time>2021-11-15T03:42:57.000Z</time>
        <extensions>
          <ns3:TrackPointExtension/>
        </extensions>
      </trkpt>
      <trkpt lat="32.0556487329304218292236328125" lon="118.72354122810065746307373046875">
        <ele>11</ele>
        <time>2021-11-15T03:42:58.000Z</time>
        <extensions>
          <ns3:TrackPointExtension/>
        </extensions>
      </trkpt>
      <trkpt lat="32.05566398799419403076171875" lon="118.723503090441226959228515625">
        <ele>11</ele>
        <time>2021-11-15T03:42:59.000Z</time>
        <extensions>
          <ns3:TrackPointExtension/>
        </extensions>
      </trkpt>
      <trkpt lat="32.0556792430579662322998046875" lon="118.72347258031368255615234375">
        <ele>11</ele>
        <time>2021-11-15T03:43:00.000Z</time>
        <extensions>
          <ns3:TrackPointExtension>
            <ns3:hr>120</ns3:hr>
          </ns3:TrackPointExtension>
        </extensions>
      </trkpt>
      <trkpt lat="32.05570220947265625" lon="118.72344969771802425384521484375">
        <ele>11.19999980926513671875</ele>
        <time>2021-11-15T03:43:01.000Z</time>
        <extensions>
          <ns3:TrackPointExtension/>
        </extensions>
      </trkpt>
      <trkpt lat="32.05572123639285564422607421875" lon="118.72343444265425205230712890625">
        <ele>11.19999980926513671875</ele>
        <time>2021-11-15T03:43:02.000Z</time>
        <extensions>
          <ns3:TrackPointExtension/>
        </extensions>
      </trkpt>
      <trkpt lat="32.055744118988513946533203125" lon="118.72341156005859375">
        <ele>11</ele>
        <time>2021-11-15T03:43:03.000Z</time>
        <extensions>
          <ns3:TrackPointExtension/>
        </extensions>
      </trkpt>
      <trkpt lat="32.05577085725963115692138671875" lon="118.72339622117578983306884765625">
        <ele>10.80000019073486328125</ele>
        <time>2021-11-15T03:43:04.000Z</time>
        <extensions>
          <ns3:TrackPointExtension/>
        </extensions>
      </trkpt>
      <trkpt lat="32.055793739855289459228515625" lon="118.72337333858013153076171875">
        <ele>10.3999996185302734375</ele>
        <time>2021-11-15T03:43:05.000Z</time>
        <extensions>
          <ns3:TrackPointExtension>
            <ns3:hr>118</ns3:hr>
          </ns3:TrackPointExtension>
        </extensions>
      </trkpt>
      <trkpt lat="32.05581662245094776153564453125" lon="118.7233580835163593292236328125">
        <ele>10</ele>
        <time>2021-11-15T03:43:06.000Z</time>
        <extensions>
          <ns3:TrackPointExtension/>
        </extensions>
      </trkpt>
      <trkpt lat="32.05583564937114715576171875" lon="118.72333520092070102691650390625">
        <ele>9.3999996185302734375</ele>
        <time>2021-11-15T03:43:07.000Z</time>
        <extensions>
          <ns3:TrackPointExtension/>
        </extensions>
      </trkpt>
      <trkpt lat="32.055854760110378265380859375" lon="118.72331994585692882537841796875">
        <ele>9.19999980926513671875</ele>
        <time>2021-11-15T03:43:08.000Z</time>
        <extensions>
          <ns3:TrackPointExtension/>
        </extensions>
      </trkpt>
      <trkpt lat="32.055873870849609375" lon="118.7232970632612705230712890625">
        <ele>8.6000003814697265625</ele>
        <time>2021-11-15T03:43:09.000Z</time>
        <extensions>
          <ns3:TrackPointExtension/>
        </extensions>
      </trkpt>
      <trkpt lat="32.05589289776980876922607421875" lon="118.72327418066561222076416015625">
        <ele>8.3999996185302734375</ele>
        <time>2021-11-15T03:43:10.000Z</time>
        <extensions>
          <ns3:TrackPointExtension>
            <ns3:hr>121</ns3:hr>
          </ns3:TrackPointExtension>
        </extensions>
      </trkpt>
      <trkpt lat="32.05590815283358097076416015625" lon="118.72325129806995391845703125">
        <ele>8.19999980926513671875</ele>
        <time>2021-11-15T03:43:11.000Z</time>
        <extensions>
          <ns3:TrackPointExtension/>
        </extensions>
      </trkpt>
      <trkpt lat="32.05592340789735317230224609375" lon="118.723220787942409515380859375">
        <ele>7.80000019073486328125</ele>
        <time>2021-11-15T03:43:12.000Z</time>
        <extensions>
          <ns3:TrackPointExtension/>
        </extensions>
      </trkpt>
      <trkpt lat="32.05593489110469818115234375" lon="118.72319790534675121307373046875">
        <ele>7.599999904632568359375</ele>
        <time>2021-11-15T03:43:13.000Z</time>
        <extensions>
          <ns3:TrackPointExtension/>
        </extensions>
      </trkpt>
      <trkpt lat="32.0559501461684703826904296875" lon="118.7231750227510929107666015625">
        <ele>7.400000095367431640625</ele>
        <time>2021-11-15T03:43:14.000Z</time>
        <extensions>
          <ns3:TrackPointExtension/>
        </extensions>
      </trkpt>
      <trkpt lat="32.05596917308866977691650390625" lon="118.72315214015543460845947265625">
        <ele>7.400000095367431640625</ele>
        <time>2021-11-15T03:43:15.000Z</time>
        <extensions>
          <ns3:TrackPointExtension>
            <ns3:hr>120</ns3:hr>
          </ns3:TrackPointExtension>
        </extensions>
      </trkpt>
      <trkpt lat="32.05598828382790088653564453125" lon="118.72312925755977630615234375">
        <ele>7.19999980926513671875</ele>
        <time>2021-11-15T03:43:16.000Z</time>
        <extensions>
          <ns3:TrackPointExtension/>
        </extensions>
      </trkpt>
      <trkpt lat="32.0560111664235591888427734375" lon="118.72312163002789020538330078125">
        <ele>6.80000019073486328125</ele>
        <time>2021-11-15T03:43:17.000Z</time>
        <extensions>
          <ns3:TrackPointExtension/>
        </extensions>
      </trkpt>
      <trkpt lat="32.05603404901921749114990234375" lon="118.7231140024960041046142578125">
        <ele>6.599999904632568359375</ele>
        <time>2021-11-15T03:43:18.000Z</time>
        <extensions>
          <ns3:TrackPointExtension/>
        </extensions>
      </trkpt>
      <trkpt lat="32.0560607872903347015380859375" lon="118.72310637496411800384521484375">
        <ele>6.400000095367431640625</ele>
        <time>2021-11-15T03:43:19.000Z</time>
        <extensions>
          <ns3:TrackPointExtension/>
        </extensions>
      </trkpt>
      <trkpt lat="32.056087441742420196533203125" lon="118.7231140024960041046142578125">
        <ele>6.19999980926513671875</ele>
        <time>2021-11-15T03:43:20.000Z</time>
        <extensions>
          <ns3:TrackPointExtension>
            <ns3:hr>120</ns3:hr>
          </ns3:TrackPointExtension>
        </extensions>
      </trkpt>
      <trkpt lat="32.0561218075454235076904296875" lon="118.72312163002789020538330078125">
        <ele>6</ele>
        <time>2021-11-15T03:43:21.000Z</time>
        <extensions>
          <ns3:TrackPointExtension/>
        </extensions>
      </trkpt>
      <trkpt lat="32.0561523176729679107666015625" lon="118.72312925755977630615234375">
        <ele>6</ele>
        <time>2021-11-15T03:43:22.000Z</time>
        <extensions>
          <ns3:TrackPointExtension/>
        </extensions>
      </trkpt>
      <trkpt lat="32.05618659965693950653076171875" lon="118.7231445126235485076904296875">
        <ele>5.80000019073486328125</ele>
        <time>2021-11-15T03:43:23.000Z</time>
        <extensions>
          <ns3:TrackPointExtension/>
        </extensions>
      </trkpt>
      <trkpt lat="32.05622482113540172576904296875" lon="118.723159767687320709228515625">
        <ele>5.599999904632568359375</ele>
        <time>2021-11-15T03:43:24.000Z</time>
        <extensions>
          <ns3:TrackPointExtension/>
        </extensions>
      </trkpt>
      <trkpt lat="32.05626673065125942230224609375" lon="118.7231750227510929107666015625">
        <ele>5.400000095367431640625</ele>
        <time>2021-11-15T03:43:25.000Z</time>
        <extensions>
          <ns3:TrackPointExtension>
            <ns3:hr>125</ns3:hr>
          </ns3:TrackPointExtension>
        </extensions>
      </trkpt>
      <trkpt lat="32.0563048683106899261474609375" lon="118.7231902778148651123046875">
        <ele>5.19999980926513671875</ele>
        <time>2021-11-15T03:43:26.000Z</time>
        <extensions>
          <ns3:TrackPointExtension/>
        </extensions>
      </trkpt>
      <trkpt lat="32.05634300597012042999267578125" lon="118.72321316041052341461181640625">
        <ele>5.19999980926513671875</ele>
        <time>2021-11-15T03:43:27.000Z</time>
        <extensions>
          <ns3:TrackPointExtension/>
        </extensions>
      </trkpt>
      <trkpt lat="32.0563849993050098419189453125" lon="118.72322841547429561614990234375">
        <ele>5</ele>
        <time>2021-11-15T03:43:28.000Z</time>
        <extensions>
          <ns3:TrackPointExtension/>
        </extensions>
      </trkpt>
      <trkpt lat="32.05642699263989925384521484375" lon="118.72324367053806781768798828125">
        <ele>4.80000019073486328125</ele>
        <time>2021-11-15T03:43:29.000Z</time>
        <extensions>
          <ns3:TrackPointExtension/>
        </extensions>
      </trkpt>
      <trkpt lat="32.05646890215575695037841796875" lon="118.7232665531337261199951171875">
        <ele>4.80000019073486328125</ele>
        <time>2021-11-15T03:43:30.000Z</time>
        <extensions>
          <ns3:TrackPointExtension>
            <ns3:hr>129</ns3:hr>
          </ns3:TrackPointExtension>
        </extensions>
      </trkpt>
      <trkpt lat="32.0565108954906463623046875" lon="118.723281808197498321533203125">
        <ele>4.80000019073486328125</ele>
        <time>2021-11-15T03:43:31.000Z</time>
        <extensions>
          <ns3:TrackPointExtension/>
        </extensions>
      </trkpt>
      <trkpt lat="32.05654903315007686614990234375" lon="118.7232970632612705230712890625">
        <ele>4.599999904632568359375</ele>
        <time>2021-11-15T03:43:32.000Z</time>
        <extensions>
          <ns3:TrackPointExtension/>
        </extensions>
      </trkpt>
      <trkpt lat="32.056591026484966278076171875" lon="118.723312318325042724609375">
        <ele>4.599999904632568359375</ele>
        <time>2021-11-15T03:43:33.000Z</time>
        <extensions>
          <ns3:TrackPointExtension/>
        </extensions>
      </trkpt>
      <trkpt lat="32.05662916414439678192138671875" lon="118.7233275733888149261474609375">
        <ele>4.400000095367431640625</ele>
        <time>2021-11-15T03:43:34.000Z</time>
        <extensions>
          <ns3:TrackPointExtension/>
        </extensions>
      </trkpt>
      <trkpt lat="32.0566673018038272857666015625" lon="118.723342828452587127685546875">
        <ele>4.400000095367431640625</ele>
        <time>2021-11-15T03:43:35.000Z</time>
        <extensions>
          <ns3:TrackPointExtension>
            <ns3:hr>129</ns3:hr>
          </ns3:TrackPointExtension>
        </extensions>
      </trkpt>
      <trkpt lat="32.05670543946325778961181640625" lon="118.7233580835163593292236328125">
        <ele>4.19999980926513671875</ele>
        <time>2021-11-15T03:43:36.000Z</time>
        <extensions>
          <ns3:TrackPointExtension/>
        </extensions>
      </trkpt>
      <trkpt lat="32.05674357712268829345703125" lon="118.72337333858013153076171875">
        <ele>4.19999980926513671875</ele>
        <time>2021-11-15T03:43:37.000Z</time>
        <extensions>
          <ns3:TrackPointExtension/>
        </extensions>
      </trkpt>
      <trkpt lat="32.05678171478211879730224609375" lon="118.7233885936439037322998046875">
        <ele>4.19999980926513671875</ele>
        <time>2021-11-15T03:43:38.000Z</time>
        <extensions>
          <ns3:TrackPointExtension/>
        </extensions>
      </trkpt>
      <trkpt lat="32.0568198524415493011474609375" lon="118.723403848707675933837890625">
        <ele>4</ele>
        <time>2021-11-15T03:43:39.000Z</time>
        <extensions>
          <ns3:TrackPointExtension/>
        </extensions>
      </trkpt>
      <trkpt lat="32.05685799010097980499267578125" lon="118.72341918759047985076904296875">
        <ele>4.19999980926513671875</ele>
        <time>2021-11-15T03:43:40.000Z</time>
        <extensions>
          <ns3:TrackPointExtension>
            <ns3:hr>131</ns3:hr>
          </ns3:TrackPointExtension>
        </extensions>
      </trkpt>
      <trkpt lat="32.056896127760410308837890625" lon="118.72343444265425205230712890625">
        <ele>4.19999980926513671875</ele>
        <time>2021-11-15T03:43:41.000Z</time>
        <extensions>
          <ns3:TrackPointExtension/>
        </extensions>
      </trkpt>
      <trkpt lat="32.056934349238872528076171875" lon="118.723442070186138153076171875">
        <ele>4.400000095367431640625</ele>
        <time>2021-11-15T03:43:42.000Z</time>
        <extensions>
          <ns3:TrackPointExtension/>
        </extensions>
      </trkpt>
      <trkpt lat="32.05697248689830303192138671875" lon="118.7234573252499103546142578125">
        <ele>4.400000095367431640625</ele>
        <time>2021-11-15T03:43:43.000Z</time>
        <extensions>
          <ns3:TrackPointExtension/>
        </extensions>
      </trkpt>
      <trkpt lat="32.0570106245577335357666015625" lon="118.72346495278179645538330078125">
        <ele>4.599999904632568359375</ele>
        <time>2021-11-15T03:43:44.000Z</time>
        <extensions>
          <ns3:TrackPointExtension/>
        </extensions>
      </trkpt>
      <trkpt lat="32.05704876221716403961181640625" lon="118.72348020784556865692138671875">
        <ele>4.599999904632568359375</ele>
        <time>2021-11-15T03:43:45.000Z</time>
        <extensions>
          <ns3:TrackPointExtension>
            <ns3:hr>127</ns3:hr>
          </ns3:TrackPointExtension>
        </extensions>
      </trkpt>
      <trkpt lat="32.0570907555520534515380859375" lon="118.7234878353774547576904296875">
        <ele>4.599999904632568359375</ele>
        <time>2021-11-15T03:43:46.000Z</time>
        <extensions>
          <ns3:TrackPointExtension/>
        </extensions>
      </trkpt>
      <trkpt lat="32.05712889321148395538330078125" lon="118.723503090441226959228515625">
        <ele>4.80000019073486328125</ele>
        <time>2021-11-15T03:43:47.000Z</time>
        <extensions>
          <ns3:TrackPointExtension/>
        </extensions>
      </trkpt>
      <trkpt lat="32.0571631751954555511474609375" lon="118.7235183455049991607666015625">
        <ele>4.80000019073486328125</ele>
        <time>2021-11-15T03:43:48.000Z</time>
        <extensions>
          <ns3:TrackPointExtension/>
        </extensions>
      </trkpt>
      <trkpt lat="32.05720131285488605499267578125" lon="118.72352597303688526153564453125">
        <ele>5</ele>
        <time>2021-11-15T03:43:49.000Z</time>
        <extensions>
          <ns3:TrackPointExtension/>
        </extensions>
      </trkpt>
      <trkpt lat="32.05723567865788936614990234375" lon="118.7235336005687713623046875">
        <ele>5</ele>
        <time>2021-11-15T03:43:50.000Z</time>
        <extensions>
          <ns3:TrackPointExtension>
            <ns3:hr>122</ns3:hr>
          </ns3:TrackPointExtension>
        </extensions>
      </trkpt>
      <trkpt lat="32.05727004446089267730712890625" lon="118.7235488556325435638427734375">
        <ele>5</ele>
        <time>2021-11-15T03:43:51.000Z</time>
        <extensions>
          <ns3:TrackPointExtension/>
        </extensions>
      </trkpt>
      <trkpt lat="32.0573043264448642730712890625" lon="118.72355648316442966461181640625">
        <ele>5</ele>
        <time>2021-11-15T03:43:52.000Z</time>
        <extensions>
          <ns3:TrackPointExtension/>
        </extensions>
      </trkpt>
      <trkpt lat="32.057338692247867584228515625" lon="118.723564110696315765380859375">
        <ele>5</ele>
        <time>2021-11-15T03:43:53.000Z</time>
        <extensions>
          <ns3:TrackPointExtension/>
        </extensions>
      </trkpt>
      <trkpt lat="32.05737297423183917999267578125" lon="118.72357173822820186614990234375">
        <ele>5</ele>
        <time>2021-11-15T03:43:54.000Z</time>
        <extensions>
          <ns3:TrackPointExtension/>
        </extensions>
      </trkpt>
      <trkpt lat="32.057411111891269683837890625" lon="118.7235793657600879669189453125">
        <ele>5.19999980926513671875</ele>
        <time>2021-11-15T03:43:55.000Z</time>
        <extensions>
          <ns3:TrackPointExtension>
            <ns3:hr>122</ns3:hr>
          </ns3:TrackPointExtension>
        </extensions>
      </trkpt>
      <trkpt lat="32.0574454776942729949951171875" lon="118.72358699329197406768798828125">
        <ele>5.400000095367431640625</ele>
        <time>2021-11-15T03:43:56.000Z</time>
        <extensions>
          <ns3:TrackPointExtension/>
        </extensions>
      </trkpt>
      <trkpt lat="32.05747984349727630615234375" lon="118.72359462082386016845703125">
        <ele>5.599999904632568359375</ele>
        <time>2021-11-15T03:43:57.000Z</time>
        <extensions>
          <ns3:TrackPointExtension/>
        </extensions>
      </trkpt>
      <trkpt lat="32.05751798115670680999755859375" lon="118.7236098758876323699951171875">
        <ele>5.80000019073486328125</ele>
        <time>2021-11-15T03:43:58.000Z</time>
        <extensions>
          <ns3:TrackPointExtension/>
        </extensions>
      </trkpt>
      <trkpt lat="32.05755226314067840576171875" lon="118.72361750341951847076416015625">
        <ele>6</ele>
        <time>2021-11-15T03:43:59.000Z</time>
        <extensions>
          <ns3:TrackPointExtension/>
        </extensions>
      </trkpt>
      <trkpt lat="32.0575866289436817169189453125" lon="118.723625130951404571533203125">
        <ele>6.19999980926513671875</ele>
        <time>2021-11-15T03:44:00.000Z</time>
        <extensions>
          <ns3:TrackPointExtension>
            <ns3:hr>119</ns3:hr>
          </ns3:TrackPointExtension>
        </extensions>
      </trkpt>
      <trkpt lat="32.05762476660311222076416015625" lon="118.7236403860151767730712890625">
        <ele>6.599999904632568359375</ele>
        <time>2021-11-15T03:44:01.000Z</time>
        <extensions>
          <ns3:TrackPointExtension/>
        </extensions>
      </trkpt>
      <trkpt lat="32.057662904262542724609375" lon="118.723655641078948974609375">
        <ele>6.80000019073486328125</ele>
        <time>2021-11-15T03:44:02.000Z</time>
        <extensions>
          <ns3:TrackPointExtension/>
        </extensions>
      </trkpt>
      <trkpt lat="32.05770104192197322845458984375" lon="118.72366326861083507537841796875">
        <ele>6.599999904632568359375</ele>
        <time>2021-11-15T03:44:03.000Z</time>
        <extensions>
          <ns3:TrackPointExtension/>
        </extensions>
      </trkpt>
      <trkpt lat="32.0577391795814037322998046875" lon="118.72367852367460727691650390625">
        <ele>6.80000019073486328125</ele>
        <time>2021-11-15T03:44:04.000Z</time>
        <extensions>
          <ns3:TrackPointExtension/>
        </extensions>
      </trkpt>
      <trkpt lat="32.0577774010598659515380859375" lon="118.72369377873837947845458984375">
        <ele>6.80000019073486328125</ele>
        <time>2021-11-15T03:44:05.000Z</time>
        <extensions>
          <ns3:TrackPointExtension>
            <ns3:hr>123</ns3:hr>
          </ns3:TrackPointExtension>
        </extensions>
      </trkpt>
      <trkpt lat="32.05781553871929645538330078125" lon="118.72370903380215167999267578125">
        <ele>6.80000019073486328125</ele>
        <time>2021-11-15T03:44:06.000Z</time>
        <extensions>
          <ns3:TrackPointExtension/>
        </extensions>
      </trkpt>
      <trkpt lat="32.0578498207032680511474609375" lon="118.72371666133403778076171875">
        <ele>6.80000019073486328125</ele>
        <time>2021-11-15T03:44:07.000Z</time>
        <extensions>
          <ns3:TrackPointExtension/>
        </extensions>
      </trkpt>
      <trkpt lat="32.05788795836269855499267578125" lon="118.7237319163978099822998046875">
        <ele>6.80000019073486328125</ele>
        <time>2021-11-15T03:44:08.000Z</time>
        <extensions>
          <ns3:TrackPointExtension/>
        </extensions>
      </trkpt>
      <trkpt lat="32.057926096022129058837890625" lon="118.723747171461582183837890625">
        <ele>6.80000019073486328125</ele>
        <time>2021-11-15T03:44:09.000Z</time>
        <extensions>
          <ns3:TrackPointExtension/>
        </extensions>
      </trkpt>
      <trkpt lat="32.057964317500591278076171875" lon="118.7237548828125">
        <ele>6.80000019073486328125</ele>
        <time>2021-11-15T03:44:10.000Z</time>
        <extensions>
          <ns3:TrackPointExtension>
            <ns3:hr>127</ns3:hr>
          </ns3:TrackPointExtension>
        </extensions>
      </trkpt>
      <trkpt lat="32.05800245516002178192138671875" lon="118.7237701378762722015380859375">
        <ele>7</ele>
        <time>2021-11-15T03:44:11.000Z</time>
        <extensions>
          <ns3:TrackPointExtension/>
        </extensions>
      </trkpt>
      <trkpt lat="32.0580405928194522857666015625" lon="118.723785392940044403076171875">
        <ele>7.19999980926513671875</ele>
        <time>2021-11-15T03:44:12.000Z</time>
        <extensions>
          <ns3:TrackPointExtension/>
        </extensions>
      </trkpt>
      <trkpt lat="32.05807487480342388153076171875" lon="118.7238006480038166046142578125">
        <ele>7.400000095367431640625</ele>
        <time>2021-11-15T03:44:13.000Z</time>
        <extensions>
          <ns3:TrackPointExtension/>
        </extensions>
      </trkpt>
      <trkpt lat="32.05811309628188610076904296875" lon="118.72380827553570270538330078125">
        <ele>7.19999980926513671875</ele>
        <time>2021-11-15T03:44:14.000Z</time>
        <extensions>
          <ns3:TrackPointExtension/>
        </extensions>
      </trkpt>
      <trkpt lat="32.0581512339413166046142578125" lon="118.72382353059947490692138671875">
        <ele>7.400000095367431640625</ele>
        <time>2021-11-15T03:44:15.000Z</time>
        <extensions>
          <ns3:TrackPointExtension>
            <ns3:hr>123</ns3:hr>
          </ns3:TrackPointExtension>
        </extensions>
      </trkpt>
      <trkpt lat="32.05818551592528820037841796875" lon="118.72383878566324710845947265625">
        <ele>7.400000095367431640625</ele>
        <time>2021-11-15T03:44:16.000Z</time>
        <extensions>
          <ns3:TrackPointExtension/>
        </extensions>
      </trkpt>
      <trkpt lat="32.0582236535847187042236328125" lon="118.723846413195133209228515625">
        <ele>7.400000095367431640625</ele>
        <time>2021-11-15T03:44:17.000Z</time>
        <extensions>
          <ns3:TrackPointExtension/>
        </extensions>
      </trkpt>
      <trkpt lat="32.05826179124414920806884765625" lon="118.7238616682589054107666015625">
        <ele>7.599999904632568359375</ele>
        <time>2021-11-15T03:44:18.000Z</time>
        <extensions>
          <ns3:TrackPointExtension/>
        </extensions>
      </trkpt>
      <trkpt lat="32.05830001272261142730712890625" lon="118.7238769233226776123046875">
        <ele>7.599999904632568359375</ele>
        <time>2021-11-15T03:44:19.000Z</time>
        <extensions>
          <ns3:TrackPointExtension/>
        </extensions>
      </trkpt>
      <trkpt lat="32.0583342947065830230712890625" lon="118.72388455085456371307373046875">
        <ele>7.599999904632568359375</ele>
        <time>2021-11-15T03:44:20.000Z</time>
        <extensions>
          <ns3:TrackPointExtension>
            <ns3:hr>121</ns3:hr>
          </ns3:TrackPointExtension>
        </extensions>
      </trkpt>
      <trkpt lat="32.05837243236601352691650390625" lon="118.72389980591833591461181640625">
        <ele>7.599999904632568359375</ele>
        <time>2021-11-15T03:44:21.000Z</time>
        <extensions>
          <ns3:TrackPointExtension/>
        </extensions>
      </trkpt>
      <trkpt lat="32.05840679816901683807373046875" lon="118.723907433450222015380859375">
        <ele>7.599999904632568359375</ele>
        <time>2021-11-15T03:44:22.000Z</time>
        <extensions>
          <ns3:TrackPointExtension/>
        </extensions>
      </trkpt>
      <trkpt lat="32.058441080152988433837890625" lon="118.7239226885139942169189453125">
        <ele>7.80000019073486328125</ele>
        <time>2021-11-15T03:44:23.000Z</time>
        <extensions>
          <ns3:TrackPointExtension/>
        </extensions>
      </trkpt>
      <trkpt lat="32.0584754459559917449951171875" lon="118.72393031604588031768798828125">
        <ele>7.80000019073486328125</ele>
        <time>2021-11-15T03:44:24.000Z</time>
        <extensions>
          <ns3:TrackPointExtension/>
        </extensions>
      </trkpt>
      <trkpt lat="32.05850981175899505615234375" lon="118.72394557110965251922607421875">
        <ele>7.80000019073486328125</ele>
        <time>2021-11-15T03:44:25.000Z</time>
        <extensions>
          <ns3:TrackPointExtension>
            <ns3:hr>117</ns3:hr>
          </ns3:TrackPointExtension>
        </extensions>
      </trkpt>
      <trkpt lat="32.058540321886539459228515625" lon="118.7239531986415386199951171875">
        <ele>7.599999904632568359375</ele>
        <time>2021-11-15T03:44:26.000Z</time>
        <extensions>
          <ns3:TrackPointExtension/>
        </extensions>
      </trkpt>
      <trkpt lat="32.0585708320140838623046875" lon="118.723968453705310821533203125">
        <ele>7.599999904632568359375</ele>
        <time>2021-11-15T03:44:27.000Z</time>
        <extensions>
          <ns3:TrackPointExtension/>
        </extensions>
      </trkpt>
      <trkpt lat="32.058601342141628265380859375" lon="118.72397608123719692230224609375">
        <ele>7.400000095367431640625</ele>
        <time>2021-11-15T03:44:28.000Z</time>
        <extensions>
          <ns3:TrackPointExtension/>
        </extensions>
      </trkpt>
      <trkpt lat="32.05862808041274547576904296875" lon="118.7239837087690830230712890625">
        <ele>7.19999980926513671875</ele>
        <time>2021-11-15T03:44:29.000Z</time>
        <extensions>
          <ns3:TrackPointExtension/>
        </extensions>
      </trkpt>
      <trkpt lat="32.05865473486483097076416015625" lon="118.72399133630096912384033203125">
        <ele>7</ele>
        <time>2021-11-15T03:44:30.000Z</time>
        <extensions>
          <ns3:TrackPointExtension>
            <ns3:hr>115</ns3:hr>
          </ns3:TrackPointExtension>
        </extensions>
      </trkpt>
      <trkpt lat="32.05868147313594818115234375" lon="118.72400659136474132537841796875">
        <ele>7</ele>
        <time>2021-11-15T03:44:31.000Z</time>
        <extensions>
          <ns3:TrackPointExtension/>
        </extensions>
      </trkpt>
      <trkpt lat="32.05870435573160648345947265625" lon="118.7240142188966274261474609375">
        <ele>7</ele>
        <time>2021-11-15T03:44:32.000Z</time>
        <extensions>
          <ns3:TrackPointExtension/>
        </extensions>
      </trkpt>
      <trkpt lat="32.05873101018369197845458984375" lon="118.7240142188966274261474609375">
        <ele>6.80000019073486328125</ele>
        <time>2021-11-15T03:44:33.000Z</time>
        <extensions>
          <ns3:TrackPointExtension/>
        </extensions>
      </trkpt>
      <trkpt lat="32.05875389277935028076171875" lon="118.72402184642851352691650390625">
        <ele>6.599999904632568359375</ele>
        <time>2021-11-15T03:44:34.000Z</time>
        <extensions>
          <ns3:TrackPointExtension/>
        </extensions>
      </trkpt>
      <trkpt lat="32.05878063105046749114990234375" lon="118.724029473960399627685546875">
        <ele>6.599999904632568359375</ele>
        <time>2021-11-15T03:44:35.000Z</time>
        <extensions>
          <ns3:TrackPointExtension>
            <ns3:hr>114</ns3:hr>
          </ns3:TrackPointExtension>
        </extensions>
      </trkpt>
      <trkpt lat="32.05880351364612579345703125" lon="118.72403710149228572845458984375">
        <ele>6.400000095367431640625</ele>
        <time>2021-11-15T03:44:36.000Z</time>
        <extensions>
          <ns3:TrackPointExtension/>
        </extensions>
      </trkpt>
      <trkpt lat="32.05882639624178409576416015625" lon="118.72403710149228572845458984375">
        <ele>6.400000095367431640625</ele>
        <time>2021-11-15T03:44:37.000Z</time>
        <extensions>
          <ns3:TrackPointExtension/>
        </extensions>
      </trkpt>
      <trkpt lat="32.05885313451290130615234375" lon="118.7240447290241718292236328125">
        <ele>6.400000095367431640625</ele>
        <time>2021-11-15T03:44:38.000Z</time>
        <extensions>
          <ns3:TrackPointExtension/>
        </extensions>
      </trkpt>
      <trkpt lat="32.0588797889649868011474609375" lon="118.7240447290241718292236328125">
        <ele>6.19999980926513671875</ele>
        <time>2021-11-15T03:44:39.000Z</time>
        <extensions>
          <ns3:TrackPointExtension/>
        </extensions>
      </trkpt>
      <trkpt lat="32.05890652723610401153564453125" lon="118.72405235655605792999267578125">
        <ele>6.19999980926513671875</ele>
        <time>2021-11-15T03:44:40.000Z</time>
        <extensions>
          <ns3:TrackPointExtension>
            <ns3:hr>115</ns3:hr>
          </ns3:TrackPointExtension>
        </extensions>
      </trkpt>
      <trkpt lat="32.05893318168818950653076171875" lon="118.72405998408794403076171875">
        <ele>6.19999980926513671875</ele>
        <time>2021-11-15T03:44:41.000Z</time>
        <extensions>
          <ns3:TrackPointExtension/>
        </extensions>
      </trkpt>
      <trkpt lat="32.0589599199593067169189453125" lon="118.72405998408794403076171875">
        <ele>6</ele>
        <time>2021-11-15T03:44:42.000Z</time>
        <extensions>
          <ns3:TrackPointExtension/>
        </extensions>
      </trkpt>
      <trkpt lat="32.05898665823042392730712890625" lon="118.72406761161983013153076171875">
        <ele>6</ele>
        <time>2021-11-15T03:44:43.000Z</time>
        <extensions>
          <ns3:TrackPointExtension/>
        </extensions>
      </trkpt>
      <trkpt lat="32.05901331268250942230224609375" lon="118.7240752391517162322998046875">
        <ele>6</ele>
        <time>2021-11-15T03:44:44.000Z</time>
        <extensions>
          <ns3:TrackPointExtension/>
        </extensions>
      </trkpt>
      <trkpt lat="32.0590400509536266326904296875" lon="118.72408286668360233306884765625">
        <ele>6</ele>
        <time>2021-11-15T03:44:45.000Z</time>
        <extensions>
          <ns3:TrackPointExtension>
            <ns3:hr>112</ns3:hr>
          </ns3:TrackPointExtension>
        </extensions>
      </trkpt>
      <trkpt lat="32.0590705610811710357666015625" lon="118.724090494215488433837890625">
        <ele>6</ele>
        <time>2021-11-15T03:44:46.000Z</time>
        <extensions>
          <ns3:TrackPointExtension/>
        </extensions>
      </trkpt>
      <trkpt lat="32.05909721553325653076171875" lon="118.72410583309829235076904296875">
        <ele>6.400000095367431640625</ele>
        <time>2021-11-15T03:44:47.000Z</time>
        <extensions>
          <ns3:TrackPointExtension/>
        </extensions>
      </trkpt>
      <trkpt lat="32.059127725660800933837890625" lon="118.7241134606301784515380859375">
        <ele>6.400000095367431640625</ele>
        <time>2021-11-15T03:44:48.000Z</time>
        <extensions>
          <ns3:TrackPointExtension/>
        </extensions>
      </trkpt>
      <trkpt lat="32.05915446393191814422607421875" lon="118.72412108816206455230712890625">
        <ele>6.599999904632568359375</ele>
        <time>2021-11-15T03:44:49.000Z</time>
        <extensions>
          <ns3:TrackPointExtension/>
        </extensions>
      </trkpt>
      <trkpt lat="32.05918497405946254730224609375" lon="118.724128715693950653076171875">
        <ele>6.80000019073486328125</ele>
        <time>2021-11-15T03:44:50.000Z</time>
        <extensions>
          <ns3:TrackPointExtension>
            <ns3:hr>117</ns3:hr>
          </ns3:TrackPointExtension>
        </extensions>
      </trkpt>
      <trkpt lat="32.05921548418700695037841796875" lon="118.72413634322583675384521484375">
        <ele>7</ele>
        <time>2021-11-15T03:44:51.000Z</time>
        <extensions>
          <ns3:TrackPointExtension/>
        </extensions>
      </trkpt>
      <trkpt lat="32.05924599431455135345458984375" lon="118.7241439707577228546142578125">
        <ele>7</ele>
        <time>2021-11-15T03:44:52.000Z</time>
        <extensions>
          <ns3:TrackPointExtension/>
        </extensions>
      </trkpt>
      <trkpt lat="32.05927650444209575653076171875" lon="118.72415159828960895538330078125">
        <ele>7</ele>
        <time>2021-11-15T03:44:53.000Z</time>
        <extensions>
          <ns3:TrackPointExtension/>
        </extensions>
      </trkpt>
      <trkpt lat="32.05931087024509906768798828125" lon="118.72415922582149505615234375">
        <ele>7</ele>
        <time>2021-11-15T03:44:54.000Z</time>
        <extensions>
          <ns3:TrackPointExtension/>
        </extensions>
      </trkpt>
      <trkpt lat="32.05934138037264347076416015625" lon="118.72416685335338115692138671875">
        <ele>7.19999980926513671875</ele>
        <time>2021-11-15T03:44:55.000Z</time>
        <extensions>
          <ns3:TrackPointExtension>
            <ns3:hr>117</ns3:hr>
          </ns3:TrackPointExtension>
        </extensions>
      </trkpt>
      <trkpt lat="32.05937574617564678192138671875" lon="118.7241744808852672576904296875">
        <ele>7.599999904632568359375</ele>
        <time>2021-11-15T03:44:56.000Z</time>
        <extensions>
          <ns3:TrackPointExtension/>
        </extensions>
      </trkpt>
      <trkpt lat="32.059410028159618377685546875" lon="118.72418210841715335845947265625">
        <ele>8</ele>
        <time>2021-11-15T03:44:57.000Z</time>
        <extensions>
          <ns3:TrackPointExtension/>
        </extensions>
      </trkpt>
      <trkpt lat="32.0594443939626216888427734375" lon="118.724189735949039459228515625">
        <ele>8.3999996185302734375</ele>
        <time>2021-11-15T03:44:58.000Z</time>
        <extensions>
          <ns3:TrackPointExtension/>
        </extensions>
      </trkpt>
      <trkpt lat="32.059478759765625" lon="118.72419736348092555999755859375">
        <ele>8.6000003814697265625</ele>
        <time>2021-11-15T03:44:59.000Z</time>
        <extensions>
          <ns3:TrackPointExtension/>
        </extensions>
      </trkpt>
      <trkpt lat="32.05951689742505550384521484375" lon="118.7242049910128116607666015625">
        <ele>9</ele>
        <time>2021-11-15T03:45:00.000Z</time>
        <extensions>
          <ns3:TrackPointExtension>
            <ns3:hr>118</ns3:hr>
          </ns3:TrackPointExtension>
        </extensions>
      </trkpt>
      <trkpt lat="32.0595550350844860076904296875" lon="118.7242049910128116607666015625">
        <ele>9.3999996185302734375</ele>
        <time>2021-11-15T03:45:01.000Z</time>
        <extensions>
          <ns3:TrackPointExtension/>
        </extensions>
      </trkpt>
      <trkpt lat="32.05958931706845760345458984375" lon="118.72421261854469776153564453125">
        <ele>9.6000003814697265625</ele>
        <time>2021-11-15T03:45:02.000Z</time>
        <extensions>
          <ns3:TrackPointExtension/>
        </extensions>
      </trkpt>
      <trkpt lat="32.0596274547278881072998046875" lon="118.7242202460765838623046875">
        <ele>9.80000019073486328125</ele>
        <time>2021-11-15T03:45:03.000Z</time>
        <extensions>
          <ns3:TrackPointExtension/>
        </extensions>
      </trkpt>
      <trkpt lat="32.0596656762063503265380859375" lon="118.72422787360846996307373046875">
        <ele>9.80000019073486328125</ele>
        <time>2021-11-15T03:45:05.000Z</time>
        <extensions>
          <ns3:TrackPointExtension>
            <ns3:hr>122</ns3:hr>
          </ns3:TrackPointExtension>
        </extensions>
      </trkpt>
      <trkpt lat="32.05970381386578083038330078125" lon="118.7242355011403560638427734375">
        <ele>9.6000003814697265625</ele>
        <time>2021-11-15T03:45:06.000Z</time>
        <extensions>
          <ns3:TrackPointExtension/>
        </extensions>
      </trkpt>
      <trkpt lat="32.0597380958497524261474609375" lon="118.72424312867224216461181640625">
        <ele>9.6000003814697265625</ele>
        <time>2021-11-15T03:45:07.000Z</time>
        <extensions>
          <ns3:TrackPointExtension/>
        </extensions>
      </trkpt>
      <trkpt lat="32.05977623350918292999267578125" lon="118.72424312867224216461181640625">
        <ele>9.3999996185302734375</ele>
        <time>2021-11-15T03:45:08.000Z</time>
        <extensions>
          <ns3:TrackPointExtension/>
        </extensions>
      </trkpt>
      <trkpt lat="32.05981059931218624114990234375" lon="118.724250756204128265380859375">
        <ele>9.3999996185302734375</ele>
        <time>2021-11-15T03:45:09.000Z</time>
        <extensions>
          <ns3:TrackPointExtension/>
        </extensions>
      </trkpt>
      <trkpt lat="32.0598487369716167449951171875" lon="118.72425838373601436614990234375">
        <ele>9.19999980926513671875</ele>
        <time>2021-11-15T03:45:10.000Z</time>
        <extensions>
          <ns3:TrackPointExtension>
            <ns3:hr>119</ns3:hr>
          </ns3:TrackPointExtension>
        </extensions>
      </trkpt>
      <trkpt lat="32.05988687463104724884033203125" lon="118.7242660112679004669189453125">
        <ele>9</ele>
        <time>2021-11-15T03:45:11.000Z</time>
        <extensions>
          <ns3:TrackPointExtension/>
        </extensions>
      </trkpt>
      <trkpt lat="32.05991738475859165191650390625" lon="118.72427363879978656768798828125">
        <ele>8.80000019073486328125</ele>
        <time>2021-11-15T03:45:13.000Z</time>
        <extensions>
          <ns3:TrackPointExtension/>
        </extensions>
      </trkpt>
      <trkpt lat="32.05995175056159496307373046875" lon="118.72427363879978656768798828125">
        <ele>8.6000003814697265625</ele>
        <time>2021-11-15T03:45:14.000Z</time>
        <extensions>
          <ns3:TrackPointExtension/>
        </extensions>
      </trkpt>
      <trkpt lat="32.059986032545566558837890625" lon="118.72428126633167266845703125">
        <ele>8.19999980926513671875</ele>
        <time>2021-11-15T03:45:15.000Z</time>
        <extensions>
          <ns3:TrackPointExtension>
            <ns3:hr>119</ns3:hr>
          </ns3:TrackPointExtension>
        </extensions>
      </trkpt>
      <trkpt lat="32.0600203983485698699951171875" lon="118.72428889386355876922607421875">
        <ele>7.80000019073486328125</ele>
        <time>2021-11-15T03:45:16.000Z</time>
        <extensions>
          <ns3:TrackPointExtension/>
        </extensions>
      </trkpt>
      <trkpt lat="32.06005853600800037384033203125" lon="118.7242965213954448699951171875">
        <ele>7.599999904632568359375</ele>
        <time>2021-11-15T03:45:17.000Z</time>
        <extensions>
          <ns3:TrackPointExtension/>
        </extensions>
      </trkpt>
      <trkpt lat="32.06009290181100368499755859375" lon="118.72430414892733097076416015625">
        <ele>7.19999980926513671875</ele>
        <time>2021-11-15T03:45:18.000Z</time>
        <extensions>
          <ns3:TrackPointExtension/>
        </extensions>
      </trkpt>
      <trkpt lat="32.06012718379497528076171875" lon="118.72430414892733097076416015625">
        <ele>6.80000019073486328125</ele>
        <time>2021-11-15T03:45:19.000Z</time>
        <extensions>
          <ns3:TrackPointExtension/>
        </extensions>
      </trkpt>
      <trkpt lat="32.0601654052734375" lon="118.724311776459217071533203125">
        <ele>6.599999904632568359375</ele>
        <time>2021-11-15T03:45:20.000Z</time>
        <extensions>
          <ns3:TrackPointExtension>
            <ns3:hr>124</ns3:hr>
          </ns3:TrackPointExtension>
        </extensions>
      </trkpt>
      <trkpt lat="32.06019968725740909576416015625" lon="118.72431940399110317230224609375">
        <ele>6.400000095367431640625</ele>
        <time>2021-11-15T03:45:21.000Z</time>
        <extensions>
          <ns3:TrackPointExtension/>
        </extensions>
      </trkpt>
      <trkpt lat="32.060237824916839599609375" lon="118.7243270315229892730712890625">
        <ele>6.400000095367431640625</ele>
        <time>2021-11-15T03:45:22.000Z</time>
        <extensions>
          <ns3:TrackPointExtension/>
        </extensions>
      </trkpt>
      <trkpt lat="32.06027981825172901153564453125" lon="118.72433465905487537384033203125">
        <ele>6.19999980926513671875</ele>
        <time>2021-11-15T03:45:23.000Z</time>
        <extensions>
          <ns3:TrackPointExtension/>
        </extensions>
      </trkpt>
      <trkpt lat="32.06032172776758670806884765625" lon="118.724342286586761474609375">
        <ele>6</ele>
        <time>2021-11-15T03:45:24.000Z</time>
        <extensions>
          <ns3:TrackPointExtension/>
        </extensions>
      </trkpt>
      <trkpt lat="32.0603637211024761199951171875" lon="118.72434991411864757537841796875">
        <ele>5.80000019073486328125</ele>
        <time>2021-11-15T03:45:25.000Z</time>
        <extensions>
          <ns3:TrackPointExtension>
            <ns3:hr>123</ns3:hr>
          </ns3:TrackPointExtension>
        </extensions>
      </trkpt>
      <trkpt lat="32.06040185876190662384033203125" lon="118.7243575416505336761474609375">
        <ele>5.599999904632568359375</ele>
        <time>2021-11-15T03:45:26.000Z</time>
        <extensions>
          <ns3:TrackPointExtension/>
        </extensions>
      </trkpt>
      <trkpt lat="32.0604438520967960357666015625" lon="118.72436516918241977691650390625">
        <ele>5.400000095367431640625</ele>
        <time>2021-11-15T03:45:27.000Z</time>
        <extensions>
          <ns3:TrackPointExtension/>
        </extensions>
      </trkpt>
      <trkpt lat="32.06048198975622653961181640625" lon="118.724372796714305877685546875">
        <ele>5.400000095367431640625</ele>
        <time>2021-11-15T03:45:28.000Z</time>
        <extensions>
          <ns3:TrackPointExtension/>
        </extensions>
      </trkpt>
      <trkpt lat="32.0605239830911159515380859375" lon="118.72438042424619197845458984375">
        <ele>5.400000095367431640625</ele>
        <time>2021-11-15T03:45:29.000Z</time>
        <extensions>
          <ns3:TrackPointExtension/>
        </extensions>
      </trkpt>
      <trkpt lat="32.06056212075054645538330078125" lon="118.7243880517780780792236328125">
        <ele>5.19999980926513671875</ele>
        <time>2021-11-15T03:45:30.000Z</time>
        <extensions>
          <ns3:TrackPointExtension>
            <ns3:hr>120</ns3:hr>
          </ns3:TrackPointExtension>
        </extensions>
      </trkpt>
      <trkpt lat="32.06060403026640415191650390625" lon="118.72439567930996417999267578125">
        <ele>5.19999980926513671875</ele>
        <time>2021-11-15T03:45:31.000Z</time>
        <extensions>
          <ns3:TrackPointExtension/>
        </extensions>
      </trkpt>
      <trkpt lat="32.0606460236012935638427734375" lon="118.72439567930996417999267578125">
        <ele>5.19999980926513671875</ele>
        <time>2021-11-15T03:45:32.000Z</time>
        <extensions>
          <ns3:TrackPointExtension/>
        </extensions>
      </trkpt>
      <trkpt lat="32.060680389404296875" lon="118.72440330684185028076171875">
        <ele>5.19999980926513671875</ele>
        <time>2021-11-15T03:45:33.000Z</time>
        <extensions>
          <ns3:TrackPointExtension/>
        </extensions>
      </trkpt>
      <trkpt lat="32.06071467138826847076416015625" lon="118.72441093437373638153076171875">
        <ele>5.400000095367431640625</ele>
        <time>2021-11-15T03:45:34.000Z</time>
        <extensions>
          <ns3:TrackPointExtension/>
        </extensions>
      </trkpt>
      <trkpt lat="32.06074903719127178192138671875" lon="118.72441093437373638153076171875">
        <ele>5.400000095367431640625</ele>
        <time>2021-11-15T03:45:35.000Z</time>
        <extensions>
          <ns3:TrackPointExtension>
            <ns3:hr>118</ns3:hr>
          </ns3:TrackPointExtension>
        </extensions>
      </trkpt>
      <trkpt lat="32.0607871748507022857666015625" lon="118.72441093437373638153076171875">
        <ele>5.599999904632568359375</ele>
        <time>2021-11-15T03:45:36.000Z</time>
        <extensions>
          <ns3:TrackPointExtension/>
        </extensions>
      </trkpt>
      <trkpt lat="32.06082145683467388153076171875" lon="118.72441093437373638153076171875">
        <ele>5.80000019073486328125</ele>
        <time>2021-11-15T03:45:37.000Z</time>
        <extensions>
          <ns3:TrackPointExtension/>
        </extensions>
      </trkpt>
      <trkpt lat="32.06085582263767719268798828125" lon="118.72441093437373638153076171875">
        <ele>5.80000019073486328125</ele>
        <time>2021-11-15T03:45:38.000Z</time>
        <extensions>
          <ns3:TrackPointExtension/>
        </extensions>
      </trkpt>
      <trkpt lat="32.06089018844068050384521484375" lon="118.7244185619056224822998046875">
        <ele>6</ele>
        <time>2021-11-15T03:45:39.000Z</time>
        <extensions>
          <ns3:TrackPointExtension/>
        </extensions>
      </trkpt>
      <trkpt lat="32.060924470424652099609375" lon="118.7244185619056224822998046875">
        <ele>6</ele>
        <time>2021-11-15T03:45:40.000Z</time>
        <extensions>
          <ns3:TrackPointExtension>
            <ns3:hr>113</ns3:hr>
          </ns3:TrackPointExtension>
        </extensions>
      </trkpt>
      <trkpt lat="32.06096260808408260345458984375" lon="118.7244185619056224822998046875">
        <ele>5.80000019073486328125</ele>
        <time>2021-11-15T03:45:41.000Z</time>
        <extensions>
          <ns3:TrackPointExtension/>
        </extensions>
      </trkpt>
      <trkpt lat="32.06099697388708591461181640625" lon="118.7244185619056224822998046875">
        <ele>5.80000019073486328125</ele>
        <time>2021-11-15T03:45:42.000Z</time>
        <extensions>
          <ns3:TrackPointExtension/>
        </extensions>
      </trkpt>
      <trkpt lat="32.06103133969008922576904296875" lon="118.72442618943750858306884765625">
        <ele>5.599999904632568359375</ele>
        <time>2021-11-15T03:45:43.000Z</time>
        <extensions>
          <ns3:TrackPointExtension/>
        </extensions>
      </trkpt>
      <trkpt lat="32.061065621674060821533203125" lon="118.72442618943750858306884765625">
        <ele>5.599999904632568359375</ele>
        <time>2021-11-15T03:45:44.000Z</time>
        <extensions>
          <ns3:TrackPointExtension/>
        </extensions>
      </trkpt>
      <trkpt lat="32.06110375933349132537841796875" lon="118.724433816969394683837890625">
        <ele>5.599999904632568359375</ele>
        <time>2021-11-15T03:45:45.000Z</time>
        <extensions>
          <ns3:TrackPointExtension>
            <ns3:hr>111</ns3:hr>
          </ns3:TrackPointExtension>
        </extensions>
      </trkpt>
      <trkpt lat="32.0611418969929218292236328125" lon="118.7244415283203125">
        <ele>5.599999904632568359375</ele>
        <time>2021-11-15T03:45:46.000Z</time>
        <extensions>
          <ns3:TrackPointExtension/>
        </extensions>
      </trkpt>
      <trkpt lat="32.061176262795925140380859375" lon="118.7244415283203125">
        <ele>5.400000095367431640625</ele>
        <time>2021-11-15T03:45:47.000Z</time>
        <extensions>
          <ns3:TrackPointExtension/>
        </extensions>
      </trkpt>
      <trkpt lat="32.06121440045535564422607421875" lon="118.72444915585219860076904296875">
        <ele>5.400000095367431640625</ele>
        <time>2021-11-15T03:45:48.000Z</time>
        <extensions>
          <ns3:TrackPointExtension/>
        </extensions>
      </trkpt>
      <trkpt lat="32.0612525381147861480712890625" lon="118.7244567833840847015380859375">
        <ele>5.80000019073486328125</ele>
        <time>2021-11-15T03:45:49.000Z</time>
        <extensions>
          <ns3:TrackPointExtension/>
        </extensions>
      </trkpt>
      <trkpt lat="32.06129067577421665191650390625" lon="118.7244567833840847015380859375">
        <ele>6</ele>
        <time>2021-11-15T03:45:50.000Z</time>
        <extensions>
          <ns3:TrackPointExtension>
            <ns3:hr>110</ns3:hr>
          </ns3:TrackPointExtension>
        </extensions>
      </trkpt>
      <trkpt lat="32.06132881343364715576171875" lon="118.72446441091597080230712890625">
        <ele>6</ele>
        <time>2021-11-15T03:45:51.000Z</time>
        <extensions>
          <ns3:TrackPointExtension/>
        </extensions>
      </trkpt>
      <trkpt lat="32.06137080676853656768798828125" lon="118.724472038447856903076171875">
        <ele>6.19999980926513671875</ele>
        <time>2021-11-15T03:45:52.000Z</time>
        <extensions>
          <ns3:TrackPointExtension/>
        </extensions>
      </trkpt>
      <trkpt lat="32.061408944427967071533203125" lon="118.724472038447856903076171875">
        <ele>6.400000095367431640625</ele>
        <time>2021-11-15T03:45:53.000Z</time>
        <extensions>
          <ns3:TrackPointExtension/>
        </extensions>
      </trkpt>
      <trkpt lat="32.06144708208739757537841796875" lon="118.72447966597974300384521484375">
        <ele>6.599999904632568359375</ele>
        <time>2021-11-15T03:45:54.000Z</time>
        <extensions>
          <ns3:TrackPointExtension/>
        </extensions>
      </trkpt>
      <trkpt lat="32.0614890754222869873046875" lon="118.72447966597974300384521484375">
        <ele>6.80000019073486328125</ele>
        <time>2021-11-15T03:45:55.000Z</time>
        <extensions>
          <ns3:TrackPointExtension>
            <ns3:hr>113</ns3:hr>
          </ns3:TrackPointExtension>
        </extensions>
      </trkpt>
      <trkpt lat="32.061530984938144683837890625" lon="118.7244872935116291046142578125">
        <ele>6.80000019073486328125</ele>
        <time>2021-11-15T03:45:56.000Z</time>
        <extensions>
          <ns3:TrackPointExtension/>
        </extensions>
      </trkpt>
      <trkpt lat="32.061569206416606903076171875" lon="118.7244872935116291046142578125">
        <ele>6.80000019073486328125</ele>
        <time>2021-11-15T03:45:57.000Z</time>
        <extensions>
          <ns3:TrackPointExtension/>
        </extensions>
      </trkpt>
      <trkpt lat="32.061611115932464599609375" lon="118.72449492104351520538330078125">
        <ele>7</ele>
        <time>2021-11-15T03:45:58.000Z</time>
        <extensions>
          <ns3:TrackPointExtension/>
        </extensions>
      </trkpt>
      <trkpt lat="32.06164925359189510345458984375" lon="118.72449492104351520538330078125">
        <ele>7</ele>
        <time>2021-11-15T03:45:59.000Z</time>
        <extensions>
          <ns3:TrackPointExtension/>
        </extensions>
      </trkpt>
      <trkpt lat="32.061691246926784515380859375" lon="118.72450254857540130615234375">
        <ele>7</ele>
        <time>2021-11-15T03:46:00.000Z</time>
        <extensions>
          <ns3:TrackPointExtension>
            <ns3:hr>113</ns3:hr>
          </ns3:TrackPointExtension>
        </extensions>
      </trkpt>
      <trkpt lat="32.06173324026167392730712890625" lon="118.72450254857540130615234375">
        <ele>7</ele>
        <time>2021-11-15T03:46:01.000Z</time>
        <extensions>
          <ns3:TrackPointExtension/>
        </extensions>
      </trkpt>
      <trkpt lat="32.06177514977753162384033203125" lon="118.72451017610728740692138671875">
        <ele>7</ele>
        <time>2021-11-15T03:46:02.000Z</time>
        <extensions>
          <ns3:TrackPointExtension/>
        </extensions>
      </trkpt>
      <trkpt lat="32.0618171431124210357666015625" lon="118.72451017610728740692138671875">
        <ele>7</ele>
        <time>2021-11-15T03:46:03.000Z</time>
        <extensions>
          <ns3:TrackPointExtension/>
        </extensions>
      </trkpt>
      <trkpt lat="32.0618590526282787322998046875" lon="118.72451017610728740692138671875">
        <ele>7</ele>
        <time>2021-11-15T03:46:04.000Z</time>
        <extensions>
          <ns3:TrackPointExtension/>
        </extensions>
      </trkpt>
      <trkpt lat="32.06190490163862705230712890625" lon="118.7245178036391735076904296875">
        <ele>7</ele>
        <time>2021-11-15T03:46:05.000Z</time>
        <extensions>
          <ns3:TrackPointExtension>
            <ns3:hr>114</ns3:hr>
          </ns3:TrackPointExtension>
        </extensions>
      </trkpt>
      <trkpt lat="32.06194681115448474884033203125" lon="118.7245178036391735076904296875">
        <ele>7</ele>
        <time>2021-11-15T03:46:06.000Z</time>
        <extensions>
          <ns3:TrackPointExtension/>
        </extensions>
      </trkpt>
      <trkpt lat="32.0619888044893741607666015625" lon="118.7245178036391735076904296875">
        <ele>7</ele>
        <time>2021-11-15T03:46:07.000Z</time>
        <extensions>
          <ns3:TrackPointExtension/>
        </extensions>
      </trkpt>
      <trkpt lat="32.062034569680690765380859375" lon="118.72452543117105960845947265625">
        <ele>7</ele>
        <time>2021-11-15T03:46:08.000Z</time>
        <extensions>
          <ns3:TrackPointExtension/>
        </extensions>
      </trkpt>
      <trkpt lat="32.06207270734012126922607421875" lon="118.72452543117105960845947265625">
        <ele>7</ele>
        <time>2021-11-15T03:46:09.000Z</time>
        <extensions>
          <ns3:TrackPointExtension/>
        </extensions>
      </trkpt>
      <trkpt lat="32.06211470067501068115234375" lon="118.72454068623483180999755859375">
        <ele>7</ele>
        <time>2021-11-15T03:46:10.000Z</time>
        <extensions>
          <ns3:TrackPointExtension>
            <ns3:hr>116</ns3:hr>
          </ns3:TrackPointExtension>
        </extensions>
      </trkpt>
      <trkpt lat="32.06215283833444118499755859375" lon="118.72455594129860401153564453125">
        <ele>7</ele>
        <time>2021-11-15T03:46:11.000Z</time>
        <extensions>
          <ns3:TrackPointExtension/>
        </extensions>
      </trkpt>
      <trkpt lat="32.06218712031841278076171875" lon="118.72457119636237621307373046875">
        <ele>7</ele>
        <time>2021-11-15T03:46:12.000Z</time>
        <extensions>
          <ns3:TrackPointExtension/>
        </extensions>
      </trkpt>
      <trkpt lat="32.062225341796875" lon="118.72458645142614841461181640625">
        <ele>7</ele>
        <time>2021-11-15T03:46:13.000Z</time>
        <extensions>
          <ns3:TrackPointExtension/>
        </extensions>
      </trkpt>
      <trkpt lat="32.06226347945630550384521484375" lon="118.7246093340218067169189453125">
        <ele>7</ele>
        <time>2021-11-15T03:46:14.000Z</time>
        <extensions>
          <ns3:TrackPointExtension/>
        </extensions>
      </trkpt>
      <trkpt lat="32.0623016171157360076904296875" lon="118.72462458908557891845703125">
        <ele>7</ele>
        <time>2021-11-15T03:46:15.000Z</time>
        <extensions>
          <ns3:TrackPointExtension>
            <ns3:hr>114</ns3:hr>
          </ns3:TrackPointExtension>
        </extensions>
      </trkpt>
      <trkpt lat="32.06233975477516651153564453125" lon="118.72464747168123722076416015625">
        <ele>7</ele>
        <time>2021-11-15T03:46:16.000Z</time>
        <extensions>
          <ns3:TrackPointExtension/>
        </extensions>
      </trkpt>
      <trkpt lat="32.062377892434597015380859375" lon="118.72466272674500942230224609375">
        <ele>7</ele>
        <time>2021-11-15T03:46:17.000Z</time>
        <extensions>
          <ns3:TrackPointExtension/>
        </extensions>
      </trkpt>
      <trkpt lat="32.06241988576948642730712890625" lon="118.72467798180878162384033203125">
        <ele>7.19999980926513671875</ele>
        <time>2021-11-15T03:46:18.000Z</time>
        <extensions>
          <ns3:TrackPointExtension/>
        </extensions>
      </trkpt>
      <trkpt lat="32.06246565096080303192138671875" lon="118.7247008644044399261474609375">
        <ele>7.400000095367431640625</ele>
        <time>2021-11-15T03:46:19.000Z</time>
        <extensions>
          <ns3:TrackPointExtension/>
        </extensions>
      </trkpt>
      <trkpt lat="32.06251141615211963653564453125" lon="118.724716119468212127685546875">
        <ele>7.400000095367431640625</ele>
        <time>2021-11-15T03:46:20.000Z</time>
        <extensions>
          <ns3:TrackPointExtension>
            <ns3:hr>113</ns3:hr>
          </ns3:TrackPointExtension>
        </extensions>
      </trkpt>
      <trkpt lat="32.062560953199863433837890625" lon="118.72472374700009822845458984375">
        <ele>7.599999904632568359375</ele>
        <time>2021-11-15T03:46:21.000Z</time>
        <extensions>
          <ns3:TrackPointExtension/>
        </extensions>
      </trkpt>
      <trkpt lat="32.0626144297420978546142578125" lon="118.7247313745319843292236328125">
        <ele>7.80000019073486328125</ele>
        <time>2021-11-15T03:46:22.000Z</time>
        <extensions>
          <ns3:TrackPointExtension/>
        </extensions>
      </trkpt>
      <trkpt lat="32.062671594321727752685546875" lon="118.72473900206387042999267578125">
        <ele>7.80000019073486328125</ele>
        <time>2021-11-15T03:46:23.000Z</time>
        <extensions>
          <ns3:TrackPointExtension/>
        </extensions>
      </trkpt>
      <trkpt lat="32.06272498704493045806884765625" lon="118.72473900206387042999267578125">
        <ele>7.80000019073486328125</ele>
        <time>2021-11-15T03:46:24.000Z</time>
        <extensions>
          <ns3:TrackPointExtension/>
        </extensions>
      </trkpt>
      <trkpt lat="32.062782235443592071533203125" lon="118.72473900206387042999267578125">
        <ele>7.80000019073486328125</ele>
        <time>2021-11-15T03:46:25.000Z</time>
        <extensions>
          <ns3:TrackPointExtension>
            <ns3:hr>112</ns3:hr>
          </ns3:TrackPointExtension>
        </extensions>
      </trkpt>
      <trkpt lat="32.06283562816679477691650390625" lon="118.72474662959575653076171875">
        <ele>7.80000019073486328125</ele>
        <time>2021-11-15T03:46:26.000Z</time>
        <extensions>
          <ns3:TrackPointExtension/>
        </extensions>
      </trkpt>
      <trkpt lat="32.0628890208899974822998046875" lon="118.72474662959575653076171875">
        <ele>7.80000019073486328125</ele>
        <time>2021-11-15T03:46:27.000Z</time>
        <extensions>
          <ns3:TrackPointExtension/>
        </extensions>
      </trkpt>
      <trkpt lat="32.06294626928865909576416015625" lon="118.72475425712764263153076171875">
        <ele>8</ele>
        <time>2021-11-15T03:46:28.000Z</time>
        <extensions>
          <ns3:TrackPointExtension/>
        </extensions>
      </trkpt>
      <trkpt lat="32.0629996620118618011474609375" lon="118.72475425712764263153076171875">
        <ele>8.19999980926513671875</ele>
        <time>2021-11-15T03:46:29.000Z</time>
        <extensions>
          <ns3:TrackPointExtension/>
        </extensions>
      </trkpt>
      <trkpt lat="32.06305305473506450653076171875" lon="118.72475425712764263153076171875">
        <ele>8.3999996185302734375</ele>
        <time>2021-11-15T03:46:30.000Z</time>
        <extensions>
          <ns3:TrackPointExtension>
            <ns3:hr>113</ns3:hr>
          </ns3:TrackPointExtension>
        </extensions>
      </trkpt>
      <trkpt lat="32.06310653127729892730712890625" lon="118.72475425712764263153076171875">
        <ele>8.6000003814697265625</ele>
        <time>2021-11-15T03:46:31.000Z</time>
        <extensions>
          <ns3:TrackPointExtension/>
        </extensions>
      </trkpt>
      <trkpt lat="32.0631599240005016326904296875" lon="118.7247618846595287322998046875">
        <ele>8.80000019073486328125</ele>
        <time>2021-11-15T03:46:32.000Z</time>
        <extensions>
          <ns3:TrackPointExtension/>
        </extensions>
      </trkpt>
      <trkpt lat="32.06320946104824542999267578125" lon="118.7247618846595287322998046875">
        <ele>8.80000019073486328125</ele>
        <time>2021-11-15T03:46:33.000Z</time>
        <extensions>
          <ns3:TrackPointExtension/>
        </extensions>
      </trkpt>
      <trkpt lat="32.06325908191502094268798828125" lon="118.7247618846595287322998046875">
        <ele>8.80000019073486328125</ele>
        <time>2021-11-15T03:46:34.000Z</time>
        <extensions>
          <ns3:TrackPointExtension/>
        </extensions>
      </trkpt>
      <trkpt lat="32.0633124746382236480712890625" lon="118.7247618846595287322998046875">
        <ele>8.80000019073486328125</ele>
        <time>2021-11-15T03:46:35.000Z</time>
        <extensions>
          <ns3:TrackPointExtension>
            <ns3:hr>114</ns3:hr>
          </ns3:TrackPointExtension>
        </extensions>
      </trkpt>
      <trkpt lat="32.0633620955049991607666015625" lon="118.72476951219141483306884765625">
        <ele>8.80000019073486328125</ele>
        <time>2021-11-15T03:46:36.000Z</time>
        <extensions>
          <ns3:TrackPointExtension/>
        </extensions>
      </trkpt>
      <trkpt lat="32.063407860696315765380859375" lon="118.72476951219141483306884765625">
        <ele>8.80000019073486328125</ele>
        <time>2021-11-15T03:46:37.000Z</time>
        <extensions>
          <ns3:TrackPointExtension/>
        </extensions>
      </trkpt>
      <trkpt lat="32.063457481563091278076171875" lon="118.72476951219141483306884765625">
        <ele>8.80000019073486328125</ele>
        <time>2021-11-15T03:46:38.000Z</time>
        <extensions>
          <ns3:TrackPointExtension/>
        </extensions>
      </trkpt>
      <trkpt lat="32.0635032467544078826904296875" lon="118.724777139723300933837890625">
        <ele>8.80000019073486328125</ele>
        <time>2021-11-15T03:46:39.000Z</time>
        <extensions>
          <ns3:TrackPointExtension/>
        </extensions>
      </trkpt>
      <trkpt lat="32.0635490119457244873046875" lon="118.724777139723300933837890625">
        <ele>8.80000019073486328125</ele>
        <time>2021-11-15T03:46:40.000Z</time>
        <extensions>
          <ns3:TrackPointExtension>
            <ns3:hr>119</ns3:hr>
          </ns3:TrackPointExtension>
        </extensions>
      </trkpt>
      <trkpt lat="32.0635986328125" lon="118.72478485107421875">
        <ele>8.6000003814697265625</ele>
        <time>2021-11-15T03:46:41.000Z</time>
        <extensions>
          <ns3:TrackPointExtension/>
        </extensions>
      </trkpt>
      <trkpt lat="32.0636443980038166046142578125" lon="118.72478485107421875">
        <ele>8.3999996185302734375</ele>
        <time>2021-11-15T03:46:42.000Z</time>
        <extensions>
          <ns3:TrackPointExtension/>
        </extensions>
      </trkpt>
      <trkpt lat="32.0636863075196743011474609375" lon="118.72479247860610485076904296875">
        <ele>8.3999996185302734375</ele>
        <time>2021-11-15T03:46:43.000Z</time>
        <extensions>
          <ns3:TrackPointExtension/>
        </extensions>
      </trkpt>
      <trkpt lat="32.06373207271099090576171875" lon="118.72479247860610485076904296875">
        <ele>8.19999980926513671875</ele>
        <time>2021-11-15T03:46:44.000Z</time>
        <extensions>
          <ns3:TrackPointExtension/>
        </extensions>
      </trkpt>
      <trkpt lat="32.06377792172133922576904296875" lon="118.7248001061379909515380859375">
        <ele>8</ele>
        <time>2021-11-15T03:46:45.000Z</time>
        <extensions>
          <ns3:TrackPointExtension>
            <ns3:hr>117</ns3:hr>
          </ns3:TrackPointExtension>
        </extensions>
      </trkpt>
      <trkpt lat="32.06382368691265583038330078125" lon="118.72480773366987705230712890625">
        <ele>8</ele>
        <time>2021-11-15T03:46:46.000Z</time>
        <extensions>
          <ns3:TrackPointExtension/>
        </extensions>
      </trkpt>
      <trkpt lat="32.06386559642851352691650390625" lon="118.72480773366987705230712890625">
        <ele>8</ele>
        <time>2021-11-15T03:46:47.000Z</time>
        <extensions>
          <ns3:TrackPointExtension/>
        </extensions>
      </trkpt>
      <trkpt lat="32.06391136161983013153076171875" lon="118.724815361201763153076171875">
        <ele>8.19999980926513671875</ele>
        <time>2021-11-15T03:46:48.000Z</time>
        <extensions>
          <ns3:TrackPointExtension/>
        </extensions>
      </trkpt>
      <trkpt lat="32.06395335495471954345703125" lon="118.72482298873364925384521484375">
        <ele>8.19999980926513671875</ele>
        <time>2021-11-15T03:46:49.000Z</time>
        <extensions>
          <ns3:TrackPointExtension/>
        </extensions>
      </trkpt>
      <trkpt lat="32.0639991201460361480712890625" lon="118.7248306162655353546142578125">
        <ele>8.19999980926513671875</ele>
        <time>2021-11-15T03:46:50.000Z</time>
        <extensions>
          <ns3:TrackPointExtension>
            <ns3:hr>117</ns3:hr>
          </ns3:TrackPointExtension>
        </extensions>
      </trkpt>
      <trkpt lat="32.06404111348092555999755859375" lon="118.72483824379742145538330078125">
        <ele>8.19999980926513671875</ele>
        <time>2021-11-15T03:46:51.000Z</time>
        <extensions>
          <ns3:TrackPointExtension/>
        </extensions>
      </trkpt>
      <trkpt lat="32.06408302299678325653076171875" lon="118.72484587132930755615234375">
        <ele>8</ele>
        <time>2021-11-15T03:46:52.000Z</time>
        <extensions>
          <ns3:TrackPointExtension/>
        </extensions>
      </trkpt>
      <trkpt lat="32.0641288720071315765380859375" lon="118.72484587132930755615234375">
        <ele>8</ele>
        <time>2021-11-15T03:46:53.000Z</time>
        <extensions>
          <ns3:TrackPointExtension/>
        </extensions>
      </trkpt>
      <trkpt lat="32.0641707815229892730712890625" lon="118.7248611263930797576904296875">
        <ele>7.80000019073486328125</ele>
        <time>2021-11-15T03:46:54.000Z</time>
        <extensions>
          <ns3:TrackPointExtension/>
        </extensions>
      </trkpt>
      <trkpt lat="32.06421277485787868499755859375" lon="118.7248611263930797576904296875">
        <ele>7.599999904632568359375</ele>
        <time>2021-11-15T03:46:55.000Z</time>
        <extensions>
          <ns3:TrackPointExtension>
            <ns3:hr>122</ns3:hr>
          </ns3:TrackPointExtension>
        </extensions>
      </trkpt>
      <trkpt lat="32.06425468437373638153076171875" lon="118.72486875392496585845947265625">
        <ele>7.599999904632568359375</ele>
        <time>2021-11-15T03:46:56.000Z</time>
        <extensions>
          <ns3:TrackPointExtension/>
        </extensions>
      </trkpt>
      <trkpt lat="32.06429667770862579345703125" lon="118.724876381456851959228515625">
        <ele>7.400000095367431640625</ele>
        <time>2021-11-15T03:46:57.000Z</time>
        <extensions>
          <ns3:TrackPointExtension/>
        </extensions>
      </trkpt>
      <trkpt lat="32.0643424428999423980712890625" lon="118.72488400898873805999755859375">
        <ele>7.400000095367431640625</ele>
        <time>2021-11-15T03:46:58.000Z</time>
        <extensions>
          <ns3:TrackPointExtension/>
        </extensions>
      </trkpt>
      <trkpt lat="32.06438443623483180999755859375" lon="118.7248916365206241607666015625">
        <ele>7.400000095367431640625</ele>
        <time>2021-11-15T03:46:59.000Z</time>
        <extensions>
          <ns3:TrackPointExtension/>
        </extensions>
      </trkpt>
      <trkpt lat="32.06442634575068950653076171875" lon="118.7248916365206241607666015625">
        <ele>7.400000095367431640625</ele>
        <time>2021-11-15T03:47:00.000Z</time>
        <extensions>
          <ns3:TrackPointExtension>
            <ns3:hr>127</ns3:hr>
          </ns3:TrackPointExtension>
        </extensions>
      </trkpt>
      <trkpt lat="32.06446833908557891845703125" lon="118.72489926405251026153564453125">
        <ele>7.400000095367431640625</ele>
        <time>2021-11-15T03:47:01.000Z</time>
        <extensions>
          <ns3:TrackPointExtension/>
        </extensions>
      </trkpt>
      <trkpt lat="32.06451033242046833038330078125" lon="118.7249068915843963623046875">
        <ele>7.400000095367431640625</ele>
        <time>2021-11-15T03:47:02.000Z</time>
        <extensions>
          <ns3:TrackPointExtension/>
        </extensions>
      </trkpt>
      <trkpt lat="32.06455224193632602691650390625" lon="118.7249068915843963623046875">
        <ele>7.400000095367431640625</ele>
        <time>2021-11-15T03:47:03.000Z</time>
        <extensions>
          <ns3:TrackPointExtension/>
        </extensions>
      </trkpt>
      <trkpt lat="32.06459037959575653076171875" lon="118.7249068915843963623046875">
        <ele>7.400000095367431640625</ele>
        <time>2021-11-15T03:47:04.000Z</time>
        <extensions>
          <ns3:TrackPointExtension/>
        </extensions>
      </trkpt>
      <trkpt lat="32.06463237293064594268798828125" lon="118.72491451911628246307373046875">
        <ele>7.599999904632568359375</ele>
        <time>2021-11-15T03:47:05.000Z</time>
        <extensions>
          <ns3:TrackPointExtension>
            <ns3:hr>125</ns3:hr>
          </ns3:TrackPointExtension>
        </extensions>
      </trkpt>
      <trkpt lat="32.0646743662655353546142578125" lon="118.72491451911628246307373046875">
        <ele>7.80000019073486328125</ele>
        <time>2021-11-15T03:47:06.000Z</time>
        <extensions>
          <ns3:TrackPointExtension/>
        </extensions>
      </trkpt>
      <trkpt lat="32.06471250392496585845947265625" lon="118.72491451911628246307373046875">
        <ele>7.80000019073486328125</ele>
        <time>2021-11-15T03:47:07.000Z</time>
        <extensions>
          <ns3:TrackPointExtension/>
        </extensions>
      </trkpt>
      <trkpt lat="32.06475441344082355499267578125" lon="118.7249221466481685638427734375">
        <ele>8.19999980926513671875</ele>
        <time>2021-11-15T03:47:08.000Z</time>
        <extensions>
          <ns3:TrackPointExtension/>
        </extensions>
      </trkpt>
      <trkpt lat="32.064792551100254058837890625" lon="118.7249221466481685638427734375">
        <ele>8.3999996185302734375</ele>
        <time>2021-11-15T03:47:09.000Z</time>
        <extensions>
          <ns3:TrackPointExtension/>
        </extensions>
      </trkpt>
      <trkpt lat="32.06483454443514347076416015625" lon="118.7249221466481685638427734375">
        <ele>8.6000003814697265625</ele>
        <time>2021-11-15T03:47:11.000Z</time>
        <extensions>
          <ns3:TrackPointExtension/>
        </extensions>
      </trkpt>
      <trkpt lat="32.0648765377700328826904296875" lon="118.7249221466481685638427734375">
        <ele>9</ele>
        <time>2021-11-15T03:47:12.000Z</time>
        <extensions>
          <ns3:TrackPointExtension/>
        </extensions>
      </trkpt>
      <trkpt lat="32.06491467542946338653564453125" lon="118.72492977418005466461181640625">
        <ele>9.19999980926513671875</ele>
        <time>2021-11-15T03:47:13.000Z</time>
        <extensions>
          <ns3:TrackPointExtension/>
        </extensions>
      </trkpt>
      <trkpt lat="32.06495658494532108306884765625" lon="118.72492977418005466461181640625">
        <ele>9.19999980926513671875</ele>
        <time>2021-11-15T03:47:14.000Z</time>
        <extensions>
          <ns3:TrackPointExtension/>
        </extensions>
      </trkpt>
      <trkpt lat="32.0649985782802104949951171875" lon="118.72492977418005466461181640625">
        <ele>9.3999996185302734375</ele>
        <time>2021-11-15T03:47:15.000Z</time>
        <extensions>
          <ns3:TrackPointExtension>
            <ns3:hr>127</ns3:hr>
          </ns3:TrackPointExtension>
        </extensions>
      </trkpt>
      <trkpt lat="32.06504057161509990692138671875" lon="118.72492977418005466461181640625">
        <ele>9.6000003814697265625</ele>
        <time>2021-11-15T03:47:16.000Z</time>
        <extensions>
          <ns3:TrackPointExtension/>
        </extensions>
      </trkpt>
      <trkpt lat="32.06508248113095760345458984375" lon="118.72492977418005466461181640625">
        <ele>9.80000019073486328125</ele>
        <time>2021-11-15T03:47:17.000Z</time>
        <extensions>
          <ns3:TrackPointExtension/>
        </extensions>
      </trkpt>
      <trkpt lat="32.065124474465847015380859375" lon="118.724937401711940765380859375">
        <ele>9.80000019073486328125</ele>
        <time>2021-11-15T03:47:18.000Z</time>
        <extensions>
          <ns3:TrackPointExtension/>
        </extensions>
      </trkpt>
      <trkpt lat="32.06516646780073642730712890625" lon="118.724937401711940765380859375">
        <ele>10</ele>
        <time>2021-11-15T03:47:19.000Z</time>
        <extensions>
          <ns3:TrackPointExtension/>
        </extensions>
      </trkpt>
      <trkpt lat="32.06520837731659412384033203125" lon="118.724937401711940765380859375">
        <ele>10.19999980926513671875</ele>
        <time>2021-11-15T03:47:20.000Z</time>
        <extensions>
          <ns3:TrackPointExtension>
            <ns3:hr>127</ns3:hr>
          </ns3:TrackPointExtension>
        </extensions>
      </trkpt>
      <trkpt lat="32.06525414250791072845458984375" lon="118.724937401711940765380859375">
        <ele>10.3999996185302734375</ele>
        <time>2021-11-15T03:47:21.000Z</time>
        <extensions>
          <ns3:TrackPointExtension/>
        </extensions>
      </trkpt>
      <trkpt lat="32.065296135842800140380859375" lon="118.724937401711940765380859375">
        <ele>10.6000003814697265625</ele>
        <time>2021-11-15T03:47:22.000Z</time>
        <extensions>
          <ns3:TrackPointExtension/>
        </extensions>
      </trkpt>
      <trkpt lat="32.06533812917768955230712890625" lon="118.724937401711940765380859375">
        <ele>10.6000003814697265625</ele>
        <time>2021-11-15T03:47:23.000Z</time>
        <extensions>
          <ns3:TrackPointExtension/>
        </extensions>
      </trkpt>
      <trkpt lat="32.06538389436900615692138671875" lon="118.724937401711940765380859375">
        <ele>10.80000019073486328125</ele>
        <time>2021-11-15T03:47:24.000Z</time>
        <extensions>
          <ns3:TrackPointExtension/>
        </extensions>
      </trkpt>
      <trkpt lat="32.06542580388486385345458984375" lon="118.724937401711940765380859375">
        <ele>11</ele>
        <time>2021-11-15T03:47:25.000Z</time>
        <extensions>
          <ns3:TrackPointExtension>
            <ns3:hr>124</ns3:hr>
          </ns3:TrackPointExtension>
        </extensions>
      </trkpt>
      <trkpt lat="32.06547156907618045806884765625" lon="118.724937401711940765380859375">
        <ele>10.80000019073486328125</ele>
        <time>2021-11-15T03:47:26.000Z</time>
        <extensions>
          <ns3:TrackPointExtension/>
        </extensions>
      </trkpt>
      <trkpt lat="32.0655135624110698699951171875" lon="118.724937401711940765380859375">
        <ele>10.80000019073486328125</ele>
        <time>2021-11-15T03:47:27.000Z</time>
        <extensions>
          <ns3:TrackPointExtension/>
        </extensions>
      </trkpt>
      <trkpt lat="32.065559327602386474609375" lon="118.724937401711940765380859375">
        <ele>10.6000003814697265625</ele>
        <time>2021-11-15T03:47:28.000Z</time>
        <extensions>
          <ns3:TrackPointExtension/>
        </extensions>
      </trkpt>
      <trkpt lat="32.06560132093727588653564453125" lon="118.724937401711940765380859375">
        <ele>10.3999996185302734375</ele>
        <time>2021-11-15T03:47:29.000Z</time>
        <extensions>
          <ns3:TrackPointExtension/>
        </extensions>
      </trkpt>
      <trkpt lat="32.06564708612859249114990234375" lon="118.724937401711940765380859375">
        <ele>10.19999980926513671875</ele>
        <time>2021-11-15T03:47:30.000Z</time>
        <extensions>
          <ns3:TrackPointExtension>
            <ns3:hr>122</ns3:hr>
          </ns3:TrackPointExtension>
        </extensions>
      </trkpt>
      <trkpt lat="32.06569285131990909576416015625" lon="118.724937401711940765380859375">
        <ele>10</ele>
        <time>2021-11-15T03:47:31.000Z</time>
        <extensions>
          <ns3:TrackPointExtension/>
        </extensions>
      </trkpt>
      <trkpt lat="32.06573861651122570037841796875" lon="118.72492977418005466461181640625">
        <ele>10</ele>
        <time>2021-11-15T03:47:32.000Z</time>
        <extensions>
          <ns3:TrackPointExtension/>
        </extensions>
      </trkpt>
      <trkpt lat="32.06578438170254230499267578125" lon="118.72492977418005466461181640625">
        <ele>9.80000019073486328125</ele>
        <time>2021-11-15T03:47:33.000Z</time>
        <extensions>
          <ns3:TrackPointExtension/>
        </extensions>
      </trkpt>
      <trkpt lat="32.065830230712890625" lon="118.7249221466481685638427734375">
        <ele>9.6000003814697265625</ele>
        <time>2021-11-15T03:47:34.000Z</time>
        <extensions>
          <ns3:TrackPointExtension/>
        </extensions>
      </trkpt>
      <trkpt lat="32.0658759959042072296142578125" lon="118.7249221466481685638427734375">
        <ele>9.3999996185302734375</ele>
        <time>2021-11-15T03:47:35.000Z</time>
        <extensions>
          <ns3:TrackPointExtension>
            <ns3:hr>121</ns3:hr>
          </ns3:TrackPointExtension>
        </extensions>
      </trkpt>
      <trkpt lat="32.06592553295195102691650390625" lon="118.72491451911628246307373046875">
        <ele>9.19999980926513671875</ele>
        <time>2021-11-15T03:47:36.000Z</time>
        <extensions>
          <ns3:TrackPointExtension/>
        </extensions>
      </trkpt>
      <trkpt lat="32.06597515381872653961181640625" lon="118.72491451911628246307373046875">
        <ele>9</ele>
        <time>2021-11-15T03:47:37.000Z</time>
        <extensions>
          <ns3:TrackPointExtension/>
        </extensions>
      </trkpt>
      <trkpt lat="32.06602477468550205230712890625" lon="118.7249068915843963623046875">
        <ele>9.19999980926513671875</ele>
        <time>2021-11-15T03:47:38.000Z</time>
        <extensions>
          <ns3:TrackPointExtension/>
        </extensions>
      </trkpt>
      <trkpt lat="32.06607053987681865692138671875" lon="118.7249068915843963623046875">
        <ele>9.6000003814697265625</ele>
        <time>2021-11-15T03:47:39.000Z</time>
        <extensions>
          <ns3:TrackPointExtension/>
        </extensions>
      </trkpt>
      <trkpt lat="32.0661200769245624542236328125" lon="118.72489926405251026153564453125">
        <ele>9.80000019073486328125</ele>
        <time>2021-11-15T03:47:40.000Z</time>
        <extensions>
          <ns3:TrackPointExtension>
            <ns3:hr>119</ns3:hr>
          </ns3:TrackPointExtension>
        </extensions>
      </trkpt>
      <trkpt lat="32.0661696977913379669189453125" lon="118.7248916365206241607666015625">
        <ele>10</ele>
        <time>2021-11-15T03:47:41.000Z</time>
        <extensions>
          <ns3:TrackPointExtension/>
        </extensions>
      </trkpt>
      <trkpt lat="32.066215462982654571533203125" lon="118.7248916365206241607666015625">
        <ele>10.19999980926513671875</ele>
        <time>2021-11-15T03:47:42.000Z</time>
        <extensions>
          <ns3:TrackPointExtension/>
        </extensions>
      </trkpt>
      <trkpt lat="32.066265083849430084228515625" lon="118.7248916365206241607666015625">
        <ele>10.3999996185302734375</ele>
        <time>2021-11-15T03:47:43.000Z</time>
        <extensions>
          <ns3:TrackPointExtension/>
        </extensions>
      </trkpt>
      <trkpt lat="32.06631462089717388153076171875" lon="118.72488400898873805999755859375">
        <ele>10.19999980926513671875</ele>
        <time>2021-11-15T03:47:44.000Z</time>
        <extensions>
          <ns3:TrackPointExtension/>
        </extensions>
      </trkpt>
      <trkpt lat="32.06636424176394939422607421875" lon="118.72488400898873805999755859375">
        <ele>10</ele>
        <time>2021-11-15T03:47:45.000Z</time>
        <extensions>
          <ns3:TrackPointExtension>
            <ns3:hr>118</ns3:hr>
          </ns3:TrackPointExtension>
        </extensions>
      </trkpt>
      <trkpt lat="32.06641386263072490692138671875" lon="118.72488400898873805999755859375">
        <ele>9.80000019073486328125</ele>
        <time>2021-11-15T03:47:46.000Z</time>
        <extensions>
          <ns3:TrackPointExtension/>
        </extensions>
      </trkpt>
      <trkpt lat="32.06645962782204151153564453125" lon="118.7248916365206241607666015625">
        <ele>9.6000003814697265625</ele>
        <time>2021-11-15T03:47:47.000Z</time>
        <extensions>
          <ns3:TrackPointExtension/>
        </extensions>
      </trkpt>
      <trkpt lat="32.06650539301335811614990234375" lon="118.7248916365206241607666015625">
        <ele>9.6000003814697265625</ele>
        <time>2021-11-15T03:47:48.000Z</time>
        <extensions>
          <ns3:TrackPointExtension/>
        </extensions>
      </trkpt>
      <trkpt lat="32.06655115820467472076416015625" lon="118.7248916365206241607666015625">
        <ele>9.3999996185302734375</ele>
        <time>2021-11-15T03:47:49.000Z</time>
        <extensions>
          <ns3:TrackPointExtension/>
        </extensions>
      </trkpt>
      <trkpt lat="32.06659692339599132537841796875" lon="118.72489926405251026153564453125">
        <ele>9.3999996185302734375</ele>
        <time>2021-11-15T03:47:50.000Z</time>
        <extensions>
          <ns3:TrackPointExtension>
            <ns3:hr>119</ns3:hr>
          </ns3:TrackPointExtension>
        </extensions>
      </trkpt>
      <trkpt lat="32.06664268858730792999267578125" lon="118.72489926405251026153564453125">
        <ele>9.3999996185302734375</ele>
        <time>2021-11-15T03:47:51.000Z</time>
        <extensions>
          <ns3:TrackPointExtension/>
        </extensions>
      </trkpt>
      <trkpt lat="32.06669230945408344268798828125" lon="118.7249068915843963623046875">
        <ele>9.3999996185302734375</ele>
        <time>2021-11-15T03:47:52.000Z</time>
        <extensions>
          <ns3:TrackPointExtension/>
        </extensions>
      </trkpt>
      <trkpt lat="32.06674193032085895538330078125" lon="118.7249068915843963623046875">
        <ele>9.3999996185302734375</ele>
        <time>2021-11-15T03:47:53.000Z</time>
        <extensions>
          <ns3:TrackPointExtension/>
        </extensions>
      </trkpt>
      <trkpt lat="32.06678769551217555999755859375" lon="118.72491451911628246307373046875">
        <ele>9.3999996185302734375</ele>
        <time>2021-11-15T03:47:54.000Z</time>
        <extensions>
          <ns3:TrackPointExtension/>
        </extensions>
      </trkpt>
      <trkpt lat="32.066841088235378265380859375" lon="118.7249221466481685638427734375">
        <ele>9.3999996185302734375</ele>
        <time>2021-11-15T03:47:55.000Z</time>
        <extensions>
          <ns3:TrackPointExtension>
            <ns3:hr>120</ns3:hr>
          </ns3:TrackPointExtension>
        </extensions>
      </trkpt>
      <trkpt lat="32.066890709102153778076171875" lon="118.72492977418005466461181640625">
        <ele>9.19999980926513671875</ele>
        <time>2021-11-15T03:47:56.000Z</time>
        <extensions>
          <ns3:TrackPointExtension/>
        </extensions>
      </trkpt>
      <trkpt lat="32.06694024614989757537841796875" lon="118.72492977418005466461181640625">
        <ele>9.19999980926513671875</ele>
        <time>2021-11-15T03:47:57.000Z</time>
        <extensions>
          <ns3:TrackPointExtension/>
        </extensions>
      </trkpt>
      <trkpt lat="32.06699363887310028076171875" lon="118.724937401711940765380859375">
        <ele>9</ele>
        <time>2021-11-15T03:47:58.000Z</time>
        <extensions>
          <ns3:TrackPointExtension/>
        </extensions>
      </trkpt>
      <trkpt lat="32.06704325973987579345703125" lon="118.724937401711940765380859375">
        <ele>9</ele>
        <time>2021-11-15T03:47:59.000Z</time>
        <extensions>
          <ns3:TrackPointExtension/>
        </extensions>
      </trkpt>
      <trkpt lat="32.06709665246307849884033203125" lon="118.72494502924382686614990234375">
        <ele>9</ele>
        <time>2021-11-15T03:48:00.000Z</time>
        <extensions>
          <ns3:TrackPointExtension>
            <ns3:hr>123</ns3:hr>
          </ns3:TrackPointExtension>
        </extensions>
      </trkpt>
      <trkpt lat="32.0671500451862812042236328125" lon="118.72494502924382686614990234375">
        <ele>9</ele>
        <time>2021-11-15T03:48:01.000Z</time>
        <extensions>
          <ns3:TrackPointExtension/>
        </extensions>
      </trkpt>
      <trkpt lat="32.0671996660530567169189453125" lon="118.72494502924382686614990234375">
        <ele>9</ele>
        <time>2021-11-15T03:48:02.000Z</time>
        <extensions>
          <ns3:TrackPointExtension/>
        </extensions>
      </trkpt>
      <trkpt lat="32.06725305877625942230224609375" lon="118.72494502924382686614990234375">
        <ele>9</ele>
        <time>2021-11-15T03:48:03.000Z</time>
        <extensions>
          <ns3:TrackPointExtension/>
        </extensions>
      </trkpt>
      <trkpt lat="32.06730267964303493499755859375" lon="118.72494502924382686614990234375">
        <ele>8.80000019073486328125</ele>
        <time>2021-11-15T03:48:04.000Z</time>
        <extensions>
          <ns3:TrackPointExtension/>
        </extensions>
      </trkpt>
      <trkpt lat="32.067356072366237640380859375" lon="118.72494502924382686614990234375">
        <ele>8.6000003814697265625</ele>
        <time>2021-11-15T03:48:05.000Z</time>
        <extensions>
          <ns3:TrackPointExtension>
            <ns3:hr>123</ns3:hr>
          </ns3:TrackPointExtension>
        </extensions>
      </trkpt>
      <trkpt lat="32.067405693233013153076171875" lon="118.72494502924382686614990234375">
        <ele>8.6000003814697265625</ele>
        <time>2021-11-15T03:48:06.000Z</time>
        <extensions>
          <ns3:TrackPointExtension/>
        </extensions>
      </trkpt>
      <trkpt lat="32.06745908595621585845947265625" lon="118.72494502924382686614990234375">
        <ele>8.6000003814697265625</ele>
        <time>2021-11-15T03:48:07.000Z</time>
        <extensions>
          <ns3:TrackPointExtension/>
        </extensions>
      </trkpt>
      <trkpt lat="32.06750862300395965576171875" lon="118.724937401711940765380859375">
        <ele>8.6000003814697265625</ele>
        <time>2021-11-15T03:48:08.000Z</time>
        <extensions>
          <ns3:TrackPointExtension/>
        </extensions>
      </trkpt>
      <trkpt lat="32.06755824387073516845703125" lon="118.724937401711940765380859375">
        <ele>8.6000003814697265625</ele>
        <time>2021-11-15T03:48:09.000Z</time>
        <extensions>
          <ns3:TrackPointExtension/>
        </extensions>
      </trkpt>
      <trkpt lat="32.06761163659393787384033203125" lon="118.724937401711940765380859375">
        <ele>8.6000003814697265625</ele>
        <time>2021-11-15T03:48:10.000Z</time>
        <extensions>
          <ns3:TrackPointExtension>
            <ns3:hr>123</ns3:hr>
          </ns3:TrackPointExtension>
        </extensions>
      </trkpt>
      <trkpt lat="32.06766125746071338653564453125" lon="118.724937401711940765380859375">
        <ele>8.6000003814697265625</ele>
        <time>2021-11-15T03:48:11.000Z</time>
        <extensions>
          <ns3:TrackPointExtension/>
        </extensions>
      </trkpt>
      <trkpt lat="32.067710794508457183837890625" lon="118.72494502924382686614990234375">
        <ele>8.6000003814697265625</ele>
        <time>2021-11-15T03:48:12.000Z</time>
        <extensions>
          <ns3:TrackPointExtension/>
        </extensions>
      </trkpt>
      <trkpt lat="32.0677642710506916046142578125" lon="118.7249526567757129669189453125">
        <ele>8.6000003814697265625</ele>
        <time>2021-11-15T03:48:13.000Z</time>
        <extensions>
          <ns3:TrackPointExtension/>
        </extensions>
      </trkpt>
      <trkpt lat="32.06781380809843540191650390625" lon="118.7249526567757129669189453125">
        <ele>8.6000003814697265625</ele>
        <time>2021-11-15T03:48:14.000Z</time>
        <extensions>
          <ns3:TrackPointExtension/>
        </extensions>
      </trkpt>
      <trkpt lat="32.0678672008216381072998046875" lon="118.72496791183948516845703125">
        <ele>8.6000003814697265625</ele>
        <time>2021-11-15T03:48:15.000Z</time>
        <extensions>
          <ns3:TrackPointExtension>
            <ns3:hr>123</ns3:hr>
          </ns3:TrackPointExtension>
        </extensions>
      </trkpt>
      <trkpt lat="32.0679168216884136199951171875" lon="118.72497553937137126922607421875">
        <ele>8.6000003814697265625</ele>
        <time>2021-11-15T03:48:16.000Z</time>
        <extensions>
          <ns3:TrackPointExtension/>
        </extensions>
      </trkpt>
      <trkpt lat="32.0679664425551891326904296875" lon="118.72499079443514347076416015625">
        <ele>8.80000019073486328125</ele>
        <time>2021-11-15T03:48:17.000Z</time>
        <extensions>
          <ns3:TrackPointExtension/>
        </extensions>
      </trkpt>
      <trkpt lat="32.06801983527839183807373046875" lon="118.724998421967029571533203125">
        <ele>9</ele>
        <time>2021-11-15T03:48:18.000Z</time>
        <extensions>
          <ns3:TrackPointExtension/>
        </extensions>
      </trkpt>
      <trkpt lat="32.06806560046970844268798828125" lon="118.7250136770308017730712890625">
        <ele>9.19999980926513671875</ele>
        <time>2021-11-15T03:48:19.000Z</time>
        <extensions>
          <ns3:TrackPointExtension/>
        </extensions>
      </trkpt>
      <trkpt lat="32.0681189931929111480712890625" lon="118.725028932094573974609375">
        <ele>9.6000003814697265625</ele>
        <time>2021-11-15T03:48:20.000Z</time>
        <extensions>
          <ns3:TrackPointExtension>
            <ns3:hr>125</ns3:hr>
          </ns3:TrackPointExtension>
        </extensions>
      </trkpt>
      <trkpt lat="32.068164758384227752685546875" lon="118.7250441871583461761474609375">
        <ele>9.80000019073486328125</ele>
        <time>2021-11-15T03:48:21.000Z</time>
        <extensions>
          <ns3:TrackPointExtension/>
        </extensions>
      </trkpt>
      <trkpt lat="32.06821815110743045806884765625" lon="118.725059442222118377685546875">
        <ele>10</ele>
        <time>2021-11-15T03:48:22.000Z</time>
        <extensions>
          <ns3:TrackPointExtension/>
        </extensions>
      </trkpt>
      <trkpt lat="32.06826777197420597076416015625" lon="118.7250746972858905792236328125">
        <ele>9.80000019073486328125</ele>
        <time>2021-11-15T03:48:23.000Z</time>
        <extensions>
          <ns3:TrackPointExtension/>
        </extensions>
      </trkpt>
      <trkpt lat="32.06831739284098148345947265625" lon="118.72508995234966278076171875">
        <ele>9.80000019073486328125</ele>
        <time>2021-11-15T03:48:24.000Z</time>
        <extensions>
          <ns3:TrackPointExtension/>
        </extensions>
      </trkpt>
      <trkpt lat="32.06836692988872528076171875" lon="118.7251052074134349822998046875">
        <ele>9.80000019073486328125</ele>
        <time>2021-11-15T03:48:25.000Z</time>
        <extensions>
          <ns3:TrackPointExtension>
            <ns3:hr>124</ns3:hr>
          </ns3:TrackPointExtension>
        </extensions>
      </trkpt>
      <trkpt lat="32.0684204064309597015380859375" lon="118.725120462477207183837890625">
        <ele>9.6000003814697265625</ele>
        <time>2021-11-15T03:48:26.000Z</time>
        <extensions>
          <ns3:TrackPointExtension/>
        </extensions>
      </trkpt>
      <trkpt lat="32.06846994347870349884033203125" lon="118.72513580136001110076904296875">
        <ele>9.6000003814697265625</ele>
        <time>2021-11-15T03:48:27.000Z</time>
        <extensions>
          <ns3:TrackPointExtension/>
        </extensions>
      </trkpt>
      <trkpt lat="32.0685233362019062042236328125" lon="118.7251434288918972015380859375">
        <ele>9.3999996185302734375</ele>
        <time>2021-11-15T03:48:28.000Z</time>
        <extensions>
          <ns3:TrackPointExtension/>
        </extensions>
      </trkpt>
      <trkpt lat="32.068576812744140625" lon="118.72515105642378330230712890625">
        <ele>9.3999996185302734375</ele>
        <time>2021-11-15T03:48:29.000Z</time>
        <extensions>
          <ns3:TrackPointExtension/>
        </extensions>
      </trkpt>
      <trkpt lat="32.06863020546734333038330078125" lon="118.725158683955669403076171875">
        <ele>9.19999980926513671875</ele>
        <time>2021-11-15T03:48:30.000Z</time>
        <extensions>
          <ns3:TrackPointExtension>
            <ns3:hr>124</ns3:hr>
          </ns3:TrackPointExtension>
        </extensions>
      </trkpt>
      <trkpt lat="32.06868737004697322845458984375" lon="118.725158683955669403076171875">
        <ele>9</ele>
        <time>2021-11-15T03:48:31.000Z</time>
        <extensions>
          <ns3:TrackPointExtension/>
        </extensions>
      </trkpt>
      <trkpt lat="32.068740762770175933837890625" lon="118.72516631148755550384521484375">
        <ele>8.80000019073486328125</ele>
        <time>2021-11-15T03:48:32.000Z</time>
        <extensions>
          <ns3:TrackPointExtension/>
        </extensions>
      </trkpt>
      <trkpt lat="32.0687942393124103546142578125" lon="118.72516631148755550384521484375">
        <ele>8.80000019073486328125</ele>
        <time>2021-11-15T03:48:33.000Z</time>
        <extensions>
          <ns3:TrackPointExtension/>
        </extensions>
      </trkpt>
      <trkpt lat="32.06884763203561305999755859375" lon="118.72516631148755550384521484375">
        <ele>8.80000019073486328125</ele>
        <time>2021-11-15T03:48:34.000Z</time>
        <extensions>
          <ns3:TrackPointExtension/>
        </extensions>
      </trkpt>
      <trkpt lat="32.068901024758815765380859375" lon="118.7251739390194416046142578125">
        <ele>8.80000019073486328125</ele>
        <time>2021-11-15T03:48:35.000Z</time>
        <extensions>
          <ns3:TrackPointExtension>
            <ns3:hr>122</ns3:hr>
          </ns3:TrackPointExtension>
        </extensions>
      </trkpt>
      <trkpt lat="32.068950645625591278076171875" lon="118.72516631148755550384521484375">
        <ele>9</ele>
        <time>2021-11-15T03:48:36.000Z</time>
        <extensions>
          <ns3:TrackPointExtension/>
        </extensions>
      </trkpt>
      <trkpt lat="32.06900403834879398345947265625" lon="118.72516631148755550384521484375">
        <ele>9.19999980926513671875</ele>
        <time>2021-11-15T03:48:37.000Z</time>
        <extensions>
          <ns3:TrackPointExtension/>
        </extensions>
      </trkpt>
      <trkpt lat="32.06905357539653778076171875" lon="118.72516631148755550384521484375">
        <ele>9.3999996185302734375</ele>
        <time>2021-11-15T03:48:38.000Z</time>
        <extensions>
          <ns3:TrackPointExtension/>
        </extensions>
      </trkpt>
      <trkpt lat="32.0691070519387722015380859375" lon="118.72516631148755550384521484375">
        <ele>9.80000019073486328125</ele>
        <time>2021-11-15T03:48:39.000Z</time>
        <extensions>
          <ns3:TrackPointExtension/>
        </extensions>
      </trkpt>
      <trkpt lat="32.06915658898651599884033203125" lon="118.725158683955669403076171875">
        <ele>10</ele>
        <time>2021-11-15T03:48:40.000Z</time>
        <extensions>
          <ns3:TrackPointExtension>
            <ns3:hr>120</ns3:hr>
          </ns3:TrackPointExtension>
        </extensions>
      </trkpt>
      <trkpt lat="32.06920620985329151153564453125" lon="118.725158683955669403076171875">
        <ele>10.19999980926513671875</ele>
        <time>2021-11-15T03:48:41.000Z</time>
        <extensions>
          <ns3:TrackPointExtension/>
        </extensions>
      </trkpt>
      <trkpt lat="32.069255746901035308837890625" lon="118.72515105642378330230712890625">
        <ele>10.3999996185302734375</ele>
        <time>2021-11-15T03:48:42.000Z</time>
        <extensions>
          <ns3:TrackPointExtension/>
        </extensions>
      </trkpt>
      <trkpt lat="32.06930159591138362884521484375" lon="118.7251434288918972015380859375">
        <ele>10.3999996185302734375</ele>
        <time>2021-11-15T03:48:43.000Z</time>
        <extensions>
          <ns3:TrackPointExtension/>
        </extensions>
      </trkpt>
      <trkpt lat="32.0693511329591274261474609375" lon="118.72513580136001110076904296875">
        <ele>10.3999996185302734375</ele>
        <time>2021-11-15T03:48:44.000Z</time>
        <extensions>
          <ns3:TrackPointExtension/>
        </extensions>
      </trkpt>
      <trkpt lat="32.06939689815044403076171875" lon="118.725120462477207183837890625">
        <ele>10.19999980926513671875</ele>
        <time>2021-11-15T03:48:45.000Z</time>
        <extensions>
          <ns3:TrackPointExtension>
            <ns3:hr>121</ns3:hr>
          </ns3:TrackPointExtension>
        </extensions>
      </trkpt>
      <trkpt lat="32.06943889148533344268798828125" lon="118.72511283494532108306884765625">
        <ele>10.3999996185302734375</ele>
        <time>2021-11-15T03:48:46.000Z</time>
        <extensions>
          <ns3:TrackPointExtension/>
        </extensions>
      </trkpt>
      <trkpt lat="32.06948465667665004730224609375" lon="118.72509757988154888153076171875">
        <ele>10.6000003814697265625</ele>
        <time>2021-11-15T03:48:47.000Z</time>
        <extensions>
          <ns3:TrackPointExtension/>
        </extensions>
      </trkpt>
      <trkpt lat="32.069526650011539459228515625" lon="118.72508232481777667999267578125">
        <ele>10.80000019073486328125</ele>
        <time>2021-11-15T03:48:48.000Z</time>
        <extensions>
          <ns3:TrackPointExtension/>
        </extensions>
      </trkpt>
      <trkpt lat="32.06956855952739715576171875" lon="118.72506706975400447845458984375">
        <ele>10.80000019073486328125</ele>
        <time>2021-11-15T03:48:49.000Z</time>
        <extensions>
          <ns3:TrackPointExtension/>
        </extensions>
      </trkpt>
      <trkpt lat="32.069606781005859375" lon="118.7250441871583461761474609375">
        <ele>10.6000003814697265625</ele>
        <time>2021-11-15T03:48:50.000Z</time>
        <extensions>
          <ns3:TrackPointExtension>
            <ns3:hr>119</ns3:hr>
          </ns3:TrackPointExtension>
        </extensions>
      </trkpt>
      <trkpt lat="32.069648690521717071533203125" lon="118.725028932094573974609375">
        <ele>10</ele>
        <time>2021-11-15T03:48:51.000Z</time>
        <extensions>
          <ns3:TrackPointExtension/>
        </extensions>
      </trkpt>
      <trkpt lat="32.06968682818114757537841796875" lon="118.7250136770308017730712890625">
        <ele>9.3999996185302734375</ele>
        <time>2021-11-15T03:48:52.000Z</time>
        <extensions>
          <ns3:TrackPointExtension/>
        </extensions>
      </trkpt>
      <trkpt lat="32.0697249658405780792236328125" lon="118.724998421967029571533203125">
        <ele>8.80000019073486328125</ele>
        <time>2021-11-15T03:48:53.000Z</time>
        <extensions>
          <ns3:TrackPointExtension/>
        </extensions>
      </trkpt>
      <trkpt lat="32.06976310350000858306884765625" lon="118.72499079443514347076416015625">
        <ele>8.19999980926513671875</ele>
        <time>2021-11-15T03:48:54.000Z</time>
        <extensions>
          <ns3:TrackPointExtension/>
        </extensions>
      </trkpt>
      <trkpt lat="32.06980132497847080230712890625" lon="118.7249831669032573699951171875">
        <ele>7.80000019073486328125</ele>
        <time>2021-11-15T03:48:55.000Z</time>
        <extensions>
          <ns3:TrackPointExtension>
            <ns3:hr>121</ns3:hr>
          </ns3:TrackPointExtension>
        </extensions>
      </trkpt>
      <trkpt lat="32.06984323449432849884033203125" lon="118.72497553937137126922607421875">
        <ele>7.599999904632568359375</ele>
        <time>2021-11-15T03:48:56.000Z</time>
        <extensions>
          <ns3:TrackPointExtension/>
        </extensions>
      </trkpt>
      <trkpt lat="32.0698852278292179107666015625" lon="118.72497553937137126922607421875">
        <ele>7.599999904632568359375</ele>
        <time>2021-11-15T03:48:57.000Z</time>
        <extensions>
          <ns3:TrackPointExtension/>
        </extensions>
      </trkpt>
      <trkpt lat="32.06992336548864841461181640625" lon="118.72497553937137126922607421875">
        <ele>7</ele>
        <time>2021-11-15T03:48:58.000Z</time>
        <extensions>
          <ns3:TrackPointExtension/>
        </extensions>
      </trkpt>
      <trkpt lat="32.06996913067996501922607421875" lon="118.72497553937137126922607421875">
        <ele>6.400000095367431640625</ele>
        <time>2021-11-15T03:48:59.000Z</time>
        <extensions>
          <ns3:TrackPointExtension/>
        </extensions>
      </trkpt>
      <trkpt lat="32.07001112401485443115234375" lon="118.7249831669032573699951171875">
        <ele>5.80000019073486328125</ele>
        <time>2021-11-15T03:49:00.000Z</time>
        <extensions>
          <ns3:TrackPointExtension>
            <ns3:hr>124</ns3:hr>
          </ns3:TrackPointExtension>
        </extensions>
      </trkpt>
      <trkpt lat="32.0700568892061710357666015625" lon="118.72499079443514347076416015625">
        <ele>5.19999980926513671875</ele>
        <time>2021-11-15T03:49:01.000Z</time>
        <extensions>
          <ns3:TrackPointExtension/>
        </extensions>
      </trkpt>
      <trkpt lat="32.070102654397487640380859375" lon="118.72500604949891567230224609375">
        <ele>4.599999904632568359375</ele>
        <time>2021-11-15T03:49:02.000Z</time>
        <extensions>
          <ns3:TrackPointExtension/>
        </extensions>
      </trkpt>
      <trkpt lat="32.0701484195888042449951171875" lon="118.7250136770308017730712890625">
        <ele>4.19999980926513671875</ele>
        <time>2021-11-15T03:49:03.000Z</time>
        <extensions>
          <ns3:TrackPointExtension/>
        </extensions>
      </trkpt>
      <trkpt lat="32.070194184780120849609375" lon="118.72502130456268787384033203125">
        <ele>4</ele>
        <time>2021-11-15T03:49:04.000Z</time>
        <extensions>
          <ns3:TrackPointExtension/>
        </extensions>
      </trkpt>
      <trkpt lat="32.0702438056468963623046875" lon="118.72503655962646007537841796875">
        <ele>4</ele>
        <time>2021-11-15T03:49:05.000Z</time>
        <extensions>
          <ns3:TrackPointExtension>
            <ns3:hr>125</ns3:hr>
          </ns3:TrackPointExtension>
        </extensions>
      </trkpt>
      <trkpt lat="32.0702895708382129669189453125" lon="118.7250441871583461761474609375">
        <ele>4</ele>
        <time>2021-11-15T03:49:06.000Z</time>
        <extensions>
          <ns3:TrackPointExtension/>
        </extensions>
      </trkpt>
      <trkpt lat="32.070335336029529571533203125" lon="118.725059442222118377685546875">
        <ele>4</ele>
        <time>2021-11-15T03:49:07.000Z</time>
        <extensions>
          <ns3:TrackPointExtension/>
        </extensions>
      </trkpt>
      <trkpt lat="32.070384956896305084228515625" lon="118.72506706975400447845458984375">
        <ele>4</ele>
        <time>2021-11-15T03:49:08.000Z</time>
        <extensions>
          <ns3:TrackPointExtension/>
        </extensions>
      </trkpt>
      <trkpt lat="32.07043449394404888153076171875" lon="118.72508232481777667999267578125">
        <ele>4</ele>
        <time>2021-11-15T03:49:09.000Z</time>
        <extensions>
          <ns3:TrackPointExtension/>
        </extensions>
      </trkpt>
      <trkpt lat="32.07048411481082439422607421875" lon="118.72509757988154888153076171875">
        <ele>4.400000095367431640625</ele>
        <time>2021-11-15T03:49:10.000Z</time>
        <extensions>
          <ns3:TrackPointExtension>
            <ns3:hr>128</ns3:hr>
          </ns3:TrackPointExtension>
        </extensions>
      </trkpt>
      <trkpt lat="32.07052988000214099884033203125" lon="118.72511283494532108306884765625">
        <ele>4.599999904632568359375</ele>
        <time>2021-11-15T03:49:11.000Z</time>
        <extensions>
          <ns3:TrackPointExtension/>
        </extensions>
      </trkpt>
      <trkpt lat="32.07057950086891651153564453125" lon="118.725128173828125">
        <ele>5</ele>
        <time>2021-11-15T03:49:12.000Z</time>
        <extensions>
          <ns3:TrackPointExtension/>
        </extensions>
      </trkpt>
      <trkpt lat="32.07062526606023311614990234375" lon="118.7251434288918972015380859375">
        <ele>5.19999980926513671875</ele>
        <time>2021-11-15T03:49:13.000Z</time>
        <extensions>
          <ns3:TrackPointExtension/>
        </extensions>
      </trkpt>
      <trkpt lat="32.07067488692700862884521484375" lon="118.725158683955669403076171875">
        <ele>5.599999904632568359375</ele>
        <time>2021-11-15T03:49:14.000Z</time>
        <extensions>
          <ns3:TrackPointExtension/>
        </extensions>
      </trkpt>
      <trkpt lat="32.07072065211832523345947265625" lon="118.7251739390194416046142578125">
        <ele>5.80000019073486328125</ele>
        <time>2021-11-15T03:49:15.000Z</time>
        <extensions>
          <ns3:TrackPointExtension>
            <ns3:hr>128</ns3:hr>
          </ns3:TrackPointExtension>
        </extensions>
      </trkpt>
      <trkpt lat="32.07076641730964183807373046875" lon="118.72518156655132770538330078125">
        <ele>5.80000019073486328125</ele>
        <time>2021-11-15T03:49:17.000Z</time>
        <extensions>
          <ns3:TrackPointExtension/>
        </extensions>
      </trkpt>
      <trkpt lat="32.07081218250095844268798828125" lon="118.72519682161509990692138671875">
        <ele>6</ele>
        <time>2021-11-15T03:49:18.000Z</time>
        <extensions>
          <ns3:TrackPointExtension/>
        </extensions>
      </trkpt>
      <trkpt lat="32.07086180336773395538330078125" lon="118.7252044491469860076904296875">
        <ele>6</ele>
        <time>2021-11-15T03:49:19.000Z</time>
        <extensions>
          <ns3:TrackPointExtension/>
        </extensions>
      </trkpt>
      <trkpt lat="32.07090756855905055999755859375" lon="118.725219704210758209228515625">
        <ele>6.19999980926513671875</ele>
        <time>2021-11-15T03:49:20.000Z</time>
        <extensions>
          <ns3:TrackPointExtension>
            <ns3:hr>130</ns3:hr>
          </ns3:TrackPointExtension>
        </extensions>
      </trkpt>
      <trkpt lat="32.07095333375036716461181640625" lon="118.72522733174264430999755859375">
        <ele>6.19999980926513671875</ele>
        <time>2021-11-15T03:49:21.000Z</time>
        <extensions>
          <ns3:TrackPointExtension/>
        </extensions>
      </trkpt>
      <trkpt lat="32.07100295461714267730712890625" lon="118.7252349592745304107666015625">
        <ele>6.19999980926513671875</ele>
        <time>2021-11-15T03:49:22.000Z</time>
        <extensions>
          <ns3:TrackPointExtension/>
        </extensions>
      </trkpt>
      <trkpt lat="32.07104871980845928192138671875" lon="118.7252349592745304107666015625">
        <ele>6.19999980926513671875</ele>
        <time>2021-11-15T03:49:23.000Z</time>
        <extensions>
          <ns3:TrackPointExtension/>
        </extensions>
      </trkpt>
      <trkpt lat="32.0710982568562030792236328125" lon="118.72524258680641651153564453125">
        <ele>6.19999980926513671875</ele>
        <time>2021-11-15T03:49:24.000Z</time>
        <extensions>
          <ns3:TrackPointExtension/>
        </extensions>
      </trkpt>
      <trkpt lat="32.071144022047519683837890625" lon="118.72524258680641651153564453125">
        <ele>6.19999980926513671875</ele>
        <time>2021-11-15T03:49:25.000Z</time>
        <extensions>
          <ns3:TrackPointExtension>
            <ns3:hr>129</ns3:hr>
          </ns3:TrackPointExtension>
        </extensions>
      </trkpt>
      <trkpt lat="32.071193642914295196533203125" lon="118.72524258680641651153564453125">
        <ele>6.19999980926513671875</ele>
        <time>2021-11-15T03:49:26.000Z</time>
        <extensions>
          <ns3:TrackPointExtension/>
        </extensions>
      </trkpt>
      <trkpt lat="32.0712394081056118011474609375" lon="118.72524258680641651153564453125">
        <ele>6</ele>
        <time>2021-11-15T03:49:27.000Z</time>
        <extensions>
          <ns3:TrackPointExtension/>
        </extensions>
      </trkpt>
      <trkpt lat="32.07128517329692840576171875" lon="118.72524258680641651153564453125">
        <ele>5.80000019073486328125</ele>
        <time>2021-11-15T03:49:28.000Z</time>
        <extensions>
          <ns3:TrackPointExtension/>
        </extensions>
      </trkpt>
      <trkpt lat="32.07133479416370391845703125" lon="118.72524258680641651153564453125">
        <ele>5.400000095367431640625</ele>
        <time>2021-11-15T03:49:29.000Z</time>
        <extensions>
          <ns3:TrackPointExtension/>
        </extensions>
      </trkpt>
      <trkpt lat="32.0713805593550205230712890625" lon="118.7252349592745304107666015625">
        <ele>5</ele>
        <time>2021-11-15T03:49:30.000Z</time>
        <extensions>
          <ns3:TrackPointExtension>
            <ns3:hr>131</ns3:hr>
          </ns3:TrackPointExtension>
        </extensions>
      </trkpt>
      <trkpt lat="32.0714301802217960357666015625" lon="118.7252349592745304107666015625">
        <ele>4.80000019073486328125</ele>
        <time>2021-11-15T03:49:31.000Z</time>
        <extensions>
          <ns3:TrackPointExtension/>
        </extensions>
      </trkpt>
      <trkpt lat="32.07147971726953983306884765625" lon="118.7252349592745304107666015625">
        <ele>4.400000095367431640625</ele>
        <time>2021-11-15T03:49:32.000Z</time>
        <extensions>
          <ns3:TrackPointExtension/>
        </extensions>
      </trkpt>
      <trkpt lat="32.071525566279888153076171875" lon="118.72522733174264430999755859375">
        <ele>4</ele>
        <time>2021-11-15T03:49:33.000Z</time>
        <extensions>
          <ns3:TrackPointExtension/>
        </extensions>
      </trkpt>
      <trkpt lat="32.07157510332763195037841796875" lon="118.72522733174264430999755859375">
        <ele>3.7999999523162841796875</ele>
        <time>2021-11-15T03:49:34.000Z</time>
        <extensions>
          <ns3:TrackPointExtension/>
        </extensions>
      </trkpt>
      <trkpt lat="32.07162472419440746307373046875" lon="118.72522733174264430999755859375">
        <ele>4</ele>
        <time>2021-11-15T03:49:35.000Z</time>
        <extensions>
          <ns3:TrackPointExtension>
            <ns3:hr>130</ns3:hr>
          </ns3:TrackPointExtension>
        </extensions>
      </trkpt>
      <trkpt lat="32.07167434506118297576904296875" lon="118.72522733174264430999755859375">
        <ele>4.19999980926513671875</ele>
        <time>2021-11-15T03:49:36.000Z</time>
        <extensions>
          <ns3:TrackPointExtension/>
        </extensions>
      </trkpt>
      <trkpt lat="32.07172011025249958038330078125" lon="118.72522733174264430999755859375">
        <ele>4.400000095367431640625</ele>
        <time>2021-11-15T03:49:37.000Z</time>
        <extensions>
          <ns3:TrackPointExtension/>
        </extensions>
      </trkpt>
      <trkpt lat="32.071769647300243377685546875" lon="118.7252349592745304107666015625">
        <ele>4.599999904632568359375</ele>
        <time>2021-11-15T03:49:38.000Z</time>
        <extensions>
          <ns3:TrackPointExtension/>
        </extensions>
      </trkpt>
      <trkpt lat="32.0718154124915599822998046875" lon="118.7252349592745304107666015625">
        <ele>4.80000019073486328125</ele>
        <time>2021-11-15T03:49:39.000Z</time>
        <extensions>
          <ns3:TrackPointExtension/>
        </extensions>
      </trkpt>
      <trkpt lat="32.0718650333583354949951171875" lon="118.72524258680641651153564453125">
        <ele>5</ele>
        <time>2021-11-15T03:49:40.000Z</time>
        <extensions>
          <ns3:TrackPointExtension>
            <ns3:hr>127</ns3:hr>
          </ns3:TrackPointExtension>
        </extensions>
      </trkpt>
      <trkpt lat="32.071910798549652099609375" lon="118.7252502143383026123046875">
        <ele>5.400000095367431640625</ele>
        <time>2021-11-15T03:49:41.000Z</time>
        <extensions>
          <ns3:TrackPointExtension/>
        </extensions>
      </trkpt>
      <trkpt lat="32.0719604194164276123046875" lon="118.72525784187018871307373046875">
        <ele>5.599999904632568359375</ele>
        <time>2021-11-15T03:49:42.000Z</time>
        <extensions>
          <ns3:TrackPointExtension/>
        </extensions>
      </trkpt>
      <trkpt lat="32.0720061846077442169189453125" lon="118.7252654694020748138427734375">
        <ele>5.80000019073486328125</ele>
        <time>2021-11-15T03:49:43.000Z</time>
        <extensions>
          <ns3:TrackPointExtension/>
        </extensions>
      </trkpt>
      <trkpt lat="32.07205957733094692230224609375" lon="118.72527309693396091461181640625">
        <ele>6.19999980926513671875</ele>
        <time>2021-11-15T03:49:44.000Z</time>
        <extensions>
          <ns3:TrackPointExtension/>
        </extensions>
      </trkpt>
      <trkpt lat="32.07210919819772243499755859375" lon="118.72528835199773311614990234375">
        <ele>6.400000095367431640625</ele>
        <time>2021-11-15T03:49:45.000Z</time>
        <extensions>
          <ns3:TrackPointExtension>
            <ns3:hr>128</ns3:hr>
          </ns3:TrackPointExtension>
        </extensions>
      </trkpt>
      <trkpt lat="32.072162590920925140380859375" lon="118.7252959795296192169189453125">
        <ele>6.80000019073486328125</ele>
        <time>2021-11-15T03:49:46.000Z</time>
        <extensions>
          <ns3:TrackPointExtension/>
        </extensions>
      </trkpt>
      <trkpt lat="32.072212211787700653076171875" lon="118.72530360706150531768798828125">
        <ele>7</ele>
        <time>2021-11-15T03:49:47.000Z</time>
        <extensions>
          <ns3:TrackPointExtension/>
        </extensions>
      </trkpt>
      <trkpt lat="32.07226560451090335845947265625" lon="118.72531886212527751922607421875">
        <ele>7.400000095367431640625</ele>
        <time>2021-11-15T03:49:48.000Z</time>
        <extensions>
          <ns3:TrackPointExtension/>
        </extensions>
      </trkpt>
      <trkpt lat="32.07231514155864715576171875" lon="118.7253264896571636199951171875">
        <ele>7.599999904632568359375</ele>
        <time>2021-11-15T03:49:49.000Z</time>
        <extensions>
          <ns3:TrackPointExtension/>
        </extensions>
      </trkpt>
      <trkpt lat="32.0723686181008815765380859375" lon="118.72533411718904972076416015625">
        <ele>7.80000019073486328125</ele>
        <time>2021-11-15T03:49:50.000Z</time>
        <extensions>
          <ns3:TrackPointExtension>
            <ns3:hr>129</ns3:hr>
          </ns3:TrackPointExtension>
        </extensions>
      </trkpt>
      <trkpt lat="32.07241815514862537384033203125" lon="118.725341744720935821533203125">
        <ele>7.80000019073486328125</ele>
        <time>2021-11-15T03:49:51.000Z</time>
        <extensions>
          <ns3:TrackPointExtension/>
        </extensions>
      </trkpt>
      <trkpt lat="32.0724715478718280792236328125" lon="118.7253569997847080230712890625">
        <ele>7.80000019073486328125</ele>
        <time>2021-11-15T03:49:52.000Z</time>
        <extensions>
          <ns3:TrackPointExtension/>
        </extensions>
      </trkpt>
      <trkpt lat="32.0725211687386035919189453125" lon="118.72536462731659412384033203125">
        <ele>7.599999904632568359375</ele>
        <time>2021-11-15T03:49:53.000Z</time>
        <extensions>
          <ns3:TrackPointExtension/>
        </extensions>
      </trkpt>
      <trkpt lat="32.07257456146180629730224609375" lon="118.725372254848480224609375">
        <ele>7.599999904632568359375</ele>
        <time>2021-11-15T03:49:54.000Z</time>
        <extensions>
          <ns3:TrackPointExtension/>
        </extensions>
      </trkpt>
      <trkpt lat="32.07262032665312290191650390625" lon="118.72537988238036632537841796875">
        <ele>7.400000095367431640625</ele>
        <time>2021-11-15T03:49:55.000Z</time>
        <extensions>
          <ns3:TrackPointExtension>
            <ns3:hr>132</ns3:hr>
          </ns3:TrackPointExtension>
        </extensions>
      </trkpt>
      <trkpt lat="32.07266994751989841461181640625" lon="118.7253875099122524261474609375">
        <ele>7.400000095367431640625</ele>
        <time>2021-11-15T03:49:56.000Z</time>
        <extensions>
          <ns3:TrackPointExtension/>
        </extensions>
      </trkpt>
      <trkpt lat="32.07271571271121501922607421875" lon="118.725402764976024627685546875">
        <ele>7.400000095367431640625</ele>
        <time>2021-11-15T03:49:57.000Z</time>
        <extensions>
          <ns3:TrackPointExtension/>
        </extensions>
      </trkpt>
      <trkpt lat="32.07276147790253162384033203125" lon="118.72541039250791072845458984375">
        <ele>7.599999904632568359375</ele>
        <time>2021-11-15T03:49:58.000Z</time>
        <extensions>
          <ns3:TrackPointExtension/>
        </extensions>
      </trkpt>
      <trkpt lat="32.07280724309384822845458984375" lon="118.7254180200397968292236328125">
        <ele>7.599999904632568359375</ele>
        <time>2021-11-15T03:49:59.000Z</time>
        <extensions>
          <ns3:TrackPointExtension/>
        </extensions>
      </trkpt>
      <trkpt lat="32.07285300828516483306884765625" lon="118.72542564757168292999267578125">
        <ele>7.599999904632568359375</ele>
        <time>2021-11-15T03:50:00.000Z</time>
        <extensions>
          <ns3:TrackPointExtension>
            <ns3:hr>130</ns3:hr>
          </ns3:TrackPointExtension>
        </extensions>
      </trkpt>
      <trkpt lat="32.072898857295513153076171875" lon="118.72543327510356903076171875">
        <ele>7.599999904632568359375</ele>
        <time>2021-11-15T03:50:01.000Z</time>
        <extensions>
          <ns3:TrackPointExtension/>
        </extensions>
      </trkpt>
      <trkpt lat="32.0729446224868297576904296875" lon="118.72544090263545513153076171875">
        <ele>7.80000019073486328125</ele>
        <time>2021-11-15T03:50:02.000Z</time>
        <extensions>
          <ns3:TrackPointExtension/>
        </extensions>
      </trkpt>
      <trkpt lat="32.07299415953457355499267578125" lon="118.72544090263545513153076171875">
        <ele>8</ele>
        <time>2021-11-15T03:50:03.000Z</time>
        <extensions>
          <ns3:TrackPointExtension/>
        </extensions>
      </trkpt>
      <trkpt lat="32.073040008544921875" lon="118.7254485301673412322998046875">
        <ele>8.19999980926513671875</ele>
        <time>2021-11-15T03:50:04.000Z</time>
        <extensions>
          <ns3:TrackPointExtension/>
        </extensions>
      </trkpt>
      <trkpt lat="32.0730857737362384796142578125" lon="118.7254485301673412322998046875">
        <ele>8.19999980926513671875</ele>
        <time>2021-11-15T03:50:05.000Z</time>
        <extensions>
          <ns3:TrackPointExtension>
            <ns3:hr>131</ns3:hr>
          </ns3:TrackPointExtension>
        </extensions>
      </trkpt>
      <trkpt lat="32.073131538927555084228515625" lon="118.7254485301673412322998046875">
        <ele>8.19999980926513671875</ele>
        <time>2021-11-15T03:50:06.000Z</time>
        <extensions>
          <ns3:TrackPointExtension/>
        </extensions>
      </trkpt>
      <trkpt lat="32.0731773041188716888427734375" lon="118.7254485301673412322998046875">
        <ele>8.19999980926513671875</ele>
        <time>2021-11-15T03:50:07.000Z</time>
        <extensions>
          <ns3:TrackPointExtension/>
        </extensions>
      </trkpt>
      <trkpt lat="32.07322306931018829345703125" lon="118.72545615769922733306884765625">
        <ele>8.19999980926513671875</ele>
        <time>2021-11-15T03:50:08.000Z</time>
        <extensions>
          <ns3:TrackPointExtension/>
        </extensions>
      </trkpt>
      <trkpt lat="32.07327269017696380615234375" lon="118.72545615769922733306884765625">
        <ele>8</ele>
        <time>2021-11-15T03:50:09.000Z</time>
        <extensions>
          <ns3:TrackPointExtension/>
        </extensions>
      </trkpt>
      <trkpt lat="32.07332222722470760345458984375" lon="118.72545615769922733306884765625">
        <ele>7.80000019073486328125</ele>
        <time>2021-11-15T03:50:10.000Z</time>
        <extensions>
          <ns3:TrackPointExtension>
            <ns3:hr>129</ns3:hr>
          </ns3:TrackPointExtension>
        </extensions>
      </trkpt>
      <trkpt lat="32.073375619947910308837890625" lon="118.72545615769922733306884765625">
        <ele>7.80000019073486328125</ele>
        <time>2021-11-15T03:50:11.000Z</time>
        <extensions>
          <ns3:TrackPointExtension/>
        </extensions>
      </trkpt>
      <trkpt lat="32.073425240814685821533203125" lon="118.72545615769922733306884765625">
        <ele>7.80000019073486328125</ele>
        <time>2021-11-15T03:50:12.000Z</time>
        <extensions>
          <ns3:TrackPointExtension/>
        </extensions>
      </trkpt>
      <trkpt lat="32.07347863353788852691650390625" lon="118.72545615769922733306884765625">
        <ele>7.80000019073486328125</ele>
        <time>2021-11-15T03:50:13.000Z</time>
        <extensions>
          <ns3:TrackPointExtension/>
        </extensions>
      </trkpt>
      <trkpt lat="32.07352825440466403961181640625" lon="118.72545615769922733306884765625">
        <ele>7.80000019073486328125</ele>
        <time>2021-11-15T03:50:14.000Z</time>
        <extensions>
          <ns3:TrackPointExtension/>
        </extensions>
      </trkpt>
      <trkpt lat="32.07360452972352504730224609375" lon="118.725463785231113433837890625">
        <ele>7.80000019073486328125</ele>
        <time>2021-11-15T03:50:16.000Z</time>
        <extensions>
          <ns3:TrackPointExtension/>
        </extensions>
      </trkpt>
      <trkpt lat="32.07365029491484165191650390625" lon="118.725463785231113433837890625">
        <ele>7.80000019073486328125</ele>
        <time>2021-11-15T03:50:17.000Z</time>
        <extensions>
          <ns3:TrackPointExtension/>
        </extensions>
      </trkpt>
      <trkpt lat="32.07369606010615825653076171875" lon="118.72545615769922733306884765625">
        <ele>7.599999904632568359375</ele>
        <time>2021-11-15T03:50:18.000Z</time>
        <extensions>
          <ns3:TrackPointExtension/>
        </extensions>
      </trkpt>
      <trkpt lat="32.07373805344104766845703125" lon="118.7254485301673412322998046875">
        <ele>7.19999980926513671875</ele>
        <time>2021-11-15T03:50:19.000Z</time>
        <extensions>
          <ns3:TrackPointExtension/>
        </extensions>
      </trkpt>
      <trkpt lat="32.07378767430782318115234375" lon="118.7254485301673412322998046875">
        <ele>7.19999980926513671875</ele>
        <time>2021-11-15T03:50:20.000Z</time>
        <extensions>
          <ns3:TrackPointExtension>
            <ns3:hr>123</ns3:hr>
          </ns3:TrackPointExtension>
        </extensions>
      </trkpt>
      <trkpt lat="32.073928825557231903076171875" lon="118.7254485301673412322998046875">
        <ele>7.80000019073486328125</ele>
        <time>2021-11-15T03:50:23.000Z</time>
        <extensions>
          <ns3:TrackPointExtension/>
        </extensions>
      </trkpt>
      <trkpt lat="32.0739745907485485076904296875" lon="118.7254485301673412322998046875">
        <ele>8</ele>
        <time>2021-11-15T03:50:24.000Z</time>
        <extensions>
          <ns3:TrackPointExtension/>
        </extensions>
      </trkpt>
      <trkpt lat="32.07402412779629230499267578125" lon="118.72544090263545513153076171875">
        <ele>8</ele>
        <time>2021-11-15T03:50:25.000Z</time>
        <extensions>
          <ns3:TrackPointExtension>
            <ns3:hr>124</ns3:hr>
          </ns3:TrackPointExtension>
        </extensions>
      </trkpt>
      <trkpt lat="32.07407374866306781768798828125" lon="118.72544090263545513153076171875">
        <ele>8.19999980926513671875</ele>
        <time>2021-11-15T03:50:26.000Z</time>
        <extensions>
          <ns3:TrackPointExtension/>
        </extensions>
      </trkpt>
      <trkpt lat="32.07412336952984333038330078125" lon="118.72544090263545513153076171875">
        <ele>8.3999996185302734375</ele>
        <time>2021-11-15T03:50:27.000Z</time>
        <extensions>
          <ns3:TrackPointExtension/>
        </extensions>
      </trkpt>
      <trkpt lat="32.07416527904570102691650390625" lon="118.72544090263545513153076171875">
        <ele>8.6000003814697265625</ele>
        <time>2021-11-15T03:50:28.000Z</time>
        <extensions>
          <ns3:TrackPointExtension/>
        </extensions>
      </trkpt>
      <trkpt lat="32.07421489991247653961181640625" lon="118.72544090263545513153076171875">
        <ele>9</ele>
        <time>2021-11-15T03:50:29.000Z</time>
        <extensions>
          <ns3:TrackPointExtension/>
        </extensions>
      </trkpt>
      <trkpt lat="32.07426066510379314422607421875" lon="118.72544090263545513153076171875">
        <ele>9.19999980926513671875</ele>
        <time>2021-11-15T03:50:30.000Z</time>
        <extensions>
          <ns3:TrackPointExtension>
            <ns3:hr>125</ns3:hr>
          </ns3:TrackPointExtension>
        </extensions>
      </trkpt>
      <trkpt lat="32.07431028597056865692138671875" lon="118.72543327510356903076171875">
        <ele>9.6000003814697265625</ele>
        <time>2021-11-15T03:50:31.000Z</time>
        <extensions>
          <ns3:TrackPointExtension/>
        </extensions>
      </trkpt>
      <trkpt lat="32.0743598230183124542236328125" lon="118.72543327510356903076171875">
        <ele>9.80000019073486328125</ele>
        <time>2021-11-15T03:50:32.000Z</time>
        <extensions>
          <ns3:TrackPointExtension/>
        </extensions>
      </trkpt>
      <trkpt lat="32.074405588209629058837890625" lon="118.72543327510356903076171875">
        <ele>10</ele>
        <time>2021-11-15T03:50:33.000Z</time>
        <extensions>
          <ns3:TrackPointExtension/>
        </extensions>
      </trkpt>
      <trkpt lat="32.074455209076404571533203125" lon="118.72543327510356903076171875">
        <ele>10.19999980926513671875</ele>
        <time>2021-11-15T03:50:34.000Z</time>
        <extensions>
          <ns3:TrackPointExtension/>
        </extensions>
      </trkpt>
      <trkpt lat="32.0745009742677211761474609375" lon="118.72543327510356903076171875">
        <ele>10.19999980926513671875</ele>
        <time>2021-11-15T03:50:35.000Z</time>
        <extensions>
          <ns3:TrackPointExtension>
            <ns3:hr>123</ns3:hr>
          </ns3:TrackPointExtension>
        </extensions>
      </trkpt>
      <trkpt lat="32.0745505951344966888427734375" lon="118.72543327510356903076171875">
        <ele>10.3999996185302734375</ele>
        <time>2021-11-15T03:50:36.000Z</time>
        <extensions>
          <ns3:TrackPointExtension/>
        </extensions>
      </trkpt>
      <trkpt lat="32.0746002160012722015380859375" lon="118.72543327510356903076171875">
        <ele>10.6000003814697265625</ele>
        <time>2021-11-15T03:50:37.000Z</time>
        <extensions>
          <ns3:TrackPointExtension/>
        </extensions>
      </trkpt>
      <trkpt lat="32.07464598119258880615234375" lon="118.72543327510356903076171875">
        <ele>10.3999996185302734375</ele>
        <time>2021-11-15T03:50:38.000Z</time>
        <extensions>
          <ns3:TrackPointExtension/>
        </extensions>
      </trkpt>
      <trkpt lat="32.0746917463839054107666015625" lon="118.72544090263545513153076171875">
        <ele>10</ele>
        <time>2021-11-15T03:50:39.000Z</time>
        <extensions>
          <ns3:TrackPointExtension/>
        </extensions>
      </trkpt>
      <trkpt lat="32.07474128343164920806884765625" lon="118.72544090263545513153076171875">
        <ele>10</ele>
        <time>2021-11-15T03:50:40.000Z</time>
        <extensions>
          <ns3:TrackPointExtension>
            <ns3:hr>124</ns3:hr>
          </ns3:TrackPointExtension>
        </extensions>
      </trkpt>
      <trkpt lat="32.07479090429842472076416015625" lon="118.72544090263545513153076171875">
        <ele>10</ele>
        <time>2021-11-15T03:50:41.000Z</time>
        <extensions>
          <ns3:TrackPointExtension/>
        </extensions>
      </trkpt>
      <trkpt lat="32.07483666948974132537841796875" lon="118.72544090263545513153076171875">
        <ele>10</ele>
        <time>2021-11-15T03:50:42.000Z</time>
        <extensions>
          <ns3:TrackPointExtension/>
        </extensions>
      </trkpt>
      <trkpt lat="32.07488629035651683807373046875" lon="118.7254485301673412322998046875">
        <ele>10</ele>
        <time>2021-11-15T03:50:43.000Z</time>
        <extensions>
          <ns3:TrackPointExtension/>
        </extensions>
      </trkpt>
      <trkpt lat="32.07493591122329235076904296875" lon="118.7254485301673412322998046875">
        <ele>9.3999996185302734375</ele>
        <time>2021-11-15T03:50:44.000Z</time>
        <extensions>
          <ns3:TrackPointExtension/>
        </extensions>
      </trkpt>
      <trkpt lat="32.0749854482710361480712890625" lon="118.72545615769922733306884765625">
        <ele>8.80000019073486328125</ele>
        <time>2021-11-15T03:50:45.000Z</time>
        <extensions>
          <ns3:TrackPointExtension>
            <ns3:hr>125</ns3:hr>
          </ns3:TrackPointExtension>
        </extensions>
      </trkpt>
      <trkpt lat="32.075031213462352752685546875" lon="118.72545615769922733306884765625">
        <ele>8.3999996185302734375</ele>
        <time>2021-11-15T03:50:46.000Z</time>
        <extensions>
          <ns3:TrackPointExtension/>
        </extensions>
      </trkpt>
      <trkpt lat="32.075080834329128265380859375" lon="118.725463785231113433837890625">
        <ele>7.80000019073486328125</ele>
        <time>2021-11-15T03:50:47.000Z</time>
        <extensions>
          <ns3:TrackPointExtension/>
        </extensions>
      </trkpt>
      <trkpt lat="32.075130455195903778076171875" lon="118.725463785231113433837890625">
        <ele>7.400000095367431640625</ele>
        <time>2021-11-15T03:50:48.000Z</time>
        <extensions>
          <ns3:TrackPointExtension/>
        </extensions>
      </trkpt>
      <trkpt lat="32.07517999224364757537841796875" lon="118.72547149658203125">
        <ele>6.80000019073486328125</ele>
        <time>2021-11-15T03:50:49.000Z</time>
        <extensions>
          <ns3:TrackPointExtension/>
        </extensions>
      </trkpt>
      <trkpt lat="32.07523338496685028076171875" lon="118.72547149658203125">
        <ele>6.400000095367431640625</ele>
        <time>2021-11-15T03:50:50.000Z</time>
        <extensions>
          <ns3:TrackPointExtension>
            <ns3:hr>133</ns3:hr>
          </ns3:TrackPointExtension>
        </extensions>
      </trkpt>
      <trkpt lat="32.07528300583362579345703125" lon="118.72547912411391735076904296875">
        <ele>6.19999980926513671875</ele>
        <time>2021-11-15T03:50:51.000Z</time>
        <extensions>
          <ns3:TrackPointExtension/>
        </extensions>
      </trkpt>
      <trkpt lat="32.07533262670040130615234375" lon="118.7254867516458034515380859375">
        <ele>5.80000019073486328125</ele>
        <time>2021-11-15T03:50:52.000Z</time>
        <extensions>
          <ns3:TrackPointExtension/>
        </extensions>
      </trkpt>
      <trkpt lat="32.0753783918917179107666015625" lon="118.7254867516458034515380859375">
        <ele>5.599999904632568359375</ele>
        <time>2021-11-15T03:50:53.000Z</time>
        <extensions>
          <ns3:TrackPointExtension/>
        </extensions>
      </trkpt>
      <trkpt lat="32.07542792893946170806884765625" lon="118.72549437917768955230712890625">
        <ele>5.400000095367431640625</ele>
        <time>2021-11-15T03:50:54.000Z</time>
        <extensions>
          <ns3:TrackPointExtension/>
        </extensions>
      </trkpt>
      <trkpt lat="32.07547754980623722076416015625" lon="118.725502006709575653076171875">
        <ele>5.400000095367431640625</ele>
        <time>2021-11-15T03:50:55.000Z</time>
        <extensions>
          <ns3:TrackPointExtension>
            <ns3:hr>138</ns3:hr>
          </ns3:TrackPointExtension>
        </extensions>
      </trkpt>
      <trkpt lat="32.07552717067301273345947265625" lon="118.72550963424146175384521484375">
        <ele>5.400000095367431640625</ele>
        <time>2021-11-15T03:50:56.000Z</time>
        <extensions>
          <ns3:TrackPointExtension/>
        </extensions>
      </trkpt>
      <trkpt lat="32.07557293586432933807373046875" lon="118.72550963424146175384521484375">
        <ele>5.400000095367431640625</ele>
        <time>2021-11-15T03:50:57.000Z</time>
        <extensions>
          <ns3:TrackPointExtension/>
        </extensions>
      </trkpt>
      <trkpt lat="32.07562255673110485076904296875" lon="118.7255172617733478546142578125">
        <ele>5.400000095367431640625</ele>
        <time>2021-11-15T03:50:58.000Z</time>
        <extensions>
          <ns3:TrackPointExtension/>
        </extensions>
      </trkpt>
      <trkpt lat="32.07566832192242145538330078125" lon="118.7255172617733478546142578125">
        <ele>5.19999980926513671875</ele>
        <time>2021-11-15T03:50:59.000Z</time>
        <extensions>
          <ns3:TrackPointExtension/>
        </extensions>
      </trkpt>
      <trkpt lat="32.075717858970165252685546875" lon="118.72552488930523395538330078125">
        <ele>5</ele>
        <time>2021-11-15T03:51:00.000Z</time>
        <extensions>
          <ns3:TrackPointExtension>
            <ns3:hr>135</ns3:hr>
          </ns3:TrackPointExtension>
        </extensions>
      </trkpt>
      <trkpt lat="32.0757636241614818572998046875" lon="118.72552488930523395538330078125">
        <ele>5</ele>
        <time>2021-11-15T03:51:01.000Z</time>
        <extensions>
          <ns3:TrackPointExtension/>
        </extensions>
      </trkpt>
      <trkpt lat="32.07580947317183017730712890625" lon="118.72553251683712005615234375">
        <ele>5</ele>
        <time>2021-11-15T03:51:02.000Z</time>
        <extensions>
          <ns3:TrackPointExtension/>
        </extensions>
      </trkpt>
      <trkpt lat="32.07585523836314678192138671875" lon="118.72553251683712005615234375">
        <ele>5</ele>
        <time>2021-11-15T03:51:03.000Z</time>
        <extensions>
          <ns3:TrackPointExtension/>
        </extensions>
      </trkpt>
      <trkpt lat="32.07589714787900447845458984375" lon="118.72554014436900615692138671875">
        <ele>5</ele>
        <time>2021-11-15T03:51:04.000Z</time>
        <extensions>
          <ns3:TrackPointExtension/>
        </extensions>
      </trkpt>
      <trkpt lat="32.07594291307032108306884765625" lon="118.72554014436900615692138671875">
        <ele>5</ele>
        <time>2021-11-15T03:51:05.000Z</time>
        <extensions>
          <ns3:TrackPointExtension>
            <ns3:hr>132</ns3:hr>
          </ns3:TrackPointExtension>
        </extensions>
      </trkpt>
      <trkpt lat="32.075988762080669403076171875" lon="118.72554014436900615692138671875">
        <ele>5</ele>
        <time>2021-11-15T03:51:06.000Z</time>
        <extensions>
          <ns3:TrackPointExtension/>
        </extensions>
      </trkpt>
      <trkpt lat="32.076030671596527099609375" lon="118.7255477719008922576904296875">
        <ele>5.400000095367431640625</ele>
        <time>2021-11-15T03:51:07.000Z</time>
        <extensions>
          <ns3:TrackPointExtension/>
        </extensions>
      </trkpt>
      <trkpt lat="32.07607266493141651153564453125" lon="118.7255477719008922576904296875">
        <ele>5.80000019073486328125</ele>
        <time>2021-11-15T03:51:08.000Z</time>
        <extensions>
          <ns3:TrackPointExtension/>
        </extensions>
      </trkpt>
      <trkpt lat="32.07611843012273311614990234375" lon="118.7255477719008922576904296875">
        <ele>6.400000095367431640625</ele>
        <time>2021-11-15T03:51:09.000Z</time>
        <extensions>
          <ns3:TrackPointExtension/>
        </extensions>
      </trkpt>
      <trkpt lat="32.076160423457622528076171875" lon="118.72555539943277835845947265625">
        <ele>6.80000019073486328125</ele>
        <time>2021-11-15T03:51:10.000Z</time>
        <extensions>
          <ns3:TrackPointExtension>
            <ns3:hr>126</ns3:hr>
          </ns3:TrackPointExtension>
        </extensions>
      </trkpt>
      <trkpt lat="32.076202332973480224609375" lon="118.725563026964664459228515625">
        <ele>7.19999980926513671875</ele>
        <time>2021-11-15T03:51:11.000Z</time>
        <extensions>
          <ns3:TrackPointExtension/>
        </extensions>
      </trkpt>
      <trkpt lat="32.07624432630836963653564453125" lon="118.725563026964664459228515625">
        <ele>7.599999904632568359375</ele>
        <time>2021-11-15T03:51:12.000Z</time>
        <extensions>
          <ns3:TrackPointExtension/>
        </extensions>
      </trkpt>
      <trkpt lat="32.07628623582422733306884765625" lon="118.72557065449655055999755859375">
        <ele>7.80000019073486328125</ele>
        <time>2021-11-15T03:51:13.000Z</time>
        <extensions>
          <ns3:TrackPointExtension/>
        </extensions>
      </trkpt>
      <trkpt lat="32.0763282291591167449951171875" lon="118.7255782820284366607666015625">
        <ele>8</ele>
        <time>2021-11-15T03:51:14.000Z</time>
        <extensions>
          <ns3:TrackPointExtension/>
        </extensions>
      </trkpt>
      <trkpt lat="32.076373994350433349609375" lon="118.72558590956032276153564453125">
        <ele>8.19999980926513671875</ele>
        <time>2021-11-15T03:51:15.000Z</time>
        <extensions>
          <ns3:TrackPointExtension>
            <ns3:hr>125</ns3:hr>
          </ns3:TrackPointExtension>
        </extensions>
      </trkpt>
      <trkpt lat="32.07641598768532276153564453125" lon="118.7255935370922088623046875">
        <ele>8.3999996185302734375</ele>
        <time>2021-11-15T03:51:16.000Z</time>
        <extensions>
          <ns3:TrackPointExtension/>
        </extensions>
      </trkpt>
      <trkpt lat="32.07645789720118045806884765625" lon="118.72560116462409496307373046875">
        <ele>8.6000003814697265625</ele>
        <time>2021-11-15T03:51:17.000Z</time>
        <extensions>
          <ns3:TrackPointExtension/>
        </extensions>
      </trkpt>
      <trkpt lat="32.07649611867964267730712890625" lon="118.72561641968786716461181640625">
        <ele>8.80000019073486328125</ele>
        <time>2021-11-15T03:51:18.000Z</time>
        <extensions>
          <ns3:TrackPointExtension/>
        </extensions>
      </trkpt>
      <trkpt lat="32.07653425633907318115234375" lon="118.7256393022835254669189453125">
        <ele>9</ele>
        <time>2021-11-15T03:51:19.000Z</time>
        <extensions>
          <ns3:TrackPointExtension/>
        </extensions>
      </trkpt>
      <trkpt lat="32.07656853832304477691650390625" lon="118.72565455734729766845703125">
        <ele>9</ele>
        <time>2021-11-15T03:51:20.000Z</time>
        <extensions>
          <ns3:TrackPointExtension>
            <ns3:hr>122</ns3:hr>
          </ns3:TrackPointExtension>
        </extensions>
      </trkpt>
      <trkpt lat="32.07659904845058917999267578125" lon="118.72567743994295597076416015625">
        <ele>9</ele>
        <time>2021-11-15T03:51:21.000Z</time>
        <extensions>
          <ns3:TrackPointExtension/>
        </extensions>
      </trkpt>
      <trkpt lat="32.076625786721706390380859375" lon="118.7257003225386142730712890625">
        <ele>9</ele>
        <time>2021-11-15T03:51:23.000Z</time>
        <extensions>
          <ns3:TrackPointExtension/>
        </extensions>
      </trkpt>
      <trkpt lat="32.07665252499282360076904296875" lon="118.7257308326661586761474609375">
        <ele>9</ele>
        <time>2021-11-15T03:51:24.000Z</time>
        <extensions>
          <ns3:TrackPointExtension/>
        </extensions>
      </trkpt>
      <trkpt lat="32.076675407588481903076171875" lon="118.72575371526181697845458984375">
        <ele>9</ele>
        <time>2021-11-15T03:51:25.000Z</time>
        <extensions>
          <ns3:TrackPointExtension>
            <ns3:hr>120</ns3:hr>
          </ns3:TrackPointExtension>
        </extensions>
      </trkpt>
      <trkpt lat="32.07669443450868129730224609375" lon="118.7257918529212474822998046875">
        <ele>9</ele>
        <time>2021-11-15T03:51:26.000Z</time>
        <extensions>
          <ns3:TrackPointExtension/>
        </extensions>
      </trkpt>
      <trkpt lat="32.07671354524791240692138671875" lon="118.72582244686782360076904296875">
        <ele>9</ele>
        <time>2021-11-15T03:51:27.000Z</time>
        <extensions>
          <ns3:TrackPointExtension/>
        </extensions>
      </trkpt>
      <trkpt lat="32.0767325721681118011474609375" lon="118.72585295699536800384521484375">
        <ele>9</ele>
        <time>2021-11-15T03:51:28.000Z</time>
        <extensions>
          <ns3:TrackPointExtension/>
        </extensions>
      </trkpt>
      <trkpt lat="32.076747827231884002685546875" lon="118.72588346712291240692138671875">
        <ele>9</ele>
        <time>2021-11-15T03:51:29.000Z</time>
        <extensions>
          <ns3:TrackPointExtension/>
        </extensions>
      </trkpt>
      <trkpt lat="32.0767669379711151123046875" lon="118.72591397725045680999755859375">
        <ele>9</ele>
        <time>2021-11-15T03:51:30.000Z</time>
        <extensions>
          <ns3:TrackPointExtension>
            <ns3:hr>119</ns3:hr>
          </ns3:TrackPointExtension>
        </extensions>
      </trkpt>
      <trkpt lat="32.07678596489131450653076171875" lon="118.72594448737800121307373046875">
        <ele>9.19999980926513671875</ele>
        <time>2021-11-15T03:51:31.000Z</time>
        <extensions>
          <ns3:TrackPointExtension/>
        </extensions>
      </trkpt>
      <trkpt lat="32.07680507563054561614990234375" lon="118.72597499750554561614990234375">
        <ele>9.19999980926513671875</ele>
        <time>2021-11-15T03:51:32.000Z</time>
        <extensions>
          <ns3:TrackPointExtension/>
        </extensions>
      </trkpt>
      <trkpt lat="32.07682795822620391845703125" lon="118.72599788010120391845703125">
        <ele>9.3999996185302734375</ele>
        <time>2021-11-15T03:51:33.000Z</time>
        <extensions>
          <ns3:TrackPointExtension/>
        </extensions>
      </trkpt>
      <trkpt lat="32.07685084082186222076416015625" lon="118.726028390228748321533203125">
        <ele>9.3999996185302734375</ele>
        <time>2021-11-15T03:51:34.000Z</time>
        <extensions>
          <ns3:TrackPointExtension/>
        </extensions>
      </trkpt>
      <trkpt lat="32.07687757909297943115234375" lon="118.7260436452925205230712890625">
        <ele>9.3999996185302734375</ele>
        <time>2021-11-15T03:51:35.000Z</time>
        <extensions>
          <ns3:TrackPointExtension>
            <ns3:hr>120</ns3:hr>
          </ns3:TrackPointExtension>
        </extensions>
      </trkpt>
      <trkpt lat="32.076908089220523834228515625" lon="118.72606652788817882537841796875">
        <ele>9.3999996185302734375</ele>
        <time>2021-11-15T03:51:36.000Z</time>
        <extensions>
          <ns3:TrackPointExtension/>
        </extensions>
      </trkpt>
      <trkpt lat="32.0769347436726093292236328125" lon="118.72608178295195102691650390625">
        <ele>9.19999980926513671875</ele>
        <time>2021-11-15T03:51:37.000Z</time>
        <extensions>
          <ns3:TrackPointExtension/>
        </extensions>
      </trkpt>
      <trkpt lat="32.0769652538001537322998046875" lon="118.72609703801572322845458984375">
        <ele>9.19999980926513671875</ele>
        <time>2021-11-15T03:51:38.000Z</time>
        <extensions>
          <ns3:TrackPointExtension/>
        </extensions>
      </trkpt>
      <trkpt lat="32.07699199207127094268798828125" lon="118.7261046655476093292236328125">
        <ele>9.19999980926513671875</ele>
        <time>2021-11-15T03:51:39.000Z</time>
        <extensions>
          <ns3:TrackPointExtension/>
        </extensions>
      </trkpt>
      <trkpt lat="32.07702250219881534576416015625" lon="118.72611992061138153076171875">
        <ele>9.19999980926513671875</ele>
        <time>2021-11-15T03:51:40.000Z</time>
        <extensions>
          <ns3:TrackPointExtension>
            <ns3:hr>125</ns3:hr>
          </ns3:TrackPointExtension>
        </extensions>
      </trkpt>
      <trkpt lat="32.07704924046993255615234375" lon="118.72612754814326763153076171875">
        <ele>9</ele>
        <time>2021-11-15T03:51:41.000Z</time>
        <extensions>
          <ns3:TrackPointExtension/>
        </extensions>
      </trkpt>
      <trkpt lat="32.077079750597476959228515625" lon="118.72612754814326763153076171875">
        <ele>9</ele>
        <time>2021-11-15T03:51:42.000Z</time>
        <extensions>
          <ns3:TrackPointExtension/>
        </extensions>
      </trkpt>
      <trkpt lat="32.0771064050495624542236328125" lon="118.7261351756751537322998046875">
        <ele>9</ele>
        <time>2021-11-15T03:51:43.000Z</time>
        <extensions>
          <ns3:TrackPointExtension/>
        </extensions>
      </trkpt>
      <trkpt lat="32.07713314332067966461181640625" lon="118.72614280320703983306884765625">
        <ele>9</ele>
        <time>2021-11-15T03:51:44.000Z</time>
        <extensions>
          <ns3:TrackPointExtension/>
        </extensions>
      </trkpt>
      <trkpt lat="32.077159881591796875" lon="118.72614280320703983306884765625">
        <ele>9</ele>
        <time>2021-11-15T03:51:45.000Z</time>
        <extensions>
          <ns3:TrackPointExtension>
            <ns3:hr>128</ns3:hr>
          </ns3:TrackPointExtension>
        </extensions>
      </trkpt>
      <trkpt lat="32.0771865360438823699951171875" lon="118.72614280320703983306884765625">
        <ele>9</ele>
        <time>2021-11-15T03:51:46.000Z</time>
        <extensions>
          <ns3:TrackPointExtension/>
        </extensions>
      </trkpt>
      <trkpt lat="32.07721327431499958038330078125" lon="118.72614280320703983306884765625">
        <ele>9</ele>
        <time>2021-11-15T03:51:47.000Z</time>
        <extensions>
          <ns3:TrackPointExtension/>
        </extensions>
      </trkpt>
      <trkpt lat="32.0772361569106578826904296875" lon="118.7261351756751537322998046875">
        <ele>9</ele>
        <time>2021-11-15T03:51:48.000Z</time>
        <extensions>
          <ns3:TrackPointExtension/>
        </extensions>
      </trkpt>
      <trkpt lat="32.077262811362743377685546875" lon="118.7261351756751537322998046875">
        <ele>9</ele>
        <time>2021-11-15T03:51:49.000Z</time>
        <extensions>
          <ns3:TrackPointExtension/>
        </extensions>
      </trkpt>
      <trkpt lat="32.07728954963386058807373046875" lon="118.72612754814326763153076171875">
        <ele>9</ele>
        <time>2021-11-15T03:51:50.000Z</time>
        <extensions>
          <ns3:TrackPointExtension>
            <ns3:hr>128</ns3:hr>
          </ns3:TrackPointExtension>
        </extensions>
      </trkpt>
      <trkpt lat="32.07731620408594608306884765625" lon="118.72611992061138153076171875">
        <ele>9</ele>
        <time>2021-11-15T03:51:51.000Z</time>
        <extensions>
          <ns3:TrackPointExtension/>
        </extensions>
      </trkpt>
      <trkpt lat="32.0773467980325222015380859375" lon="118.72611229307949542999267578125">
        <ele>9</ele>
        <time>2021-11-15T03:51:52.000Z</time>
        <extensions>
          <ns3:TrackPointExtension/>
        </extensions>
      </trkpt>
      <trkpt lat="32.0773773081600666046142578125" lon="118.7261046655476093292236328125">
        <ele>8.80000019073486328125</ele>
        <time>2021-11-15T03:51:53.000Z</time>
        <extensions>
          <ns3:TrackPointExtension/>
        </extensions>
      </trkpt>
      <trkpt lat="32.07741159014403820037841796875" lon="118.726089410483837127685546875">
        <ele>8.3999996185302734375</ele>
        <time>2021-11-15T03:51:54.000Z</time>
        <extensions>
          <ns3:TrackPointExtension/>
        </extensions>
      </trkpt>
      <trkpt lat="32.07744210027158260345458984375" lon="118.72608178295195102691650390625">
        <ele>8.19999980926513671875</ele>
        <time>2021-11-15T03:51:55.000Z</time>
        <extensions>
          <ns3:TrackPointExtension>
            <ns3:hr>128</ns3:hr>
          </ns3:TrackPointExtension>
        </extensions>
      </trkpt>
      <trkpt lat="32.07747261039912700653076171875" lon="118.72606652788817882537841796875">
        <ele>8</ele>
        <time>2021-11-15T03:51:56.000Z</time>
        <extensions>
          <ns3:TrackPointExtension/>
        </extensions>
      </trkpt>
      <trkpt lat="32.07750697620213031768798828125" lon="118.72605127282440662384033203125">
        <ele>7.599999904632568359375</ele>
        <time>2021-11-15T03:51:57.000Z</time>
        <extensions>
          <ns3:TrackPointExtension/>
        </extensions>
      </trkpt>
      <trkpt lat="32.07754134200513362884521484375" lon="118.72603601776063442230224609375">
        <ele>7.599999904632568359375</ele>
        <time>2021-11-15T03:51:58.000Z</time>
        <extensions>
          <ns3:TrackPointExtension/>
        </extensions>
      </trkpt>
      <trkpt lat="32.077575623989105224609375" lon="118.72602076269686222076416015625">
        <ele>7.80000019073486328125</ele>
        <time>2021-11-15T03:51:59.000Z</time>
        <extensions>
          <ns3:TrackPointExtension/>
        </extensions>
      </trkpt>
      <trkpt lat="32.0776099897921085357666015625" lon="118.72600550763309001922607421875">
        <ele>8</ele>
        <time>2021-11-15T03:52:00.000Z</time>
        <extensions>
          <ns3:TrackPointExtension>
            <ns3:hr>135</ns3:hr>
          </ns3:TrackPointExtension>
        </extensions>
      </trkpt>
      <trkpt lat="32.07764812745153903961181640625" lon="118.72599025256931781768798828125">
        <ele>8.19999980926513671875</ele>
        <time>2021-11-15T03:52:01.000Z</time>
        <extensions>
          <ns3:TrackPointExtension/>
        </extensions>
      </trkpt>
      <trkpt lat="32.07767863757908344268798828125" lon="118.72597499750554561614990234375">
        <ele>8.3999996185302734375</ele>
        <time>2021-11-15T03:52:02.000Z</time>
        <extensions>
          <ns3:TrackPointExtension/>
        </extensions>
      </trkpt>
      <trkpt lat="32.07771300338208675384521484375" lon="118.72595974244177341461181640625">
        <ele>8.80000019073486328125</ele>
        <time>2021-11-15T03:52:03.000Z</time>
        <extensions>
          <ns3:TrackPointExtension/>
        </extensions>
      </trkpt>
      <trkpt lat="32.077747285366058349609375" lon="118.72594448737800121307373046875">
        <ele>8.80000019073486328125</ele>
        <time>2021-11-15T03:52:04.000Z</time>
        <extensions>
          <ns3:TrackPointExtension/>
        </extensions>
      </trkpt>
      <trkpt lat="32.07778542302548885345458984375" lon="118.7259368598461151123046875">
        <ele>8.80000019073486328125</ele>
        <time>2021-11-15T03:52:05.000Z</time>
        <extensions>
          <ns3:TrackPointExtension>
            <ns3:hr>139</ns3:hr>
          </ns3:TrackPointExtension>
        </extensions>
      </trkpt>
      <trkpt lat="32.07781978882849216461181640625" lon="118.7259216047823429107666015625">
        <ele>9</ele>
        <time>2021-11-15T03:52:06.000Z</time>
        <extensions>
          <ns3:TrackPointExtension/>
        </extensions>
      </trkpt>
      <trkpt lat="32.07785415463149547576904296875" lon="118.72591397725045680999755859375">
        <ele>9</ele>
        <time>2021-11-15T03:52:07.000Z</time>
        <extensions>
          <ns3:TrackPointExtension/>
        </extensions>
      </trkpt>
      <trkpt lat="32.0778922922909259796142578125" lon="118.72591397725045680999755859375">
        <ele>9</ele>
        <time>2021-11-15T03:52:08.000Z</time>
        <extensions>
          <ns3:TrackPointExtension/>
        </extensions>
      </trkpt>
      <trkpt lat="32.07792657427489757537841796875" lon="118.725906349718570709228515625">
        <ele>9</ele>
        <time>2021-11-15T03:52:09.000Z</time>
        <extensions>
          <ns3:TrackPointExtension/>
        </extensions>
      </trkpt>
      <trkpt lat="32.0779647119343280792236328125" lon="118.725906349718570709228515625">
        <ele>8.80000019073486328125</ele>
        <time>2021-11-15T03:52:10.000Z</time>
        <extensions>
          <ns3:TrackPointExtension>
            <ns3:hr>135</ns3:hr>
          </ns3:TrackPointExtension>
        </extensions>
      </trkpt>
      <trkpt lat="32.07800284959375858306884765625" lon="118.725906349718570709228515625">
        <ele>8.6000003814697265625</ele>
        <time>2021-11-15T03:52:11.000Z</time>
        <extensions>
          <ns3:TrackPointExtension/>
        </extensions>
      </trkpt>
      <trkpt lat="32.07803721539676189422607421875" lon="118.725906349718570709228515625">
        <ele>8.3999996185302734375</ele>
        <time>2021-11-15T03:52:12.000Z</time>
        <extensions>
          <ns3:TrackPointExtension/>
        </extensions>
      </trkpt>
      <trkpt lat="32.0780753530561923980712890625" lon="118.725906349718570709228515625">
        <ele>8</ele>
        <time>2021-11-15T03:52:13.000Z</time>
        <extensions>
          <ns3:TrackPointExtension/>
        </extensions>
      </trkpt>
      <trkpt lat="32.07811349071562290191650390625" lon="118.72591397725045680999755859375">
        <ele>7.80000019073486328125</ele>
        <time>2021-11-15T03:52:14.000Z</time>
        <extensions>
          <ns3:TrackPointExtension/>
        </extensions>
      </trkpt>
      <trkpt lat="32.07815162837505340576171875" lon="118.7259216047823429107666015625">
        <ele>7.599999904632568359375</ele>
        <time>2021-11-15T03:52:15.000Z</time>
        <extensions>
          <ns3:TrackPointExtension>
            <ns3:hr>129</ns3:hr>
          </ns3:TrackPointExtension>
        </extensions>
      </trkpt>
      <trkpt lat="32.078189849853515625" lon="118.7259368598461151123046875">
        <ele>7.400000095367431640625</ele>
        <time>2021-11-15T03:52:16.000Z</time>
        <extensions>
          <ns3:TrackPointExtension/>
        </extensions>
      </trkpt>
      <trkpt lat="32.07822798751294612884521484375" lon="118.72594448737800121307373046875">
        <ele>7.19999980926513671875</ele>
        <time>2021-11-15T03:52:17.000Z</time>
        <extensions>
          <ns3:TrackPointExtension/>
        </extensions>
      </trkpt>
      <trkpt lat="32.07826989702880382537841796875" lon="118.72595974244177341461181640625">
        <ele>7.400000095367431640625</ele>
        <time>2021-11-15T03:52:18.000Z</time>
        <extensions>
          <ns3:TrackPointExtension/>
        </extensions>
      </trkpt>
      <trkpt lat="32.0783080346882343292236328125" lon="118.725967369973659515380859375">
        <ele>7.599999904632568359375</ele>
        <time>2021-11-15T03:52:19.000Z</time>
        <extensions>
          <ns3:TrackPointExtension/>
        </extensions>
      </trkpt>
      <trkpt lat="32.07834617234766483306884765625" lon="118.7259826250374317169189453125">
        <ele>7.599999904632568359375</ele>
        <time>2021-11-15T03:52:20.000Z</time>
        <extensions>
          <ns3:TrackPointExtension>
            <ns3:hr>129</ns3:hr>
          </ns3:TrackPointExtension>
        </extensions>
      </trkpt>
      <trkpt lat="32.0783881656825542449951171875" lon="118.7259826250374317169189453125">
        <ele>7.599999904632568359375</ele>
        <time>2021-11-15T03:52:21.000Z</time>
        <extensions>
          <ns3:TrackPointExtension/>
        </extensions>
      </trkpt>
      <trkpt lat="32.07843015901744365692138671875" lon="118.72599025256931781768798828125">
        <ele>7.599999904632568359375</ele>
        <time>2021-11-15T03:52:22.000Z</time>
        <extensions>
          <ns3:TrackPointExtension/>
        </extensions>
      </trkpt>
      <trkpt lat="32.07847206853330135345458984375" lon="118.72599025256931781768798828125">
        <ele>7.599999904632568359375</ele>
        <time>2021-11-15T03:52:23.000Z</time>
        <extensions>
          <ns3:TrackPointExtension/>
        </extensions>
      </trkpt>
      <trkpt lat="32.078514061868190765380859375" lon="118.72599025256931781768798828125">
        <ele>7.599999904632568359375</ele>
        <time>2021-11-15T03:52:24.000Z</time>
        <extensions>
          <ns3:TrackPointExtension/>
        </extensions>
      </trkpt>
      <trkpt lat="32.07855605520308017730712890625" lon="118.7259826250374317169189453125">
        <ele>7.400000095367431640625</ele>
        <time>2021-11-15T03:52:25.000Z</time>
        <extensions>
          <ns3:TrackPointExtension>
            <ns3:hr>127</ns3:hr>
          </ns3:TrackPointExtension>
        </extensions>
      </trkpt>
      <trkpt lat="32.07859796471893787384033203125" lon="118.72597499750554561614990234375">
        <ele>7.19999980926513671875</ele>
        <time>2021-11-15T03:52:26.000Z</time>
        <extensions>
          <ns3:TrackPointExtension/>
        </extensions>
      </trkpt>
      <trkpt lat="32.07864372991025447845458984375" lon="118.72595974244177341461181640625">
        <ele>7</ele>
        <time>2021-11-15T03:52:27.000Z</time>
        <extensions>
          <ns3:TrackPointExtension/>
        </extensions>
      </trkpt>
      <trkpt lat="32.078685723245143890380859375" lon="118.72594448737800121307373046875">
        <ele>6.599999904632568359375</ele>
        <time>2021-11-15T03:52:28.000Z</time>
        <extensions>
          <ns3:TrackPointExtension/>
        </extensions>
      </trkpt>
      <trkpt lat="32.07872771658003330230712890625" lon="118.72592923231422901153564453125">
        <ele>6.400000095367431640625</ele>
        <time>2021-11-15T03:52:29.000Z</time>
        <extensions>
          <ns3:TrackPointExtension/>
        </extensions>
      </trkpt>
      <trkpt lat="32.07877348177134990692138671875" lon="118.725906349718570709228515625">
        <ele>6</ele>
        <time>2021-11-15T03:52:30.000Z</time>
        <extensions>
          <ns3:TrackPointExtension>
            <ns3:hr>124</ns3:hr>
          </ns3:TrackPointExtension>
        </extensions>
      </trkpt>
      <trkpt lat="32.07881539128720760345458984375" lon="118.7258910946547985076904296875">
        <ele>5.80000019073486328125</ele>
        <time>2021-11-15T03:52:31.000Z</time>
        <extensions>
          <ns3:TrackPointExtension/>
        </extensions>
      </trkpt>
      <trkpt lat="32.07886115647852420806884765625" lon="118.72587583959102630615234375">
        <ele>5.599999904632568359375</ele>
        <time>2021-11-15T03:52:32.000Z</time>
        <extensions>
          <ns3:TrackPointExtension/>
        </extensions>
      </trkpt>
      <trkpt lat="32.078907005488872528076171875" lon="118.72585295699536800384521484375">
        <ele>5.19999980926513671875</ele>
        <time>2021-11-15T03:52:33.000Z</time>
        <extensions>
          <ns3:TrackPointExtension/>
        </extensions>
      </trkpt>
      <trkpt lat="32.078948915004730224609375" lon="118.72583770193159580230712890625">
        <ele>5</ele>
        <time>2021-11-15T03:52:34.000Z</time>
        <extensions>
          <ns3:TrackPointExtension/>
        </extensions>
      </trkpt>
      <trkpt lat="32.0789946801960468292236328125" lon="118.7258300743997097015380859375">
        <ele>4.80000019073486328125</ele>
        <time>2021-11-15T03:52:35.000Z</time>
        <extensions>
          <ns3:TrackPointExtension>
            <ns3:hr>124</ns3:hr>
          </ns3:TrackPointExtension>
        </extensions>
      </trkpt>
      <trkpt lat="32.0790443010628223419189453125" lon="118.7258148193359375">
        <ele>4.80000019073486328125</ele>
        <time>2021-11-15T03:52:36.000Z</time>
        <extensions>
          <ns3:TrackPointExtension/>
        </extensions>
      </trkpt>
      <trkpt lat="32.079090066254138946533203125" lon="118.725807107985019683837890625">
        <ele>4.80000019073486328125</ele>
        <time>2021-11-15T03:52:37.000Z</time>
        <extensions>
          <ns3:TrackPointExtension/>
        </extensions>
      </trkpt>
      <trkpt lat="32.079139687120914459228515625" lon="118.725807107985019683837890625">
        <ele>5</ele>
        <time>2021-11-15T03:52:38.000Z</time>
        <extensions>
          <ns3:TrackPointExtension/>
        </extensions>
      </trkpt>
      <trkpt lat="32.0791854523122310638427734375" lon="118.72579948045313358306884765625">
        <ele>5.19999980926513671875</ele>
        <time>2021-11-15T03:52:39.000Z</time>
        <extensions>
          <ns3:TrackPointExtension/>
        </extensions>
      </trkpt>
      <trkpt lat="32.0792350731790065765380859375" lon="118.72579948045313358306884765625">
        <ele>5.400000095367431640625</ele>
        <time>2021-11-15T03:52:40.000Z</time>
        <extensions>
          <ns3:TrackPointExtension>
            <ns3:hr>124</ns3:hr>
          </ns3:TrackPointExtension>
        </extensions>
      </trkpt>
      <trkpt lat="32.07928461022675037384033203125" lon="118.72579948045313358306884765625">
        <ele>5.400000095367431640625</ele>
        <time>2021-11-15T03:52:41.000Z</time>
        <extensions>
          <ns3:TrackPointExtension/>
        </extensions>
      </trkpt>
      <trkpt lat="32.07933037541806697845458984375" lon="118.72579948045313358306884765625">
        <ele>5.599999904632568359375</ele>
        <time>2021-11-15T03:52:42.000Z</time>
        <extensions>
          <ns3:TrackPointExtension/>
        </extensions>
      </trkpt>
      <trkpt lat="32.07937999628484249114990234375" lon="118.72579948045313358306884765625">
        <ele>6</ele>
        <time>2021-11-15T03:52:43.000Z</time>
        <extensions>
          <ns3:TrackPointExtension/>
        </extensions>
      </trkpt>
      <trkpt lat="32.07942576147615909576416015625" lon="118.725807107985019683837890625">
        <ele>6.400000095367431640625</ele>
        <time>2021-11-15T03:52:44.000Z</time>
        <extensions>
          <ns3:TrackPointExtension/>
        </extensions>
      </trkpt>
      <trkpt lat="32.07947538234293460845947265625" lon="118.725807107985019683837890625">
        <ele>6.80000019073486328125</ele>
        <time>2021-11-15T03:52:45.000Z</time>
        <extensions>
          <ns3:TrackPointExtension>
            <ns3:hr>125</ns3:hr>
          </ns3:TrackPointExtension>
        </extensions>
      </trkpt>
      <trkpt lat="32.07952491939067840576171875" lon="118.725807107985019683837890625">
        <ele>7</ele>
        <time>2021-11-15T03:52:46.000Z</time>
        <extensions>
          <ns3:TrackPointExtension/>
        </extensions>
      </trkpt>
      <trkpt lat="32.07957454025745391845703125" lon="118.725807107985019683837890625">
        <ele>7</ele>
        <time>2021-11-15T03:52:47.000Z</time>
        <extensions>
          <ns3:TrackPointExtension/>
        </extensions>
      </trkpt>
      <trkpt lat="32.07962416112422943115234375" lon="118.7258148193359375">
        <ele>7.19999980926513671875</ele>
        <time>2021-11-15T03:52:48.000Z</time>
        <extensions>
          <ns3:TrackPointExtension/>
        </extensions>
      </trkpt>
      <trkpt lat="32.07967369817197322845458984375" lon="118.7258148193359375">
        <ele>7.19999980926513671875</ele>
        <time>2021-11-15T03:52:49.000Z</time>
        <extensions>
          <ns3:TrackPointExtension/>
        </extensions>
      </trkpt>
      <trkpt lat="32.07972331903874874114990234375" lon="118.7258148193359375">
        <ele>7.19999980926513671875</ele>
        <time>2021-11-15T03:52:50.000Z</time>
        <extensions>
          <ns3:TrackPointExtension>
            <ns3:hr>121</ns3:hr>
          </ns3:TrackPointExtension>
        </extensions>
      </trkpt>
      <trkpt lat="32.07977293990552425384521484375" lon="118.7258148193359375">
        <ele>7.19999980926513671875</ele>
        <time>2021-11-15T03:52:51.000Z</time>
        <extensions>
          <ns3:TrackPointExtension/>
        </extensions>
      </trkpt>
      <trkpt lat="32.0798224769532680511474609375" lon="118.7258148193359375">
        <ele>7</ele>
        <time>2021-11-15T03:52:52.000Z</time>
        <extensions>
          <ns3:TrackPointExtension/>
        </extensions>
      </trkpt>
      <trkpt lat="32.07987586967647075653076171875" lon="118.7258148193359375">
        <ele>6.80000019073486328125</ele>
        <time>2021-11-15T03:52:53.000Z</time>
        <extensions>
          <ns3:TrackPointExtension/>
        </extensions>
      </trkpt>
      <trkpt lat="32.07992549054324626922607421875" lon="118.725807107985019683837890625">
        <ele>6.599999904632568359375</ele>
        <time>2021-11-15T03:52:54.000Z</time>
        <extensions>
          <ns3:TrackPointExtension/>
        </extensions>
      </trkpt>
      <trkpt lat="32.07997511141002178192138671875" lon="118.725807107985019683837890625">
        <ele>6.400000095367431640625</ele>
        <time>2021-11-15T03:52:55.000Z</time>
        <extensions>
          <ns3:TrackPointExtension>
            <ns3:hr>116</ns3:hr>
          </ns3:TrackPointExtension>
        </extensions>
      </trkpt>
      <trkpt lat="32.0800246484577655792236328125" lon="118.725807107985019683837890625">
        <ele>6.19999980926513671875</ele>
        <time>2021-11-15T03:52:56.000Z</time>
        <extensions>
          <ns3:TrackPointExtension/>
        </extensions>
      </trkpt>
      <trkpt lat="32.080078125" lon="118.72579948045313358306884765625">
        <ele>6</ele>
        <time>2021-11-15T03:52:57.000Z</time>
        <extensions>
          <ns3:TrackPointExtension/>
        </extensions>
      </trkpt>
      <trkpt lat="32.08012766204774379730224609375" lon="118.72579948045313358306884765625">
        <ele>6</ele>
        <time>2021-11-15T03:52:58.000Z</time>
        <extensions>
          <ns3:TrackPointExtension/>
        </extensions>
      </trkpt>
      <trkpt lat="32.080181054770946502685546875" lon="118.72579948045313358306884765625">
        <ele>6</ele>
        <time>2021-11-15T03:52:59.000Z</time>
        <extensions>
          <ns3:TrackPointExtension/>
        </extensions>
      </trkpt>
      <trkpt lat="32.080230675637722015380859375" lon="118.72579948045313358306884765625">
        <ele>6</ele>
        <time>2021-11-15T03:53:00.000Z</time>
        <extensions>
          <ns3:TrackPointExtension>
            <ns3:hr>114</ns3:hr>
          </ns3:TrackPointExtension>
        </extensions>
      </trkpt>
      <trkpt lat="32.08028406836092472076416015625" lon="118.72579948045313358306884765625">
        <ele>6</ele>
        <time>2021-11-15T03:53:01.000Z</time>
        <extensions>
          <ns3:TrackPointExtension/>
        </extensions>
      </trkpt>
      <trkpt lat="32.08033368922770023345947265625" lon="118.725807107985019683837890625">
        <ele>6</ele>
        <time>2021-11-15T03:53:02.000Z</time>
        <extensions>
          <ns3:TrackPointExtension/>
        </extensions>
      </trkpt>
      <trkpt lat="32.0803870819509029388427734375" lon="118.7258148193359375">
        <ele>6.19999980926513671875</ele>
        <time>2021-11-15T03:53:03.000Z</time>
        <extensions>
          <ns3:TrackPointExtension/>
        </extensions>
      </trkpt>
      <trkpt lat="32.0804367028176784515380859375" lon="118.72582244686782360076904296875">
        <ele>6.19999980926513671875</ele>
        <time>2021-11-15T03:53:04.000Z</time>
        <extensions>
          <ns3:TrackPointExtension/>
        </extensions>
      </trkpt>
      <trkpt lat="32.08049009554088115692138671875" lon="118.72583770193159580230712890625">
        <ele>6.599999904632568359375</ele>
        <time>2021-11-15T03:53:05.000Z</time>
        <extensions>
          <ns3:TrackPointExtension>
            <ns3:hr>111</ns3:hr>
          </ns3:TrackPointExtension>
        </extensions>
      </trkpt>
      <trkpt lat="32.0805396325886249542236328125" lon="118.725845329463481903076171875">
        <ele>6.80000019073486328125</ele>
        <time>2021-11-15T03:53:06.000Z</time>
        <extensions>
          <ns3:TrackPointExtension/>
        </extensions>
      </trkpt>
      <trkpt lat="32.0805892534554004669189453125" lon="118.7258605845272541046142578125">
        <ele>7.19999980926513671875</ele>
        <time>2021-11-15T03:53:07.000Z</time>
        <extensions>
          <ns3:TrackPointExtension/>
        </extensions>
      </trkpt>
      <trkpt lat="32.0806388743221759796142578125" lon="118.72587583959102630615234375">
        <ele>7.599999904632568359375</ele>
        <time>2021-11-15T03:53:08.000Z</time>
        <extensions>
          <ns3:TrackPointExtension/>
        </extensions>
      </trkpt>
      <trkpt lat="32.08069226704537868499755859375" lon="118.7258910946547985076904296875">
        <ele>7.80000019073486328125</ele>
        <time>2021-11-15T03:53:09.000Z</time>
        <extensions>
          <ns3:TrackPointExtension/>
        </extensions>
      </trkpt>
      <trkpt lat="32.0807418040931224822998046875" lon="118.725906349718570709228515625">
        <ele>8</ele>
        <time>2021-11-15T03:53:10.000Z</time>
        <extensions>
          <ns3:TrackPointExtension>
            <ns3:hr>111</ns3:hr>
          </ns3:TrackPointExtension>
        </extensions>
      </trkpt>
      <trkpt lat="32.0807914249598979949951171875" lon="118.7259216047823429107666015625">
        <ele>7.80000019073486328125</ele>
        <time>2021-11-15T03:53:11.000Z</time>
        <extensions>
          <ns3:TrackPointExtension/>
        </extensions>
      </trkpt>
      <trkpt lat="32.0808410458266735076904296875" lon="118.7259368598461151123046875">
        <ele>7.80000019073486328125</ele>
        <time>2021-11-15T03:53:12.000Z</time>
        <extensions>
          <ns3:TrackPointExtension/>
        </extensions>
      </trkpt>
      <trkpt lat="32.08089443854987621307373046875" lon="118.7259521149098873138427734375">
        <ele>7.599999904632568359375</ele>
        <time>2021-11-15T03:53:13.000Z</time>
        <extensions>
          <ns3:TrackPointExtension/>
        </extensions>
      </trkpt>
      <trkpt lat="32.08094405941665172576904296875" lon="118.725967369973659515380859375">
        <ele>7.400000095367431640625</ele>
        <time>2021-11-15T03:53:14.000Z</time>
        <extensions>
          <ns3:TrackPointExtension/>
        </extensions>
      </trkpt>
      <trkpt lat="32.08099745213985443115234375" lon="118.7259826250374317169189453125">
        <ele>7.400000095367431640625</ele>
        <time>2021-11-15T03:53:15.000Z</time>
        <extensions>
          <ns3:TrackPointExtension>
            <ns3:hr>116</ns3:hr>
          </ns3:TrackPointExtension>
        </extensions>
      </trkpt>
      <trkpt lat="32.08105084486305713653564453125" lon="118.72599025256931781768798828125">
        <ele>7.19999980926513671875</ele>
        <time>2021-11-15T03:53:16.000Z</time>
        <extensions>
          <ns3:TrackPointExtension/>
        </extensions>
      </trkpt>
      <trkpt lat="32.081100381910800933837890625" lon="118.72600550763309001922607421875">
        <ele>7</ele>
        <time>2021-11-15T03:53:17.000Z</time>
        <extensions>
          <ns3:TrackPointExtension/>
        </extensions>
      </trkpt>
      <trkpt lat="32.081150002777576446533203125" lon="118.7260131351649761199951171875">
        <ele>6.80000019073486328125</ele>
        <time>2021-11-15T03:53:18.000Z</time>
        <extensions>
          <ns3:TrackPointExtension/>
        </extensions>
      </trkpt>
      <trkpt lat="32.08120339550077915191650390625" lon="118.726028390228748321533203125">
        <ele>6.80000019073486328125</ele>
        <time>2021-11-15T03:53:19.000Z</time>
        <extensions>
          <ns3:TrackPointExtension/>
        </extensions>
      </trkpt>
      <trkpt lat="32.08125301636755466461181640625" lon="118.72603601776063442230224609375">
        <ele>6.599999904632568359375</ele>
        <time>2021-11-15T03:53:20.000Z</time>
        <extensions>
          <ns3:TrackPointExtension>
            <ns3:hr>114</ns3:hr>
          </ns3:TrackPointExtension>
        </extensions>
      </trkpt>
      <trkpt lat="32.08130263723433017730712890625" lon="118.72605127282440662384033203125">
        <ele>6.599999904632568359375</ele>
        <time>2021-11-15T03:53:21.000Z</time>
        <extensions>
          <ns3:TrackPointExtension/>
        </extensions>
      </trkpt>
      <trkpt lat="32.08134840242564678192138671875" lon="118.726058900356292724609375">
        <ele>6.599999904632568359375</ele>
        <time>2021-11-15T03:53:22.000Z</time>
        <extensions>
          <ns3:TrackPointExtension/>
        </extensions>
      </trkpt>
      <trkpt lat="32.08139416761696338653564453125" lon="118.7260741554200649261474609375">
        <ele>6.599999904632568359375</ele>
        <time>2021-11-15T03:53:23.000Z</time>
        <extensions>
          <ns3:TrackPointExtension/>
        </extensions>
      </trkpt>
      <trkpt lat="32.08143993280827999114990234375" lon="118.72609703801572322845458984375">
        <ele>6.80000019073486328125</ele>
        <time>2021-11-15T03:53:24.000Z</time>
        <extensions>
          <ns3:TrackPointExtension/>
        </extensions>
      </trkpt>
      <trkpt lat="32.08148569799959659576416015625" lon="118.72611229307949542999267578125">
        <ele>6.80000019073486328125</ele>
        <time>2021-11-15T03:53:25.000Z</time>
        <extensions>
          <ns3:TrackPointExtension>
            <ns3:hr>110</ns3:hr>
          </ns3:TrackPointExtension>
        </extensions>
      </trkpt>
      <trkpt lat="32.0815276913344860076904296875" lon="118.7261351756751537322998046875">
        <ele>6.80000019073486328125</ele>
        <time>2021-11-15T03:53:26.000Z</time>
        <extensions>
          <ns3:TrackPointExtension/>
        </extensions>
      </trkpt>
      <trkpt lat="32.0815696008503437042236328125" lon="118.72616576962172985076904296875">
        <ele>6.80000019073486328125</ele>
        <time>2021-11-15T03:53:27.000Z</time>
        <extensions>
          <ns3:TrackPointExtension/>
        </extensions>
      </trkpt>
      <trkpt lat="32.08161159418523311614990234375" lon="118.726188652217388153076171875">
        <ele>6.80000019073486328125</ele>
        <time>2021-11-15T03:53:29.000Z</time>
        <extensions>
          <ns3:TrackPointExtension/>
        </extensions>
      </trkpt>
      <trkpt lat="32.0816497318446636199951171875" lon="118.72621153481304645538330078125">
        <ele>7</ele>
        <time>2021-11-15T03:53:30.000Z</time>
        <extensions>
          <ns3:TrackPointExtension>
            <ns3:hr>108</ns3:hr>
          </ns3:TrackPointExtension>
        </extensions>
      </trkpt>
      <trkpt lat="32.08169172517955303192138671875" lon="118.72624204494059085845947265625">
        <ele>7</ele>
        <time>2021-11-15T03:53:31.000Z</time>
        <extensions>
          <ns3:TrackPointExtension/>
        </extensions>
      </trkpt>
      <trkpt lat="32.0817298628389835357666015625" lon="118.7262649275362491607666015625">
        <ele>7</ele>
        <time>2021-11-15T03:53:32.000Z</time>
        <extensions>
          <ns3:TrackPointExtension/>
        </extensions>
      </trkpt>
      <trkpt lat="32.08176800049841403961181640625" lon="118.72628781013190746307373046875">
        <ele>7</ele>
        <time>2021-11-15T03:53:33.000Z</time>
        <extensions>
          <ns3:TrackPointExtension/>
        </extensions>
      </trkpt>
      <trkpt lat="32.08180613815784454345703125" lon="118.726310692727565765380859375">
        <ele>7</ele>
        <time>2021-11-15T03:53:34.000Z</time>
        <extensions>
          <ns3:TrackPointExtension/>
        </extensions>
      </trkpt>
      <trkpt lat="32.08184427581727504730224609375" lon="118.72633357532322406768798828125">
        <ele>7.19999980926513671875</ele>
        <time>2021-11-15T03:53:35.000Z</time>
        <extensions>
          <ns3:TrackPointExtension>
            <ns3:hr>112</ns3:hr>
          </ns3:TrackPointExtension>
        </extensions>
      </trkpt>
      <trkpt lat="32.08187864162027835845947265625" lon="118.72634883038699626922607421875">
        <ele>7.400000095367431640625</ele>
        <time>2021-11-15T03:53:36.000Z</time>
        <extensions>
          <ns3:TrackPointExtension/>
        </extensions>
      </trkpt>
      <trkpt lat="32.0819167792797088623046875" lon="118.72636408545076847076416015625">
        <ele>7.599999904632568359375</ele>
        <time>2021-11-15T03:53:37.000Z</time>
        <extensions>
          <ns3:TrackPointExtension/>
        </extensions>
      </trkpt>
      <trkpt lat="32.08195491693913936614990234375" lon="118.726371712982654571533203125">
        <ele>7.80000019073486328125</ele>
        <time>2021-11-15T03:53:38.000Z</time>
        <extensions>
          <ns3:TrackPointExtension/>
        </extensions>
      </trkpt>
      <trkpt lat="32.08198928274214267730712890625" lon="118.7263869680464267730712890625">
        <ele>8.19999980926513671875</ele>
        <time>2021-11-15T03:53:39.000Z</time>
        <extensions>
          <ns3:TrackPointExtension/>
        </extensions>
      </trkpt>
      <trkpt lat="32.0820235647261142730712890625" lon="118.72639459557831287384033203125">
        <ele>8.19999980926513671875</ele>
        <time>2021-11-15T03:53:40.000Z</time>
        <extensions>
          <ns3:TrackPointExtension>
            <ns3:hr>112</ns3:hr>
          </ns3:TrackPointExtension>
        </extensions>
      </trkpt>
      <trkpt lat="32.0820540748536586761474609375" lon="118.72639459557831287384033203125">
        <ele>8.3999996185302734375</ele>
        <time>2021-11-15T03:53:41.000Z</time>
        <extensions>
          <ns3:TrackPointExtension/>
        </extensions>
      </trkpt>
      <trkpt lat="32.08208081312477588653564453125" lon="118.7263869680464267730712890625">
        <ele>8.3999996185302734375</ele>
        <time>2021-11-15T03:53:42.000Z</time>
        <extensions>
          <ns3:TrackPointExtension/>
        </extensions>
      </trkpt>
      <trkpt lat="32.0821036957204341888427734375" lon="118.72637934051454067230224609375">
        <ele>8.3999996185302734375</ele>
        <time>2021-11-15T03:53:43.000Z</time>
        <extensions>
          <ns3:TrackPointExtension/>
        </extensions>
      </trkpt>
      <trkpt lat="32.08212272264063358306884765625" lon="118.726371712982654571533203125">
        <ele>8.3999996185302734375</ele>
        <time>2021-11-15T03:53:44.000Z</time>
        <extensions>
          <ns3:TrackPointExtension/>
        </extensions>
      </trkpt>
      <trkpt lat="32.08214183337986469268798828125" lon="118.7263564579188823699951171875">
        <ele>8.3999996185302734375</ele>
        <time>2021-11-15T03:53:45.000Z</time>
        <extensions>
          <ns3:TrackPointExtension>
            <ns3:hr>110</ns3:hr>
          </ns3:TrackPointExtension>
        </extensions>
      </trkpt>
      <trkpt lat="32.08215708844363689422607421875" lon="118.72634883038699626922607421875">
        <ele>8.19999980926513671875</ele>
        <time>2021-11-15T03:53:46.000Z</time>
        <extensions>
          <ns3:TrackPointExtension/>
        </extensions>
      </trkpt>
      <trkpt lat="32.08217619918286800384521484375" lon="118.72633357532322406768798828125">
        <ele>8.19999980926513671875</ele>
        <time>2021-11-15T03:53:47.000Z</time>
        <extensions>
          <ns3:TrackPointExtension/>
        </extensions>
      </trkpt>
      <trkpt lat="32.0821952261030673980712890625" lon="118.72631832025945186614990234375">
        <ele>8</ele>
        <time>2021-11-15T03:53:48.000Z</time>
        <extensions>
          <ns3:TrackPointExtension/>
        </extensions>
      </trkpt>
      <trkpt lat="32.0822143368422985076904296875" lon="118.7262954376637935638427734375">
        <ele>7.80000019073486328125</ele>
        <time>2021-11-15T03:53:49.000Z</time>
        <extensions>
          <ns3:TrackPointExtension/>
        </extensions>
      </trkpt>
      <trkpt lat="32.08223336376249790191650390625" lon="118.7262801826000213623046875">
        <ele>7.599999904632568359375</ele>
        <time>2021-11-15T03:53:50.000Z</time>
        <extensions>
          <ns3:TrackPointExtension>
            <ns3:hr>110</ns3:hr>
          </ns3:TrackPointExtension>
        </extensions>
      </trkpt>
      <trkpt lat="32.08225247450172901153564453125" lon="118.7262649275362491607666015625">
        <ele>7.400000095367431640625</ele>
        <time>2021-11-15T03:53:51.000Z</time>
        <extensions>
          <ns3:TrackPointExtension/>
        </extensions>
      </trkpt>
      <trkpt lat="32.08227912895381450653076171875" lon="118.726249672472476959228515625">
        <ele>7.19999980926513671875</ele>
        <time>2021-11-15T03:53:52.000Z</time>
        <extensions>
          <ns3:TrackPointExtension/>
        </extensions>
      </trkpt>
      <trkpt lat="32.082302011549472808837890625" lon="118.72624204494059085845947265625">
        <ele>7</ele>
        <time>2021-11-15T03:53:53.000Z</time>
        <extensions>
          <ns3:TrackPointExtension/>
        </extensions>
      </trkpt>
      <trkpt lat="32.0823363773524761199951171875" lon="118.72624204494059085845947265625">
        <ele>7</ele>
        <time>2021-11-15T03:53:54.000Z</time>
        <extensions>
          <ns3:TrackPointExtension/>
        </extensions>
      </trkpt>
      <trkpt lat="32.08237074315547943115234375" lon="118.726249672472476959228515625">
        <ele>6.80000019073486328125</ele>
        <time>2021-11-15T03:53:55.000Z</time>
        <extensions>
          <ns3:TrackPointExtension>
            <ns3:hr>107</ns3:hr>
          </ns3:TrackPointExtension>
        </extensions>
      </trkpt>
      <trkpt lat="32.08240888081490993499755859375" lon="118.726249672472476959228515625">
        <ele>6.80000019073486328125</ele>
        <time>2021-11-15T03:53:56.000Z</time>
        <extensions>
          <ns3:TrackPointExtension/>
        </extensions>
      </trkpt>
      <trkpt lat="32.08244316279888153076171875" lon="118.72625730000436305999755859375">
        <ele>6.599999904632568359375</ele>
        <time>2021-11-15T03:53:57.000Z</time>
        <extensions>
          <ns3:TrackPointExtension/>
        </extensions>
      </trkpt>
      <trkpt lat="32.08248138427734375" lon="118.7262649275362491607666015625">
        <ele>6.599999904632568359375</ele>
        <time>2021-11-15T03:53:58.000Z</time>
        <extensions>
          <ns3:TrackPointExtension/>
        </extensions>
      </trkpt>
      <trkpt lat="32.08251952193677425384521484375" lon="118.7262801826000213623046875">
        <ele>6.80000019073486328125</ele>
        <time>2021-11-15T03:53:59.000Z</time>
        <extensions>
          <ns3:TrackPointExtension/>
        </extensions>
      </trkpt>
      <trkpt lat="32.0825576595962047576904296875" lon="118.7262954376637935638427734375">
        <ele>6.80000019073486328125</ele>
        <time>2021-11-15T03:54:00.000Z</time>
        <extensions>
          <ns3:TrackPointExtension>
            <ns3:hr>108</ns3:hr>
          </ns3:TrackPointExtension>
        </extensions>
      </trkpt>
      <trkpt lat="32.08259194158017635345458984375" lon="118.72631832025945186614990234375">
        <ele>7</ele>
        <time>2021-11-15T03:54:01.000Z</time>
        <extensions>
          <ns3:TrackPointExtension/>
        </extensions>
      </trkpt>
      <trkpt lat="32.08262630738317966461181640625" lon="118.72634120285511016845703125">
        <ele>7.19999980926513671875</ele>
        <time>2021-11-15T03:54:02.000Z</time>
        <extensions>
          <ns3:TrackPointExtension/>
        </extensions>
      </trkpt>
      <trkpt lat="32.08266067318618297576904296875" lon="118.72636408545076847076416015625">
        <ele>7.400000095367431640625</ele>
        <time>2021-11-15T03:54:03.000Z</time>
        <extensions>
          <ns3:TrackPointExtension/>
        </extensions>
      </trkpt>
      <trkpt lat="32.082694955170154571533203125" lon="118.7263869680464267730712890625">
        <ele>7.599999904632568359375</ele>
        <time>2021-11-15T03:54:04.000Z</time>
        <extensions>
          <ns3:TrackPointExtension/>
        </extensions>
      </trkpt>
      <trkpt lat="32.08273309282958507537841796875" lon="118.72640985064208507537841796875">
        <ele>7.599999904632568359375</ele>
        <time>2021-11-15T03:54:05.000Z</time>
        <extensions>
          <ns3:TrackPointExtension>
            <ns3:hr>109</ns3:hr>
          </ns3:TrackPointExtension>
        </extensions>
      </trkpt>
      <trkpt lat="32.08276745863258838653564453125" lon="118.72642510570585727691650390625">
        <ele>7.80000019073486328125</ele>
        <time>2021-11-15T03:54:06.000Z</time>
        <extensions>
          <ns3:TrackPointExtension/>
        </extensions>
      </trkpt>
      <trkpt lat="32.082805596292018890380859375" lon="118.7264479883015155792236328125">
        <ele>8</ele>
        <time>2021-11-15T03:54:07.000Z</time>
        <extensions>
          <ns3:TrackPointExtension/>
        </extensions>
      </trkpt>
      <trkpt lat="32.0828399620950222015380859375" lon="118.72647087089717388153076171875">
        <ele>8.19999980926513671875</ele>
        <time>2021-11-15T03:54:08.000Z</time>
        <extensions>
          <ns3:TrackPointExtension/>
        </extensions>
      </trkpt>
      <trkpt lat="32.08287809975445270538330078125" lon="118.726493753492832183837890625">
        <ele>8.3999996185302734375</ele>
        <time>2021-11-15T03:54:09.000Z</time>
        <extensions>
          <ns3:TrackPointExtension/>
        </extensions>
      </trkpt>
      <trkpt lat="32.082916237413883209228515625" lon="118.7265167199075222015380859375">
        <ele>8.80000019073486328125</ele>
        <time>2021-11-15T03:54:10.000Z</time>
        <extensions>
          <ns3:TrackPointExtension>
            <ns3:hr>113</ns3:hr>
          </ns3:TrackPointExtension>
        </extensions>
      </trkpt>
      <trkpt lat="32.08295437507331371307373046875" lon="118.726531974971294403076171875">
        <ele>8.80000019073486328125</ele>
        <time>2021-11-15T03:54:11.000Z</time>
        <extensions>
          <ns3:TrackPointExtension/>
        </extensions>
      </trkpt>
      <trkpt lat="32.082996368408203125" lon="118.72653960250318050384521484375">
        <ele>8.80000019073486328125</ele>
        <time>2021-11-15T03:54:12.000Z</time>
        <extensions>
          <ns3:TrackPointExtension/>
        </extensions>
      </trkpt>
      <trkpt lat="32.083038277924060821533203125" lon="118.72655485756695270538330078125">
        <ele>8.80000019073486328125</ele>
        <time>2021-11-15T03:54:13.000Z</time>
        <extensions>
          <ns3:TrackPointExtension/>
        </extensions>
      </trkpt>
      <trkpt lat="32.08308027125895023345947265625" lon="118.72656248509883880615234375">
        <ele>8.80000019073486328125</ele>
        <time>2021-11-15T03:54:14.000Z</time>
        <extensions>
          <ns3:TrackPointExtension/>
        </extensions>
      </trkpt>
      <trkpt lat="32.08312218077480792999267578125" lon="118.7265777401626110076904296875">
        <ele>9</ele>
        <time>2021-11-15T03:54:15.000Z</time>
        <extensions>
          <ns3:TrackPointExtension>
            <ns3:hr>113</ns3:hr>
          </ns3:TrackPointExtension>
        </extensions>
      </trkpt>
      <trkpt lat="32.083160318434238433837890625" lon="118.726592995226383209228515625">
        <ele>9</ele>
        <time>2021-11-15T03:54:16.000Z</time>
        <extensions>
          <ns3:TrackPointExtension/>
        </extensions>
      </trkpt>
      <trkpt lat="32.083198539912700653076171875" lon="118.72661587782204151153564453125">
        <ele>9.19999980926513671875</ele>
        <time>2021-11-15T03:54:17.000Z</time>
        <extensions>
          <ns3:TrackPointExtension/>
        </extensions>
      </trkpt>
      <trkpt lat="32.08323667757213115692138671875" lon="118.7266235053539276123046875">
        <ele>9</ele>
        <time>2021-11-15T03:54:18.000Z</time>
        <extensions>
          <ns3:TrackPointExtension/>
        </extensions>
      </trkpt>
      <trkpt lat="32.08327858708798885345458984375" lon="118.7266387604176998138427734375">
        <ele>9</ele>
        <time>2021-11-15T03:54:19.000Z</time>
        <extensions>
          <ns3:TrackPointExtension/>
        </extensions>
      </trkpt>
      <trkpt lat="32.0833167247474193572998046875" lon="118.726654015481472015380859375">
        <ele>8.80000019073486328125</ele>
        <time>2021-11-15T03:54:20.000Z</time>
        <extensions>
          <ns3:TrackPointExtension>
            <ns3:hr>115</ns3:hr>
          </ns3:TrackPointExtension>
        </extensions>
      </trkpt>
      <trkpt lat="32.08335871808230876922607421875" lon="118.72666164301335811614990234375">
        <ele>8.3999996185302734375</ele>
        <time>2021-11-15T03:54:21.000Z</time>
        <extensions>
          <ns3:TrackPointExtension/>
        </extensions>
      </trkpt>
      <trkpt lat="32.0833968557417392730712890625" lon="118.7266692705452442169189453125">
        <ele>8.19999980926513671875</ele>
        <time>2021-11-15T03:54:22.000Z</time>
        <extensions>
          <ns3:TrackPointExtension/>
        </extensions>
      </trkpt>
      <trkpt lat="32.08343499340116977691650390625" lon="118.72667689807713031768798828125">
        <ele>8</ele>
        <time>2021-11-15T03:54:23.000Z</time>
        <extensions>
          <ns3:TrackPointExtension/>
        </extensions>
      </trkpt>
      <trkpt lat="32.08347313106060028076171875" lon="118.72668452560901641845703125">
        <ele>7.599999904632568359375</ele>
        <time>2021-11-15T03:54:24.000Z</time>
        <extensions>
          <ns3:TrackPointExtension/>
        </extensions>
      </trkpt>
      <trkpt lat="32.08351512439548969268798828125" lon="118.72668452560901641845703125">
        <ele>7.400000095367431640625</ele>
        <time>2021-11-15T03:54:25.000Z</time>
        <extensions>
          <ns3:TrackPointExtension>
            <ns3:hr>120</ns3:hr>
          </ns3:TrackPointExtension>
        </extensions>
      </trkpt>
      <trkpt lat="32.0835571177303791046142578125" lon="118.72668452560901641845703125">
        <ele>7.400000095367431640625</ele>
        <time>2021-11-15T03:54:26.000Z</time>
        <extensions>
          <ns3:TrackPointExtension/>
        </extensions>
      </trkpt>
      <trkpt lat="32.0835990272462368011474609375" lon="118.72669215314090251922607421875">
        <ele>7.400000095367431640625</ele>
        <time>2021-11-15T03:54:27.000Z</time>
        <extensions>
          <ns3:TrackPointExtension/>
        </extensions>
      </trkpt>
      <trkpt lat="32.08363716490566730499267578125" lon="118.72669215314090251922607421875">
        <ele>7.400000095367431640625</ele>
        <time>2021-11-15T03:54:28.000Z</time>
        <extensions>
          <ns3:TrackPointExtension/>
        </extensions>
      </trkpt>
      <trkpt lat="32.0836791582405567169189453125" lon="118.72669215314090251922607421875">
        <ele>7.400000095367431640625</ele>
        <time>2021-11-15T03:54:29.000Z</time>
        <extensions>
          <ns3:TrackPointExtension/>
        </extensions>
      </trkpt>
      <trkpt lat="32.08372115157544612884521484375" lon="118.7266997806727886199951171875">
        <ele>7.599999904632568359375</ele>
        <time>2021-11-15T03:54:30.000Z</time>
        <extensions>
          <ns3:TrackPointExtension>
            <ns3:hr>117</ns3:hr>
          </ns3:TrackPointExtension>
        </extensions>
      </trkpt>
      <trkpt lat="32.08376306109130382537841796875" lon="118.72670740820467472076416015625">
        <ele>7.599999904632568359375</ele>
        <time>2021-11-15T03:54:31.000Z</time>
        <extensions>
          <ns3:TrackPointExtension/>
        </extensions>
      </trkpt>
      <trkpt lat="32.0838050544261932373046875" lon="118.726715035736560821533203125">
        <ele>7.400000095367431640625</ele>
        <time>2021-11-15T03:54:32.000Z</time>
        <extensions>
          <ns3:TrackPointExtension/>
        </extensions>
      </trkpt>
      <trkpt lat="32.083846963942050933837890625" lon="118.72672266326844692230224609375">
        <ele>7</ele>
        <time>2021-11-15T03:54:33.000Z</time>
        <extensions>
          <ns3:TrackPointExtension/>
        </extensions>
      </trkpt>
      <trkpt lat="32.08388895727694034576416015625" lon="118.72673791833221912384033203125">
        <ele>6.80000019073486328125</ele>
        <time>2021-11-15T03:54:34.000Z</time>
        <extensions>
          <ns3:TrackPointExtension/>
        </extensions>
      </trkpt>
      <trkpt lat="32.083927094936370849609375" lon="118.726745545864105224609375">
        <ele>6.400000095367431640625</ele>
        <time>2021-11-15T03:54:35.000Z</time>
        <extensions>
          <ns3:TrackPointExtension>
            <ns3:hr>119</ns3:hr>
          </ns3:TrackPointExtension>
        </extensions>
      </trkpt>
      <trkpt lat="32.08396908827126026153564453125" lon="118.7267608009278774261474609375">
        <ele>6</ele>
        <time>2021-11-15T03:54:36.000Z</time>
        <extensions>
          <ns3:TrackPointExtension/>
        </extensions>
      </trkpt>
      <trkpt lat="32.08401485346257686614990234375" lon="118.726776055991649627685546875">
        <ele>5.599999904632568359375</ele>
        <time>2021-11-15T03:54:37.000Z</time>
        <extensions>
          <ns3:TrackPointExtension/>
        </extensions>
      </trkpt>
      <trkpt lat="32.084056846797466278076171875" lon="118.7267913110554218292236328125">
        <ele>5.19999980926513671875</ele>
        <time>2021-11-15T03:54:38.000Z</time>
        <extensions>
          <ns3:TrackPointExtension/>
        </extensions>
      </trkpt>
      <trkpt lat="32.084098756313323974609375" lon="118.72679893858730792999267578125">
        <ele>4.599999904632568359375</ele>
        <time>2021-11-15T03:54:39.000Z</time>
        <extensions>
          <ns3:TrackPointExtension/>
        </extensions>
      </trkpt>
      <trkpt lat="32.08414074964821338653564453125" lon="118.72681419365108013153076171875">
        <ele>4</ele>
        <time>2021-11-15T03:54:40.000Z</time>
        <extensions>
          <ns3:TrackPointExtension>
            <ns3:hr>115</ns3:hr>
          </ns3:TrackPointExtension>
        </extensions>
      </trkpt>
      <trkpt lat="32.084178887307643890380859375" lon="118.7268218211829662322998046875">
        <ele>3.599999904632568359375</ele>
        <time>2021-11-15T03:54:41.000Z</time>
        <extensions>
          <ns3:TrackPointExtension/>
        </extensions>
      </trkpt>
      <trkpt lat="32.08422088064253330230712890625" lon="118.726837076246738433837890625">
        <ele>3.2000000476837158203125</ele>
        <time>2021-11-15T03:54:42.000Z</time>
        <extensions>
          <ns3:TrackPointExtension/>
        </extensions>
      </trkpt>
      <trkpt lat="32.08425901830196380615234375" lon="118.72685241512954235076904296875">
        <ele>2.7999999523162841796875</ele>
        <time>2021-11-15T03:54:43.000Z</time>
        <extensions>
          <ns3:TrackPointExtension/>
        </extensions>
      </trkpt>
      <trkpt lat="32.084300927817821502685546875" lon="118.72686767019331455230712890625">
        <ele>2.400000095367431640625</ele>
        <time>2021-11-15T03:54:44.000Z</time>
        <extensions>
          <ns3:TrackPointExtension/>
        </extensions>
      </trkpt>
      <trkpt lat="32.08433906547725200653076171875" lon="118.726875297725200653076171875">
        <ele>2</ele>
        <time>2021-11-15T03:54:45.000Z</time>
        <extensions>
          <ns3:TrackPointExtension>
            <ns3:hr>114</ns3:hr>
          </ns3:TrackPointExtension>
        </extensions>
      </trkpt>
      <trkpt lat="32.08437728695571422576904296875" lon="118.7268905527889728546142578125">
        <ele>1.7999999523162841796875</ele>
        <time>2021-11-15T03:54:46.000Z</time>
        <extensions>
          <ns3:TrackPointExtension/>
        </extensions>
      </trkpt>
      <trkpt lat="32.08441919647157192230224609375" lon="118.72690580785274505615234375">
        <ele>1.60000002384185791015625</ele>
        <time>2021-11-15T03:54:47.000Z</time>
        <extensions>
          <ns3:TrackPointExtension/>
        </extensions>
      </trkpt>
      <trkpt lat="32.0844573341310024261474609375" lon="118.7269210629165172576904296875">
        <ele>1.60000002384185791015625</ele>
        <time>2021-11-15T03:54:48.000Z</time>
        <extensions>
          <ns3:TrackPointExtension/>
        </extensions>
      </trkpt>
      <trkpt lat="32.08449547179043292999267578125" lon="118.72694394551217555999755859375">
        <ele>1.39999997615814208984375</ele>
        <time>2021-11-15T03:54:49.000Z</time>
        <extensions>
          <ns3:TrackPointExtension/>
        </extensions>
      </trkpt>
      <trkpt lat="32.0845374651253223419189453125" lon="118.72695920057594776153564453125">
        <ele>1.2000000476837158203125</ele>
        <time>2021-11-15T03:54:50.000Z</time>
        <extensions>
          <ns3:TrackPointExtension>
            <ns3:hr>117</ns3:hr>
          </ns3:TrackPointExtension>
        </extensions>
      </trkpt>
      <trkpt lat="32.08457560278475284576416015625" lon="118.72697445563971996307373046875">
        <ele>1.2000000476837158203125</ele>
        <time>2021-11-15T03:54:51.000Z</time>
        <extensions>
          <ns3:TrackPointExtension/>
        </extensions>
      </trkpt>
      <trkpt lat="32.0846175961196422576904296875" lon="118.72698971070349216461181640625">
        <ele>1</ele>
        <time>2021-11-15T03:54:52.000Z</time>
        <extensions>
          <ns3:TrackPointExtension/>
        </extensions>
      </trkpt>
      <trkpt lat="32.0846595056354999542236328125" lon="118.72700496576726436614990234375">
        <ele>1.2000000476837158203125</ele>
        <time>2021-11-15T03:54:53.000Z</time>
        <extensions>
          <ns3:TrackPointExtension/>
        </extensions>
      </trkpt>
      <trkpt lat="32.084705270826816558837890625" lon="118.72702022083103656768798828125">
        <ele>1.39999997615814208984375</ele>
        <time>2021-11-15T03:54:54.000Z</time>
        <extensions>
          <ns3:TrackPointExtension/>
        </extensions>
      </trkpt>
      <trkpt lat="32.08474726416170597076416015625" lon="118.72703547589480876922607421875">
        <ele>1.7999999523162841796875</ele>
        <time>2021-11-15T03:54:55.000Z</time>
        <extensions>
          <ns3:TrackPointExtension>
            <ns3:hr>116</ns3:hr>
          </ns3:TrackPointExtension>
        </extensions>
      </trkpt>
      <trkpt lat="32.0847892574965953826904296875" lon="118.7270431034266948699951171875">
        <ele>2</ele>
        <time>2021-11-15T03:54:56.000Z</time>
        <extensions>
          <ns3:TrackPointExtension/>
        </extensions>
      </trkpt>
      <trkpt lat="32.0848350226879119873046875" lon="118.72705073095858097076416015625">
        <ele>2.2000000476837158203125</ele>
        <time>2021-11-15T03:54:57.000Z</time>
        <extensions>
          <ns3:TrackPointExtension/>
        </extensions>
      </trkpt>
      <trkpt lat="32.084876932203769683837890625" lon="118.72706598602235317230224609375">
        <ele>2.400000095367431640625</ele>
        <time>2021-11-15T03:54:58.000Z</time>
        <extensions>
          <ns3:TrackPointExtension/>
        </extensions>
      </trkpt>
      <trkpt lat="32.08491892553865909576416015625" lon="118.7270736135542392730712890625">
        <ele>2.599999904632568359375</ele>
        <time>2021-11-15T03:54:59.000Z</time>
        <extensions>
          <ns3:TrackPointExtension/>
        </extensions>
      </trkpt>
      <trkpt lat="32.0849609188735485076904296875" lon="118.72708124108612537384033203125">
        <ele>2.7999999523162841796875</ele>
        <time>2021-11-15T03:55:00.000Z</time>
        <extensions>
          <ns3:TrackPointExtension>
            <ns3:hr>115</ns3:hr>
          </ns3:TrackPointExtension>
        </extensions>
      </trkpt>
      <trkpt lat="32.08499905653297901153564453125" lon="118.727088868618011474609375">
        <ele>3</ele>
        <time>2021-11-15T03:55:01.000Z</time>
        <extensions>
          <ns3:TrackPointExtension/>
        </extensions>
      </trkpt>
      <trkpt lat="32.08504096604883670806884765625" lon="118.727088868618011474609375">
        <ele>3.2000000476837158203125</ele>
        <time>2021-11-15T03:55:02.000Z</time>
        <extensions>
          <ns3:TrackPointExtension/>
        </extensions>
      </trkpt>
      <trkpt lat="32.08507918752729892730712890625" lon="118.7271041236817836761474609375">
        <ele>3.400000095367431640625</ele>
        <time>2021-11-15T03:55:03.000Z</time>
        <extensions>
          <ns3:TrackPointExtension/>
        </extensions>
      </trkpt>
      <trkpt lat="32.0851134695112705230712890625" lon="118.72711175121366977691650390625">
        <ele>3.599999904632568359375</ele>
        <time>2021-11-15T03:55:04.000Z</time>
        <extensions>
          <ns3:TrackPointExtension/>
        </extensions>
      </trkpt>
      <trkpt lat="32.085147835314273834228515625" lon="118.727119378745555877685546875">
        <ele>3.7999999523162841796875</ele>
        <time>2021-11-15T03:55:05.000Z</time>
        <extensions>
          <ns3:TrackPointExtension>
            <ns3:hr>118</ns3:hr>
          </ns3:TrackPointExtension>
        </extensions>
      </trkpt>
      <trkpt lat="32.08518211729824542999267578125" lon="118.727119378745555877685546875">
        <ele>3.7999999523162841796875</ele>
        <time>2021-11-15T03:55:06.000Z</time>
        <extensions>
          <ns3:TrackPointExtension/>
        </extensions>
      </trkpt>
      <trkpt lat="32.085208855569362640380859375" lon="118.72712700627744197845458984375">
        <ele>3.7999999523162841796875</ele>
        <time>2021-11-15T03:55:07.000Z</time>
        <extensions>
          <ns3:TrackPointExtension/>
        </extensions>
      </trkpt>
      <trkpt lat="32.08523559384047985076904296875" lon="118.72712700627744197845458984375">
        <ele>3.7999999523162841796875</ele>
        <time>2021-11-15T03:55:08.000Z</time>
        <extensions>
          <ns3:TrackPointExtension/>
        </extensions>
      </trkpt>
      <trkpt lat="32.085258476436138153076171875" lon="118.7271346338093280792236328125">
        <ele>4</ele>
        <time>2021-11-15T03:55:09.000Z</time>
        <extensions>
          <ns3:TrackPointExtension/>
        </extensions>
      </trkpt>
      <trkpt lat="32.08527750335633754730224609375" lon="118.7271346338093280792236328125">
        <ele>4</ele>
        <time>2021-11-15T03:55:10.000Z</time>
        <extensions>
          <ns3:TrackPointExtension>
            <ns3:hr>118</ns3:hr>
          </ns3:TrackPointExtension>
        </extensions>
      </trkpt>
      <trkpt lat="32.08528898656368255615234375" lon="118.72712700627744197845458984375">
        <ele>3.7999999523162841796875</ele>
        <time>2021-11-15T03:55:11.000Z</time>
        <extensions>
          <ns3:TrackPointExtension/>
        </extensions>
      </trkpt>
      <trkpt lat="32.08529661409556865692138671875" lon="118.72712700627744197845458984375">
        <ele>3.7999999523162841796875</ele>
        <time>2021-11-15T03:55:12.000Z</time>
        <extensions>
          <ns3:TrackPointExtension/>
        </extensions>
      </trkpt>
      <trkpt lat="32.08529661409556865692138671875" lon="118.727119378745555877685546875">
        <ele>3.7999999523162841796875</ele>
        <time>2021-11-15T03:55:13.000Z</time>
        <extensions>
          <ns3:TrackPointExtension/>
        </extensions>
      </trkpt>
      <trkpt lat="32.08529275842010974884033203125" lon="118.72711175121366977691650390625">
        <ele>3.7999999523162841796875</ele>
        <time>2021-11-15T03:55:14.000Z</time>
        <extensions>
          <ns3:TrackPointExtension/>
        </extensions>
      </trkpt>
      <trkpt lat="32.0852851308882236480712890625" lon="118.72711175121366977691650390625">
        <ele>3.7999999523162841796875</ele>
        <time>2021-11-15T03:55:15.000Z</time>
        <extensions>
          <ns3:TrackPointExtension>
            <ns3:hr>118</ns3:hr>
          </ns3:TrackPointExtension>
        </extensions>
      </trkpt>
      <trkpt lat="32.085269875824451446533203125" lon="118.7271041236817836761474609375">
        <ele>3.599999904632568359375</ele>
        <time>2021-11-15T03:55:16.000Z</time>
        <extensions>
          <ns3:TrackPointExtension/>
        </extensions>
      </trkpt>
      <trkpt lat="32.08525084890425205230712890625" lon="118.72709649614989757537841796875">
        <ele>3.599999904632568359375</ele>
        <time>2021-11-15T03:55:17.000Z</time>
        <extensions>
          <ns3:TrackPointExtension/>
        </extensions>
      </trkpt>
      <trkpt lat="32.08522796630859375" lon="118.727088868618011474609375">
        <ele>3.599999904632568359375</ele>
        <time>2021-11-15T03:55:18.000Z</time>
        <extensions>
          <ns3:TrackPointExtension/>
        </extensions>
      </trkpt>
      <trkpt lat="32.08520122803747653961181640625" lon="118.72708124108612537384033203125">
        <ele>3.599999904632568359375</ele>
        <time>2021-11-15T03:55:19.000Z</time>
        <extensions>
          <ns3:TrackPointExtension/>
        </extensions>
      </trkpt>
      <trkpt lat="32.08517071790993213653564453125" lon="118.7270736135542392730712890625">
        <ele>3.400000095367431640625</ele>
        <time>2021-11-15T03:55:20.000Z</time>
        <extensions>
          <ns3:TrackPointExtension>
            <ns3:hr>114</ns3:hr>
          </ns3:TrackPointExtension>
        </extensions>
      </trkpt>
      <trkpt lat="32.08513635210692882537841796875" lon="118.7270736135542392730712890625">
        <ele>3.400000095367431640625</ele>
        <time>2021-11-15T03:55:21.000Z</time>
        <extensions>
          <ns3:TrackPointExtension/>
        </extensions>
      </trkpt>
      <trkpt lat="32.0851020701229572296142578125" lon="118.72706598602235317230224609375">
        <ele>3.2000000476837158203125</ele>
        <time>2021-11-15T03:55:22.000Z</time>
        <extensions>
          <ns3:TrackPointExtension/>
        </extensions>
      </trkpt>
      <trkpt lat="32.0850715599954128265380859375" lon="118.72706598602235317230224609375">
        <ele>3</ele>
        <time>2021-11-15T03:55:23.000Z</time>
        <extensions>
          <ns3:TrackPointExtension/>
        </extensions>
      </trkpt>
      <trkpt lat="32.085037194192409515380859375" lon="118.72706598602235317230224609375">
        <ele>3</ele>
        <time>2021-11-15T03:55:24.000Z</time>
        <extensions>
          <ns3:TrackPointExtension/>
        </extensions>
      </trkpt>
      <trkpt lat="32.08499905653297901153564453125" lon="118.727058358490467071533203125">
        <ele>2.7999999523162841796875</ele>
        <time>2021-11-15T03:55:25.000Z</time>
        <extensions>
          <ns3:TrackPointExtension>
            <ns3:hr>111</ns3:hr>
          </ns3:TrackPointExtension>
        </extensions>
      </trkpt>
      <trkpt lat="32.08496854640543460845947265625" lon="118.727058358490467071533203125">
        <ele>2.599999904632568359375</ele>
        <time>2021-11-15T03:55:26.000Z</time>
        <extensions>
          <ns3:TrackPointExtension/>
        </extensions>
      </trkpt>
      <trkpt lat="32.0849304087460041046142578125" lon="118.727058358490467071533203125">
        <ele>2.599999904632568359375</ele>
        <time>2021-11-15T03:55:27.000Z</time>
        <extensions>
          <ns3:TrackPointExtension/>
        </extensions>
      </trkpt>
      <trkpt lat="32.0848998986184597015380859375" lon="118.727058358490467071533203125">
        <ele>2.400000095367431640625</ele>
        <time>2021-11-15T03:55:28.000Z</time>
        <extensions>
          <ns3:TrackPointExtension/>
        </extensions>
      </trkpt>
      <trkpt lat="32.08486930467188358306884765625" lon="118.72706598602235317230224609375">
        <ele>2.400000095367431640625</ele>
        <time>2021-11-15T03:55:29.000Z</time>
        <extensions>
          <ns3:TrackPointExtension/>
        </extensions>
      </trkpt>
      <trkpt lat="32.08483879454433917999267578125" lon="118.7270736135542392730712890625">
        <ele>2.400000095367431640625</ele>
        <time>2021-11-15T03:55:30.000Z</time>
        <extensions>
          <ns3:TrackPointExtension>
            <ns3:hr>113</ns3:hr>
          </ns3:TrackPointExtension>
        </extensions>
      </trkpt>
      <trkpt lat="32.08481214009225368499755859375" lon="118.727088868618011474609375">
        <ele>2.400000095367431640625</ele>
        <time>2021-11-15T03:55:31.000Z</time>
        <extensions>
          <ns3:TrackPointExtension/>
        </extensions>
      </trkpt>
      <trkpt lat="32.0847892574965953826904296875" lon="118.7271041236817836761474609375">
        <ele>2.400000095367431640625</ele>
        <time>2021-11-15T03:55:32.000Z</time>
        <extensions>
          <ns3:TrackPointExtension/>
        </extensions>
      </trkpt>
      <trkpt lat="32.0847701467573642730712890625" lon="118.72712700627744197845458984375">
        <ele>2.400000095367431640625</ele>
        <time>2021-11-15T03:55:33.000Z</time>
        <extensions>
          <ns3:TrackPointExtension/>
        </extensions>
      </trkpt>
      <trkpt lat="32.084754891693592071533203125" lon="118.72714988887310028076171875">
        <ele>2.599999904632568359375</ele>
        <time>2021-11-15T03:55:35.000Z</time>
        <extensions>
          <ns3:TrackPointExtension>
            <ns3:hr>117</ns3:hr>
          </ns3:TrackPointExtension>
        </extensions>
      </trkpt>
      <trkpt lat="32.08474726416170597076416015625" lon="118.72717277146875858306884765625">
        <ele>2.599999904632568359375</ele>
        <time>2021-11-15T03:55:36.000Z</time>
        <extensions>
          <ns3:TrackPointExtension/>
        </extensions>
      </trkpt>
      <trkpt lat="32.0847396366298198699951171875" lon="118.7272033654153347015380859375">
        <ele>2.599999904632568359375</ele>
        <time>2021-11-15T03:55:37.000Z</time>
        <extensions>
          <ns3:TrackPointExtension/>
        </extensions>
      </trkpt>
      <trkpt lat="32.084743492305278778076171875" lon="118.7272338755428791046142578125">
        <ele>2.7999999523162841796875</ele>
        <time>2021-11-15T03:55:38.000Z</time>
        <extensions>
          <ns3:TrackPointExtension/>
        </extensions>
      </trkpt>
      <trkpt lat="32.08475111983716487884521484375" lon="118.72725675813853740692138671875">
        <ele>3</ele>
        <time>2021-11-15T03:55:39.000Z</time>
        <extensions>
          <ns3:TrackPointExtension/>
        </extensions>
      </trkpt>
      <trkpt lat="32.08476637490093708038330078125" lon="118.72728726826608180999755859375">
        <ele>3.2000000476837158203125</ele>
        <time>2021-11-15T03:55:40.000Z</time>
        <extensions>
          <ns3:TrackPointExtension>
            <ns3:hr>119</ns3:hr>
          </ns3:TrackPointExtension>
        </extensions>
      </trkpt>
      <trkpt lat="32.0847892574965953826904296875" lon="118.7273101508617401123046875">
        <ele>3.400000095367431640625</ele>
        <time>2021-11-15T03:55:41.000Z</time>
        <extensions>
          <ns3:TrackPointExtension/>
        </extensions>
      </trkpt>
      <trkpt lat="32.084815911948680877685546875" lon="118.72733303345739841461181640625">
        <ele>3.7999999523162841796875</ele>
        <time>2021-11-15T03:55:42.000Z</time>
        <extensions>
          <ns3:TrackPointExtension/>
        </extensions>
      </trkpt>
      <trkpt lat="32.08484642207622528076171875" lon="118.72734828852117061614990234375">
        <ele>4.19999980926513671875</ele>
        <time>2021-11-15T03:55:43.000Z</time>
        <extensions>
          <ns3:TrackPointExtension/>
        </extensions>
      </trkpt>
      <trkpt lat="32.0848807878792285919189453125" lon="118.72737117111682891845703125">
        <ele>4.599999904632568359375</ele>
        <time>2021-11-15T03:55:44.000Z</time>
        <extensions>
          <ns3:TrackPointExtension/>
        </extensions>
      </trkpt>
      <trkpt lat="32.08491892553865909576416015625" lon="118.7273864261806011199951171875">
        <ele>5</ele>
        <time>2021-11-15T03:55:45.000Z</time>
        <extensions>
          <ns3:TrackPointExtension>
            <ns3:hr>117</ns3:hr>
          </ns3:TrackPointExtension>
        </extensions>
      </trkpt>
      <trkpt lat="32.0849609188735485076904296875" lon="118.727401681244373321533203125">
        <ele>5.400000095367431640625</ele>
        <time>2021-11-15T03:55:46.000Z</time>
        <extensions>
          <ns3:TrackPointExtension/>
        </extensions>
      </trkpt>
      <trkpt lat="32.0850028283894062042236328125" lon="118.72740930877625942230224609375">
        <ele>5.80000019073486328125</ele>
        <time>2021-11-15T03:55:47.000Z</time>
        <extensions>
          <ns3:TrackPointExtension/>
        </extensions>
      </trkpt>
      <trkpt lat="32.085048593580722808837890625" lon="118.72742456384003162384033203125">
        <ele>6</ele>
        <time>2021-11-15T03:55:48.000Z</time>
        <extensions>
          <ns3:TrackPointExtension/>
        </extensions>
      </trkpt>
      <trkpt lat="32.08509444259107112884521484375" lon="118.727432191371917724609375">
        <ele>6.400000095367431640625</ele>
        <time>2021-11-15T03:55:49.000Z</time>
        <extensions>
          <ns3:TrackPointExtension/>
        </extensions>
      </trkpt>
      <trkpt lat="32.08514020778238773345947265625" lon="118.7274474464356899261474609375">
        <ele>6.599999904632568359375</ele>
        <time>2021-11-15T03:55:50.000Z</time>
        <extensions>
          <ns3:TrackPointExtension>
            <ns3:hr>119</ns3:hr>
          </ns3:TrackPointExtension>
        </extensions>
      </trkpt>
      <trkpt lat="32.08518597297370433807373046875" lon="118.72745507396757602691650390625">
        <ele>7</ele>
        <time>2021-11-15T03:55:51.000Z</time>
        <extensions>
          <ns3:TrackPointExtension/>
        </extensions>
      </trkpt>
      <trkpt lat="32.08523173816502094268798828125" lon="118.72747032903134822845458984375">
        <ele>7.19999980926513671875</ele>
        <time>2021-11-15T03:55:52.000Z</time>
        <extensions>
          <ns3:TrackPointExtension/>
        </extensions>
      </trkpt>
      <trkpt lat="32.0852737314999103546142578125" lon="118.7274779565632343292236328125">
        <ele>7.400000095367431640625</ele>
        <time>2021-11-15T03:55:53.000Z</time>
        <extensions>
          <ns3:TrackPointExtension/>
        </extensions>
      </trkpt>
      <trkpt lat="32.085319496691226959228515625" lon="118.72749321162700653076171875">
        <ele>7.80000019073486328125</ele>
        <time>2021-11-15T03:55:54.000Z</time>
        <extensions>
          <ns3:TrackPointExtension/>
        </extensions>
      </trkpt>
      <trkpt lat="32.0853652618825435638427734375" lon="118.72750083915889263153076171875">
        <ele>8</ele>
        <time>2021-11-15T03:55:55.000Z</time>
        <extensions>
          <ns3:TrackPointExtension>
            <ns3:hr>116</ns3:hr>
          </ns3:TrackPointExtension>
        </extensions>
      </trkpt>
      <trkpt lat="32.08541102707386016845703125" lon="118.72751609422266483306884765625">
        <ele>8.3999996185302734375</ele>
        <time>2021-11-15T03:55:56.000Z</time>
        <extensions>
          <ns3:TrackPointExtension/>
        </extensions>
      </trkpt>
      <trkpt lat="32.0854567922651767730712890625" lon="118.72753143310546875">
        <ele>8.3999996185302734375</ele>
        <time>2021-11-15T03:55:57.000Z</time>
        <extensions>
          <ns3:TrackPointExtension/>
        </extensions>
      </trkpt>
      <trkpt lat="32.085502557456493377685546875" lon="118.72753906063735485076904296875">
        <ele>8.3999996185302734375</ele>
        <time>2021-11-15T03:55:58.000Z</time>
        <extensions>
          <ns3:TrackPointExtension/>
        </extensions>
      </trkpt>
      <trkpt lat="32.085552178323268890380859375" lon="118.72755431570112705230712890625">
        <ele>8.3999996185302734375</ele>
        <time>2021-11-15T03:55:59.000Z</time>
        <extensions>
          <ns3:TrackPointExtension/>
        </extensions>
      </trkpt>
      <trkpt lat="32.0855979435145854949951171875" lon="118.72756957076489925384521484375">
        <ele>8.3999996185302734375</ele>
        <time>2021-11-15T03:56:00.000Z</time>
        <extensions>
          <ns3:TrackPointExtension>
            <ns3:hr>114</ns3:hr>
          </ns3:TrackPointExtension>
        </extensions>
      </trkpt>
      <trkpt lat="32.0856475643813610076904296875" lon="118.72758482582867145538330078125">
        <ele>8.3999996185302734375</ele>
        <time>2021-11-15T03:56:01.000Z</time>
        <extensions>
          <ns3:TrackPointExtension/>
        </extensions>
      </trkpt>
      <trkpt lat="32.08569710142910480499267578125" lon="118.72759245336055755615234375">
        <ele>8.19999980926513671875</ele>
        <time>2021-11-15T03:56:02.000Z</time>
        <extensions>
          <ns3:TrackPointExtension/>
        </extensions>
      </trkpt>
      <trkpt lat="32.08574672229588031768798828125" lon="118.7276077084243297576904296875">
        <ele>8</ele>
        <time>2021-11-15T03:56:03.000Z</time>
        <extensions>
          <ns3:TrackPointExtension/>
        </extensions>
      </trkpt>
      <trkpt lat="32.08579634316265583038330078125" lon="118.727622963488101959228515625">
        <ele>7.599999904632568359375</ele>
        <time>2021-11-15T03:56:04.000Z</time>
        <extensions>
          <ns3:TrackPointExtension/>
        </extensions>
      </trkpt>
      <trkpt lat="32.08584210835397243499755859375" lon="118.7276382185518741607666015625">
        <ele>7.400000095367431640625</ele>
        <time>2021-11-15T03:56:05.000Z</time>
        <extensions>
          <ns3:TrackPointExtension>
            <ns3:hr>115</ns3:hr>
          </ns3:TrackPointExtension>
        </extensions>
      </trkpt>
      <trkpt lat="32.0858916454017162322998046875" lon="118.7276534736156463623046875">
        <ele>7</ele>
        <time>2021-11-15T03:56:06.000Z</time>
        <extensions>
          <ns3:TrackPointExtension/>
        </extensions>
      </trkpt>
      <trkpt lat="32.0859412662684917449951171875" lon="118.7276687286794185638427734375">
        <ele>6.80000019073486328125</ele>
        <time>2021-11-15T03:56:07.000Z</time>
        <extensions>
          <ns3:TrackPointExtension/>
        </extensions>
      </trkpt>
      <trkpt lat="32.085987031459808349609375" lon="118.72767635621130466461181640625">
        <ele>6.400000095367431640625</ele>
        <time>2021-11-15T03:56:08.000Z</time>
        <extensions>
          <ns3:TrackPointExtension/>
        </extensions>
      </trkpt>
      <trkpt lat="32.0860366523265838623046875" lon="118.72769161127507686614990234375">
        <ele>6.400000095367431640625</ele>
        <time>2021-11-15T03:56:09.000Z</time>
        <extensions>
          <ns3:TrackPointExtension/>
        </extensions>
      </trkpt>
      <trkpt lat="32.086078561842441558837890625" lon="118.72770686633884906768798828125">
        <ele>6.19999980926513671875</ele>
        <time>2021-11-15T03:56:10.000Z</time>
        <extensions>
          <ns3:TrackPointExtension>
            <ns3:hr>118</ns3:hr>
          </ns3:TrackPointExtension>
        </extensions>
      </trkpt>
      <trkpt lat="32.086128182709217071533203125" lon="118.72772212140262126922607421875">
        <ele>6</ele>
        <time>2021-11-15T03:56:11.000Z</time>
        <extensions>
          <ns3:TrackPointExtension/>
        </extensions>
      </trkpt>
      <trkpt lat="32.0861739479005336761474609375" lon="118.72773737646639347076416015625">
        <ele>6</ele>
        <time>2021-11-15T03:56:12.000Z</time>
        <extensions>
          <ns3:TrackPointExtension/>
        </extensions>
      </trkpt>
      <trkpt lat="32.08621971309185028076171875" lon="118.72775263153016567230224609375">
        <ele>5.80000019073486328125</ele>
        <time>2021-11-15T03:56:13.000Z</time>
        <extensions>
          <ns3:TrackPointExtension/>
        </extensions>
      </trkpt>
      <trkpt lat="32.08626556210219860076904296875" lon="118.7277602590620517730712890625">
        <ele>5.400000095367431640625</ele>
        <time>2021-11-15T03:56:14.000Z</time>
        <extensions>
          <ns3:TrackPointExtension/>
        </extensions>
      </trkpt>
      <trkpt lat="32.0863150991499423980712890625" lon="118.727775514125823974609375">
        <ele>5.599999904632568359375</ele>
        <time>2021-11-15T03:56:15.000Z</time>
        <extensions>
          <ns3:TrackPointExtension>
            <ns3:hr>118</ns3:hr>
          </ns3:TrackPointExtension>
        </extensions>
      </trkpt>
      <trkpt lat="32.0863647200167179107666015625" lon="118.7277907691895961761474609375">
        <ele>5.599999904632568359375</ele>
        <time>2021-11-15T03:56:16.000Z</time>
        <extensions>
          <ns3:TrackPointExtension/>
        </extensions>
      </trkpt>
      <trkpt lat="32.086410485208034515380859375" lon="118.727806024253368377685546875">
        <ele>5.80000019073486328125</ele>
        <time>2021-11-15T03:56:17.000Z</time>
        <extensions>
          <ns3:TrackPointExtension/>
        </extensions>
      </trkpt>
      <trkpt lat="32.086460106074810028076171875" lon="118.7278212793171405792236328125">
        <ele>5.80000019073486328125</ele>
        <time>2021-11-15T03:56:18.000Z</time>
        <extensions>
          <ns3:TrackPointExtension/>
        </extensions>
      </trkpt>
      <trkpt lat="32.08650964312255382537841796875" lon="118.72784416191279888153076171875">
        <ele>6</ele>
        <time>2021-11-15T03:56:19.000Z</time>
        <extensions>
          <ns3:TrackPointExtension/>
        </extensions>
      </trkpt>
      <trkpt lat="32.08655926398932933807373046875" lon="118.72785941697657108306884765625">
        <ele>6.19999980926513671875</ele>
        <time>2021-11-15T03:56:20.000Z</time>
        <extensions>
          <ns3:TrackPointExtension>
            <ns3:hr>117</ns3:hr>
          </ns3:TrackPointExtension>
        </extensions>
      </trkpt>
      <trkpt lat="32.08660888485610485076904296875" lon="118.727874755859375">
        <ele>6.400000095367431640625</ele>
        <time>2021-11-15T03:56:21.000Z</time>
        <extensions>
          <ns3:TrackPointExtension/>
        </extensions>
      </trkpt>
      <trkpt lat="32.08665465004742145538330078125" lon="118.7278900109231472015380859375">
        <ele>6.80000019073486328125</ele>
        <time>2021-11-15T03:56:22.000Z</time>
        <extensions>
          <ns3:TrackPointExtension/>
        </extensions>
      </trkpt>
      <trkpt lat="32.086704187095165252685546875" lon="118.727905265986919403076171875">
        <ele>7</ele>
        <time>2021-11-15T03:56:23.000Z</time>
        <extensions>
          <ns3:TrackPointExtension/>
        </extensions>
      </trkpt>
      <trkpt lat="32.086753807961940765380859375" lon="118.7279205210506916046142578125">
        <ele>7.19999980926513671875</ele>
        <time>2021-11-15T03:56:24.000Z</time>
        <extensions>
          <ns3:TrackPointExtension/>
        </extensions>
      </trkpt>
      <trkpt lat="32.08680720068514347076416015625" lon="118.72793577611446380615234375">
        <ele>7.599999904632568359375</ele>
        <time>2021-11-15T03:56:25.000Z</time>
        <extensions>
          <ns3:TrackPointExtension>
            <ns3:hr>116</ns3:hr>
          </ns3:TrackPointExtension>
        </extensions>
      </trkpt>
      <trkpt lat="32.08685682155191898345947265625" lon="118.7279510311782360076904296875">
        <ele>7.599999904632568359375</ele>
        <time>2021-11-15T03:56:26.000Z</time>
        <extensions>
          <ns3:TrackPointExtension/>
        </extensions>
      </trkpt>
      <trkpt lat="32.08690635859966278076171875" lon="118.727966286242008209228515625">
        <ele>7.599999904632568359375</ele>
        <time>2021-11-15T03:56:27.000Z</time>
        <extensions>
          <ns3:TrackPointExtension/>
        </extensions>
      </trkpt>
      <trkpt lat="32.08695597946643829345703125" lon="118.7279815413057804107666015625">
        <ele>7.599999904632568359375</ele>
        <time>2021-11-15T03:56:28.000Z</time>
        <extensions>
          <ns3:TrackPointExtension/>
        </extensions>
      </trkpt>
      <trkpt lat="32.08700560033321380615234375" lon="118.72798916883766651153564453125">
        <ele>7.599999904632568359375</ele>
        <time>2021-11-15T03:56:29.000Z</time>
        <extensions>
          <ns3:TrackPointExtension/>
        </extensions>
      </trkpt>
      <trkpt lat="32.08705899305641651153564453125" lon="118.72800442390143871307373046875">
        <ele>7.599999904632568359375</ele>
        <time>2021-11-15T03:56:30.000Z</time>
        <extensions>
          <ns3:TrackPointExtension>
            <ns3:hr>118</ns3:hr>
          </ns3:TrackPointExtension>
        </extensions>
      </trkpt>
      <trkpt lat="32.087108530104160308837890625" lon="118.72801967896521091461181640625">
        <ele>7.599999904632568359375</ele>
        <time>2021-11-15T03:56:31.000Z</time>
        <extensions>
          <ns3:TrackPointExtension/>
        </extensions>
      </trkpt>
      <trkpt lat="32.0871620066463947296142578125" lon="118.72803493402898311614990234375">
        <ele>7.599999904632568359375</ele>
        <time>2021-11-15T03:56:32.000Z</time>
        <extensions>
          <ns3:TrackPointExtension/>
        </extensions>
      </trkpt>
      <trkpt lat="32.08721154369413852691650390625" lon="118.72805018909275531768798828125">
        <ele>7.80000019073486328125</ele>
        <time>2021-11-15T03:56:33.000Z</time>
        <extensions>
          <ns3:TrackPointExtension/>
        </extensions>
      </trkpt>
      <trkpt lat="32.08726116456091403961181640625" lon="118.72806544415652751922607421875">
        <ele>7.80000019073486328125</ele>
        <time>2021-11-15T03:56:34.000Z</time>
        <extensions>
          <ns3:TrackPointExtension/>
        </extensions>
      </trkpt>
      <trkpt lat="32.08731078542768955230712890625" lon="118.7280730716884136199951171875">
        <ele>7.80000019073486328125</ele>
        <time>2021-11-15T03:56:35.000Z</time>
        <extensions>
          <ns3:TrackPointExtension>
            <ns3:hr>118</ns3:hr>
          </ns3:TrackPointExtension>
        </extensions>
      </trkpt>
      <trkpt lat="32.08735655061900615692138671875" lon="118.728088326752185821533203125">
        <ele>7.80000019073486328125</ele>
        <time>2021-11-15T03:56:36.000Z</time>
        <extensions>
          <ns3:TrackPointExtension/>
        </extensions>
      </trkpt>
      <trkpt lat="32.0874060876667499542236328125" lon="118.7281035818159580230712890625">
        <ele>8</ele>
        <time>2021-11-15T03:56:37.000Z</time>
        <extensions>
          <ns3:TrackPointExtension/>
        </extensions>
      </trkpt>
      <trkpt lat="32.087451852858066558837890625" lon="118.728118836879730224609375">
        <ele>8</ele>
        <time>2021-11-15T03:56:38.000Z</time>
        <extensions>
          <ns3:TrackPointExtension/>
        </extensions>
      </trkpt>
      <trkpt lat="32.087501473724842071533203125" lon="118.72812646441161632537841796875">
        <ele>8</ele>
        <time>2021-11-15T03:56:39.000Z</time>
        <extensions>
          <ns3:TrackPointExtension/>
        </extensions>
      </trkpt>
      <trkpt lat="32.0875472389161586761474609375" lon="118.72814171947538852691650390625">
        <ele>8</ele>
        <time>2021-11-15T03:56:40.000Z</time>
        <extensions>
          <ns3:TrackPointExtension>
            <ns3:hr>116</ns3:hr>
          </ns3:TrackPointExtension>
        </extensions>
      </trkpt>
      <trkpt lat="32.08759300410747528076171875" lon="118.72815697453916072845458984375">
        <ele>8.19999980926513671875</ele>
        <time>2021-11-15T03:56:41.000Z</time>
        <extensions>
          <ns3:TrackPointExtension/>
        </extensions>
      </trkpt>
      <trkpt lat="32.08764262497425079345703125" lon="118.7281646020710468292236328125">
        <ele>8.19999980926513671875</ele>
        <time>2021-11-15T03:56:42.000Z</time>
        <extensions>
          <ns3:TrackPointExtension/>
        </extensions>
      </trkpt>
      <trkpt lat="32.08769224584102630615234375" lon="118.72817985713481903076171875">
        <ele>8.19999980926513671875</ele>
        <time>2021-11-15T03:56:43.000Z</time>
        <extensions>
          <ns3:TrackPointExtension/>
        </extensions>
      </trkpt>
      <trkpt lat="32.0877380110323429107666015625" lon="118.7281951121985912322998046875">
        <ele>8.19999980926513671875</ele>
        <time>2021-11-15T03:56:44.000Z</time>
        <extensions>
          <ns3:TrackPointExtension/>
        </extensions>
      </trkpt>
      <trkpt lat="32.08779140375554561614990234375" lon="118.728210367262363433837890625">
        <ele>8.3999996185302734375</ele>
        <time>2021-11-15T03:56:45.000Z</time>
        <extensions>
          <ns3:TrackPointExtension>
            <ns3:hr>116</ns3:hr>
          </ns3:TrackPointExtension>
        </extensions>
      </trkpt>
      <trkpt lat="32.08783716894686222076416015625" lon="118.72821807861328125">
        <ele>8.3999996185302734375</ele>
        <time>2021-11-15T03:56:46.000Z</time>
        <extensions>
          <ns3:TrackPointExtension/>
        </extensions>
      </trkpt>
      <trkpt lat="32.08788678981363773345947265625" lon="118.7282333336770534515380859375">
        <ele>8.3999996185302734375</ele>
        <time>2021-11-15T03:56:47.000Z</time>
        <extensions>
          <ns3:TrackPointExtension/>
        </extensions>
      </trkpt>
      <trkpt lat="32.08793632686138153076171875" lon="118.728248588740825653076171875">
        <ele>8.3999996185302734375</ele>
        <time>2021-11-15T03:56:48.000Z</time>
        <extensions>
          <ns3:TrackPointExtension/>
        </extensions>
      </trkpt>
      <trkpt lat="32.08798594772815704345703125" lon="118.7282638438045978546142578125">
        <ele>8.3999996185302734375</ele>
        <time>2021-11-15T03:56:49.000Z</time>
        <extensions>
          <ns3:TrackPointExtension/>
        </extensions>
      </trkpt>
      <trkpt lat="32.08803556859493255615234375" lon="118.72827147133648395538330078125">
        <ele>8.19999980926513671875</ele>
        <time>2021-11-15T03:56:50.000Z</time>
        <extensions>
          <ns3:TrackPointExtension>
            <ns3:hr>117</ns3:hr>
          </ns3:TrackPointExtension>
        </extensions>
      </trkpt>
      <trkpt lat="32.08808510564267635345458984375" lon="118.72828672640025615692138671875">
        <ele>8</ele>
        <time>2021-11-15T03:56:51.000Z</time>
        <extensions>
          <ns3:TrackPointExtension/>
        </extensions>
      </trkpt>
      <trkpt lat="32.08813087083399295806884765625" lon="118.72830198146402835845947265625">
        <ele>8</ele>
        <time>2021-11-15T03:56:52.000Z</time>
        <extensions>
          <ns3:TrackPointExtension/>
        </extensions>
      </trkpt>
      <trkpt lat="32.08818049170076847076416015625" lon="118.728309608995914459228515625">
        <ele>8</ele>
        <time>2021-11-15T03:56:53.000Z</time>
        <extensions>
          <ns3:TrackPointExtension/>
        </extensions>
      </trkpt>
      <trkpt lat="32.08823011256754398345947265625" lon="118.72831723652780055999755859375">
        <ele>8</ele>
        <time>2021-11-15T03:56:54.000Z</time>
        <extensions>
          <ns3:TrackPointExtension/>
        </extensions>
      </trkpt>
      <trkpt lat="32.08827587775886058807373046875" lon="118.72833249159157276153564453125">
        <ele>7.80000019073486328125</ele>
        <time>2021-11-15T03:56:55.000Z</time>
        <extensions>
          <ns3:TrackPointExtension>
            <ns3:hr>117</ns3:hr>
          </ns3:TrackPointExtension>
        </extensions>
      </trkpt>
      <trkpt lat="32.08832549862563610076904296875" lon="118.7283401191234588623046875">
        <ele>7.599999904632568359375</ele>
        <time>2021-11-15T03:56:56.000Z</time>
        <extensions>
          <ns3:TrackPointExtension/>
        </extensions>
      </trkpt>
      <trkpt lat="32.08837126381695270538330078125" lon="118.72834774665534496307373046875">
        <ele>7.400000095367431640625</ele>
        <time>2021-11-15T03:56:57.000Z</time>
        <extensions>
          <ns3:TrackPointExtension/>
        </extensions>
      </trkpt>
      <trkpt lat="32.088420800864696502685546875" lon="118.7283553741872310638427734375">
        <ele>7.19999980926513671875</ele>
        <time>2021-11-15T03:56:58.000Z</time>
        <extensions>
          <ns3:TrackPointExtension/>
        </extensions>
      </trkpt>
      <trkpt lat="32.0884665660560131072998046875" lon="118.72836300171911716461181640625">
        <ele>7.19999980926513671875</ele>
        <time>2021-11-15T03:56:59.000Z</time>
        <extensions>
          <ns3:TrackPointExtension/>
        </extensions>
      </trkpt>
      <trkpt lat="32.0885161869227886199951171875" lon="118.728370629251003265380859375">
        <ele>7.19999980926513671875</ele>
        <time>2021-11-15T03:57:00.000Z</time>
        <extensions>
          <ns3:TrackPointExtension>
            <ns3:hr>121</ns3:hr>
          </ns3:TrackPointExtension>
        </extensions>
      </trkpt>
      <trkpt lat="32.088561952114105224609375" lon="118.72837825678288936614990234375">
        <ele>7.400000095367431640625</ele>
        <time>2021-11-15T03:57:01.000Z</time>
        <extensions>
          <ns3:TrackPointExtension/>
        </extensions>
      </trkpt>
      <trkpt lat="32.0886115729808807373046875" lon="118.7283858843147754669189453125">
        <ele>7.400000095367431640625</ele>
        <time>2021-11-15T03:57:02.000Z</time>
        <extensions>
          <ns3:TrackPointExtension/>
        </extensions>
      </trkpt>
      <trkpt lat="32.08866119384765625" lon="118.72839351184666156768798828125">
        <ele>7.599999904632568359375</ele>
        <time>2021-11-15T03:57:03.000Z</time>
        <extensions>
          <ns3:TrackPointExtension/>
        </extensions>
      </trkpt>
      <trkpt lat="32.0887069590389728546142578125" lon="118.72840113937854766845703125">
        <ele>7.80000019073486328125</ele>
        <time>2021-11-15T03:57:04.000Z</time>
        <extensions>
          <ns3:TrackPointExtension/>
        </extensions>
      </trkpt>
      <trkpt lat="32.08875649608671665191650390625" lon="118.72840876691043376922607421875">
        <ele>8</ele>
        <time>2021-11-15T03:57:05.000Z</time>
        <extensions>
          <ns3:TrackPointExtension>
            <ns3:hr>123</ns3:hr>
          </ns3:TrackPointExtension>
        </extensions>
      </trkpt>
      <trkpt lat="32.08880611695349216461181640625" lon="118.72840876691043376922607421875">
        <ele>8.19999980926513671875</ele>
        <time>2021-11-15T03:57:06.000Z</time>
        <extensions>
          <ns3:TrackPointExtension/>
        </extensions>
      </trkpt>
      <trkpt lat="32.08885188214480876922607421875" lon="118.72840876691043376922607421875">
        <ele>8.3999996185302734375</ele>
        <time>2021-11-15T03:57:07.000Z</time>
        <extensions>
          <ns3:TrackPointExtension/>
        </extensions>
      </trkpt>
      <trkpt lat="32.08890150301158428192138671875" lon="118.7284163944423198699951171875">
        <ele>8.6000003814697265625</ele>
        <time>2021-11-15T03:57:08.000Z</time>
        <extensions>
          <ns3:TrackPointExtension/>
        </extensions>
      </trkpt>
      <trkpt lat="32.0889548957347869873046875" lon="118.7284163944423198699951171875">
        <ele>8.80000019073486328125</ele>
        <time>2021-11-15T03:57:09.000Z</time>
        <extensions>
          <ns3:TrackPointExtension/>
        </extensions>
      </trkpt>
      <trkpt lat="32.0890045166015625" lon="118.72842402197420597076416015625">
        <ele>9</ele>
        <time>2021-11-15T03:57:10.000Z</time>
        <extensions>
          <ns3:TrackPointExtension>
            <ns3:hr>124</ns3:hr>
          </ns3:TrackPointExtension>
        </extensions>
      </trkpt>
      <trkpt lat="32.08905405364930629730224609375" lon="118.728431649506092071533203125">
        <ele>9.19999980926513671875</ele>
        <time>2021-11-15T03:57:11.000Z</time>
        <extensions>
          <ns3:TrackPointExtension/>
        </extensions>
      </trkpt>
      <trkpt lat="32.089107446372509002685546875" lon="118.728431649506092071533203125">
        <ele>9.3999996185302734375</ele>
        <time>2021-11-15T03:57:12.000Z</time>
        <extensions>
          <ns3:TrackPointExtension/>
        </extensions>
      </trkpt>
      <trkpt lat="32.089157067239284515380859375" lon="118.72843927703797817230224609375">
        <ele>9.6000003814697265625</ele>
        <time>2021-11-15T03:57:13.000Z</time>
        <extensions>
          <ns3:TrackPointExtension/>
        </extensions>
      </trkpt>
      <trkpt lat="32.08921045996248722076416015625" lon="118.72843927703797817230224609375">
        <ele>9.80000019073486328125</ele>
        <time>2021-11-15T03:57:14.000Z</time>
        <extensions>
          <ns3:TrackPointExtension/>
        </extensions>
      </trkpt>
      <trkpt lat="32.08926008082926273345947265625" lon="118.7284469045698642730712890625">
        <ele>10</ele>
        <time>2021-11-15T03:57:15.000Z</time>
        <extensions>
          <ns3:TrackPointExtension>
            <ns3:hr>124</ns3:hr>
          </ns3:TrackPointExtension>
        </extensions>
      </trkpt>
      <trkpt lat="32.08930584602057933807373046875" lon="118.7284469045698642730712890625">
        <ele>10</ele>
        <time>2021-11-15T03:57:16.000Z</time>
        <extensions>
          <ns3:TrackPointExtension/>
        </extensions>
      </trkpt>
      <trkpt lat="32.08935546688735485076904296875" lon="118.72845453210175037384033203125">
        <ele>10</ele>
        <time>2021-11-15T03:57:17.000Z</time>
        <extensions>
          <ns3:TrackPointExtension/>
        </extensions>
      </trkpt>
      <trkpt lat="32.08940123207867145538330078125" lon="118.72846978716552257537841796875">
        <ele>9.80000019073486328125</ele>
        <time>2021-11-15T03:57:18.000Z</time>
        <extensions>
          <ns3:TrackPointExtension/>
        </extensions>
      </trkpt>
      <trkpt lat="32.089450769126415252685546875" lon="118.7284774146974086761474609375">
        <ele>9.6000003814697265625</ele>
        <time>2021-11-15T03:57:19.000Z</time>
        <extensions>
          <ns3:TrackPointExtension/>
        </extensions>
      </trkpt>
      <trkpt lat="32.0894965343177318572998046875" lon="118.72848504222929477691650390625">
        <ele>9.3999996185302734375</ele>
        <time>2021-11-15T03:57:20.000Z</time>
        <extensions>
          <ns3:TrackPointExtension>
            <ns3:hr>126</ns3:hr>
          </ns3:TrackPointExtension>
        </extensions>
      </trkpt>
      <trkpt lat="32.08953852765262126922607421875" lon="118.728492669761180877685546875">
        <ele>9.19999980926513671875</ele>
        <time>2021-11-15T03:57:21.000Z</time>
        <extensions>
          <ns3:TrackPointExtension/>
        </extensions>
      </trkpt>
      <trkpt lat="32.08958052098751068115234375" lon="118.728492669761180877685546875">
        <ele>9</ele>
        <time>2021-11-15T03:57:22.000Z</time>
        <extensions>
          <ns3:TrackPointExtension/>
        </extensions>
      </trkpt>
      <trkpt lat="32.089622430503368377685546875" lon="118.7285079248249530792236328125">
        <ele>8.80000019073486328125</ele>
        <time>2021-11-15T03:57:23.000Z</time>
        <extensions>
          <ns3:TrackPointExtension/>
        </extensions>
      </trkpt>
      <trkpt lat="32.08966056816279888153076171875" lon="118.72851555235683917999267578125">
        <ele>8.6000003814697265625</ele>
        <time>2021-11-15T03:57:24.000Z</time>
        <extensions>
          <ns3:TrackPointExtension/>
        </extensions>
      </trkpt>
      <trkpt lat="32.08969878964126110076904296875" lon="118.72853080742061138153076171875">
        <ele>8.3999996185302734375</ele>
        <time>2021-11-15T03:57:25.000Z</time>
        <extensions>
          <ns3:TrackPointExtension>
            <ns3:hr>128</ns3:hr>
          </ns3:TrackPointExtension>
        </extensions>
      </trkpt>
      <trkpt lat="32.0897369273006916046142578125" lon="118.7285384349524974822998046875">
        <ele>8</ele>
        <time>2021-11-15T03:57:26.000Z</time>
        <extensions>
          <ns3:TrackPointExtension/>
        </extensions>
      </trkpt>
      <trkpt lat="32.08977506496012210845947265625" lon="118.728553690016269683837890625">
        <ele>7.80000019073486328125</ele>
        <time>2021-11-15T03:57:27.000Z</time>
        <extensions>
          <ns3:TrackPointExtension/>
        </extensions>
      </trkpt>
      <trkpt lat="32.0898093469440937042236328125" lon="118.72856902889907360076904296875">
        <ele>7.599999904632568359375</ele>
        <time>2021-11-15T03:57:28.000Z</time>
        <extensions>
          <ns3:TrackPointExtension/>
        </extensions>
      </trkpt>
      <trkpt lat="32.08984748460352420806884765625" lon="118.72858428396284580230712890625">
        <ele>7.19999980926513671875</ele>
        <time>2021-11-15T03:57:29.000Z</time>
        <extensions>
          <ns3:TrackPointExtension/>
        </extensions>
      </trkpt>
      <trkpt lat="32.08988570608198642730712890625" lon="118.72859953902661800384521484375">
        <ele>7</ele>
        <time>2021-11-15T03:57:30.000Z</time>
        <extensions>
          <ns3:TrackPointExtension>
            <ns3:hr>130</ns3:hr>
          </ns3:TrackPointExtension>
        </extensions>
      </trkpt>
      <trkpt lat="32.08992384374141693115234375" lon="118.72862242162227630615234375">
        <ele>7</ele>
        <time>2021-11-15T03:57:31.000Z</time>
        <extensions>
          <ns3:TrackPointExtension/>
        </extensions>
      </trkpt>
      <trkpt lat="32.08996198140084743499755859375" lon="118.7286376766860485076904296875">
        <ele>7</ele>
        <time>2021-11-15T03:57:32.000Z</time>
        <extensions>
          <ns3:TrackPointExtension/>
        </extensions>
      </trkpt>
      <trkpt lat="32.0900001190602779388427734375" lon="118.72866055928170680999755859375">
        <ele>7</ele>
        <time>2021-11-15T03:57:33.000Z</time>
        <extensions>
          <ns3:TrackPointExtension/>
        </extensions>
      </trkpt>
      <trkpt lat="32.09004211239516735076904296875" lon="118.72867581434547901153564453125">
        <ele>7</ele>
        <time>2021-11-15T03:57:34.000Z</time>
        <extensions>
          <ns3:TrackPointExtension/>
        </extensions>
      </trkpt>
      <trkpt lat="32.09008402191102504730224609375" lon="118.7286834418773651123046875">
        <ele>7</ele>
        <time>2021-11-15T03:57:35.000Z</time>
        <extensions>
          <ns3:TrackPointExtension>
            <ns3:hr>127</ns3:hr>
          </ns3:TrackPointExtension>
        </extensions>
      </trkpt>
      <trkpt lat="32.090126015245914459228515625" lon="118.7286986969411373138427734375">
        <ele>7</ele>
        <time>2021-11-15T03:57:36.000Z</time>
        <extensions>
          <ns3:TrackPointExtension/>
        </extensions>
      </trkpt>
      <trkpt lat="32.0901717804372310638427734375" lon="118.72870632447302341461181640625">
        <ele>7.19999980926513671875</ele>
        <time>2021-11-15T03:57:37.000Z</time>
        <extensions>
          <ns3:TrackPointExtension/>
        </extensions>
      </trkpt>
      <trkpt lat="32.09021754562854766845703125" lon="118.728713952004909515380859375">
        <ele>7.400000095367431640625</ele>
        <time>2021-11-15T03:57:38.000Z</time>
        <extensions>
          <ns3:TrackPointExtension/>
        </extensions>
      </trkpt>
      <trkpt lat="32.0902633108198642730712890625" lon="118.72872157953679561614990234375">
        <ele>7.599999904632568359375</ele>
        <time>2021-11-15T03:57:39.000Z</time>
        <extensions>
          <ns3:TrackPointExtension/>
        </extensions>
      </trkpt>
      <trkpt lat="32.0903129316866397857666015625" lon="118.7287292070686817169189453125">
        <ele>8</ele>
        <time>2021-11-15T03:57:41.000Z</time>
        <extensions>
          <ns3:TrackPointExtension/>
        </extensions>
      </trkpt>
      <trkpt lat="32.090358696877956390380859375" lon="118.7287292070686817169189453125">
        <ele>8</ele>
        <time>2021-11-15T03:57:42.000Z</time>
        <extensions>
          <ns3:TrackPointExtension/>
        </extensions>
      </trkpt>
      <trkpt lat="32.0904044620692729949951171875" lon="118.72873683460056781768798828125">
        <ele>8.3999996185302734375</ele>
        <time>2021-11-15T03:57:43.000Z</time>
        <extensions>
          <ns3:TrackPointExtension/>
        </extensions>
      </trkpt>
      <trkpt lat="32.0904540829360485076904296875" lon="118.72873683460056781768798828125">
        <ele>8.3999996185302734375</ele>
        <time>2021-11-15T03:57:44.000Z</time>
        <extensions>
          <ns3:TrackPointExtension/>
        </extensions>
      </trkpt>
      <trkpt lat="32.0904998481273651123046875" lon="118.72874446213245391845703125">
        <ele>8.80000019073486328125</ele>
        <time>2021-11-15T03:57:45.000Z</time>
        <extensions>
          <ns3:TrackPointExtension>
            <ns3:hr>132</ns3:hr>
          </ns3:TrackPointExtension>
        </extensions>
      </trkpt>
      <trkpt lat="32.0905456133186817169189453125" lon="118.72874446213245391845703125">
        <ele>9.19999980926513671875</ele>
        <time>2021-11-15T03:57:46.000Z</time>
        <extensions>
          <ns3:TrackPointExtension/>
        </extensions>
      </trkpt>
      <trkpt lat="32.0905952341854572296142578125" lon="118.72875208966434001922607421875">
        <ele>10</ele>
        <time>2021-11-15T03:57:47.000Z</time>
        <extensions>
          <ns3:TrackPointExtension/>
        </extensions>
      </trkpt>
      <trkpt lat="32.090640999376773834228515625" lon="118.7287597171962261199951171875">
        <ele>10.6000003814697265625</ele>
        <time>2021-11-15T03:57:48.000Z</time>
        <extensions>
          <ns3:TrackPointExtension/>
        </extensions>
      </trkpt>
      <trkpt lat="32.09069053642451763153076171875" lon="118.72876734472811222076416015625">
        <ele>11.19999980926513671875</ele>
        <time>2021-11-15T03:57:49.000Z</time>
        <extensions>
          <ns3:TrackPointExtension/>
        </extensions>
      </trkpt>
      <trkpt lat="32.0907363854348659515380859375" lon="118.72876734472811222076416015625">
        <ele>11.80000019073486328125</ele>
        <time>2021-11-15T03:57:50.000Z</time>
        <extensions>
          <ns3:TrackPointExtension>
            <ns3:hr>134</ns3:hr>
          </ns3:TrackPointExtension>
        </extensions>
      </trkpt>
      <trkpt lat="32.09078215062618255615234375" lon="118.728774972259998321533203125">
        <ele>11.80000019073486328125</ele>
        <time>2021-11-15T03:57:51.000Z</time>
        <extensions>
          <ns3:TrackPointExtension/>
        </extensions>
      </trkpt>
      <trkpt lat="32.09083168767392635345458984375" lon="118.72878259979188442230224609375">
        <ele>12</ele>
        <time>2021-11-15T03:57:52.000Z</time>
        <extensions>
          <ns3:TrackPointExtension/>
        </extensions>
      </trkpt>
      <trkpt lat="32.09088130854070186614990234375" lon="118.7287902273237705230712890625">
        <ele>12.19999980926513671875</ele>
        <time>2021-11-15T03:57:53.000Z</time>
        <extensions>
          <ns3:TrackPointExtension/>
        </extensions>
      </trkpt>
      <trkpt lat="32.090934701263904571533203125" lon="118.7287902273237705230712890625">
        <ele>12.3999996185302734375</ele>
        <time>2021-11-15T03:57:54.000Z</time>
        <extensions>
          <ns3:TrackPointExtension/>
        </extensions>
      </trkpt>
      <trkpt lat="32.090984322130680084228515625" lon="118.72879785485565662384033203125">
        <ele>12.6000003814697265625</ele>
        <time>2021-11-15T03:57:55.000Z</time>
        <extensions>
          <ns3:TrackPointExtension>
            <ns3:hr>135</ns3:hr>
          </ns3:TrackPointExtension>
        </extensions>
      </trkpt>
      <trkpt lat="32.09103771485388278961181640625" lon="118.728805482387542724609375">
        <ele>12.19999980926513671875</ele>
        <time>2021-11-15T03:57:56.000Z</time>
        <extensions>
          <ns3:TrackPointExtension/>
        </extensions>
      </trkpt>
      <trkpt lat="32.09108733572065830230712890625" lon="118.7288207374513149261474609375">
        <ele>11.80000019073486328125</ele>
        <time>2021-11-15T03:57:57.000Z</time>
        <extensions>
          <ns3:TrackPointExtension/>
        </extensions>
      </trkpt>
      <trkpt lat="32.0911407284438610076904296875" lon="118.72882836498320102691650390625">
        <ele>11.3999996185302734375</ele>
        <time>2021-11-15T03:57:58.000Z</time>
        <extensions>
          <ns3:TrackPointExtension/>
        </extensions>
      </trkpt>
      <trkpt lat="32.09119412116706371307373046875" lon="118.728835992515087127685546875">
        <ele>10.80000019073486328125</ele>
        <time>2021-11-15T03:57:59.000Z</time>
        <extensions>
          <ns3:TrackPointExtension/>
        </extensions>
      </trkpt>
      <trkpt lat="32.09124751389026641845703125" lon="118.7288512475788593292236328125">
        <ele>10</ele>
        <time>2021-11-15T03:58:00.000Z</time>
        <extensions>
          <ns3:TrackPointExtension>
            <ns3:hr>131</ns3:hr>
          </ns3:TrackPointExtension>
        </extensions>
      </trkpt>
      <trkpt lat="32.09130090661346912384033203125" lon="118.72885887511074542999267578125">
        <ele>9.3999996185302734375</ele>
        <time>2021-11-15T03:58:01.000Z</time>
        <extensions>
          <ns3:TrackPointExtension/>
        </extensions>
      </trkpt>
      <trkpt lat="32.09135052748024463653564453125" lon="118.72887413017451763153076171875">
        <ele>9.19999980926513671875</ele>
        <time>2021-11-15T03:58:02.000Z</time>
        <extensions>
          <ns3:TrackPointExtension/>
        </extensions>
      </trkpt>
      <trkpt lat="32.0914039202034473419189453125" lon="118.72888938523828983306884765625">
        <ele>8.80000019073486328125</ele>
        <time>2021-11-15T03:58:03.000Z</time>
        <extensions>
          <ns3:TrackPointExtension/>
        </extensions>
      </trkpt>
      <trkpt lat="32.09145731292665004730224609375" lon="118.728897012770175933837890625">
        <ele>8.3999996185302734375</ele>
        <time>2021-11-15T03:58:04.000Z</time>
        <extensions>
          <ns3:TrackPointExtension/>
        </extensions>
      </trkpt>
      <trkpt lat="32.09150307811796665191650390625" lon="118.72891235165297985076904296875">
        <ele>8.19999980926513671875</ele>
        <time>2021-11-15T03:58:05.000Z</time>
        <extensions>
          <ns3:TrackPointExtension>
            <ns3:hr>130</ns3:hr>
          </ns3:TrackPointExtension>
        </extensions>
      </trkpt>
      <trkpt lat="32.09155269898474216461181640625" lon="118.72892760671675205230712890625">
        <ele>8</ele>
        <time>2021-11-15T03:58:06.000Z</time>
        <extensions>
          <ns3:TrackPointExtension/>
        </extensions>
      </trkpt>
      <trkpt lat="32.09160231985151767730712890625" lon="118.728935234248638153076171875">
        <ele>7.599999904632568359375</ele>
        <time>2021-11-15T03:58:07.000Z</time>
        <extensions>
          <ns3:TrackPointExtension/>
        </extensions>
      </trkpt>
      <trkpt lat="32.09164808504283428192138671875" lon="118.7289504893124103546142578125">
        <ele>7.400000095367431640625</ele>
        <time>2021-11-15T03:58:08.000Z</time>
        <extensions>
          <ns3:TrackPointExtension/>
        </extensions>
      </trkpt>
      <trkpt lat="32.09169385023415088653564453125" lon="118.72896574437618255615234375">
        <ele>7.19999980926513671875</ele>
        <time>2021-11-15T03:58:09.000Z</time>
        <extensions>
          <ns3:TrackPointExtension/>
        </extensions>
      </trkpt>
      <trkpt lat="32.09173961542546749114990234375" lon="118.72897337190806865692138671875">
        <ele>7.19999980926513671875</ele>
        <time>2021-11-15T03:58:10.000Z</time>
        <extensions>
          <ns3:TrackPointExtension>
            <ns3:hr>127</ns3:hr>
          </ns3:TrackPointExtension>
        </extensions>
      </trkpt>
      <trkpt lat="32.09178538061678409576416015625" lon="118.7289809994399547576904296875">
        <ele>7</ele>
        <time>2021-11-15T03:58:11.000Z</time>
        <extensions>
          <ns3:TrackPointExtension/>
        </extensions>
      </trkpt>
      <trkpt lat="32.0918273739516735076904296875" lon="118.728996254503726959228515625">
        <ele>7</ele>
        <time>2021-11-15T03:58:12.000Z</time>
        <extensions>
          <ns3:TrackPointExtension/>
        </extensions>
      </trkpt>
      <trkpt lat="32.0918692834675312042236328125" lon="118.7290115095674991607666015625">
        <ele>6.80000019073486328125</ele>
        <time>2021-11-15T03:58:13.000Z</time>
        <extensions>
          <ns3:TrackPointExtension/>
        </extensions>
      </trkpt>
      <trkpt lat="32.091915048658847808837890625" lon="118.72901913709938526153564453125">
        <ele>6.400000095367431640625</ele>
        <time>2021-11-15T03:58:14.000Z</time>
        <extensions>
          <ns3:TrackPointExtension/>
        </extensions>
      </trkpt>
      <trkpt lat="32.09195704199373722076416015625" lon="118.72903439216315746307373046875">
        <ele>6.400000095367431640625</ele>
        <time>2021-11-15T03:58:15.000Z</time>
        <extensions>
          <ns3:TrackPointExtension>
            <ns3:hr>129</ns3:hr>
          </ns3:TrackPointExtension>
        </extensions>
      </trkpt>
      <trkpt lat="32.0919990353286266326904296875" lon="118.72904964722692966461181640625">
        <ele>6.400000095367431640625</ele>
        <time>2021-11-15T03:58:16.000Z</time>
        <extensions>
          <ns3:TrackPointExtension/>
        </extensions>
      </trkpt>
      <trkpt lat="32.09203717298805713653564453125" lon="118.72906490229070186614990234375">
        <ele>6.400000095367431640625</ele>
        <time>2021-11-15T03:58:17.000Z</time>
        <extensions>
          <ns3:TrackPointExtension/>
        </extensions>
      </trkpt>
      <trkpt lat="32.092075310647487640380859375" lon="118.72908015735447406768798828125">
        <ele>6.400000095367431640625</ele>
        <time>2021-11-15T03:58:18.000Z</time>
        <extensions>
          <ns3:TrackPointExtension/>
        </extensions>
      </trkpt>
      <trkpt lat="32.0921096764504909515380859375" lon="118.72909541241824626922607421875">
        <ele>6.599999904632568359375</ele>
        <time>2021-11-15T03:58:19.000Z</time>
        <extensions>
          <ns3:TrackPointExtension/>
        </extensions>
      </trkpt>
      <trkpt lat="32.0921401865780353546142578125" lon="118.72911066748201847076416015625">
        <ele>6.599999904632568359375</ele>
        <time>2021-11-15T03:58:20.000Z</time>
        <extensions>
          <ns3:TrackPointExtension>
            <ns3:hr>126</ns3:hr>
          </ns3:TrackPointExtension>
        </extensions>
      </trkpt>
      <trkpt lat="32.0921706967055797576904296875" lon="118.7291335500776767730712890625">
        <ele>6.80000019073486328125</ele>
        <time>2021-11-15T03:58:21.000Z</time>
        <extensions>
          <ns3:TrackPointExtension/>
        </extensions>
      </trkpt>
      <trkpt lat="32.092197351157665252685546875" lon="118.729148805141448974609375">
        <ele>6.80000019073486328125</ele>
        <time>2021-11-15T03:58:22.000Z</time>
        <extensions>
          <ns3:TrackPointExtension/>
        </extensions>
      </trkpt>
      <trkpt lat="32.09222023375332355499267578125" lon="118.7291640602052211761474609375">
        <ele>6.80000019073486328125</ele>
        <time>2021-11-15T03:58:23.000Z</time>
        <extensions>
          <ns3:TrackPointExtension/>
        </extensions>
      </trkpt>
      <trkpt lat="32.0922431163489818572998046875" lon="118.729179315268993377685546875">
        <ele>7</ele>
        <time>2021-11-15T03:58:24.000Z</time>
        <extensions>
          <ns3:TrackPointExtension/>
        </extensions>
      </trkpt>
      <trkpt lat="32.092266082763671875" lon="118.7291945703327655792236328125">
        <ele>7</ele>
        <time>2021-11-15T03:58:25.000Z</time>
        <extensions>
          <ns3:TrackPointExtension>
            <ns3:hr>126</ns3:hr>
          </ns3:TrackPointExtension>
        </extensions>
      </trkpt>
      <trkpt lat="32.09228510968387126922607421875" lon="118.72921745292842388153076171875">
        <ele>7.19999980926513671875</ele>
        <time>2021-11-15T03:58:26.000Z</time>
        <extensions>
          <ns3:TrackPointExtension/>
        </extensions>
      </trkpt>
      <trkpt lat="32.092307992279529571533203125" lon="118.72923270799219608306884765625">
        <ele>7.400000095367431640625</ele>
        <time>2021-11-15T03:58:27.000Z</time>
        <extensions>
          <ns3:TrackPointExtension/>
        </extensions>
      </trkpt>
      <trkpt lat="32.09232710301876068115234375" lon="118.729248046875">
        <ele>7.400000095367431640625</ele>
        <time>2021-11-15T03:58:28.000Z</time>
        <extensions>
          <ns3:TrackPointExtension/>
        </extensions>
      </trkpt>
      <trkpt lat="32.0923537574708461761474609375" lon="118.72925567440688610076904296875">
        <ele>7.400000095367431640625</ele>
        <time>2021-11-15T03:58:29.000Z</time>
        <extensions>
          <ns3:TrackPointExtension/>
        </extensions>
      </trkpt>
      <trkpt lat="32.09238049574196338653564453125" lon="118.72927092947065830230712890625">
        <ele>7.400000095367431640625</ele>
        <time>2021-11-15T03:58:30.000Z</time>
        <extensions>
          <ns3:TrackPointExtension>
            <ns3:hr>126</ns3:hr>
          </ns3:TrackPointExtension>
        </extensions>
      </trkpt>
      <trkpt lat="32.09240715019404888153076171875" lon="118.729278557002544403076171875">
        <ele>7.400000095367431640625</ele>
        <time>2021-11-15T03:58:31.000Z</time>
        <extensions>
          <ns3:TrackPointExtension/>
        </extensions>
      </trkpt>
      <trkpt lat="32.09244151599705219268798828125" lon="118.7292938120663166046142578125">
        <ele>7.400000095367431640625</ele>
        <time>2021-11-15T03:58:32.000Z</time>
        <extensions>
          <ns3:TrackPointExtension/>
        </extensions>
      </trkpt>
      <trkpt lat="32.09247588180005550384521484375" lon="118.72930906713008880615234375">
        <ele>7.599999904632568359375</ele>
        <time>2021-11-15T03:58:33.000Z</time>
        <extensions>
          <ns3:TrackPointExtension/>
        </extensions>
      </trkpt>
      <trkpt lat="32.092510163784027099609375" lon="118.72931669466197490692138671875">
        <ele>7.400000095367431640625</ele>
        <time>2021-11-15T03:58:34.000Z</time>
        <extensions>
          <ns3:TrackPointExtension/>
        </extensions>
      </trkpt>
      <trkpt lat="32.09254830144345760345458984375" lon="118.72933194972574710845947265625">
        <ele>7.599999904632568359375</ele>
        <time>2021-11-15T03:58:35.000Z</time>
        <extensions>
          <ns3:TrackPointExtension>
            <ns3:hr>122</ns3:hr>
          </ns3:TrackPointExtension>
        </extensions>
      </trkpt>
      <trkpt lat="32.0925864391028881072998046875" lon="118.729339577257633209228515625">
        <ele>7.400000095367431640625</ele>
        <time>2021-11-15T03:58:36.000Z</time>
        <extensions>
          <ns3:TrackPointExtension/>
        </extensions>
      </trkpt>
      <trkpt lat="32.0926246605813503265380859375" lon="118.7293548323214054107666015625">
        <ele>7.400000095367431640625</ele>
        <time>2021-11-15T03:58:37.000Z</time>
        <extensions>
          <ns3:TrackPointExtension/>
        </extensions>
      </trkpt>
      <trkpt lat="32.09266279824078083038330078125" lon="118.7293700873851776123046875">
        <ele>7.599999904632568359375</ele>
        <time>2021-11-15T03:58:38.000Z</time>
        <extensions>
          <ns3:TrackPointExtension/>
        </extensions>
      </trkpt>
      <trkpt lat="32.092700935900211334228515625" lon="118.7293853424489498138427734375">
        <ele>7.599999904632568359375</ele>
        <time>2021-11-15T03:58:39.000Z</time>
        <extensions>
          <ns3:TrackPointExtension/>
        </extensions>
      </trkpt>
      <trkpt lat="32.09273907355964183807373046875" lon="118.729400597512722015380859375">
        <ele>7.80000019073486328125</ele>
        <time>2021-11-15T03:58:40.000Z</time>
        <extensions>
          <ns3:TrackPointExtension>
            <ns3:hr>122</ns3:hr>
          </ns3:TrackPointExtension>
        </extensions>
      </trkpt>
      <trkpt lat="32.0927772112190723419189453125" lon="118.72942348010838031768798828125">
        <ele>8</ele>
        <time>2021-11-15T03:58:41.000Z</time>
        <extensions>
          <ns3:TrackPointExtension/>
        </extensions>
      </trkpt>
      <trkpt lat="32.092811577022075653076171875" lon="118.72943873517215251922607421875">
        <ele>8.19999980926513671875</ele>
        <time>2021-11-15T03:58:42.000Z</time>
        <extensions>
          <ns3:TrackPointExtension/>
        </extensions>
      </trkpt>
      <trkpt lat="32.09284971468150615692138671875" lon="118.729461617767810821533203125">
        <ele>8.3999996185302734375</ele>
        <time>2021-11-15T03:58:43.000Z</time>
        <extensions>
          <ns3:TrackPointExtension/>
        </extensions>
      </trkpt>
      <trkpt lat="32.092883996665477752685546875" lon="118.7294768728315830230712890625">
        <ele>8.6000003814697265625</ele>
        <time>2021-11-15T03:58:44.000Z</time>
        <extensions>
          <ns3:TrackPointExtension/>
        </extensions>
      </trkpt>
      <trkpt lat="32.09292213432490825653076171875" lon="118.72949975542724132537841796875">
        <ele>9</ele>
        <time>2021-11-15T03:58:45.000Z</time>
        <extensions>
          <ns3:TrackPointExtension>
            <ns3:hr>120</ns3:hr>
          </ns3:TrackPointExtension>
        </extensions>
      </trkpt>
      <trkpt lat="32.09296035580337047576904296875" lon="118.72951501049101352691650390625">
        <ele>8.80000019073486328125</ele>
        <time>2021-11-15T03:58:46.000Z</time>
        <extensions>
          <ns3:TrackPointExtension/>
        </extensions>
      </trkpt>
      <trkpt lat="32.092994637787342071533203125" lon="118.72953026555478572845458984375">
        <ele>8.80000019073486328125</ele>
        <time>2021-11-15T03:58:47.000Z</time>
        <extensions>
          <ns3:TrackPointExtension/>
        </extensions>
      </trkpt>
      <trkpt lat="32.09303277544677257537841796875" lon="118.72955314815044403076171875">
        <ele>8.6000003814697265625</ele>
        <time>2021-11-15T03:58:48.000Z</time>
        <extensions>
          <ns3:TrackPointExtension/>
        </extensions>
      </trkpt>
      <trkpt lat="32.0930709131062030792236328125" lon="118.72957603074610233306884765625">
        <ele>8.3999996185302734375</ele>
        <time>2021-11-15T03:58:49.000Z</time>
        <extensions>
          <ns3:TrackPointExtension/>
        </extensions>
      </trkpt>
      <trkpt lat="32.09311290644109249114990234375" lon="118.72959136962890625">
        <ele>8</ele>
        <time>2021-11-15T03:58:50.000Z</time>
        <extensions>
          <ns3:TrackPointExtension>
            <ns3:hr>121</ns3:hr>
          </ns3:TrackPointExtension>
        </extensions>
      </trkpt>
      <trkpt lat="32.093154899775981903076171875" lon="118.72961425222456455230712890625">
        <ele>7.80000019073486328125</ele>
        <time>2021-11-15T03:58:51.000Z</time>
        <extensions>
          <ns3:TrackPointExtension/>
        </extensions>
      </trkpt>
      <trkpt lat="32.093196809291839599609375" lon="118.72962950728833675384521484375">
        <ele>7.599999904632568359375</ele>
        <time>2021-11-15T03:58:52.000Z</time>
        <extensions>
          <ns3:TrackPointExtension/>
        </extensions>
      </trkpt>
      <trkpt lat="32.09323880262672901153564453125" lon="118.72965238988399505615234375">
        <ele>7.599999904632568359375</ele>
        <time>2021-11-15T03:58:53.000Z</time>
        <extensions>
          <ns3:TrackPointExtension/>
        </extensions>
      </trkpt>
      <trkpt lat="32.09328456781804561614990234375" lon="118.7296676449477672576904296875">
        <ele>7.599999904632568359375</ele>
        <time>2021-11-15T03:58:54.000Z</time>
        <extensions>
          <ns3:TrackPointExtension/>
        </extensions>
      </trkpt>
      <trkpt lat="32.09333033300936222076416015625" lon="118.72969052754342555999755859375">
        <ele>7.599999904632568359375</ele>
        <time>2021-11-15T03:58:55.000Z</time>
        <extensions>
          <ns3:TrackPointExtension>
            <ns3:hr>120</ns3:hr>
          </ns3:TrackPointExtension>
        </extensions>
      </trkpt>
      <trkpt lat="32.09337609820067882537841796875" lon="118.72970578260719776153564453125">
        <ele>7.80000019073486328125</ele>
        <time>2021-11-15T03:58:56.000Z</time>
        <extensions>
          <ns3:TrackPointExtension/>
        </extensions>
      </trkpt>
      <trkpt lat="32.09342186339199542999267578125" lon="118.7297286652028560638427734375">
        <ele>7.80000019073486328125</ele>
        <time>2021-11-15T03:58:57.000Z</time>
        <extensions>
          <ns3:TrackPointExtension/>
        </extensions>
      </trkpt>
      <trkpt lat="32.09346771240234375" lon="118.72975154779851436614990234375">
        <ele>7.80000019073486328125</ele>
        <time>2021-11-15T03:58:58.000Z</time>
        <extensions>
          <ns3:TrackPointExtension/>
        </extensions>
      </trkpt>
      <trkpt lat="32.0935134775936603546142578125" lon="118.72976680286228656768798828125">
        <ele>7.80000019073486328125</ele>
        <time>2021-11-15T03:58:59.000Z</time>
        <extensions>
          <ns3:TrackPointExtension/>
        </extensions>
      </trkpt>
      <trkpt lat="32.09356301464140415191650390625" lon="118.7297896854579448699951171875">
        <ele>8</ele>
        <time>2021-11-15T03:59:00.000Z</time>
        <extensions>
          <ns3:TrackPointExtension>
            <ns3:hr>120</ns3:hr>
          </ns3:TrackPointExtension>
        </extensions>
      </trkpt>
      <trkpt lat="32.09361263550817966461181640625" lon="118.729804940521717071533203125">
        <ele>8.19999980926513671875</ele>
        <time>2021-11-15T03:59:01.000Z</time>
        <extensions>
          <ns3:TrackPointExtension/>
        </extensions>
      </trkpt>
      <trkpt lat="32.09365840069949626922607421875" lon="118.72982782311737537384033203125">
        <ele>8.3999996185302734375</ele>
        <time>2021-11-15T03:59:02.000Z</time>
        <extensions>
          <ns3:TrackPointExtension/>
        </extensions>
      </trkpt>
      <trkpt lat="32.09370802156627178192138671875" lon="118.72984307818114757537841796875">
        <ele>8.3999996185302734375</ele>
        <time>2021-11-15T03:59:03.000Z</time>
        <extensions>
          <ns3:TrackPointExtension/>
        </extensions>
      </trkpt>
      <trkpt lat="32.09375378675758838653564453125" lon="118.729865960776805877685546875">
        <ele>8.6000003814697265625</ele>
        <time>2021-11-15T03:59:04.000Z</time>
        <extensions>
          <ns3:TrackPointExtension/>
        </extensions>
      </trkpt>
      <trkpt lat="32.093803323805332183837890625" lon="118.72988884337246417999267578125">
        <ele>8.6000003814697265625</ele>
        <time>2021-11-15T03:59:05.000Z</time>
        <extensions>
          <ns3:TrackPointExtension>
            <ns3:hr>124</ns3:hr>
          </ns3:TrackPointExtension>
        </extensions>
      </trkpt>
      <trkpt lat="32.09384917281568050384521484375" lon="118.72990409843623638153076171875">
        <ele>8.3999996185302734375</ele>
        <time>2021-11-15T03:59:06.000Z</time>
        <extensions>
          <ns3:TrackPointExtension/>
        </extensions>
      </trkpt>
      <trkpt lat="32.0938987098634243011474609375" lon="118.729926981031894683837890625">
        <ele>8.19999980926513671875</ele>
        <time>2021-11-15T03:59:07.000Z</time>
        <extensions>
          <ns3:TrackPointExtension/>
        </extensions>
      </trkpt>
      <trkpt lat="32.0939483307301998138427734375" lon="118.7299499474465847015380859375">
        <ele>8</ele>
        <time>2021-11-15T03:59:08.000Z</time>
        <extensions>
          <ns3:TrackPointExtension/>
        </extensions>
      </trkpt>
      <trkpt lat="32.09399409592151641845703125" lon="118.72997283004224300384521484375">
        <ele>7.80000019073486328125</ele>
        <time>2021-11-15T03:59:09.000Z</time>
        <extensions>
          <ns3:TrackPointExtension/>
        </extensions>
      </trkpt>
      <trkpt lat="32.09404371678829193115234375" lon="118.72999571263790130615234375">
        <ele>7.80000019073486328125</ele>
        <time>2021-11-15T03:59:10.000Z</time>
        <extensions>
          <ns3:TrackPointExtension>
            <ns3:hr>128</ns3:hr>
          </ns3:TrackPointExtension>
        </extensions>
      </trkpt>
      <trkpt lat="32.0940894819796085357666015625" lon="118.730026222765445709228515625">
        <ele>7.80000019073486328125</ele>
        <time>2021-11-15T03:59:11.000Z</time>
        <extensions>
          <ns3:TrackPointExtension/>
        </extensions>
      </trkpt>
      <trkpt lat="32.0941313914954662322998046875" lon="118.7300567328929901123046875">
        <ele>7.599999904632568359375</ele>
        <time>2021-11-15T03:59:12.000Z</time>
        <extensions>
          <ns3:TrackPointExtension/>
        </extensions>
      </trkpt>
      <trkpt lat="32.09417338483035564422607421875" lon="118.730087243020534515380859375">
        <ele>7.80000019073486328125</ele>
        <time>2021-11-15T03:59:13.000Z</time>
        <extensions>
          <ns3:TrackPointExtension/>
        </extensions>
      </trkpt>
      <trkpt lat="32.0942115224897861480712890625" lon="118.73012538067996501922607421875">
        <ele>7.80000019073486328125</ele>
        <time>2021-11-15T03:59:14.000Z</time>
        <extensions>
          <ns3:TrackPointExtension/>
        </extensions>
      </trkpt>
      <trkpt lat="32.09424966014921665191650390625" lon="118.7301635183393955230712890625">
        <ele>8</ele>
        <time>2021-11-15T03:59:15.000Z</time>
        <extensions>
          <ns3:TrackPointExtension>
            <ns3:hr>130</ns3:hr>
          </ns3:TrackPointExtension>
        </extensions>
      </trkpt>
      <trkpt lat="32.09428779780864715576171875" lon="118.73020165599882602691650390625">
        <ele>8.19999980926513671875</ele>
        <time>2021-11-15T03:59:16.000Z</time>
        <extensions>
          <ns3:TrackPointExtension/>
        </extensions>
      </trkpt>
      <trkpt lat="32.0943221636116504669189453125" lon="118.73023979365825653076171875">
        <ele>8.3999996185302734375</ele>
        <time>2021-11-15T03:59:17.000Z</time>
        <extensions>
          <ns3:TrackPointExtension/>
        </extensions>
      </trkpt>
      <trkpt lat="32.094356529414653778076171875" lon="118.73027801513671875">
        <ele>8.6000003814697265625</ele>
        <time>2021-11-15T03:59:18.000Z</time>
        <extensions>
          <ns3:TrackPointExtension/>
        </extensions>
      </trkpt>
      <trkpt lat="32.09438703954219818115234375" lon="118.73031615279614925384521484375">
        <ele>8.80000019073486328125</ele>
        <time>2021-11-15T03:59:19.000Z</time>
        <extensions>
          <ns3:TrackPointExtension/>
        </extensions>
      </trkpt>
      <trkpt lat="32.094417549669742584228515625" lon="118.7303542904555797576904296875">
        <ele>9</ele>
        <time>2021-11-15T03:59:20.000Z</time>
        <extensions>
          <ns3:TrackPointExtension>
            <ns3:hr>130</ns3:hr>
          </ns3:TrackPointExtension>
        </extensions>
      </trkpt>
      <trkpt lat="32.0944442041218280792236328125" lon="118.73039242811501026153564453125">
        <ele>9.19999980926513671875</ele>
        <time>2021-11-15T03:59:21.000Z</time>
        <extensions>
          <ns3:TrackPointExtension/>
        </extensions>
      </trkpt>
      <trkpt lat="32.09447094239294528961181640625" lon="118.730430565774440765380859375">
        <ele>9.3999996185302734375</ele>
        <time>2021-11-15T03:59:22.000Z</time>
        <extensions>
          <ns3:TrackPointExtension/>
        </extensions>
      </trkpt>
      <trkpt lat="32.0944976806640625" lon="118.73046107590198516845703125">
        <ele>9.3999996185302734375</ele>
        <time>2021-11-15T03:59:23.000Z</time>
        <extensions>
          <ns3:TrackPointExtension/>
        </extensions>
      </trkpt>
      <trkpt lat="32.0945243351161479949951171875" lon="118.73049921356141567230224609375">
        <ele>9.6000003814697265625</ele>
        <time>2021-11-15T03:59:24.000Z</time>
        <extensions>
          <ns3:TrackPointExtension/>
        </extensions>
      </trkpt>
      <trkpt lat="32.09455107338726520538330078125" lon="118.7305373512208461761474609375">
        <ele>9.80000019073486328125</ele>
        <time>2021-11-15T03:59:25.000Z</time>
        <extensions>
          <ns3:TrackPointExtension>
            <ns3:hr>129</ns3:hr>
          </ns3:TrackPointExtension>
        </extensions>
      </trkpt>
      <trkpt lat="32.0945739559829235076904296875" lon="118.7305678613483905792236328125">
        <ele>9.80000019073486328125</ele>
        <time>2021-11-15T03:59:26.000Z</time>
        <extensions>
          <ns3:TrackPointExtension/>
        </extensions>
      </trkpt>
      <trkpt lat="32.09459683857858180999755859375" lon="118.73060599900782108306884765625">
        <ele>10</ele>
        <time>2021-11-15T03:59:27.000Z</time>
        <extensions>
          <ns3:TrackPointExtension/>
        </extensions>
      </trkpt>
      <trkpt lat="32.0946197211742401123046875" lon="118.73064422048628330230712890625">
        <ele>10</ele>
        <time>2021-11-15T03:59:28.000Z</time>
        <extensions>
          <ns3:TrackPointExtension/>
        </extensions>
      </trkpt>
      <trkpt lat="32.0946463756263256072998046875" lon="118.73068235814571380615234375">
        <ele>10</ele>
        <time>2021-11-15T03:59:29.000Z</time>
        <extensions>
          <ns3:TrackPointExtension/>
        </extensions>
      </trkpt>
      <trkpt lat="32.094669342041015625" lon="118.73072049580514430999755859375">
        <ele>10.19999980926513671875</ele>
        <time>2021-11-15T03:59:30.000Z</time>
        <extensions>
          <ns3:TrackPointExtension>
            <ns3:hr>131</ns3:hr>
          </ns3:TrackPointExtension>
        </extensions>
      </trkpt>
      <trkpt lat="32.09469222463667392730712890625" lon="118.7307586334645748138427734375">
        <ele>10.19999980926513671875</ele>
        <time>2021-11-15T03:59:31.000Z</time>
        <extensions>
          <ns3:TrackPointExtension/>
        </extensions>
      </trkpt>
      <trkpt lat="32.0947151072323322296142578125" lon="118.73079677112400531768798828125">
        <ele>10.19999980926513671875</ele>
        <time>2021-11-15T03:59:32.000Z</time>
        <extensions>
          <ns3:TrackPointExtension/>
        </extensions>
      </trkpt>
      <trkpt lat="32.094741761684417724609375" lon="118.730834908783435821533203125">
        <ele>10.19999980926513671875</ele>
        <time>2021-11-15T03:59:33.000Z</time>
        <extensions>
          <ns3:TrackPointExtension/>
        </extensions>
      </trkpt>
      <trkpt lat="32.09476849995553493499755859375" lon="118.730865418910980224609375">
        <ele>10.3999996185302734375</ele>
        <time>2021-11-15T03:59:34.000Z</time>
        <extensions>
          <ns3:TrackPointExtension/>
        </extensions>
      </trkpt>
      <trkpt lat="32.09479901008307933807373046875" lon="118.730895929038524627685546875">
        <ele>10.3999996185302734375</ele>
        <time>2021-11-15T03:59:35.000Z</time>
        <extensions>
          <ns3:TrackPointExtension>
            <ns3:hr>126</ns3:hr>
          </ns3:TrackPointExtension>
        </extensions>
      </trkpt>
      <trkpt lat="32.09482952021062374114990234375" lon="118.73092643916606903076171875">
        <ele>10.19999980926513671875</ele>
        <time>2021-11-15T03:59:36.000Z</time>
        <extensions>
          <ns3:TrackPointExtension/>
        </extensions>
      </trkpt>
      <trkpt lat="32.0948676578700542449951171875" lon="118.730956949293613433837890625">
        <ele>10</ele>
        <time>2021-11-15T03:59:37.000Z</time>
        <extensions>
          <ns3:TrackPointExtension/>
        </extensions>
      </trkpt>
      <trkpt lat="32.09490202367305755615234375" lon="118.73098754324018955230712890625">
        <ele>10</ele>
        <time>2021-11-15T03:59:38.000Z</time>
        <extensions>
          <ns3:TrackPointExtension/>
        </extensions>
      </trkpt>
      <trkpt lat="32.094943933188915252685546875" lon="118.73101805336773395538330078125">
        <ele>9.80000019073486328125</ele>
        <time>2021-11-15T03:59:39.000Z</time>
        <extensions>
          <ns3:TrackPointExtension/>
        </extensions>
      </trkpt>
      <trkpt lat="32.09498592652380466461181640625" lon="118.7310409359633922576904296875">
        <ele>9.6000003814697265625</ele>
        <time>2021-11-15T03:59:40.000Z</time>
        <extensions>
          <ns3:TrackPointExtension>
            <ns3:hr>128</ns3:hr>
          </ns3:TrackPointExtension>
        </extensions>
      </trkpt>
      <trkpt lat="32.0950279198586940765380859375" lon="118.73106381855905055999755859375">
        <ele>9.3999996185302734375</ele>
        <time>2021-11-15T03:59:41.000Z</time>
        <extensions>
          <ns3:TrackPointExtension/>
        </extensions>
      </trkpt>
      <trkpt lat="32.09507368505001068115234375" lon="118.73107907362282276153564453125">
        <ele>9.3999996185302734375</ele>
        <time>2021-11-15T03:59:42.000Z</time>
        <extensions>
          <ns3:TrackPointExtension/>
        </extensions>
      </trkpt>
      <trkpt lat="32.0951194502413272857666015625" lon="118.7311019562184810638427734375">
        <ele>9.19999980926513671875</ele>
        <time>2021-11-15T03:59:43.000Z</time>
        <extensions>
          <ns3:TrackPointExtension/>
        </extensions>
      </trkpt>
      <trkpt lat="32.095165215432643890380859375" lon="118.731117211282253265380859375">
        <ele>9</ele>
        <time>2021-11-15T03:59:44.000Z</time>
        <extensions>
          <ns3:TrackPointExtension/>
        </extensions>
      </trkpt>
      <trkpt lat="32.0952109806239604949951171875" lon="118.73114009387791156768798828125">
        <ele>9.3999996185302734375</ele>
        <time>2021-11-15T03:59:45.000Z</time>
        <extensions>
          <ns3:TrackPointExtension>
            <ns3:hr>125</ns3:hr>
          </ns3:TrackPointExtension>
        </extensions>
      </trkpt>
      <trkpt lat="32.09525297395884990692138671875" lon="118.73115534894168376922607421875">
        <ele>10</ele>
        <time>2021-11-15T03:59:47.000Z</time>
        <extensions>
          <ns3:TrackPointExtension/>
        </extensions>
      </trkpt>
      <trkpt lat="32.09529873915016651153564453125" lon="118.73117060400545597076416015625">
        <ele>10.3999996185302734375</ele>
        <time>2021-11-15T03:59:48.000Z</time>
        <extensions>
          <ns3:TrackPointExtension/>
        </extensions>
      </trkpt>
      <trkpt lat="32.09534064866602420806884765625" lon="118.73118585906922817230224609375">
        <ele>11</ele>
        <time>2021-11-15T03:59:49.000Z</time>
        <extensions>
          <ns3:TrackPointExtension/>
        </extensions>
      </trkpt>
      <trkpt lat="32.0953826420009136199951171875" lon="118.731208741664886474609375">
        <ele>11.3999996185302734375</ele>
        <time>2021-11-15T03:59:50.000Z</time>
        <extensions>
          <ns3:TrackPointExtension>
            <ns3:hr>126</ns3:hr>
          </ns3:TrackPointExtension>
        </extensions>
      </trkpt>
      <trkpt lat="32.09542463533580303192138671875" lon="118.7312239967286586761474609375">
        <ele>12</ele>
        <time>2021-11-15T03:59:51.000Z</time>
        <extensions>
          <ns3:TrackPointExtension/>
        </extensions>
      </trkpt>
      <trkpt lat="32.0954627729952335357666015625" lon="118.731239251792430877685546875">
        <ele>12.3999996185302734375</ele>
        <time>2021-11-15T03:59:52.000Z</time>
        <extensions>
          <ns3:TrackPointExtension/>
        </extensions>
      </trkpt>
      <trkpt lat="32.09550091065466403961181640625" lon="118.7312545068562030792236328125">
        <ele>12.3999996185302734375</ele>
        <time>2021-11-15T03:59:53.000Z</time>
        <extensions>
          <ns3:TrackPointExtension/>
        </extensions>
      </trkpt>
      <trkpt lat="32.09553904831409454345703125" lon="118.73126976191997528076171875">
        <ele>12.6000003814697265625</ele>
        <time>2021-11-15T03:59:54.000Z</time>
        <extensions>
          <ns3:TrackPointExtension/>
        </extensions>
      </trkpt>
      <trkpt lat="32.09557718597352504730224609375" lon="118.73127738945186138153076171875">
        <ele>12.80000019073486328125</ele>
        <time>2021-11-15T03:59:55.000Z</time>
        <extensions>
          <ns3:TrackPointExtension>
            <ns3:hr>126</ns3:hr>
          </ns3:TrackPointExtension>
        </extensions>
      </trkpt>
      <trkpt lat="32.09561155177652835845947265625" lon="118.73129264451563358306884765625">
        <ele>12.80000019073486328125</ele>
        <time>2021-11-15T03:59:56.000Z</time>
        <extensions>
          <ns3:TrackPointExtension/>
        </extensions>
      </trkpt>
      <trkpt lat="32.0956496894359588623046875" lon="118.7313079833984375">
        <ele>13</ele>
        <time>2021-11-15T03:59:57.000Z</time>
        <extensions>
          <ns3:TrackPointExtension/>
        </extensions>
      </trkpt>
      <trkpt lat="32.09568397141993045806884765625" lon="118.7313232384622097015380859375">
        <ele>13</ele>
        <time>2021-11-15T03:59:58.000Z</time>
        <extensions>
          <ns3:TrackPointExtension/>
        </extensions>
      </trkpt>
      <trkpt lat="32.09572219289839267730712890625" lon="118.731338493525981903076171875">
        <ele>13.19999980926513671875</ele>
        <time>2021-11-15T03:59:59.000Z</time>
        <extensions>
          <ns3:TrackPointExtension/>
        </extensions>
      </trkpt>
      <trkpt lat="32.09576033055782318115234375" lon="118.7313537485897541046142578125">
        <ele>13</ele>
        <time>2021-11-15T04:00:00.000Z</time>
        <extensions>
          <ns3:TrackPointExtension>
            <ns3:hr>130</ns3:hr>
          </ns3:TrackPointExtension>
        </extensions>
      </trkpt>
      <trkpt lat="32.09579846821725368499755859375" lon="118.73136900365352630615234375">
        <ele>12.80000019073486328125</ele>
        <time>2021-11-15T04:00:01.000Z</time>
        <extensions>
          <ns3:TrackPointExtension/>
        </extensions>
      </trkpt>
      <trkpt lat="32.0958366058766841888427734375" lon="118.7313842587172985076904296875">
        <ele>12.6000003814697265625</ele>
        <time>2021-11-15T04:00:02.000Z</time>
        <extensions>
          <ns3:TrackPointExtension/>
        </extensions>
      </trkpt>
      <trkpt lat="32.09587474353611469268798828125" lon="118.731399513781070709228515625">
        <ele>12.6000003814697265625</ele>
        <time>2021-11-15T04:00:03.000Z</time>
        <extensions>
          <ns3:TrackPointExtension/>
        </extensions>
      </trkpt>
      <trkpt lat="32.0959167368710041046142578125" lon="118.7314147688448429107666015625">
        <ele>12.3999996185302734375</ele>
        <time>2021-11-15T04:00:04.000Z</time>
        <extensions>
          <ns3:TrackPointExtension/>
        </extensions>
      </trkpt>
      <trkpt lat="32.09595487453043460845947265625" lon="118.73142239637672901153564453125">
        <ele>12</ele>
        <time>2021-11-15T04:00:05.000Z</time>
        <extensions>
          <ns3:TrackPointExtension>
            <ns3:hr>130</ns3:hr>
          </ns3:TrackPointExtension>
        </extensions>
      </trkpt>
      <trkpt lat="32.0959930121898651123046875" lon="118.73143765144050121307373046875">
        <ele>12</ele>
        <time>2021-11-15T04:00:06.000Z</time>
        <extensions>
          <ns3:TrackPointExtension/>
        </extensions>
      </trkpt>
      <trkpt lat="32.09603114984929561614990234375" lon="118.73145290650427341461181640625">
        <ele>11.80000019073486328125</ele>
        <time>2021-11-15T04:00:07.000Z</time>
        <extensions>
          <ns3:TrackPointExtension/>
        </extensions>
      </trkpt>
      <trkpt lat="32.09606551565229892730712890625" lon="118.731460534036159515380859375">
        <ele>11.80000019073486328125</ele>
        <time>2021-11-15T04:00:08.000Z</time>
        <extensions>
          <ns3:TrackPointExtension/>
        </extensions>
      </trkpt>
      <trkpt lat="32.09609602577984333038330078125" lon="118.73146816156804561614990234375">
        <ele>11.80000019073486328125</ele>
        <time>2021-11-15T04:00:09.000Z</time>
        <extensions>
          <ns3:TrackPointExtension/>
        </extensions>
      </trkpt>
      <trkpt lat="32.0961189083755016326904296875" lon="118.73146816156804561614990234375">
        <ele>11.6000003814697265625</ele>
        <time>2021-11-15T04:00:10.000Z</time>
        <extensions>
          <ns3:TrackPointExtension>
            <ns3:hr>131</ns3:hr>
          </ns3:TrackPointExtension>
        </extensions>
      </trkpt>
      <trkpt lat="32.09614179097115993499755859375" lon="118.7314757890999317169189453125">
        <ele>11.6000003814697265625</ele>
        <time>2021-11-15T04:00:11.000Z</time>
        <extensions>
          <ns3:TrackPointExtension/>
        </extensions>
      </trkpt>
      <trkpt lat="32.0961646735668182373046875" lon="118.7314757890999317169189453125">
        <ele>11.6000003814697265625</ele>
        <time>2021-11-15T04:00:12.000Z</time>
        <extensions>
          <ns3:TrackPointExtension/>
        </extensions>
      </trkpt>
      <trkpt lat="32.0961799286305904388427734375" lon="118.7314757890999317169189453125">
        <ele>11.6000003814697265625</ele>
        <time>2021-11-15T04:00:13.000Z</time>
        <extensions>
          <ns3:TrackPointExtension/>
        </extensions>
      </trkpt>
      <trkpt lat="32.096195183694362640380859375" lon="118.73146816156804561614990234375">
        <ele>11.3999996185302734375</ele>
        <time>2021-11-15T04:00:14.000Z</time>
        <extensions>
          <ns3:TrackPointExtension/>
        </extensions>
      </trkpt>
      <trkpt lat="32.09620281122624874114990234375" lon="118.73146816156804561614990234375">
        <ele>11.3999996185302734375</ele>
        <time>2021-11-15T04:00:15.000Z</time>
        <extensions>
          <ns3:TrackPointExtension>
            <ns3:hr>132</ns3:hr>
          </ns3:TrackPointExtension>
        </extensions>
      </trkpt>
      <trkpt lat="32.0962104387581348419189453125" lon="118.73145290650427341461181640625">
        <ele>11.19999980926513671875</ele>
        <time>2021-11-15T04:00:16.000Z</time>
        <extensions>
          <ns3:TrackPointExtension/>
        </extensions>
      </trkpt>
      <trkpt lat="32.09621806629002094268798828125" lon="118.7314452789723873138427734375">
        <ele>11.19999980926513671875</ele>
        <time>2021-11-15T04:00:17.000Z</time>
        <extensions>
          <ns3:TrackPointExtension/>
        </extensions>
      </trkpt>
      <trkpt lat="32.09622192196547985076904296875" lon="118.73143765144050121307373046875">
        <ele>11</ele>
        <time>2021-11-15T04:00:18.000Z</time>
        <extensions>
          <ns3:TrackPointExtension/>
        </extensions>
      </trkpt>
      <trkpt lat="32.09622569382190704345703125" lon="118.73142239637672901153564453125">
        <ele>11</ele>
        <time>2021-11-15T04:00:19.000Z</time>
        <extensions>
          <ns3:TrackPointExtension/>
        </extensions>
      </trkpt>
      <trkpt lat="32.09623332135379314422607421875" lon="118.7314147688448429107666015625">
        <ele>10.80000019073486328125</ele>
        <time>2021-11-15T04:00:20.000Z</time>
        <extensions>
          <ns3:TrackPointExtension>
            <ns3:hr>139</ns3:hr>
          </ns3:TrackPointExtension>
        </extensions>
      </trkpt>
      <trkpt lat="32.096244804561138153076171875" lon="118.73140714131295680999755859375">
        <ele>10.80000019073486328125</ele>
        <time>2021-11-15T04:00:21.000Z</time>
        <extensions>
          <ns3:TrackPointExtension/>
        </extensions>
      </trkpt>
      <trkpt lat="32.09624857641756534576416015625" lon="118.731399513781070709228515625">
        <ele>10.6000003814697265625</ele>
        <time>2021-11-15T04:00:22.000Z</time>
        <extensions>
          <ns3:TrackPointExtension/>
        </extensions>
      </trkpt>
      <trkpt lat="32.0962600596249103546142578125" lon="118.73139188624918460845947265625">
        <ele>10.3999996185302734375</ele>
        <time>2021-11-15T04:00:23.000Z</time>
        <extensions>
          <ns3:TrackPointExtension/>
        </extensions>
      </trkpt>
      <trkpt lat="32.09626768715679645538330078125" lon="118.73139188624918460845947265625">
        <ele>10.3999996185302734375</ele>
        <time>2021-11-15T04:00:24.000Z</time>
        <extensions>
          <ns3:TrackPointExtension/>
        </extensions>
      </trkpt>
      <trkpt lat="32.09627908654510974884033203125" lon="118.731399513781070709228515625">
        <ele>10.3999996185302734375</ele>
        <time>2021-11-15T04:00:25.000Z</time>
        <extensions>
          <ns3:TrackPointExtension>
            <ns3:hr>134</ns3:hr>
          </ns3:TrackPointExtension>
        </extensions>
      </trkpt>
      <trkpt lat="32.09629434160888195037841796875" lon="118.731399513781070709228515625">
        <ele>10.3999996185302734375</ele>
        <time>2021-11-15T04:00:26.000Z</time>
        <extensions>
          <ns3:TrackPointExtension/>
        </extensions>
      </trkpt>
      <trkpt lat="32.096305824816226959228515625" lon="118.73140714131295680999755859375">
        <ele>10.3999996185302734375</ele>
        <time>2021-11-15T04:00:27.000Z</time>
        <extensions>
          <ns3:TrackPointExtension/>
        </extensions>
      </trkpt>
      <trkpt lat="32.09632485173642635345458984375" lon="118.73142239637672901153564453125">
        <ele>10.3999996185302734375</ele>
        <time>2021-11-15T04:00:28.000Z</time>
        <extensions>
          <ns3:TrackPointExtension/>
        </extensions>
      </trkpt>
      <trkpt lat="32.09634396247565746307373046875" lon="118.7314300239086151123046875">
        <ele>10.6000003814697265625</ele>
        <time>2021-11-15T04:00:29.000Z</time>
        <extensions>
          <ns3:TrackPointExtension/>
        </extensions>
      </trkpt>
      <trkpt lat="32.0963629893958568572998046875" lon="118.7314452789723873138427734375">
        <ele>10.6000003814697265625</ele>
        <time>2021-11-15T04:00:30.000Z</time>
        <extensions>
          <ns3:TrackPointExtension>
            <ns3:hr>131</ns3:hr>
          </ns3:TrackPointExtension>
        </extensions>
      </trkpt>
      <trkpt lat="32.0963821001350879669189453125" lon="118.731460534036159515380859375">
        <ele>10.6000003814697265625</ele>
        <time>2021-11-15T04:00:31.000Z</time>
        <extensions>
          <ns3:TrackPointExtension/>
        </extensions>
      </trkpt>
      <trkpt lat="32.0964012108743190765380859375" lon="118.73146816156804561614990234375">
        <ele>10.6000003814697265625</ele>
        <time>2021-11-15T04:00:32.000Z</time>
        <extensions>
          <ns3:TrackPointExtension/>
        </extensions>
      </trkpt>
      <trkpt lat="32.09642409346997737884521484375" lon="118.73148341663181781768798828125">
        <ele>10.6000003814697265625</ele>
        <time>2021-11-15T04:00:33.000Z</time>
        <extensions>
          <ns3:TrackPointExtension/>
        </extensions>
      </trkpt>
      <trkpt lat="32.09645074792206287384033203125" lon="118.73149867169559001922607421875">
        <ele>10.80000019073486328125</ele>
        <time>2021-11-15T04:00:34.000Z</time>
        <extensions>
          <ns3:TrackPointExtension/>
        </extensions>
      </trkpt>
      <trkpt lat="32.0964736305177211761474609375" lon="118.73151392675936222076416015625">
        <ele>10.80000019073486328125</ele>
        <time>2021-11-15T04:00:35.000Z</time>
        <extensions>
          <ns3:TrackPointExtension>
            <ns3:hr>129</ns3:hr>
          </ns3:TrackPointExtension>
        </extensions>
      </trkpt>
      <trkpt lat="32.09650036878883838653564453125" lon="118.731521554291248321533203125">
        <ele>10.6000003814697265625</ele>
        <time>2021-11-15T04:00:36.000Z</time>
        <extensions>
          <ns3:TrackPointExtension/>
        </extensions>
      </trkpt>
      <trkpt lat="32.0965232513844966888427734375" lon="118.7315368093550205230712890625">
        <ele>10.80000019073486328125</ele>
        <time>2021-11-15T04:00:37.000Z</time>
        <extensions>
          <ns3:TrackPointExtension/>
        </extensions>
      </trkpt>
      <trkpt lat="32.096549905836582183837890625" lon="118.731552064418792724609375">
        <ele>10.80000019073486328125</ele>
        <time>2021-11-15T04:00:38.000Z</time>
        <extensions>
          <ns3:TrackPointExtension/>
        </extensions>
      </trkpt>
      <trkpt lat="32.09656901657581329345703125" lon="118.7315673194825649261474609375">
        <ele>10.80000019073486328125</ele>
        <time>2021-11-15T04:00:39.000Z</time>
        <extensions>
          <ns3:TrackPointExtension/>
        </extensions>
      </trkpt>
      <trkpt lat="32.09659189917147159576416015625" lon="118.73157494701445102691650390625">
        <ele>10.80000019073486328125</ele>
        <time>2021-11-15T04:00:40.000Z</time>
        <extensions>
          <ns3:TrackPointExtension>
            <ns3:hr>127</ns3:hr>
          </ns3:TrackPointExtension>
        </extensions>
      </trkpt>
      <trkpt lat="32.0966147817671298980712890625" lon="118.73159020207822322845458984375">
        <ele>10.80000019073486328125</ele>
        <time>2021-11-15T04:00:41.000Z</time>
        <extensions>
          <ns3:TrackPointExtension/>
        </extensions>
      </trkpt>
      <trkpt lat="32.09664152003824710845947265625" lon="118.7315978296101093292236328125">
        <ele>10.80000019073486328125</ele>
        <time>2021-11-15T04:00:42.000Z</time>
        <extensions>
          <ns3:TrackPointExtension/>
        </extensions>
      </trkpt>
      <trkpt lat="32.0966644026339054107666015625" lon="118.73161308467388153076171875">
        <ele>10.80000019073486328125</ele>
        <time>2021-11-15T04:00:43.000Z</time>
        <extensions>
          <ns3:TrackPointExtension/>
        </extensions>
      </trkpt>
      <trkpt lat="32.09668728522956371307373046875" lon="118.7316283397376537322998046875">
        <ele>10.80000019073486328125</ele>
        <time>2021-11-15T04:00:44.000Z</time>
        <extensions>
          <ns3:TrackPointExtension/>
        </extensions>
      </trkpt>
      <trkpt lat="32.09671393968164920806884765625" lon="118.73163596726953983306884765625">
        <ele>10.80000019073486328125</ele>
        <time>2021-11-15T04:00:45.000Z</time>
        <extensions>
          <ns3:TrackPointExtension>
            <ns3:hr>125</ns3:hr>
          </ns3:TrackPointExtension>
        </extensions>
      </trkpt>
      <trkpt lat="32.09673690609633922576904296875" lon="118.73165130615234375">
        <ele>10.80000019073486328125</ele>
        <time>2021-11-15T04:00:46.000Z</time>
        <extensions>
          <ns3:TrackPointExtension/>
        </extensions>
      </trkpt>
      <trkpt lat="32.09676356054842472076416015625" lon="118.7316665612161159515380859375">
        <ele>10.80000019073486328125</ele>
        <time>2021-11-15T04:00:47.000Z</time>
        <extensions>
          <ns3:TrackPointExtension/>
        </extensions>
      </trkpt>
      <trkpt lat="32.09679407067596912384033203125" lon="118.73167418874800205230712890625">
        <ele>10.6000003814697265625</ele>
        <time>2021-11-15T04:00:48.000Z</time>
        <extensions>
          <ns3:TrackPointExtension/>
        </extensions>
      </trkpt>
      <trkpt lat="32.09682458080351352691650390625" lon="118.73168944381177425384521484375">
        <ele>10.6000003814697265625</ele>
        <time>2021-11-15T04:00:49.000Z</time>
        <extensions>
          <ns3:TrackPointExtension/>
        </extensions>
      </trkpt>
      <trkpt lat="32.09685894660651683807373046875" lon="118.7316970713436603546142578125">
        <ele>10.6000003814697265625</ele>
        <time>2021-11-15T04:00:50.000Z</time>
        <extensions>
          <ns3:TrackPointExtension>
            <ns3:hr>122</ns3:hr>
          </ns3:TrackPointExtension>
        </extensions>
      </trkpt>
      <trkpt lat="32.096893228590488433837890625" lon="118.73171232640743255615234375">
        <ele>10.80000019073486328125</ele>
        <time>2021-11-15T04:00:51.000Z</time>
        <extensions>
          <ns3:TrackPointExtension/>
        </extensions>
      </trkpt>
      <trkpt lat="32.09692382253706455230712890625" lon="118.7317275814712047576904296875">
        <ele>11</ele>
        <time>2021-11-15T04:00:52.000Z</time>
        <extensions>
          <ns3:TrackPointExtension/>
        </extensions>
      </trkpt>
      <trkpt lat="32.0969581045210361480712890625" lon="118.731742836534976959228515625">
        <ele>11.19999980926513671875</ele>
        <time>2021-11-15T04:00:53.000Z</time>
        <extensions>
          <ns3:TrackPointExtension/>
        </extensions>
      </trkpt>
      <trkpt lat="32.096992470324039459228515625" lon="118.7317580915987491607666015625">
        <ele>11.19999980926513671875</ele>
        <time>2021-11-15T04:00:54.000Z</time>
        <extensions>
          <ns3:TrackPointExtension/>
        </extensions>
      </trkpt>
      <trkpt lat="32.09702675230801105499267578125" lon="118.7317733466625213623046875">
        <ele>11.3999996185302734375</ele>
        <time>2021-11-15T04:00:55.000Z</time>
        <extensions>
          <ns3:TrackPointExtension>
            <ns3:hr>120</ns3:hr>
          </ns3:TrackPointExtension>
        </extensions>
      </trkpt>
      <trkpt lat="32.097064889967441558837890625" lon="118.7317886017262935638427734375">
        <ele>11.6000003814697265625</ele>
        <time>2021-11-15T04:00:56.000Z</time>
        <extensions>
          <ns3:TrackPointExtension/>
        </extensions>
      </trkpt>
      <trkpt lat="32.0970992557704448699951171875" lon="118.73179622925817966461181640625">
        <ele>11.80000019073486328125</ele>
        <time>2021-11-15T04:00:57.000Z</time>
        <extensions>
          <ns3:TrackPointExtension/>
        </extensions>
      </trkpt>
      <trkpt lat="32.09713362157344818115234375" lon="118.73181148432195186614990234375">
        <ele>12</ele>
        <time>2021-11-15T04:00:58.000Z</time>
        <extensions>
          <ns3:TrackPointExtension/>
        </extensions>
      </trkpt>
      <trkpt lat="32.09717175923287868499755859375" lon="118.73182673938572406768798828125">
        <ele>12.19999980926513671875</ele>
        <time>2021-11-15T04:00:59.000Z</time>
        <extensions>
          <ns3:TrackPointExtension/>
        </extensions>
      </trkpt>
      <trkpt lat="32.09720604121685028076171875" lon="118.73184199444949626922607421875">
        <ele>12.6000003814697265625</ele>
        <time>2021-11-15T04:01:00.000Z</time>
        <extensions>
          <ns3:TrackPointExtension>
            <ns3:hr>122</ns3:hr>
          </ns3:TrackPointExtension>
        </extensions>
      </trkpt>
      <trkpt lat="32.0972404070198535919189453125" lon="118.73185724951326847076416015625">
        <ele>12.80000019073486328125</ele>
        <time>2021-11-15T04:01:01.000Z</time>
        <extensions>
          <ns3:TrackPointExtension/>
        </extensions>
      </trkpt>
      <trkpt lat="32.0972709171473979949951171875" lon="118.73187250457704067230224609375">
        <ele>13.19999980926513671875</ele>
        <time>2021-11-15T04:01:02.000Z</time>
        <extensions>
          <ns3:TrackPointExtension/>
        </extensions>
      </trkpt>
      <trkpt lat="32.09730528295040130615234375" lon="118.73188775964081287384033203125">
        <ele>13.6000003814697265625</ele>
        <time>2021-11-15T04:01:03.000Z</time>
        <extensions>
          <ns3:TrackPointExtension/>
        </extensions>
      </trkpt>
      <trkpt lat="32.09733956493437290191650390625" lon="118.73190301470458507537841796875">
        <ele>13.80000019073486328125</ele>
        <time>2021-11-15T04:01:04.000Z</time>
        <extensions>
          <ns3:TrackPointExtension/>
        </extensions>
      </trkpt>
      <trkpt lat="32.09737393073737621307373046875" lon="118.73191826976835727691650390625">
        <ele>14.19999980926513671875</ele>
        <time>2021-11-15T04:01:05.000Z</time>
        <extensions>
          <ns3:TrackPointExtension>
            <ns3:hr>118</ns3:hr>
          </ns3:TrackPointExtension>
        </extensions>
      </trkpt>
      <trkpt lat="32.0974120683968067169189453125" lon="118.73193352483212947845458984375">
        <ele>14.19999980926513671875</ele>
        <time>2021-11-15T04:01:06.000Z</time>
        <extensions>
          <ns3:TrackPointExtension/>
        </extensions>
      </trkpt>
      <trkpt lat="32.0974425785243511199951171875" lon="118.73194877989590167999267578125">
        <ele>14.19999980926513671875</ele>
        <time>2021-11-15T04:01:07.000Z</time>
        <extensions>
          <ns3:TrackPointExtension/>
        </extensions>
      </trkpt>
      <trkpt lat="32.09747694432735443115234375" lon="118.73196403495967388153076171875">
        <ele>14</ele>
        <time>2021-11-15T04:01:08.000Z</time>
        <extensions>
          <ns3:TrackPointExtension/>
        </extensions>
      </trkpt>
      <trkpt lat="32.09751122631132602691650390625" lon="118.73197929002344608306884765625">
        <ele>14</ele>
        <time>2021-11-15T04:01:09.000Z</time>
        <extensions>
          <ns3:TrackPointExtension/>
        </extensions>
      </trkpt>
      <trkpt lat="32.09754559211432933807373046875" lon="118.73199462890625">
        <ele>13.80000019073486328125</ele>
        <time>2021-11-15T04:01:10.000Z</time>
        <extensions>
          <ns3:TrackPointExtension>
            <ns3:hr>118</ns3:hr>
          </ns3:TrackPointExtension>
        </extensions>
      </trkpt>
      <trkpt lat="32.09757610224187374114990234375" lon="118.7320098839700222015380859375">
        <ele>13.6000003814697265625</ele>
        <time>2021-11-15T04:01:11.000Z</time>
        <extensions>
          <ns3:TrackPointExtension/>
        </extensions>
      </trkpt>
      <trkpt lat="32.09761046804487705230712890625" lon="118.732025139033794403076171875">
        <ele>13.3999996185302734375</ele>
        <time>2021-11-15T04:01:12.000Z</time>
        <extensions>
          <ns3:TrackPointExtension/>
        </extensions>
      </trkpt>
      <trkpt lat="32.09764097817242145538330078125" lon="118.7320403940975666046142578125">
        <ele>13.19999980926513671875</ele>
        <time>2021-11-15T04:01:13.000Z</time>
        <extensions>
          <ns3:TrackPointExtension/>
        </extensions>
      </trkpt>
      <trkpt lat="32.0976752601563930511474609375" lon="118.73205564916133880615234375">
        <ele>13</ele>
        <time>2021-11-15T04:01:14.000Z</time>
        <extensions>
          <ns3:TrackPointExtension/>
        </extensions>
      </trkpt>
      <trkpt lat="32.0977057702839374542236328125" lon="118.7320709042251110076904296875">
        <ele>12.80000019073486328125</ele>
        <time>2021-11-15T04:01:15.000Z</time>
        <extensions>
          <ns3:TrackPointExtension>
            <ns3:hr>115</ns3:hr>
          </ns3:TrackPointExtension>
        </extensions>
      </trkpt>
      <trkpt lat="32.097740136086940765380859375" lon="118.732086159288883209228515625">
        <ele>12.3999996185302734375</ele>
        <time>2021-11-15T04:01:16.000Z</time>
        <extensions>
          <ns3:TrackPointExtension/>
        </extensions>
      </trkpt>
      <trkpt lat="32.09777064621448516845703125" lon="118.73210904188454151153564453125">
        <ele>12.19999980926513671875</ele>
        <time>2021-11-15T04:01:17.000Z</time>
        <extensions>
          <ns3:TrackPointExtension/>
        </extensions>
      </trkpt>
      <trkpt lat="32.0978050120174884796142578125" lon="118.73212429694831371307373046875">
        <ele>12</ele>
        <time>2021-11-15T04:01:18.000Z</time>
        <extensions>
          <ns3:TrackPointExtension/>
        </extensions>
      </trkpt>
      <trkpt lat="32.09783929400146007537841796875" lon="118.732147179543972015380859375">
        <ele>11.80000019073486328125</ele>
        <time>2021-11-15T04:01:19.000Z</time>
        <extensions>
          <ns3:TrackPointExtension/>
        </extensions>
      </trkpt>
      <trkpt lat="32.09786980412900447845458984375" lon="118.73217006213963031768798828125">
        <ele>11.6000003814697265625</ele>
        <time>2021-11-15T04:01:20.000Z</time>
        <extensions>
          <ns3:TrackPointExtension>
            <ns3:hr>117</ns3:hr>
          </ns3:TrackPointExtension>
        </extensions>
      </trkpt>
      <trkpt lat="32.09790416993200778961181640625" lon="118.73218531720340251922607421875">
        <ele>11.19999980926513671875</ele>
        <time>2021-11-15T04:01:21.000Z</time>
        <extensions>
          <ns3:TrackPointExtension/>
        </extensions>
      </trkpt>
      <trkpt lat="32.09793468005955219268798828125" lon="118.732208199799060821533203125">
        <ele>11</ele>
        <time>2021-11-15T04:01:22.000Z</time>
        <extensions>
          <ns3:TrackPointExtension/>
        </extensions>
      </trkpt>
      <trkpt lat="32.09796904586255550384521484375" lon="118.73223108239471912384033203125">
        <ele>11</ele>
        <time>2021-11-15T04:01:23.000Z</time>
        <extensions>
          <ns3:TrackPointExtension/>
        </extensions>
      </trkpt>
      <trkpt lat="32.098003327846527099609375" lon="118.7322539649903774261474609375">
        <ele>10.80000019073486328125</ele>
        <time>2021-11-15T04:01:24.000Z</time>
        <extensions>
          <ns3:TrackPointExtension/>
        </extensions>
      </trkpt>
      <trkpt lat="32.09804146550595760345458984375" lon="118.73227684758603572845458984375">
        <ele>10.6000003814697265625</ele>
        <time>2021-11-15T04:01:25.000Z</time>
        <extensions>
          <ns3:TrackPointExtension>
            <ns3:hr>119</ns3:hr>
          </ns3:TrackPointExtension>
        </extensions>
      </trkpt>
      <trkpt lat="32.09807583130896091461181640625" lon="118.73229973018169403076171875">
        <ele>10.6000003814697265625</ele>
        <time>2021-11-15T04:01:26.000Z</time>
        <extensions>
          <ns3:TrackPointExtension/>
        </extensions>
      </trkpt>
      <trkpt lat="32.09811396896839141845703125" lon="118.73232261277735233306884765625">
        <ele>10.6000003814697265625</ele>
        <time>2021-11-15T04:01:27.000Z</time>
        <extensions>
          <ns3:TrackPointExtension/>
        </extensions>
      </trkpt>
      <trkpt lat="32.09815210662782192230224609375" lon="118.73234557919204235076904296875">
        <ele>10.6000003814697265625</ele>
        <time>2021-11-15T04:01:28.000Z</time>
        <extensions>
          <ns3:TrackPointExtension/>
        </extensions>
      </trkpt>
      <trkpt lat="32.0981902442872524261474609375" lon="118.732368461787700653076171875">
        <ele>10.80000019073486328125</ele>
        <time>2021-11-15T04:01:29.000Z</time>
        <extensions>
          <ns3:TrackPointExtension/>
        </extensions>
      </trkpt>
      <trkpt lat="32.0982246100902557373046875" lon="118.7323837168514728546142578125">
        <ele>10.6000003814697265625</ele>
        <time>2021-11-15T04:01:30.000Z</time>
        <extensions>
          <ns3:TrackPointExtension>
            <ns3:hr>121</ns3:hr>
          </ns3:TrackPointExtension>
        </extensions>
      </trkpt>
      <trkpt lat="32.09826274774968624114990234375" lon="118.73240659944713115692138671875">
        <ele>10.6000003814697265625</ele>
        <time>2021-11-15T04:01:31.000Z</time>
        <extensions>
          <ns3:TrackPointExtension/>
        </extensions>
      </trkpt>
      <trkpt lat="32.0983008854091167449951171875" lon="118.73242185451090335845947265625">
        <ele>10.3999996185302734375</ele>
        <time>2021-11-15T04:01:32.000Z</time>
        <extensions>
          <ns3:TrackPointExtension/>
        </extensions>
      </trkpt>
      <trkpt lat="32.09833902306854724884033203125" lon="118.7324447371065616607666015625">
        <ele>10.19999980926513671875</ele>
        <time>2021-11-15T04:01:33.000Z</time>
        <extensions>
          <ns3:TrackPointExtension/>
        </extensions>
      </trkpt>
      <trkpt lat="32.098377160727977752685546875" lon="118.7324599921703338623046875">
        <ele>10.19999980926513671875</ele>
        <time>2021-11-15T04:01:34.000Z</time>
        <extensions>
          <ns3:TrackPointExtension/>
        </extensions>
      </trkpt>
      <trkpt lat="32.0984115265309810638427734375" lon="118.73248287476599216461181640625">
        <ele>10</ele>
        <time>2021-11-15T04:01:35.000Z</time>
        <extensions>
          <ns3:TrackPointExtension>
            <ns3:hr>121</ns3:hr>
          </ns3:TrackPointExtension>
        </extensions>
      </trkpt>
      <trkpt lat="32.0984420366585254669189453125" lon="118.73249812982976436614990234375">
        <ele>9.80000019073486328125</ele>
        <time>2021-11-15T04:01:36.000Z</time>
        <extensions>
          <ns3:TrackPointExtension/>
        </extensions>
      </trkpt>
      <trkpt lat="32.0984725467860698699951171875" lon="118.73251338489353656768798828125">
        <ele>9.6000003814697265625</ele>
        <time>2021-11-15T04:01:37.000Z</time>
        <extensions>
          <ns3:TrackPointExtension/>
        </extensions>
      </trkpt>
      <trkpt lat="32.0985030569136142730712890625" lon="118.73252863995730876922607421875">
        <ele>9.3999996185302734375</ele>
        <time>2021-11-15T04:01:38.000Z</time>
        <extensions>
          <ns3:TrackPointExtension/>
        </extensions>
      </trkpt>
      <trkpt lat="32.09852593950927257537841796875" lon="118.73254389502108097076416015625">
        <ele>9.80000019073486328125</ele>
        <time>2021-11-15T04:01:39.000Z</time>
        <extensions>
          <ns3:TrackPointExtension/>
        </extensions>
      </trkpt>
      <trkpt lat="32.0985526777803897857666015625" lon="118.73255915008485317230224609375">
        <ele>10</ele>
        <time>2021-11-15T04:01:40.000Z</time>
        <extensions>
          <ns3:TrackPointExtension>
            <ns3:hr>119</ns3:hr>
          </ns3:TrackPointExtension>
        </extensions>
      </trkpt>
      <trkpt lat="32.0985831879079341888427734375" lon="118.732582032680511474609375">
        <ele>10</ele>
        <time>2021-11-15T04:01:41.000Z</time>
        <extensions>
          <ns3:TrackPointExtension/>
        </extensions>
      </trkpt>
      <trkpt lat="32.0986136980354785919189453125" lon="118.732612542808055877685546875">
        <ele>10.19999980926513671875</ele>
        <time>2021-11-15T04:01:42.000Z</time>
        <extensions>
          <ns3:TrackPointExtension/>
        </extensions>
      </trkpt>
      <trkpt lat="32.0986442081630229949951171875" lon="118.73263542540371417999267578125">
        <ele>10.19999980926513671875</ele>
        <time>2021-11-15T04:01:43.000Z</time>
        <extensions>
          <ns3:TrackPointExtension/>
        </extensions>
      </trkpt>
      <trkpt lat="32.0986747182905673980712890625" lon="118.73266593553125858306884765625">
        <ele>10.3999996185302734375</ele>
        <time>2021-11-15T04:01:44.000Z</time>
        <extensions>
          <ns3:TrackPointExtension/>
        </extensions>
      </trkpt>
      <trkpt lat="32.0987052284181118011474609375" lon="118.7326965294778347015380859375">
        <ele>10.3999996185302734375</ele>
        <time>2021-11-15T04:01:45.000Z</time>
        <extensions>
          <ns3:TrackPointExtension>
            <ns3:hr>118</ns3:hr>
          </ns3:TrackPointExtension>
        </extensions>
      </trkpt>
      <trkpt lat="32.09874336607754230499267578125" lon="118.7327270396053791046142578125">
        <ele>10.6000003814697265625</ele>
        <time>2021-11-15T04:01:46.000Z</time>
        <extensions>
          <ns3:TrackPointExtension/>
        </extensions>
      </trkpt>
      <trkpt lat="32.09877773188054561614990234375" lon="118.7327575497329235076904296875">
        <ele>10.6000003814697265625</ele>
        <time>2021-11-15T04:01:47.000Z</time>
        <extensions>
          <ns3:TrackPointExtension/>
        </extensions>
      </trkpt>
      <trkpt lat="32.098819725215435028076171875" lon="118.7327880598604679107666015625">
        <ele>10.80000019073486328125</ele>
        <time>2021-11-15T04:01:48.000Z</time>
        <extensions>
          <ns3:TrackPointExtension/>
        </extensions>
      </trkpt>
      <trkpt lat="32.098861634731292724609375" lon="118.7328185699880123138427734375">
        <ele>11</ele>
        <time>2021-11-15T04:01:49.000Z</time>
        <extensions>
          <ns3:TrackPointExtension/>
        </extensions>
      </trkpt>
      <trkpt lat="32.0989073999226093292236328125" lon="118.73285670764744281768798828125">
        <ele>11</ele>
        <time>2021-11-15T04:01:50.000Z</time>
        <extensions>
          <ns3:TrackPointExtension>
            <ns3:hr>119</ns3:hr>
          </ns3:TrackPointExtension>
        </extensions>
      </trkpt>
      <trkpt lat="32.09894939325749874114990234375" lon="118.73288721777498722076416015625">
        <ele>11.19999980926513671875</ele>
        <time>2021-11-15T04:01:51.000Z</time>
        <extensions>
          <ns3:TrackPointExtension/>
        </extensions>
      </trkpt>
      <trkpt lat="32.09899515844881534576416015625" lon="118.73291772790253162384033203125">
        <ele>11.19999980926513671875</ele>
        <time>2021-11-15T04:01:53.000Z</time>
        <extensions>
          <ns3:TrackPointExtension/>
        </extensions>
      </trkpt>
      <trkpt lat="32.0990371517837047576904296875" lon="118.73294823803007602691650390625">
        <ele>11.3999996185302734375</ele>
        <time>2021-11-15T04:01:54.000Z</time>
        <extensions>
          <ns3:TrackPointExtension/>
        </extensions>
      </trkpt>
      <trkpt lat="32.0990790612995624542236328125" lon="118.73297874815762042999267578125">
        <ele>11.6000003814697265625</ele>
        <time>2021-11-15T04:01:55.000Z</time>
        <extensions>
          <ns3:TrackPointExtension>
            <ns3:hr>117</ns3:hr>
          </ns3:TrackPointExtension>
        </extensions>
      </trkpt>
      <trkpt lat="32.09912105463445186614990234375" lon="118.73300925828516483306884765625">
        <ele>11.80000019073486328125</ele>
        <time>2021-11-15T04:01:56.000Z</time>
        <extensions>
          <ns3:TrackPointExtension/>
        </extensions>
      </trkpt>
      <trkpt lat="32.099163047969341278076171875" lon="118.7330398522317409515380859375">
        <ele>12</ele>
        <time>2021-11-15T04:01:57.000Z</time>
        <extensions>
          <ns3:TrackPointExtension/>
        </extensions>
      </trkpt>
      <trkpt lat="32.099204957485198974609375" lon="118.73306273482739925384521484375">
        <ele>12.3999996185302734375</ele>
        <time>2021-11-15T04:01:58.000Z</time>
        <extensions>
          <ns3:TrackPointExtension/>
        </extensions>
      </trkpt>
      <trkpt lat="32.09924309514462947845458984375" lon="118.73309324495494365692138671875">
        <ele>12.6000003814697265625</ele>
        <time>2021-11-15T04:01:59.000Z</time>
        <extensions>
          <ns3:TrackPointExtension/>
        </extensions>
      </trkpt>
      <trkpt lat="32.09927746094763278961181640625" lon="118.733116127550601959228515625">
        <ele>12.80000019073486328125</ele>
        <time>2021-11-15T04:02:00.000Z</time>
        <extensions>
          <ns3:TrackPointExtension>
            <ns3:hr>117</ns3:hr>
          </ns3:TrackPointExtension>
        </extensions>
      </trkpt>
      <trkpt lat="32.09931182675063610076904296875" lon="118.73313901014626026153564453125">
        <ele>13</ele>
        <time>2021-11-15T04:02:01.000Z</time>
        <extensions>
          <ns3:TrackPointExtension/>
        </extensions>
      </trkpt>
      <trkpt lat="32.099346108734607696533203125" lon="118.7331618927419185638427734375">
        <ele>13</ele>
        <time>2021-11-15T04:02:02.000Z</time>
        <extensions>
          <ns3:TrackPointExtension/>
        </extensions>
      </trkpt>
      <trkpt lat="32.099376618862152099609375" lon="118.733177147805690765380859375">
        <ele>12.80000019073486328125</ele>
        <time>2021-11-15T04:02:03.000Z</time>
        <extensions>
          <ns3:TrackPointExtension/>
        </extensions>
      </trkpt>
      <trkpt lat="32.099407128989696502685546875" lon="118.7331924028694629669189453125">
        <ele>12.80000019073486328125</ele>
        <time>2021-11-15T04:02:04.000Z</time>
        <extensions>
          <ns3:TrackPointExtension/>
        </extensions>
      </trkpt>
      <trkpt lat="32.09943763911724090576171875" lon="118.73320765793323516845703125">
        <ele>12.6000003814697265625</ele>
        <time>2021-11-15T04:02:05.000Z</time>
        <extensions>
          <ns3:TrackPointExtension>
            <ns3:hr>114</ns3:hr>
          </ns3:TrackPointExtension>
        </extensions>
      </trkpt>
      <trkpt lat="32.099468149244785308837890625" lon="118.73321528546512126922607421875">
        <ele>12.3999996185302734375</ele>
        <time>2021-11-15T04:02:06.000Z</time>
        <extensions>
          <ns3:TrackPointExtension/>
        </extensions>
      </trkpt>
      <trkpt lat="32.09949488751590251922607421875" lon="118.73323054052889347076416015625">
        <ele>12.19999980926513671875</ele>
        <time>2021-11-15T04:02:07.000Z</time>
        <extensions>
          <ns3:TrackPointExtension/>
        </extensions>
      </trkpt>
      <trkpt lat="32.09952539764344692230224609375" lon="118.73324579559266567230224609375">
        <ele>12</ele>
        <time>2021-11-15T04:02:08.000Z</time>
        <extensions>
          <ns3:TrackPointExtension/>
        </extensions>
      </trkpt>
      <trkpt lat="32.09955590777099132537841796875" lon="118.7332534231245517730712890625">
        <ele>11.80000019073486328125</ele>
        <time>2021-11-15T04:02:09.000Z</time>
        <extensions>
          <ns3:TrackPointExtension/>
        </extensions>
      </trkpt>
      <trkpt lat="32.0995826460421085357666015625" lon="118.733268678188323974609375">
        <ele>11.80000019073486328125</ele>
        <time>2021-11-15T04:02:10.000Z</time>
        <extensions>
          <ns3:TrackPointExtension>
            <ns3:hr>114</ns3:hr>
          </ns3:TrackPointExtension>
        </extensions>
      </trkpt>
      <trkpt lat="32.09960930049419403076171875" lon="118.73327630572021007537841796875">
        <ele>11.6000003814697265625</ele>
        <time>2021-11-15T04:02:11.000Z</time>
        <extensions>
          <ns3:TrackPointExtension/>
        </extensions>
      </trkpt>
      <trkpt lat="32.09963603876531124114990234375" lon="118.73329156078398227691650390625">
        <ele>11.3999996185302734375</ele>
        <time>2021-11-15T04:02:12.000Z</time>
        <extensions>
          <ns3:TrackPointExtension/>
        </extensions>
      </trkpt>
      <trkpt lat="32.0996627770364284515380859375" lon="118.733299188315868377685546875">
        <ele>11</ele>
        <time>2021-11-15T04:02:13.000Z</time>
        <extensions>
          <ns3:TrackPointExtension/>
        </extensions>
      </trkpt>
      <trkpt lat="32.09968565963208675384521484375" lon="118.7333144433796405792236328125">
        <ele>10.80000019073486328125</ele>
        <time>2021-11-15T04:02:14.000Z</time>
        <extensions>
          <ns3:TrackPointExtension/>
        </extensions>
      </trkpt>
      <trkpt lat="32.0997046865522861480712890625" lon="118.73332207091152667999267578125">
        <ele>10.80000019073486328125</ele>
        <time>2021-11-15T04:02:15.000Z</time>
        <extensions>
          <ns3:TrackPointExtension>
            <ns3:hr>118</ns3:hr>
          </ns3:TrackPointExtension>
        </extensions>
      </trkpt>
      <trkpt lat="32.099719941616058349609375" lon="118.73332969844341278076171875">
        <ele>10.6000003814697265625</ele>
        <time>2021-11-15T04:02:16.000Z</time>
        <extensions>
          <ns3:TrackPointExtension/>
        </extensions>
      </trkpt>
      <trkpt lat="32.099739052355289459228515625" lon="118.73332969844341278076171875">
        <ele>10.3999996185302734375</ele>
        <time>2021-11-15T04:02:17.000Z</time>
        <extensions>
          <ns3:TrackPointExtension/>
        </extensions>
      </trkpt>
      <trkpt lat="32.099750451743602752685546875" lon="118.73333732597529888153076171875">
        <ele>10.19999980926513671875</ele>
        <time>2021-11-15T04:02:18.000Z</time>
        <extensions>
          <ns3:TrackPointExtension/>
        </extensions>
      </trkpt>
      <trkpt lat="32.09976193495094776153564453125" lon="118.73333732597529888153076171875">
        <ele>10.19999980926513671875</ele>
        <time>2021-11-15T04:02:19.000Z</time>
        <extensions>
          <ns3:TrackPointExtension/>
        </extensions>
      </trkpt>
      <trkpt lat="32.0997695624828338623046875" lon="118.73333732597529888153076171875">
        <ele>10</ele>
        <time>2021-11-15T04:02:20.000Z</time>
        <extensions>
          <ns3:TrackPointExtension>
            <ns3:hr>118</ns3:hr>
          </ns3:TrackPointExtension>
        </extensions>
      </trkpt>
      <trkpt lat="32.09977333433926105499267578125" lon="118.73332969844341278076171875">
        <ele>10</ele>
        <time>2021-11-15T04:02:21.000Z</time>
        <extensions>
          <ns3:TrackPointExtension/>
        </extensions>
      </trkpt>
      <trkpt lat="32.09978096187114715576171875" lon="118.73332207091152667999267578125">
        <ele>9.80000019073486328125</ele>
        <time>2021-11-15T04:02:22.000Z</time>
        <extensions>
          <ns3:TrackPointExtension/>
        </extensions>
      </trkpt>
      <trkpt lat="32.09978858940303325653076171875" lon="118.7333144433796405792236328125">
        <ele>9.80000019073486328125</ele>
        <time>2021-11-15T04:02:23.000Z</time>
        <extensions>
          <ns3:TrackPointExtension/>
        </extensions>
      </trkpt>
      <trkpt lat="32.09979244507849216461181640625" lon="118.733299188315868377685546875">
        <ele>9.6000003814697265625</ele>
        <time>2021-11-15T04:02:24.000Z</time>
        <extensions>
          <ns3:TrackPointExtension/>
        </extensions>
      </trkpt>
      <trkpt lat="32.099800072610378265380859375" lon="118.73329156078398227691650390625">
        <ele>9.6000003814697265625</ele>
        <time>2021-11-15T04:02:25.000Z</time>
        <extensions>
          <ns3:TrackPointExtension>
            <ns3:hr>119</ns3:hr>
          </ns3:TrackPointExtension>
        </extensions>
      </trkpt>
      <trkpt lat="32.09980384446680545806884765625" lon="118.73327630572021007537841796875">
        <ele>9.3999996185302734375</ele>
        <time>2021-11-15T04:02:26.000Z</time>
        <extensions>
          <ns3:TrackPointExtension/>
        </extensions>
      </trkpt>
      <trkpt lat="32.09980770014226436614990234375" lon="118.73326105065643787384033203125">
        <ele>9.19999980926513671875</ele>
        <time>2021-11-15T04:02:27.000Z</time>
        <extensions>
          <ns3:TrackPointExtension/>
        </extensions>
      </trkpt>
      <trkpt lat="32.09980770014226436614990234375" lon="118.73324579559266567230224609375">
        <ele>9</ele>
        <time>2021-11-15T04:02:28.000Z</time>
        <extensions>
          <ns3:TrackPointExtension/>
        </extensions>
      </trkpt>
      <trkpt lat="32.09980384446680545806884765625" lon="118.73323054052889347076416015625">
        <ele>9</ele>
        <time>2021-11-15T04:02:29.000Z</time>
        <extensions>
          <ns3:TrackPointExtension/>
        </extensions>
      </trkpt>
      <trkpt lat="32.099800072610378265380859375" lon="118.73321528546512126922607421875">
        <ele>9</ele>
        <time>2021-11-15T04:02:30.000Z</time>
        <extensions>
          <ns3:TrackPointExtension>
            <ns3:hr>120</ns3:hr>
          </ns3:TrackPointExtension>
        </extensions>
      </trkpt>
      <trkpt lat="32.0997962169349193572998046875" lon="118.73320765793323516845703125">
        <ele>9</ele>
        <time>2021-11-15T04:02:31.000Z</time>
        <extensions>
          <ns3:TrackPointExtension/>
        </extensions>
      </trkpt>
      <trkpt lat="32.09978858940303325653076171875" lon="118.7331924028694629669189453125">
        <ele>9</ele>
        <time>2021-11-15T04:02:32.000Z</time>
        <extensions>
          <ns3:TrackPointExtension/>
        </extensions>
      </trkpt>
      <trkpt lat="32.09977719001471996307373046875" lon="118.73318477533757686614990234375">
        <ele>9</ele>
        <time>2021-11-15T04:02:33.000Z</time>
        <extensions>
          <ns3:TrackPointExtension/>
        </extensions>
      </trkpt>
      <trkpt lat="32.0997657068073749542236328125" lon="118.733177147805690765380859375">
        <ele>9.19999980926513671875</ele>
        <time>2021-11-15T04:02:34.000Z</time>
        <extensions>
          <ns3:TrackPointExtension/>
        </extensions>
      </trkpt>
      <trkpt lat="32.099750451743602752685546875" lon="118.73316952027380466461181640625">
        <ele>9.3999996185302734375</ele>
        <time>2021-11-15T04:02:35.000Z</time>
        <extensions>
          <ns3:TrackPointExtension>
            <ns3:hr>124</ns3:hr>
          </ns3:TrackPointExtension>
        </extensions>
      </trkpt>
      <trkpt lat="32.0997351966798305511474609375" lon="118.73316952027380466461181640625">
        <ele>9.6000003814697265625</ele>
        <time>2021-11-15T04:02:36.000Z</time>
        <extensions>
          <ns3:TrackPointExtension/>
        </extensions>
      </trkpt>
      <trkpt lat="32.09971616975963115692138671875" lon="118.7331618927419185638427734375">
        <ele>9.80000019073486328125</ele>
        <time>2021-11-15T04:02:37.000Z</time>
        <extensions>
          <ns3:TrackPointExtension/>
        </extensions>
      </trkpt>
      <trkpt lat="32.0997046865522861480712890625" lon="118.7331618927419185638427734375">
        <ele>10</ele>
        <time>2021-11-15T04:02:38.000Z</time>
        <extensions>
          <ns3:TrackPointExtension/>
        </extensions>
      </trkpt>
      <trkpt lat="32.099689431488513946533203125" lon="118.73315426521003246307373046875">
        <ele>10.19999980926513671875</ele>
        <time>2021-11-15T04:02:39.000Z</time>
        <extensions>
          <ns3:TrackPointExtension/>
        </extensions>
      </trkpt>
      <trkpt lat="32.09968180395662784576416015625" lon="118.73315426521003246307373046875">
        <ele>10.19999980926513671875</ele>
        <time>2021-11-15T04:02:40.000Z</time>
        <extensions>
          <ns3:TrackPointExtension>
            <ns3:hr>127</ns3:hr>
          </ns3:TrackPointExtension>
        </extensions>
      </trkpt>
      <trkpt lat="32.099678032100200653076171875" lon="118.7331466376781463623046875">
        <ele>10.19999980926513671875</ele>
        <time>2021-11-15T04:02:41.000Z</time>
        <extensions>
          <ns3:TrackPointExtension/>
        </extensions>
      </trkpt>
      <trkpt lat="32.0996741764247417449951171875" lon="118.7331466376781463623046875">
        <ele>10.19999980926513671875</ele>
        <time>2021-11-15T04:02:42.000Z</time>
        <extensions>
          <ns3:TrackPointExtension/>
        </extensions>
      </trkpt>
      <trkpt lat="32.099678032100200653076171875" lon="118.73313901014626026153564453125">
        <ele>10.19999980926513671875</ele>
        <time>2021-11-15T04:02:43.000Z</time>
        <extensions>
          <ns3:TrackPointExtension/>
        </extensions>
      </trkpt>
      <trkpt lat="32.09968180395662784576416015625" lon="118.73313901014626026153564453125">
        <ele>10.19999980926513671875</ele>
        <time>2021-11-15T04:02:44.000Z</time>
        <extensions>
          <ns3:TrackPointExtension/>
        </extensions>
      </trkpt>
      <trkpt lat="32.099689431488513946533203125" lon="118.73313901014626026153564453125">
        <ele>10</ele>
        <time>2021-11-15T04:02:45.000Z</time>
        <extensions>
          <ns3:TrackPointExtension>
            <ns3:hr>127</ns3:hr>
          </ns3:TrackPointExtension>
        </extensions>
      </trkpt>
      <trkpt lat="32.09970091469585895538330078125" lon="118.73313901014626026153564453125">
        <ele>9.80000019073486328125</ele>
        <time>2021-11-15T04:02:46.000Z</time>
        <extensions>
          <ns3:TrackPointExtension/>
        </extensions>
      </trkpt>
      <trkpt lat="32.09970854222774505615234375" lon="118.73313901014626026153564453125">
        <ele>9.80000019073486328125</ele>
        <time>2021-11-15T04:02:47.000Z</time>
        <extensions>
          <ns3:TrackPointExtension/>
        </extensions>
      </trkpt>
      <trkpt lat="32.0997237972915172576904296875" lon="118.7331466376781463623046875">
        <ele>9.6000003814697265625</ele>
        <time>2021-11-15T04:02:48.000Z</time>
        <extensions>
          <ns3:TrackPointExtension/>
        </extensions>
      </trkpt>
      <trkpt lat="32.09974282421171665191650390625" lon="118.7331466376781463623046875">
        <ele>9.19999980926513671875</ele>
        <time>2021-11-15T04:02:49.000Z</time>
        <extensions>
          <ns3:TrackPointExtension/>
        </extensions>
      </trkpt>
      <trkpt lat="32.09976193495094776153564453125" lon="118.73315426521003246307373046875">
        <ele>9</ele>
        <time>2021-11-15T04:02:50.000Z</time>
        <extensions>
          <ns3:TrackPointExtension>
            <ns3:hr>130</ns3:hr>
          </ns3:TrackPointExtension>
        </extensions>
      </trkpt>
      <trkpt lat="32.09978096187114715576171875" lon="118.7331618927419185638427734375">
        <ele>8.80000019073486328125</ele>
        <time>2021-11-15T04:02:51.000Z</time>
        <extensions>
          <ns3:TrackPointExtension/>
        </extensions>
      </trkpt>
      <trkpt lat="32.099800072610378265380859375" lon="118.7331618927419185638427734375">
        <ele>8.6000003814697265625</ele>
        <time>2021-11-15T04:02:52.000Z</time>
        <extensions>
          <ns3:TrackPointExtension/>
        </extensions>
      </trkpt>
      <trkpt lat="32.099819183349609375" lon="118.73316952027380466461181640625">
        <ele>8.3999996185302734375</ele>
        <time>2021-11-15T04:02:53.000Z</time>
        <extensions>
          <ns3:TrackPointExtension/>
        </extensions>
      </trkpt>
      <trkpt lat="32.09984206594526767730712890625" lon="118.73316952027380466461181640625">
        <ele>8</ele>
        <time>2021-11-15T04:02:54.000Z</time>
        <extensions>
          <ns3:TrackPointExtension/>
        </extensions>
      </trkpt>
      <trkpt lat="32.099861092865467071533203125" lon="118.733177147805690765380859375">
        <ele>7.80000019073486328125</ele>
        <time>2021-11-15T04:02:55.000Z</time>
        <extensions>
          <ns3:TrackPointExtension>
            <ns3:hr>133</ns3:hr>
          </ns3:TrackPointExtension>
        </extensions>
      </trkpt>
      <trkpt lat="32.09988397546112537384033203125" lon="118.733177147805690765380859375">
        <ele>7.400000095367431640625</ele>
        <time>2021-11-15T04:02:56.000Z</time>
        <extensions>
          <ns3:TrackPointExtension/>
        </extensions>
      </trkpt>
      <trkpt lat="32.09990308620035648345947265625" lon="118.733177147805690765380859375">
        <ele>7.400000095367431640625</ele>
        <time>2021-11-15T04:02:57.000Z</time>
        <extensions>
          <ns3:TrackPointExtension/>
        </extensions>
      </trkpt>
      <trkpt lat="32.0999259687960147857666015625" lon="118.73318477533757686614990234375">
        <ele>7.19999980926513671875</ele>
        <time>2021-11-15T04:02:58.000Z</time>
        <extensions>
          <ns3:TrackPointExtension/>
        </extensions>
      </trkpt>
      <trkpt lat="32.09994499571621417999267578125" lon="118.733177147805690765380859375">
        <ele>7</ele>
        <time>2021-11-15T04:02:59.000Z</time>
        <extensions>
          <ns3:TrackPointExtension/>
        </extensions>
      </trkpt>
      <trkpt lat="32.09996410645544528961181640625" lon="118.733177147805690765380859375">
        <ele>6.80000019073486328125</ele>
        <time>2021-11-15T04:03:00.000Z</time>
        <extensions>
          <ns3:TrackPointExtension>
            <ns3:hr>137</ns3:hr>
          </ns3:TrackPointExtension>
        </extensions>
      </trkpt>
      <trkpt lat="32.099983133375644683837890625" lon="118.733177147805690765380859375">
        <ele>6.80000019073486328125</ele>
        <time>2021-11-15T04:03:01.000Z</time>
        <extensions>
          <ns3:TrackPointExtension/>
        </extensions>
      </trkpt>
      <trkpt lat="32.09999847225844860076904296875" lon="118.733177147805690765380859375">
        <ele>6.599999904632568359375</ele>
        <time>2021-11-15T04:03:02.000Z</time>
        <extensions>
          <ns3:TrackPointExtension/>
        </extensions>
      </trkpt>
      <trkpt lat="32.10000987164676189422607421875" lon="118.733177147805690765380859375">
        <ele>6.599999904632568359375</ele>
        <time>2021-11-15T04:03:03.000Z</time>
        <extensions>
          <ns3:TrackPointExtension/>
        </extensions>
      </trkpt>
      <trkpt lat="32.100021354854106903076171875" lon="118.73316952027380466461181640625">
        <ele>6.400000095367431640625</ele>
        <time>2021-11-15T04:03:04.000Z</time>
        <extensions>
          <ns3:TrackPointExtension/>
        </extensions>
      </trkpt>
      <trkpt lat="32.10002898238599300384521484375" lon="118.73316952027380466461181640625">
        <ele>6.400000095367431640625</ele>
        <time>2021-11-15T04:03:05.000Z</time>
        <extensions>
          <ns3:TrackPointExtension>
            <ns3:hr>143</ns3:hr>
          </ns3:TrackPointExtension>
        </extensions>
      </trkpt>
      <trkpt lat="32.100032754242420196533203125" lon="118.73316952027380466461181640625">
        <ele>6.400000095367431640625</ele>
        <time>2021-11-15T04:03:06.000Z</time>
        <extensions>
          <ns3:TrackPointExtension/>
        </extensions>
      </trkpt>
      <trkpt lat="32.10004038177430629730224609375" lon="118.73316952027380466461181640625">
        <ele>6.19999980926513671875</ele>
        <time>2021-11-15T04:03:07.000Z</time>
        <extensions>
          <ns3:TrackPointExtension/>
        </extensions>
      </trkpt>
      <trkpt lat="32.10004423744976520538330078125" lon="118.73316952027380466461181640625">
        <ele>6.19999980926513671875</ele>
        <time>2021-11-15T04:03:08.000Z</time>
        <extensions>
          <ns3:TrackPointExtension/>
        </extensions>
      </trkpt>
      <trkpt lat="32.1000480093061923980712890625" lon="118.73316952027380466461181640625">
        <ele>6.19999980926513671875</ele>
        <time>2021-11-15T04:03:09.000Z</time>
        <extensions>
          <ns3:TrackPointExtension/>
        </extensions>
      </trkpt>
      <trkpt lat="32.1000480093061923980712890625" lon="118.7331618927419185638427734375">
        <ele>6.19999980926513671875</ele>
        <time>2021-11-15T04:03:10.000Z</time>
        <extensions>
          <ns3:TrackPointExtension>
            <ns3:hr>149</ns3:hr>
          </ns3:TrackPointExtension>
        </extensions>
      </trkpt>
      <trkpt lat="32.1000480093061923980712890625" lon="118.7331618927419185638427734375">
        <ele>6.19999980926513671875</ele>
        <time>2021-11-15T04:03:11.000Z</time>
        <extensions>
          <ns3:TrackPointExtension/>
        </extensions>
      </trkpt>
      <trkpt lat="32.1000480093061923980712890625" lon="118.7331618927419185638427734375">
        <ele>6.19999980926513671875</ele>
        <time>2021-11-15T04:03:12.000Z</time>
        <extensions>
          <ns3:TrackPointExtension/>
        </extensions>
      </trkpt>
      <trkpt lat="32.1000480093061923980712890625" lon="118.7331618927419185638427734375">
        <ele>6.19999980926513671875</ele>
        <time>2021-11-15T04:03:13.000Z</time>
        <extensions>
          <ns3:TrackPointExtension/>
        </extensions>
      </trkpt>
      <trkpt lat="32.1000480093061923980712890625" lon="118.7331618927419185638427734375">
        <ele>6.19999980926513671875</ele>
        <time>2021-11-15T04:03:14.000Z</time>
        <extensions>
          <ns3:TrackPointExtension/>
        </extensions>
      </trkpt>
      <trkpt lat="32.1000480093061923980712890625" lon="118.7331618927419185638427734375">
        <ele>6.19999980926513671875</ele>
        <time>2021-11-15T04:03:15.000Z</time>
        <extensions>
          <ns3:TrackPointExtension>
            <ns3:hr>153</ns3:hr>
          </ns3:TrackPointExtension>
        </extensions>
      </trkpt>
      <trkpt lat="32.10005186498165130615234375" lon="118.7331618927419185638427734375">
        <ele>6.19999980926513671875</ele>
        <time>2021-11-15T04:03:16.000Z</time>
        <extensions>
          <ns3:TrackPointExtension/>
        </extensions>
      </trkpt>
      <trkpt lat="32.10005186498165130615234375" lon="118.7331618927419185638427734375">
        <ele>6.19999980926513671875</ele>
        <time>2021-11-15T04:03:17.000Z</time>
        <extensions>
          <ns3:TrackPointExtension/>
        </extensions>
      </trkpt>
      <trkpt lat="32.10005186498165130615234375" lon="118.7331618927419185638427734375">
        <ele>6.19999980926513671875</ele>
        <time>2021-11-15T04:03:18.000Z</time>
        <extensions>
          <ns3:TrackPointExtension/>
        </extensions>
      </trkpt>
      <trkpt lat="32.10005186498165130615234375" lon="118.7331618927419185638427734375">
        <ele>6.19999980926513671875</ele>
        <time>2021-11-15T04:03:19.000Z</time>
        <extensions>
          <ns3:TrackPointExtension/>
        </extensions>
      </trkpt>
      <trkpt lat="32.10005563683807849884033203125" lon="118.7331618927419185638427734375">
        <ele>6</ele>
        <time>2021-11-15T04:03:20.000Z</time>
        <extensions>
          <ns3:TrackPointExtension>
            <ns3:hr>147</ns3:hr>
          </ns3:TrackPointExtension>
        </extensions>
      </trkpt>
      <trkpt lat="32.10005563683807849884033203125" lon="118.73315426521003246307373046875">
        <ele>6</ele>
        <time>2021-11-15T04:03:21.000Z</time>
        <extensions>
          <ns3:TrackPointExtension/>
        </extensions>
      </trkpt>
      <trkpt lat="32.10005563683807849884033203125" lon="118.73315426521003246307373046875">
        <ele>6</ele>
        <time>2021-11-15T04:03:22.000Z</time>
        <extensions>
          <ns3:TrackPointExtension/>
        </extensions>
      </trkpt>
      <trkpt lat="32.10005563683807849884033203125" lon="118.73315426521003246307373046875">
        <ele>6</ele>
        <time>2021-11-15T04:03:23.000Z</time>
        <extensions>
          <ns3:TrackPointExtension/>
        </extensions>
      </trkpt>
      <trkpt lat="32.10005949251353740692138671875" lon="118.7331466376781463623046875">
        <ele>6</ele>
        <time>2021-11-15T04:03:24.000Z</time>
        <extensions>
          <ns3:TrackPointExtension/>
        </extensions>
      </trkpt>
      <trkpt lat="32.10005949251353740692138671875" lon="118.7331466376781463623046875">
        <ele>6</ele>
        <time>2021-11-15T04:03:25.000Z</time>
        <extensions>
          <ns3:TrackPointExtension>
            <ns3:hr>145</ns3:hr>
          </ns3:TrackPointExtension>
        </extensions>
      </trkpt>
      <trkpt lat="32.100063264369964599609375" lon="118.7331466376781463623046875">
        <ele>6</ele>
        <time>2021-11-15T04:03:26.000Z</time>
        <extensions>
          <ns3:TrackPointExtension/>
        </extensions>
      </trkpt>
      <trkpt lat="32.100063264369964599609375" lon="118.7331466376781463623046875">
        <ele>6</ele>
        <time>2021-11-15T04:03:27.000Z</time>
        <extensions>
          <ns3:TrackPointExtension/>
        </extensions>
      </trkpt>
      <trkpt lat="32.1000671200454235076904296875" lon="118.73313901014626026153564453125">
        <ele>5.80000019073486328125</ele>
        <time>2021-11-15T04:03:28.000Z</time>
        <extensions>
          <ns3:TrackPointExtension/>
        </extensions>
      </trkpt>
      <trkpt lat="32.1000671200454235076904296875" lon="118.73313901014626026153564453125">
        <ele>5.80000019073486328125</ele>
        <time>2021-11-15T04:03:29.000Z</time>
        <extensions>
          <ns3:TrackPointExtension/>
        </extensions>
      </trkpt>
      <trkpt lat="32.1000671200454235076904296875" lon="118.73313901014626026153564453125">
        <ele>5.80000019073486328125</ele>
        <time>2021-11-15T04:03:30.000Z</time>
        <extensions>
          <ns3:TrackPointExtension>
            <ns3:hr>140</ns3:hr>
          </ns3:TrackPointExtension>
        </extensions>
      </trkpt>
      <trkpt lat="32.1000671200454235076904296875" lon="118.73313901014626026153564453125">
        <ele>5.80000019073486328125</ele>
        <time>2021-11-15T04:03:31.000Z</time>
        <extensions>
          <ns3:TrackPointExtension/>
        </extensions>
      </trkpt>
      <trkpt lat="32.10007089190185070037841796875" lon="118.73313901014626026153564453125">
        <ele>5.80000019073486328125</ele>
        <time>2021-11-15T04:03:33.000Z</time>
        <extensions>
          <ns3:TrackPointExtension/>
        </extensions>
      </trkpt>
      <trkpt lat="32.10007089190185070037841796875" lon="118.73313901014626026153564453125">
        <ele>5.80000019073486328125</ele>
        <time>2021-11-15T04:03:34.000Z</time>
        <extensions>
          <ns3:TrackPointExtension/>
        </extensions>
      </trkpt>
      <trkpt lat="32.10007089190185070037841796875" lon="118.73313901014626026153564453125">
        <ele>5.80000019073486328125</ele>
        <time>2021-11-15T04:03:35.000Z</time>
        <extensions>
          <ns3:TrackPointExtension>
            <ns3:hr>137</ns3:hr>
          </ns3:TrackPointExtension>
        </extensions>
      </trkpt>
      <trkpt lat="32.10007089190185070037841796875" lon="118.73313901014626026153564453125">
        <ele>5.80000019073486328125</ele>
        <time>2021-11-15T04:03:36.000Z</time>
        <extensions>
          <ns3:TrackPointExtension/>
        </extensions>
      </trkpt>
      <trkpt lat="32.10007089190185070037841796875" lon="118.73313901014626026153564453125">
        <ele>5.80000019073486328125</ele>
        <time>2021-11-15T04:03:37.000Z</time>
        <extensions>
          <ns3:TrackPointExtension/>
        </extensions>
      </trkpt>
      <trkpt lat="32.10007089190185070037841796875" lon="118.73313901014626026153564453125">
        <ele>5.80000019073486328125</ele>
        <time>2021-11-15T04:03:38.000Z</time>
        <extensions>
          <ns3:TrackPointExtension/>
        </extensions>
      </trkpt>
      <trkpt lat="32.10007089190185070037841796875" lon="118.73313901014626026153564453125">
        <ele>5.80000019073486328125</ele>
        <time>2021-11-15T04:03:39.000Z</time>
        <extensions>
          <ns3:TrackPointExtension/>
        </extensions>
      </trkpt>
      <trkpt lat="32.10007089190185070037841796875" lon="118.73313901014626026153564453125">
        <ele>5.80000019073486328125</ele>
        <time>2021-11-15T04:03:40.000Z</time>
        <extensions>
          <ns3:TrackPointExtension>
            <ns3:hr>136</ns3:hr>
          </ns3:TrackPointExtension>
        </extensions>
      </trkpt>
      <trkpt lat="32.10007089190185070037841796875" lon="118.73313901014626026153564453125">
        <ele>5.80000019073486328125</ele>
        <time>2021-11-15T04:03:41.000Z</time>
        <extensions>
          <ns3:TrackPointExtension/>
        </extensions>
      </trkpt>
      <trkpt lat="32.10007089190185070037841796875" lon="118.73313901014626026153564453125">
        <ele>5.80000019073486328125</ele>
        <time>2021-11-15T04:03:42.000Z</time>
        <extensions>
          <ns3:TrackPointExtension/>
        </extensions>
      </trkpt>
      <trkpt lat="32.10007089190185070037841796875" lon="118.7331313826143741607666015625">
        <ele>5.80000019073486328125</ele>
        <time>2021-11-15T04:03:43.000Z</time>
        <extensions>
          <ns3:TrackPointExtension/>
        </extensions>
      </trkpt>
      <trkpt lat="32.10007089190185070037841796875" lon="118.7331313826143741607666015625">
        <ele>5.80000019073486328125</ele>
        <time>2021-11-15T04:03:44.000Z</time>
        <extensions>
          <ns3:TrackPointExtension/>
        </extensions>
      </trkpt>
      <trkpt lat="32.1000671200454235076904296875" lon="118.7331313826143741607666015625">
        <ele>5.80000019073486328125</ele>
        <time>2021-11-15T04:03:45.000Z</time>
        <extensions>
          <ns3:TrackPointExtension>
            <ns3:hr>133</ns3:hr>
          </ns3:TrackPointExtension>
        </extensions>
      </trkpt>
      <trkpt lat="32.10007089190185070037841796875" lon="118.73312375508248805999755859375">
        <ele>5.80000019073486328125</ele>
        <time>2021-11-15T04:03:46.000Z</time>
        <extensions>
          <ns3:TrackPointExtension/>
        </extensions>
      </trkpt>
      <trkpt lat="32.10007089190185070037841796875" lon="118.73312375508248805999755859375">
        <ele>5.80000019073486328125</ele>
        <time>2021-11-15T04:03:47.000Z</time>
        <extensions>
          <ns3:TrackPointExtension/>
        </extensions>
      </trkpt>
      <trkpt lat="32.10007089190185070037841796875" lon="118.733116127550601959228515625">
        <ele>5.599999904632568359375</ele>
        <time>2021-11-15T04:03:48.000Z</time>
        <extensions>
          <ns3:TrackPointExtension/>
        </extensions>
      </trkpt>
      <trkpt lat="32.10007089190185070037841796875" lon="118.733116127550601959228515625">
        <ele>5.599999904632568359375</ele>
        <time>2021-11-15T04:03:49.000Z</time>
        <extensions>
          <ns3:TrackPointExtension/>
        </extensions>
      </trkpt>
      <trkpt lat="32.10007474757730960845947265625" lon="118.73310850001871585845947265625">
        <ele>5.599999904632568359375</ele>
        <time>2021-11-15T04:03:50.000Z</time>
        <extensions>
          <ns3:TrackPointExtension>
            <ns3:hr>126</ns3:hr>
          </ns3:TrackPointExtension>
        </extensions>
      </trkpt>
      <trkpt lat="32.10007474757730960845947265625" lon="118.73310850001871585845947265625">
        <ele>5.599999904632568359375</ele>
        <time>2021-11-15T04:03:51.000Z</time>
        <extensions>
          <ns3:TrackPointExtension/>
        </extensions>
      </trkpt>
      <trkpt lat="32.10007474757730960845947265625" lon="118.73310850001871585845947265625">
        <ele>5.599999904632568359375</ele>
        <time>2021-11-15T04:03:52.000Z</time>
        <extensions>
          <ns3:TrackPointExtension/>
        </extensions>
      </trkpt>
      <trkpt lat="32.1000785194337368011474609375" lon="118.7331008724868297576904296875">
        <ele>5.400000095367431640625</ele>
        <time>2021-11-15T04:03:53.000Z</time>
        <extensions>
          <ns3:TrackPointExtension/>
        </extensions>
      </trkpt>
      <trkpt lat="32.1000785194337368011474609375" lon="118.7331008724868297576904296875">
        <ele>5.400000095367431640625</ele>
        <time>2021-11-15T04:03:54.000Z</time>
        <extensions>
          <ns3:TrackPointExtension/>
        </extensions>
      </trkpt>
      <trkpt lat="32.1000785194337368011474609375" lon="118.73309324495494365692138671875">
        <ele>5.400000095367431640625</ele>
        <time>2021-11-15T04:03:55.000Z</time>
        <extensions>
          <ns3:TrackPointExtension>
            <ns3:hr>119</ns3:hr>
          </ns3:TrackPointExtension>
        </extensions>
      </trkpt>
      <trkpt lat="32.1000785194337368011474609375" lon="118.73309324495494365692138671875">
        <ele>5.400000095367431640625</ele>
        <time>2021-11-15T04:03:56.000Z</time>
        <extensions>
          <ns3:TrackPointExtension/>
        </extensions>
      </trkpt>
      <trkpt lat="32.1000785194337368011474609375" lon="118.73309324495494365692138671875">
        <ele>5.400000095367431640625</ele>
        <time>2021-11-15T04:03:57.000Z</time>
        <extensions>
          <ns3:TrackPointExtension/>
        </extensions>
      </trkpt>
      <trkpt lat="32.1000785194337368011474609375" lon="118.73309324495494365692138671875">
        <ele>5.400000095367431640625</ele>
        <time>2021-11-15T04:03:58.000Z</time>
        <extensions>
          <ns3:TrackPointExtension/>
        </extensions>
      </trkpt>
      <trkpt lat="32.1000785194337368011474609375" lon="118.73308561742305755615234375">
        <ele>5.19999980926513671875</ele>
        <time>2021-11-15T04:03:59.000Z</time>
        <extensions>
          <ns3:TrackPointExtension/>
        </extensions>
      </trkpt>
      <trkpt lat="32.1000785194337368011474609375" lon="118.73308561742305755615234375">
        <ele>5.19999980926513671875</ele>
        <time>2021-11-15T04:04:00.000Z</time>
        <extensions>
          <ns3:TrackPointExtension>
            <ns3:hr>120</ns3:hr>
          </ns3:TrackPointExtension>
        </extensions>
      </trkpt>
      <trkpt lat="32.1000785194337368011474609375" lon="118.73308561742305755615234375">
        <ele>5.19999980926513671875</ele>
        <time>2021-11-15T04:04:01.000Z</time>
        <extensions>
          <ns3:TrackPointExtension/>
        </extensions>
      </trkpt>
      <trkpt lat="32.1000785194337368011474609375" lon="118.73308561742305755615234375">
        <ele>5.19999980926513671875</ele>
        <time>2021-11-15T04:04:02.000Z</time>
        <extensions>
          <ns3:TrackPointExtension/>
        </extensions>
      </trkpt>
      <trkpt lat="32.1000785194337368011474609375" lon="118.73309324495494365692138671875">
        <ele>5.400000095367431640625</ele>
        <time>2021-11-15T04:04:03.000Z</time>
        <extensions>
          <ns3:TrackPointExtension/>
        </extensions>
      </trkpt>
      <trkpt lat="32.10007474757730960845947265625" lon="118.73309324495494365692138671875">
        <ele>5.400000095367431640625</ele>
        <time>2021-11-15T04:04:04.000Z</time>
        <extensions>
          <ns3:TrackPointExtension/>
        </extensions>
      </trkpt>
      <trkpt lat="32.10007474757730960845947265625" lon="118.73309324495494365692138671875">
        <ele>5.400000095367431640625</ele>
        <time>2021-11-15T04:04:05.000Z</time>
        <extensions>
          <ns3:TrackPointExtension>
            <ns3:hr>122</ns3:hr>
          </ns3:TrackPointExtension>
        </extensions>
      </trkpt>
      <trkpt lat="32.10007474757730960845947265625" lon="118.7331008724868297576904296875">
        <ele>5.400000095367431640625</ele>
        <time>2021-11-15T04:04:06.000Z</time>
        <extensions>
          <ns3:TrackPointExtension/>
        </extensions>
      </trkpt>
      <trkpt lat="32.10007089190185070037841796875" lon="118.7331008724868297576904296875">
        <ele>5.400000095367431640625</ele>
        <time>2021-11-15T04:04:07.000Z</time>
        <extensions>
          <ns3:TrackPointExtension/>
        </extensions>
      </trkpt>
      <trkpt lat="32.10007089190185070037841796875" lon="118.7331008724868297576904296875">
        <ele>5.400000095367431640625</ele>
        <time>2021-11-15T04:04:08.000Z</time>
        <extensions>
          <ns3:TrackPointExtension/>
        </extensions>
      </trkpt>
      <trkpt lat="32.10007089190185070037841796875" lon="118.7331008724868297576904296875">
        <ele>5.400000095367431640625</ele>
        <time>2021-11-15T04:04:09.000Z</time>
        <extensions>
          <ns3:TrackPointExtension/>
        </extensions>
      </trkpt>
      <trkpt lat="32.10007089190185070037841796875" lon="118.7331008724868297576904296875">
        <ele>5.400000095367431640625</ele>
        <time>2021-11-15T04:04:10.000Z</time>
        <extensions>
          <ns3:TrackPointExtension>
            <ns3:hr>118</ns3:hr>
          </ns3:TrackPointExtension>
        </extensions>
      </trkpt>
      <trkpt lat="32.10007089190185070037841796875" lon="118.73310850001871585845947265625">
        <ele>5.599999904632568359375</ele>
        <time>2021-11-15T04:04:11.000Z</time>
        <extensions>
          <ns3:TrackPointExtension/>
        </extensions>
      </trkpt>
      <trkpt lat="32.10007089190185070037841796875" lon="118.73310850001871585845947265625">
        <ele>5.599999904632568359375</ele>
        <time>2021-11-15T04:04:12.000Z</time>
        <extensions>
          <ns3:TrackPointExtension/>
        </extensions>
      </trkpt>
      <trkpt lat="32.10007474757730960845947265625" lon="118.73310850001871585845947265625">
        <ele>5.599999904632568359375</ele>
        <time>2021-11-15T04:04:13.000Z</time>
        <extensions>
          <ns3:TrackPointExtension/>
        </extensions>
      </trkpt>
      <trkpt lat="32.1000785194337368011474609375" lon="118.733116127550601959228515625">
        <ele>5.599999904632568359375</ele>
        <time>2021-11-15T04:04:14.000Z</time>
        <extensions>
          <ns3:TrackPointExtension/>
        </extensions>
      </trkpt>
      <trkpt lat="32.10009000264108180999755859375" lon="118.73312375508248805999755859375">
        <ele>5.599999904632568359375</ele>
        <time>2021-11-15T04:04:15.000Z</time>
        <extensions>
          <ns3:TrackPointExtension>
            <ns3:hr>117</ns3:hr>
          </ns3:TrackPointExtension>
        </extensions>
      </trkpt>
      <trkpt lat="32.1000976301729679107666015625" lon="118.7331313826143741607666015625">
        <ele>5.599999904632568359375</ele>
        <time>2021-11-15T04:04:16.000Z</time>
        <extensions>
          <ns3:TrackPointExtension/>
        </extensions>
      </trkpt>
      <trkpt lat="32.1001128852367401123046875" lon="118.73313901014626026153564453125">
        <ele>5.599999904632568359375</ele>
        <time>2021-11-15T04:04:17.000Z</time>
        <extensions>
          <ns3:TrackPointExtension/>
        </extensions>
      </trkpt>
      <trkpt lat="32.1001281403005123138427734375" lon="118.73315426521003246307373046875">
        <ele>5.599999904632568359375</ele>
        <time>2021-11-15T04:04:18.000Z</time>
        <extensions>
          <ns3:TrackPointExtension/>
        </extensions>
      </trkpt>
      <trkpt lat="32.100143395364284515380859375" lon="118.73316952027380466461181640625">
        <ele>5.599999904632568359375</ele>
        <time>2021-11-15T04:04:19.000Z</time>
        <extensions>
          <ns3:TrackPointExtension/>
        </extensions>
      </trkpt>
      <trkpt lat="32.1001586504280567169189453125" lon="118.73318477533757686614990234375">
        <ele>5.599999904632568359375</ele>
        <time>2021-11-15T04:04:20.000Z</time>
        <extensions>
          <ns3:TrackPointExtension>
            <ns3:hr>122</ns3:hr>
          </ns3:TrackPointExtension>
        </extensions>
      </trkpt>
      <trkpt lat="32.1001777611672878265380859375" lon="118.73320003040134906768798828125">
        <ele>5.599999904632568359375</ele>
        <time>2021-11-15T04:04:21.000Z</time>
        <extensions>
          <ns3:TrackPointExtension/>
        </extensions>
      </trkpt>
      <trkpt lat="32.10020064376294612884521484375" lon="118.7332229129970073699951171875">
        <ele>5.599999904632568359375</ele>
        <time>2021-11-15T04:04:22.000Z</time>
        <extensions>
          <ns3:TrackPointExtension/>
        </extensions>
      </trkpt>
      <trkpt lat="32.10022729821503162384033203125" lon="118.73324579559266567230224609375">
        <ele>5.599999904632568359375</ele>
        <time>2021-11-15T04:04:23.000Z</time>
        <extensions>
          <ns3:TrackPointExtension/>
        </extensions>
      </trkpt>
      <trkpt lat="32.1002501808106899261474609375" lon="118.73326105065643787384033203125">
        <ele>5.80000019073486328125</ele>
        <time>2021-11-15T04:04:24.000Z</time>
        <extensions>
          <ns3:TrackPointExtension/>
        </extensions>
      </trkpt>
      <trkpt lat="32.10027691908180713653564453125" lon="118.7332839332520961761474609375">
        <ele>5.80000019073486328125</ele>
        <time>2021-11-15T04:04:25.000Z</time>
        <extensions>
          <ns3:TrackPointExtension>
            <ns3:hr>120</ns3:hr>
          </ns3:TrackPointExtension>
        </extensions>
      </trkpt>
      <trkpt lat="32.10030357353389263153076171875" lon="118.733299188315868377685546875">
        <ele>5.80000019073486328125</ele>
        <time>2021-11-15T04:04:26.000Z</time>
        <extensions>
          <ns3:TrackPointExtension/>
        </extensions>
      </trkpt>
      <trkpt lat="32.1003303118050098419189453125" lon="118.73332207091152667999267578125">
        <ele>5.80000019073486328125</ele>
        <time>2021-11-15T04:04:27.000Z</time>
        <extensions>
          <ns3:TrackPointExtension/>
        </extensions>
      </trkpt>
      <trkpt lat="32.10035705007612705230712890625" lon="118.7333449535071849822998046875">
        <ele>6</ele>
        <time>2021-11-15T04:04:28.000Z</time>
        <extensions>
          <ns3:TrackPointExtension/>
        </extensions>
      </trkpt>
      <trkpt lat="32.10038756020367145538330078125" lon="118.733367919921875">
        <ele>6</ele>
        <time>2021-11-15T04:04:29.000Z</time>
        <extensions>
          <ns3:TrackPointExtension/>
        </extensions>
      </trkpt>
      <trkpt lat="32.10041807033121585845947265625" lon="118.7333831749856472015380859375">
        <ele>6</ele>
        <time>2021-11-15T04:04:30.000Z</time>
        <extensions>
          <ns3:TrackPointExtension>
            <ns3:hr>118</ns3:hr>
          </ns3:TrackPointExtension>
        </extensions>
      </trkpt>
      <trkpt lat="32.1004523523151874542236328125" lon="118.73340605758130550384521484375">
        <ele>6</ele>
        <time>2021-11-15T04:04:31.000Z</time>
        <extensions>
          <ns3:TrackPointExtension/>
        </extensions>
      </trkpt>
      <trkpt lat="32.100486718118190765380859375" lon="118.73342131264507770538330078125">
        <ele>6</ele>
        <time>2021-11-15T04:04:32.000Z</time>
        <extensions>
          <ns3:TrackPointExtension/>
        </extensions>
      </trkpt>
      <trkpt lat="32.10051722824573516845703125" lon="118.7334441952407360076904296875">
        <ele>6</ele>
        <time>2021-11-15T04:04:33.000Z</time>
        <extensions>
          <ns3:TrackPointExtension/>
        </extensions>
      </trkpt>
      <trkpt lat="32.1005515940487384796142578125" lon="118.73346707783639430999755859375">
        <ele>6.19999980926513671875</ele>
        <time>2021-11-15T04:04:35.000Z</time>
        <extensions>
          <ns3:TrackPointExtension>
            <ns3:hr>121</ns3:hr>
          </ns3:TrackPointExtension>
        </extensions>
      </trkpt>
      <trkpt lat="32.1005935035645961761474609375" lon="118.7334899604320526123046875">
        <ele>6.19999980926513671875</ele>
        <time>2021-11-15T04:04:36.000Z</time>
        <extensions>
          <ns3:TrackPointExtension/>
        </extensions>
      </trkpt>
      <trkpt lat="32.10063549689948558807373046875" lon="118.73351284302771091461181640625">
        <ele>6.19999980926513671875</ele>
        <time>2021-11-15T04:04:37.000Z</time>
        <extensions>
          <ns3:TrackPointExtension/>
        </extensions>
      </trkpt>
      <trkpt lat="32.10068511776626110076904296875" lon="118.73354335315525531768798828125">
        <ele>6.19999980926513671875</ele>
        <time>2021-11-15T04:04:38.000Z</time>
        <extensions>
          <ns3:TrackPointExtension/>
        </extensions>
      </trkpt>
      <trkpt lat="32.1007346548140048980712890625" lon="118.733581490814685821533203125">
        <ele>6.19999980926513671875</ele>
        <time>2021-11-15T04:04:39.000Z</time>
        <extensions>
          <ns3:TrackPointExtension/>
        </extensions>
      </trkpt>
      <trkpt lat="32.10078804753720760345458984375" lon="118.73361962847411632537841796875">
        <ele>6.400000095367431640625</ele>
        <time>2021-11-15T04:04:40.000Z</time>
        <extensions>
          <ns3:TrackPointExtension>
            <ns3:hr>121</ns3:hr>
          </ns3:TrackPointExtension>
        </extensions>
      </trkpt>
      <trkpt lat="32.10081093013286590576171875" lon="118.7336272560060024261474609375">
        <ele>6.400000095367431640625</ele>
        <time>2021-11-15T04:04:42.000Z</time>
        <extensions>
          <ns3:TrackPointExtension/>
        </extensions>
      </trkpt>
      <trkpt lat="32.10088728927075862884521484375" lon="118.73368064872920513153076171875">
        <ele>6.400000095367431640625</ele>
        <time>2021-11-15T04:04:44.000Z</time>
        <extensions>
          <ns3:TrackPointExtension/>
        </extensions>
      </trkpt>
      <trkpt lat="32.1009673364460468292236328125" lon="118.733741752803325653076171875">
        <ele>7</ele>
        <time>2021-11-15T04:04:46.000Z</time>
        <extensions>
          <ns3:TrackPointExtension/>
        </extensions>
      </trkpt>
      <trkpt lat="32.10103983990848064422607421875" lon="118.73381040059030055999755859375">
        <ele>7.599999904632568359375</ele>
        <time>2021-11-15T04:04:48.000Z</time>
        <extensions>
          <ns3:TrackPointExtension/>
        </extensions>
      </trkpt>
      <trkpt lat="32.10108183324337005615234375" lon="118.7338485382497310638427734375">
        <ele>7.599999904632568359375</ele>
        <time>2021-11-15T04:04:49.000Z</time>
        <extensions>
          <ns3:TrackPointExtension/>
        </extensions>
      </trkpt>
      <trkpt lat="32.1012077294290065765380859375" lon="118.733955323696136474609375">
        <ele>7.80000019073486328125</ele>
        <time>2021-11-15T04:04:52.000Z</time>
        <extensions>
          <ns3:TrackPointExtension/>
        </extensions>
      </trkpt>
      <trkpt lat="32.1012496389448642730712890625" lon="118.733985833823680877685546875">
        <ele>7.599999904632568359375</ele>
        <time>2021-11-15T04:04:53.000Z</time>
        <extensions>
          <ns3:TrackPointExtension/>
        </extensions>
      </trkpt>
      <trkpt lat="32.10128777660429477691650390625" lon="118.73400871641933917999267578125">
        <ele>7.599999904632568359375</ele>
        <time>2021-11-15T04:04:54.000Z</time>
        <extensions>
          <ns3:TrackPointExtension/>
        </extensions>
      </trkpt>
      <trkpt lat="32.101394645869731903076171875" lon="118.73410795815289020538330078125">
        <ele>7.80000019073486328125</ele>
        <time>2021-11-15T04:04:57.000Z</time>
        <extensions>
          <ns3:TrackPointExtension/>
        </extensions>
      </trkpt>
      <trkpt lat="32.10143278352916240692138671875" lon="118.7341308407485485076904296875">
        <ele>7.80000019073486328125</ele>
        <time>2021-11-15T04:04:58.000Z</time>
        <extensions>
          <ns3:TrackPointExtension/>
        </extensions>
      </trkpt>
      <trkpt lat="32.101467065513134002685546875" lon="118.7341613508760929107666015625">
        <ele>7.80000019073486328125</ele>
        <time>2021-11-15T04:04:59.000Z</time>
        <extensions>
          <ns3:TrackPointExtension/>
        </extensions>
      </trkpt>
      <trkpt lat="32.101535797119140625" lon="118.734207116067409515380859375">
        <ele>7.80000019073486328125</ele>
        <time>2021-11-15T04:05:01.000Z</time>
        <extensions>
          <ns3:TrackPointExtension/>
        </extensions>
      </trkpt>
      <trkpt lat="32.101566307246685028076171875" lon="118.73423762619495391845703125">
        <ele>8</ele>
        <time>2021-11-15T04:05:02.000Z</time>
        <extensions>
          <ns3:TrackPointExtension/>
        </extensions>
      </trkpt>
      <trkpt lat="32.10158918984234333038330078125" lon="118.73426050879061222076416015625">
        <ele>8</ele>
        <time>2021-11-15T04:05:03.000Z</time>
        <extensions>
          <ns3:TrackPointExtension/>
        </extensions>
      </trkpt>
      <trkpt lat="32.101627327501773834228515625" lon="118.73429101891815662384033203125">
        <ele>7.80000019073486328125</ele>
        <time>2021-11-15T04:05:04.000Z</time>
        <extensions>
          <ns3:TrackPointExtension/>
        </extensions>
      </trkpt>
      <trkpt lat="32.10166546516120433807373046875" lon="118.73432152904570102691650390625">
        <ele>7.80000019073486328125</ele>
        <time>2021-11-15T04:05:05.000Z</time>
        <extensions>
          <ns3:TrackPointExtension>
            <ns3:hr>121</ns3:hr>
          </ns3:TrackPointExtension>
        </extensions>
      </trkpt>
      <trkpt lat="32.101699747145175933837890625" lon="118.73435203917324542999267578125">
        <ele>7.80000019073486328125</ele>
        <time>2021-11-15T04:05:07.000Z</time>
        <extensions>
          <ns3:TrackPointExtension/>
        </extensions>
      </trkpt>
      <trkpt lat="32.1017341129481792449951171875" lon="118.7343749217689037322998046875">
        <ele>7.599999904632568359375</ele>
        <time>2021-11-15T04:05:08.000Z</time>
        <extensions>
          <ns3:TrackPointExtension/>
        </extensions>
      </trkpt>
      <trkpt lat="32.10176847875118255615234375" lon="118.73440551571547985076904296875">
        <ele>7.599999904632568359375</ele>
        <time>2021-11-15T04:05:09.000Z</time>
        <extensions>
          <ns3:TrackPointExtension/>
        </extensions>
      </trkpt>
      <trkpt lat="32.101798988878726959228515625" lon="118.734428398311138153076171875">
        <ele>7.599999904632568359375</ele>
        <time>2021-11-15T04:05:10.000Z</time>
        <extensions>
          <ns3:TrackPointExtension>
            <ns3:hr>118</ns3:hr>
          </ns3:TrackPointExtension>
        </extensions>
      </trkpt>
      <trkpt lat="32.1018294990062713623046875" lon="118.73445128090679645538330078125">
        <ele>7.400000095367431640625</ele>
        <time>2021-11-15T04:05:11.000Z</time>
        <extensions>
          <ns3:TrackPointExtension/>
        </extensions>
      </trkpt>
      <trkpt lat="32.1018561534583568572998046875" lon="118.73446653597056865692138671875">
        <ele>7.400000095367431640625</ele>
        <time>2021-11-15T04:05:12.000Z</time>
        <extensions>
          <ns3:TrackPointExtension/>
        </extensions>
      </trkpt>
      <trkpt lat="32.10188289172947406768798828125" lon="118.73448179103434085845947265625">
        <ele>7.400000095367431640625</ele>
        <time>2021-11-15T04:05:13.000Z</time>
        <extensions>
          <ns3:TrackPointExtension/>
        </extensions>
      </trkpt>
      <trkpt lat="32.10190200246870517730712890625" lon="118.73449704609811305999755859375">
        <ele>7.400000095367431640625</ele>
        <time>2021-11-15T04:05:14.000Z</time>
        <extensions>
          <ns3:TrackPointExtension/>
        </extensions>
      </trkpt>
      <trkpt lat="32.101921029388904571533203125" lon="118.73451230116188526153564453125">
        <ele>7.400000095367431640625</ele>
        <time>2021-11-15T04:05:15.000Z</time>
        <extensions>
          <ns3:TrackPointExtension>
            <ns3:hr>124</ns3:hr>
          </ns3:TrackPointExtension>
        </extensions>
      </trkpt>
      <trkpt lat="32.10193251259624958038330078125" lon="118.7345199286937713623046875">
        <ele>7.400000095367431640625</ele>
        <time>2021-11-15T04:05:16.000Z</time>
        <extensions>
          <ns3:TrackPointExtension/>
        </extensions>
      </trkpt>
      <trkpt lat="32.10194776766002178192138671875" lon="118.73452755622565746307373046875">
        <ele>7.599999904632568359375</ele>
        <time>2021-11-15T04:05:17.000Z</time>
        <extensions>
          <ns3:TrackPointExtension/>
        </extensions>
      </trkpt>
      <trkpt lat="32.1019553951919078826904296875" lon="118.73452755622565746307373046875">
        <ele>7.400000095367431640625</ele>
        <time>2021-11-15T04:05:18.000Z</time>
        <extensions>
          <ns3:TrackPointExtension/>
        </extensions>
      </trkpt>
      <trkpt lat="32.10196302272379398345947265625" lon="118.7345351837575435638427734375">
        <ele>7.599999904632568359375</ele>
        <time>2021-11-15T04:05:19.000Z</time>
        <extensions>
          <ns3:TrackPointExtension/>
        </extensions>
      </trkpt>
      <trkpt lat="32.1019667945802211761474609375" lon="118.7345351837575435638427734375">
        <ele>7.599999904632568359375</ele>
        <time>2021-11-15T04:05:20.000Z</time>
        <extensions>
          <ns3:TrackPointExtension>
            <ns3:hr>129</ns3:hr>
          </ns3:TrackPointExtension>
        </extensions>
      </trkpt>
      <trkpt lat="32.101970650255680084228515625" lon="118.7345351837575435638427734375">
        <ele>7.400000095367431640625</ele>
        <time>2021-11-15T04:05:21.000Z</time>
        <extensions>
          <ns3:TrackPointExtension/>
        </extensions>
      </trkpt>
      <trkpt lat="32.10197442211210727691650390625" lon="118.7345351837575435638427734375">
        <ele>7.400000095367431640625</ele>
        <time>2021-11-15T04:05:22.000Z</time>
        <extensions>
          <ns3:TrackPointExtension/>
        </extensions>
      </trkpt>
      <trkpt lat="32.10197442211210727691650390625" lon="118.7345351837575435638427734375">
        <ele>7.400000095367431640625</ele>
        <time>2021-11-15T04:05:23.000Z</time>
        <extensions>
          <ns3:TrackPointExtension/>
        </extensions>
      </trkpt>
      <trkpt lat="32.10197442211210727691650390625" lon="118.7345351837575435638427734375">
        <ele>7.400000095367431640625</ele>
        <time>2021-11-15T04:05:24.000Z</time>
        <extensions>
          <ns3:TrackPointExtension/>
        </extensions>
      </trkpt>
      <trkpt lat="32.10197827778756618499755859375" lon="118.7345351837575435638427734375">
        <ele>7.400000095367431640625</ele>
        <time>2021-11-15T04:05:25.000Z</time>
        <extensions>
          <ns3:TrackPointExtension>
            <ns3:hr>135</ns3:hr>
          </ns3:TrackPointExtension>
        </extensions>
      </trkpt>
      <trkpt lat="32.10197827778756618499755859375" lon="118.7345351837575435638427734375">
        <ele>7.400000095367431640625</ele>
        <time>2021-11-15T04:05:26.000Z</time>
        <extensions>
          <ns3:TrackPointExtension/>
        </extensions>
      </trkpt>
      <trkpt lat="32.10197827778756618499755859375" lon="118.7345351837575435638427734375">
        <ele>7.400000095367431640625</ele>
        <time>2021-11-15T04:05:27.000Z</time>
        <extensions>
          <ns3:TrackPointExtension/>
        </extensions>
      </trkpt>
      <trkpt lat="32.101982049643993377685546875" lon="118.7345351837575435638427734375">
        <ele>7.400000095367431640625</ele>
        <time>2021-11-15T04:05:28.000Z</time>
        <extensions>
          <ns3:TrackPointExtension/>
        </extensions>
      </trkpt>
      <trkpt lat="32.101982049643993377685546875" lon="118.7345351837575435638427734375">
        <ele>7.400000095367431640625</ele>
        <time>2021-11-15T04:05:29.000Z</time>
        <extensions>
          <ns3:TrackPointExtension/>
        </extensions>
      </trkpt>
      <trkpt lat="32.101982049643993377685546875" lon="118.7345351837575435638427734375">
        <ele>7.400000095367431640625</ele>
        <time>2021-11-15T04:05:30.000Z</time>
        <extensions>
          <ns3:TrackPointExtension>
            <ns3:hr>130</ns3:hr>
          </ns3:TrackPointExtension>
        </extensions>
      </trkpt>
      <trkpt lat="32.101982049643993377685546875" lon="118.73452755622565746307373046875">
        <ele>7.19999980926513671875</ele>
        <time>2021-11-15T04:05:31.000Z</time>
        <extensions>
          <ns3:TrackPointExtension/>
        </extensions>
      </trkpt>
      <trkpt lat="32.101982049643993377685546875" lon="118.73452755622565746307373046875">
        <ele>7.19999980926513671875</ele>
        <time>2021-11-15T04:05:32.000Z</time>
        <extensions>
          <ns3:TrackPointExtension/>
        </extensions>
      </trkpt>
      <trkpt lat="32.101982049643993377685546875" lon="118.73452755622565746307373046875">
        <ele>7.19999980926513671875</ele>
        <time>2021-11-15T04:05:33.000Z</time>
        <extensions>
          <ns3:TrackPointExtension/>
        </extensions>
      </trkpt>
      <trkpt lat="32.101982049643993377685546875" lon="118.73452755622565746307373046875">
        <ele>7.19999980926513671875</ele>
        <time>2021-11-15T04:05:34.000Z</time>
        <extensions>
          <ns3:TrackPointExtension/>
        </extensions>
      </trkpt>
      <trkpt lat="32.101982049643993377685546875" lon="118.73452755622565746307373046875">
        <ele>7.19999980926513671875</ele>
        <time>2021-11-15T04:05:35.000Z</time>
        <extensions>
          <ns3:TrackPointExtension>
            <ns3:hr>128</ns3:hr>
          </ns3:TrackPointExtension>
        </extensions>
      </trkpt>
      <trkpt lat="32.101982049643993377685546875" lon="118.73452755622565746307373046875">
        <ele>7.19999980926513671875</ele>
        <time>2021-11-15T04:05:36.000Z</time>
        <extensions>
          <ns3:TrackPointExtension/>
        </extensions>
      </trkpt>
      <trkpt lat="32.101982049643993377685546875" lon="118.7345351837575435638427734375">
        <ele>7.400000095367431640625</ele>
        <time>2021-11-15T04:05:37.000Z</time>
        <extensions>
          <ns3:TrackPointExtension/>
        </extensions>
      </trkpt>
      <trkpt lat="32.101982049643993377685546875" lon="118.7345351837575435638427734375">
        <ele>7.400000095367431640625</ele>
        <time>2021-11-15T04:05:38.000Z</time>
        <extensions>
          <ns3:TrackPointExtension/>
        </extensions>
      </trkpt>
      <trkpt lat="32.101982049643993377685546875" lon="118.7345351837575435638427734375">
        <ele>7.400000095367431640625</ele>
        <time>2021-11-15T04:05:39.000Z</time>
        <extensions>
          <ns3:TrackPointExtension/>
        </extensions>
      </trkpt>
      <trkpt lat="32.101982049643993377685546875" lon="118.7345351837575435638427734375">
        <ele>7.400000095367431640625</ele>
        <time>2021-11-15T04:05:40.000Z</time>
        <extensions>
          <ns3:TrackPointExtension>
            <ns3:hr>131</ns3:hr>
          </ns3:TrackPointExtension>
        </extensions>
      </trkpt>
      <trkpt lat="32.101982049643993377685546875" lon="118.7345351837575435638427734375">
        <ele>7.400000095367431640625</ele>
        <time>2021-11-15T04:05:41.000Z</time>
        <extensions>
          <ns3:TrackPointExtension/>
        </extensions>
      </trkpt>
      <trkpt lat="32.101982049643993377685546875" lon="118.73454281128942966461181640625">
        <ele>7.599999904632568359375</ele>
        <time>2021-11-15T04:05:42.000Z</time>
        <extensions>
          <ns3:TrackPointExtension/>
        </extensions>
      </trkpt>
      <trkpt lat="32.101982049643993377685546875" lon="118.73454281128942966461181640625">
        <ele>7.599999904632568359375</ele>
        <time>2021-11-15T04:05:43.000Z</time>
        <extensions>
          <ns3:TrackPointExtension/>
        </extensions>
      </trkpt>
      <trkpt lat="32.101982049643993377685546875" lon="118.73454281128942966461181640625">
        <ele>7.599999904632568359375</ele>
        <time>2021-11-15T04:05:44.000Z</time>
        <extensions>
          <ns3:TrackPointExtension/>
        </extensions>
      </trkpt>
      <trkpt lat="32.1019859053194522857666015625" lon="118.73454281128942966461181640625">
        <ele>7.599999904632568359375</ele>
        <time>2021-11-15T04:05:45.000Z</time>
        <extensions>
          <ns3:TrackPointExtension>
            <ns3:hr>127</ns3:hr>
          </ns3:TrackPointExtension>
        </extensions>
      </trkpt>
      <trkpt lat="32.1019859053194522857666015625" lon="118.73454281128942966461181640625">
        <ele>7.599999904632568359375</ele>
        <time>2021-11-15T04:05:46.000Z</time>
        <extensions>
          <ns3:TrackPointExtension/>
        </extensions>
      </trkpt>
      <trkpt lat="32.1019859053194522857666015625" lon="118.73454281128942966461181640625">
        <ele>7.599999904632568359375</ele>
        <time>2021-11-15T04:05:47.000Z</time>
        <extensions>
          <ns3:TrackPointExtension/>
        </extensions>
      </trkpt>
      <trkpt lat="32.1019859053194522857666015625" lon="118.73454281128942966461181640625">
        <ele>7.599999904632568359375</ele>
        <time>2021-11-15T04:05:48.000Z</time>
        <extensions>
          <ns3:TrackPointExtension/>
        </extensions>
      </trkpt>
      <trkpt lat="32.1019859053194522857666015625" lon="118.73454281128942966461181640625">
        <ele>7.599999904632568359375</ele>
        <time>2021-11-15T04:05:49.000Z</time>
        <extensions>
          <ns3:TrackPointExtension/>
        </extensions>
      </trkpt>
      <trkpt lat="32.10198967717587947845458984375" lon="118.73454281128942966461181640625">
        <ele>7.400000095367431640625</ele>
        <time>2021-11-15T04:05:50.000Z</time>
        <extensions>
          <ns3:TrackPointExtension>
            <ns3:hr>126</ns3:hr>
          </ns3:TrackPointExtension>
        </extensions>
      </trkpt>
      <trkpt lat="32.10198967717587947845458984375" lon="118.73454281128942966461181640625">
        <ele>7.400000095367431640625</ele>
        <time>2021-11-15T04:05:51.000Z</time>
        <extensions>
          <ns3:TrackPointExtension/>
        </extensions>
      </trkpt>
      <trkpt lat="32.10198967717587947845458984375" lon="118.73454281128942966461181640625">
        <ele>7.400000095367431640625</ele>
        <time>2021-11-15T04:05:52.000Z</time>
        <extensions>
          <ns3:TrackPointExtension/>
        </extensions>
      </trkpt>
      <trkpt lat="32.10198967717587947845458984375" lon="118.73454281128942966461181640625">
        <ele>7.400000095367431640625</ele>
        <time>2021-11-15T04:05:53.000Z</time>
        <extensions>
          <ns3:TrackPointExtension/>
        </extensions>
      </trkpt>
      <trkpt lat="32.10199353285133838653564453125" lon="118.73454281128942966461181640625">
        <ele>7.400000095367431640625</ele>
        <time>2021-11-15T04:05:54.000Z</time>
        <extensions>
          <ns3:TrackPointExtension/>
        </extensions>
      </trkpt>
      <trkpt lat="32.10199353285133838653564453125" lon="118.73454281128942966461181640625">
        <ele>7.400000095367431640625</ele>
        <time>2021-11-15T04:05:55.000Z</time>
        <extensions>
          <ns3:TrackPointExtension>
            <ns3:hr>120</ns3:hr>
          </ns3:TrackPointExtension>
        </extensions>
      </trkpt>
      <trkpt lat="32.10199353285133838653564453125" lon="118.73454281128942966461181640625">
        <ele>7.400000095367431640625</ele>
        <time>2021-11-15T04:05:56.000Z</time>
        <extensions>
          <ns3:TrackPointExtension/>
        </extensions>
      </trkpt>
      <trkpt lat="32.1019973047077655792236328125" lon="118.73454281128942966461181640625">
        <ele>7.400000095367431640625</ele>
        <time>2021-11-15T04:05:57.000Z</time>
        <extensions>
          <ns3:TrackPointExtension/>
        </extensions>
      </trkpt>
      <trkpt lat="32.1019973047077655792236328125" lon="118.73454281128942966461181640625">
        <ele>7.400000095367431640625</ele>
        <time>2021-11-15T04:05:58.000Z</time>
        <extensions>
          <ns3:TrackPointExtension/>
        </extensions>
      </trkpt>
      <trkpt lat="32.1019973047077655792236328125" lon="118.73454281128942966461181640625">
        <ele>7.400000095367431640625</ele>
        <time>2021-11-15T04:05:59.000Z</time>
        <extensions>
          <ns3:TrackPointExtension/>
        </extensions>
      </trkpt>
      <trkpt lat="32.1019973047077655792236328125" lon="118.73454281128942966461181640625">
        <ele>7.400000095367431640625</ele>
        <time>2021-11-15T04:06:00.000Z</time>
        <extensions>
          <ns3:TrackPointExtension>
            <ns3:hr>122</ns3:hr>
          </ns3:TrackPointExtension>
        </extensions>
      </trkpt>
      <trkpt lat="32.1019973047077655792236328125" lon="118.73454281128942966461181640625">
        <ele>7.400000095367431640625</ele>
        <time>2021-11-15T04:06:01.000Z</time>
        <extensions>
          <ns3:TrackPointExtension/>
        </extensions>
      </trkpt>
      <trkpt lat="32.1020011603832244873046875" lon="118.73454281128942966461181640625">
        <ele>7.400000095367431640625</ele>
        <time>2021-11-15T04:06:02.000Z</time>
        <extensions>
          <ns3:TrackPointExtension/>
        </extensions>
      </trkpt>
      <trkpt lat="32.1020011603832244873046875" lon="118.7345351837575435638427734375">
        <ele>7.19999980926513671875</ele>
        <time>2021-11-15T04:06:03.000Z</time>
        <extensions>
          <ns3:TrackPointExtension/>
        </extensions>
      </trkpt>
      <trkpt lat="32.1020011603832244873046875" lon="118.7345351837575435638427734375">
        <ele>7.19999980926513671875</ele>
        <time>2021-11-15T04:06:04.000Z</time>
        <extensions>
          <ns3:TrackPointExtension/>
        </extensions>
      </trkpt>
      <trkpt lat="32.1020011603832244873046875" lon="118.7345351837575435638427734375">
        <ele>7.19999980926513671875</ele>
        <time>2021-11-15T04:06:05.000Z</time>
        <extensions>
          <ns3:TrackPointExtension>
            <ns3:hr>121</ns3:hr>
          </ns3:TrackPointExtension>
        </extensions>
      </trkpt>
      <trkpt lat="32.1020011603832244873046875" lon="118.7345351837575435638427734375">
        <ele>7.19999980926513671875</ele>
        <time>2021-11-15T04:06:06.000Z</time>
        <extensions>
          <ns3:TrackPointExtension/>
        </extensions>
      </trkpt>
      <trkpt lat="32.1020011603832244873046875" lon="118.7345351837575435638427734375">
        <ele>7.19999980926513671875</ele>
        <time>2021-11-15T04:06:07.000Z</time>
        <extensions>
          <ns3:TrackPointExtension/>
        </extensions>
      </trkpt>
      <trkpt lat="32.1020011603832244873046875" lon="118.7345351837575435638427734375">
        <ele>7.19999980926513671875</ele>
        <time>2021-11-15T04:06:08.000Z</time>
        <extensions>
          <ns3:TrackPointExtension/>
        </extensions>
      </trkpt>
      <trkpt lat="32.1020011603832244873046875" lon="118.7345351837575435638427734375">
        <ele>7.19999980926513671875</ele>
        <time>2021-11-15T04:06:09.000Z</time>
        <extensions>
          <ns3:TrackPointExtension/>
        </extensions>
      </trkpt>
      <trkpt lat="32.1020011603832244873046875" lon="118.7345351837575435638427734375">
        <ele>7.19999980926513671875</ele>
        <time>2021-11-15T04:06:10.000Z</time>
        <extensions>
          <ns3:TrackPointExtension>
            <ns3:hr>121</ns3:hr>
          </ns3:TrackPointExtension>
        </extensions>
      </trkpt>
      <trkpt lat="32.1020011603832244873046875" lon="118.7345351837575435638427734375">
        <ele>7.19999980926513671875</ele>
        <time>2021-11-15T04:06:11.000Z</time>
        <extensions>
          <ns3:TrackPointExtension/>
        </extensions>
      </trkpt>
      <trkpt lat="32.1020011603832244873046875" lon="118.7345351837575435638427734375">
        <ele>7.19999980926513671875</ele>
        <time>2021-11-15T04:06:12.000Z</time>
        <extensions>
          <ns3:TrackPointExtension/>
        </extensions>
      </trkpt>
      <trkpt lat="32.1020011603832244873046875" lon="118.7345351837575435638427734375">
        <ele>7.19999980926513671875</ele>
        <time>2021-11-15T04:06:13.000Z</time>
        <extensions>
          <ns3:TrackPointExtension/>
        </extensions>
      </trkpt>
      <trkpt lat="32.1020011603832244873046875" lon="118.7345351837575435638427734375">
        <ele>7.19999980926513671875</ele>
        <time>2021-11-15T04:06:14.000Z</time>
        <extensions>
          <ns3:TrackPointExtension/>
        </extensions>
      </trkpt>
      <trkpt lat="32.1020011603832244873046875" lon="118.7345351837575435638427734375">
        <ele>7.19999980926513671875</ele>
        <time>2021-11-15T04:06:15.000Z</time>
        <extensions>
          <ns3:TrackPointExtension>
            <ns3:hr>122</ns3:hr>
          </ns3:TrackPointExtension>
        </extensions>
      </trkpt>
      <trkpt lat="32.1020011603832244873046875" lon="118.7345351837575435638427734375">
        <ele>7.19999980926513671875</ele>
        <time>2021-11-15T04:06:16.000Z</time>
        <extensions>
          <ns3:TrackPointExtension/>
        </extensions>
      </trkpt>
      <trkpt lat="32.1020011603832244873046875" lon="118.7345351837575435638427734375">
        <ele>7.19999980926513671875</ele>
        <time>2021-11-15T04:06:17.000Z</time>
        <extensions>
          <ns3:TrackPointExtension/>
        </extensions>
      </trkpt>
      <trkpt lat="32.1020011603832244873046875" lon="118.7345351837575435638427734375">
        <ele>7.19999980926513671875</ele>
        <time>2021-11-15T04:06:18.000Z</time>
        <extensions>
          <ns3:TrackPointExtension/>
        </extensions>
      </trkpt>
      <trkpt lat="32.1020011603832244873046875" lon="118.7345351837575435638427734375">
        <ele>7.19999980926513671875</ele>
        <time>2021-11-15T04:06:19.000Z</time>
        <extensions>
          <ns3:TrackPointExtension/>
        </extensions>
      </trkpt>
      <trkpt lat="32.1020011603832244873046875" lon="118.7345351837575435638427734375">
        <ele>7.19999980926513671875</ele>
        <time>2021-11-15T04:06:20.000Z</time>
        <extensions>
          <ns3:TrackPointExtension>
            <ns3:hr>123</ns3:hr>
          </ns3:TrackPointExtension>
        </extensions>
      </trkpt>
      <trkpt lat="32.1020011603832244873046875" lon="118.73454281128942966461181640625">
        <ele>7.400000095367431640625</ele>
        <time>2021-11-15T04:06:21.000Z</time>
        <extensions>
          <ns3:TrackPointExtension/>
        </extensions>
      </trkpt>
      <trkpt lat="32.1019973047077655792236328125" lon="118.73454281128942966461181640625">
        <ele>7.400000095367431640625</ele>
        <time>2021-11-15T04:06:22.000Z</time>
        <extensions>
          <ns3:TrackPointExtension/>
        </extensions>
      </trkpt>
      <trkpt lat="32.1019973047077655792236328125" lon="118.7345351837575435638427734375">
        <ele>7.19999980926513671875</ele>
        <time>2021-11-15T04:06:23.000Z</time>
        <extensions>
          <ns3:TrackPointExtension/>
        </extensions>
      </trkpt>
      <trkpt lat="32.1019973047077655792236328125" lon="118.7345351837575435638427734375">
        <ele>7.19999980926513671875</ele>
        <time>2021-11-15T04:06:24.000Z</time>
        <extensions>
          <ns3:TrackPointExtension/>
        </extensions>
      </trkpt>
      <trkpt lat="32.1019973047077655792236328125" lon="118.7345351837575435638427734375">
        <ele>7.19999980926513671875</ele>
        <time>2021-11-15T04:06:25.000Z</time>
        <extensions>
          <ns3:TrackPointExtension>
            <ns3:hr>122</ns3:hr>
          </ns3:TrackPointExtension>
        </extensions>
      </trkpt>
      <trkpt lat="32.1019973047077655792236328125" lon="118.7345351837575435638427734375">
        <ele>7.19999980926513671875</ele>
        <time>2021-11-15T04:06:26.000Z</time>
        <extensions>
          <ns3:TrackPointExtension/>
        </extensions>
      </trkpt>
      <trkpt lat="32.1019973047077655792236328125" lon="118.7345351837575435638427734375">
        <ele>7.19999980926513671875</ele>
        <time>2021-11-15T04:06:27.000Z</time>
        <extensions>
          <ns3:TrackPointExtension/>
        </extensions>
      </trkpt>
      <trkpt lat="32.1019973047077655792236328125" lon="118.7345351837575435638427734375">
        <ele>7.19999980926513671875</ele>
        <time>2021-11-15T04:06:28.000Z</time>
        <extensions>
          <ns3:TrackPointExtension/>
        </extensions>
      </trkpt>
      <trkpt lat="32.1019973047077655792236328125" lon="118.7345351837575435638427734375">
        <ele>7.19999980926513671875</ele>
        <time>2021-11-15T04:06:29.000Z</time>
        <extensions>
          <ns3:TrackPointExtension/>
        </extensions>
      </trkpt>
      <trkpt lat="32.1019973047077655792236328125" lon="118.7345351837575435638427734375">
        <ele>7.19999980926513671875</ele>
        <time>2021-11-15T04:06:30.000Z</time>
        <extensions>
          <ns3:TrackPointExtension>
            <ns3:hr>125</ns3:hr>
          </ns3:TrackPointExtension>
        </extensions>
      </trkpt>
      <trkpt lat="32.1019973047077655792236328125" lon="118.7345351837575435638427734375">
        <ele>7.19999980926513671875</ele>
        <time>2021-11-15T04:06:31.000Z</time>
        <extensions>
          <ns3:TrackPointExtension/>
        </extensions>
      </trkpt>
      <trkpt lat="32.1019973047077655792236328125" lon="118.7345351837575435638427734375">
        <ele>7.19999980926513671875</ele>
        <time>2021-11-15T04:06:32.000Z</time>
        <extensions>
          <ns3:TrackPointExtension/>
        </extensions>
      </trkpt>
      <trkpt lat="32.1019973047077655792236328125" lon="118.73454281128942966461181640625">
        <ele>7.400000095367431640625</ele>
        <time>2021-11-15T04:06:33.000Z</time>
        <extensions>
          <ns3:TrackPointExtension/>
        </extensions>
      </trkpt>
      <trkpt lat="32.1019973047077655792236328125" lon="118.73454281128942966461181640625">
        <ele>7.400000095367431640625</ele>
        <time>2021-11-15T04:06:34.000Z</time>
        <extensions>
          <ns3:TrackPointExtension/>
        </extensions>
      </trkpt>
      <trkpt lat="32.1019973047077655792236328125" lon="118.73454281128942966461181640625">
        <ele>7.400000095367431640625</ele>
        <time>2021-11-15T04:06:35.000Z</time>
        <extensions>
          <ns3:TrackPointExtension>
            <ns3:hr>123</ns3:hr>
          </ns3:TrackPointExtension>
        </extensions>
      </trkpt>
      <trkpt lat="32.1019973047077655792236328125" lon="118.73454281128942966461181640625">
        <ele>7.400000095367431640625</ele>
        <time>2021-11-15T04:06:36.000Z</time>
        <extensions>
          <ns3:TrackPointExtension/>
        </extensions>
      </trkpt>
      <trkpt lat="32.1019973047077655792236328125" lon="118.73454281128942966461181640625">
        <ele>7.400000095367431640625</ele>
        <time>2021-11-15T04:06:37.000Z</time>
        <extensions>
          <ns3:TrackPointExtension/>
        </extensions>
      </trkpt>
      <trkpt lat="32.1019973047077655792236328125" lon="118.73454281128942966461181640625">
        <ele>7.400000095367431640625</ele>
        <time>2021-11-15T04:06:38.000Z</time>
        <extensions>
          <ns3:TrackPointExtension/>
        </extensions>
      </trkpt>
      <trkpt lat="32.1019973047077655792236328125" lon="118.73454281128942966461181640625">
        <ele>7.400000095367431640625</ele>
        <time>2021-11-15T04:06:39.000Z</time>
        <extensions>
          <ns3:TrackPointExtension/>
        </extensions>
      </trkpt>
      <trkpt lat="32.1019973047077655792236328125" lon="118.73454281128942966461181640625">
        <ele>7.400000095367431640625</ele>
        <time>2021-11-15T04:06:40.000Z</time>
        <extensions>
          <ns3:TrackPointExtension>
            <ns3:hr>129</ns3:hr>
          </ns3:TrackPointExtension>
        </extensions>
      </trkpt>
      <trkpt lat="32.1019973047077655792236328125" lon="118.7345351837575435638427734375">
        <ele>7.19999980926513671875</ele>
        <time>2021-11-15T04:06:41.000Z</time>
        <extensions>
          <ns3:TrackPointExtension/>
        </extensions>
      </trkpt>
      <trkpt lat="32.10199353285133838653564453125" lon="118.7345351837575435638427734375">
        <ele>7.400000095367431640625</ele>
        <time>2021-11-15T04:06:42.000Z</time>
        <extensions>
          <ns3:TrackPointExtension/>
        </extensions>
      </trkpt>
      <trkpt lat="32.10199353285133838653564453125" lon="118.7345351837575435638427734375">
        <ele>7.400000095367431640625</ele>
        <time>2021-11-15T04:06:43.000Z</time>
        <extensions>
          <ns3:TrackPointExtension/>
        </extensions>
      </trkpt>
      <trkpt lat="32.10198967717587947845458984375" lon="118.7345351837575435638427734375">
        <ele>7.400000095367431640625</ele>
        <time>2021-11-15T04:06:44.000Z</time>
        <extensions>
          <ns3:TrackPointExtension/>
        </extensions>
      </trkpt>
      <trkpt lat="32.1019859053194522857666015625" lon="118.7345351837575435638427734375">
        <ele>7.400000095367431640625</ele>
        <time>2021-11-15T04:06:45.000Z</time>
        <extensions>
          <ns3:TrackPointExtension>
            <ns3:hr>127</ns3:hr>
          </ns3:TrackPointExtension>
        </extensions>
      </trkpt>
      <trkpt lat="32.1019859053194522857666015625" lon="118.7345351837575435638427734375">
        <ele>7.400000095367431640625</ele>
        <time>2021-11-15T04:06:46.000Z</time>
        <extensions>
          <ns3:TrackPointExtension/>
        </extensions>
      </trkpt>
      <trkpt lat="32.101982049643993377685546875" lon="118.7345351837575435638427734375">
        <ele>7.400000095367431640625</ele>
        <time>2021-11-15T04:06:47.000Z</time>
        <extensions>
          <ns3:TrackPointExtension/>
        </extensions>
      </trkpt>
      <trkpt lat="32.101982049643993377685546875" lon="118.7345351837575435638427734375">
        <ele>7.400000095367431640625</ele>
        <time>2021-11-15T04:06:48.000Z</time>
        <extensions>
          <ns3:TrackPointExtension/>
        </extensions>
      </trkpt>
      <trkpt lat="32.10197442211210727691650390625" lon="118.7345351837575435638427734375">
        <ele>7.400000095367431640625</ele>
        <time>2021-11-15T04:06:49.000Z</time>
        <extensions>
          <ns3:TrackPointExtension/>
        </extensions>
      </trkpt>
      <trkpt lat="32.101970650255680084228515625" lon="118.7345351837575435638427734375">
        <ele>7.400000095367431640625</ele>
        <time>2021-11-15T04:06:50.000Z</time>
        <extensions>
          <ns3:TrackPointExtension>
            <ns3:hr>125</ns3:hr>
          </ns3:TrackPointExtension>
        </extensions>
      </trkpt>
      <trkpt lat="32.101970650255680084228515625" lon="118.7345351837575435638427734375">
        <ele>7.400000095367431640625</ele>
        <time>2021-11-15T04:06:51.000Z</time>
        <extensions>
          <ns3:TrackPointExtension/>
        </extensions>
      </trkpt>
      <trkpt lat="32.1019667945802211761474609375" lon="118.7345351837575435638427734375">
        <ele>7.599999904632568359375</ele>
        <time>2021-11-15T04:06:52.000Z</time>
        <extensions>
          <ns3:TrackPointExtension/>
        </extensions>
      </trkpt>
      <trkpt lat="32.10196302272379398345947265625" lon="118.7345351837575435638427734375">
        <ele>7.599999904632568359375</ele>
        <time>2021-11-15T04:06:53.000Z</time>
        <extensions>
          <ns3:TrackPointExtension/>
        </extensions>
      </trkpt>
      <trkpt lat="32.10196302272379398345947265625" lon="118.73454281128942966461181640625">
        <ele>7.599999904632568359375</ele>
        <time>2021-11-15T04:06:54.000Z</time>
        <extensions>
          <ns3:TrackPointExtension/>
        </extensions>
      </trkpt>
      <trkpt lat="32.10195916704833507537841796875" lon="118.73454281128942966461181640625">
        <ele>7.599999904632568359375</ele>
        <time>2021-11-15T04:06:55.000Z</time>
        <extensions>
          <ns3:TrackPointExtension>
            <ns3:hr>128</ns3:hr>
          </ns3:TrackPointExtension>
        </extensions>
      </trkpt>
      <trkpt lat="32.1019553951919078826904296875" lon="118.73454281128942966461181640625">
        <ele>7.80000019073486328125</ele>
        <time>2021-11-15T04:06:56.000Z</time>
        <extensions>
          <ns3:TrackPointExtension/>
        </extensions>
      </trkpt>
      <trkpt lat="32.101951539516448974609375" lon="118.734550438821315765380859375">
        <ele>7.80000019073486328125</ele>
        <time>2021-11-15T04:06:57.000Z</time>
        <extensions>
          <ns3:TrackPointExtension/>
        </extensions>
      </trkpt>
      <trkpt lat="32.10194391198456287384033203125" lon="118.734550438821315765380859375">
        <ele>8</ele>
        <time>2021-11-15T04:06:58.000Z</time>
        <extensions>
          <ns3:TrackPointExtension/>
        </extensions>
      </trkpt>
      <trkpt lat="32.1019362844526767730712890625" lon="118.734550438821315765380859375">
        <ele>8</ele>
        <time>2021-11-15T04:06:59.000Z</time>
        <extensions>
          <ns3:TrackPointExtension/>
        </extensions>
      </trkpt>
      <trkpt lat="32.10192865692079067230224609375" lon="118.73454281128942966461181640625">
        <ele>8</ele>
        <time>2021-11-15T04:07:00.000Z</time>
        <extensions>
          <ns3:TrackPointExtension>
            <ns3:hr>129</ns3:hr>
          </ns3:TrackPointExtension>
        </extensions>
      </trkpt>
      <trkpt lat="32.10191725753247737884521484375" lon="118.73454281128942966461181640625">
        <ele>8</ele>
        <time>2021-11-15T04:07:01.000Z</time>
        <extensions>
          <ns3:TrackPointExtension/>
        </extensions>
      </trkpt>
      <trkpt lat="32.10190200246870517730712890625" lon="118.73452755622565746307373046875">
        <ele>7.80000019073486328125</ele>
        <time>2021-11-15T04:07:02.000Z</time>
        <extensions>
          <ns3:TrackPointExtension/>
        </extensions>
      </trkpt>
      <trkpt lat="32.10188289172947406768798828125" lon="118.7345199286937713623046875">
        <ele>7.80000019073486328125</ele>
        <time>2021-11-15T04:07:03.000Z</time>
        <extensions>
          <ns3:TrackPointExtension/>
        </extensions>
      </trkpt>
      <trkpt lat="32.10186378099024295806884765625" lon="118.7345046736299991607666015625">
        <ele>7.80000019073486328125</ele>
        <time>2021-11-15T04:07:04.000Z</time>
        <extensions>
          <ns3:TrackPointExtension/>
        </extensions>
      </trkpt>
      <trkpt lat="32.10184089839458465576171875" lon="118.734489418566226959228515625">
        <ele>7.80000019073486328125</ele>
        <time>2021-11-15T04:07:05.000Z</time>
        <extensions>
          <ns3:TrackPointExtension>
            <ns3:hr>133</ns3:hr>
          </ns3:TrackPointExtension>
        </extensions>
      </trkpt>
      <trkpt lat="32.1018142439424991607666015625" lon="118.7344741635024547576904296875">
        <ele>7.80000019073486328125</ele>
        <time>2021-11-15T04:07:06.000Z</time>
        <extensions>
          <ns3:TrackPointExtension/>
        </extensions>
      </trkpt>
      <trkpt lat="32.10178750567138195037841796875" lon="118.73445128090679645538330078125">
        <ele>7.80000019073486328125</ele>
        <time>2021-11-15T04:07:07.000Z</time>
        <extensions>
          <ns3:TrackPointExtension/>
        </extensions>
      </trkpt>
      <trkpt lat="32.10176085121929645538330078125" lon="118.73443602584302425384521484375">
        <ele>8</ele>
        <time>2021-11-15T04:07:08.000Z</time>
        <extensions>
          <ns3:TrackPointExtension/>
        </extensions>
      </trkpt>
      <trkpt lat="32.1017341129481792449951171875" lon="118.7344131432473659515380859375">
        <ele>8</ele>
        <time>2021-11-15T04:07:09.000Z</time>
        <extensions>
          <ns3:TrackPointExtension/>
        </extensions>
      </trkpt>
      <trkpt lat="32.10171123035252094268798828125" lon="118.73439788818359375">
        <ele>8.19999980926513671875</ele>
        <time>2021-11-15T04:07:10.000Z</time>
        <extensions>
          <ns3:TrackPointExtension>
            <ns3:hr>134</ns3:hr>
          </ns3:TrackPointExtension>
        </extensions>
      </trkpt>
      <trkpt lat="32.1016844920814037322998046875" lon="118.73438254930078983306884765625">
        <ele>8.19999980926513671875</ele>
        <time>2021-11-15T04:07:11.000Z</time>
        <extensions>
          <ns3:TrackPointExtension/>
        </extensions>
      </trkpt>
      <trkpt lat="32.10166160948574542999267578125" lon="118.73436729423701763153076171875">
        <ele>8.3999996185302734375</ele>
        <time>2021-11-15T04:07:12.000Z</time>
        <extensions>
          <ns3:TrackPointExtension/>
        </extensions>
      </trkpt>
      <trkpt lat="32.101638726890087127685546875" lon="118.73435966670513153076171875">
        <ele>8.3999996185302734375</ele>
        <time>2021-11-15T04:07:13.000Z</time>
        <extensions>
          <ns3:TrackPointExtension/>
        </extensions>
      </trkpt>
      <trkpt lat="32.10161969996988773345947265625" lon="118.7343444116413593292236328125">
        <ele>8.6000003814697265625</ele>
        <time>2021-11-15T04:07:14.000Z</time>
        <extensions>
          <ns3:TrackPointExtension/>
        </extensions>
      </trkpt>
      <trkpt lat="32.10160058923065662384033203125" lon="118.73433678410947322845458984375">
        <ele>8.6000003814697265625</ele>
        <time>2021-11-15T04:07:15.000Z</time>
        <extensions>
          <ns3:TrackPointExtension>
            <ns3:hr>131</ns3:hr>
          </ns3:TrackPointExtension>
        </extensions>
      </trkpt>
      <trkpt lat="32.1015815623104572296142578125" lon="118.734329156577587127685546875">
        <ele>8.80000019073486328125</ele>
        <time>2021-11-15T04:07:16.000Z</time>
        <extensions>
          <ns3:TrackPointExtension/>
        </extensions>
      </trkpt>
      <trkpt lat="32.101566307246685028076171875" lon="118.73432152904570102691650390625">
        <ele>8.80000019073486328125</ele>
        <time>2021-11-15T04:07:17.000Z</time>
        <extensions>
          <ns3:TrackPointExtension/>
        </extensions>
      </trkpt>
      <trkpt lat="32.10154342465102672576904296875" lon="118.7343139015138149261474609375">
        <ele>9</ele>
        <time>2021-11-15T04:07:18.000Z</time>
        <extensions>
          <ns3:TrackPointExtension/>
        </extensions>
      </trkpt>
      <trkpt lat="32.10152431391179561614990234375" lon="118.734298646450042724609375">
        <ele>9</ele>
        <time>2021-11-15T04:07:19.000Z</time>
        <extensions>
          <ns3:TrackPointExtension/>
        </extensions>
      </trkpt>
      <trkpt lat="32.10149757564067840576171875" lon="118.7342833913862705230712890625">
        <ele>9</ele>
        <time>2021-11-15T04:07:20.000Z</time>
        <extensions>
          <ns3:TrackPointExtension>
            <ns3:hr>128</ns3:hr>
          </ns3:TrackPointExtension>
        </extensions>
      </trkpt>
      <trkpt lat="32.1014709211885929107666015625" lon="118.73427576385438442230224609375">
        <ele>9</ele>
        <time>2021-11-15T04:07:21.000Z</time>
        <extensions>
          <ns3:TrackPointExtension/>
        </extensions>
      </trkpt>
      <trkpt lat="32.1014404110610485076904296875" lon="118.73426050879061222076416015625">
        <ele>9.19999980926513671875</ele>
        <time>2021-11-15T04:07:22.000Z</time>
        <extensions>
          <ns3:TrackPointExtension/>
        </extensions>
      </trkpt>
      <trkpt lat="32.1014099009335041046142578125" lon="118.7342528812587261199951171875">
        <ele>9.19999980926513671875</ele>
        <time>2021-11-15T04:07:23.000Z</time>
        <extensions>
          <ns3:TrackPointExtension/>
        </extensions>
      </trkpt>
      <trkpt lat="32.10137553513050079345703125" lon="118.73423762619495391845703125">
        <ele>9.3999996185302734375</ele>
        <time>2021-11-15T04:07:24.000Z</time>
        <extensions>
          <ns3:TrackPointExtension/>
        </extensions>
      </trkpt>
      <trkpt lat="32.1013411693274974822998046875" lon="118.73422999866306781768798828125">
        <ele>9.6000003814697265625</ele>
        <time>2021-11-15T04:07:25.000Z</time>
        <extensions>
          <ns3:TrackPointExtension>
            <ns3:hr>127</ns3:hr>
          </ns3:TrackPointExtension>
        </extensions>
      </trkpt>
      <trkpt lat="32.10130688734352588653564453125" lon="118.73421474359929561614990234375">
        <ele>9.6000003814697265625</ele>
        <time>2021-11-15T04:07:26.000Z</time>
        <extensions>
          <ns3:TrackPointExtension/>
        </extensions>
      </trkpt>
      <trkpt lat="32.10127637721598148345947265625" lon="118.734207116067409515380859375">
        <ele>9.80000019073486328125</ele>
        <time>2021-11-15T04:07:27.000Z</time>
        <extensions>
          <ns3:TrackPointExtension/>
        </extensions>
      </trkpt>
      <trkpt lat="32.1012496389448642730712890625" lon="118.73419948853552341461181640625">
        <ele>10</ele>
        <time>2021-11-15T04:07:28.000Z</time>
        <extensions>
          <ns3:TrackPointExtension/>
        </extensions>
      </trkpt>
      <trkpt lat="32.101222984492778778076171875" lon="118.7341918610036373138427734375">
        <ele>10</ele>
        <time>2021-11-15T04:07:29.000Z</time>
        <extensions>
          <ns3:TrackPointExtension/>
        </extensions>
      </trkpt>
      <trkpt lat="32.101192474365234375" lon="118.73418423347175121307373046875">
        <ele>10.19999980926513671875</ele>
        <time>2021-11-15T04:07:30.000Z</time>
        <extensions>
          <ns3:TrackPointExtension>
            <ns3:hr>126</ns3:hr>
          </ns3:TrackPointExtension>
        </extensions>
      </trkpt>
      <trkpt lat="32.1011695079505443572998046875" lon="118.7341766059398651123046875">
        <ele>10.19999980926513671875</ele>
        <time>2021-11-15T04:07:31.000Z</time>
        <extensions>
          <ns3:TrackPointExtension/>
        </extensions>
      </trkpt>
      <trkpt lat="32.10114662535488605499267578125" lon="118.73416897840797901153564453125">
        <ele>10.19999980926513671875</ele>
        <time>2021-11-15T04:07:32.000Z</time>
        <extensions>
          <ns3:TrackPointExtension/>
        </extensions>
      </trkpt>
      <trkpt lat="32.101123742759227752685546875" lon="118.73416897840797901153564453125">
        <ele>10.3999996185302734375</ele>
        <time>2021-11-15T04:07:33.000Z</time>
        <extensions>
          <ns3:TrackPointExtension/>
        </extensions>
      </trkpt>
      <trkpt lat="32.10110471583902835845947265625" lon="118.7341613508760929107666015625">
        <ele>10.3999996185302734375</ele>
        <time>2021-11-15T04:07:34.000Z</time>
        <extensions>
          <ns3:TrackPointExtension/>
        </extensions>
      </trkpt>
      <trkpt lat="32.10108946077525615692138671875" lon="118.73415372334420680999755859375">
        <ele>10.3999996185302734375</ele>
        <time>2021-11-15T04:07:35.000Z</time>
        <extensions>
          <ns3:TrackPointExtension>
            <ns3:hr>120</ns3:hr>
          </ns3:TrackPointExtension>
        </extensions>
      </trkpt>
      <trkpt lat="32.1010779775679111480712890625" lon="118.734146095812320709228515625">
        <ele>10.3999996185302734375</ele>
        <time>2021-11-15T04:07:36.000Z</time>
        <extensions>
          <ns3:TrackPointExtension/>
        </extensions>
      </trkpt>
      <trkpt lat="32.101062722504138946533203125" lon="118.734146095812320709228515625">
        <ele>10.3999996185302734375</ele>
        <time>2021-11-15T04:07:37.000Z</time>
        <extensions>
          <ns3:TrackPointExtension/>
        </extensions>
      </trkpt>
      <trkpt lat="32.1010474674403667449951171875" lon="118.73413846828043460845947265625">
        <ele>10.3999996185302734375</ele>
        <time>2021-11-15T04:07:38.000Z</time>
        <extensions>
          <ns3:TrackPointExtension/>
        </extensions>
      </trkpt>
      <trkpt lat="32.10103221237659454345703125" lon="118.73413846828043460845947265625">
        <ele>10.6000003814697265625</ele>
        <time>2021-11-15T04:07:39.000Z</time>
        <extensions>
          <ns3:TrackPointExtension/>
        </extensions>
      </trkpt>
      <trkpt lat="32.101013101637363433837890625" lon="118.7341308407485485076904296875">
        <ele>10.6000003814697265625</ele>
        <time>2021-11-15T04:07:40.000Z</time>
        <extensions>
          <ns3:TrackPointExtension>
            <ns3:hr>119</ns3:hr>
          </ns3:TrackPointExtension>
        </extensions>
      </trkpt>
      <trkpt lat="32.1009978465735912322998046875" lon="118.7341308407485485076904296875">
        <ele>10.6000003814697265625</ele>
        <time>2021-11-15T04:07:41.000Z</time>
        <extensions>
          <ns3:TrackPointExtension/>
        </extensions>
      </trkpt>
      <trkpt lat="32.10097496397793292999267578125" lon="118.7341308407485485076904296875">
        <ele>10.6000003814697265625</ele>
        <time>2021-11-15T04:07:42.000Z</time>
        <extensions>
          <ns3:TrackPointExtension/>
        </extensions>
      </trkpt>
      <trkpt lat="32.1009559370577335357666015625" lon="118.7341308407485485076904296875">
        <ele>10.6000003814697265625</ele>
        <time>2021-11-15T04:07:43.000Z</time>
        <extensions>
          <ns3:TrackPointExtension/>
        </extensions>
      </trkpt>
      <trkpt lat="32.1009368263185024261474609375" lon="118.7341308407485485076904296875">
        <ele>10.6000003814697265625</ele>
        <time>2021-11-15T04:07:44.000Z</time>
        <extensions>
          <ns3:TrackPointExtension/>
        </extensions>
      </trkpt>
      <trkpt lat="32.10091394372284412384033203125" lon="118.7341308407485485076904296875">
        <ele>10.6000003814697265625</ele>
        <time>2021-11-15T04:07:45.000Z</time>
        <extensions>
          <ns3:TrackPointExtension>
            <ns3:hr>120</ns3:hr>
          </ns3:TrackPointExtension>
        </extensions>
      </trkpt>
      <trkpt lat="32.10088728927075862884521484375" lon="118.7341308407485485076904296875">
        <ele>10.6000003814697265625</ele>
        <time>2021-11-15T04:07:46.000Z</time>
        <extensions>
          <ns3:TrackPointExtension/>
        </extensions>
      </trkpt>
      <trkpt lat="32.10086055099964141845703125" lon="118.7341308407485485076904296875">
        <ele>10.80000019073486328125</ele>
        <time>2021-11-15T04:07:47.000Z</time>
        <extensions>
          <ns3:TrackPointExtension/>
        </extensions>
      </trkpt>
      <trkpt lat="32.100830040872097015380859375" lon="118.7341308407485485076904296875">
        <ele>10.80000019073486328125</ele>
        <time>2021-11-15T04:07:48.000Z</time>
        <extensions>
          <ns3:TrackPointExtension/>
        </extensions>
      </trkpt>
      <trkpt lat="32.1007956750690937042236328125" lon="118.73412321321666240692138671875">
        <ele>11</ele>
        <time>2021-11-15T04:07:49.000Z</time>
        <extensions>
          <ns3:TrackPointExtension/>
        </extensions>
      </trkpt>
      <trkpt lat="32.10076139308512210845947265625" lon="118.73412321321666240692138671875">
        <ele>11</ele>
        <time>2021-11-15T04:07:50.000Z</time>
        <extensions>
          <ns3:TrackPointExtension>
            <ns3:hr>120</ns3:hr>
          </ns3:TrackPointExtension>
        </extensions>
      </trkpt>
      <trkpt lat="32.10072702728211879730224609375" lon="118.73411558568477630615234375">
        <ele>11.19999980926513671875</ele>
        <time>2021-11-15T04:07:51.000Z</time>
        <extensions>
          <ns3:TrackPointExtension/>
        </extensions>
      </trkpt>
      <trkpt lat="32.1006927452981472015380859375" lon="118.73411558568477630615234375">
        <ele>11.19999980926513671875</ele>
        <time>2021-11-15T04:07:52.000Z</time>
        <extensions>
          <ns3:TrackPointExtension/>
        </extensions>
      </trkpt>
      <trkpt lat="32.100658379495143890380859375" lon="118.73410795815289020538330078125">
        <ele>11.19999980926513671875</ele>
        <time>2021-11-15T04:07:53.000Z</time>
        <extensions>
          <ns3:TrackPointExtension/>
        </extensions>
      </trkpt>
      <trkpt lat="32.10062024183571338653564453125" lon="118.7341003306210041046142578125">
        <ele>11</ele>
        <time>2021-11-15T04:07:54.000Z</time>
        <extensions>
          <ns3:TrackPointExtension/>
        </extensions>
      </trkpt>
      <trkpt lat="32.1005821041762828826904296875" lon="118.734085075557231903076171875">
        <ele>11</ele>
        <time>2021-11-15T04:07:55.000Z</time>
        <extensions>
          <ns3:TrackPointExtension>
            <ns3:hr>123</ns3:hr>
          </ns3:TrackPointExtension>
        </extensions>
      </trkpt>
      <trkpt lat="32.10054396651685237884521484375" lon="118.73407744802534580230712890625">
        <ele>10.80000019073486328125</ele>
        <time>2021-11-15T04:07:56.000Z</time>
        <extensions>
          <ns3:TrackPointExtension/>
        </extensions>
      </trkpt>
      <trkpt lat="32.100505828857421875" lon="118.73406219296157360076904296875">
        <ele>10.80000019073486328125</ele>
        <time>2021-11-15T04:07:57.000Z</time>
        <extensions>
          <ns3:TrackPointExtension/>
        </extensions>
      </trkpt>
      <trkpt lat="32.10046760737895965576171875" lon="118.734046854078769683837890625">
        <ele>10.6000003814697265625</ele>
        <time>2021-11-15T04:07:58.000Z</time>
        <extensions>
          <ns3:TrackPointExtension/>
        </extensions>
      </trkpt>
      <trkpt lat="32.100425697863101959228515625" lon="118.73401634395122528076171875">
        <ele>10.3999996185302734375</ele>
        <time>2021-11-15T04:07:59.000Z</time>
        <extensions>
          <ns3:TrackPointExtension/>
        </extensions>
      </trkpt>
      <trkpt lat="32.1003799326717853546142578125" lon="118.73399346135556697845458984375">
        <ele>10.19999980926513671875</ele>
        <time>2021-11-15T04:08:00.000Z</time>
        <extensions>
          <ns3:TrackPointExtension>
            <ns3:hr>124</ns3:hr>
          </ns3:TrackPointExtension>
        </extensions>
      </trkpt>
      <trkpt lat="32.10033416748046875" lon="118.73396295122802257537841796875">
        <ele>10</ele>
        <time>2021-11-15T04:08:01.000Z</time>
        <extensions>
          <ns3:TrackPointExtension/>
        </extensions>
      </trkpt>
      <trkpt lat="32.1002845466136932373046875" lon="118.73393244110047817230224609375">
        <ele>10</ele>
        <time>2021-11-15T04:08:02.000Z</time>
        <extensions>
          <ns3:TrackPointExtension/>
        </extensions>
      </trkpt>
      <trkpt lat="32.10023115389049053192138671875" lon="118.73389430344104766845703125">
        <ele>9.80000019073486328125</ele>
        <time>2021-11-15T04:08:03.000Z</time>
        <extensions>
          <ns3:TrackPointExtension/>
        </extensions>
      </trkpt>
      <trkpt lat="32.1001777611672878265380859375" lon="118.7338485382497310638427734375">
        <ele>9.6000003814697265625</ele>
        <time>2021-11-15T04:08:04.000Z</time>
        <extensions>
          <ns3:TrackPointExtension/>
        </extensions>
      </trkpt>
      <trkpt lat="32.1001281403005123138427734375" lon="118.73381040059030055999755859375">
        <ele>9.6000003814697265625</ele>
        <time>2021-11-15T04:08:05.000Z</time>
        <extensions>
          <ns3:TrackPointExtension>
            <ns3:hr>121</ns3:hr>
          </ns3:TrackPointExtension>
        </extensions>
      </trkpt>
      <trkpt lat="32.1000785194337368011474609375" lon="118.73376463539898395538330078125">
        <ele>9.6000003814697265625</ele>
        <time>2021-11-15T04:08:06.000Z</time>
        <extensions>
          <ns3:TrackPointExtension/>
        </extensions>
      </trkpt>
      <trkpt lat="32.100032754242420196533203125" lon="118.73371887020766735076904296875">
        <ele>9.6000003814697265625</ele>
        <time>2021-11-15T04:08:07.000Z</time>
        <extensions>
          <ns3:TrackPointExtension/>
        </extensions>
      </trkpt>
      <trkpt lat="32.0999869890511035919189453125" lon="118.73367302119731903076171875">
        <ele>9.6000003814697265625</ele>
        <time>2021-11-15T04:08:08.000Z</time>
        <extensions>
          <ns3:TrackPointExtension/>
        </extensions>
      </trkpt>
      <trkpt lat="32.09994499571621417999267578125" lon="118.7336272560060024261474609375">
        <ele>9.6000003814697265625</ele>
        <time>2021-11-15T04:08:09.000Z</time>
        <extensions>
          <ns3:TrackPointExtension/>
        </extensions>
      </trkpt>
      <trkpt lat="32.0999068580567836761474609375" lon="118.733581490814685821533203125">
        <ele>9.6000003814697265625</ele>
        <time>2021-11-15T04:08:10.000Z</time>
        <extensions>
          <ns3:TrackPointExtension>
            <ns3:hr>125</ns3:hr>
          </ns3:TrackPointExtension>
        </extensions>
      </trkpt>
      <trkpt lat="32.09986872039735317230224609375" lon="118.7335357256233692169189453125">
        <ele>9.80000019073486328125</ele>
        <time>2021-11-15T04:08:11.000Z</time>
        <extensions>
          <ns3:TrackPointExtension/>
        </extensions>
      </trkpt>
      <trkpt lat="32.0998344384133815765380859375" lon="118.73349758796393871307373046875">
        <ele>10</ele>
        <time>2021-11-15T04:08:12.000Z</time>
        <extensions>
          <ns3:TrackPointExtension/>
        </extensions>
      </trkpt>
      <trkpt lat="32.09980384446680545806884765625" lon="118.733459450304508209228515625">
        <ele>10.19999980926513671875</ele>
        <time>2021-11-15T04:08:13.000Z</time>
        <extensions>
          <ns3:TrackPointExtension/>
        </extensions>
      </trkpt>
      <trkpt lat="32.09977333433926105499267578125" lon="118.73342131264507770538330078125">
        <ele>10.3999996185302734375</ele>
        <time>2021-11-15T04:08:14.000Z</time>
        <extensions>
          <ns3:TrackPointExtension/>
        </extensions>
      </trkpt>
      <trkpt lat="32.09974667988717555999755859375" lon="118.73339080251753330230712890625">
        <ele>10.6000003814697265625</ele>
        <time>2021-11-15T04:08:15.000Z</time>
        <extensions>
          <ns3:TrackPointExtension>
            <ns3:hr>128</ns3:hr>
          </ns3:TrackPointExtension>
        </extensions>
      </trkpt>
      <trkpt lat="32.09971616975963115692138671875" lon="118.733360208570957183837890625">
        <ele>10.80000019073486328125</ele>
        <time>2021-11-15T04:08:16.000Z</time>
        <extensions>
          <ns3:TrackPointExtension/>
        </extensions>
      </trkpt>
      <trkpt lat="32.09968565963208675384521484375" lon="118.73332207091152667999267578125">
        <ele>11</ele>
        <time>2021-11-15T04:08:17.000Z</time>
        <extensions>
          <ns3:TrackPointExtension/>
        </extensions>
      </trkpt>
      <trkpt lat="32.09965129382908344268798828125" lon="118.73329156078398227691650390625">
        <ele>11.19999980926513671875</ele>
        <time>2021-11-15T04:08:18.000Z</time>
        <extensions>
          <ns3:TrackPointExtension/>
        </extensions>
      </trkpt>
      <trkpt lat="32.0996131561696529388427734375" lon="118.73326105065643787384033203125">
        <ele>11.3999996185302734375</ele>
        <time>2021-11-15T04:08:19.000Z</time>
        <extensions>
          <ns3:TrackPointExtension/>
        </extensions>
      </trkpt>
      <trkpt lat="32.09957501851022243499755859375" lon="118.73323054052889347076416015625">
        <ele>11.6000003814697265625</ele>
        <time>2021-11-15T04:08:20.000Z</time>
        <extensions>
          <ns3:TrackPointExtension>
            <ns3:hr>129</ns3:hr>
          </ns3:TrackPointExtension>
        </extensions>
      </trkpt>
      <trkpt lat="32.0995330251753330230712890625" lon="118.73320003040134906768798828125">
        <ele>11.80000019073486328125</ele>
        <time>2021-11-15T04:08:21.000Z</time>
        <extensions>
          <ns3:TrackPointExtension/>
        </extensions>
      </trkpt>
      <trkpt lat="32.09949488751590251922607421875" lon="118.733177147805690765380859375">
        <ele>12</ele>
        <time>2021-11-15T04:08:22.000Z</time>
        <extensions>
          <ns3:TrackPointExtension/>
        </extensions>
      </trkpt>
      <trkpt lat="32.099456749856472015380859375" lon="118.7331466376781463623046875">
        <ele>12.19999980926513671875</ele>
        <time>2021-11-15T04:08:23.000Z</time>
        <extensions>
          <ns3:TrackPointExtension/>
        </extensions>
      </trkpt>
      <trkpt lat="32.09941475652158260345458984375" lon="118.73312375508248805999755859375">
        <ele>12.3999996185302734375</ele>
        <time>2021-11-15T04:08:24.000Z</time>
        <extensions>
          <ns3:TrackPointExtension/>
        </extensions>
      </trkpt>
      <trkpt lat="32.099376618862152099609375" lon="118.7331008724868297576904296875">
        <ele>12.6000003814697265625</ele>
        <time>2021-11-15T04:08:25.000Z</time>
        <extensions>
          <ns3:TrackPointExtension>
            <ns3:hr>127</ns3:hr>
          </ns3:TrackPointExtension>
        </extensions>
      </trkpt>
      <trkpt lat="32.099334709346294403076171875" lon="118.73307798989117145538330078125">
        <ele>12.6000003814697265625</ele>
        <time>2021-11-15T04:08:26.000Z</time>
        <extensions>
          <ns3:TrackPointExtension/>
        </extensions>
      </trkpt>
      <trkpt lat="32.099296487867832183837890625" lon="118.733055107295513153076171875">
        <ele>12.6000003814697265625</ele>
        <time>2021-11-15T04:08:27.000Z</time>
        <extensions>
          <ns3:TrackPointExtension/>
        </extensions>
      </trkpt>
      <trkpt lat="32.0992545783519744873046875" lon="118.73303222469985485076904296875">
        <ele>12.3999996185302734375</ele>
        <time>2021-11-15T04:08:28.000Z</time>
        <extensions>
          <ns3:TrackPointExtension/>
        </extensions>
      </trkpt>
      <trkpt lat="32.09921644069254398345947265625" lon="118.733016885817050933837890625">
        <ele>12.19999980926513671875</ele>
        <time>2021-11-15T04:08:29.000Z</time>
        <extensions>
          <ns3:TrackPointExtension/>
        </extensions>
      </trkpt>
      <trkpt lat="32.09918207488954067230224609375" lon="118.73299400322139263153076171875">
        <ele>12</ele>
        <time>2021-11-15T04:08:30.000Z</time>
        <extensions>
          <ns3:TrackPointExtension>
            <ns3:hr>128</ns3:hr>
          </ns3:TrackPointExtension>
        </extensions>
      </trkpt>
      <trkpt lat="32.09914393723011016845703125" lon="118.73297874815762042999267578125">
        <ele>11.80000019073486328125</ele>
        <time>2021-11-15T04:08:31.000Z</time>
        <extensions>
          <ns3:TrackPointExtension/>
        </extensions>
      </trkpt>
      <trkpt lat="32.09910579957067966461181640625" lon="118.73296349309384822845458984375">
        <ele>11.6000003814697265625</ele>
        <time>2021-11-15T04:08:32.000Z</time>
        <extensions>
          <ns3:TrackPointExtension/>
        </extensions>
      </trkpt>
      <trkpt lat="32.099063806235790252685546875" lon="118.73294823803007602691650390625">
        <ele>11.3999996185302734375</ele>
        <time>2021-11-15T04:08:33.000Z</time>
        <extensions>
          <ns3:TrackPointExtension/>
        </extensions>
      </trkpt>
      <trkpt lat="32.09902189671993255615234375" lon="118.73293298296630382537841796875">
        <ele>11.3999996185302734375</ele>
        <time>2021-11-15T04:08:34.000Z</time>
        <extensions>
          <ns3:TrackPointExtension/>
        </extensions>
      </trkpt>
      <trkpt lat="32.09898375906050205230712890625" lon="118.73291772790253162384033203125">
        <ele>11.19999980926513671875</ele>
        <time>2021-11-15T04:08:35.000Z</time>
        <extensions>
          <ns3:TrackPointExtension>
            <ns3:hr>126</ns3:hr>
          </ns3:TrackPointExtension>
        </extensions>
      </trkpt>
      <trkpt lat="32.098941765725612640380859375" lon="118.7329101003706455230712890625">
        <ele>11.19999980926513671875</ele>
        <time>2021-11-15T04:08:36.000Z</time>
        <extensions>
          <ns3:TrackPointExtension/>
        </extensions>
      </trkpt>
      <trkpt lat="32.09890362806618213653564453125" lon="118.73290247283875942230224609375">
        <ele>11.19999980926513671875</ele>
        <time>2021-11-15T04:08:37.000Z</time>
        <extensions>
          <ns3:TrackPointExtension/>
        </extensions>
      </trkpt>
      <trkpt lat="32.0988654904067516326904296875" lon="118.732894845306873321533203125">
        <ele>11.19999980926513671875</ele>
        <time>2021-11-15T04:08:38.000Z</time>
        <extensions>
          <ns3:TrackPointExtension/>
        </extensions>
      </trkpt>
      <trkpt lat="32.098831124603748321533203125" lon="118.73288721777498722076416015625">
        <ele>11.19999980926513671875</ele>
        <time>2021-11-15T04:08:39.000Z</time>
        <extensions>
          <ns3:TrackPointExtension/>
        </extensions>
      </trkpt>
      <trkpt lat="32.09879298694431781768798828125" lon="118.73288721777498722076416015625">
        <ele>11</ele>
        <time>2021-11-15T04:08:40.000Z</time>
        <extensions>
          <ns3:TrackPointExtension>
            <ns3:hr>130</ns3:hr>
          </ns3:TrackPointExtension>
        </extensions>
      </trkpt>
      <trkpt lat="32.09875099360942840576171875" lon="118.7328795902431011199951171875">
        <ele>11</ele>
        <time>2021-11-15T04:08:41.000Z</time>
        <extensions>
          <ns3:TrackPointExtension/>
        </extensions>
      </trkpt>
      <trkpt lat="32.09871285594999790191650390625" lon="118.73287196271121501922607421875">
        <ele>11</ele>
        <time>2021-11-15T04:08:42.000Z</time>
        <extensions>
          <ns3:TrackPointExtension/>
        </extensions>
      </trkpt>
      <trkpt lat="32.0986747182905673980712890625" lon="118.73286433517932891845703125">
        <ele>11</ele>
        <time>2021-11-15T04:08:43.000Z</time>
        <extensions>
          <ns3:TrackPointExtension/>
        </extensions>
      </trkpt>
      <trkpt lat="32.09863658063113689422607421875" lon="118.7328490801155567169189453125">
        <ele>11</ele>
        <time>2021-11-15T04:08:44.000Z</time>
        <extensions>
          <ns3:TrackPointExtension/>
        </extensions>
      </trkpt>
      <trkpt lat="32.098598442971706390380859375" lon="118.732833825051784515380859375">
        <ele>11</ele>
        <time>2021-11-15T04:08:45.000Z</time>
        <extensions>
          <ns3:TrackPointExtension>
            <ns3:hr>133</ns3:hr>
          </ns3:TrackPointExtension>
        </extensions>
      </trkpt>
      <trkpt lat="32.0985640771687030792236328125" lon="118.7328185699880123138427734375">
        <ele>11</ele>
        <time>2021-11-15T04:08:46.000Z</time>
        <extensions>
          <ns3:TrackPointExtension/>
        </extensions>
      </trkpt>
      <trkpt lat="32.0985221676528453826904296875" lon="118.73279568739235401153564453125">
        <ele>10.80000019073486328125</ele>
        <time>2021-11-15T04:08:47.000Z</time>
        <extensions>
          <ns3:TrackPointExtension/>
        </extensions>
      </trkpt>
      <trkpt lat="32.09848402999341487884521484375" lon="118.73278043232858180999755859375">
        <ele>10.80000019073486328125</ele>
        <time>2021-11-15T04:08:48.000Z</time>
        <extensions>
          <ns3:TrackPointExtension/>
        </extensions>
      </trkpt>
      <trkpt lat="32.0984420366585254669189453125" lon="118.7327575497329235076904296875">
        <ele>11.19999980926513671875</ele>
        <time>2021-11-15T04:08:49.000Z</time>
        <extensions>
          <ns3:TrackPointExtension/>
        </extensions>
      </trkpt>
      <trkpt lat="32.09840004332363605499267578125" lon="118.7327270396053791046142578125">
        <ele>11.3999996185302734375</ele>
        <time>2021-11-15T04:08:50.000Z</time>
        <extensions>
          <ns3:TrackPointExtension>
            <ns3:hr>130</ns3:hr>
          </ns3:TrackPointExtension>
        </extensions>
      </trkpt>
      <trkpt lat="32.09835813380777835845947265625" lon="118.73270415700972080230712890625">
        <ele>11.3999996185302734375</ele>
        <time>2021-11-15T04:08:51.000Z</time>
        <extensions>
          <ns3:TrackPointExtension/>
        </extensions>
      </trkpt>
      <trkpt lat="32.0983199961483478546142578125" lon="118.7326812744140625">
        <ele>11.6000003814697265625</ele>
        <time>2021-11-15T04:08:52.000Z</time>
        <extensions>
          <ns3:TrackPointExtension/>
        </extensions>
      </trkpt>
      <trkpt lat="32.09827800281345844268798828125" lon="118.7326583079993724822998046875">
        <ele>11.6000003814697265625</ele>
        <time>2021-11-15T04:08:53.000Z</time>
        <extensions>
          <ns3:TrackPointExtension/>
        </extensions>
      </trkpt>
      <trkpt lat="32.09823600947856903076171875" lon="118.7326277978718280792236328125">
        <ele>11.80000019073486328125</ele>
        <time>2021-11-15T04:08:54.000Z</time>
        <extensions>
          <ns3:TrackPointExtension/>
        </extensions>
      </trkpt>
      <trkpt lat="32.0981902442872524261474609375" lon="118.73260491527616977691650390625">
        <ele>11.80000019073486328125</ele>
        <time>2021-11-15T04:08:55.000Z</time>
        <extensions>
          <ns3:TrackPointExtension>
            <ns3:hr>128</ns3:hr>
          </ns3:TrackPointExtension>
        </extensions>
      </trkpt>
      <trkpt lat="32.098144479095935821533203125" lon="118.73257440514862537384033203125">
        <ele>12</ele>
        <time>2021-11-15T04:08:56.000Z</time>
        <extensions>
          <ns3:TrackPointExtension/>
        </extensions>
      </trkpt>
      <trkpt lat="32.0980987139046192169189453125" lon="118.73254389502108097076416015625">
        <ele>12</ele>
        <time>2021-11-15T04:08:57.000Z</time>
        <extensions>
          <ns3:TrackPointExtension/>
        </extensions>
      </trkpt>
      <trkpt lat="32.0980529487133026123046875" lon="118.73251338489353656768798828125">
        <ele>11.80000019073486328125</ele>
        <time>2021-11-15T04:08:58.000Z</time>
        <extensions>
          <ns3:TrackPointExtension/>
        </extensions>
      </trkpt>
      <trkpt lat="32.0980071835219860076904296875" lon="118.7324752472341060638427734375">
        <ele>11.6000003814697265625</ele>
        <time>2021-11-15T04:08:59.000Z</time>
        <extensions>
          <ns3:TrackPointExtension/>
        </extensions>
      </trkpt>
      <trkpt lat="32.09796904586255550384521484375" lon="118.7324447371065616607666015625">
        <ele>11.6000003814697265625</ele>
        <time>2021-11-15T04:09:00.000Z</time>
        <extensions>
          <ns3:TrackPointExtension>
            <ns3:hr>131</ns3:hr>
          </ns3:TrackPointExtension>
        </extensions>
      </trkpt>
      <trkpt lat="32.097930908203125" lon="118.7324142269790172576904296875">
        <ele>11.6000003814697265625</ele>
        <time>2021-11-15T04:09:01.000Z</time>
        <extensions>
          <ns3:TrackPointExtension/>
        </extensions>
      </trkpt>
      <trkpt lat="32.0978965424001216888427734375" lon="118.7323837168514728546142578125">
        <ele>11.6000003814697265625</ele>
        <time>2021-11-15T04:09:02.000Z</time>
        <extensions>
          <ns3:TrackPointExtension/>
        </extensions>
      </trkpt>
      <trkpt lat="32.0978660322725772857666015625" lon="118.7323532067239284515380859375">
        <ele>11.80000019073486328125</ele>
        <time>2021-11-15T04:09:03.000Z</time>
        <extensions>
          <ns3:TrackPointExtension/>
        </extensions>
      </trkpt>
      <trkpt lat="32.09784314967691898345947265625" lon="118.732330240309238433837890625">
        <ele>11.80000019073486328125</ele>
        <time>2021-11-15T04:09:04.000Z</time>
        <extensions>
          <ns3:TrackPointExtension/>
        </extensions>
      </trkpt>
      <trkpt lat="32.09782026708126068115234375" lon="118.73230735771358013153076171875">
        <ele>12</ele>
        <time>2021-11-15T04:09:05.000Z</time>
        <extensions>
          <ns3:TrackPointExtension>
            <ns3:hr>135</ns3:hr>
          </ns3:TrackPointExtension>
        </extensions>
      </trkpt>
      <trkpt lat="32.0978050120174884796142578125" lon="118.7322844751179218292236328125">
        <ele>12</ele>
        <time>2021-11-15T04:09:06.000Z</time>
        <extensions>
          <ns3:TrackPointExtension/>
        </extensions>
      </trkpt>
      <trkpt lat="32.097789756953716278076171875" lon="118.732269220054149627685546875">
        <ele>12.19999980926513671875</ele>
        <time>2021-11-15T04:09:07.000Z</time>
        <extensions>
          <ns3:TrackPointExtension/>
        </extensions>
      </trkpt>
      <trkpt lat="32.09778212942183017730712890625" lon="118.73226159252226352691650390625">
        <ele>12.19999980926513671875</ele>
        <time>2021-11-15T04:09:08.000Z</time>
        <extensions>
          <ns3:TrackPointExtension/>
        </extensions>
      </trkpt>
      <trkpt lat="32.09777064621448516845703125" lon="118.7322539649903774261474609375">
        <ele>12.19999980926513671875</ele>
        <time>2021-11-15T04:09:09.000Z</time>
        <extensions>
          <ns3:TrackPointExtension/>
        </extensions>
      </trkpt>
      <trkpt lat="32.09776301868259906768798828125" lon="118.73224633745849132537841796875">
        <ele>12.3999996185302734375</ele>
        <time>2021-11-15T04:09:10.000Z</time>
        <extensions>
          <ns3:TrackPointExtension>
            <ns3:hr>132</ns3:hr>
          </ns3:TrackPointExtension>
        </extensions>
      </trkpt>
      <trkpt lat="32.0977553911507129669189453125" lon="118.73223108239471912384033203125">
        <ele>12.3999996185302734375</ele>
        <time>2021-11-15T04:09:11.000Z</time>
        <extensions>
          <ns3:TrackPointExtension/>
        </extensions>
      </trkpt>
      <trkpt lat="32.09774390794336795806884765625" lon="118.7322234548628330230712890625">
        <ele>12.3999996185302734375</ele>
        <time>2021-11-15T04:09:12.000Z</time>
        <extensions>
          <ns3:TrackPointExtension/>
        </extensions>
      </trkpt>
      <trkpt lat="32.09773250855505466461181640625" lon="118.73221582733094692230224609375">
        <ele>12.6000003814697265625</ele>
        <time>2021-11-15T04:09:13.000Z</time>
        <extensions>
          <ns3:TrackPointExtension/>
        </extensions>
      </trkpt>
      <trkpt lat="32.09771725349128246307373046875" lon="118.732208199799060821533203125">
        <ele>12.6000003814697265625</ele>
        <time>2021-11-15T04:09:14.000Z</time>
        <extensions>
          <ns3:TrackPointExtension/>
        </extensions>
      </trkpt>
      <trkpt lat="32.09769814275205135345458984375" lon="118.73220057226717472076416015625">
        <ele>12.80000019073486328125</ele>
        <time>2021-11-15T04:09:15.000Z</time>
        <extensions>
          <ns3:TrackPointExtension>
            <ns3:hr>135</ns3:hr>
          </ns3:TrackPointExtension>
        </extensions>
      </trkpt>
      <trkpt lat="32.097679115831851959228515625" lon="118.7321929447352886199951171875">
        <ele>13</ele>
        <time>2021-11-15T04:09:16.000Z</time>
        <extensions>
          <ns3:TrackPointExtension/>
        </extensions>
      </trkpt>
      <trkpt lat="32.09765623323619365692138671875" lon="118.73217768967151641845703125">
        <ele>13</ele>
        <time>2021-11-15T04:09:17.000Z</time>
        <extensions>
          <ns3:TrackPointExtension/>
        </extensions>
      </trkpt>
      <trkpt lat="32.09763712249696254730224609375" lon="118.73217006213963031768798828125">
        <ele>13.19999980926513671875</ele>
        <time>2021-11-15T04:09:18.000Z</time>
        <extensions>
          <ns3:TrackPointExtension/>
        </extensions>
      </trkpt>
      <trkpt lat="32.0976142399013042449951171875" lon="118.73215480707585811614990234375">
        <ele>13.3999996185302734375</ele>
        <time>2021-11-15T04:09:19.000Z</time>
        <extensions>
          <ns3:TrackPointExtension/>
        </extensions>
      </trkpt>
      <trkpt lat="32.09758758544921875" lon="118.73213955201208591461181640625">
        <ele>13.6000003814697265625</ele>
        <time>2021-11-15T04:09:20.000Z</time>
        <extensions>
          <ns3:TrackPointExtension>
            <ns3:hr>133</ns3:hr>
          </ns3:TrackPointExtension>
        </extensions>
      </trkpt>
      <trkpt lat="32.09756084717810153961181640625" lon="118.73212429694831371307373046875">
        <ele>13.80000019073486328125</ele>
        <time>2021-11-15T04:09:21.000Z</time>
        <extensions>
          <ns3:TrackPointExtension/>
        </extensions>
      </trkpt>
      <trkpt lat="32.0975341089069843292236328125" lon="118.73210904188454151153564453125">
        <ele>14</ele>
        <time>2021-11-15T04:09:22.000Z</time>
        <extensions>
          <ns3:TrackPointExtension/>
        </extensions>
      </trkpt>
      <trkpt lat="32.097507454454898834228515625" lon="118.73209378682076930999755859375">
        <ele>14.19999980926513671875</ele>
        <time>2021-11-15T04:09:23.000Z</time>
        <extensions>
          <ns3:TrackPointExtension/>
        </extensions>
      </trkpt>
      <trkpt lat="32.09747694432735443115234375" lon="118.73207853175699710845947265625">
        <ele>14.3999996185302734375</ele>
        <time>2021-11-15T04:09:24.000Z</time>
        <extensions>
          <ns3:TrackPointExtension/>
        </extensions>
      </trkpt>
      <trkpt lat="32.09745020605623722076416015625" lon="118.73206327669322490692138671875">
        <ele>14.6000003814697265625</ele>
        <time>2021-11-15T04:09:25.000Z</time>
        <extensions>
          <ns3:TrackPointExtension>
            <ns3:hr>131</ns3:hr>
          </ns3:TrackPointExtension>
        </extensions>
      </trkpt>
      <trkpt lat="32.09741969592869281768798828125" lon="118.7320403940975666046142578125">
        <ele>14.80000019073486328125</ele>
        <time>2021-11-15T04:09:26.000Z</time>
        <extensions>
          <ns3:TrackPointExtension/>
        </extensions>
      </trkpt>
      <trkpt lat="32.09738918580114841461181640625" lon="118.732025139033794403076171875">
        <ele>15</ele>
        <time>2021-11-15T04:09:27.000Z</time>
        <extensions>
          <ns3:TrackPointExtension/>
        </extensions>
      </trkpt>
      <trkpt lat="32.09735867567360401153564453125" lon="118.73200225643813610076904296875">
        <ele>14.80000019073486328125</ele>
        <time>2021-11-15T04:09:28.000Z</time>
        <extensions>
          <ns3:TrackPointExtension/>
        </extensions>
      </trkpt>
      <trkpt lat="32.09732430987060070037841796875" lon="118.731986917555332183837890625">
        <ele>14.6000003814697265625</ele>
        <time>2021-11-15T04:09:29.000Z</time>
        <extensions>
          <ns3:TrackPointExtension/>
        </extensions>
      </trkpt>
      <trkpt lat="32.09729379974305629730224609375" lon="118.73196403495967388153076171875">
        <ele>14.19999980926513671875</ele>
        <time>2021-11-15T04:09:30.000Z</time>
        <extensions>
          <ns3:TrackPointExtension>
            <ns3:hr>124</ns3:hr>
          </ns3:TrackPointExtension>
        </extensions>
      </trkpt>
      <trkpt lat="32.09726328961551189422607421875" lon="118.73194877989590167999267578125">
        <ele>14</ele>
        <time>2021-11-15T04:09:31.000Z</time>
        <extensions>
          <ns3:TrackPointExtension/>
        </extensions>
      </trkpt>
      <trkpt lat="32.09722892381250858306884765625" lon="118.73193352483212947845458984375">
        <ele>13.6000003814697265625</ele>
        <time>2021-11-15T04:09:32.000Z</time>
        <extensions>
          <ns3:TrackPointExtension/>
        </extensions>
      </trkpt>
      <trkpt lat="32.0971946418285369873046875" lon="118.7319106422364711761474609375">
        <ele>13.19999980926513671875</ele>
        <time>2021-11-15T04:09:33.000Z</time>
        <extensions>
          <ns3:TrackPointExtension/>
        </extensions>
      </trkpt>
      <trkpt lat="32.0971602760255336761474609375" lon="118.731895387172698974609375">
        <ele>13</ele>
        <time>2021-11-15T04:09:34.000Z</time>
        <extensions>
          <ns3:TrackPointExtension/>
        </extensions>
      </trkpt>
      <trkpt lat="32.09712599404156208038330078125" lon="118.7318801321089267730712890625">
        <ele>12.6000003814697265625</ele>
        <time>2021-11-15T04:09:35.000Z</time>
        <extensions>
          <ns3:TrackPointExtension>
            <ns3:hr>120</ns3:hr>
          </ns3:TrackPointExtension>
        </extensions>
      </trkpt>
      <trkpt lat="32.09709162823855876922607421875" lon="118.731864877045154571533203125">
        <ele>12.3999996185302734375</ele>
        <time>2021-11-15T04:09:36.000Z</time>
        <extensions>
          <ns3:TrackPointExtension/>
        </extensions>
      </trkpt>
      <trkpt lat="32.09706111811101436614990234375" lon="118.7318496219813823699951171875">
        <ele>12.19999980926513671875</ele>
        <time>2021-11-15T04:09:37.000Z</time>
        <extensions>
          <ns3:TrackPointExtension/>
        </extensions>
      </trkpt>
      <trkpt lat="32.09702675230801105499267578125" lon="118.73183436691761016845703125">
        <ele>12.19999980926513671875</ele>
        <time>2021-11-15T04:09:38.000Z</time>
        <extensions>
          <ns3:TrackPointExtension/>
        </extensions>
      </trkpt>
      <trkpt lat="32.096992470324039459228515625" lon="118.7318191118538379669189453125">
        <ele>12</ele>
        <time>2021-11-15T04:09:39.000Z</time>
        <extensions>
          <ns3:TrackPointExtension/>
        </extensions>
      </trkpt>
      <trkpt lat="32.09696196019649505615234375" lon="118.731803856790065765380859375">
        <ele>11.80000019073486328125</ele>
        <time>2021-11-15T04:09:40.000Z</time>
        <extensions>
          <ns3:TrackPointExtension>
            <ns3:hr>122</ns3:hr>
          </ns3:TrackPointExtension>
        </extensions>
      </trkpt>
      <trkpt lat="32.0969275943934917449951171875" lon="118.73179622925817966461181640625">
        <ele>11.80000019073486328125</ele>
        <time>2021-11-15T04:09:41.000Z</time>
        <extensions>
          <ns3:TrackPointExtension/>
        </extensions>
      </trkpt>
      <trkpt lat="32.0968970842659473419189453125" lon="118.73178097419440746307373046875">
        <ele>11.6000003814697265625</ele>
        <time>2021-11-15T04:09:42.000Z</time>
        <extensions>
          <ns3:TrackPointExtension/>
        </extensions>
      </trkpt>
      <trkpt lat="32.0968665741384029388427734375" lon="118.7317733466625213623046875">
        <ele>11.3999996185302734375</ele>
        <time>2021-11-15T04:09:43.000Z</time>
        <extensions>
          <ns3:TrackPointExtension/>
        </extensions>
      </trkpt>
      <trkpt lat="32.09683983586728572845458984375" lon="118.7317580915987491607666015625">
        <ele>11.19999980926513671875</ele>
        <time>2021-11-15T04:09:44.000Z</time>
        <extensions>
          <ns3:TrackPointExtension/>
        </extensions>
      </trkpt>
      <trkpt lat="32.09680932573974132537841796875" lon="118.73175046406686305999755859375">
        <ele>11.19999980926513671875</ele>
        <time>2021-11-15T04:09:45.000Z</time>
        <extensions>
          <ns3:TrackPointExtension>
            <ns3:hr>123</ns3:hr>
          </ns3:TrackPointExtension>
        </extensions>
      </trkpt>
      <trkpt lat="32.09677881561219692230224609375" lon="118.731742836534976959228515625">
        <ele>11.3999996185302734375</ele>
        <time>2021-11-15T04:09:46.000Z</time>
        <extensions>
          <ns3:TrackPointExtension/>
        </extensions>
      </trkpt>
      <trkpt lat="32.09674830548465251922607421875" lon="118.7317275814712047576904296875">
        <ele>11.19999980926513671875</ele>
        <time>2021-11-15T04:09:47.000Z</time>
        <extensions>
          <ns3:TrackPointExtension/>
        </extensions>
      </trkpt>
      <trkpt lat="32.09671779535710811614990234375" lon="118.73171232640743255615234375">
        <ele>11.19999980926513671875</ele>
        <time>2021-11-15T04:09:48.000Z</time>
        <extensions>
          <ns3:TrackPointExtension/>
        </extensions>
      </trkpt>
      <trkpt lat="32.09668342955410480499267578125" lon="118.73170469887554645538330078125">
        <ele>11.3999996185302734375</ele>
        <time>2021-11-15T04:09:49.000Z</time>
        <extensions>
          <ns3:TrackPointExtension/>
        </extensions>
      </trkpt>
      <trkpt lat="32.096649147570133209228515625" lon="118.73168944381177425384521484375">
        <ele>11.3999996185302734375</ele>
        <time>2021-11-15T04:09:50.000Z</time>
        <extensions>
          <ns3:TrackPointExtension>
            <ns3:hr>123</ns3:hr>
          </ns3:TrackPointExtension>
        </extensions>
      </trkpt>
      <trkpt lat="32.0966147817671298980712890625" lon="118.731681816279888153076171875">
        <ele>11.3999996185302734375</ele>
        <time>2021-11-15T04:09:51.000Z</time>
        <extensions>
          <ns3:TrackPointExtension/>
        </extensions>
      </trkpt>
      <trkpt lat="32.09657664410769939422607421875" lon="118.7316665612161159515380859375">
        <ele>11.3999996185302734375</ele>
        <time>2021-11-15T04:09:52.000Z</time>
        <extensions>
          <ns3:TrackPointExtension/>
        </extensions>
      </trkpt>
      <trkpt lat="32.09654227830469608306884765625" lon="118.73165130615234375">
        <ele>11.3999996185302734375</ele>
        <time>2021-11-15T04:09:53.000Z</time>
        <extensions>
          <ns3:TrackPointExtension/>
        </extensions>
      </trkpt>
      <trkpt lat="32.0965079963207244873046875" lon="118.73163596726953983306884765625">
        <ele>11.3999996185302734375</ele>
        <time>2021-11-15T04:09:54.000Z</time>
        <extensions>
          <ns3:TrackPointExtension/>
        </extensions>
      </trkpt>
      <trkpt lat="32.09646985866129398345947265625" lon="118.73162071220576763153076171875">
        <ele>11.6000003814697265625</ele>
        <time>2021-11-15T04:09:55.000Z</time>
        <extensions>
          <ns3:TrackPointExtension>
            <ns3:hr>121</ns3:hr>
          </ns3:TrackPointExtension>
        </extensions>
      </trkpt>
      <trkpt lat="32.0964317210018634796142578125" lon="118.73160545714199542999267578125">
        <ele>11.6000003814697265625</ele>
        <time>2021-11-15T04:09:56.000Z</time>
        <extensions>
          <ns3:TrackPointExtension/>
        </extensions>
      </trkpt>
      <trkpt lat="32.09639358334243297576904296875" lon="118.731582574546337127685546875">
        <ele>11.6000003814697265625</ele>
        <time>2021-11-15T04:09:57.000Z</time>
        <extensions>
          <ns3:TrackPointExtension/>
        </extensions>
      </trkpt>
      <trkpt lat="32.09635536186397075653076171875" lon="118.7315673194825649261474609375">
        <ele>11.6000003814697265625</ele>
        <time>2021-11-15T04:09:58.000Z</time>
        <extensions>
          <ns3:TrackPointExtension/>
        </extensions>
      </trkpt>
      <trkpt lat="32.096317224204540252685546875" lon="118.73155969195067882537841796875">
        <ele>11.6000003814697265625</ele>
        <time>2021-11-15T04:09:59.000Z</time>
        <extensions>
          <ns3:TrackPointExtension/>
        </extensions>
      </trkpt>
      <trkpt lat="32.09627908654510974884033203125" lon="118.73154443688690662384033203125">
        <ele>11.6000003814697265625</ele>
        <time>2021-11-15T04:10:00.000Z</time>
        <extensions>
          <ns3:TrackPointExtension>
            <ns3:hr>117</ns3:hr>
          </ns3:TrackPointExtension>
        </extensions>
      </trkpt>
      <trkpt lat="32.0962409488856792449951171875" lon="118.73152918182313442230224609375">
        <ele>11.6000003814697265625</ele>
        <time>2021-11-15T04:10:01.000Z</time>
        <extensions>
          <ns3:TrackPointExtension/>
        </extensions>
      </trkpt>
      <trkpt lat="32.096206583082675933837890625" lon="118.73151392675936222076416015625">
        <ele>11.6000003814697265625</ele>
        <time>2021-11-15T04:10:02.000Z</time>
        <extensions>
          <ns3:TrackPointExtension/>
        </extensions>
      </trkpt>
      <trkpt lat="32.09616844542324542999267578125" lon="118.73149867169559001922607421875">
        <ele>11.80000019073486328125</ele>
        <time>2021-11-15T04:10:03.000Z</time>
        <extensions>
          <ns3:TrackPointExtension/>
        </extensions>
      </trkpt>
      <trkpt lat="32.0961303077638149261474609375" lon="118.73149104416370391845703125">
        <ele>11.80000019073486328125</ele>
        <time>2021-11-15T04:10:04.000Z</time>
        <extensions>
          <ns3:TrackPointExtension/>
        </extensions>
      </trkpt>
      <trkpt lat="32.09609217010438442230224609375" lon="118.7314757890999317169189453125">
        <ele>11.80000019073486328125</ele>
        <time>2021-11-15T04:10:05.000Z</time>
        <extensions>
          <ns3:TrackPointExtension>
            <ns3:hr>114</ns3:hr>
          </ns3:TrackPointExtension>
        </extensions>
      </trkpt>
      <trkpt lat="32.09605403244495391845703125" lon="118.73146816156804561614990234375">
        <ele>12</ele>
        <time>2021-11-15T04:10:06.000Z</time>
        <extensions>
          <ns3:TrackPointExtension/>
        </extensions>
      </trkpt>
      <trkpt lat="32.09601203911006450653076171875" lon="118.73145290650427341461181640625">
        <ele>12</ele>
        <time>2021-11-15T04:10:07.000Z</time>
        <extensions>
          <ns3:TrackPointExtension/>
        </extensions>
      </trkpt>
      <trkpt lat="32.09597012959420680999755859375" lon="118.7314452789723873138427734375">
        <ele>12.19999980926513671875</ele>
        <time>2021-11-15T04:10:08.000Z</time>
        <extensions>
          <ns3:TrackPointExtension/>
        </extensions>
      </trkpt>
      <trkpt lat="32.09592436440289020538330078125" lon="118.7314300239086151123046875">
        <ele>12.3999996185302734375</ele>
        <time>2021-11-15T04:10:09.000Z</time>
        <extensions>
          <ns3:TrackPointExtension/>
        </extensions>
      </trkpt>
      <trkpt lat="32.09588237106800079345703125" lon="118.73140714131295680999755859375">
        <ele>12.6000003814697265625</ele>
        <time>2021-11-15T04:10:10.000Z</time>
        <extensions>
          <ns3:TrackPointExtension>
            <ns3:hr>115</ns3:hr>
          </ns3:TrackPointExtension>
        </extensions>
      </trkpt>
      <trkpt lat="32.0958366058766841888427734375" lon="118.73139188624918460845947265625">
        <ele>12.80000019073486328125</ele>
        <time>2021-11-15T04:10:11.000Z</time>
        <extensions>
          <ns3:TrackPointExtension/>
        </extensions>
      </trkpt>
      <trkpt lat="32.095790840685367584228515625" lon="118.73137663118541240692138671875">
        <ele>13</ele>
        <time>2021-11-15T04:10:12.000Z</time>
        <extensions>
          <ns3:TrackPointExtension/>
        </extensions>
      </trkpt>
      <trkpt lat="32.0957450754940509796142578125" lon="118.7313537485897541046142578125">
        <ele>13.19999980926513671875</ele>
        <time>2021-11-15T04:10:13.000Z</time>
        <extensions>
          <ns3:TrackPointExtension/>
        </extensions>
      </trkpt>
      <trkpt lat="32.095699310302734375" lon="118.73133086599409580230712890625">
        <ele>13.19999980926513671875</ele>
        <time>2021-11-15T04:10:14.000Z</time>
        <extensions>
          <ns3:TrackPointExtension/>
        </extensions>
      </trkpt>
      <trkpt lat="32.09565346129238605499267578125" lon="118.7313079833984375">
        <ele>13</ele>
        <time>2021-11-15T04:10:15.000Z</time>
        <extensions>
          <ns3:TrackPointExtension>
            <ns3:hr>108</ns3:hr>
          </ns3:TrackPointExtension>
        </extensions>
      </trkpt>
      <trkpt lat="32.09560769610106945037841796875" lon="118.7312850169837474822998046875">
        <ele>12.80000019073486328125</ele>
        <time>2021-11-15T04:10:16.000Z</time>
        <extensions>
          <ns3:TrackPointExtension/>
        </extensions>
      </trkpt>
      <trkpt lat="32.09556193090975284576416015625" lon="118.73126976191997528076171875">
        <ele>12.6000003814697265625</ele>
        <time>2021-11-15T04:10:17.000Z</time>
        <extensions>
          <ns3:TrackPointExtension/>
        </extensions>
      </trkpt>
      <trkpt lat="32.09551616571843624114990234375" lon="118.73124687932431697845458984375">
        <ele>12.6000003814697265625</ele>
        <time>2021-11-15T04:10:18.000Z</time>
        <extensions>
          <ns3:TrackPointExtension/>
        </extensions>
      </trkpt>
      <trkpt lat="32.0954741723835468292236328125" lon="118.73123162426054477691650390625">
        <ele>12.3999996185302734375</ele>
        <time>2021-11-15T04:10:19.000Z</time>
        <extensions>
          <ns3:TrackPointExtension/>
        </extensions>
      </trkpt>
      <trkpt lat="32.095428407192230224609375" lon="118.731208741664886474609375">
        <ele>12</ele>
        <time>2021-11-15T04:10:20.000Z</time>
        <extensions>
          <ns3:TrackPointExtension>
            <ns3:hr>108</ns3:hr>
          </ns3:TrackPointExtension>
        </extensions>
      </trkpt>
      <trkpt lat="32.095386497676372528076171875" lon="118.73118585906922817230224609375">
        <ele>11.3999996185302734375</ele>
        <time>2021-11-15T04:10:21.000Z</time>
        <extensions>
          <ns3:TrackPointExtension/>
        </extensions>
      </trkpt>
      <trkpt lat="32.09534064866602420806884765625" lon="118.73117060400545597076416015625">
        <ele>10.80000019073486328125</ele>
        <time>2021-11-15T04:10:22.000Z</time>
        <extensions>
          <ns3:TrackPointExtension/>
        </extensions>
      </trkpt>
      <trkpt lat="32.0953025110065937042236328125" lon="118.73115534894168376922607421875">
        <ele>10.3999996185302734375</ele>
        <time>2021-11-15T04:10:23.000Z</time>
        <extensions>
          <ns3:TrackPointExtension/>
        </extensions>
      </trkpt>
      <trkpt lat="32.0952606014907360076904296875" lon="118.7311324663460254669189453125">
        <ele>10</ele>
        <time>2021-11-15T04:10:24.000Z</time>
        <extensions>
          <ns3:TrackPointExtension/>
        </extensions>
      </trkpt>
      <trkpt lat="32.09521860815584659576416015625" lon="118.731117211282253265380859375">
        <ele>9.6000003814697265625</ele>
        <time>2021-11-15T04:10:25.000Z</time>
        <extensions>
          <ns3:TrackPointExtension>
            <ns3:hr>110</ns3:hr>
          </ns3:TrackPointExtension>
        </extensions>
      </trkpt>
      <trkpt lat="32.095176614820957183837890625" lon="118.73109432868659496307373046875">
        <ele>9.19999980926513671875</ele>
        <time>2021-11-15T04:10:26.000Z</time>
        <extensions>
          <ns3:TrackPointExtension/>
        </extensions>
      </trkpt>
      <trkpt lat="32.09513847716152667999267578125" lon="118.73107907362282276153564453125">
        <ele>9</ele>
        <time>2021-11-15T04:10:27.000Z</time>
        <extensions>
          <ns3:TrackPointExtension/>
        </extensions>
      </trkpt>
      <trkpt lat="32.0951003395020961761474609375" lon="118.731056191027164459228515625">
        <ele>9.19999980926513671875</ele>
        <time>2021-11-15T04:10:28.000Z</time>
        <extensions>
          <ns3:TrackPointExtension/>
        </extensions>
      </trkpt>
      <trkpt lat="32.09506220184266567230224609375" lon="118.73103330843150615692138671875">
        <ele>9.3999996185302734375</ele>
        <time>2021-11-15T04:10:29.000Z</time>
        <extensions>
          <ns3:TrackPointExtension/>
        </extensions>
      </trkpt>
      <trkpt lat="32.09502406418323516845703125" lon="118.73101805336773395538330078125">
        <ele>9.6000003814697265625</ele>
        <time>2021-11-15T04:10:30.000Z</time>
        <extensions>
          <ns3:TrackPointExtension>
            <ns3:hr>108</ns3:hr>
          </ns3:TrackPointExtension>
        </extensions>
      </trkpt>
      <trkpt lat="32.09498592652380466461181640625" lon="118.730995170772075653076171875">
        <ele>9.6000003814697265625</ele>
        <time>2021-11-15T04:10:31.000Z</time>
        <extensions>
          <ns3:TrackPointExtension/>
        </extensions>
      </trkpt>
      <trkpt lat="32.09495156072080135345458984375" lon="118.73096466064453125">
        <ele>9.80000019073486328125</ele>
        <time>2021-11-15T04:10:32.000Z</time>
        <extensions>
          <ns3:TrackPointExtension/>
        </extensions>
      </trkpt>
      <trkpt lat="32.094913423061370849609375" lon="118.7309416942298412322998046875">
        <ele>10</ele>
        <time>2021-11-15T04:10:33.000Z</time>
        <extensions>
          <ns3:TrackPointExtension/>
        </extensions>
      </trkpt>
      <trkpt lat="32.09487914107739925384521484375" lon="118.7309111841022968292236328125">
        <ele>10</ele>
        <time>2021-11-15T04:10:34.000Z</time>
        <extensions>
          <ns3:TrackPointExtension/>
        </extensions>
      </trkpt>
      <trkpt lat="32.09484100341796875" lon="118.7308806739747524261474609375">
        <ele>10.19999980926513671875</ele>
        <time>2021-11-15T04:10:35.000Z</time>
        <extensions>
          <ns3:TrackPointExtension>
            <ns3:hr>107</ns3:hr>
          </ns3:TrackPointExtension>
        </extensions>
      </trkpt>
      <trkpt lat="32.0948066376149654388427734375" lon="118.7308501638472080230712890625">
        <ele>10.19999980926513671875</ele>
        <time>2021-11-15T04:10:36.000Z</time>
        <extensions>
          <ns3:TrackPointExtension/>
        </extensions>
      </trkpt>
      <trkpt lat="32.0947761274874210357666015625" lon="118.73081202618777751922607421875">
        <ele>10</ele>
        <time>2021-11-15T04:10:37.000Z</time>
        <extensions>
          <ns3:TrackPointExtension/>
        </extensions>
      </trkpt>
      <trkpt lat="32.0947456173598766326904296875" lon="118.730773888528347015380859375">
        <ele>10</ele>
        <time>2021-11-15T04:10:38.000Z</time>
        <extensions>
          <ns3:TrackPointExtension/>
        </extensions>
      </trkpt>
      <trkpt lat="32.0947151072323322296142578125" lon="118.73073575086891651153564453125">
        <ele>10</ele>
        <time>2021-11-15T04:10:39.000Z</time>
        <extensions>
          <ns3:TrackPointExtension/>
        </extensions>
      </trkpt>
      <trkpt lat="32.09468836896121501922607421875" lon="118.7306976132094860076904296875">
        <ele>10</ele>
        <time>2021-11-15T04:10:40.000Z</time>
        <extensions>
          <ns3:TrackPointExtension>
            <ns3:hr>109</ns3:hr>
          </ns3:TrackPointExtension>
        </extensions>
      </trkpt>
      <trkpt lat="32.094661630690097808837890625" lon="118.73065947555005550384521484375">
        <ele>10</ele>
        <time>2021-11-15T04:10:41.000Z</time>
        <extensions>
          <ns3:TrackPointExtension/>
        </extensions>
      </trkpt>
      <trkpt lat="32.0946349762380123138427734375" lon="118.730621337890625">
        <ele>10</ele>
        <time>2021-11-15T04:10:42.000Z</time>
        <extensions>
          <ns3:TrackPointExtension/>
        </extensions>
      </trkpt>
      <trkpt lat="32.09461209364235401153564453125" lon="118.73058311641216278076171875">
        <ele>9.80000019073486328125</ele>
        <time>2021-11-15T04:10:43.000Z</time>
        <extensions>
          <ns3:TrackPointExtension/>
        </extensions>
      </trkpt>
      <trkpt lat="32.094589211046695709228515625" lon="118.73054497875273227691650390625">
        <ele>9.80000019073486328125</ele>
        <time>2021-11-15T04:10:44.000Z</time>
        <extensions>
          <ns3:TrackPointExtension/>
        </extensions>
      </trkpt>
      <trkpt lat="32.09456632845103740692138671875" lon="118.7305068410933017730712890625">
        <ele>9.6000003814697265625</ele>
        <time>2021-11-15T04:10:45.000Z</time>
        <extensions>
          <ns3:TrackPointExtension>
            <ns3:hr>112</ns3:hr>
          </ns3:TrackPointExtension>
        </extensions>
      </trkpt>
      <trkpt lat="32.0945434458553791046142578125" lon="118.73046870343387126922607421875">
        <ele>9.3999996185302734375</ele>
        <time>2021-11-15T04:10:46.000Z</time>
        <extensions>
          <ns3:TrackPointExtension/>
        </extensions>
      </trkpt>
      <trkpt lat="32.09451670758426189422607421875" lon="118.73043819330632686614990234375">
        <ele>9.3999996185302734375</ele>
        <time>2021-11-15T04:10:47.000Z</time>
        <extensions>
          <ns3:TrackPointExtension/>
        </extensions>
      </trkpt>
      <trkpt lat="32.0944938249886035919189453125" lon="118.7304000556468963623046875">
        <ele>9.19999980926513671875</ele>
        <time>2021-11-15T04:10:48.000Z</time>
        <extensions>
          <ns3:TrackPointExtension/>
        </extensions>
      </trkpt>
      <trkpt lat="32.09446708671748638153076171875" lon="118.73036191798746585845947265625">
        <ele>9</ele>
        <time>2021-11-15T04:10:49.000Z</time>
        <extensions>
          <ns3:TrackPointExtension/>
        </extensions>
      </trkpt>
      <trkpt lat="32.09444043226540088653564453125" lon="118.73033140785992145538330078125">
        <ele>9</ele>
        <time>2021-11-15T04:10:50.000Z</time>
        <extensions>
          <ns3:TrackPointExtension>
            <ns3:hr>111</ns3:hr>
          </ns3:TrackPointExtension>
        </extensions>
      </trkpt>
      <trkpt lat="32.0944136939942836761474609375" lon="118.73030089773237705230712890625">
        <ele>8.80000019073486328125</ele>
        <time>2021-11-15T04:10:51.000Z</time>
        <extensions>
          <ns3:TrackPointExtension/>
        </extensions>
      </trkpt>
      <trkpt lat="32.0943831838667392730712890625" lon="118.730270303785800933837890625">
        <ele>8.3999996185302734375</ele>
        <time>2021-11-15T04:10:52.000Z</time>
        <extensions>
          <ns3:TrackPointExtension/>
        </extensions>
      </trkpt>
      <trkpt lat="32.094356529414653778076171875" lon="118.73023979365825653076171875">
        <ele>8.19999980926513671875</ele>
        <time>2021-11-15T04:10:53.000Z</time>
        <extensions>
          <ns3:TrackPointExtension/>
        </extensions>
      </trkpt>
      <trkpt lat="32.094326019287109375" lon="118.730209283530712127685546875">
        <ele>8</ele>
        <time>2021-11-15T04:10:54.000Z</time>
        <extensions>
          <ns3:TrackPointExtension/>
        </extensions>
      </trkpt>
      <trkpt lat="32.09429542534053325653076171875" lon="118.730178773403167724609375">
        <ele>8</ele>
        <time>2021-11-15T04:10:55.000Z</time>
        <extensions>
          <ns3:TrackPointExtension>
            <ns3:hr>113</ns3:hr>
          </ns3:TrackPointExtension>
        </extensions>
      </trkpt>
      <trkpt lat="32.0942611433565616607666015625" lon="118.730148263275623321533203125">
        <ele>7.80000019073486328125</ele>
        <time>2021-11-15T04:10:56.000Z</time>
        <extensions>
          <ns3:TrackPointExtension/>
        </extensions>
      </trkpt>
      <trkpt lat="32.0942306332290172576904296875" lon="118.73011775314807891845703125">
        <ele>7.80000019073486328125</ele>
        <time>2021-11-15T04:10:57.000Z</time>
        <extensions>
          <ns3:TrackPointExtension/>
        </extensions>
      </trkpt>
      <trkpt lat="32.094196267426013946533203125" lon="118.73009487055242061614990234375">
        <ele>7.80000019073486328125</ele>
        <time>2021-11-15T04:10:58.000Z</time>
        <extensions>
          <ns3:TrackPointExtension/>
        </extensions>
      </trkpt>
      <trkpt lat="32.09416198544204235076904296875" lon="118.7300719879567623138427734375">
        <ele>7.599999904632568359375</ele>
        <time>2021-11-15T04:10:59.000Z</time>
        <extensions>
          <ns3:TrackPointExtension/>
        </extensions>
      </trkpt>
      <trkpt lat="32.09412761963903903961181640625" lon="118.73004910536110401153564453125">
        <ele>7.599999904632568359375</ele>
        <time>2021-11-15T04:11:00.000Z</time>
        <extensions>
          <ns3:TrackPointExtension>
            <ns3:hr>116</ns3:hr>
          </ns3:TrackPointExtension>
        </extensions>
      </trkpt>
      <trkpt lat="32.09409325383603572845458984375" lon="118.730026222765445709228515625">
        <ele>7.80000019073486328125</ele>
        <time>2021-11-15T04:11:01.000Z</time>
        <extensions>
          <ns3:TrackPointExtension/>
        </extensions>
      </trkpt>
      <trkpt lat="32.0940589718520641326904296875" lon="118.73000334016978740692138671875">
        <ele>7.80000019073486328125</ele>
        <time>2021-11-15T04:11:02.000Z</time>
        <extensions>
          <ns3:TrackPointExtension/>
        </extensions>
      </trkpt>
      <trkpt lat="32.094024606049060821533203125" lon="118.72998808510601520538330078125">
        <ele>7.80000019073486328125</ele>
        <time>2021-11-15T04:11:03.000Z</time>
        <extensions>
          <ns3:TrackPointExtension/>
        </extensions>
      </trkpt>
      <trkpt lat="32.09399032406508922576904296875" lon="118.729965202510356903076171875">
        <ele>7.80000019073486328125</ele>
        <time>2021-11-15T04:11:04.000Z</time>
        <extensions>
          <ns3:TrackPointExtension/>
        </extensions>
      </trkpt>
      <trkpt lat="32.09395595826208591461181640625" lon="118.7299499474465847015380859375">
        <ele>8</ele>
        <time>2021-11-15T04:11:05.000Z</time>
        <extensions>
          <ns3:TrackPointExtension>
            <ns3:hr>116</ns3:hr>
          </ns3:TrackPointExtension>
        </extensions>
      </trkpt>
      <trkpt lat="32.0939178206026554107666015625" lon="118.729926981031894683837890625">
        <ele>8</ele>
        <time>2021-11-15T04:11:06.000Z</time>
        <extensions>
          <ns3:TrackPointExtension/>
        </extensions>
      </trkpt>
      <trkpt lat="32.09387968294322490692138671875" lon="118.7299117259681224822998046875">
        <ele>8.19999980926513671875</ele>
        <time>2021-11-15T04:11:07.000Z</time>
        <extensions>
          <ns3:TrackPointExtension/>
        </extensions>
      </trkpt>
      <trkpt lat="32.093841545283794403076171875" lon="118.72989647090435028076171875">
        <ele>8.3999996185302734375</ele>
        <time>2021-11-15T04:11:08.000Z</time>
        <extensions>
          <ns3:TrackPointExtension/>
        </extensions>
      </trkpt>
      <trkpt lat="32.093803323805332183837890625" lon="118.72987358830869197845458984375">
        <ele>8.3999996185302734375</ele>
        <time>2021-11-15T04:11:09.000Z</time>
        <extensions>
          <ns3:TrackPointExtension/>
        </extensions>
      </trkpt>
      <trkpt lat="32.09376518614590167999267578125" lon="118.72985833324491977691650390625">
        <ele>8.6000003814697265625</ele>
        <time>2021-11-15T04:11:10.000Z</time>
        <extensions>
          <ns3:TrackPointExtension>
            <ns3:hr>121</ns3:hr>
          </ns3:TrackPointExtension>
        </extensions>
      </trkpt>
      <trkpt lat="32.09372327663004398345947265625" lon="118.729835450649261474609375">
        <ele>8.3999996185302734375</ele>
        <time>2021-11-15T04:11:11.000Z</time>
        <extensions>
          <ns3:TrackPointExtension/>
        </extensions>
      </trkpt>
      <trkpt lat="32.0936851389706134796142578125" lon="118.7298201955854892730712890625">
        <ele>8.19999980926513671875</ele>
        <time>2021-11-15T04:11:12.000Z</time>
        <extensions>
          <ns3:TrackPointExtension/>
        </extensions>
      </trkpt>
      <trkpt lat="32.09364314563572406768798828125" lon="118.729804940521717071533203125">
        <ele>8.19999980926513671875</ele>
        <time>2021-11-15T04:11:13.000Z</time>
        <extensions>
          <ns3:TrackPointExtension/>
        </extensions>
      </trkpt>
      <trkpt lat="32.09360115230083465576171875" lon="118.72978205792605876922607421875">
        <ele>8</ele>
        <time>2021-11-15T04:11:14.000Z</time>
        <extensions>
          <ns3:TrackPointExtension/>
        </extensions>
      </trkpt>
      <trkpt lat="32.093559242784976959228515625" lon="118.72976680286228656768798828125">
        <ele>7.80000019073486328125</ele>
        <time>2021-11-15T04:11:15.000Z</time>
        <extensions>
          <ns3:TrackPointExtension>
            <ns3:hr>120</ns3:hr>
          </ns3:TrackPointExtension>
        </extensions>
      </trkpt>
      <trkpt lat="32.09351724945008754730224609375" lon="118.729743920266628265380859375">
        <ele>7.599999904632568359375</ele>
        <time>2021-11-15T04:11:16.000Z</time>
        <extensions>
          <ns3:TrackPointExtension/>
        </extensions>
      </trkpt>
      <trkpt lat="32.09347533993422985076904296875" lon="118.7297286652028560638427734375">
        <ele>7.599999904632568359375</ele>
        <time>2021-11-15T04:11:17.000Z</time>
        <extensions>
          <ns3:TrackPointExtension/>
        </extensions>
      </trkpt>
      <trkpt lat="32.0934333465993404388427734375" lon="118.72970578260719776153564453125">
        <ele>7.599999904632568359375</ele>
        <time>2021-11-15T04:11:18.000Z</time>
        <extensions>
          <ns3:TrackPointExtension/>
        </extensions>
      </trkpt>
      <trkpt lat="32.09339135326445102691650390625" lon="118.72969052754342555999755859375">
        <ele>7.599999904632568359375</ele>
        <time>2021-11-15T04:11:19.000Z</time>
        <extensions>
          <ns3:TrackPointExtension/>
        </extensions>
      </trkpt>
      <trkpt lat="32.09334944374859333038330078125" lon="118.7296676449477672576904296875">
        <ele>7.599999904632568359375</ele>
        <time>2021-11-15T04:11:20.000Z</time>
        <extensions>
          <ns3:TrackPointExtension>
            <ns3:hr>120</ns3:hr>
          </ns3:TrackPointExtension>
        </extensions>
      </trkpt>
      <trkpt lat="32.09330367855727672576904296875" lon="118.72965238988399505615234375">
        <ele>7.599999904632568359375</ele>
        <time>2021-11-15T04:11:21.000Z</time>
        <extensions>
          <ns3:TrackPointExtension/>
        </extensions>
      </trkpt>
      <trkpt lat="32.09325782954692840576171875" lon="118.72962950728833675384521484375">
        <ele>7.400000095367431640625</ele>
        <time>2021-11-15T04:11:22.000Z</time>
        <extensions>
          <ns3:TrackPointExtension/>
        </extensions>
      </trkpt>
      <trkpt lat="32.0932120643556118011474609375" lon="118.72961425222456455230712890625">
        <ele>7.400000095367431640625</ele>
        <time>2021-11-15T04:11:23.000Z</time>
        <extensions>
          <ns3:TrackPointExtension/>
        </extensions>
      </trkpt>
      <trkpt lat="32.093166299164295196533203125" lon="118.72959899716079235076904296875">
        <ele>7.80000019073486328125</ele>
        <time>2021-11-15T04:11:24.000Z</time>
        <extensions>
          <ns3:TrackPointExtension/>
        </extensions>
      </trkpt>
      <trkpt lat="32.0931205339729785919189453125" lon="118.72957603074610233306884765625">
        <ele>8</ele>
        <time>2021-11-15T04:11:25.000Z</time>
        <extensions>
          <ns3:TrackPointExtension>
            <ns3:hr>121</ns3:hr>
          </ns3:TrackPointExtension>
        </extensions>
      </trkpt>
      <trkpt lat="32.0930747687816619873046875" lon="118.72956077568233013153076171875">
        <ele>8.19999980926513671875</ele>
        <time>2021-11-15T04:11:26.000Z</time>
        <extensions>
          <ns3:TrackPointExtension/>
        </extensions>
      </trkpt>
      <trkpt lat="32.0930290035903453826904296875" lon="118.72954552061855792999267578125">
        <ele>8.6000003814697265625</ele>
        <time>2021-11-15T04:11:27.000Z</time>
        <extensions>
          <ns3:TrackPointExtension/>
        </extensions>
      </trkpt>
      <trkpt lat="32.0929793827235698699951171875" lon="118.729522638022899627685546875">
        <ele>8.80000019073486328125</ele>
        <time>2021-11-15T04:11:28.000Z</time>
        <extensions>
          <ns3:TrackPointExtension/>
        </extensions>
      </trkpt>
      <trkpt lat="32.092933617532253265380859375" lon="118.7295073829591274261474609375">
        <ele>9</ele>
        <time>2021-11-15T04:11:29.000Z</time>
        <extensions>
          <ns3:TrackPointExtension/>
        </extensions>
      </trkpt>
      <trkpt lat="32.0928878523409366607666015625" lon="118.72948450036346912384033203125">
        <ele>8.80000019073486328125</ele>
        <time>2021-11-15T04:11:30.000Z</time>
        <extensions>
          <ns3:TrackPointExtension>
            <ns3:hr>123</ns3:hr>
          </ns3:TrackPointExtension>
        </extensions>
      </trkpt>
      <trkpt lat="32.09284208714962005615234375" lon="118.72946924529969692230224609375">
        <ele>8.6000003814697265625</ele>
        <time>2021-11-15T04:11:31.000Z</time>
        <extensions>
          <ns3:TrackPointExtension/>
        </extensions>
      </trkpt>
      <trkpt lat="32.09280009381473064422607421875" lon="118.7294463627040386199951171875">
        <ele>8.3999996185302734375</ele>
        <time>2021-11-15T04:11:33.000Z</time>
        <extensions>
          <ns3:TrackPointExtension/>
        </extensions>
      </trkpt>
      <trkpt lat="32.09275432862341403961181640625" lon="118.72942348010838031768798828125">
        <ele>8</ele>
        <time>2021-11-15T04:11:34.000Z</time>
        <extensions>
          <ns3:TrackPointExtension/>
        </extensions>
      </trkpt>
      <trkpt lat="32.09270856343209743499755859375" lon="118.729400597512722015380859375">
        <ele>7.80000019073486328125</ele>
        <time>2021-11-15T04:11:35.000Z</time>
        <extensions>
          <ns3:TrackPointExtension>
            <ns3:hr>125</ns3:hr>
          </ns3:TrackPointExtension>
        </extensions>
      </trkpt>
      <trkpt lat="32.0926665700972080230712890625" lon="118.72937771491706371307373046875">
        <ele>7.599999904632568359375</ele>
        <time>2021-11-15T04:11:36.000Z</time>
        <extensions>
          <ns3:TrackPointExtension/>
        </extensions>
      </trkpt>
      <trkpt lat="32.09262080490589141845703125" lon="118.7293548323214054107666015625">
        <ele>7.599999904632568359375</ele>
        <time>2021-11-15T04:11:37.000Z</time>
        <extensions>
          <ns3:TrackPointExtension/>
        </extensions>
      </trkpt>
      <trkpt lat="32.09258266724646091461181640625" lon="118.7293243221938610076904296875">
        <ele>7.400000095367431640625</ele>
        <time>2021-11-15T04:11:38.000Z</time>
        <extensions>
          <ns3:TrackPointExtension/>
        </extensions>
      </trkpt>
      <trkpt lat="32.092540673911571502685546875" lon="118.72930143959820270538330078125">
        <ele>7.19999980926513671875</ele>
        <time>2021-11-15T04:11:39.000Z</time>
        <extensions>
          <ns3:TrackPointExtension/>
        </extensions>
      </trkpt>
      <trkpt lat="32.09250253625214099884033203125" lon="118.729278557002544403076171875">
        <ele>7.19999980926513671875</ele>
        <time>2021-11-15T04:11:40.000Z</time>
        <extensions>
          <ns3:TrackPointExtension>
            <ns3:hr>123</ns3:hr>
          </ns3:TrackPointExtension>
        </extensions>
      </trkpt>
      <trkpt lat="32.0924643985927104949951171875" lon="118.72925567440688610076904296875">
        <ele>7</ele>
        <time>2021-11-15T04:11:41.000Z</time>
        <extensions>
          <ns3:TrackPointExtension/>
        </extensions>
      </trkpt>
      <trkpt lat="32.092430032789707183837890625" lon="118.72923270799219608306884765625">
        <ele>6.80000019073486328125</ele>
        <time>2021-11-15T04:11:42.000Z</time>
        <extensions>
          <ns3:TrackPointExtension/>
        </extensions>
      </trkpt>
      <trkpt lat="32.09239575080573558807373046875" lon="118.72921745292842388153076171875">
        <ele>6.80000019073486328125</ele>
        <time>2021-11-15T04:11:43.000Z</time>
        <extensions>
          <ns3:TrackPointExtension/>
        </extensions>
      </trkpt>
      <trkpt lat="32.092357613146305084228515625" lon="118.7291945703327655792236328125">
        <ele>6.599999904632568359375</ele>
        <time>2021-11-15T04:11:44.000Z</time>
        <extensions>
          <ns3:TrackPointExtension/>
        </extensions>
      </trkpt>
      <trkpt lat="32.0923232473433017730712890625" lon="118.72917168773710727691650390625">
        <ele>6.599999904632568359375</ele>
        <time>2021-11-15T04:11:45.000Z</time>
        <extensions>
          <ns3:TrackPointExtension>
            <ns3:hr>121</ns3:hr>
          </ns3:TrackPointExtension>
        </extensions>
      </trkpt>
      <trkpt lat="32.09228510968387126922607421875" lon="118.72915643267333507537841796875">
        <ele>6.599999904632568359375</ele>
        <time>2021-11-15T04:11:46.000Z</time>
        <extensions>
          <ns3:TrackPointExtension/>
        </extensions>
      </trkpt>
      <trkpt lat="32.0922431163489818572998046875" lon="118.72914117760956287384033203125">
        <ele>6.599999904632568359375</ele>
        <time>2021-11-15T04:11:47.000Z</time>
        <extensions>
          <ns3:TrackPointExtension/>
        </extensions>
      </trkpt>
      <trkpt lat="32.09220497868955135345458984375" lon="118.72912592254579067230224609375">
        <ele>6.599999904632568359375</ele>
        <time>2021-11-15T04:11:48.000Z</time>
        <extensions>
          <ns3:TrackPointExtension/>
        </extensions>
      </trkpt>
      <trkpt lat="32.09216306917369365692138671875" lon="118.72911066748201847076416015625">
        <ele>6.599999904632568359375</ele>
        <time>2021-11-15T04:11:49.000Z</time>
        <extensions>
          <ns3:TrackPointExtension/>
        </extensions>
      </trkpt>
      <trkpt lat="32.0921210758388042449951171875" lon="118.72909541241824626922607421875">
        <ele>6.400000095367431640625</ele>
        <time>2021-11-15T04:11:50.000Z</time>
        <extensions>
          <ns3:TrackPointExtension>
            <ns3:hr>121</ns3:hr>
          </ns3:TrackPointExtension>
        </extensions>
      </trkpt>
      <trkpt lat="32.09207908250391483306884765625" lon="118.72908015735447406768798828125">
        <ele>6.400000095367431640625</ele>
        <time>2021-11-15T04:11:51.000Z</time>
        <extensions>
          <ns3:TrackPointExtension/>
        </extensions>
      </trkpt>
      <trkpt lat="32.09203331731259822845458984375" lon="118.7290725298225879669189453125">
        <ele>6.599999904632568359375</ele>
        <time>2021-11-15T04:11:52.000Z</time>
        <extensions>
          <ns3:TrackPointExtension/>
        </extensions>
      </trkpt>
      <trkpt lat="32.09199140779674053192138671875" lon="118.729057274758815765380859375">
        <ele>6.599999904632568359375</ele>
        <time>2021-11-15T04:11:53.000Z</time>
        <extensions>
          <ns3:TrackPointExtension/>
        </extensions>
      </trkpt>
      <trkpt lat="32.09194564260542392730712890625" lon="118.7290420196950435638427734375">
        <ele>6.599999904632568359375</ele>
        <time>2021-11-15T04:11:54.000Z</time>
        <extensions>
          <ns3:TrackPointExtension/>
        </extensions>
      </trkpt>
      <trkpt lat="32.0918997935950756072998046875" lon="118.72903439216315746307373046875">
        <ele>6.80000019073486328125</ele>
        <time>2021-11-15T04:11:55.000Z</time>
        <extensions>
          <ns3:TrackPointExtension>
            <ns3:hr>120</ns3:hr>
          </ns3:TrackPointExtension>
        </extensions>
      </trkpt>
      <trkpt lat="32.091854028403759002685546875" lon="118.72901913709938526153564453125">
        <ele>7.19999980926513671875</ele>
        <time>2021-11-15T04:11:56.000Z</time>
        <extensions>
          <ns3:TrackPointExtension/>
        </extensions>
      </trkpt>
      <trkpt lat="32.09181211888790130615234375" lon="118.7290115095674991607666015625">
        <ele>7.400000095367431640625</ele>
        <time>2021-11-15T04:11:57.000Z</time>
        <extensions>
          <ns3:TrackPointExtension/>
        </extensions>
      </trkpt>
      <trkpt lat="32.09177012555301189422607421875" lon="118.728996254503726959228515625">
        <ele>7.400000095367431640625</ele>
        <time>2021-11-15T04:11:58.000Z</time>
        <extensions>
          <ns3:TrackPointExtension/>
        </extensions>
      </trkpt>
      <trkpt lat="32.0917281322181224822998046875" lon="118.7289809994399547576904296875">
        <ele>7.400000095367431640625</ele>
        <time>2021-11-15T04:11:59.000Z</time>
        <extensions>
          <ns3:TrackPointExtension/>
        </extensions>
      </trkpt>
      <trkpt lat="32.0916862227022647857666015625" lon="118.72896574437618255615234375">
        <ele>7.400000095367431640625</ele>
        <time>2021-11-15T04:12:00.000Z</time>
        <extensions>
          <ns3:TrackPointExtension>
            <ns3:hr>116</ns3:hr>
          </ns3:TrackPointExtension>
        </extensions>
      </trkpt>
      <trkpt lat="32.09164808504283428192138671875" lon="118.7289504893124103546142578125">
        <ele>7.400000095367431640625</ele>
        <time>2021-11-15T04:12:01.000Z</time>
        <extensions>
          <ns3:TrackPointExtension/>
        </extensions>
      </trkpt>
      <trkpt lat="32.09160231985151767730712890625" lon="118.728935234248638153076171875">
        <ele>7.599999904632568359375</ele>
        <time>2021-11-15T04:12:02.000Z</time>
        <extensions>
          <ns3:TrackPointExtension/>
        </extensions>
      </trkpt>
      <trkpt lat="32.091560326516628265380859375" lon="118.7289199791848659515380859375">
        <ele>7.80000019073486328125</ele>
        <time>2021-11-15T04:12:03.000Z</time>
        <extensions>
          <ns3:TrackPointExtension/>
        </extensions>
      </trkpt>
      <trkpt lat="32.0915145613253116607666015625" lon="118.72890472412109375">
        <ele>8.19999980926513671875</ele>
        <time>2021-11-15T04:12:04.000Z</time>
        <extensions>
          <ns3:TrackPointExtension/>
        </extensions>
      </trkpt>
      <trkpt lat="32.09147256799042224884033203125" lon="118.72888938523828983306884765625">
        <ele>8.3999996185302734375</ele>
        <time>2021-11-15T04:12:05.000Z</time>
        <extensions>
          <ns3:TrackPointExtension>
            <ns3:hr>117</ns3:hr>
          </ns3:TrackPointExtension>
        </extensions>
      </trkpt>
      <trkpt lat="32.0914230309426784515380859375" lon="118.72887413017451763153076171875">
        <ele>8.6000003814697265625</ele>
        <time>2021-11-15T04:12:06.000Z</time>
        <extensions>
          <ns3:TrackPointExtension/>
        </extensions>
      </trkpt>
      <trkpt lat="32.09137718193233013153076171875" lon="118.72885887511074542999267578125">
        <ele>9</ele>
        <time>2021-11-15T04:12:07.000Z</time>
        <extensions>
          <ns3:TrackPointExtension/>
        </extensions>
      </trkpt>
      <trkpt lat="32.091327644884586334228515625" lon="118.7288512475788593292236328125">
        <ele>9.19999980926513671875</ele>
        <time>2021-11-15T04:12:08.000Z</time>
        <extensions>
          <ns3:TrackPointExtension/>
        </extensions>
      </trkpt>
      <trkpt lat="32.091278024017810821533203125" lon="118.728835992515087127685546875">
        <ele>9.6000003814697265625</ele>
        <time>2021-11-15T04:12:09.000Z</time>
        <extensions>
          <ns3:TrackPointExtension/>
        </extensions>
      </trkpt>
      <trkpt lat="32.091228403151035308837890625" lon="118.7288207374513149261474609375">
        <ele>10.19999980926513671875</ele>
        <time>2021-11-15T04:12:10.000Z</time>
        <extensions>
          <ns3:TrackPointExtension>
            <ns3:hr>114</ns3:hr>
          </ns3:TrackPointExtension>
        </extensions>
      </trkpt>
      <trkpt lat="32.09117886610329151153564453125" lon="118.72881310991942882537841796875">
        <ele>10.80000019073486328125</ele>
        <time>2021-11-15T04:12:11.000Z</time>
        <extensions>
          <ns3:TrackPointExtension/>
        </extensions>
      </trkpt>
      <trkpt lat="32.09112924523651599884033203125" lon="118.728805482387542724609375">
        <ele>11.6000003814697265625</ele>
        <time>2021-11-15T04:12:12.000Z</time>
        <extensions>
          <ns3:TrackPointExtension/>
        </extensions>
      </trkpt>
      <trkpt lat="32.0910797081887722015380859375" lon="118.7287902273237705230712890625">
        <ele>12</ele>
        <time>2021-11-15T04:12:13.000Z</time>
        <extensions>
          <ns3:TrackPointExtension/>
        </extensions>
      </trkpt>
      <trkpt lat="32.09103385917842388153076171875" lon="118.72878259979188442230224609375">
        <ele>12.3999996185302734375</ele>
        <time>2021-11-15T04:12:14.000Z</time>
        <extensions>
          <ns3:TrackPointExtension/>
        </extensions>
      </trkpt>
      <trkpt lat="32.09098809398710727691650390625" lon="118.728774972259998321533203125">
        <ele>12.6000003814697265625</ele>
        <time>2021-11-15T04:12:15.000Z</time>
        <extensions>
          <ns3:TrackPointExtension>
            <ns3:hr>115</ns3:hr>
          </ns3:TrackPointExtension>
        </extensions>
      </trkpt>
      <trkpt lat="32.09094618447124958038330078125" lon="118.728774972259998321533203125">
        <ele>12.3999996185302734375</ele>
        <time>2021-11-15T04:12:16.000Z</time>
        <extensions>
          <ns3:TrackPointExtension/>
        </extensions>
      </trkpt>
      <trkpt lat="32.0909080468118190765380859375" lon="118.728774972259998321533203125">
        <ele>12.3999996185302734375</ele>
        <time>2021-11-15T04:12:17.000Z</time>
        <extensions>
          <ns3:TrackPointExtension/>
        </extensions>
      </trkpt>
      <trkpt lat="32.09086605347692966461181640625" lon="118.72876734472811222076416015625">
        <ele>12.19999980926513671875</ele>
        <time>2021-11-15T04:12:18.000Z</time>
        <extensions>
          <ns3:TrackPointExtension/>
        </extensions>
      </trkpt>
      <trkpt lat="32.0908279158174991607666015625" lon="118.72876734472811222076416015625">
        <ele>12</ele>
        <time>2021-11-15T04:12:19.000Z</time>
        <extensions>
          <ns3:TrackPointExtension/>
        </extensions>
      </trkpt>
      <trkpt lat="32.09078977815806865692138671875" lon="118.72876734472811222076416015625">
        <ele>12</ele>
        <time>2021-11-15T04:12:20.000Z</time>
        <extensions>
          <ns3:TrackPointExtension>
            <ns3:hr>113</ns3:hr>
          </ns3:TrackPointExtension>
        </extensions>
      </trkpt>
      <trkpt lat="32.0907477848231792449951171875" lon="118.72876734472811222076416015625">
        <ele>11.80000019073486328125</ele>
        <time>2021-11-15T04:12:21.000Z</time>
        <extensions>
          <ns3:TrackPointExtension/>
        </extensions>
      </trkpt>
      <trkpt lat="32.09070964716374874114990234375" lon="118.72876734472811222076416015625">
        <ele>11.6000003814697265625</ele>
        <time>2021-11-15T04:12:22.000Z</time>
        <extensions>
          <ns3:TrackPointExtension/>
        </extensions>
      </trkpt>
      <trkpt lat="32.0906676538288593292236328125" lon="118.7287597171962261199951171875">
        <ele>11</ele>
        <time>2021-11-15T04:12:23.000Z</time>
        <extensions>
          <ns3:TrackPointExtension/>
        </extensions>
      </trkpt>
      <trkpt lat="32.0906257443130016326904296875" lon="118.7287597171962261199951171875">
        <ele>10.3999996185302734375</ele>
        <time>2021-11-15T04:12:24.000Z</time>
        <extensions>
          <ns3:TrackPointExtension/>
        </extensions>
      </trkpt>
      <trkpt lat="32.09058375097811222076416015625" lon="118.72875208966434001922607421875">
        <ele>9.80000019073486328125</ele>
        <time>2021-11-15T04:12:25.000Z</time>
        <extensions>
          <ns3:TrackPointExtension>
            <ns3:hr>112</ns3:hr>
          </ns3:TrackPointExtension>
        </extensions>
      </trkpt>
      <trkpt lat="32.09053798578679561614990234375" lon="118.72874446213245391845703125">
        <ele>9.19999980926513671875</ele>
        <time>2021-11-15T04:12:26.000Z</time>
        <extensions>
          <ns3:TrackPointExtension/>
        </extensions>
      </trkpt>
      <trkpt lat="32.09049222059547901153564453125" lon="118.72873683460056781768798828125">
        <ele>8.6000003814697265625</ele>
        <time>2021-11-15T04:12:27.000Z</time>
        <extensions>
          <ns3:TrackPointExtension/>
        </extensions>
      </trkpt>
      <trkpt lat="32.09044645540416240692138671875" lon="118.7287292070686817169189453125">
        <ele>8.3999996185302734375</ele>
        <time>2021-11-15T04:12:28.000Z</time>
        <extensions>
          <ns3:TrackPointExtension/>
        </extensions>
      </trkpt>
      <trkpt lat="32.09040069021284580230712890625" lon="118.728713952004909515380859375">
        <ele>8.19999980926513671875</ele>
        <time>2021-11-15T04:12:29.000Z</time>
        <extensions>
          <ns3:TrackPointExtension/>
        </extensions>
      </trkpt>
      <trkpt lat="32.0903548412024974822998046875" lon="118.7286986969411373138427734375">
        <ele>7.80000019073486328125</ele>
        <time>2021-11-15T04:12:30.000Z</time>
        <extensions>
          <ns3:TrackPointExtension>
            <ns3:hr>118</ns3:hr>
          </ns3:TrackPointExtension>
        </extensions>
      </trkpt>
      <trkpt lat="32.0903129316866397857666015625" lon="118.7286834418773651123046875">
        <ele>7.599999904632568359375</ele>
        <time>2021-11-15T04:12:31.000Z</time>
        <extensions>
          <ns3:TrackPointExtension/>
        </extensions>
      </trkpt>
      <trkpt lat="32.09026716649532318115234375" lon="118.7286681868135929107666015625">
        <ele>7.400000095367431640625</ele>
        <time>2021-11-15T04:12:32.000Z</time>
        <extensions>
          <ns3:TrackPointExtension/>
        </extensions>
      </trkpt>
      <trkpt lat="32.09022517316043376922607421875" lon="118.728652931749820709228515625">
        <ele>7</ele>
        <time>2021-11-15T04:12:33.000Z</time>
        <extensions>
          <ns3:TrackPointExtension/>
        </extensions>
      </trkpt>
      <trkpt lat="32.0901831798255443572998046875" lon="118.7286376766860485076904296875">
        <ele>6.80000019073486328125</ele>
        <time>2021-11-15T04:12:34.000Z</time>
        <extensions>
          <ns3:TrackPointExtension/>
        </extensions>
      </trkpt>
      <trkpt lat="32.0901412703096866607666015625" lon="118.72862242162227630615234375">
        <ele>6.80000019073486328125</ele>
        <time>2021-11-15T04:12:35.000Z</time>
        <extensions>
          <ns3:TrackPointExtension>
            <ns3:hr>114</ns3:hr>
          </ns3:TrackPointExtension>
        </extensions>
      </trkpt>
      <trkpt lat="32.09010313265025615692138671875" lon="118.7286071665585041046142578125">
        <ele>7</ele>
        <time>2021-11-15T04:12:36.000Z</time>
        <extensions>
          <ns3:TrackPointExtension/>
        </extensions>
      </trkpt>
      <trkpt lat="32.0900611393153667449951171875" lon="118.728591911494731903076171875">
        <ele>7</ele>
        <time>2021-11-15T04:12:37.000Z</time>
        <extensions>
          <ns3:TrackPointExtension/>
        </extensions>
      </trkpt>
      <trkpt lat="32.09002300165593624114990234375" lon="118.72858428396284580230712890625">
        <ele>7</ele>
        <time>2021-11-15T04:12:38.000Z</time>
        <extensions>
          <ns3:TrackPointExtension/>
        </extensions>
      </trkpt>
      <trkpt lat="32.08997723646461963653564453125" lon="118.72856902889907360076904296875">
        <ele>7</ele>
        <time>2021-11-15T04:12:39.000Z</time>
        <extensions>
          <ns3:TrackPointExtension/>
        </extensions>
      </trkpt>
      <trkpt lat="32.089935243129730224609375" lon="118.7285614013671875">
        <ele>7</ele>
        <time>2021-11-15T04:12:40.000Z</time>
        <extensions>
          <ns3:TrackPointExtension>
            <ns3:hr>118</ns3:hr>
          </ns3:TrackPointExtension>
        </extensions>
      </trkpt>
      <trkpt lat="32.0898894779384136199951171875" lon="118.72854606248438358306884765625">
        <ele>7</ele>
        <time>2021-11-15T04:12:41.000Z</time>
        <extensions>
          <ns3:TrackPointExtension/>
        </extensions>
      </trkpt>
      <trkpt lat="32.089843712747097015380859375" lon="118.7285384349524974822998046875">
        <ele>7.400000095367431640625</ele>
        <time>2021-11-15T04:12:42.000Z</time>
        <extensions>
          <ns3:TrackPointExtension/>
        </extensions>
      </trkpt>
      <trkpt lat="32.0897979475557804107666015625" lon="118.72853080742061138153076171875">
        <ele>7.599999904632568359375</ele>
        <time>2021-11-15T04:12:43.000Z</time>
        <extensions>
          <ns3:TrackPointExtension/>
        </extensions>
      </trkpt>
      <trkpt lat="32.08975218236446380615234375" lon="118.72852317988872528076171875">
        <ele>8</ele>
        <time>2021-11-15T04:12:44.000Z</time>
        <extensions>
          <ns3:TrackPointExtension/>
        </extensions>
      </trkpt>
      <trkpt lat="32.0897064171731472015380859375" lon="118.72851555235683917999267578125">
        <ele>8.19999980926513671875</ele>
        <time>2021-11-15T04:12:45.000Z</time>
        <extensions>
          <ns3:TrackPointExtension>
            <ns3:hr>119</ns3:hr>
          </ns3:TrackPointExtension>
        </extensions>
      </trkpt>
      <trkpt lat="32.0896567963063716888427734375" lon="118.7285079248249530792236328125">
        <ele>8.6000003814697265625</ele>
        <time>2021-11-15T04:12:46.000Z</time>
        <extensions>
          <ns3:TrackPointExtension/>
        </extensions>
      </trkpt>
      <trkpt lat="32.0896071754395961761474609375" lon="118.72850029729306697845458984375">
        <ele>9</ele>
        <time>2021-11-15T04:12:47.000Z</time>
        <extensions>
          <ns3:TrackPointExtension/>
        </extensions>
      </trkpt>
      <trkpt lat="32.089561410248279571533203125" lon="118.728492669761180877685546875">
        <ele>9.19999980926513671875</ele>
        <time>2021-11-15T04:12:48.000Z</time>
        <extensions>
          <ns3:TrackPointExtension/>
        </extensions>
      </trkpt>
      <trkpt lat="32.089511789381504058837890625" lon="118.72848504222929477691650390625">
        <ele>9.3999996185302734375</ele>
        <time>2021-11-15T04:12:49.000Z</time>
        <extensions>
          <ns3:TrackPointExtension/>
        </extensions>
      </trkpt>
      <trkpt lat="32.0894660241901874542236328125" lon="118.7284774146974086761474609375">
        <ele>9.6000003814697265625</ele>
        <time>2021-11-15T04:12:50.000Z</time>
        <extensions>
          <ns3:TrackPointExtension>
            <ns3:hr>123</ns3:hr>
          </ns3:TrackPointExtension>
        </extensions>
      </trkpt>
      <trkpt lat="32.089420258998870849609375" lon="118.728462159633636474609375">
        <ele>9.6000003814697265625</ele>
        <time>2021-11-15T04:12:51.000Z</time>
        <extensions>
          <ns3:TrackPointExtension/>
        </extensions>
      </trkpt>
      <trkpt lat="32.08937072195112705230712890625" lon="118.72845453210175037384033203125">
        <ele>10</ele>
        <time>2021-11-15T04:12:52.000Z</time>
        <extensions>
          <ns3:TrackPointExtension/>
        </extensions>
      </trkpt>
      <trkpt lat="32.0893248729407787322998046875" lon="118.7284469045698642730712890625">
        <ele>10.19999980926513671875</ele>
        <time>2021-11-15T04:12:53.000Z</time>
        <extensions>
          <ns3:TrackPointExtension/>
        </extensions>
      </trkpt>
      <trkpt lat="32.08927533589303493499755859375" lon="118.728431649506092071533203125">
        <ele>10</ele>
        <time>2021-11-15T04:12:54.000Z</time>
        <extensions>
          <ns3:TrackPointExtension/>
        </extensions>
      </trkpt>
      <trkpt lat="32.0892219431698322296142578125" lon="118.72842402197420597076416015625">
        <ele>9.80000019073486328125</ele>
        <time>2021-11-15T04:12:55.000Z</time>
        <extensions>
          <ns3:TrackPointExtension>
            <ns3:hr>123</ns3:hr>
          </ns3:TrackPointExtension>
        </extensions>
      </trkpt>
      <trkpt lat="32.0891723223030567169189453125" lon="118.7284163944423198699951171875">
        <ele>9.6000003814697265625</ele>
        <time>2021-11-15T04:12:56.000Z</time>
        <extensions>
          <ns3:TrackPointExtension/>
        </extensions>
      </trkpt>
      <trkpt lat="32.08911892957985401153564453125" lon="118.72840876691043376922607421875">
        <ele>9.19999980926513671875</ele>
        <time>2021-11-15T04:12:57.000Z</time>
        <extensions>
          <ns3:TrackPointExtension/>
        </extensions>
      </trkpt>
      <trkpt lat="32.08906553685665130615234375" lon="118.72840113937854766845703125">
        <ele>9</ele>
        <time>2021-11-15T04:12:58.000Z</time>
        <extensions>
          <ns3:TrackPointExtension/>
        </extensions>
      </trkpt>
      <trkpt lat="32.08901214413344860076904296875" lon="118.72840113937854766845703125">
        <ele>8.80000019073486328125</ele>
        <time>2021-11-15T04:12:59.000Z</time>
        <extensions>
          <ns3:TrackPointExtension/>
        </extensions>
      </trkpt>
      <trkpt lat="32.08896252326667308807373046875" lon="118.72839351184666156768798828125">
        <ele>8.6000003814697265625</ele>
        <time>2021-11-15T04:13:00.000Z</time>
        <extensions>
          <ns3:TrackPointExtension>
            <ns3:hr>126</ns3:hr>
          </ns3:TrackPointExtension>
        </extensions>
      </trkpt>
      <trkpt lat="32.0889091305434703826904296875" lon="118.7283858843147754669189453125">
        <ele>8.3999996185302734375</ele>
        <time>2021-11-15T04:13:01.000Z</time>
        <extensions>
          <ns3:TrackPointExtension/>
        </extensions>
      </trkpt>
      <trkpt lat="32.08885573782026767730712890625" lon="118.7283858843147754669189453125">
        <ele>8.19999980926513671875</ele>
        <time>2021-11-15T04:13:02.000Z</time>
        <extensions>
          <ns3:TrackPointExtension/>
        </extensions>
      </trkpt>
      <trkpt lat="32.08880611695349216461181640625" lon="118.72837825678288936614990234375">
        <ele>8.19999980926513671875</ele>
        <time>2021-11-15T04:13:03.000Z</time>
        <extensions>
          <ns3:TrackPointExtension/>
        </extensions>
      </trkpt>
      <trkpt lat="32.088752724230289459228515625" lon="118.728370629251003265380859375">
        <ele>8</ele>
        <time>2021-11-15T04:13:04.000Z</time>
        <extensions>
          <ns3:TrackPointExtension/>
        </extensions>
      </trkpt>
      <trkpt lat="32.08869933150708675384521484375" lon="118.728370629251003265380859375">
        <ele>7.80000019073486328125</ele>
        <time>2021-11-15T04:13:05.000Z</time>
        <extensions>
          <ns3:TrackPointExtension>
            <ns3:hr>126</ns3:hr>
          </ns3:TrackPointExtension>
        </extensions>
      </trkpt>
      <trkpt lat="32.08864971064031124114990234375" lon="118.72836300171911716461181640625">
        <ele>7.599999904632568359375</ele>
        <time>2021-11-15T04:13:06.000Z</time>
        <extensions>
          <ns3:TrackPointExtension/>
        </extensions>
      </trkpt>
      <trkpt lat="32.08860008977353572845458984375" lon="118.72834774665534496307373046875">
        <ele>7.599999904632568359375</ele>
        <time>2021-11-15T04:13:07.000Z</time>
        <extensions>
          <ns3:TrackPointExtension/>
        </extensions>
      </trkpt>
      <trkpt lat="32.08855055272579193115234375" lon="118.7283401191234588623046875">
        <ele>7.400000095367431640625</ele>
        <time>2021-11-15T04:13:08.000Z</time>
        <extensions>
          <ns3:TrackPointExtension/>
        </extensions>
      </trkpt>
      <trkpt lat="32.08849716000258922576904296875" lon="118.72833249159157276153564453125">
        <ele>7.19999980926513671875</ele>
        <time>2021-11-15T04:13:09.000Z</time>
        <extensions>
          <ns3:TrackPointExtension/>
        </extensions>
      </trkpt>
      <trkpt lat="32.08844368346035480499267578125" lon="118.72831723652780055999755859375">
        <ele>7.19999980926513671875</ele>
        <time>2021-11-15T04:13:10.000Z</time>
        <extensions>
          <ns3:TrackPointExtension>
            <ns3:hr>127</ns3:hr>
          </ns3:TrackPointExtension>
        </extensions>
      </trkpt>
      <trkpt lat="32.0883941464126110076904296875" lon="118.728309608995914459228515625">
        <ele>7.400000095367431640625</ele>
        <time>2021-11-15T04:13:11.000Z</time>
        <extensions>
          <ns3:TrackPointExtension/>
        </extensions>
      </trkpt>
      <trkpt lat="32.08834075368940830230712890625" lon="118.72830198146402835845947265625">
        <ele>7.599999904632568359375</ele>
        <time>2021-11-15T04:13:12.000Z</time>
        <extensions>
          <ns3:TrackPointExtension/>
        </extensions>
      </trkpt>
      <trkpt lat="32.08828727714717388153076171875" lon="118.72828672640025615692138671875">
        <ele>7.80000019073486328125</ele>
        <time>2021-11-15T04:13:13.000Z</time>
        <extensions>
          <ns3:TrackPointExtension/>
        </extensions>
      </trkpt>
      <trkpt lat="32.0882338844239711761474609375" lon="118.72827147133648395538330078125">
        <ele>8</ele>
        <time>2021-11-15T04:13:14.000Z</time>
        <extensions>
          <ns3:TrackPointExtension/>
        </extensions>
      </trkpt>
      <trkpt lat="32.08818434737622737884521484375" lon="118.7282638438045978546142578125">
        <ele>8</ele>
        <time>2021-11-15T04:13:15.000Z</time>
        <extensions>
          <ns3:TrackPointExtension>
            <ns3:hr>133</ns3:hr>
          </ns3:TrackPointExtension>
        </extensions>
      </trkpt>
      <trkpt lat="32.08813087083399295806884765625" lon="118.728248588740825653076171875">
        <ele>8</ele>
        <time>2021-11-15T04:13:16.000Z</time>
        <extensions>
          <ns3:TrackPointExtension/>
        </extensions>
      </trkpt>
      <trkpt lat="32.0880813337862491607666015625" lon="118.7282333336770534515380859375">
        <ele>8</ele>
        <time>2021-11-15T04:13:17.000Z</time>
        <extensions>
          <ns3:TrackPointExtension/>
        </extensions>
      </trkpt>
      <trkpt lat="32.0880317129194736480712890625" lon="118.72821807861328125">
        <ele>8</ele>
        <time>2021-11-15T04:13:18.000Z</time>
        <extensions>
          <ns3:TrackPointExtension/>
        </extensions>
      </trkpt>
      <trkpt lat="32.08797832019627094268798828125" lon="118.72820273973047733306884765625">
        <ele>8.19999980926513671875</ele>
        <time>2021-11-15T04:13:19.000Z</time>
        <extensions>
          <ns3:TrackPointExtension/>
        </extensions>
      </trkpt>
      <trkpt lat="32.0879249274730682373046875" lon="118.72818748466670513153076171875">
        <ele>8.19999980926513671875</ele>
        <time>2021-11-15T04:13:20.000Z</time>
        <extensions>
          <ns3:TrackPointExtension>
            <ns3:hr>134</ns3:hr>
          </ns3:TrackPointExtension>
        </extensions>
      </trkpt>
      <trkpt lat="32.087875306606292724609375" lon="118.72817222960293292999267578125">
        <ele>8.19999980926513671875</ele>
        <time>2021-11-15T04:13:21.000Z</time>
        <extensions>
          <ns3:TrackPointExtension/>
        </extensions>
      </trkpt>
      <trkpt lat="32.08782576955854892730712890625" lon="118.72815697453916072845458984375">
        <ele>8.19999980926513671875</ele>
        <time>2021-11-15T04:13:22.000Z</time>
        <extensions>
          <ns3:TrackPointExtension/>
        </extensions>
      </trkpt>
      <trkpt lat="32.08777229301631450653076171875" lon="118.72814171947538852691650390625">
        <ele>8</ele>
        <time>2021-11-15T04:13:23.000Z</time>
        <extensions>
          <ns3:TrackPointExtension/>
        </extensions>
      </trkpt>
      <trkpt lat="32.087722755968570709228515625" lon="118.728118836879730224609375">
        <ele>8</ele>
        <time>2021-11-15T04:13:24.000Z</time>
        <extensions>
          <ns3:TrackPointExtension/>
        </extensions>
      </trkpt>
      <trkpt lat="32.08766936324536800384521484375" lon="118.7281035818159580230712890625">
        <ele>8</ele>
        <time>2021-11-15T04:13:25.000Z</time>
        <extensions>
          <ns3:TrackPointExtension>
            <ns3:hr>133</ns3:hr>
          </ns3:TrackPointExtension>
        </extensions>
      </trkpt>
      <trkpt lat="32.08761588670313358306884765625" lon="118.728088326752185821533203125">
        <ele>7.80000019073486328125</ele>
        <time>2021-11-15T04:13:26.000Z</time>
        <extensions>
          <ns3:TrackPointExtension/>
        </extensions>
      </trkpt>
      <trkpt lat="32.08755872212350368499755859375" lon="118.7280730716884136199951171875">
        <ele>7.80000019073486328125</ele>
        <time>2021-11-15T04:13:27.000Z</time>
        <extensions>
          <ns3:TrackPointExtension/>
        </extensions>
      </trkpt>
      <trkpt lat="32.087501473724842071533203125" lon="118.72805781662464141845703125">
        <ele>7.80000019073486328125</ele>
        <time>2021-11-15T04:13:28.000Z</time>
        <extensions>
          <ns3:TrackPointExtension/>
        </extensions>
      </trkpt>
      <trkpt lat="32.08744808100163936614990234375" lon="118.7280425615608692169189453125">
        <ele>7.80000019073486328125</ele>
        <time>2021-11-15T04:13:29.000Z</time>
        <extensions>
          <ns3:TrackPointExtension/>
        </extensions>
      </trkpt>
      <trkpt lat="32.087390832602977752685546875" lon="118.728027306497097015380859375">
        <ele>7.599999904632568359375</ele>
        <time>2021-11-15T04:13:30.000Z</time>
        <extensions>
          <ns3:TrackPointExtension>
            <ns3:hr>130</ns3:hr>
          </ns3:TrackPointExtension>
        </extensions>
      </trkpt>
      <trkpt lat="32.0873336680233478546142578125" lon="118.7280120514333248138427734375">
        <ele>7.599999904632568359375</ele>
        <time>2021-11-15T04:13:31.000Z</time>
        <extensions>
          <ns3:TrackPointExtension/>
        </extensions>
      </trkpt>
      <trkpt lat="32.08727641962468624114990234375" lon="118.7279967963695526123046875">
        <ele>7.599999904632568359375</ele>
        <time>2021-11-15T04:13:32.000Z</time>
        <extensions>
          <ns3:TrackPointExtension/>
        </extensions>
      </trkpt>
      <trkpt lat="32.087219171226024627685546875" lon="118.7279815413057804107666015625">
        <ele>7.599999904632568359375</ele>
        <time>2021-11-15T04:13:33.000Z</time>
        <extensions>
          <ns3:TrackPointExtension/>
        </extensions>
      </trkpt>
      <trkpt lat="32.0871620066463947296142578125" lon="118.727966286242008209228515625">
        <ele>7.400000095367431640625</ele>
        <time>2021-11-15T04:13:34.000Z</time>
        <extensions>
          <ns3:TrackPointExtension/>
        </extensions>
      </trkpt>
      <trkpt lat="32.08710475824773311614990234375" lon="118.7279510311782360076904296875">
        <ele>7.400000095367431640625</ele>
        <time>2021-11-15T04:13:35.000Z</time>
        <extensions>
          <ns3:TrackPointExtension>
            <ns3:hr>131</ns3:hr>
          </ns3:TrackPointExtension>
        </extensions>
      </trkpt>
      <trkpt lat="32.0870513655245304107666015625" lon="118.72793577611446380615234375">
        <ele>7.400000095367431640625</ele>
        <time>2021-11-15T04:13:36.000Z</time>
        <extensions>
          <ns3:TrackPointExtension/>
        </extensions>
      </trkpt>
      <trkpt lat="32.08699411712586879730224609375" lon="118.72792814858257770538330078125">
        <ele>7.400000095367431640625</ele>
        <time>2021-11-15T04:13:37.000Z</time>
        <extensions>
          <ns3:TrackPointExtension/>
        </extensions>
      </trkpt>
      <trkpt lat="32.0869407244026660919189453125" lon="118.72791289351880550384521484375">
        <ele>7.19999980926513671875</ele>
        <time>2021-11-15T04:13:38.000Z</time>
        <extensions>
          <ns3:TrackPointExtension/>
        </extensions>
      </trkpt>
      <trkpt lat="32.0868911035358905792236328125" lon="118.727905265986919403076171875">
        <ele>7.19999980926513671875</ele>
        <time>2021-11-15T04:13:39.000Z</time>
        <extensions>
          <ns3:TrackPointExtension/>
        </extensions>
      </trkpt>
      <trkpt lat="32.08683771081268787384033203125" lon="118.7278900109231472015380859375">
        <ele>7.400000095367431640625</ele>
        <time>2021-11-15T04:13:40.000Z</time>
        <extensions>
          <ns3:TrackPointExtension>
            <ns3:hr>132</ns3:hr>
          </ns3:TrackPointExtension>
        </extensions>
      </trkpt>
      <trkpt lat="32.0867881737649440765380859375" lon="118.72788238339126110076904296875">
        <ele>7.19999980926513671875</ele>
        <time>2021-11-15T04:13:41.000Z</time>
        <extensions>
          <ns3:TrackPointExtension/>
        </extensions>
      </trkpt>
      <trkpt lat="32.0867385528981685638427734375" lon="118.727867044508457183837890625">
        <ele>6.80000019073486328125</ele>
        <time>2021-11-15T04:13:42.000Z</time>
        <extensions>
          <ns3:TrackPointExtension/>
        </extensions>
      </trkpt>
      <trkpt lat="32.0866889320313930511474609375" lon="118.72785941697657108306884765625">
        <ele>6.599999904632568359375</ele>
        <time>2021-11-15T04:13:43.000Z</time>
        <extensions>
          <ns3:TrackPointExtension/>
        </extensions>
      </trkpt>
      <trkpt lat="32.08663939498364925384521484375" lon="118.72784416191279888153076171875">
        <ele>6.400000095367431640625</ele>
        <time>2021-11-15T04:13:44.000Z</time>
        <extensions>
          <ns3:TrackPointExtension/>
        </extensions>
      </trkpt>
      <trkpt lat="32.08658591844141483306884765625" lon="118.72783653438091278076171875">
        <ele>6</ele>
        <time>2021-11-15T04:13:45.000Z</time>
        <extensions>
          <ns3:TrackPointExtension>
            <ns3:hr>133</ns3:hr>
          </ns3:TrackPointExtension>
        </extensions>
      </trkpt>
      <trkpt lat="32.0865363813936710357666015625" lon="118.7278212793171405792236328125">
        <ele>5.80000019073486328125</ele>
        <time>2021-11-15T04:13:46.000Z</time>
        <extensions>
          <ns3:TrackPointExtension/>
        </extensions>
      </trkpt>
      <trkpt lat="32.0864867605268955230712890625" lon="118.727806024253368377685546875">
        <ele>5.80000019073486328125</ele>
        <time>2021-11-15T04:13:47.000Z</time>
        <extensions>
          <ns3:TrackPointExtension/>
        </extensions>
      </trkpt>
      <trkpt lat="32.08643722347915172576904296875" lon="118.72779839672148227691650390625">
        <ele>5.599999904632568359375</ele>
        <time>2021-11-15T04:13:48.000Z</time>
        <extensions>
          <ns3:TrackPointExtension/>
        </extensions>
      </trkpt>
      <trkpt lat="32.08638760261237621307373046875" lon="118.72778314165771007537841796875">
        <ele>5.599999904632568359375</ele>
        <time>2021-11-15T04:13:49.000Z</time>
        <extensions>
          <ns3:TrackPointExtension/>
        </extensions>
      </trkpt>
      <trkpt lat="32.08633798174560070037841796875" lon="118.72776788659393787384033203125">
        <ele>5.400000095367431640625</ele>
        <time>2021-11-15T04:13:50.000Z</time>
        <extensions>
          <ns3:TrackPointExtension>
            <ns3:hr>132</ns3:hr>
          </ns3:TrackPointExtension>
        </extensions>
      </trkpt>
      <trkpt lat="32.086288444697856903076171875" lon="118.72775263153016567230224609375">
        <ele>5.400000095367431640625</ele>
        <time>2021-11-15T04:13:51.000Z</time>
        <extensions>
          <ns3:TrackPointExtension/>
        </extensions>
      </trkpt>
      <trkpt lat="32.086238823831081390380859375" lon="118.72773737646639347076416015625">
        <ele>5.599999904632568359375</ele>
        <time>2021-11-15T04:13:52.000Z</time>
        <extensions>
          <ns3:TrackPointExtension/>
        </extensions>
      </trkpt>
      <trkpt lat="32.086189202964305877685546875" lon="118.72772212140262126922607421875">
        <ele>5.80000019073486328125</ele>
        <time>2021-11-15T04:13:53.000Z</time>
        <extensions>
          <ns3:TrackPointExtension/>
        </extensions>
      </trkpt>
      <trkpt lat="32.08613966591656208038330078125" lon="118.72770686633884906768798828125">
        <ele>6</ele>
        <time>2021-11-15T04:13:54.000Z</time>
        <extensions>
          <ns3:TrackPointExtension/>
        </extensions>
      </trkpt>
      <trkpt lat="32.08609390072524547576904296875" lon="118.72769161127507686614990234375">
        <ele>6.19999980926513671875</ele>
        <time>2021-11-15T04:13:55.000Z</time>
        <extensions>
          <ns3:TrackPointExtension>
            <ns3:hr>132</ns3:hr>
          </ns3:TrackPointExtension>
        </extensions>
      </trkpt>
      <trkpt lat="32.08604427985846996307373046875" lon="118.72767635621130466461181640625">
        <ele>6.19999980926513671875</ele>
        <time>2021-11-15T04:13:56.000Z</time>
        <extensions>
          <ns3:TrackPointExtension/>
        </extensions>
      </trkpt>
      <trkpt lat="32.08599465899169445037841796875" lon="118.72766110114753246307373046875">
        <ele>6.400000095367431640625</ele>
        <time>2021-11-15T04:13:57.000Z</time>
        <extensions>
          <ns3:TrackPointExtension/>
        </extensions>
      </trkpt>
      <trkpt lat="32.08594889380037784576416015625" lon="118.72764584608376026153564453125">
        <ele>6.599999904632568359375</ele>
        <time>2021-11-15T04:13:58.000Z</time>
        <extensions>
          <ns3:TrackPointExtension/>
        </extensions>
      </trkpt>
      <trkpt lat="32.08589927293360233306884765625" lon="118.72763059101998805999755859375">
        <ele>7</ele>
        <time>2021-11-15T04:13:59.000Z</time>
        <extensions>
          <ns3:TrackPointExtension/>
        </extensions>
      </trkpt>
      <trkpt lat="32.08585350774228572845458984375" lon="118.727622963488101959228515625">
        <ele>7.19999980926513671875</ele>
        <time>2021-11-15T04:14:00.000Z</time>
        <extensions>
          <ns3:TrackPointExtension>
            <ns3:hr>133</ns3:hr>
          </ns3:TrackPointExtension>
        </extensions>
      </trkpt>
      <trkpt lat="32.08580774255096912384033203125" lon="118.7276077084243297576904296875">
        <ele>7.599999904632568359375</ele>
        <time>2021-11-15T04:14:01.000Z</time>
        <extensions>
          <ns3:TrackPointExtension/>
        </extensions>
      </trkpt>
      <trkpt lat="32.08576583303511142730712890625" lon="118.72759245336055755615234375">
        <ele>7.80000019073486328125</ele>
        <time>2021-11-15T04:14:02.000Z</time>
        <extensions>
          <ns3:TrackPointExtension/>
        </extensions>
      </trkpt>
      <trkpt lat="32.0857199840247631072998046875" lon="118.7275771982967853546142578125">
        <ele>8</ele>
        <time>2021-11-15T04:14:03.000Z</time>
        <extensions>
          <ns3:TrackPointExtension/>
        </extensions>
      </trkpt>
      <trkpt lat="32.085674218833446502685546875" lon="118.727561943233013153076171875">
        <ele>8.19999980926513671875</ele>
        <time>2021-11-15T04:14:04.000Z</time>
        <extensions>
          <ns3:TrackPointExtension/>
        </extensions>
      </trkpt>
      <trkpt lat="32.08562468178570270538330078125" lon="118.72755431570112705230712890625">
        <ele>8.19999980926513671875</ele>
        <time>2021-11-15T04:14:05.000Z</time>
        <extensions>
          <ns3:TrackPointExtension>
            <ns3:hr>136</ns3:hr>
          </ns3:TrackPointExtension>
        </extensions>
      </trkpt>
      <trkpt lat="32.08557891659438610076904296875" lon="118.72753906063735485076904296875">
        <ele>8.19999980926513671875</ele>
        <time>2021-11-15T04:14:06.000Z</time>
        <extensions>
          <ns3:TrackPointExtension/>
        </extensions>
      </trkpt>
      <trkpt lat="32.08552544005215167999267578125" lon="118.727523721754550933837890625">
        <ele>8.19999980926513671875</ele>
        <time>2021-11-15T04:14:07.000Z</time>
        <extensions>
          <ns3:TrackPointExtension/>
        </extensions>
      </trkpt>
      <trkpt lat="32.085472047328948974609375" lon="118.72751609422266483306884765625">
        <ele>8.19999980926513671875</ele>
        <time>2021-11-15T04:14:08.000Z</time>
        <extensions>
          <ns3:TrackPointExtension/>
        </extensions>
      </trkpt>
      <trkpt lat="32.08541865460574626922607421875" lon="118.72750083915889263153076171875">
        <ele>8.19999980926513671875</ele>
        <time>2021-11-15T04:14:09.000Z</time>
        <extensions>
          <ns3:TrackPointExtension/>
        </extensions>
      </trkpt>
      <trkpt lat="32.0853652618825435638427734375" lon="118.72748558409512042999267578125">
        <ele>7.80000019073486328125</ele>
        <time>2021-11-15T04:14:10.000Z</time>
        <extensions>
          <ns3:TrackPointExtension>
            <ns3:hr>136</ns3:hr>
          </ns3:TrackPointExtension>
        </extensions>
      </trkpt>
      <trkpt lat="32.08530801348388195037841796875" lon="118.72747032903134822845458984375">
        <ele>7.599999904632568359375</ele>
        <time>2021-11-15T04:14:11.000Z</time>
        <extensions>
          <ns3:TrackPointExtension/>
        </extensions>
      </trkpt>
      <trkpt lat="32.08525084890425205230712890625" lon="118.72745507396757602691650390625">
        <ele>7.19999980926513671875</ele>
        <time>2021-11-15T04:14:12.000Z</time>
        <extensions>
          <ns3:TrackPointExtension/>
        </extensions>
      </trkpt>
      <trkpt lat="32.0851936005055904388427734375" lon="118.7274474464356899261474609375">
        <ele>6.80000019073486328125</ele>
        <time>2021-11-15T04:14:13.000Z</time>
        <extensions>
          <ns3:TrackPointExtension/>
        </extensions>
      </trkpt>
      <trkpt lat="32.0851325802505016326904296875" lon="118.727432191371917724609375">
        <ele>6.400000095367431640625</ele>
        <time>2021-11-15T04:14:14.000Z</time>
        <extensions>
          <ns3:TrackPointExtension/>
        </extensions>
      </trkpt>
      <trkpt lat="32.08507533185184001922607421875" lon="118.7274169363081455230712890625">
        <ele>6.19999980926513671875</ele>
        <time>2021-11-15T04:14:15.000Z</time>
        <extensions>
          <ns3:TrackPointExtension>
            <ns3:hr>134</ns3:hr>
          </ns3:TrackPointExtension>
        </extensions>
      </trkpt>
      <trkpt lat="32.08501808345317840576171875" lon="118.727401681244373321533203125">
        <ele>5.80000019073486328125</ele>
        <time>2021-11-15T04:14:16.000Z</time>
        <extensions>
          <ns3:TrackPointExtension/>
        </extensions>
      </trkpt>
      <trkpt lat="32.0849609188735485076904296875" lon="118.72739405371248722076416015625">
        <ele>5.400000095367431640625</ele>
        <time>2021-11-15T04:14:17.000Z</time>
        <extensions>
          <ns3:TrackPointExtension/>
        </extensions>
      </trkpt>
      <trkpt lat="32.0849112980067729949951171875" lon="118.72737879864871501922607421875">
        <ele>4.80000019073486328125</ele>
        <time>2021-11-15T04:14:18.000Z</time>
        <extensions>
          <ns3:TrackPointExtension/>
        </extensions>
      </trkpt>
      <trkpt lat="32.0848616771399974822998046875" lon="118.7273559160530567169189453125">
        <ele>4.400000095367431640625</ele>
        <time>2021-11-15T04:14:19.000Z</time>
        <extensions>
          <ns3:TrackPointExtension/>
        </extensions>
      </trkpt>
      <trkpt lat="32.0848197676241397857666015625" lon="118.727340660989284515380859375">
        <ele>4</ele>
        <time>2021-11-15T04:14:20.000Z</time>
        <extensions>
          <ns3:TrackPointExtension>
            <ns3:hr>130</ns3:hr>
          </ns3:TrackPointExtension>
        </extensions>
      </trkpt>
      <trkpt lat="32.084785401821136474609375" lon="118.72731777839362621307373046875">
        <ele>3.599999904632568359375</ele>
        <time>2021-11-15T04:14:21.000Z</time>
        <extensions>
          <ns3:TrackPointExtension/>
        </extensions>
      </trkpt>
      <trkpt lat="32.084754891693592071533203125" lon="118.7272948957979679107666015625">
        <ele>3.2000000476837158203125</ele>
        <time>2021-11-15T04:14:22.000Z</time>
        <extensions>
          <ns3:TrackPointExtension/>
        </extensions>
      </trkpt>
      <trkpt lat="32.08473200909793376922607421875" lon="118.72727201320230960845947265625">
        <ele>2.7999999523162841796875</ele>
        <time>2021-11-15T04:14:23.000Z</time>
        <extensions>
          <ns3:TrackPointExtension/>
        </extensions>
      </trkpt>
      <trkpt lat="32.0847091265022754669189453125" lon="118.72724913060665130615234375">
        <ele>2.599999904632568359375</ele>
        <time>2021-11-15T04:14:24.000Z</time>
        <extensions>
          <ns3:TrackPointExtension/>
        </extensions>
      </trkpt>
      <trkpt lat="32.084693871438503265380859375" lon="118.72722624801099300384521484375">
        <ele>2.400000095367431640625</ele>
        <time>2021-11-15T04:14:25.000Z</time>
        <extensions>
          <ns3:TrackPointExtension>
            <ns3:hr>133</ns3:hr>
          </ns3:TrackPointExtension>
        </extensions>
      </trkpt>
      <trkpt lat="32.0846786163747310638427734375" lon="118.72719573788344860076904296875">
        <ele>2.2000000476837158203125</ele>
        <time>2021-11-15T04:14:26.000Z</time>
        <extensions>
          <ns3:TrackPointExtension/>
        </extensions>
      </trkpt>
      <trkpt lat="32.08466713316738605499267578125" lon="118.7271651439368724822998046875">
        <ele>2</ele>
        <time>2021-11-15T04:14:27.000Z</time>
        <extensions>
          <ns3:TrackPointExtension/>
        </extensions>
      </trkpt>
      <trkpt lat="32.08465573377907276153564453125" lon="118.72714226134121417999267578125">
        <ele>1.7999999523162841796875</ele>
        <time>2021-11-15T04:14:28.000Z</time>
        <extensions>
          <ns3:TrackPointExtension/>
        </extensions>
      </trkpt>
      <trkpt lat="32.084644250571727752685546875" lon="118.72711175121366977691650390625">
        <ele>1.60000002384185791015625</ele>
        <time>2021-11-15T04:14:29.000Z</time>
        <extensions>
          <ns3:TrackPointExtension/>
        </extensions>
      </trkpt>
      <trkpt lat="32.0846289955079555511474609375" lon="118.727088868618011474609375">
        <ele>1.39999997615814208984375</ele>
        <time>2021-11-15T04:14:30.000Z</time>
        <extensions>
          <ns3:TrackPointExtension>
            <ns3:hr>132</ns3:hr>
          </ns3:TrackPointExtension>
        </extensions>
      </trkpt>
      <trkpt lat="32.084613740444183349609375" lon="118.72706598602235317230224609375">
        <ele>1.2000000476837158203125</ele>
        <time>2021-11-15T04:14:31.000Z</time>
        <extensions>
          <ns3:TrackPointExtension/>
        </extensions>
      </trkpt>
      <trkpt lat="32.08459085784852504730224609375" lon="118.7270431034266948699951171875">
        <ele>1.2000000476837158203125</ele>
        <time>2021-11-15T04:14:32.000Z</time>
        <extensions>
          <ns3:TrackPointExtension/>
        </extensions>
      </trkpt>
      <trkpt lat="32.08456420339643955230712890625" lon="118.72702022083103656768798828125">
        <ele>1.2000000476837158203125</ele>
        <time>2021-11-15T04:14:33.000Z</time>
        <extensions>
          <ns3:TrackPointExtension/>
        </extensions>
      </trkpt>
      <trkpt lat="32.084533609449863433837890625" lon="118.726997338235378265380859375">
        <ele>1.2000000476837158203125</ele>
        <time>2021-11-15T04:14:34.000Z</time>
        <extensions>
          <ns3:TrackPointExtension/>
        </extensions>
      </trkpt>
      <trkpt lat="32.08449932746589183807373046875" lon="118.7269820831716060638427734375">
        <ele>1.39999997615814208984375</ele>
        <time>2021-11-15T04:14:35.000Z</time>
        <extensions>
          <ns3:TrackPointExtension>
            <ns3:hr>127</ns3:hr>
          </ns3:TrackPointExtension>
        </extensions>
      </trkpt>
      <trkpt lat="32.08446496166288852691650390625" lon="118.72695920057594776153564453125">
        <ele>1.60000002384185791015625</ele>
        <time>2021-11-15T04:14:36.000Z</time>
        <extensions>
          <ns3:TrackPointExtension/>
        </extensions>
      </trkpt>
      <trkpt lat="32.0844268240034580230712890625" lon="118.726936317980289459228515625">
        <ele>1.60000002384185791015625</ele>
        <time>2021-11-15T04:14:37.000Z</time>
        <extensions>
          <ns3:TrackPointExtension/>
        </extensions>
      </trkpt>
      <trkpt lat="32.08438868634402751922607421875" lon="118.7269210629165172576904296875">
        <ele>1.7999999523162841796875</ele>
        <time>2021-11-15T04:14:38.000Z</time>
        <extensions>
          <ns3:TrackPointExtension/>
        </extensions>
      </trkpt>
      <trkpt lat="32.084350548684597015380859375" lon="118.72690580785274505615234375">
        <ele>2</ele>
        <time>2021-11-15T04:14:39.000Z</time>
        <extensions>
          <ns3:TrackPointExtension/>
        </extensions>
      </trkpt>
      <trkpt lat="32.08431241102516651153564453125" lon="118.7268905527889728546142578125">
        <ele>2.2000000476837158203125</ele>
        <time>2021-11-15T04:14:40.000Z</time>
        <extensions>
          <ns3:TrackPointExtension>
            <ns3:hr>125</ns3:hr>
          </ns3:TrackPointExtension>
        </extensions>
      </trkpt>
      <trkpt lat="32.08427804522216320037841796875" lon="118.726875297725200653076171875">
        <ele>2.599999904632568359375</ele>
        <time>2021-11-15T04:14:41.000Z</time>
        <extensions>
          <ns3:TrackPointExtension/>
        </extensions>
      </trkpt>
      <trkpt lat="32.084239907562732696533203125" lon="118.7268600426614284515380859375">
        <ele>3</ele>
        <time>2021-11-15T04:14:42.000Z</time>
        <extensions>
          <ns3:TrackPointExtension/>
        </extensions>
      </trkpt>
      <trkpt lat="32.08420176990330219268798828125" lon="118.72684478759765625">
        <ele>3.400000095367431640625</ele>
        <time>2021-11-15T04:14:43.000Z</time>
        <extensions>
          <ns3:TrackPointExtension/>
        </extensions>
      </trkpt>
      <trkpt lat="32.0841636322438716888427734375" lon="118.72682944871485233306884765625">
        <ele>3.7999999523162841796875</ele>
        <time>2021-11-15T04:14:44.000Z</time>
        <extensions>
          <ns3:TrackPointExtension/>
        </extensions>
      </trkpt>
      <trkpt lat="32.084129266440868377685546875" lon="118.72681419365108013153076171875">
        <ele>4.19999980926513671875</ele>
        <time>2021-11-15T04:14:45.000Z</time>
        <extensions>
          <ns3:TrackPointExtension>
            <ns3:hr>124</ns3:hr>
          </ns3:TrackPointExtension>
        </extensions>
      </trkpt>
      <trkpt lat="32.08409112878143787384033203125" lon="118.72680656611919403076171875">
        <ele>4.80000019073486328125</ele>
        <time>2021-11-15T04:14:46.000Z</time>
        <extensions>
          <ns3:TrackPointExtension/>
        </extensions>
      </trkpt>
      <trkpt lat="32.0840529911220073699951171875" lon="118.7267913110554218292236328125">
        <ele>5.19999980926513671875</ele>
        <time>2021-11-15T04:14:47.000Z</time>
        <extensions>
          <ns3:TrackPointExtension/>
        </extensions>
      </trkpt>
      <trkpt lat="32.084018625319004058837890625" lon="118.726776055991649627685546875">
        <ele>5.599999904632568359375</ele>
        <time>2021-11-15T04:14:48.000Z</time>
        <extensions>
          <ns3:TrackPointExtension/>
        </extensions>
      </trkpt>
      <trkpt lat="32.08398048765957355499267578125" lon="118.72676842845976352691650390625">
        <ele>6</ele>
        <time>2021-11-15T04:14:49.000Z</time>
        <extensions>
          <ns3:TrackPointExtension/>
        </extensions>
      </trkpt>
      <trkpt lat="32.083946205675601959228515625" lon="118.72675317339599132537841796875">
        <ele>6.19999980926513671875</ele>
        <time>2021-11-15T04:14:50.000Z</time>
        <extensions>
          <ns3:TrackPointExtension>
            <ns3:hr>124</ns3:hr>
          </ns3:TrackPointExtension>
        </extensions>
      </trkpt>
      <trkpt lat="32.08390806801617145538330078125" lon="118.72673791833221912384033203125">
        <ele>6.599999904632568359375</ele>
        <time>2021-11-15T04:14:51.000Z</time>
        <extensions>
          <ns3:TrackPointExtension/>
        </extensions>
      </trkpt>
      <trkpt lat="32.08387370221316814422607421875" lon="118.72672266326844692230224609375">
        <ele>6.80000019073486328125</ele>
        <time>2021-11-15T04:14:52.000Z</time>
        <extensions>
          <ns3:TrackPointExtension/>
        </extensions>
      </trkpt>
      <trkpt lat="32.08383933641016483306884765625" lon="118.726715035736560821533203125">
        <ele>7</ele>
        <time>2021-11-15T04:14:53.000Z</time>
        <extensions>
          <ns3:TrackPointExtension/>
        </extensions>
      </trkpt>
      <trkpt lat="32.0838011987507343292236328125" lon="118.7266997806727886199951171875">
        <ele>7.19999980926513671875</ele>
        <time>2021-11-15T04:14:54.000Z</time>
        <extensions>
          <ns3:TrackPointExtension/>
        </extensions>
      </trkpt>
      <trkpt lat="32.08376691676676273345947265625" lon="118.72669215314090251922607421875">
        <ele>7.400000095367431640625</ele>
        <time>2021-11-15T04:14:55.000Z</time>
        <extensions>
          <ns3:TrackPointExtension>
            <ns3:hr>126</ns3:hr>
          </ns3:TrackPointExtension>
        </extensions>
      </trkpt>
      <trkpt lat="32.08373640663921833038330078125" lon="118.72668452560901641845703125">
        <ele>7.400000095367431640625</ele>
        <time>2021-11-15T04:14:56.000Z</time>
        <extensions>
          <ns3:TrackPointExtension/>
        </extensions>
      </trkpt>
      <trkpt lat="32.08370204083621501922607421875" lon="118.72667689807713031768798828125">
        <ele>7.19999980926513671875</ele>
        <time>2021-11-15T04:14:57.000Z</time>
        <extensions>
          <ns3:TrackPointExtension/>
        </extensions>
      </trkpt>
      <trkpt lat="32.08366767503321170806884765625" lon="118.72667689807713031768798828125">
        <ele>7.19999980926513671875</ele>
        <time>2021-11-15T04:14:58.000Z</time>
        <extensions>
          <ns3:TrackPointExtension/>
        </extensions>
      </trkpt>
      <trkpt lat="32.0836333930492401123046875" lon="118.72667689807713031768798828125">
        <ele>7.19999980926513671875</ele>
        <time>2021-11-15T04:14:59.000Z</time>
        <extensions>
          <ns3:TrackPointExtension/>
        </extensions>
      </trkpt>
      <trkpt lat="32.0835990272462368011474609375" lon="118.72667689807713031768798828125">
        <ele>7.19999980926513671875</ele>
        <time>2021-11-15T04:15:00.000Z</time>
        <extensions>
          <ns3:TrackPointExtension>
            <ns3:hr>123</ns3:hr>
          </ns3:TrackPointExtension>
        </extensions>
      </trkpt>
      <trkpt lat="32.0835685171186923980712890625" lon="118.72667689807713031768798828125">
        <ele>7.19999980926513671875</ele>
        <time>2021-11-15T04:15:01.000Z</time>
        <extensions>
          <ns3:TrackPointExtension/>
        </extensions>
      </trkpt>
      <trkpt lat="32.08353423513472080230712890625" lon="118.72667689807713031768798828125">
        <ele>7.19999980926513671875</ele>
        <time>2021-11-15T04:15:02.000Z</time>
        <extensions>
          <ns3:TrackPointExtension/>
        </extensions>
      </trkpt>
      <trkpt lat="32.08349986933171749114990234375" lon="118.7266692705452442169189453125">
        <ele>7.19999980926513671875</ele>
        <time>2021-11-15T04:15:03.000Z</time>
        <extensions>
          <ns3:TrackPointExtension/>
        </extensions>
      </trkpt>
      <trkpt lat="32.08346550352871417999267578125" lon="118.7266692705452442169189453125">
        <ele>7.599999904632568359375</ele>
        <time>2021-11-15T04:15:04.000Z</time>
        <extensions>
          <ns3:TrackPointExtension/>
        </extensions>
      </trkpt>
      <trkpt lat="32.08343499340116977691650390625" lon="118.72666164301335811614990234375">
        <ele>7.80000019073486328125</ele>
        <time>2021-11-15T04:15:05.000Z</time>
        <extensions>
          <ns3:TrackPointExtension>
            <ns3:hr>121</ns3:hr>
          </ns3:TrackPointExtension>
        </extensions>
      </trkpt>
      <trkpt lat="32.08340071141719818115234375" lon="118.72666164301335811614990234375">
        <ele>8.19999980926513671875</ele>
        <time>2021-11-15T04:15:06.000Z</time>
        <extensions>
          <ns3:TrackPointExtension/>
        </extensions>
      </trkpt>
      <trkpt lat="32.083370201289653778076171875" lon="118.726654015481472015380859375">
        <ele>8.3999996185302734375</ele>
        <time>2021-11-15T04:15:07.000Z</time>
        <extensions>
          <ns3:TrackPointExtension/>
        </extensions>
      </trkpt>
      <trkpt lat="32.0833358354866504669189453125" lon="118.7266387604176998138427734375">
        <ele>8.3999996185302734375</ele>
        <time>2021-11-15T04:15:08.000Z</time>
        <extensions>
          <ns3:TrackPointExtension/>
        </extensions>
      </trkpt>
      <trkpt lat="32.0833053253591060638427734375" lon="118.72663113288581371307373046875">
        <ele>8.6000003814697265625</ele>
        <time>2021-11-15T04:15:09.000Z</time>
        <extensions>
          <ns3:TrackPointExtension/>
        </extensions>
      </trkpt>
      <trkpt lat="32.083270959556102752685546875" lon="118.72661587782204151153564453125">
        <ele>8.80000019073486328125</ele>
        <time>2021-11-15T04:15:10.000Z</time>
        <extensions>
          <ns3:TrackPointExtension>
            <ns3:hr>121</ns3:hr>
          </ns3:TrackPointExtension>
        </extensions>
      </trkpt>
      <trkpt lat="32.08323667757213115692138671875" lon="118.72660062275826930999755859375">
        <ele>9</ele>
        <time>2021-11-15T04:15:11.000Z</time>
        <extensions>
          <ns3:TrackPointExtension/>
        </extensions>
      </trkpt>
      <trkpt lat="32.083198539912700653076171875" lon="118.72658536769449710845947265625">
        <ele>9</ele>
        <time>2021-11-15T04:15:12.000Z</time>
        <extensions>
          <ns3:TrackPointExtension/>
        </extensions>
      </trkpt>
      <trkpt lat="32.0831641741096973419189453125" lon="118.72657011263072490692138671875">
        <ele>8.80000019073486328125</ele>
        <time>2021-11-15T04:15:13.000Z</time>
        <extensions>
          <ns3:TrackPointExtension/>
        </extensions>
      </trkpt>
      <trkpt lat="32.08312603645026683807373046875" lon="118.72655485756695270538330078125">
        <ele>8.80000019073486328125</ele>
        <time>2021-11-15T04:15:14.000Z</time>
        <extensions>
          <ns3:TrackPointExtension/>
        </extensions>
      </trkpt>
      <trkpt lat="32.083087898790836334228515625" lon="118.72653960250318050384521484375">
        <ele>8.6000003814697265625</ele>
        <time>2021-11-15T04:15:15.000Z</time>
        <extensions>
          <ns3:TrackPointExtension>
            <ns3:hr>118</ns3:hr>
          </ns3:TrackPointExtension>
        </extensions>
      </trkpt>
      <trkpt lat="32.08304976113140583038330078125" lon="118.726531974971294403076171875">
        <ele>8.6000003814697265625</ele>
        <time>2021-11-15T04:15:16.000Z</time>
        <extensions>
          <ns3:TrackPointExtension/>
        </extensions>
      </trkpt>
      <trkpt lat="32.08300776779651641845703125" lon="118.72650909237563610076904296875">
        <ele>8.3999996185302734375</ele>
        <time>2021-11-15T04:15:17.000Z</time>
        <extensions>
          <ns3:TrackPointExtension/>
        </extensions>
      </trkpt>
      <trkpt lat="32.08296963013708591461181640625" lon="118.726493753492832183837890625">
        <ele>8.3999996185302734375</ele>
        <time>2021-11-15T04:15:18.000Z</time>
        <extensions>
          <ns3:TrackPointExtension/>
        </extensions>
      </trkpt>
      <trkpt lat="32.08293526433408260345458984375" lon="118.7264784984290599822998046875">
        <ele>8.19999980926513671875</ele>
        <time>2021-11-15T04:15:19.000Z</time>
        <extensions>
          <ns3:TrackPointExtension/>
        </extensions>
      </trkpt>
      <trkpt lat="32.082897126674652099609375" lon="118.72645561583340167999267578125">
        <ele>8</ele>
        <time>2021-11-15T04:15:20.000Z</time>
        <extensions>
          <ns3:TrackPointExtension>
            <ns3:hr>117</ns3:hr>
          </ns3:TrackPointExtension>
        </extensions>
      </trkpt>
      <trkpt lat="32.08286284469068050384521484375" lon="118.72644036076962947845458984375">
        <ele>8</ele>
        <time>2021-11-15T04:15:21.000Z</time>
        <extensions>
          <ns3:TrackPointExtension/>
        </extensions>
      </trkpt>
      <trkpt lat="32.08282847888767719268798828125" lon="118.7264174781739711761474609375">
        <ele>7.80000019073486328125</ele>
        <time>2021-11-15T04:15:22.000Z</time>
        <extensions>
          <ns3:TrackPointExtension/>
        </extensions>
      </trkpt>
      <trkpt lat="32.0827903412282466888427734375" lon="118.72639459557831287384033203125">
        <ele>7.599999904632568359375</ele>
        <time>2021-11-15T04:15:23.000Z</time>
        <extensions>
          <ns3:TrackPointExtension/>
        </extensions>
      </trkpt>
      <trkpt lat="32.08275220356881618499755859375" lon="118.726371712982654571533203125">
        <ele>7.400000095367431640625</ele>
        <time>2021-11-15T04:15:24.000Z</time>
        <extensions>
          <ns3:TrackPointExtension/>
        </extensions>
      </trkpt>
      <trkpt lat="32.08271783776581287384033203125" lon="118.7263564579188823699951171875">
        <ele>7.400000095367431640625</ele>
        <time>2021-11-15T04:15:25.000Z</time>
        <extensions>
          <ns3:TrackPointExtension>
            <ns3:hr>122</ns3:hr>
          </ns3:TrackPointExtension>
        </extensions>
      </trkpt>
      <trkpt lat="32.08267592824995517730712890625" lon="118.72633357532322406768798828125">
        <ele>7.19999980926513671875</ele>
        <time>2021-11-15T04:15:26.000Z</time>
        <extensions>
          <ns3:TrackPointExtension/>
        </extensions>
      </trkpt>
      <trkpt lat="32.08263770677149295806884765625" lon="118.72631832025945186614990234375">
        <ele>7</ele>
        <time>2021-11-15T04:15:27.000Z</time>
        <extensions>
          <ns3:TrackPointExtension/>
        </extensions>
      </trkpt>
      <trkpt lat="32.0825995691120624542236328125" lon="118.7262954376637935638427734375">
        <ele>6.80000019073486328125</ele>
        <time>2021-11-15T04:15:28.000Z</time>
        <extensions>
          <ns3:TrackPointExtension/>
        </extensions>
      </trkpt>
      <trkpt lat="32.0825576595962047576904296875" lon="118.72628781013190746307373046875">
        <ele>6.80000019073486328125</ele>
        <time>2021-11-15T04:15:29.000Z</time>
        <extensions>
          <ns3:TrackPointExtension/>
        </extensions>
      </trkpt>
      <trkpt lat="32.08251566626131534576416015625" lon="118.72627255506813526153564453125">
        <ele>6.80000019073486328125</ele>
        <time>2021-11-15T04:15:30.000Z</time>
        <extensions>
          <ns3:TrackPointExtension>
            <ns3:hr>125</ns3:hr>
          </ns3:TrackPointExtension>
        </extensions>
      </trkpt>
      <trkpt lat="32.082473672926425933837890625" lon="118.7262649275362491607666015625">
        <ele>6.599999904632568359375</ele>
        <time>2021-11-15T04:15:31.000Z</time>
        <extensions>
          <ns3:TrackPointExtension/>
        </extensions>
      </trkpt>
      <trkpt lat="32.0824279077351093292236328125" lon="118.7262649275362491607666015625">
        <ele>6.80000019073486328125</ele>
        <time>2021-11-15T04:15:32.000Z</time>
        <extensions>
          <ns3:TrackPointExtension/>
        </extensions>
      </trkpt>
      <trkpt lat="32.0823859982192516326904296875" lon="118.7262649275362491607666015625">
        <ele>7</ele>
        <time>2021-11-15T04:15:33.000Z</time>
        <extensions>
          <ns3:TrackPointExtension/>
        </extensions>
      </trkpt>
      <trkpt lat="32.08234400488436222076416015625" lon="118.7262649275362491607666015625">
        <ele>7.19999980926513671875</ele>
        <time>2021-11-15T04:15:34.000Z</time>
        <extensions>
          <ns3:TrackPointExtension/>
        </extensions>
      </trkpt>
      <trkpt lat="32.082302011549472808837890625" lon="118.7262649275362491607666015625">
        <ele>7.19999980926513671875</ele>
        <time>2021-11-15T04:15:35.000Z</time>
        <extensions>
          <ns3:TrackPointExtension>
            <ns3:hr>127</ns3:hr>
          </ns3:TrackPointExtension>
        </extensions>
      </trkpt>
      <trkpt lat="32.0822601020336151123046875" lon="118.72625730000436305999755859375">
        <ele>7.400000095367431640625</ele>
        <time>2021-11-15T04:15:36.000Z</time>
        <extensions>
          <ns3:TrackPointExtension/>
        </extensions>
      </trkpt>
      <trkpt lat="32.08221810869872570037841796875" lon="118.72625730000436305999755859375">
        <ele>7.400000095367431640625</ele>
        <time>2021-11-15T04:15:37.000Z</time>
        <extensions>
          <ns3:TrackPointExtension/>
        </extensions>
      </trkpt>
      <trkpt lat="32.082179971039295196533203125" lon="118.72625730000436305999755859375">
        <ele>7.599999904632568359375</ele>
        <time>2021-11-15T04:15:38.000Z</time>
        <extensions>
          <ns3:TrackPointExtension/>
        </extensions>
      </trkpt>
      <trkpt lat="32.0821380615234375" lon="118.7262649275362491607666015625">
        <ele>7.599999904632568359375</ele>
        <time>2021-11-15T04:15:39.000Z</time>
        <extensions>
          <ns3:TrackPointExtension/>
        </extensions>
      </trkpt>
      <trkpt lat="32.08209221251308917999267578125" lon="118.72625730000436305999755859375">
        <ele>7.599999904632568359375</ele>
        <time>2021-11-15T04:15:40.000Z</time>
        <extensions>
          <ns3:TrackPointExtension>
            <ns3:hr>125</ns3:hr>
          </ns3:TrackPointExtension>
        </extensions>
      </trkpt>
      <trkpt lat="32.08205030299723148345947265625" lon="118.72625730000436305999755859375">
        <ele>7.400000095367431640625</ele>
        <time>2021-11-15T04:15:41.000Z</time>
        <extensions>
          <ns3:TrackPointExtension/>
        </extensions>
      </trkpt>
      <trkpt lat="32.08200453780591487884521484375" lon="118.726249672472476959228515625">
        <ele>7.19999980926513671875</ele>
        <time>2021-11-15T04:15:42.000Z</time>
        <extensions>
          <ns3:TrackPointExtension/>
        </extensions>
      </trkpt>
      <trkpt lat="32.081958688795566558837890625" lon="118.72624204494059085845947265625">
        <ele>7</ele>
        <time>2021-11-15T04:15:43.000Z</time>
        <extensions>
          <ns3:TrackPointExtension/>
        </extensions>
      </trkpt>
      <trkpt lat="32.0819167792797088623046875" lon="118.7262344174087047576904296875">
        <ele>6.80000019073486328125</ele>
        <time>2021-11-15T04:15:44.000Z</time>
        <extensions>
          <ns3:TrackPointExtension/>
        </extensions>
      </trkpt>
      <trkpt lat="32.0818710140883922576904296875" lon="118.72621916234493255615234375">
        <ele>6.400000095367431640625</ele>
        <time>2021-11-15T04:15:45.000Z</time>
        <extensions>
          <ns3:TrackPointExtension>
            <ns3:hr>126</ns3:hr>
          </ns3:TrackPointExtension>
        </extensions>
      </trkpt>
      <trkpt lat="32.081825248897075653076171875" lon="118.72621153481304645538330078125">
        <ele>6.19999980926513671875</ele>
        <time>2021-11-15T04:15:46.000Z</time>
        <extensions>
          <ns3:TrackPointExtension/>
        </extensions>
      </trkpt>
      <trkpt lat="32.08177939988672733306884765625" lon="118.7262039072811603546142578125">
        <ele>6.400000095367431640625</ele>
        <time>2021-11-15T04:15:47.000Z</time>
        <extensions>
          <ns3:TrackPointExtension/>
        </extensions>
      </trkpt>
      <trkpt lat="32.08173363469541072845458984375" lon="118.726188652217388153076171875">
        <ele>6.400000095367431640625</ele>
        <time>2021-11-15T04:15:48.000Z</time>
        <extensions>
          <ns3:TrackPointExtension/>
        </extensions>
      </trkpt>
      <trkpt lat="32.08168786950409412384033203125" lon="118.7261733971536159515380859375">
        <ele>6.400000095367431640625</ele>
        <time>2021-11-15T04:15:49.000Z</time>
        <extensions>
          <ns3:TrackPointExtension/>
        </extensions>
      </trkpt>
      <trkpt lat="32.08164595998823642730712890625" lon="118.72615814208984375">
        <ele>6.400000095367431640625</ele>
        <time>2021-11-15T04:15:50.000Z</time>
        <extensions>
          <ns3:TrackPointExtension>
            <ns3:hr>122</ns3:hr>
          </ns3:TrackPointExtension>
        </extensions>
      </trkpt>
      <trkpt lat="32.0816001109778881072998046875" lon="118.72614280320703983306884765625">
        <ele>6.400000095367431640625</ele>
        <time>2021-11-15T04:15:51.000Z</time>
        <extensions>
          <ns3:TrackPointExtension/>
        </extensions>
      </trkpt>
      <trkpt lat="32.0815582014620304107666015625" lon="118.72612754814326763153076171875">
        <ele>6.400000095367431640625</ele>
        <time>2021-11-15T04:15:52.000Z</time>
        <extensions>
          <ns3:TrackPointExtension/>
        </extensions>
      </trkpt>
      <trkpt lat="32.08151243627071380615234375" lon="118.72611992061138153076171875">
        <ele>6.599999904632568359375</ele>
        <time>2021-11-15T04:15:53.000Z</time>
        <extensions>
          <ns3:TrackPointExtension/>
        </extensions>
      </trkpt>
      <trkpt lat="32.08147044293582439422607421875" lon="118.7261046655476093292236328125">
        <ele>6.80000019073486328125</ele>
        <time>2021-11-15T04:15:54.000Z</time>
        <extensions>
          <ns3:TrackPointExtension/>
        </extensions>
      </trkpt>
      <trkpt lat="32.08142467774450778961181640625" lon="118.726089410483837127685546875">
        <ele>6.599999904632568359375</ele>
        <time>2021-11-15T04:15:55.000Z</time>
        <extensions>
          <ns3:TrackPointExtension>
            <ns3:hr>119</ns3:hr>
          </ns3:TrackPointExtension>
        </extensions>
      </trkpt>
      <trkpt lat="32.08137891255319118499755859375" lon="118.72608178295195102691650390625">
        <ele>6.599999904632568359375</ele>
        <time>2021-11-15T04:15:56.000Z</time>
        <extensions>
          <ns3:TrackPointExtension/>
        </extensions>
      </trkpt>
      <trkpt lat="32.0813369192183017730712890625" lon="118.72606652788817882537841796875">
        <ele>6.599999904632568359375</ele>
        <time>2021-11-15T04:15:57.000Z</time>
        <extensions>
          <ns3:TrackPointExtension/>
        </extensions>
      </trkpt>
      <trkpt lat="32.08129115402698516845703125" lon="118.72605127282440662384033203125">
        <ele>6.599999904632568359375</ele>
        <time>2021-11-15T04:15:58.000Z</time>
        <extensions>
          <ns3:TrackPointExtension/>
        </extensions>
      </trkpt>
      <trkpt lat="32.0812453888356685638427734375" lon="118.7260436452925205230712890625">
        <ele>6.599999904632568359375</ele>
        <time>2021-11-15T04:15:59.000Z</time>
        <extensions>
          <ns3:TrackPointExtension/>
        </extensions>
      </trkpt>
      <trkpt lat="32.0811957679688930511474609375" lon="118.72603601776063442230224609375">
        <ele>6.80000019073486328125</ele>
        <time>2021-11-15T04:16:00.000Z</time>
        <extensions>
          <ns3:TrackPointExtension>
            <ns3:hr>121</ns3:hr>
          </ns3:TrackPointExtension>
        </extensions>
      </trkpt>
      <trkpt lat="32.08114623092114925384521484375" lon="118.726028390228748321533203125">
        <ele>7</ele>
        <time>2021-11-15T04:16:01.000Z</time>
        <extensions>
          <ns3:TrackPointExtension/>
        </extensions>
      </trkpt>
      <trkpt lat="32.0811042375862598419189453125" lon="118.72602076269686222076416015625">
        <ele>7</ele>
        <time>2021-11-15T04:16:02.000Z</time>
        <extensions>
          <ns3:TrackPointExtension/>
        </extensions>
      </trkpt>
      <trkpt lat="32.0810546167194843292236328125" lon="118.7260131351649761199951171875">
        <ele>7.19999980926513671875</ele>
        <time>2021-11-15T04:16:03.000Z</time>
        <extensions>
          <ns3:TrackPointExtension/>
        </extensions>
      </trkpt>
      <trkpt lat="32.08100507967174053192138671875" lon="118.72600550763309001922607421875">
        <ele>7.400000095367431640625</ele>
        <time>2021-11-15T04:16:04.000Z</time>
        <extensions>
          <ns3:TrackPointExtension/>
        </extensions>
      </trkpt>
      <trkpt lat="32.08095545880496501922607421875" lon="118.72599025256931781768798828125">
        <ele>7.400000095367431640625</ele>
        <time>2021-11-15T04:16:05.000Z</time>
        <extensions>
          <ns3:TrackPointExtension>
            <ns3:hr>118</ns3:hr>
          </ns3:TrackPointExtension>
        </extensions>
      </trkpt>
      <trkpt lat="32.08090583793818950653076171875" lon="118.72597499750554561614990234375">
        <ele>7.599999904632568359375</ele>
        <time>2021-11-15T04:16:06.000Z</time>
        <extensions>
          <ns3:TrackPointExtension/>
        </extensions>
      </trkpt>
      <trkpt lat="32.080856300890445709228515625" lon="118.725967369973659515380859375">
        <ele>7.80000019073486328125</ele>
        <time>2021-11-15T04:16:07.000Z</time>
        <extensions>
          <ns3:TrackPointExtension/>
        </extensions>
      </trkpt>
      <trkpt lat="32.08080290816724300384521484375" lon="118.7259521149098873138427734375">
        <ele>7.80000019073486328125</ele>
        <time>2021-11-15T04:16:08.000Z</time>
        <extensions>
          <ns3:TrackPointExtension/>
        </extensions>
      </trkpt>
      <trkpt lat="32.08075328730046749114990234375" lon="118.7259368598461151123046875">
        <ele>8</ele>
        <time>2021-11-15T04:16:09.000Z</time>
        <extensions>
          <ns3:TrackPointExtension/>
        </extensions>
      </trkpt>
      <trkpt lat="32.08070366643369197845458984375" lon="118.7259216047823429107666015625">
        <ele>8.19999980926513671875</ele>
        <time>2021-11-15T04:16:10.000Z</time>
        <extensions>
          <ns3:TrackPointExtension>
            <ns3:hr>119</ns3:hr>
          </ns3:TrackPointExtension>
        </extensions>
      </trkpt>
      <trkpt lat="32.08065412938594818115234375" lon="118.725906349718570709228515625">
        <ele>7.80000019073486328125</ele>
        <time>2021-11-15T04:16:11.000Z</time>
        <extensions>
          <ns3:TrackPointExtension/>
        </extensions>
      </trkpt>
      <trkpt lat="32.08060073666274547576904296875" lon="118.7258910946547985076904296875">
        <ele>7.599999904632568359375</ele>
        <time>2021-11-15T04:16:12.000Z</time>
        <extensions>
          <ns3:TrackPointExtension/>
        </extensions>
      </trkpt>
      <trkpt lat="32.08054726012051105499267578125" lon="118.72587583959102630615234375">
        <ele>7.19999980926513671875</ele>
        <time>2021-11-15T04:16:13.000Z</time>
        <extensions>
          <ns3:TrackPointExtension/>
        </extensions>
      </trkpt>
      <trkpt lat="32.080493867397308349609375" lon="118.72586821205914020538330078125">
        <ele>6.80000019073486328125</ele>
        <time>2021-11-15T04:16:14.000Z</time>
        <extensions>
          <ns3:TrackPointExtension/>
        </extensions>
      </trkpt>
      <trkpt lat="32.08044433034956455230712890625" lon="118.72585295699536800384521484375">
        <ele>6.599999904632568359375</ele>
        <time>2021-11-15T04:16:15.000Z</time>
        <extensions>
          <ns3:TrackPointExtension>
            <ns3:hr>120</ns3:hr>
          </ns3:TrackPointExtension>
        </extensions>
      </trkpt>
      <trkpt lat="32.08039085380733013153076171875" lon="118.725845329463481903076171875">
        <ele>6.400000095367431640625</ele>
        <time>2021-11-15T04:16:16.000Z</time>
        <extensions>
          <ns3:TrackPointExtension/>
        </extensions>
      </trkpt>
      <trkpt lat="32.0803374610841274261474609375" lon="118.72583770193159580230712890625">
        <ele>6.400000095367431640625</ele>
        <time>2021-11-15T04:16:17.000Z</time>
        <extensions>
          <ns3:TrackPointExtension/>
        </extensions>
      </trkpt>
      <trkpt lat="32.08028406836092472076416015625" lon="118.72583770193159580230712890625">
        <ele>6.400000095367431640625</ele>
        <time>2021-11-15T04:16:18.000Z</time>
        <extensions>
          <ns3:TrackPointExtension/>
        </extensions>
      </trkpt>
      <trkpt lat="32.080230675637722015380859375" lon="118.72583770193159580230712890625">
        <ele>6.400000095367431640625</ele>
        <time>2021-11-15T04:16:19.000Z</time>
        <extensions>
          <ns3:TrackPointExtension/>
        </extensions>
      </trkpt>
      <trkpt lat="32.08017728291451930999755859375" lon="118.72583770193159580230712890625">
        <ele>6.400000095367431640625</ele>
        <time>2021-11-15T04:16:20.000Z</time>
        <extensions>
          <ns3:TrackPointExtension>
            <ns3:hr>125</ns3:hr>
          </ns3:TrackPointExtension>
        </extensions>
      </trkpt>
      <trkpt lat="32.0801238901913166046142578125" lon="118.72583770193159580230712890625">
        <ele>6.400000095367431640625</ele>
        <time>2021-11-15T04:16:21.000Z</time>
        <extensions>
          <ns3:TrackPointExtension/>
        </extensions>
      </trkpt>
      <trkpt lat="32.0800742693245410919189453125" lon="118.72583770193159580230712890625">
        <ele>6.400000095367431640625</ele>
        <time>2021-11-15T04:16:22.000Z</time>
        <extensions>
          <ns3:TrackPointExtension/>
        </extensions>
      </trkpt>
      <trkpt lat="32.08002087660133838653564453125" lon="118.72583770193159580230712890625">
        <ele>6.599999904632568359375</ele>
        <time>2021-11-15T04:16:23.000Z</time>
        <extensions>
          <ns3:TrackPointExtension/>
        </extensions>
      </trkpt>
      <trkpt lat="32.07997125573456287384033203125" lon="118.72583770193159580230712890625">
        <ele>6.80000019073486328125</ele>
        <time>2021-11-15T04:16:24.000Z</time>
        <extensions>
          <ns3:TrackPointExtension/>
        </extensions>
      </trkpt>
      <trkpt lat="32.07991786301136016845703125" lon="118.72583770193159580230712890625">
        <ele>7</ele>
        <time>2021-11-15T04:16:25.000Z</time>
        <extensions>
          <ns3:TrackPointExtension>
            <ns3:hr>130</ns3:hr>
          </ns3:TrackPointExtension>
        </extensions>
      </trkpt>
      <trkpt lat="32.07986824214458465576171875" lon="118.72583770193159580230712890625">
        <ele>7.19999980926513671875</ele>
        <time>2021-11-15T04:16:26.000Z</time>
        <extensions>
          <ns3:TrackPointExtension/>
        </extensions>
      </trkpt>
      <trkpt lat="32.07981870509684085845947265625" lon="118.72583770193159580230712890625">
        <ele>7.400000095367431640625</ele>
        <time>2021-11-15T04:16:27.000Z</time>
        <extensions>
          <ns3:TrackPointExtension/>
        </extensions>
      </trkpt>
      <trkpt lat="32.07976908423006534576416015625" lon="118.72583770193159580230712890625">
        <ele>7.400000095367431640625</ele>
        <time>2021-11-15T04:16:28.000Z</time>
        <extensions>
          <ns3:TrackPointExtension/>
        </extensions>
      </trkpt>
      <trkpt lat="32.07971946336328983306884765625" lon="118.72583770193159580230712890625">
        <ele>7.400000095367431640625</ele>
        <time>2021-11-15T04:16:29.000Z</time>
        <extensions>
          <ns3:TrackPointExtension/>
        </extensions>
      </trkpt>
      <trkpt lat="32.0796699263155460357666015625" lon="118.72583770193159580230712890625">
        <ele>7.400000095367431640625</ele>
        <time>2021-11-15T04:16:30.000Z</time>
        <extensions>
          <ns3:TrackPointExtension>
            <ns3:hr>130</ns3:hr>
          </ns3:TrackPointExtension>
        </extensions>
      </trkpt>
      <trkpt lat="32.0796203054487705230712890625" lon="118.72583770193159580230712890625">
        <ele>7.400000095367431640625</ele>
        <time>2021-11-15T04:16:31.000Z</time>
        <extensions>
          <ns3:TrackPointExtension/>
        </extensions>
      </trkpt>
      <trkpt lat="32.07957076840102672576904296875" lon="118.72583770193159580230712890625">
        <ele>7.400000095367431640625</ele>
        <time>2021-11-15T04:16:32.000Z</time>
        <extensions>
          <ns3:TrackPointExtension/>
        </extensions>
      </trkpt>
      <trkpt lat="32.07952114753425121307373046875" lon="118.72583770193159580230712890625">
        <ele>7.19999980926513671875</ele>
        <time>2021-11-15T04:16:33.000Z</time>
        <extensions>
          <ns3:TrackPointExtension/>
        </extensions>
      </trkpt>
      <trkpt lat="32.07947152666747570037841796875" lon="118.7258300743997097015380859375">
        <ele>6.80000019073486328125</ele>
        <time>2021-11-15T04:16:35.000Z</time>
        <extensions>
          <ns3:TrackPointExtension>
            <ns3:hr>131</ns3:hr>
          </ns3:TrackPointExtension>
        </extensions>
      </trkpt>
      <trkpt lat="32.07942576147615909576416015625" lon="118.7258300743997097015380859375">
        <ele>6.400000095367431640625</ele>
        <time>2021-11-15T04:16:36.000Z</time>
        <extensions>
          <ns3:TrackPointExtension/>
        </extensions>
      </trkpt>
      <trkpt lat="32.07937999628484249114990234375" lon="118.7258300743997097015380859375">
        <ele>6.19999980926513671875</ele>
        <time>2021-11-15T04:16:37.000Z</time>
        <extensions>
          <ns3:TrackPointExtension/>
        </extensions>
      </trkpt>
      <trkpt lat="32.07933037541806697845458984375" lon="118.7258300743997097015380859375">
        <ele>5.80000019073486328125</ele>
        <time>2021-11-15T04:16:38.000Z</time>
        <extensions>
          <ns3:TrackPointExtension/>
        </extensions>
      </trkpt>
      <trkpt lat="32.07928083837032318115234375" lon="118.7258300743997097015380859375">
        <ele>5.599999904632568359375</ele>
        <time>2021-11-15T04:16:39.000Z</time>
        <extensions>
          <ns3:TrackPointExtension/>
        </extensions>
      </trkpt>
      <trkpt lat="32.0792350731790065765380859375" lon="118.72582244686782360076904296875">
        <ele>5.400000095367431640625</ele>
        <time>2021-11-15T04:16:40.000Z</time>
        <extensions>
          <ns3:TrackPointExtension>
            <ns3:hr>131</ns3:hr>
          </ns3:TrackPointExtension>
        </extensions>
      </trkpt>
      <trkpt lat="32.07919307984411716461181640625" lon="118.7258300743997097015380859375">
        <ele>5.19999980926513671875</ele>
        <time>2021-11-15T04:16:41.000Z</time>
        <extensions>
          <ns3:TrackPointExtension/>
        </extensions>
      </trkpt>
      <trkpt lat="32.07914731465280055999755859375" lon="118.7258300743997097015380859375">
        <ele>5.19999980926513671875</ele>
        <time>2021-11-15T04:16:42.000Z</time>
        <extensions>
          <ns3:TrackPointExtension/>
        </extensions>
      </trkpt>
      <trkpt lat="32.07910154946148395538330078125" lon="118.7258300743997097015380859375">
        <ele>5</ele>
        <time>2021-11-15T04:16:43.000Z</time>
        <extensions>
          <ns3:TrackPointExtension/>
        </extensions>
      </trkpt>
      <trkpt lat="32.07905955612659454345703125" lon="118.7258300743997097015380859375">
        <ele>4.80000019073486328125</ele>
        <time>2021-11-15T04:16:44.000Z</time>
        <extensions>
          <ns3:TrackPointExtension/>
        </extensions>
      </trkpt>
      <trkpt lat="32.07902141846716403961181640625" lon="118.72583770193159580230712890625">
        <ele>4.80000019073486328125</ele>
        <time>2021-11-15T04:16:45.000Z</time>
        <extensions>
          <ns3:TrackPointExtension>
            <ns3:hr>133</ns3:hr>
          </ns3:TrackPointExtension>
        </extensions>
      </trkpt>
      <trkpt lat="32.0789832808077335357666015625" lon="118.725845329463481903076171875">
        <ele>4.80000019073486328125</ele>
        <time>2021-11-15T04:16:46.000Z</time>
        <extensions>
          <ns3:TrackPointExtension/>
        </extensions>
      </trkpt>
      <trkpt lat="32.07894514314830303192138671875" lon="118.72585295699536800384521484375">
        <ele>5</ele>
        <time>2021-11-15T04:16:47.000Z</time>
        <extensions>
          <ns3:TrackPointExtension/>
        </extensions>
      </trkpt>
      <trkpt lat="32.078907005488872528076171875" lon="118.72586821205914020538330078125">
        <ele>5.400000095367431640625</ele>
        <time>2021-11-15T04:16:48.000Z</time>
        <extensions>
          <ns3:TrackPointExtension/>
        </extensions>
      </trkpt>
      <trkpt lat="32.0788726396858692169189453125" lon="118.72587583959102630615234375">
        <ele>5.400000095367431640625</ele>
        <time>2021-11-15T04:16:49.000Z</time>
        <extensions>
          <ns3:TrackPointExtension/>
        </extensions>
      </trkpt>
      <trkpt lat="32.07883827388286590576171875" lon="118.7258910946547985076904296875">
        <ele>5.80000019073486328125</ele>
        <time>2021-11-15T04:16:50.000Z</time>
        <extensions>
          <ns3:TrackPointExtension>
            <ns3:hr>132</ns3:hr>
          </ns3:TrackPointExtension>
        </extensions>
      </trkpt>
      <trkpt lat="32.07880399189889430999755859375" lon="118.72591397725045680999755859375">
        <ele>6</ele>
        <time>2021-11-15T04:16:51.000Z</time>
        <extensions>
          <ns3:TrackPointExtension/>
        </extensions>
      </trkpt>
      <trkpt lat="32.07876962609589099884033203125" lon="118.72592923231422901153564453125">
        <ele>6.19999980926513671875</ele>
        <time>2021-11-15T04:16:52.000Z</time>
        <extensions>
          <ns3:TrackPointExtension/>
        </extensions>
      </trkpt>
      <trkpt lat="32.07873911596834659576416015625" lon="118.72594448737800121307373046875">
        <ele>6.400000095367431640625</ele>
        <time>2021-11-15T04:16:53.000Z</time>
        <extensions>
          <ns3:TrackPointExtension/>
        </extensions>
      </trkpt>
      <trkpt lat="32.078704833984375" lon="118.72595974244177341461181640625">
        <ele>6.599999904632568359375</ele>
        <time>2021-11-15T04:16:54.000Z</time>
        <extensions>
          <ns3:TrackPointExtension/>
        </extensions>
      </trkpt>
      <trkpt lat="32.0786704681813716888427734375" lon="118.72597499750554561614990234375">
        <ele>7</ele>
        <time>2021-11-15T04:16:55.000Z</time>
        <extensions>
          <ns3:TrackPointExtension>
            <ns3:hr>140</ns3:hr>
          </ns3:TrackPointExtension>
        </extensions>
      </trkpt>
      <trkpt lat="32.078636102378368377685546875" lon="118.72599025256931781768798828125">
        <ele>7.19999980926513671875</ele>
        <time>2021-11-15T04:16:56.000Z</time>
        <extensions>
          <ns3:TrackPointExtension/>
        </extensions>
      </trkpt>
      <trkpt lat="32.07860182039439678192138671875" lon="118.72599788010120391845703125">
        <ele>7.400000095367431640625</ele>
        <time>2021-11-15T04:16:57.000Z</time>
        <extensions>
          <ns3:TrackPointExtension/>
        </extensions>
      </trkpt>
      <trkpt lat="32.078563682734966278076171875" lon="118.72600550763309001922607421875">
        <ele>7.599999904632568359375</ele>
        <time>2021-11-15T04:16:58.000Z</time>
        <extensions>
          <ns3:TrackPointExtension/>
        </extensions>
      </trkpt>
      <trkpt lat="32.078525461256504058837890625" lon="118.7260131351649761199951171875">
        <ele>7.80000019073486328125</ele>
        <time>2021-11-15T04:16:59.000Z</time>
        <extensions>
          <ns3:TrackPointExtension/>
        </extensions>
      </trkpt>
      <trkpt lat="32.0784835517406463623046875" lon="118.7260131351649761199951171875">
        <ele>7.80000019073486328125</ele>
        <time>2021-11-15T04:17:00.000Z</time>
        <extensions>
          <ns3:TrackPointExtension>
            <ns3:hr>143</ns3:hr>
          </ns3:TrackPointExtension>
        </extensions>
      </trkpt>
      <trkpt lat="32.07844155840575695037841796875" lon="118.72600550763309001922607421875">
        <ele>7.80000019073486328125</ele>
        <time>2021-11-15T04:17:01.000Z</time>
        <extensions>
          <ns3:TrackPointExtension/>
        </extensions>
      </trkpt>
      <trkpt lat="32.07839964888989925384521484375" lon="118.72599788010120391845703125">
        <ele>7.80000019073486328125</ele>
        <time>2021-11-15T04:17:02.000Z</time>
        <extensions>
          <ns3:TrackPointExtension/>
        </extensions>
      </trkpt>
      <trkpt lat="32.078353799879550933837890625" lon="118.72599025256931781768798828125">
        <ele>7.599999904632568359375</ele>
        <time>2021-11-15T04:17:03.000Z</time>
        <extensions>
          <ns3:TrackPointExtension/>
        </extensions>
      </trkpt>
      <trkpt lat="32.0783080346882343292236328125" lon="118.7259826250374317169189453125">
        <ele>7.599999904632568359375</ele>
        <time>2021-11-15T04:17:04.000Z</time>
        <extensions>
          <ns3:TrackPointExtension/>
        </extensions>
      </trkpt>
      <trkpt lat="32.0782661251723766326904296875" lon="118.725967369973659515380859375">
        <ele>7.400000095367431640625</ele>
        <time>2021-11-15T04:17:05.000Z</time>
        <extensions>
          <ns3:TrackPointExtension>
            <ns3:hr>144</ns3:hr>
          </ns3:TrackPointExtension>
        </extensions>
      </trkpt>
      <trkpt lat="32.078220359981060028076171875" lon="118.72595974244177341461181640625">
        <ele>7.19999980926513671875</ele>
        <time>2021-11-15T04:17:06.000Z</time>
        <extensions>
          <ns3:TrackPointExtension/>
        </extensions>
      </trkpt>
      <trkpt lat="32.07817451097071170806884765625" lon="118.72594448737800121307373046875">
        <ele>7.400000095367431640625</ele>
        <time>2021-11-15T04:17:07.000Z</time>
        <extensions>
          <ns3:TrackPointExtension/>
        </extensions>
      </trkpt>
      <trkpt lat="32.07812874577939510345458984375" lon="118.7259368598461151123046875">
        <ele>7.80000019073486328125</ele>
        <time>2021-11-15T04:17:08.000Z</time>
        <extensions>
          <ns3:TrackPointExtension/>
        </extensions>
      </trkpt>
      <trkpt lat="32.07808298058807849884033203125" lon="118.72592923231422901153564453125">
        <ele>8</ele>
        <time>2021-11-15T04:17:09.000Z</time>
        <extensions>
          <ns3:TrackPointExtension/>
        </extensions>
      </trkpt>
      <trkpt lat="32.07803721539676189422607421875" lon="118.72592923231422901153564453125">
        <ele>8.3999996185302734375</ele>
        <time>2021-11-15T04:17:10.000Z</time>
        <extensions>
          <ns3:TrackPointExtension>
            <ns3:hr>145</ns3:hr>
          </ns3:TrackPointExtension>
        </extensions>
      </trkpt>
      <trkpt lat="32.0779952220618724822998046875" lon="118.72592923231422901153564453125">
        <ele>8.80000019073486328125</ele>
        <time>2021-11-15T04:17:11.000Z</time>
        <extensions>
          <ns3:TrackPointExtension/>
        </extensions>
      </trkpt>
      <trkpt lat="32.077949456870555877685546875" lon="118.72592923231422901153564453125">
        <ele>8.80000019073486328125</ele>
        <time>2021-11-15T04:17:12.000Z</time>
        <extensions>
          <ns3:TrackPointExtension/>
        </extensions>
      </trkpt>
      <trkpt lat="32.07790754735469818115234375" lon="118.72592923231422901153564453125">
        <ele>8.80000019073486328125</ele>
        <time>2021-11-15T04:17:13.000Z</time>
        <extensions>
          <ns3:TrackPointExtension/>
        </extensions>
      </trkpt>
      <trkpt lat="32.07786555401980876922607421875" lon="118.7259368598461151123046875">
        <ele>8.80000019073486328125</ele>
        <time>2021-11-15T04:17:14.000Z</time>
        <extensions>
          <ns3:TrackPointExtension/>
        </extensions>
      </trkpt>
      <trkpt lat="32.0778235606849193572998046875" lon="118.72594448737800121307373046875">
        <ele>8.80000019073486328125</ele>
        <time>2021-11-15T04:17:15.000Z</time>
        <extensions>
          <ns3:TrackPointExtension>
            <ns3:hr>144</ns3:hr>
          </ns3:TrackPointExtension>
        </extensions>
      </trkpt>
      <trkpt lat="32.0777816511690616607666015625" lon="118.72595974244177341461181640625">
        <ele>8.80000019073486328125</ele>
        <time>2021-11-15T04:17:16.000Z</time>
        <extensions>
          <ns3:TrackPointExtension/>
        </extensions>
      </trkpt>
      <trkpt lat="32.07773965783417224884033203125" lon="118.72597499750554561614990234375">
        <ele>8.80000019073486328125</ele>
        <time>2021-11-15T04:17:17.000Z</time>
        <extensions>
          <ns3:TrackPointExtension/>
        </extensions>
      </trkpt>
      <trkpt lat="32.07769389264285564422607421875" lon="118.7259826250374317169189453125">
        <ele>8.3999996185302734375</ele>
        <time>2021-11-15T04:17:18.000Z</time>
        <extensions>
          <ns3:TrackPointExtension/>
        </extensions>
      </trkpt>
      <trkpt lat="32.077655754983425140380859375" lon="118.72600550763309001922607421875">
        <ele>8.19999980926513671875</ele>
        <time>2021-11-15T04:17:19.000Z</time>
        <extensions>
          <ns3:TrackPointExtension/>
        </extensions>
      </trkpt>
      <trkpt lat="32.07761761732399463653564453125" lon="118.72602076269686222076416015625">
        <ele>8</ele>
        <time>2021-11-15T04:17:20.000Z</time>
        <extensions>
          <ns3:TrackPointExtension>
            <ns3:hr>148</ns3:hr>
          </ns3:TrackPointExtension>
        </extensions>
      </trkpt>
      <trkpt lat="32.0775794796645641326904296875" lon="118.72603601776063442230224609375">
        <ele>7.80000019073486328125</ele>
        <time>2021-11-15T04:17:21.000Z</time>
        <extensions>
          <ns3:TrackPointExtension/>
        </extensions>
      </trkpt>
      <trkpt lat="32.07753748632967472076416015625" lon="118.726058900356292724609375">
        <ele>7.400000095367431640625</ele>
        <time>2021-11-15T04:17:22.000Z</time>
        <extensions>
          <ns3:TrackPointExtension/>
        </extensions>
      </trkpt>
      <trkpt lat="32.0774993486702442169189453125" lon="118.7260741554200649261474609375">
        <ele>7.80000019073486328125</ele>
        <time>2021-11-15T04:17:23.000Z</time>
        <extensions>
          <ns3:TrackPointExtension/>
        </extensions>
      </trkpt>
      <trkpt lat="32.07745735533535480499267578125" lon="118.726089410483837127685546875">
        <ele>8.19999980926513671875</ele>
        <time>2021-11-15T04:17:24.000Z</time>
        <extensions>
          <ns3:TrackPointExtension/>
        </extensions>
      </trkpt>
      <trkpt lat="32.07741544581949710845947265625" lon="118.7261046655476093292236328125">
        <ele>8.6000003814697265625</ele>
        <time>2021-11-15T04:17:25.000Z</time>
        <extensions>
          <ns3:TrackPointExtension>
            <ns3:hr>151</ns3:hr>
          </ns3:TrackPointExtension>
        </extensions>
      </trkpt>
      <trkpt lat="32.077373452484607696533203125" lon="118.72611229307949542999267578125">
        <ele>8.80000019073486328125</ele>
        <time>2021-11-15T04:17:26.000Z</time>
        <extensions>
          <ns3:TrackPointExtension/>
        </extensions>
      </trkpt>
      <trkpt lat="32.07733154296875" lon="118.72611992061138153076171875">
        <ele>9</ele>
        <time>2021-11-15T04:17:27.000Z</time>
        <extensions>
          <ns3:TrackPointExtension/>
        </extensions>
      </trkpt>
      <trkpt lat="32.07728569395840167999267578125" lon="118.72612754814326763153076171875">
        <ele>9</ele>
        <time>2021-11-15T04:17:28.000Z</time>
        <extensions>
          <ns3:TrackPointExtension/>
        </extensions>
      </trkpt>
      <trkpt lat="32.07723992876708507537841796875" lon="118.7261351756751537322998046875">
        <ele>9</ele>
        <time>2021-11-15T04:17:29.000Z</time>
        <extensions>
          <ns3:TrackPointExtension/>
        </extensions>
      </trkpt>
      <trkpt lat="32.077190391719341278076171875" lon="118.7261351756751537322998046875">
        <ele>9</ele>
        <time>2021-11-15T04:17:30.000Z</time>
        <extensions>
          <ns3:TrackPointExtension>
            <ns3:hr>149</ns3:hr>
          </ns3:TrackPointExtension>
        </extensions>
      </trkpt>
      <trkpt lat="32.07714454270899295806884765625" lon="118.72612754814326763153076171875">
        <ele>9</ele>
        <time>2021-11-15T04:17:31.000Z</time>
        <extensions>
          <ns3:TrackPointExtension/>
        </extensions>
      </trkpt>
      <trkpt lat="32.0770950056612491607666015625" lon="118.72611992061138153076171875">
        <ele>9</ele>
        <time>2021-11-15T04:17:32.000Z</time>
        <extensions>
          <ns3:TrackPointExtension/>
        </extensions>
      </trkpt>
      <trkpt lat="32.0770453847944736480712890625" lon="118.7261046655476093292236328125">
        <ele>9</ele>
        <time>2021-11-15T04:17:33.000Z</time>
        <extensions>
          <ns3:TrackPointExtension/>
        </extensions>
      </trkpt>
      <trkpt lat="32.07699961960315704345703125" lon="118.72608178295195102691650390625">
        <ele>9</ele>
        <time>2021-11-15T04:17:34.000Z</time>
        <extensions>
          <ns3:TrackPointExtension/>
        </extensions>
      </trkpt>
      <trkpt lat="32.0769538544118404388427734375" lon="118.72605127282440662384033203125">
        <ele>9.19999980926513671875</ele>
        <time>2021-11-15T04:17:35.000Z</time>
        <extensions>
          <ns3:TrackPointExtension>
            <ns3:hr>142</ns3:hr>
          </ns3:TrackPointExtension>
        </extensions>
      </trkpt>
      <trkpt lat="32.076908089220523834228515625" lon="118.72602076269686222076416015625">
        <ele>9.19999980926513671875</ele>
        <time>2021-11-15T04:17:36.000Z</time>
        <extensions>
          <ns3:TrackPointExtension/>
        </extensions>
      </trkpt>
      <trkpt lat="32.07686609588563442230224609375" lon="118.7259826250374317169189453125">
        <ele>9.19999980926513671875</ele>
        <time>2021-11-15T04:17:37.000Z</time>
        <extensions>
          <ns3:TrackPointExtension/>
        </extensions>
      </trkpt>
      <trkpt lat="32.07682795822620391845703125" lon="118.72594448737800121307373046875">
        <ele>9.19999980926513671875</ele>
        <time>2021-11-15T04:17:38.000Z</time>
        <extensions>
          <ns3:TrackPointExtension/>
        </extensions>
      </trkpt>
      <trkpt lat="32.07678982056677341461181640625" lon="118.72589872218668460845947265625">
        <ele>9</ele>
        <time>2021-11-15T04:17:39.000Z</time>
        <extensions>
          <ns3:TrackPointExtension/>
        </extensions>
      </trkpt>
      <trkpt lat="32.0767516829073429107666015625" lon="118.72585295699536800384521484375">
        <ele>9</ele>
        <time>2021-11-15T04:17:40.000Z</time>
        <extensions>
          <ns3:TrackPointExtension>
            <ns3:hr>133</ns3:hr>
          </ns3:TrackPointExtension>
        </extensions>
      </trkpt>
      <trkpt lat="32.076717317104339599609375" lon="118.725807107985019683837890625">
        <ele>9</ele>
        <time>2021-11-15T04:17:41.000Z</time>
        <extensions>
          <ns3:TrackPointExtension/>
        </extensions>
      </trkpt>
      <trkpt lat="32.076675407588481903076171875" lon="118.72576897032558917999267578125">
        <ele>9</ele>
        <time>2021-11-15T04:17:42.000Z</time>
        <extensions>
          <ns3:TrackPointExtension/>
        </extensions>
      </trkpt>
      <trkpt lat="32.076637186110019683837890625" lon="118.72572320513427257537841796875">
        <ele>9</ele>
        <time>2021-11-15T04:17:43.000Z</time>
        <extensions>
          <ns3:TrackPointExtension/>
        </extensions>
      </trkpt>
      <trkpt lat="32.0765952765941619873046875" lon="118.72569269500672817230224609375">
        <ele>9</ele>
        <time>2021-11-15T04:17:44.000Z</time>
        <extensions>
          <ns3:TrackPointExtension/>
        </extensions>
      </trkpt>
      <trkpt lat="32.0765495114028453826904296875" lon="118.72566218487918376922607421875">
        <ele>9</ele>
        <time>2021-11-15T04:17:45.000Z</time>
        <extensions>
          <ns3:TrackPointExtension>
            <ns3:hr>132</ns3:hr>
          </ns3:TrackPointExtension>
        </extensions>
      </trkpt>
      <trkpt lat="32.0764998905360698699951171875" lon="118.72563167475163936614990234375">
        <ele>8.80000019073486328125</ele>
        <time>2021-11-15T04:17:46.000Z</time>
        <extensions>
          <ns3:TrackPointExtension/>
        </extensions>
      </trkpt>
      <trkpt lat="32.07644649781286716461181640625" lon="118.72561641968786716461181640625">
        <ele>8.6000003814697265625</ele>
        <time>2021-11-15T04:17:47.000Z</time>
        <extensions>
          <ns3:TrackPointExtension/>
        </extensions>
      </trkpt>
      <trkpt lat="32.07639687694609165191650390625" lon="118.7255935370922088623046875">
        <ele>8.19999980926513671875</ele>
        <time>2021-11-15T04:17:48.000Z</time>
        <extensions>
          <ns3:TrackPointExtension/>
        </extensions>
      </trkpt>
      <trkpt lat="32.076343484222888946533203125" lon="118.72558590956032276153564453125">
        <ele>8</ele>
        <time>2021-11-15T04:17:49.000Z</time>
        <extensions>
          <ns3:TrackPointExtension/>
        </extensions>
      </trkpt>
      <trkpt lat="32.07628623582422733306884765625" lon="118.72557065449655055999755859375">
        <ele>7.80000019073486328125</ele>
        <time>2021-11-15T04:17:50.000Z</time>
        <extensions>
          <ns3:TrackPointExtension>
            <ns3:hr>126</ns3:hr>
          </ns3:TrackPointExtension>
        </extensions>
      </trkpt>
      <trkpt lat="32.07622521556913852691650390625" lon="118.72557065449655055999755859375">
        <ele>7.400000095367431640625</ele>
        <time>2021-11-15T04:17:51.000Z</time>
        <extensions>
          <ns3:TrackPointExtension/>
        </extensions>
      </trkpt>
      <trkpt lat="32.07616419531404972076416015625" lon="118.725563026964664459228515625">
        <ele>6.80000019073486328125</ele>
        <time>2021-11-15T04:17:52.000Z</time>
        <extensions>
          <ns3:TrackPointExtension/>
        </extensions>
      </trkpt>
      <trkpt lat="32.0761069469153881072998046875" lon="118.725563026964664459228515625">
        <ele>6.19999980926513671875</ele>
        <time>2021-11-15T04:17:53.000Z</time>
        <extensions>
          <ns3:TrackPointExtension/>
        </extensions>
      </trkpt>
      <trkpt lat="32.07604215480387210845947265625" lon="118.725563026964664459228515625">
        <ele>5.599999904632568359375</ele>
        <time>2021-11-15T04:17:54.000Z</time>
        <extensions>
          <ns3:TrackPointExtension/>
        </extensions>
      </trkpt>
      <trkpt lat="32.07598113454878330230712890625" lon="118.725563026964664459228515625">
        <ele>5</ele>
        <time>2021-11-15T04:17:55.000Z</time>
        <extensions>
          <ns3:TrackPointExtension>
            <ns3:hr>125</ns3:hr>
          </ns3:TrackPointExtension>
        </extensions>
      </trkpt>
      <trkpt lat="32.07592003047466278076171875" lon="118.72555539943277835845947265625">
        <ele>5</ele>
        <time>2021-11-15T04:17:56.000Z</time>
        <extensions>
          <ns3:TrackPointExtension/>
        </extensions>
      </trkpt>
      <trkpt lat="32.075859010219573974609375" lon="118.72555539943277835845947265625">
        <ele>5</ele>
        <time>2021-11-15T04:17:57.000Z</time>
        <extensions>
          <ns3:TrackPointExtension/>
        </extensions>
      </trkpt>
      <trkpt lat="32.07579421810805797576904296875" lon="118.72555539943277835845947265625">
        <ele>5</ele>
        <time>2021-11-15T04:17:58.000Z</time>
        <extensions>
          <ns3:TrackPointExtension/>
        </extensions>
      </trkpt>
      <trkpt lat="32.07572934217751026153564453125" lon="118.7255477719008922576904296875">
        <ele>5</ele>
        <time>2021-11-15T04:17:59.000Z</time>
        <extensions>
          <ns3:TrackPointExtension/>
        </extensions>
      </trkpt>
      <trkpt lat="32.07566446624696254730224609375" lon="118.7255477719008922576904296875">
        <ele>5.19999980926513671875</ele>
        <time>2021-11-15T04:18:00.000Z</time>
        <extensions>
          <ns3:TrackPointExtension>
            <ns3:hr>127</ns3:hr>
          </ns3:TrackPointExtension>
        </extensions>
      </trkpt>
      <trkpt lat="32.07559959031641483306884765625" lon="118.72554014436900615692138671875">
        <ele>5.19999980926513671875</ele>
        <time>2021-11-15T04:18:01.000Z</time>
        <extensions>
          <ns3:TrackPointExtension/>
        </extensions>
      </trkpt>
      <trkpt lat="32.07553857006132602691650390625" lon="118.72553251683712005615234375">
        <ele>5.400000095367431640625</ele>
        <time>2021-11-15T04:18:02.000Z</time>
        <extensions>
          <ns3:TrackPointExtension/>
        </extensions>
      </trkpt>
      <trkpt lat="32.075473777949810028076171875" lon="118.7255172617733478546142578125">
        <ele>5.400000095367431640625</ele>
        <time>2021-11-15T04:18:03.000Z</time>
        <extensions>
          <ns3:TrackPointExtension/>
        </extensions>
      </trkpt>
      <trkpt lat="32.07541267387568950653076171875" lon="118.72550963424146175384521484375">
        <ele>5.400000095367431640625</ele>
        <time>2021-11-15T04:18:04.000Z</time>
        <extensions>
          <ns3:TrackPointExtension/>
        </extensions>
      </trkpt>
      <trkpt lat="32.07535165362060070037841796875" lon="118.72550963424146175384521484375">
        <ele>5.80000019073486328125</ele>
        <time>2021-11-15T04:18:05.000Z</time>
        <extensions>
          <ns3:TrackPointExtension>
            <ns3:hr>130</ns3:hr>
          </ns3:TrackPointExtension>
        </extensions>
      </trkpt>
      <trkpt lat="32.07529448904097080230712890625" lon="118.725502006709575653076171875">
        <ele>6</ele>
        <time>2021-11-15T04:18:06.000Z</time>
        <extensions>
          <ns3:TrackPointExtension/>
        </extensions>
      </trkpt>
      <trkpt lat="32.0752372406423091888427734375" lon="118.72549437917768955230712890625">
        <ele>6.400000095367431640625</ele>
        <time>2021-11-15T04:18:07.000Z</time>
        <extensions>
          <ns3:TrackPointExtension/>
        </extensions>
      </trkpt>
      <trkpt lat="32.07517999224364757537841796875" lon="118.7254867516458034515380859375">
        <ele>6.80000019073486328125</ele>
        <time>2021-11-15T04:18:08.000Z</time>
        <extensions>
          <ns3:TrackPointExtension/>
        </extensions>
      </trkpt>
      <trkpt lat="32.07512282766401767730712890625" lon="118.72547912411391735076904296875">
        <ele>7.400000095367431640625</ele>
        <time>2021-11-15T04:18:09.000Z</time>
        <extensions>
          <ns3:TrackPointExtension/>
        </extensions>
      </trkpt>
      <trkpt lat="32.0750655792653560638427734375" lon="118.72547912411391735076904296875">
        <ele>8</ele>
        <time>2021-11-15T04:18:10.000Z</time>
        <extensions>
          <ns3:TrackPointExtension>
            <ns3:hr>130</ns3:hr>
          </ns3:TrackPointExtension>
        </extensions>
      </trkpt>
      <trkpt lat="32.07500833086669445037841796875" lon="118.72547149658203125">
        <ele>8.6000003814697265625</ele>
        <time>2021-11-15T04:18:11.000Z</time>
        <extensions>
          <ns3:TrackPointExtension/>
        </extensions>
      </trkpt>
      <trkpt lat="32.07495116628706455230712890625" lon="118.72547149658203125">
        <ele>9.19999980926513671875</ele>
        <time>2021-11-15T04:18:12.000Z</time>
        <extensions>
          <ns3:TrackPointExtension/>
        </extensions>
      </trkpt>
      <trkpt lat="32.0748939178884029388427734375" lon="118.72547149658203125">
        <ele>9.80000019073486328125</ele>
        <time>2021-11-15T04:18:13.000Z</time>
        <extensions>
          <ns3:TrackPointExtension/>
        </extensions>
      </trkpt>
      <trkpt lat="32.07484052516520023345947265625" lon="118.72547149658203125">
        <ele>10</ele>
        <time>2021-11-15T04:18:14.000Z</time>
        <extensions>
          <ns3:TrackPointExtension/>
        </extensions>
      </trkpt>
      <trkpt lat="32.07477950491011142730712890625" lon="118.72547149658203125">
        <ele>10</ele>
        <time>2021-11-15T04:18:15.000Z</time>
        <extensions>
          <ns3:TrackPointExtension>
            <ns3:hr>128</ns3:hr>
          </ns3:TrackPointExtension>
        </extensions>
      </trkpt>
      <trkpt lat="32.0747222565114498138427734375" lon="118.72547149658203125">
        <ele>10</ele>
        <time>2021-11-15T04:18:16.000Z</time>
        <extensions>
          <ns3:TrackPointExtension/>
        </extensions>
      </trkpt>
      <trkpt lat="32.0746612362563610076904296875" lon="118.72547149658203125">
        <ele>10.6000003814697265625</ele>
        <time>2021-11-15T04:18:17.000Z</time>
        <extensions>
          <ns3:TrackPointExtension/>
        </extensions>
      </trkpt>
      <trkpt lat="32.0746002160012722015380859375" lon="118.72547149658203125">
        <ele>11</ele>
        <time>2021-11-15T04:18:18.000Z</time>
        <extensions>
          <ns3:TrackPointExtension/>
        </extensions>
      </trkpt>
      <trkpt lat="32.07453911192715167999267578125" lon="118.72547149658203125">
        <ele>10.80000019073486328125</ele>
        <time>2021-11-15T04:18:19.000Z</time>
        <extensions>
          <ns3:TrackPointExtension/>
        </extensions>
      </trkpt>
      <trkpt lat="32.07448194734752178192138671875" lon="118.72547149658203125">
        <ele>10.6000003814697265625</ele>
        <time>2021-11-15T04:18:20.000Z</time>
        <extensions>
          <ns3:TrackPointExtension>
            <ns3:hr>132</ns3:hr>
          </ns3:TrackPointExtension>
        </extensions>
      </trkpt>
      <trkpt lat="32.07442092709243297576904296875" lon="118.72547149658203125">
        <ele>10.19999980926513671875</ele>
        <time>2021-11-15T04:18:21.000Z</time>
        <extensions>
          <ns3:TrackPointExtension/>
        </extensions>
      </trkpt>
      <trkpt lat="32.0743598230183124542236328125" lon="118.72547149658203125">
        <ele>10</ele>
        <time>2021-11-15T04:18:22.000Z</time>
        <extensions>
          <ns3:TrackPointExtension/>
        </extensions>
      </trkpt>
      <trkpt lat="32.07430265843868255615234375" lon="118.72547149658203125">
        <ele>9.80000019073486328125</ele>
        <time>2021-11-15T04:18:23.000Z</time>
        <extensions>
          <ns3:TrackPointExtension/>
        </extensions>
      </trkpt>
      <trkpt lat="32.07424163818359375" lon="118.72547149658203125">
        <ele>9.3999996185302734375</ele>
        <time>2021-11-15T04:18:24.000Z</time>
        <extensions>
          <ns3:TrackPointExtension/>
        </extensions>
      </trkpt>
      <trkpt lat="32.07418438978493213653564453125" lon="118.72547149658203125">
        <ele>9</ele>
        <time>2021-11-15T04:18:25.000Z</time>
        <extensions>
          <ns3:TrackPointExtension>
            <ns3:hr>130</ns3:hr>
          </ns3:TrackPointExtension>
        </extensions>
      </trkpt>
      <trkpt lat="32.0741271413862705230712890625" lon="118.72547149658203125">
        <ele>8.6000003814697265625</ele>
        <time>2021-11-15T04:18:26.000Z</time>
        <extensions>
          <ns3:TrackPointExtension/>
        </extensions>
      </trkpt>
      <trkpt lat="32.074069976806640625" lon="118.72547149658203125">
        <ele>8.3999996185302734375</ele>
        <time>2021-11-15T04:18:27.000Z</time>
        <extensions>
          <ns3:TrackPointExtension/>
        </extensions>
      </trkpt>
      <trkpt lat="32.07401272840797901153564453125" lon="118.72547149658203125">
        <ele>8.19999980926513671875</ele>
        <time>2021-11-15T04:18:28.000Z</time>
        <extensions>
          <ns3:TrackPointExtension/>
        </extensions>
      </trkpt>
      <trkpt lat="32.07395933568477630615234375" lon="118.72547149658203125">
        <ele>8</ele>
        <time>2021-11-15T04:18:29.000Z</time>
        <extensions>
          <ns3:TrackPointExtension/>
        </extensions>
      </trkpt>
      <trkpt lat="32.07390594296157360076904296875" lon="118.72547149658203125">
        <ele>8</ele>
        <time>2021-11-15T04:18:30.000Z</time>
        <extensions>
          <ns3:TrackPointExtension>
            <ns3:hr>128</ns3:hr>
          </ns3:TrackPointExtension>
        </extensions>
      </trkpt>
      <trkpt lat="32.07385246641933917999267578125" lon="118.72547149658203125">
        <ele>7.80000019073486328125</ele>
        <time>2021-11-15T04:18:31.000Z</time>
        <extensions>
          <ns3:TrackPointExtension/>
        </extensions>
      </trkpt>
      <trkpt lat="32.073799073696136474609375" lon="118.72547149658203125">
        <ele>7.599999904632568359375</ele>
        <time>2021-11-15T04:18:32.000Z</time>
        <extensions>
          <ns3:TrackPointExtension/>
        </extensions>
      </trkpt>
      <trkpt lat="32.0737419091165065765380859375" lon="118.725463785231113433837890625">
        <ele>7.400000095367431640625</ele>
        <time>2021-11-15T04:18:33.000Z</time>
        <extensions>
          <ns3:TrackPointExtension/>
        </extensions>
      </trkpt>
      <trkpt lat="32.07368843257427215576171875" lon="118.725463785231113433837890625">
        <ele>7.599999904632568359375</ele>
        <time>2021-11-15T04:18:34.000Z</time>
        <extensions>
          <ns3:TrackPointExtension/>
        </extensions>
      </trkpt>
      <trkpt lat="32.0736312679946422576904296875" lon="118.725463785231113433837890625">
        <ele>7.80000019073486328125</ele>
        <time>2021-11-15T04:18:35.000Z</time>
        <extensions>
          <ns3:TrackPointExtension>
            <ns3:hr>126</ns3:hr>
          </ns3:TrackPointExtension>
        </extensions>
      </trkpt>
      <trkpt lat="32.07357787527143955230712890625" lon="118.725463785231113433837890625">
        <ele>7.80000019073486328125</ele>
        <time>2021-11-15T04:18:36.000Z</time>
        <extensions>
          <ns3:TrackPointExtension/>
        </extensions>
      </trkpt>
      <trkpt lat="32.0735206268727779388427734375" lon="118.725463785231113433837890625">
        <ele>7.80000019073486328125</ele>
        <time>2021-11-15T04:18:37.000Z</time>
        <extensions>
          <ns3:TrackPointExtension/>
        </extensions>
      </trkpt>
      <trkpt lat="32.07346337847411632537841796875" lon="118.725463785231113433837890625">
        <ele>7.80000019073486328125</ele>
        <time>2021-11-15T04:18:38.000Z</time>
        <extensions>
          <ns3:TrackPointExtension/>
        </extensions>
      </trkpt>
      <trkpt lat="32.07340621389448642730712890625" lon="118.725463785231113433837890625">
        <ele>7.80000019073486328125</ele>
        <time>2021-11-15T04:18:39.000Z</time>
        <extensions>
          <ns3:TrackPointExtension/>
        </extensions>
      </trkpt>
      <trkpt lat="32.07334510982036590576171875" lon="118.725463785231113433837890625">
        <ele>7.80000019073486328125</ele>
        <time>2021-11-15T04:18:41.000Z</time>
        <extensions>
          <ns3:TrackPointExtension/>
        </extensions>
      </trkpt>
      <trkpt lat="32.0732879452407360076904296875" lon="118.725463785231113433837890625">
        <ele>8</ele>
        <time>2021-11-15T04:18:42.000Z</time>
        <extensions>
          <ns3:TrackPointExtension/>
        </extensions>
      </trkpt>
      <trkpt lat="32.07323069684207439422607421875" lon="118.725463785231113433837890625">
        <ele>8.19999980926513671875</ele>
        <time>2021-11-15T04:18:43.000Z</time>
        <extensions>
          <ns3:TrackPointExtension/>
        </extensions>
      </trkpt>
      <trkpt lat="32.07317344844341278076171875" lon="118.725463785231113433837890625">
        <ele>8.3999996185302734375</ele>
        <time>2021-11-15T04:18:44.000Z</time>
        <extensions>
          <ns3:TrackPointExtension/>
        </extensions>
      </trkpt>
      <trkpt lat="32.0731162838637828826904296875" lon="118.725463785231113433837890625">
        <ele>8.3999996185302734375</ele>
        <time>2021-11-15T04:18:45.000Z</time>
        <extensions>
          <ns3:TrackPointExtension>
            <ns3:hr>128</ns3:hr>
          </ns3:TrackPointExtension>
        </extensions>
      </trkpt>
      <trkpt lat="32.07305903546512126922607421875" lon="118.72545615769922733306884765625">
        <ele>8.19999980926513671875</ele>
        <time>2021-11-15T04:18:46.000Z</time>
        <extensions>
          <ns3:TrackPointExtension/>
        </extensions>
      </trkpt>
      <trkpt lat="32.07300178706645965576171875" lon="118.72545615769922733306884765625">
        <ele>8</ele>
        <time>2021-11-15T04:18:47.000Z</time>
        <extensions>
          <ns3:TrackPointExtension/>
        </extensions>
      </trkpt>
      <trkpt lat="32.07294839434325695037841796875" lon="118.7254485301673412322998046875">
        <ele>7.80000019073486328125</ele>
        <time>2021-11-15T04:18:48.000Z</time>
        <extensions>
          <ns3:TrackPointExtension/>
        </extensions>
      </trkpt>
      <trkpt lat="32.0728950016200542449951171875" lon="118.72544090263545513153076171875">
        <ele>7.80000019073486328125</ele>
        <time>2021-11-15T04:18:49.000Z</time>
        <extensions>
          <ns3:TrackPointExtension/>
        </extensions>
      </trkpt>
      <trkpt lat="32.07284160889685153961181640625" lon="118.72543327510356903076171875">
        <ele>7.599999904632568359375</ele>
        <time>2021-11-15T04:18:50.000Z</time>
        <extensions>
          <ns3:TrackPointExtension>
            <ns3:hr>132</ns3:hr>
          </ns3:TrackPointExtension>
        </extensions>
      </trkpt>
      <trkpt lat="32.0727843604981899261474609375" lon="118.72542564757168292999267578125">
        <ele>7.599999904632568359375</ele>
        <time>2021-11-15T04:18:51.000Z</time>
        <extensions>
          <ns3:TrackPointExtension/>
        </extensions>
      </trkpt>
      <trkpt lat="32.07273096777498722076416015625" lon="118.72541039250791072845458984375">
        <ele>7.599999904632568359375</ele>
        <time>2021-11-15T04:18:52.000Z</time>
        <extensions>
          <ns3:TrackPointExtension/>
        </extensions>
      </trkpt>
      <trkpt lat="32.0726737193763256072998046875" lon="118.725402764976024627685546875">
        <ele>7.400000095367431640625</ele>
        <time>2021-11-15T04:18:53.000Z</time>
        <extensions>
          <ns3:TrackPointExtension/>
        </extensions>
      </trkpt>
      <trkpt lat="32.072616554796695709228515625" lon="118.7253875099122524261474609375">
        <ele>7.400000095367431640625</ele>
        <time>2021-11-15T04:18:54.000Z</time>
        <extensions>
          <ns3:TrackPointExtension/>
        </extensions>
      </trkpt>
      <trkpt lat="32.07255930639803409576416015625" lon="118.725372254848480224609375">
        <ele>7.599999904632568359375</ele>
        <time>2021-11-15T04:18:55.000Z</time>
        <extensions>
          <ns3:TrackPointExtension>
            <ns3:hr>127</ns3:hr>
          </ns3:TrackPointExtension>
        </extensions>
      </trkpt>
      <trkpt lat="32.0725020579993724822998046875" lon="118.7253569997847080230712890625">
        <ele>7.599999904632568359375</ele>
        <time>2021-11-15T04:18:56.000Z</time>
        <extensions>
          <ns3:TrackPointExtension/>
        </extensions>
      </trkpt>
      <trkpt lat="32.072444893419742584228515625" lon="118.725341744720935821533203125">
        <ele>7.80000019073486328125</ele>
        <time>2021-11-15T04:18:57.000Z</time>
        <extensions>
          <ns3:TrackPointExtension/>
        </extensions>
      </trkpt>
      <trkpt lat="32.07238764502108097076416015625" lon="118.72533411718904972076416015625">
        <ele>8</ele>
        <time>2021-11-15T04:18:58.000Z</time>
        <extensions>
          <ns3:TrackPointExtension/>
        </extensions>
      </trkpt>
      <trkpt lat="32.0723303966224193572998046875" lon="118.72531886212527751922607421875">
        <ele>7.599999904632568359375</ele>
        <time>2021-11-15T04:18:59.000Z</time>
        <extensions>
          <ns3:TrackPointExtension/>
        </extensions>
      </trkpt>
      <trkpt lat="32.07227700389921665191650390625" lon="118.72530360706150531768798828125">
        <ele>7.19999980926513671875</ele>
        <time>2021-11-15T04:19:00.000Z</time>
        <extensions>
          <ns3:TrackPointExtension>
            <ns3:hr>130</ns3:hr>
          </ns3:TrackPointExtension>
        </extensions>
      </trkpt>
      <trkpt lat="32.07221983931958675384521484375" lon="118.7252959795296192169189453125">
        <ele>7</ele>
        <time>2021-11-15T04:19:01.000Z</time>
        <extensions>
          <ns3:TrackPointExtension/>
        </extensions>
      </trkpt>
      <trkpt lat="32.07216636277735233306884765625" lon="118.72528835199773311614990234375">
        <ele>6.599999904632568359375</ele>
        <time>2021-11-15T04:19:02.000Z</time>
        <extensions>
          <ns3:TrackPointExtension/>
        </extensions>
      </trkpt>
      <trkpt lat="32.07210919819772243499755859375" lon="118.72527309693396091461181640625">
        <ele>6.19999980926513671875</ele>
        <time>2021-11-15T04:19:03.000Z</time>
        <extensions>
          <ns3:TrackPointExtension/>
        </extensions>
      </trkpt>
      <trkpt lat="32.0720558054745197296142578125" lon="118.7252654694020748138427734375">
        <ele>6</ele>
        <time>2021-11-15T04:19:04.000Z</time>
        <extensions>
          <ns3:TrackPointExtension/>
        </extensions>
      </trkpt>
      <trkpt lat="32.07199855707585811614990234375" lon="118.72525784187018871307373046875">
        <ele>5.80000019073486328125</ele>
        <time>2021-11-15T04:19:05.000Z</time>
        <extensions>
          <ns3:TrackPointExtension>
            <ns3:hr>132</ns3:hr>
          </ns3:TrackPointExtension>
        </extensions>
      </trkpt>
      <trkpt lat="32.071941308677196502685546875" lon="118.7252502143383026123046875">
        <ele>5.400000095367431640625</ele>
        <time>2021-11-15T04:19:06.000Z</time>
        <extensions>
          <ns3:TrackPointExtension/>
        </extensions>
      </trkpt>
      <trkpt lat="32.07188791595399379730224609375" lon="118.72524258680641651153564453125">
        <ele>5.19999980926513671875</ele>
        <time>2021-11-15T04:19:07.000Z</time>
        <extensions>
          <ns3:TrackPointExtension/>
        </extensions>
      </trkpt>
      <trkpt lat="32.071830667555332183837890625" lon="118.7252349592745304107666015625">
        <ele>4.80000019073486328125</ele>
        <time>2021-11-15T04:19:08.000Z</time>
        <extensions>
          <ns3:TrackPointExtension/>
        </extensions>
      </trkpt>
      <trkpt lat="32.0717735029757022857666015625" lon="118.7252349592745304107666015625">
        <ele>4.599999904632568359375</ele>
        <time>2021-11-15T04:19:09.000Z</time>
        <extensions>
          <ns3:TrackPointExtension/>
        </extensions>
      </trkpt>
      <trkpt lat="32.0717124827206134796142578125" lon="118.72522733174264430999755859375">
        <ele>4.400000095367431640625</ele>
        <time>2021-11-15T04:19:10.000Z</time>
        <extensions>
          <ns3:TrackPointExtension>
            <ns3:hr>128</ns3:hr>
          </ns3:TrackPointExtension>
        </extensions>
      </trkpt>
      <trkpt lat="32.07165523432195186614990234375" lon="118.72522733174264430999755859375">
        <ele>4.19999980926513671875</ele>
        <time>2021-11-15T04:19:11.000Z</time>
        <extensions>
          <ns3:TrackPointExtension/>
        </extensions>
      </trkpt>
      <trkpt lat="32.07159421406686305999755859375" lon="118.725219704210758209228515625">
        <ele>3.7999999523162841796875</ele>
        <time>2021-11-15T04:19:12.000Z</time>
        <extensions>
          <ns3:TrackPointExtension/>
        </extensions>
      </trkpt>
      <trkpt lat="32.071536965668201446533203125" lon="118.725219704210758209228515625">
        <ele>3.7999999523162841796875</ele>
        <time>2021-11-15T04:19:13.000Z</time>
        <extensions>
          <ns3:TrackPointExtension/>
        </extensions>
      </trkpt>
      <trkpt lat="32.07146831788122653961181640625" lon="118.725219704210758209228515625">
        <ele>4.19999980926513671875</ele>
        <time>2021-11-15T04:19:14.000Z</time>
        <extensions>
          <ns3:TrackPointExtension/>
        </extensions>
      </trkpt>
      <trkpt lat="32.07140344195067882537841796875" lon="118.725219704210758209228515625">
        <ele>4.80000019073486328125</ele>
        <time>2021-11-15T04:19:15.000Z</time>
        <extensions>
          <ns3:TrackPointExtension>
            <ns3:hr>128</ns3:hr>
          </ns3:TrackPointExtension>
        </extensions>
      </trkpt>
      <trkpt lat="32.0713386498391628265380859375" lon="118.725219704210758209228515625">
        <ele>5.19999980926513671875</ele>
        <time>2021-11-15T04:19:16.000Z</time>
        <extensions>
          <ns3:TrackPointExtension/>
        </extensions>
      </trkpt>
      <trkpt lat="32.0712737739086151123046875" lon="118.725219704210758209228515625">
        <ele>5.599999904632568359375</ele>
        <time>2021-11-15T04:19:17.000Z</time>
        <extensions>
          <ns3:TrackPointExtension/>
        </extensions>
      </trkpt>
      <trkpt lat="32.0712088979780673980712890625" lon="118.725219704210758209228515625">
        <ele>6</ele>
        <time>2021-11-15T04:19:18.000Z</time>
        <extensions>
          <ns3:TrackPointExtension/>
        </extensions>
      </trkpt>
      <trkpt lat="32.071144022047519683837890625" lon="118.72521207667887210845947265625">
        <ele>6</ele>
        <time>2021-11-15T04:19:19.000Z</time>
        <extensions>
          <ns3:TrackPointExtension/>
        </extensions>
      </trkpt>
      <trkpt lat="32.07107922993600368499755859375" lon="118.7252044491469860076904296875">
        <ele>6</ele>
        <time>2021-11-15T04:19:20.000Z</time>
        <extensions>
          <ns3:TrackPointExtension>
            <ns3:hr>129</ns3:hr>
          </ns3:TrackPointExtension>
        </extensions>
      </trkpt>
      <trkpt lat="32.07101435400545597076416015625" lon="118.7252044491469860076904296875">
        <ele>6</ele>
        <time>2021-11-15T04:19:21.000Z</time>
        <extensions>
          <ns3:TrackPointExtension/>
        </extensions>
      </trkpt>
      <trkpt lat="32.07094947807490825653076171875" lon="118.72519682161509990692138671875">
        <ele>6</ele>
        <time>2021-11-15T04:19:22.000Z</time>
        <extensions>
          <ns3:TrackPointExtension/>
        </extensions>
      </trkpt>
      <trkpt lat="32.0708846859633922576904296875" lon="118.72518919408321380615234375">
        <ele>6</ele>
        <time>2021-11-15T04:19:23.000Z</time>
        <extensions>
          <ns3:TrackPointExtension/>
        </extensions>
      </trkpt>
      <trkpt lat="32.07081981003284454345703125" lon="118.7251739390194416046142578125">
        <ele>5.80000019073486328125</ele>
        <time>2021-11-15T04:19:24.000Z</time>
        <extensions>
          <ns3:TrackPointExtension/>
        </extensions>
      </trkpt>
      <trkpt lat="32.0707587897777557373046875" lon="118.72516631148755550384521484375">
        <ele>5.80000019073486328125</ele>
        <time>2021-11-15T04:19:25.000Z</time>
        <extensions>
          <ns3:TrackPointExtension>
            <ns3:hr>128</ns3:hr>
          </ns3:TrackPointExtension>
        </extensions>
      </trkpt>
      <trkpt lat="32.07069776952266693115234375" lon="118.72515105642378330230712890625">
        <ele>5.599999904632568359375</ele>
        <time>2021-11-15T04:19:26.000Z</time>
        <extensions>
          <ns3:TrackPointExtension/>
        </extensions>
      </trkpt>
      <trkpt lat="32.070636749267578125" lon="118.72513580136001110076904296875">
        <ele>5.19999980926513671875</ele>
        <time>2021-11-15T04:19:27.000Z</time>
        <extensions>
          <ns3:TrackPointExtension/>
        </extensions>
      </trkpt>
      <trkpt lat="32.07057564519345760345458984375" lon="118.725120462477207183837890625">
        <ele>5</ele>
        <time>2021-11-15T04:19:28.000Z</time>
        <extensions>
          <ns3:TrackPointExtension/>
        </extensions>
      </trkpt>
      <trkpt lat="32.07051848061382770538330078125" lon="118.72511283494532108306884765625">
        <ele>4.599999904632568359375</ele>
        <time>2021-11-15T04:19:29.000Z</time>
        <extensions>
          <ns3:TrackPointExtension/>
        </extensions>
      </trkpt>
      <trkpt lat="32.070457376539707183837890625" lon="118.72509757988154888153076171875">
        <ele>4.19999980926513671875</ele>
        <time>2021-11-15T04:19:30.000Z</time>
        <extensions>
          <ns3:TrackPointExtension>
            <ns3:hr>130</ns3:hr>
          </ns3:TrackPointExtension>
        </extensions>
      </trkpt>
      <trkpt lat="32.0704002119600772857666015625" lon="118.72508232481777667999267578125">
        <ele>4</ele>
        <time>2021-11-15T04:19:31.000Z</time>
        <extensions>
          <ns3:TrackPointExtension/>
        </extensions>
      </trkpt>
      <trkpt lat="32.07034296356141567230224609375" lon="118.7250746972858905792236328125">
        <ele>4</ele>
        <time>2021-11-15T04:19:32.000Z</time>
        <extensions>
          <ns3:TrackPointExtension/>
        </extensions>
      </trkpt>
      <trkpt lat="32.070285715162754058837890625" lon="118.725059442222118377685546875">
        <ele>4</ele>
        <time>2021-11-15T04:19:33.000Z</time>
        <extensions>
          <ns3:TrackPointExtension/>
        </extensions>
      </trkpt>
      <trkpt lat="32.0702285505831241607666015625" lon="118.72505181469023227691650390625">
        <ele>4</ele>
        <time>2021-11-15T04:19:34.000Z</time>
        <extensions>
          <ns3:TrackPointExtension/>
        </extensions>
      </trkpt>
      <trkpt lat="32.07017130218446254730224609375" lon="118.7250441871583461761474609375">
        <ele>4</ele>
        <time>2021-11-15T04:19:35.000Z</time>
        <extensions>
          <ns3:TrackPointExtension>
            <ns3:hr>133</ns3:hr>
          </ns3:TrackPointExtension>
        </extensions>
      </trkpt>
      <trkpt lat="32.070114053785800933837890625" lon="118.72503655962646007537841796875">
        <ele>4.599999904632568359375</ele>
        <time>2021-11-15T04:19:36.000Z</time>
        <extensions>
          <ns3:TrackPointExtension/>
        </extensions>
      </trkpt>
      <trkpt lat="32.0700568892061710357666015625" lon="118.725028932094573974609375">
        <ele>5.400000095367431640625</ele>
        <time>2021-11-15T04:19:37.000Z</time>
        <extensions>
          <ns3:TrackPointExtension/>
        </extensions>
      </trkpt>
      <trkpt lat="32.069992013275623321533203125" lon="118.725028932094573974609375">
        <ele>6.19999980926513671875</ele>
        <time>2021-11-15T04:19:38.000Z</time>
        <extensions>
          <ns3:TrackPointExtension/>
        </extensions>
      </trkpt>
      <trkpt lat="32.069930993020534515380859375" lon="118.725028932094573974609375">
        <ele>7.19999980926513671875</ele>
        <time>2021-11-15T04:19:39.000Z</time>
        <extensions>
          <ns3:TrackPointExtension/>
        </extensions>
      </trkpt>
      <trkpt lat="32.069869972765445709228515625" lon="118.725028932094573974609375">
        <ele>7.80000019073486328125</ele>
        <time>2021-11-15T04:19:40.000Z</time>
        <extensions>
          <ns3:TrackPointExtension>
            <ns3:hr>137</ns3:hr>
          </ns3:TrackPointExtension>
        </extensions>
      </trkpt>
      <trkpt lat="32.06980132497847080230712890625" lon="118.72503655962646007537841796875">
        <ele>8.3999996185302734375</ele>
        <time>2021-11-15T04:19:41.000Z</time>
        <extensions>
          <ns3:TrackPointExtension/>
        </extensions>
      </trkpt>
      <trkpt lat="32.06973259337246417999267578125" lon="118.7250441871583461761474609375">
        <ele>9.3999996185302734375</ele>
        <time>2021-11-15T04:19:43.000Z</time>
        <extensions>
          <ns3:TrackPointExtension/>
        </extensions>
      </trkpt>
      <trkpt lat="32.06966780126094818115234375" lon="118.725059442222118377685546875">
        <ele>10.19999980926513671875</ele>
        <time>2021-11-15T04:19:45.000Z</time>
        <extensions>
          <ns3:TrackPointExtension>
            <ns3:hr>138</ns3:hr>
          </ns3:TrackPointExtension>
        </extensions>
      </trkpt>
      <trkpt lat="32.0696029253304004669189453125" lon="118.72506706975400447845458984375">
        <ele>11</ele>
        <time>2021-11-15T04:19:46.000Z</time>
        <extensions>
          <ns3:TrackPointExtension/>
        </extensions>
      </trkpt>
      <trkpt lat="32.069538049399852752685546875" lon="118.72508232481777667999267578125">
        <ele>10.80000019073486328125</ele>
        <time>2021-11-15T04:19:47.000Z</time>
        <extensions>
          <ns3:TrackPointExtension/>
        </extensions>
      </trkpt>
      <trkpt lat="32.06947325728833675384521484375" lon="118.72509757988154888153076171875">
        <ele>10.6000003814697265625</ele>
        <time>2021-11-15T04:19:49.000Z</time>
        <extensions>
          <ns3:TrackPointExtension/>
        </extensions>
      </trkpt>
      <trkpt lat="32.06940838135778903961181640625" lon="118.72511283494532108306884765625">
        <ele>10.3999996185302734375</ele>
        <time>2021-11-15T04:19:50.000Z</time>
        <extensions>
          <ns3:TrackPointExtension>
            <ns3:hr>140</ns3:hr>
          </ns3:TrackPointExtension>
        </extensions>
      </trkpt>
      <trkpt lat="32.06934736110270023345947265625" lon="118.725128173828125">
        <ele>10.3999996185302734375</ele>
        <time>2021-11-15T04:19:51.000Z</time>
        <extensions>
          <ns3:TrackPointExtension/>
        </extensions>
      </trkpt>
      <trkpt lat="32.0692901127040386199951171875" lon="118.72513580136001110076904296875">
        <ele>10.3999996185302734375</ele>
        <time>2021-11-15T04:19:52.000Z</time>
        <extensions>
          <ns3:TrackPointExtension/>
        </extensions>
      </trkpt>
      <trkpt lat="32.06923286430537700653076171875" lon="118.7251434288918972015380859375">
        <ele>10.19999980926513671875</ele>
        <time>2021-11-15T04:19:53.000Z</time>
        <extensions>
          <ns3:TrackPointExtension/>
        </extensions>
      </trkpt>
      <trkpt lat="32.06917184405028820037841796875" lon="118.72515105642378330230712890625">
        <ele>10</ele>
        <time>2021-11-15T04:19:54.000Z</time>
        <extensions>
          <ns3:TrackPointExtension/>
        </extensions>
      </trkpt>
      <trkpt lat="32.06911467947065830230712890625" lon="118.72515105642378330230712890625">
        <ele>9.80000019073486328125</ele>
        <time>2021-11-15T04:19:55.000Z</time>
        <extensions>
          <ns3:TrackPointExtension>
            <ns3:hr>139</ns3:hr>
          </ns3:TrackPointExtension>
        </extensions>
      </trkpt>
      <trkpt lat="32.06905357539653778076171875" lon="118.725158683955669403076171875">
        <ele>9.3999996185302734375</ele>
        <time>2021-11-15T04:19:56.000Z</time>
        <extensions>
          <ns3:TrackPointExtension/>
        </extensions>
      </trkpt>
      <trkpt lat="32.068992555141448974609375" lon="118.725158683955669403076171875">
        <ele>9.19999980926513671875</ele>
        <time>2021-11-15T04:19:57.000Z</time>
        <extensions>
          <ns3:TrackPointExtension/>
        </extensions>
      </trkpt>
      <trkpt lat="32.06892390735447406768798828125" lon="118.72516631148755550384521484375">
        <ele>9</ele>
        <time>2021-11-15T04:19:58.000Z</time>
        <extensions>
          <ns3:TrackPointExtension/>
        </extensions>
      </trkpt>
      <trkpt lat="32.068851403892040252685546875" lon="118.72516631148755550384521484375">
        <ele>8.80000019073486328125</ele>
        <time>2021-11-15T04:19:59.000Z</time>
        <extensions>
          <ns3:TrackPointExtension/>
        </extensions>
      </trkpt>
      <trkpt lat="32.06878275610506534576416015625" lon="118.725158683955669403076171875">
        <ele>8.6000003814697265625</ele>
        <time>2021-11-15T04:20:00.000Z</time>
        <extensions>
          <ns3:TrackPointExtension>
            <ns3:hr>138</ns3:hr>
          </ns3:TrackPointExtension>
        </extensions>
      </trkpt>
      <trkpt lat="32.0687141083180904388427734375" lon="118.725158683955669403076171875">
        <ele>8.80000019073486328125</ele>
        <time>2021-11-15T04:20:01.000Z</time>
        <extensions>
          <ns3:TrackPointExtension/>
        </extensions>
      </trkpt>
      <trkpt lat="32.06863783299922943115234375" lon="118.72515105642378330230712890625">
        <ele>9.19999980926513671875</ele>
        <time>2021-11-15T04:20:02.000Z</time>
        <extensions>
          <ns3:TrackPointExtension/>
        </extensions>
      </trkpt>
      <trkpt lat="32.06856532953679561614990234375" lon="118.7251434288918972015380859375">
        <ele>9.3999996185302734375</ele>
        <time>2021-11-15T04:20:04.000Z</time>
        <extensions>
          <ns3:TrackPointExtension/>
        </extensions>
      </trkpt>
      <trkpt lat="32.0684928260743618011474609375" lon="118.725128173828125">
        <ele>9.3999996185302734375</ele>
        <time>2021-11-15T04:20:05.000Z</time>
        <extensions>
          <ns3:TrackPointExtension>
            <ns3:hr>136</ns3:hr>
          </ns3:TrackPointExtension>
        </extensions>
      </trkpt>
      <trkpt lat="32.0684204064309597015380859375" lon="118.725120462477207183837890625">
        <ele>9.6000003814697265625</ele>
        <time>2021-11-15T04:20:06.000Z</time>
        <extensions>
          <ns3:TrackPointExtension/>
        </extensions>
      </trkpt>
      <trkpt lat="32.0683516748249530792236328125" lon="118.7251052074134349822998046875">
        <ele>9.80000019073486328125</ele>
        <time>2021-11-15T04:20:07.000Z</time>
        <extensions>
          <ns3:TrackPointExtension/>
        </extensions>
      </trkpt>
      <trkpt lat="32.06828302703797817230224609375" lon="118.72508232481777667999267578125">
        <ele>9.80000019073486328125</ele>
        <time>2021-11-15T04:20:09.000Z</time>
        <extensions>
          <ns3:TrackPointExtension/>
        </extensions>
      </trkpt>
      <trkpt lat="32.06820675171911716461181640625" lon="118.72506706975400447845458984375">
        <ele>10</ele>
        <time>2021-11-15T04:20:10.000Z</time>
        <extensions>
          <ns3:TrackPointExtension>
            <ns3:hr>135</ns3:hr>
          </ns3:TrackPointExtension>
        </extensions>
      </trkpt>
      <trkpt lat="32.0681381039321422576904296875" lon="118.72505181469023227691650390625">
        <ele>9.6000003814697265625</ele>
        <time>2021-11-15T04:20:11.000Z</time>
        <extensions>
          <ns3:TrackPointExtension/>
        </extensions>
      </trkpt>
      <trkpt lat="32.06806945614516735076904296875" lon="118.72503655962646007537841796875">
        <ele>9.3999996185302734375</ele>
        <time>2021-11-15T04:20:12.000Z</time>
        <extensions>
          <ns3:TrackPointExtension/>
        </extensions>
      </trkpt>
      <trkpt lat="32.06800072453916072845458984375" lon="118.72502130456268787384033203125">
        <ele>9</ele>
        <time>2021-11-15T04:20:13.000Z</time>
        <extensions>
          <ns3:TrackPointExtension/>
        </extensions>
      </trkpt>
      <trkpt lat="32.067932076752185821533203125" lon="118.72500604949891567230224609375">
        <ele>8.80000019073486328125</ele>
        <time>2021-11-15T04:20:14.000Z</time>
        <extensions>
          <ns3:TrackPointExtension/>
        </extensions>
      </trkpt>
      <trkpt lat="32.067871056497097015380859375" lon="118.72499079443514347076416015625">
        <ele>8.80000019073486328125</ele>
        <time>2021-11-15T04:20:16.000Z</time>
        <extensions>
          <ns3:TrackPointExtension/>
        </extensions>
      </trkpt>
      <trkpt lat="32.0678061805665493011474609375" lon="118.7249831669032573699951171875">
        <ele>8.80000019073486328125</ele>
        <time>2021-11-15T04:20:17.000Z</time>
        <extensions>
          <ns3:TrackPointExtension/>
        </extensions>
      </trkpt>
      <trkpt lat="32.0677451603114604949951171875" lon="118.72497553937137126922607421875">
        <ele>8.6000003814697265625</ele>
        <time>2021-11-15T04:20:18.000Z</time>
        <extensions>
          <ns3:TrackPointExtension/>
        </extensions>
      </trkpt>
      <trkpt lat="32.06768028438091278076171875" lon="118.72496791183948516845703125">
        <ele>8.6000003814697265625</ele>
        <time>2021-11-15T04:20:19.000Z</time>
        <extensions>
          <ns3:TrackPointExtension/>
        </extensions>
      </trkpt>
      <trkpt lat="32.067619264125823974609375" lon="118.72496028430759906768798828125">
        <ele>8.6000003814697265625</ele>
        <time>2021-11-15T04:20:20.000Z</time>
        <extensions>
          <ns3:TrackPointExtension>
            <ns3:hr>137</ns3:hr>
          </ns3:TrackPointExtension>
        </extensions>
      </trkpt>
      <trkpt lat="32.06755824387073516845703125" lon="118.72496028430759906768798828125">
        <ele>8.6000003814697265625</ele>
        <time>2021-11-15T04:20:21.000Z</time>
        <extensions>
          <ns3:TrackPointExtension/>
        </extensions>
      </trkpt>
      <trkpt lat="32.06750485114753246307373046875" lon="118.7249526567757129669189453125">
        <ele>8.6000003814697265625</ele>
        <time>2021-11-15T04:20:22.000Z</time>
        <extensions>
          <ns3:TrackPointExtension/>
        </extensions>
      </trkpt>
      <trkpt lat="32.067447602748870849609375" lon="118.7249526567757129669189453125">
        <ele>8.6000003814697265625</ele>
        <time>2021-11-15T04:20:23.000Z</time>
        <extensions>
          <ns3:TrackPointExtension/>
        </extensions>
      </trkpt>
      <trkpt lat="32.06739421002566814422607421875" lon="118.7249526567757129669189453125">
        <ele>8.6000003814697265625</ele>
        <time>2021-11-15T04:20:24.000Z</time>
        <extensions>
          <ns3:TrackPointExtension/>
        </extensions>
      </trkpt>
      <trkpt lat="32.0673408173024654388427734375" lon="118.72494502924382686614990234375">
        <ele>8.80000019073486328125</ele>
        <time>2021-11-15T04:20:25.000Z</time>
        <extensions>
          <ns3:TrackPointExtension>
            <ns3:hr>141</ns3:hr>
          </ns3:TrackPointExtension>
        </extensions>
      </trkpt>
      <trkpt lat="32.06728742457926273345947265625" lon="118.72494502924382686614990234375">
        <ele>9</ele>
        <time>2021-11-15T04:20:26.000Z</time>
        <extensions>
          <ns3:TrackPointExtension/>
        </extensions>
      </trkpt>
      <trkpt lat="32.0672301761806011199951171875" lon="118.724937401711940765380859375">
        <ele>9</ele>
        <time>2021-11-15T04:20:27.000Z</time>
        <extensions>
          <ns3:TrackPointExtension/>
        </extensions>
      </trkpt>
      <trkpt lat="32.06717678345739841461181640625" lon="118.724937401711940765380859375">
        <ele>9</ele>
        <time>2021-11-15T04:20:28.000Z</time>
        <extensions>
          <ns3:TrackPointExtension/>
        </extensions>
      </trkpt>
      <trkpt lat="32.0671195350587368011474609375" lon="118.72492977418005466461181640625">
        <ele>9</ele>
        <time>2021-11-15T04:20:29.000Z</time>
        <extensions>
          <ns3:TrackPointExtension/>
        </extensions>
      </trkpt>
      <trkpt lat="32.067062370479106903076171875" lon="118.72492977418005466461181640625">
        <ele>9</ele>
        <time>2021-11-15T04:20:30.000Z</time>
        <extensions>
          <ns3:TrackPointExtension>
            <ns3:hr>141</ns3:hr>
          </ns3:TrackPointExtension>
        </extensions>
      </trkpt>
      <trkpt lat="32.06700512208044528961181640625" lon="118.72491451911628246307373046875">
        <ele>9</ele>
        <time>2021-11-15T04:20:31.000Z</time>
        <extensions>
          <ns3:TrackPointExtension/>
        </extensions>
      </trkpt>
      <trkpt lat="32.0669478736817836761474609375" lon="118.7249068915843963623046875">
        <ele>9</ele>
        <time>2021-11-15T04:20:32.000Z</time>
        <extensions>
          <ns3:TrackPointExtension/>
        </extensions>
      </trkpt>
      <trkpt lat="32.066890709102153778076171875" lon="118.72489926405251026153564453125">
        <ele>9.19999980926513671875</ele>
        <time>2021-11-15T04:20:33.000Z</time>
        <extensions>
          <ns3:TrackPointExtension/>
        </extensions>
      </trkpt>
      <trkpt lat="32.06683346070349216461181640625" lon="118.7248916365206241607666015625">
        <ele>9.3999996185302734375</ele>
        <time>2021-11-15T04:20:34.000Z</time>
        <extensions>
          <ns3:TrackPointExtension/>
        </extensions>
      </trkpt>
      <trkpt lat="32.0667762123048305511474609375" lon="118.72488400898873805999755859375">
        <ele>9.3999996185302734375</ele>
        <time>2021-11-15T04:20:35.000Z</time>
        <extensions>
          <ns3:TrackPointExtension>
            <ns3:hr>136</ns3:hr>
          </ns3:TrackPointExtension>
        </extensions>
      </trkpt>
      <trkpt lat="32.0667151920497417449951171875" lon="118.724876381456851959228515625">
        <ele>9.3999996185302734375</ele>
        <time>2021-11-15T04:20:36.000Z</time>
        <extensions>
          <ns3:TrackPointExtension/>
        </extensions>
      </trkpt>
      <trkpt lat="32.06665794365108013153076171875" lon="118.72486875392496585845947265625">
        <ele>9.3999996185302734375</ele>
        <time>2021-11-15T04:20:37.000Z</time>
        <extensions>
          <ns3:TrackPointExtension/>
        </extensions>
      </trkpt>
      <trkpt lat="32.06660077907145023345947265625" lon="118.72486875392496585845947265625">
        <ele>9.3999996185302734375</ele>
        <time>2021-11-15T04:20:38.000Z</time>
        <extensions>
          <ns3:TrackPointExtension/>
        </extensions>
      </trkpt>
      <trkpt lat="32.06653975881636142730712890625" lon="118.7248611263930797576904296875">
        <ele>9.19999980926513671875</ele>
        <time>2021-11-15T04:20:39.000Z</time>
        <extensions>
          <ns3:TrackPointExtension/>
        </extensions>
      </trkpt>
      <trkpt lat="32.0664825104176998138427734375" lon="118.7248611263930797576904296875">
        <ele>9.6000003814697265625</ele>
        <time>2021-11-15T04:20:40.000Z</time>
        <extensions>
          <ns3:TrackPointExtension>
            <ns3:hr>135</ns3:hr>
          </ns3:TrackPointExtension>
        </extensions>
      </trkpt>
      <trkpt lat="32.06642911769449710845947265625" lon="118.7248611263930797576904296875">
        <ele>9.6000003814697265625</ele>
        <time>2021-11-15T04:20:41.000Z</time>
        <extensions>
          <ns3:TrackPointExtension/>
        </extensions>
      </trkpt>
      <trkpt lat="32.0663718692958354949951171875" lon="118.72486875392496585845947265625">
        <ele>10</ele>
        <time>2021-11-15T04:20:42.000Z</time>
        <extensions>
          <ns3:TrackPointExtension/>
        </extensions>
      </trkpt>
      <trkpt lat="32.06631462089717388153076171875" lon="118.72486875392496585845947265625">
        <ele>10.19999980926513671875</ele>
        <time>2021-11-15T04:20:43.000Z</time>
        <extensions>
          <ns3:TrackPointExtension/>
        </extensions>
      </trkpt>
      <trkpt lat="32.0662612281739711761474609375" lon="118.724876381456851959228515625">
        <ele>10.3999996185302734375</ele>
        <time>2021-11-15T04:20:44.000Z</time>
        <extensions>
          <ns3:TrackPointExtension/>
        </extensions>
      </trkpt>
      <trkpt lat="32.066204063594341278076171875" lon="118.724876381456851959228515625">
        <ele>10</ele>
        <time>2021-11-15T04:20:45.000Z</time>
        <extensions>
          <ns3:TrackPointExtension>
            <ns3:hr>136</ns3:hr>
          </ns3:TrackPointExtension>
        </extensions>
      </trkpt>
      <trkpt lat="32.0661505870521068572998046875" lon="118.72488400898873805999755859375">
        <ele>10</ele>
        <time>2021-11-15T04:20:47.000Z</time>
        <extensions>
          <ns3:TrackPointExtension/>
        </extensions>
      </trkpt>
      <trkpt lat="32.06609719432890415191650390625" lon="118.7248916365206241607666015625">
        <ele>9.80000019073486328125</ele>
        <time>2021-11-15T04:20:48.000Z</time>
        <extensions>
          <ns3:TrackPointExtension/>
        </extensions>
      </trkpt>
      <trkpt lat="32.066043801605701446533203125" lon="118.72489926405251026153564453125">
        <ele>9.3999996185302734375</ele>
        <time>2021-11-15T04:20:49.000Z</time>
        <extensions>
          <ns3:TrackPointExtension/>
        </extensions>
      </trkpt>
      <trkpt lat="32.06598655320703983306884765625" lon="118.7249068915843963623046875">
        <ele>9</ele>
        <time>2021-11-15T04:20:50.000Z</time>
        <extensions>
          <ns3:TrackPointExtension>
            <ns3:hr>133</ns3:hr>
          </ns3:TrackPointExtension>
        </extensions>
      </trkpt>
      <trkpt lat="32.0659370161592960357666015625" lon="118.7249068915843963623046875">
        <ele>9.19999980926513671875</ele>
        <time>2021-11-15T04:20:51.000Z</time>
        <extensions>
          <ns3:TrackPointExtension/>
        </extensions>
      </trkpt>
      <trkpt lat="32.06587976776063442230224609375" lon="118.72491451911628246307373046875">
        <ele>9.3999996185302734375</ele>
        <time>2021-11-15T04:20:52.000Z</time>
        <extensions>
          <ns3:TrackPointExtension/>
        </extensions>
      </trkpt>
      <trkpt lat="32.0658263750374317169189453125" lon="118.72491451911628246307373046875">
        <ele>9.6000003814697265625</ele>
        <time>2021-11-15T04:20:53.000Z</time>
        <extensions>
          <ns3:TrackPointExtension/>
        </extensions>
      </trkpt>
      <trkpt lat="32.06577298231422901153564453125" lon="118.7249221466481685638427734375">
        <ele>9.80000019073486328125</ele>
        <time>2021-11-15T04:20:54.000Z</time>
        <extensions>
          <ns3:TrackPointExtension/>
        </extensions>
      </trkpt>
      <trkpt lat="32.0657157339155673980712890625" lon="118.72492977418005466461181640625">
        <ele>10</ele>
        <time>2021-11-15T04:20:55.000Z</time>
        <extensions>
          <ns3:TrackPointExtension>
            <ns3:hr>133</ns3:hr>
          </ns3:TrackPointExtension>
        </extensions>
      </trkpt>
      <trkpt lat="32.0656585693359375" lon="118.72492977418005466461181640625">
        <ele>10.19999980926513671875</ele>
        <time>2021-11-15T04:20:56.000Z</time>
        <extensions>
          <ns3:TrackPointExtension/>
        </extensions>
      </trkpt>
      <trkpt lat="32.06560132093727588653564453125" lon="118.724937401711940765380859375">
        <ele>10.3999996185302734375</ele>
        <time>2021-11-15T04:20:57.000Z</time>
        <extensions>
          <ns3:TrackPointExtension/>
        </extensions>
      </trkpt>
      <trkpt lat="32.06554030068218708038330078125" lon="118.724937401711940765380859375">
        <ele>10.6000003814697265625</ele>
        <time>2021-11-15T04:20:58.000Z</time>
        <extensions>
          <ns3:TrackPointExtension/>
        </extensions>
      </trkpt>
      <trkpt lat="32.0654830522835254669189453125" lon="118.72494502924382686614990234375">
        <ele>10.80000019073486328125</ele>
        <time>2021-11-15T04:20:59.000Z</time>
        <extensions>
          <ns3:TrackPointExtension/>
        </extensions>
      </trkpt>
      <trkpt lat="32.06542580388486385345458984375" lon="118.72494502924382686614990234375">
        <ele>11</ele>
        <time>2021-11-15T04:21:00.000Z</time>
        <extensions>
          <ns3:TrackPointExtension>
            <ns3:hr>133</ns3:hr>
          </ns3:TrackPointExtension>
        </extensions>
      </trkpt>
      <trkpt lat="32.06536863930523395538330078125" lon="118.72494502924382686614990234375">
        <ele>10.80000019073486328125</ele>
        <time>2021-11-15T04:21:01.000Z</time>
        <extensions>
          <ns3:TrackPointExtension/>
        </extensions>
      </trkpt>
      <trkpt lat="32.065307535231113433837890625" lon="118.72494502924382686614990234375">
        <ele>10.6000003814697265625</ele>
        <time>2021-11-15T04:21:02.000Z</time>
        <extensions>
          <ns3:TrackPointExtension/>
        </extensions>
      </trkpt>
      <trkpt lat="32.065246514976024627685546875" lon="118.72494502924382686614990234375">
        <ele>10.3999996185302734375</ele>
        <time>2021-11-15T04:21:03.000Z</time>
        <extensions>
          <ns3:TrackPointExtension/>
        </extensions>
      </trkpt>
      <trkpt lat="32.0651893503963947296142578125" lon="118.7249526567757129669189453125">
        <ele>10.19999980926513671875</ele>
        <time>2021-11-15T04:21:04.000Z</time>
        <extensions>
          <ns3:TrackPointExtension/>
        </extensions>
      </trkpt>
      <trkpt lat="32.06512824632227420806884765625" lon="118.7249526567757129669189453125">
        <ele>9.80000019073486328125</ele>
        <time>2021-11-15T04:21:05.000Z</time>
        <extensions>
          <ns3:TrackPointExtension>
            <ns3:hr>129</ns3:hr>
          </ns3:TrackPointExtension>
        </extensions>
      </trkpt>
      <trkpt lat="32.06506722606718540191650390625" lon="118.7249526567757129669189453125">
        <ele>9.6000003814697265625</ele>
        <time>2021-11-15T04:21:06.000Z</time>
        <extensions>
          <ns3:TrackPointExtension/>
        </extensions>
      </trkpt>
      <trkpt lat="32.06500620581209659576416015625" lon="118.7249526567757129669189453125">
        <ele>9.3999996185302734375</ele>
        <time>2021-11-15T04:21:07.000Z</time>
        <extensions>
          <ns3:TrackPointExtension/>
        </extensions>
      </trkpt>
      <trkpt lat="32.0649489574134349822998046875" lon="118.7249526567757129669189453125">
        <ele>9.19999980926513671875</ele>
        <time>2021-11-15T04:21:08.000Z</time>
        <extensions>
          <ns3:TrackPointExtension/>
        </extensions>
      </trkpt>
      <trkpt lat="32.0648879371583461761474609375" lon="118.7249526567757129669189453125">
        <ele>9</ele>
        <time>2021-11-15T04:21:09.000Z</time>
        <extensions>
          <ns3:TrackPointExtension/>
        </extensions>
      </trkpt>
      <trkpt lat="32.0648269169032573699951171875" lon="118.72494502924382686614990234375">
        <ele>8.6000003814697265625</ele>
        <time>2021-11-15T04:21:10.000Z</time>
        <extensions>
          <ns3:TrackPointExtension>
            <ns3:hr>123</ns3:hr>
          </ns3:TrackPointExtension>
        </extensions>
      </trkpt>
      <trkpt lat="32.0647658966481685638427734375" lon="118.72494502924382686614990234375">
        <ele>8.19999980926513671875</ele>
        <time>2021-11-15T04:21:11.000Z</time>
        <extensions>
          <ns3:TrackPointExtension/>
        </extensions>
      </trkpt>
      <trkpt lat="32.0647048763930797576904296875" lon="118.72494502924382686614990234375">
        <ele>8</ele>
        <time>2021-11-15T04:21:12.000Z</time>
        <extensions>
          <ns3:TrackPointExtension/>
        </extensions>
      </trkpt>
      <trkpt lat="32.0646438561379909515380859375" lon="118.7249526567757129669189453125">
        <ele>7.80000019073486328125</ele>
        <time>2021-11-15T04:21:13.000Z</time>
        <extensions>
          <ns3:TrackPointExtension/>
        </extensions>
      </trkpt>
      <trkpt lat="32.06458275206387042999267578125" lon="118.72494502924382686614990234375">
        <ele>7.599999904632568359375</ele>
        <time>2021-11-15T04:21:14.000Z</time>
        <extensions>
          <ns3:TrackPointExtension/>
        </extensions>
      </trkpt>
      <trkpt lat="32.06452558748424053192138671875" lon="118.72494502924382686614990234375">
        <ele>7.599999904632568359375</ele>
        <time>2021-11-15T04:21:15.000Z</time>
        <extensions>
          <ns3:TrackPointExtension>
            <ns3:hr>126</ns3:hr>
          </ns3:TrackPointExtension>
        </extensions>
      </trkpt>
      <trkpt lat="32.06446456722915172576904296875" lon="118.72494502924382686614990234375">
        <ele>7.599999904632568359375</ele>
        <time>2021-11-15T04:21:16.000Z</time>
        <extensions>
          <ns3:TrackPointExtension/>
        </extensions>
      </trkpt>
      <trkpt lat="32.0644034631550312042236328125" lon="118.724937401711940765380859375">
        <ele>7.599999904632568359375</ele>
        <time>2021-11-15T04:21:17.000Z</time>
        <extensions>
          <ns3:TrackPointExtension/>
        </extensions>
      </trkpt>
      <trkpt lat="32.06433867104351520538330078125" lon="118.72492977418005466461181640625">
        <ele>7.599999904632568359375</ele>
        <time>2021-11-15T04:21:18.000Z</time>
        <extensions>
          <ns3:TrackPointExtension/>
        </extensions>
      </trkpt>
      <trkpt lat="32.064277566969394683837890625" lon="118.7249221466481685638427734375">
        <ele>7.599999904632568359375</ele>
        <time>2021-11-15T04:21:19.000Z</time>
        <extensions>
          <ns3:TrackPointExtension/>
        </extensions>
      </trkpt>
      <trkpt lat="32.06421277485787868499755859375" lon="118.72491451911628246307373046875">
        <ele>7.80000019073486328125</ele>
        <time>2021-11-15T04:21:20.000Z</time>
        <extensions>
          <ns3:TrackPointExtension>
            <ns3:hr>129</ns3:hr>
          </ns3:TrackPointExtension>
        </extensions>
      </trkpt>
      <trkpt lat="32.06414789892733097076416015625" lon="118.7249068915843963623046875">
        <ele>8</ele>
        <time>2021-11-15T04:21:21.000Z</time>
        <extensions>
          <ns3:TrackPointExtension/>
        </extensions>
      </trkpt>
      <trkpt lat="32.06408687867224216461181640625" lon="118.72489926405251026153564453125">
        <ele>8.19999980926513671875</ele>
        <time>2021-11-15T04:21:22.000Z</time>
        <extensions>
          <ns3:TrackPointExtension/>
        </extensions>
      </trkpt>
      <trkpt lat="32.06402585841715335845947265625" lon="118.72488400898873805999755859375">
        <ele>8.3999996185302734375</ele>
        <time>2021-11-15T04:21:23.000Z</time>
        <extensions>
          <ns3:TrackPointExtension/>
        </extensions>
      </trkpt>
      <trkpt lat="32.06396483816206455230712890625" lon="118.724876381456851959228515625">
        <ele>8.3999996185302734375</ele>
        <time>2021-11-15T04:21:24.000Z</time>
        <extensions>
          <ns3:TrackPointExtension/>
        </extensions>
      </trkpt>
      <trkpt lat="32.06390373408794403076171875" lon="118.7248611263930797576904296875">
        <ele>8.19999980926513671875</ele>
        <time>2021-11-15T04:21:25.000Z</time>
        <extensions>
          <ns3:TrackPointExtension>
            <ns3:hr>126</ns3:hr>
          </ns3:TrackPointExtension>
        </extensions>
      </trkpt>
      <trkpt lat="32.06383894197642803192138671875" lon="118.72485349886119365692138671875">
        <ele>8.19999980926513671875</ele>
        <time>2021-11-15T04:21:26.000Z</time>
        <extensions>
          <ns3:TrackPointExtension/>
        </extensions>
      </trkpt>
      <trkpt lat="32.06377792172133922576904296875" lon="118.72484587132930755615234375">
        <ele>8.3999996185302734375</ele>
        <time>2021-11-15T04:21:27.000Z</time>
        <extensions>
          <ns3:TrackPointExtension/>
        </extensions>
      </trkpt>
      <trkpt lat="32.0637168176472187042236328125" lon="118.72483824379742145538330078125">
        <ele>8.6000003814697265625</ele>
        <time>2021-11-15T04:21:28.000Z</time>
        <extensions>
          <ns3:TrackPointExtension/>
        </extensions>
      </trkpt>
      <trkpt lat="32.06366342492401599884033203125" lon="118.7248306162655353546142578125">
        <ele>8.80000019073486328125</ele>
        <time>2021-11-15T04:21:29.000Z</time>
        <extensions>
          <ns3:TrackPointExtension/>
        </extensions>
      </trkpt>
      <trkpt lat="32.06360626034438610076904296875" lon="118.72482298873364925384521484375">
        <ele>8.80000019073486328125</ele>
        <time>2021-11-15T04:21:30.000Z</time>
        <extensions>
          <ns3:TrackPointExtension>
            <ns3:hr>126</ns3:hr>
          </ns3:TrackPointExtension>
        </extensions>
      </trkpt>
      <trkpt lat="32.0635490119457244873046875" lon="118.724815361201763153076171875">
        <ele>9</ele>
        <time>2021-11-15T04:21:31.000Z</time>
        <extensions>
          <ns3:TrackPointExtension/>
        </extensions>
      </trkpt>
      <trkpt lat="32.06349176354706287384033203125" lon="118.72480773366987705230712890625">
        <ele>9.19999980926513671875</ele>
        <time>2021-11-15T04:21:32.000Z</time>
        <extensions>
          <ns3:TrackPointExtension/>
        </extensions>
      </trkpt>
      <trkpt lat="32.06343459896743297576904296875" lon="118.7248001061379909515380859375">
        <ele>9.19999980926513671875</ele>
        <time>2021-11-15T04:21:33.000Z</time>
        <extensions>
          <ns3:TrackPointExtension/>
        </extensions>
      </trkpt>
      <trkpt lat="32.0633773505687713623046875" lon="118.72479247860610485076904296875">
        <ele>9</ele>
        <time>2021-11-15T04:21:34.000Z</time>
        <extensions>
          <ns3:TrackPointExtension/>
        </extensions>
      </trkpt>
      <trkpt lat="32.06332010217010974884033203125" lon="118.72479247860610485076904296875">
        <ele>9</ele>
        <time>2021-11-15T04:21:35.000Z</time>
        <extensions>
          <ns3:TrackPointExtension>
            <ns3:hr>123</ns3:hr>
          </ns3:TrackPointExtension>
        </extensions>
      </trkpt>
      <trkpt lat="32.06326670944690704345703125" lon="118.72478485107421875">
        <ele>9</ele>
        <time>2021-11-15T04:21:36.000Z</time>
        <extensions>
          <ns3:TrackPointExtension/>
        </extensions>
      </trkpt>
      <trkpt lat="32.06320946104824542999267578125" lon="118.72478485107421875">
        <ele>9</ele>
        <time>2021-11-15T04:21:37.000Z</time>
        <extensions>
          <ns3:TrackPointExtension/>
        </extensions>
      </trkpt>
      <trkpt lat="32.063156068325042724609375" lon="118.724777139723300933837890625">
        <ele>8.80000019073486328125</ele>
        <time>2021-11-15T04:21:38.000Z</time>
        <extensions>
          <ns3:TrackPointExtension/>
        </extensions>
      </trkpt>
      <trkpt lat="32.0630989037454128265380859375" lon="118.724777139723300933837890625">
        <ele>8.6000003814697265625</ele>
        <time>2021-11-15T04:21:39.000Z</time>
        <extensions>
          <ns3:TrackPointExtension/>
        </extensions>
      </trkpt>
      <trkpt lat="32.06304542720317840576171875" lon="118.72476951219141483306884765625">
        <ele>8.3999996185302734375</ele>
        <time>2021-11-15T04:21:40.000Z</time>
        <extensions>
          <ns3:TrackPointExtension>
            <ns3:hr>125</ns3:hr>
          </ns3:TrackPointExtension>
        </extensions>
      </trkpt>
      <trkpt lat="32.0629882626235485076904296875" lon="118.7247618846595287322998046875">
        <ele>8.19999980926513671875</ele>
        <time>2021-11-15T04:21:41.000Z</time>
        <extensions>
          <ns3:TrackPointExtension/>
        </extensions>
      </trkpt>
      <trkpt lat="32.06293486990034580230712890625" lon="118.7247618846595287322998046875">
        <ele>8</ele>
        <time>2021-11-15T04:21:42.000Z</time>
        <extensions>
          <ns3:TrackPointExtension/>
        </extensions>
      </trkpt>
      <trkpt lat="32.06288139335811138153076171875" lon="118.72475425712764263153076171875">
        <ele>7.80000019073486328125</ele>
        <time>2021-11-15T04:21:43.000Z</time>
        <extensions>
          <ns3:TrackPointExtension/>
        </extensions>
      </trkpt>
      <trkpt lat="32.06282422877848148345947265625" lon="118.72475425712764263153076171875">
        <ele>7.80000019073486328125</ele>
        <time>2021-11-15T04:21:44.000Z</time>
        <extensions>
          <ns3:TrackPointExtension/>
        </extensions>
      </trkpt>
      <trkpt lat="32.062770836055278778076171875" lon="118.72474662959575653076171875">
        <ele>7.80000019073486328125</ele>
        <time>2021-11-15T04:21:45.000Z</time>
        <extensions>
          <ns3:TrackPointExtension>
            <ns3:hr>125</ns3:hr>
          </ns3:TrackPointExtension>
        </extensions>
      </trkpt>
      <trkpt lat="32.06271358765661716461181640625" lon="118.72473900206387042999267578125">
        <ele>7.80000019073486328125</ele>
        <time>2021-11-15T04:21:46.000Z</time>
        <extensions>
          <ns3:TrackPointExtension/>
        </extensions>
      </trkpt>
      <trkpt lat="32.0626563392579555511474609375" lon="118.7247313745319843292236328125">
        <ele>7.80000019073486328125</ele>
        <time>2021-11-15T04:21:47.000Z</time>
        <extensions>
          <ns3:TrackPointExtension/>
        </extensions>
      </trkpt>
      <trkpt lat="32.062599174678325653076171875" lon="118.72472374700009822845458984375">
        <ele>7.80000019073486328125</ele>
        <time>2021-11-15T04:21:48.000Z</time>
        <extensions>
          <ns3:TrackPointExtension/>
        </extensions>
      </trkpt>
      <trkpt lat="32.06254192627966403961181640625" lon="118.72470849193632602691650390625">
        <ele>7.599999904632568359375</ele>
        <time>2021-11-15T04:21:49.000Z</time>
        <extensions>
          <ns3:TrackPointExtension/>
        </extensions>
      </trkpt>
      <trkpt lat="32.06249230541288852691650390625" lon="118.72469323687255382537841796875">
        <ele>7.400000095367431640625</ele>
        <time>2021-11-15T04:21:50.000Z</time>
        <extensions>
          <ns3:TrackPointExtension>
            <ns3:hr>130</ns3:hr>
          </ns3:TrackPointExtension>
        </extensions>
      </trkpt>
      <trkpt lat="32.062438912689685821533203125" lon="118.72467798180878162384033203125">
        <ele>7.19999980926513671875</ele>
        <time>2021-11-15T04:21:51.000Z</time>
        <extensions>
          <ns3:TrackPointExtension/>
        </extensions>
      </trkpt>
      <trkpt lat="32.062389291822910308837890625" lon="118.724655099213123321533203125">
        <ele>7</ele>
        <time>2021-11-15T04:21:52.000Z</time>
        <extensions>
          <ns3:TrackPointExtension/>
        </extensions>
      </trkpt>
      <trkpt lat="32.06233975477516651153564453125" lon="118.7246398441493511199951171875">
        <ele>7</ele>
        <time>2021-11-15T04:21:53.000Z</time>
        <extensions>
          <ns3:TrackPointExtension/>
        </extensions>
      </trkpt>
      <trkpt lat="32.06229013390839099884033203125" lon="118.72461696155369281768798828125">
        <ele>7</ele>
        <time>2021-11-15T04:21:54.000Z</time>
        <extensions>
          <ns3:TrackPointExtension/>
        </extensions>
      </trkpt>
      <trkpt lat="32.06224436871707439422607421875" lon="118.72460170648992061614990234375">
        <ele>7</ele>
        <time>2021-11-15T04:21:55.000Z</time>
        <extensions>
          <ns3:TrackPointExtension>
            <ns3:hr>132</ns3:hr>
          </ns3:TrackPointExtension>
        </extensions>
      </trkpt>
      <trkpt lat="32.06219474785029888153076171875" lon="118.7245788238942623138427734375">
        <ele>7</ele>
        <time>2021-11-15T04:21:56.000Z</time>
        <extensions>
          <ns3:TrackPointExtension/>
        </extensions>
      </trkpt>
      <trkpt lat="32.062145210802555084228515625" lon="118.7245635688304901123046875">
        <ele>7</ele>
        <time>2021-11-15T04:21:57.000Z</time>
        <extensions>
          <ns3:TrackPointExtension/>
        </extensions>
      </trkpt>
      <trkpt lat="32.062095589935779571533203125" lon="118.72454068623483180999755859375">
        <ele>7.19999980926513671875</ele>
        <time>2021-11-15T04:21:58.000Z</time>
        <extensions>
          <ns3:TrackPointExtension/>
        </extensions>
      </trkpt>
      <trkpt lat="32.062045969069004058837890625" lon="118.72452543117105960845947265625">
        <ele>7</ele>
        <time>2021-11-15T04:21:59.000Z</time>
        <extensions>
          <ns3:TrackPointExtension/>
        </extensions>
      </trkpt>
      <trkpt lat="32.06199643202126026153564453125" lon="118.7245178036391735076904296875">
        <ele>7</ele>
        <time>2021-11-15T04:22:00.000Z</time>
        <extensions>
          <ns3:TrackPointExtension>
            <ns3:hr>137</ns3:hr>
          </ns3:TrackPointExtension>
        </extensions>
      </trkpt>
      <trkpt lat="32.06194303929805755615234375" lon="118.72450254857540130615234375">
        <ele>7</ele>
        <time>2021-11-15T04:22:01.000Z</time>
        <extensions>
          <ns3:TrackPointExtension/>
        </extensions>
      </trkpt>
      <trkpt lat="32.06188579089939594268798828125" lon="118.72450254857540130615234375">
        <ele>7</ele>
        <time>2021-11-15T04:22:02.000Z</time>
        <extensions>
          <ns3:TrackPointExtension/>
        </extensions>
      </trkpt>
      <trkpt lat="32.0618285425007343292236328125" lon="118.72450254857540130615234375">
        <ele>7</ele>
        <time>2021-11-15T04:22:03.000Z</time>
        <extensions>
          <ns3:TrackPointExtension/>
        </extensions>
      </trkpt>
      <trkpt lat="32.06177137792110443115234375" lon="118.72449492104351520538330078125">
        <ele>7</ele>
        <time>2021-11-15T04:22:04.000Z</time>
        <extensions>
          <ns3:TrackPointExtension/>
        </extensions>
      </trkpt>
      <trkpt lat="32.06171412952244281768798828125" lon="118.72449492104351520538330078125">
        <ele>7</ele>
        <time>2021-11-15T04:22:05.000Z</time>
        <extensions>
          <ns3:TrackPointExtension>
            <ns3:hr>136</ns3:hr>
          </ns3:TrackPointExtension>
        </extensions>
      </trkpt>
      <trkpt lat="32.0616607367992401123046875" lon="118.7244872935116291046142578125">
        <ele>6.80000019073486328125</ele>
        <time>2021-11-15T04:22:06.000Z</time>
        <extensions>
          <ns3:TrackPointExtension/>
        </extensions>
      </trkpt>
      <trkpt lat="32.06160348840057849884033203125" lon="118.7244872935116291046142578125">
        <ele>6.80000019073486328125</ele>
        <time>2021-11-15T04:22:07.000Z</time>
        <extensions>
          <ns3:TrackPointExtension/>
        </extensions>
      </trkpt>
      <trkpt lat="32.06155009567737579345703125" lon="118.72447966597974300384521484375">
        <ele>6.80000019073486328125</ele>
        <time>2021-11-15T04:22:08.000Z</time>
        <extensions>
          <ns3:TrackPointExtension/>
        </extensions>
      </trkpt>
      <trkpt lat="32.06149284727871417999267578125" lon="118.72447966597974300384521484375">
        <ele>6.80000019073486328125</ele>
        <time>2021-11-15T04:22:09.000Z</time>
        <extensions>
          <ns3:TrackPointExtension/>
        </extensions>
      </trkpt>
      <trkpt lat="32.061439454555511474609375" lon="118.72447966597974300384521484375">
        <ele>6.599999904632568359375</ele>
        <time>2021-11-15T04:22:10.000Z</time>
        <extensions>
          <ns3:TrackPointExtension>
            <ns3:hr>138</ns3:hr>
          </ns3:TrackPointExtension>
        </extensions>
      </trkpt>
      <trkpt lat="32.06138606183230876922607421875" lon="118.724472038447856903076171875">
        <ele>6.400000095367431640625</ele>
        <time>2021-11-15T04:22:11.000Z</time>
        <extensions>
          <ns3:TrackPointExtension/>
        </extensions>
      </trkpt>
      <trkpt lat="32.0613326691091060638427734375" lon="118.72446441091597080230712890625">
        <ele>6</ele>
        <time>2021-11-15T04:22:12.000Z</time>
        <extensions>
          <ns3:TrackPointExtension/>
        </extensions>
      </trkpt>
      <trkpt lat="32.06127927638590335845947265625" lon="118.72446441091597080230712890625">
        <ele>5.80000019073486328125</ele>
        <time>2021-11-15T04:22:13.000Z</time>
        <extensions>
          <ns3:TrackPointExtension/>
        </extensions>
      </trkpt>
      <trkpt lat="32.0612220279872417449951171875" lon="118.7244567833840847015380859375">
        <ele>5.400000095367431640625</ele>
        <time>2021-11-15T04:22:14.000Z</time>
        <extensions>
          <ns3:TrackPointExtension/>
        </extensions>
      </trkpt>
      <trkpt lat="32.06116863526403903961181640625" lon="118.72444915585219860076904296875">
        <ele>5.599999904632568359375</ele>
        <time>2021-11-15T04:22:15.000Z</time>
        <extensions>
          <ns3:TrackPointExtension>
            <ns3:hr>137</ns3:hr>
          </ns3:TrackPointExtension>
        </extensions>
      </trkpt>
      <trkpt lat="32.0611113868653774261474609375" lon="118.7244415283203125">
        <ele>5.599999904632568359375</ele>
        <time>2021-11-15T04:22:16.000Z</time>
        <extensions>
          <ns3:TrackPointExtension/>
        </extensions>
      </trkpt>
      <trkpt lat="32.06105799414217472076416015625" lon="118.7244415283203125">
        <ele>5.80000019073486328125</ele>
        <time>2021-11-15T04:22:17.000Z</time>
        <extensions>
          <ns3:TrackPointExtension/>
        </extensions>
      </trkpt>
      <trkpt lat="32.0610007457435131072998046875" lon="118.724433816969394683837890625">
        <ele>6</ele>
        <time>2021-11-15T04:22:18.000Z</time>
        <extensions>
          <ns3:TrackPointExtension/>
        </extensions>
      </trkpt>
      <trkpt lat="32.060943581163883209228515625" lon="118.724433816969394683837890625">
        <ele>6.19999980926513671875</ele>
        <time>2021-11-15T04:22:19.000Z</time>
        <extensions>
          <ns3:TrackPointExtension/>
        </extensions>
      </trkpt>
      <trkpt lat="32.06088633276522159576416015625" lon="118.72442618943750858306884765625">
        <ele>6</ele>
        <time>2021-11-15T04:22:20.000Z</time>
        <extensions>
          <ns3:TrackPointExtension>
            <ns3:hr>136</ns3:hr>
          </ns3:TrackPointExtension>
        </extensions>
      </trkpt>
      <trkpt lat="32.0608290843665599822998046875" lon="118.7244185619056224822998046875">
        <ele>5.80000019073486328125</ele>
        <time>2021-11-15T04:22:21.000Z</time>
        <extensions>
          <ns3:TrackPointExtension/>
        </extensions>
      </trkpt>
      <trkpt lat="32.060771919786930084228515625" lon="118.72441093437373638153076171875">
        <ele>5.599999904632568359375</ele>
        <time>2021-11-15T04:22:22.000Z</time>
        <extensions>
          <ns3:TrackPointExtension/>
        </extensions>
      </trkpt>
      <trkpt lat="32.06071467138826847076416015625" lon="118.72440330684185028076171875">
        <ele>5.19999980926513671875</ele>
        <time>2021-11-15T04:22:23.000Z</time>
        <extensions>
          <ns3:TrackPointExtension/>
        </extensions>
      </trkpt>
      <trkpt lat="32.06065365113317966461181640625" lon="118.72439567930996417999267578125">
        <ele>5.19999980926513671875</ele>
        <time>2021-11-15T04:22:24.000Z</time>
        <extensions>
          <ns3:TrackPointExtension/>
        </extensions>
      </trkpt>
      <trkpt lat="32.0605964027345180511474609375" lon="118.7243880517780780792236328125">
        <ele>5.19999980926513671875</ele>
        <time>2021-11-15T04:22:25.000Z</time>
        <extensions>
          <ns3:TrackPointExtension>
            <ns3:hr>137</ns3:hr>
          </ns3:TrackPointExtension>
        </extensions>
      </trkpt>
      <trkpt lat="32.060539238154888153076171875" lon="118.72438042424619197845458984375">
        <ele>5.19999980926513671875</ele>
        <time>2021-11-15T04:22:26.000Z</time>
        <extensions>
          <ns3:TrackPointExtension/>
        </extensions>
      </trkpt>
      <trkpt lat="32.06048198975622653961181640625" lon="118.724372796714305877685546875">
        <ele>5.400000095367431640625</ele>
        <time>2021-11-15T04:22:27.000Z</time>
        <extensions>
          <ns3:TrackPointExtension/>
        </extensions>
      </trkpt>
      <trkpt lat="32.06042096950113773345947265625" lon="118.72436516918241977691650390625">
        <ele>5.599999904632568359375</ele>
        <time>2021-11-15T04:22:28.000Z</time>
        <extensions>
          <ns3:TrackPointExtension/>
        </extensions>
      </trkpt>
      <trkpt lat="32.0603637211024761199951171875" lon="118.72434991411864757537841796875">
        <ele>5.80000019073486328125</ele>
        <time>2021-11-15T04:22:29.000Z</time>
        <extensions>
          <ns3:TrackPointExtension/>
        </extensions>
      </trkpt>
      <trkpt lat="32.06030647270381450653076171875" lon="118.724342286586761474609375">
        <ele>6.19999980926513671875</ele>
        <time>2021-11-15T04:22:30.000Z</time>
        <extensions>
          <ns3:TrackPointExtension>
            <ns3:hr>135</ns3:hr>
          </ns3:TrackPointExtension>
        </extensions>
      </trkpt>
      <trkpt lat="32.0602530799806118011474609375" lon="118.72433465905487537384033203125">
        <ele>6.400000095367431640625</ele>
        <time>2021-11-15T04:22:31.000Z</time>
        <extensions>
          <ns3:TrackPointExtension/>
        </extensions>
      </trkpt>
      <trkpt lat="32.060195915400981903076171875" lon="118.72431940399110317230224609375">
        <ele>6.599999904632568359375</ele>
        <time>2021-11-15T04:22:32.000Z</time>
        <extensions>
          <ns3:TrackPointExtension/>
        </extensions>
      </trkpt>
      <trkpt lat="32.06013866700232028961181640625" lon="118.724311776459217071533203125">
        <ele>6.80000019073486328125</ele>
        <time>2021-11-15T04:22:33.000Z</time>
        <extensions>
          <ns3:TrackPointExtension/>
        </extensions>
      </trkpt>
      <trkpt lat="32.060085274279117584228515625" lon="118.7242965213954448699951171875">
        <ele>7.19999980926513671875</ele>
        <time>2021-11-15T04:22:34.000Z</time>
        <extensions>
          <ns3:TrackPointExtension/>
        </extensions>
      </trkpt>
      <trkpt lat="32.06002802588045597076416015625" lon="118.72428889386355876922607421875">
        <ele>7.80000019073486328125</ele>
        <time>2021-11-15T04:22:35.000Z</time>
        <extensions>
          <ns3:TrackPointExtension>
            <ns3:hr>135</ns3:hr>
          </ns3:TrackPointExtension>
        </extensions>
      </trkpt>
      <trkpt lat="32.059974633157253265380859375" lon="118.72427363879978656768798828125">
        <ele>8.19999980926513671875</ele>
        <time>2021-11-15T04:22:36.000Z</time>
        <extensions>
          <ns3:TrackPointExtension/>
        </extensions>
      </trkpt>
      <trkpt lat="32.05991738475859165191650390625" lon="118.7242660112679004669189453125">
        <ele>8.80000019073486328125</ele>
        <time>2021-11-15T04:22:37.000Z</time>
        <extensions>
          <ns3:TrackPointExtension/>
        </extensions>
      </trkpt>
      <trkpt lat="32.059863992035388946533203125" lon="118.724250756204128265380859375">
        <ele>9.19999980926513671875</ele>
        <time>2021-11-15T04:22:38.000Z</time>
        <extensions>
          <ns3:TrackPointExtension/>
        </extensions>
      </trkpt>
      <trkpt lat="32.05981059931218624114990234375" lon="118.72424312867224216461181640625">
        <ele>9.19999980926513671875</ele>
        <time>2021-11-15T04:22:39.000Z</time>
        <extensions>
          <ns3:TrackPointExtension/>
        </extensions>
      </trkpt>
      <trkpt lat="32.059753350913524627685546875" lon="118.7242355011403560638427734375">
        <ele>9.3999996185302734375</ele>
        <time>2021-11-15T04:22:40.000Z</time>
        <extensions>
          <ns3:TrackPointExtension>
            <ns3:hr>138</ns3:hr>
          </ns3:TrackPointExtension>
        </extensions>
      </trkpt>
      <trkpt lat="32.05969995819032192230224609375" lon="118.7242202460765838623046875">
        <ele>9.3999996185302734375</ele>
        <time>2021-11-15T04:22:41.000Z</time>
        <extensions>
          <ns3:TrackPointExtension/>
        </extensions>
      </trkpt>
      <trkpt lat="32.059642709791660308837890625" lon="118.72421261854469776153564453125">
        <ele>9.3999996185302734375</ele>
        <time>2021-11-15T04:22:42.000Z</time>
        <extensions>
          <ns3:TrackPointExtension/>
        </extensions>
      </trkpt>
      <trkpt lat="32.059581689536571502685546875" lon="118.7242049910128116607666015625">
        <ele>9.3999996185302734375</ele>
        <time>2021-11-15T04:22:43.000Z</time>
        <extensions>
          <ns3:TrackPointExtension/>
        </extensions>
      </trkpt>
      <trkpt lat="32.0595245249569416046142578125" lon="118.72419736348092555999755859375">
        <ele>9</ele>
        <time>2021-11-15T04:22:44.000Z</time>
        <extensions>
          <ns3:TrackPointExtension/>
        </extensions>
      </trkpt>
      <trkpt lat="32.059471048414707183837890625" lon="118.724189735949039459228515625">
        <ele>8.6000003814697265625</ele>
        <time>2021-11-15T04:22:45.000Z</time>
        <extensions>
          <ns3:TrackPointExtension>
            <ns3:hr>137</ns3:hr>
          </ns3:TrackPointExtension>
        </extensions>
      </trkpt>
      <trkpt lat="32.059410028159618377685546875" lon="118.72418210841715335845947265625">
        <ele>8</ele>
        <time>2021-11-15T04:22:46.000Z</time>
        <extensions>
          <ns3:TrackPointExtension/>
        </extensions>
      </trkpt>
      <trkpt lat="32.0593528635799884796142578125" lon="118.72416685335338115692138671875">
        <ele>7.400000095367431640625</ele>
        <time>2021-11-15T04:22:47.000Z</time>
        <extensions>
          <ns3:TrackPointExtension/>
        </extensions>
      </trkpt>
      <trkpt lat="32.05929561518132686614990234375" lon="118.72415922582149505615234375">
        <ele>7</ele>
        <time>2021-11-15T04:22:48.000Z</time>
        <extensions>
          <ns3:TrackPointExtension/>
        </extensions>
      </trkpt>
      <trkpt lat="32.059238366782665252685546875" lon="118.72415159828960895538330078125">
        <ele>7.19999980926513671875</ele>
        <time>2021-11-15T04:22:49.000Z</time>
        <extensions>
          <ns3:TrackPointExtension/>
        </extensions>
      </trkpt>
      <trkpt lat="32.0591812022030353546142578125" lon="118.7241439707577228546142578125">
        <ele>6.80000019073486328125</ele>
        <time>2021-11-15T04:22:50.000Z</time>
        <extensions>
          <ns3:TrackPointExtension>
            <ns3:hr>139</ns3:hr>
          </ns3:TrackPointExtension>
        </extensions>
      </trkpt>
      <trkpt lat="32.059127725660800933837890625" lon="118.724128715693950653076171875">
        <ele>6.599999904632568359375</ele>
        <time>2021-11-15T04:22:51.000Z</time>
        <extensions>
          <ns3:TrackPointExtension/>
        </extensions>
      </trkpt>
      <trkpt lat="32.0590705610811710357666015625" lon="118.72412108816206455230712890625">
        <ele>6.400000095367431640625</ele>
        <time>2021-11-15T04:22:53.000Z</time>
        <extensions>
          <ns3:TrackPointExtension/>
        </extensions>
      </trkpt>
      <trkpt lat="32.0590209402143955230712890625" lon="118.72410583309829235076904296875">
        <ele>6.19999980926513671875</ele>
        <time>2021-11-15T04:22:54.000Z</time>
        <extensions>
          <ns3:TrackPointExtension/>
        </extensions>
      </trkpt>
      <trkpt lat="32.05896754749119281768798828125" lon="118.724090494215488433837890625">
        <ele>6.19999980926513671875</ele>
        <time>2021-11-15T04:22:55.000Z</time>
        <extensions>
          <ns3:TrackPointExtension>
            <ns3:hr>141</ns3:hr>
          </ns3:TrackPointExtension>
        </extensions>
      </trkpt>
      <trkpt lat="32.0589141547679901123046875" lon="118.7240752391517162322998046875">
        <ele>6.400000095367431640625</ele>
        <time>2021-11-15T04:22:56.000Z</time>
        <extensions>
          <ns3:TrackPointExtension/>
        </extensions>
      </trkpt>
      <trkpt lat="32.05886076204478740692138671875" lon="118.72405998408794403076171875">
        <ele>6.400000095367431640625</ele>
        <time>2021-11-15T04:22:57.000Z</time>
        <extensions>
          <ns3:TrackPointExtension/>
        </extensions>
      </trkpt>
      <trkpt lat="32.05881114117801189422607421875" lon="118.7240447290241718292236328125">
        <ele>6.599999904632568359375</ele>
        <time>2021-11-15T04:22:58.000Z</time>
        <extensions>
          <ns3:TrackPointExtension/>
        </extensions>
      </trkpt>
      <trkpt lat="32.0587577484548091888427734375" lon="118.724029473960399627685546875">
        <ele>6.599999904632568359375</ele>
        <time>2021-11-15T04:22:59.000Z</time>
        <extensions>
          <ns3:TrackPointExtension/>
        </extensions>
      </trkpt>
      <trkpt lat="32.05870435573160648345947265625" lon="118.7240142188966274261474609375">
        <ele>7</ele>
        <time>2021-11-15T04:23:00.000Z</time>
        <extensions>
          <ns3:TrackPointExtension>
            <ns3:hr>137</ns3:hr>
          </ns3:TrackPointExtension>
        </extensions>
      </trkpt>
      <trkpt lat="32.058650963008403778076171875" lon="118.723998963832855224609375">
        <ele>7.19999980926513671875</ele>
        <time>2021-11-15T04:23:01.000Z</time>
        <extensions>
          <ns3:TrackPointExtension/>
        </extensions>
      </trkpt>
      <trkpt lat="32.0585974864661693572998046875" lon="118.7239837087690830230712890625">
        <ele>7.400000095367431640625</ele>
        <time>2021-11-15T04:23:02.000Z</time>
        <extensions>
          <ns3:TrackPointExtension/>
        </extensions>
      </trkpt>
      <trkpt lat="32.058540321886539459228515625" lon="118.723968453705310821533203125">
        <ele>7.80000019073486328125</ele>
        <time>2021-11-15T04:23:03.000Z</time>
        <extensions>
          <ns3:TrackPointExtension/>
        </extensions>
      </trkpt>
      <trkpt lat="32.05848307348787784576416015625" lon="118.72394557110965251922607421875">
        <ele>8</ele>
        <time>2021-11-15T04:23:04.000Z</time>
        <extensions>
          <ns3:TrackPointExtension/>
        </extensions>
      </trkpt>
      <trkpt lat="32.0584258250892162322998046875" lon="118.72393031604588031768798828125">
        <ele>8</ele>
        <time>2021-11-15T04:23:05.000Z</time>
        <extensions>
          <ns3:TrackPointExtension>
            <ns3:hr>136</ns3:hr>
          </ns3:TrackPointExtension>
        </extensions>
      </trkpt>
      <trkpt lat="32.05837243236601352691650390625" lon="118.72391506098210811614990234375">
        <ele>7.80000019073486328125</ele>
        <time>2021-11-15T04:23:06.000Z</time>
        <extensions>
          <ns3:TrackPointExtension/>
        </extensions>
      </trkpt>
      <trkpt lat="32.05831526778638362884521484375" lon="118.72389980591833591461181640625">
        <ele>7.80000019073486328125</ele>
        <time>2021-11-15T04:23:07.000Z</time>
        <extensions>
          <ns3:TrackPointExtension/>
        </extensions>
      </trkpt>
      <trkpt lat="32.05826179124414920806884765625" lon="118.7238769233226776123046875">
        <ele>7.80000019073486328125</ele>
        <time>2021-11-15T04:23:08.000Z</time>
        <extensions>
          <ns3:TrackPointExtension/>
        </extensions>
      </trkpt>
      <trkpt lat="32.058208398520946502685546875" lon="118.7238616682589054107666015625">
        <ele>7.80000019073486328125</ele>
        <time>2021-11-15T04:23:09.000Z</time>
        <extensions>
          <ns3:TrackPointExtension/>
        </extensions>
      </trkpt>
      <trkpt lat="32.05815500579774379730224609375" lon="118.72383878566324710845947265625">
        <ele>7.599999904632568359375</ele>
        <time>2021-11-15T04:23:10.000Z</time>
        <extensions>
          <ns3:TrackPointExtension>
            <ns3:hr>136</ns3:hr>
          </ns3:TrackPointExtension>
        </extensions>
      </trkpt>
      <trkpt lat="32.0581016130745410919189453125" lon="118.72382353059947490692138671875">
        <ele>7.599999904632568359375</ele>
        <time>2021-11-15T04:23:11.000Z</time>
        <extensions>
          <ns3:TrackPointExtension/>
        </extensions>
      </trkpt>
      <trkpt lat="32.05804822035133838653564453125" lon="118.72380827553570270538330078125">
        <ele>7.400000095367431640625</ele>
        <time>2021-11-15T04:23:12.000Z</time>
        <extensions>
          <ns3:TrackPointExtension/>
        </extensions>
      </trkpt>
      <trkpt lat="32.05799859948456287384033203125" lon="118.723785392940044403076171875">
        <ele>7.19999980926513671875</ele>
        <time>2021-11-15T04:23:13.000Z</time>
        <extensions>
          <ns3:TrackPointExtension/>
        </extensions>
      </trkpt>
      <trkpt lat="32.05794520676136016845703125" lon="118.7237701378762722015380859375">
        <ele>7</ele>
        <time>2021-11-15T04:23:14.000Z</time>
        <extensions>
          <ns3:TrackPointExtension/>
        </extensions>
      </trkpt>
      <trkpt lat="32.05789558589458465576171875" lon="118.7237548828125">
        <ele>7</ele>
        <time>2021-11-15T04:23:15.000Z</time>
        <extensions>
          <ns3:TrackPointExtension>
            <ns3:hr>135</ns3:hr>
          </ns3:TrackPointExtension>
        </extensions>
      </trkpt>
      <trkpt lat="32.05784604884684085845947265625" lon="118.72373954392969608306884765625">
        <ele>7</ele>
        <time>2021-11-15T04:23:16.000Z</time>
        <extensions>
          <ns3:TrackPointExtension/>
        </extensions>
      </trkpt>
      <trkpt lat="32.057792656123638153076171875" lon="118.72371666133403778076171875">
        <ele>7</ele>
        <time>2021-11-15T04:23:17.000Z</time>
        <extensions>
          <ns3:TrackPointExtension/>
        </extensions>
      </trkpt>
      <trkpt lat="32.057743035256862640380859375" lon="118.7237014062702655792236328125">
        <ele>7</ele>
        <time>2021-11-15T04:23:18.000Z</time>
        <extensions>
          <ns3:TrackPointExtension/>
        </extensions>
      </trkpt>
      <trkpt lat="32.05768964253365993499755859375" lon="118.723686151206493377685546875">
        <ele>7</ele>
        <time>2021-11-15T04:23:19.000Z</time>
        <extensions>
          <ns3:TrackPointExtension/>
        </extensions>
      </trkpt>
      <trkpt lat="32.0576362498104572296142578125" lon="118.7236708961427211761474609375">
        <ele>7</ele>
        <time>2021-11-15T04:23:20.000Z</time>
        <extensions>
          <ns3:TrackPointExtension>
            <ns3:hr>138</ns3:hr>
          </ns3:TrackPointExtension>
        </extensions>
      </trkpt>
      <trkpt lat="32.057582773268222808837890625" lon="118.72364801354706287384033203125">
        <ele>6.400000095367431640625</ele>
        <time>2021-11-15T04:23:21.000Z</time>
        <extensions>
          <ns3:TrackPointExtension/>
        </extensions>
      </trkpt>
      <trkpt lat="32.0575256086885929107666015625" lon="118.72363275848329067230224609375">
        <ele>6</ele>
        <time>2021-11-15T04:23:22.000Z</time>
        <extensions>
          <ns3:TrackPointExtension/>
        </extensions>
      </trkpt>
      <trkpt lat="32.05746836028993129730224609375" lon="118.7236098758876323699951171875">
        <ele>5.599999904632568359375</ele>
        <time>2021-11-15T04:23:23.000Z</time>
        <extensions>
          <ns3:TrackPointExtension/>
        </extensions>
      </trkpt>
      <trkpt lat="32.0574149675667285919189453125" lon="118.72359462082386016845703125">
        <ele>5.19999980926513671875</ele>
        <time>2021-11-15T04:23:24.000Z</time>
        <extensions>
          <ns3:TrackPointExtension/>
        </extensions>
      </trkpt>
      <trkpt lat="32.05736157484352588653564453125" lon="118.72357173822820186614990234375">
        <ele>5</ele>
        <time>2021-11-15T04:23:25.000Z</time>
        <extensions>
          <ns3:TrackPointExtension>
            <ns3:hr>143</ns3:hr>
          </ns3:TrackPointExtension>
        </extensions>
      </trkpt>
      <trkpt lat="32.05730818212032318115234375" lon="118.72355648316442966461181640625">
        <ele>5</ele>
        <time>2021-11-15T04:23:26.000Z</time>
        <extensions>
          <ns3:TrackPointExtension/>
        </extensions>
      </trkpt>
      <trkpt lat="32.05725093372166156768798828125" lon="118.7235336005687713623046875">
        <ele>5</ele>
        <time>2021-11-15T04:23:27.000Z</time>
        <extensions>
          <ns3:TrackPointExtension/>
        </extensions>
      </trkpt>
      <trkpt lat="32.0571975409984588623046875" lon="118.72351071797311305999755859375">
        <ele>4.80000019073486328125</ele>
        <time>2021-11-15T04:23:28.000Z</time>
        <extensions>
          <ns3:TrackPointExtension/>
        </extensions>
      </trkpt>
      <trkpt lat="32.05714029259979724884033203125" lon="118.72349546290934085845947265625">
        <ele>4.80000019073486328125</ele>
        <time>2021-11-15T04:23:29.000Z</time>
        <extensions>
          <ns3:TrackPointExtension/>
        </extensions>
      </trkpt>
      <trkpt lat="32.05708689987659454345703125" lon="118.72347258031368255615234375">
        <ele>4.599999904632568359375</ele>
        <time>2021-11-15T04:23:30.000Z</time>
        <extensions>
          <ns3:TrackPointExtension>
            <ns3:hr>147</ns3:hr>
          </ns3:TrackPointExtension>
        </extensions>
      </trkpt>
      <trkpt lat="32.05703350715339183807373046875" lon="118.7234573252499103546142578125">
        <ele>4.400000095367431640625</ele>
        <time>2021-11-15T04:23:31.000Z</time>
        <extensions>
          <ns3:TrackPointExtension/>
        </extensions>
      </trkpt>
      <trkpt lat="32.05698388628661632537841796875" lon="118.72343444265425205230712890625">
        <ele>4.19999980926513671875</ele>
        <time>2021-11-15T04:23:32.000Z</time>
        <extensions>
          <ns3:TrackPointExtension/>
        </extensions>
      </trkpt>
      <trkpt lat="32.0569304935634136199951171875" lon="118.72341918759047985076904296875">
        <ele>4.19999980926513671875</ele>
        <time>2021-11-15T04:23:33.000Z</time>
        <extensions>
          <ns3:TrackPointExtension/>
        </extensions>
      </trkpt>
      <trkpt lat="32.0568808726966381072998046875" lon="118.72339622117578983306884765625">
        <ele>4</ele>
        <time>2021-11-15T04:23:34.000Z</time>
        <extensions>
          <ns3:TrackPointExtension/>
        </extensions>
      </trkpt>
      <trkpt lat="32.05683133564889430999755859375" lon="118.72338096611201763153076171875">
        <ele>4</ele>
        <time>2021-11-15T04:23:35.000Z</time>
        <extensions>
          <ns3:TrackPointExtension>
            <ns3:hr>150</ns3:hr>
          </ns3:TrackPointExtension>
        </extensions>
      </trkpt>
      <trkpt lat="32.05678171478211879730224609375" lon="118.7233580835163593292236328125">
        <ele>4</ele>
        <time>2021-11-15T04:23:36.000Z</time>
        <extensions>
          <ns3:TrackPointExtension/>
        </extensions>
      </trkpt>
      <trkpt lat="32.05673594959080219268798828125" lon="118.72333520092070102691650390625">
        <ele>4</ele>
        <time>2021-11-15T04:23:37.000Z</time>
        <extensions>
          <ns3:TrackPointExtension/>
        </extensions>
      </trkpt>
      <trkpt lat="32.05668632872402667999267578125" lon="118.72331994585692882537841796875">
        <ele>4.19999980926513671875</ele>
        <time>2021-11-15T04:23:38.000Z</time>
        <extensions>
          <ns3:TrackPointExtension/>
        </extensions>
      </trkpt>
      <trkpt lat="32.0566367916762828826904296875" lon="118.7232970632612705230712890625">
        <ele>4.400000095367431640625</ele>
        <time>2021-11-15T04:23:39.000Z</time>
        <extensions>
          <ns3:TrackPointExtension/>
        </extensions>
      </trkpt>
      <trkpt lat="32.056591026484966278076171875" lon="118.723281808197498321533203125">
        <ele>4.400000095367431640625</ele>
        <time>2021-11-15T04:23:40.000Z</time>
        <extensions>
          <ns3:TrackPointExtension>
            <ns3:hr>149</ns3:hr>
          </ns3:TrackPointExtension>
        </extensions>
      </trkpt>
      <trkpt lat="32.05654517747461795806884765625" lon="118.72325892560184001922607421875">
        <ele>4.599999904632568359375</ele>
        <time>2021-11-15T04:23:41.000Z</time>
        <extensions>
          <ns3:TrackPointExtension/>
        </extensions>
      </trkpt>
      <trkpt lat="32.05649941228330135345458984375" lon="118.72324367053806781768798828125">
        <ele>4.599999904632568359375</ele>
        <time>2021-11-15T04:23:42.000Z</time>
        <extensions>
          <ns3:TrackPointExtension/>
        </extensions>
      </trkpt>
      <trkpt lat="32.05645750276744365692138671875" lon="118.72322841547429561614990234375">
        <ele>4.80000019073486328125</ele>
        <time>2021-11-15T04:23:43.000Z</time>
        <extensions>
          <ns3:TrackPointExtension/>
        </extensions>
      </trkpt>
      <trkpt lat="32.05641173757612705230712890625" lon="118.7232055328786373138427734375">
        <ele>4.80000019073486328125</ele>
        <time>2021-11-15T04:23:44.000Z</time>
        <extensions>
          <ns3:TrackPointExtension/>
        </extensions>
      </trkpt>
      <trkpt lat="32.0563658885657787322998046875" lon="118.7231902778148651123046875">
        <ele>5</ele>
        <time>2021-11-15T04:23:45.000Z</time>
        <extensions>
          <ns3:TrackPointExtension>
            <ns3:hr>150</ns3:hr>
          </ns3:TrackPointExtension>
        </extensions>
      </trkpt>
      <trkpt lat="32.0563239790499210357666015625" lon="118.7231750227510929107666015625">
        <ele>5</ele>
        <time>2021-11-15T04:23:46.000Z</time>
        <extensions>
          <ns3:TrackPointExtension/>
        </extensions>
      </trkpt>
      <trkpt lat="32.05627821385860443115234375" lon="118.723159767687320709228515625">
        <ele>5.19999980926513671875</ele>
        <time>2021-11-15T04:23:47.000Z</time>
        <extensions>
          <ns3:TrackPointExtension/>
        </extensions>
      </trkpt>
      <trkpt lat="32.05623622052371501922607421875" lon="118.7231445126235485076904296875">
        <ele>5.400000095367431640625</ele>
        <time>2021-11-15T04:23:48.000Z</time>
        <extensions>
          <ns3:TrackPointExtension/>
        </extensions>
      </trkpt>
      <trkpt lat="32.0561942271888256072998046875" lon="118.72312925755977630615234375">
        <ele>5.599999904632568359375</ele>
        <time>2021-11-15T04:23:49.000Z</time>
        <extensions>
          <ns3:TrackPointExtension/>
        </extensions>
      </trkpt>
      <trkpt lat="32.05615994520485401153564453125" lon="118.72312163002789020538330078125">
        <ele>5.80000019073486328125</ele>
        <time>2021-11-15T04:23:50.000Z</time>
        <extensions>
          <ns3:TrackPointExtension>
            <ns3:hr>152</ns3:hr>
          </ns3:TrackPointExtension>
        </extensions>
      </trkpt>
      <trkpt lat="32.05612557940185070037841796875" lon="118.72312163002789020538330078125">
        <ele>6</ele>
        <time>2021-11-15T04:23:51.000Z</time>
        <extensions>
          <ns3:TrackPointExtension/>
        </extensions>
      </trkpt>
      <trkpt lat="32.0560912974178791046142578125" lon="118.72312925755977630615234375">
        <ele>6.400000095367431640625</ele>
        <time>2021-11-15T04:23:52.000Z</time>
        <extensions>
          <ns3:TrackPointExtension/>
        </extensions>
      </trkpt>
      <trkpt lat="32.0560607872903347015380859375" lon="118.72313688509166240692138671875">
        <ele>6.599999904632568359375</ele>
        <time>2021-11-15T04:23:53.000Z</time>
        <extensions>
          <ns3:TrackPointExtension/>
        </extensions>
      </trkpt>
      <trkpt lat="32.05603019334375858306884765625" lon="118.723159767687320709228515625">
        <ele>7</ele>
        <time>2021-11-15T04:23:54.000Z</time>
        <extensions>
          <ns3:TrackPointExtension/>
        </extensions>
      </trkpt>
      <trkpt lat="32.05600353889167308807373046875" lon="118.7231750227510929107666015625">
        <ele>7.400000095367431640625</ele>
        <time>2021-11-15T04:23:55.000Z</time>
        <extensions>
          <ns3:TrackPointExtension>
            <ns3:hr>152</ns3:hr>
          </ns3:TrackPointExtension>
        </extensions>
      </trkpt>
      <trkpt lat="32.055976800620555877685546875" lon="118.72319790534675121307373046875">
        <ele>7.80000019073486328125</ele>
        <time>2021-11-15T04:23:56.000Z</time>
        <extensions>
          <ns3:TrackPointExtension/>
        </extensions>
      </trkpt>
      <trkpt lat="32.0559501461684703826904296875" lon="118.72322841547429561614990234375">
        <ele>8</ele>
        <time>2021-11-15T04:23:57.000Z</time>
        <extensions>
          <ns3:TrackPointExtension/>
        </extensions>
      </trkpt>
      <trkpt lat="32.0559196360409259796142578125" lon="118.72325129806995391845703125">
        <ele>8.19999980926513671875</ele>
        <time>2021-11-15T04:23:58.000Z</time>
        <extensions>
          <ns3:TrackPointExtension/>
        </extensions>
      </trkpt>
      <trkpt lat="32.05589289776980876922607421875" lon="118.723281808197498321533203125">
        <ele>8.3999996185302734375</ele>
        <time>2021-11-15T04:23:59.000Z</time>
        <extensions>
          <ns3:TrackPointExtension/>
        </extensions>
      </trkpt>
      <trkpt lat="32.055866159498691558837890625" lon="118.723312318325042724609375">
        <ele>9</ele>
        <time>2021-11-15T04:24:00.000Z</time>
        <extensions>
          <ns3:TrackPointExtension>
            <ns3:hr>152</ns3:hr>
          </ns3:TrackPointExtension>
        </extensions>
      </trkpt>
      <trkpt lat="32.05583564937114715576171875" lon="118.72335045598447322845458984375">
        <ele>9.80000019073486328125</ele>
        <time>2021-11-15T04:24:01.000Z</time>
        <extensions>
          <ns3:TrackPointExtension/>
        </extensions>
      </trkpt>
      <trkpt lat="32.055805139243602752685546875" lon="118.7233885936439037322998046875">
        <ele>10.6000003814697265625</ele>
        <time>2021-11-15T04:24:02.000Z</time>
        <extensions>
          <ns3:TrackPointExtension/>
        </extensions>
      </trkpt>
      <trkpt lat="32.055774629116058349609375" lon="118.7234268151223659515380859375">
        <ele>11</ele>
        <time>2021-11-15T04:24:03.000Z</time>
        <extensions>
          <ns3:TrackPointExtension/>
        </extensions>
      </trkpt>
      <trkpt lat="32.055744118988513946533203125" lon="118.72346495278179645538330078125">
        <ele>11.19999980926513671875</ele>
        <time>2021-11-15T04:24:04.000Z</time>
        <extensions>
          <ns3:TrackPointExtension/>
        </extensions>
      </trkpt>
      <trkpt lat="32.05572123639285564422607421875" lon="118.72351071797311305999755859375">
        <ele>11.3999996185302734375</ele>
        <time>2021-11-15T04:24:05.000Z</time>
        <extensions>
          <ns3:TrackPointExtension>
            <ns3:hr>149</ns3:hr>
          </ns3:TrackPointExtension>
        </extensions>
      </trkpt>
      <trkpt lat="32.0556983537971973419189453125" lon="118.723564110696315765380859375">
        <ele>11.6000003814697265625</ele>
        <time>2021-11-15T04:24:06.000Z</time>
        <extensions>
          <ns3:TrackPointExtension/>
        </extensions>
      </trkpt>
      <trkpt lat="32.0556792430579662322998046875" lon="118.72361750341951847076416015625">
        <ele>11.6000003814697265625</ele>
        <time>2021-11-15T04:24:07.000Z</time>
        <extensions>
          <ns3:TrackPointExtension/>
        </extensions>
      </trkpt>
      <trkpt lat="32.0556678436696529388427734375" lon="118.723686151206493377685546875">
        <ele>11.6000003814697265625</ele>
        <time>2021-11-15T04:24:08.000Z</time>
        <extensions>
          <ns3:TrackPointExtension/>
        </extensions>
      </trkpt>
      <trkpt lat="32.05566021613776683807373046875" lon="118.7237548828125">
        <ele>11.3999996185302734375</ele>
        <time>2021-11-15T04:24:09.000Z</time>
        <extensions>
          <ns3:TrackPointExtension/>
        </extensions>
      </trkpt>
      <trkpt lat="32.05565636046230792999267578125" lon="118.72382353059947490692138671875">
        <ele>11</ele>
        <time>2021-11-15T04:24:10.000Z</time>
        <extensions>
          <ns3:TrackPointExtension>
            <ns3:hr>146</ns3:hr>
          </ns3:TrackPointExtension>
        </extensions>
      </trkpt>
      <trkpt lat="32.0556525886058807373046875" lon="118.723907433450222015380859375">
        <ele>10.80000019073486328125</ele>
        <time>2021-11-15T04:24:11.000Z</time>
        <extensions>
          <ns3:TrackPointExtension/>
        </extensions>
      </trkpt>
      <trkpt lat="32.05565636046230792999267578125" lon="118.7239837087690830230712890625">
        <ele>10.80000019073486328125</ele>
        <time>2021-11-15T04:24:12.000Z</time>
        <extensions>
          <ns3:TrackPointExtension/>
        </extensions>
      </trkpt>
      <trkpt lat="32.05566021613776683807373046875" lon="118.72405998408794403076171875">
        <ele>10.80000019073486328125</ele>
        <time>2021-11-15T04:24:13.000Z</time>
        <extensions>
          <ns3:TrackPointExtension/>
        </extensions>
      </trkpt>
      <trkpt lat="32.0556678436696529388427734375" lon="118.7241439707577228546142578125">
        <ele>10.80000019073486328125</ele>
        <time>2021-11-15T04:24:14.000Z</time>
        <extensions>
          <ns3:TrackPointExtension/>
        </extensions>
      </trkpt>
      <trkpt lat="32.05567547120153903961181640625" lon="118.72422787360846996307373046875">
        <ele>10.80000019073486328125</ele>
        <time>2021-11-15T04:24:15.000Z</time>
        <extensions>
          <ns3:TrackPointExtension>
            <ns3:hr>147</ns3:hr>
          </ns3:TrackPointExtension>
        </extensions>
      </trkpt>
      <trkpt lat="32.05567547120153903961181640625" lon="118.72430414892733097076416015625">
        <ele>10.19999980926513671875</ele>
        <time>2021-11-15T04:24:16.000Z</time>
        <extensions>
          <ns3:TrackPointExtension/>
        </extensions>
      </trkpt>
      <trkpt lat="32.05567547120153903961181640625" lon="118.72438042424619197845458984375">
        <ele>9.6000003814697265625</ele>
        <time>2021-11-15T04:24:17.000Z</time>
        <extensions>
          <ns3:TrackPointExtension/>
        </extensions>
      </trkpt>
      <trkpt lat="32.0556792430579662322998046875" lon="118.7244567833840847015380859375">
        <ele>9.19999980926513671875</ele>
        <time>2021-11-15T04:24:18.000Z</time>
        <extensions>
          <ns3:TrackPointExtension/>
        </extensions>
      </trkpt>
      <trkpt lat="32.0556792430579662322998046875" lon="118.72452543117105960845947265625">
        <ele>8.80000019073486328125</ele>
        <time>2021-11-15T04:24:19.000Z</time>
        <extensions>
          <ns3:TrackPointExtension/>
        </extensions>
      </trkpt>
      <trkpt lat="32.0556792430579662322998046875" lon="118.724594078958034515380859375">
        <ele>8.19999980926513671875</ele>
        <time>2021-11-15T04:24:20.000Z</time>
        <extensions>
          <ns3:TrackPointExtension>
            <ns3:hr>144</ns3:hr>
          </ns3:TrackPointExtension>
        </extensions>
      </trkpt>
      <trkpt lat="32.0556792430579662322998046875" lon="118.724655099213123321533203125">
        <ele>7.80000019073486328125</ele>
        <time>2021-11-15T04:24:21.000Z</time>
        <extensions>
          <ns3:TrackPointExtension/>
        </extensions>
      </trkpt>
      <trkpt lat="32.0556792430579662322998046875" lon="118.724716119468212127685546875">
        <ele>7.400000095367431640625</ele>
        <time>2021-11-15T04:24:22.000Z</time>
        <extensions>
          <ns3:TrackPointExtension/>
        </extensions>
      </trkpt>
      <trkpt lat="32.05567547120153903961181640625" lon="118.72476951219141483306884765625">
        <ele>7.19999980926513671875</ele>
        <time>2021-11-15T04:24:23.000Z</time>
        <extensions>
          <ns3:TrackPointExtension/>
        </extensions>
      </trkpt>
      <trkpt lat="32.05567547120153903961181640625" lon="118.72482298873364925384521484375">
        <ele>7.19999980926513671875</ele>
        <time>2021-11-15T04:24:24.000Z</time>
        <extensions>
          <ns3:TrackPointExtension/>
        </extensions>
      </trkpt>
      <trkpt lat="32.05567161552608013153076171875" lon="118.72486875392496585845947265625">
        <ele>7.19999980926513671875</ele>
        <time>2021-11-15T04:24:25.000Z</time>
        <extensions>
          <ns3:TrackPointExtension>
            <ns3:hr>138</ns3:hr>
          </ns3:TrackPointExtension>
        </extensions>
      </trkpt>
      <trkpt lat="32.05567161552608013153076171875" lon="118.7249068915843963623046875">
        <ele>7.19999980926513671875</ele>
        <time>2021-11-15T04:24:26.000Z</time>
        <extensions>
          <ns3:TrackPointExtension/>
        </extensions>
      </trkpt>
      <trkpt lat="32.05567161552608013153076171875" lon="118.7249526567757129669189453125">
        <ele>7.19999980926513671875</ele>
        <time>2021-11-15T04:24:27.000Z</time>
        <extensions>
          <ns3:TrackPointExtension/>
        </extensions>
      </trkpt>
      <trkpt lat="32.05567547120153903961181640625" lon="118.724998421967029571533203125">
        <ele>7.19999980926513671875</ele>
        <time>2021-11-15T04:24:28.000Z</time>
        <extensions>
          <ns3:TrackPointExtension/>
        </extensions>
      </trkpt>
      <trkpt lat="32.0556792430579662322998046875" lon="118.72503655962646007537841796875">
        <ele>7.19999980926513671875</ele>
        <time>2021-11-15T04:24:29.000Z</time>
        <extensions>
          <ns3:TrackPointExtension/>
        </extensions>
      </trkpt>
      <trkpt lat="32.055683098733425140380859375" lon="118.72508232481777667999267578125">
        <ele>7</ele>
        <time>2021-11-15T04:24:30.000Z</time>
        <extensions>
          <ns3:TrackPointExtension>
            <ns3:hr>137</ns3:hr>
          </ns3:TrackPointExtension>
        </extensions>
      </trkpt>
      <trkpt lat="32.055683098733425140380859375" lon="118.725128173828125">
        <ele>7</ele>
        <time>2021-11-15T04:24:31.000Z</time>
        <extensions>
          <ns3:TrackPointExtension/>
        </extensions>
      </trkpt>
      <trkpt lat="32.05568687058985233306884765625" lon="118.7251739390194416046142578125">
        <ele>7</ele>
        <time>2021-11-15T04:24:32.000Z</time>
        <extensions>
          <ns3:TrackPointExtension/>
        </extensions>
      </trkpt>
      <trkpt lat="32.05568687058985233306884765625" lon="118.72522733174264430999755859375">
        <ele>7</ele>
        <time>2021-11-15T04:24:33.000Z</time>
        <extensions>
          <ns3:TrackPointExtension/>
        </extensions>
      </trkpt>
      <trkpt lat="32.05569072626531124114990234375" lon="118.72527309693396091461181640625">
        <ele>7</ele>
        <time>2021-11-15T04:24:34.000Z</time>
        <extensions>
          <ns3:TrackPointExtension/>
        </extensions>
      </trkpt>
      <trkpt lat="32.05569072626531124114990234375" lon="118.7253264896571636199951171875">
        <ele>7</ele>
        <time>2021-11-15T04:24:35.000Z</time>
        <extensions>
          <ns3:TrackPointExtension>
            <ns3:hr>141</ns3:hr>
          </ns3:TrackPointExtension>
        </extensions>
      </trkpt>
      <trkpt lat="32.055694498121738433837890625" lon="118.72537988238036632537841796875">
        <ele>7.19999980926513671875</ele>
        <time>2021-11-15T04:24:36.000Z</time>
        <extensions>
          <ns3:TrackPointExtension/>
        </extensions>
      </trkpt>
      <trkpt lat="32.0556983537971973419189453125" lon="118.72543327510356903076171875">
        <ele>7</ele>
        <time>2021-11-15T04:24:37.000Z</time>
        <extensions>
          <ns3:TrackPointExtension/>
        </extensions>
      </trkpt>
      <trkpt lat="32.0556983537971973419189453125" lon="118.7254867516458034515380859375">
        <ele>7</ele>
        <time>2021-11-15T04:24:38.000Z</time>
        <extensions>
          <ns3:TrackPointExtension/>
        </extensions>
      </trkpt>
      <trkpt lat="32.05570220947265625" lon="118.72554014436900615692138671875">
        <ele>7</ele>
        <time>2021-11-15T04:24:39.000Z</time>
        <extensions>
          <ns3:TrackPointExtension/>
        </extensions>
      </trkpt>
      <trkpt lat="32.05570220947265625" lon="118.72560116462409496307373046875">
        <ele>7</ele>
        <time>2021-11-15T04:24:40.000Z</time>
        <extensions>
          <ns3:TrackPointExtension>
            <ns3:hr>144</ns3:hr>
          </ns3:TrackPointExtension>
        </extensions>
      </trkpt>
      <trkpt lat="32.05570598132908344268798828125" lon="118.72566218487918376922607421875">
        <ele>7.19999980926513671875</ele>
        <time>2021-11-15T04:24:41.000Z</time>
        <extensions>
          <ns3:TrackPointExtension/>
        </extensions>
      </trkpt>
      <trkpt lat="32.05570983700454235076904296875" lon="118.72572320513427257537841796875">
        <ele>7.400000095367431640625</ele>
        <time>2021-11-15T04:24:42.000Z</time>
        <extensions>
          <ns3:TrackPointExtension/>
        </extensions>
      </trkpt>
      <trkpt lat="32.05570983700454235076904296875" lon="118.72577659785747528076171875">
        <ele>7.599999904632568359375</ele>
        <time>2021-11-15T04:24:43.000Z</time>
        <extensions>
          <ns3:TrackPointExtension/>
        </extensions>
      </trkpt>
      <trkpt lat="32.05571360886096954345703125" lon="118.72583770193159580230712890625">
        <ele>7.80000019073486328125</ele>
        <time>2021-11-15T04:24:44.000Z</time>
        <extensions>
          <ns3:TrackPointExtension/>
        </extensions>
      </trkpt>
      <trkpt lat="32.05571360886096954345703125" lon="118.72589872218668460845947265625">
        <ele>8</ele>
        <time>2021-11-15T04:24:45.000Z</time>
        <extensions>
          <ns3:TrackPointExtension>
            <ns3:hr>143</ns3:hr>
          </ns3:TrackPointExtension>
        </extensions>
      </trkpt>
      <trkpt lat="32.05571360886096954345703125" lon="118.7259521149098873138427734375">
        <ele>8.19999980926513671875</ele>
        <time>2021-11-15T04:24:46.000Z</time>
        <extensions>
          <ns3:TrackPointExtension/>
        </extensions>
      </trkpt>
      <trkpt lat="32.05571360886096954345703125" lon="118.7260131351649761199951171875">
        <ele>8.3999996185302734375</ele>
        <time>2021-11-15T04:24:47.000Z</time>
        <extensions>
          <ns3:TrackPointExtension/>
        </extensions>
      </trkpt>
      <trkpt lat="32.05571360886096954345703125" lon="118.72606652788817882537841796875">
        <ele>8.6000003814697265625</ele>
        <time>2021-11-15T04:24:48.000Z</time>
        <extensions>
          <ns3:TrackPointExtension/>
        </extensions>
      </trkpt>
      <trkpt lat="32.0557174645364284515380859375" lon="118.72611992061138153076171875">
        <ele>8.80000019073486328125</ele>
        <time>2021-11-15T04:24:49.000Z</time>
        <extensions>
          <ns3:TrackPointExtension/>
        </extensions>
      </trkpt>
      <trkpt lat="32.0557174645364284515380859375" lon="118.72618102468550205230712890625">
        <ele>9</ele>
        <time>2021-11-15T04:24:50.000Z</time>
        <extensions>
          <ns3:TrackPointExtension>
            <ns3:hr>143</ns3:hr>
          </ns3:TrackPointExtension>
        </extensions>
      </trkpt>
      <trkpt lat="32.05572123639285564422607421875" lon="118.7262344174087047576904296875">
        <ele>8.80000019073486328125</ele>
        <time>2021-11-15T04:24:51.000Z</time>
        <extensions>
          <ns3:TrackPointExtension/>
        </extensions>
      </trkpt>
      <trkpt lat="32.05572123639285564422607421875" lon="118.7262954376637935638427734375">
        <ele>8.6000003814697265625</ele>
        <time>2021-11-15T04:24:52.000Z</time>
        <extensions>
          <ns3:TrackPointExtension/>
        </extensions>
      </trkpt>
      <trkpt lat="32.05572509206831455230712890625" lon="118.72634883038699626922607421875">
        <ele>8.3999996185302734375</ele>
        <time>2021-11-15T04:24:53.000Z</time>
        <extensions>
          <ns3:TrackPointExtension/>
        </extensions>
      </trkpt>
      <trkpt lat="32.0557288639247417449951171875" lon="118.726402223110198974609375">
        <ele>8.19999980926513671875</ele>
        <time>2021-11-15T04:24:54.000Z</time>
        <extensions>
          <ns3:TrackPointExtension/>
        </extensions>
      </trkpt>
      <trkpt lat="32.055732719600200653076171875" lon="118.72645561583340167999267578125">
        <ele>8</ele>
        <time>2021-11-15T04:24:55.000Z</time>
        <extensions>
          <ns3:TrackPointExtension>
            <ns3:hr>145</ns3:hr>
          </ns3:TrackPointExtension>
        </extensions>
      </trkpt>
      <trkpt lat="32.05573649145662784576416015625" lon="118.72650909237563610076904296875">
        <ele>7.599999904632568359375</ele>
        <time>2021-11-15T04:24:56.000Z</time>
        <extensions>
          <ns3:TrackPointExtension/>
        </extensions>
      </trkpt>
      <trkpt lat="32.05574034713208675384521484375" lon="118.72656248509883880615234375">
        <ele>7.400000095367431640625</ele>
        <time>2021-11-15T04:24:57.000Z</time>
        <extensions>
          <ns3:TrackPointExtension/>
        </extensions>
      </trkpt>
      <trkpt lat="32.055744118988513946533203125" lon="118.72661587782204151153564453125">
        <ele>7</ele>
        <time>2021-11-15T04:24:59.000Z</time>
        <extensions>
          <ns3:TrackPointExtension/>
        </extensions>
      </trkpt>
      <trkpt lat="32.055744118988513946533203125" lon="118.72666164301335811614990234375">
        <ele>6.599999904632568359375</ele>
        <time>2021-11-15T04:25:00.000Z</time>
        <extensions>
          <ns3:TrackPointExtension>
            <ns3:hr>142</ns3:hr>
          </ns3:TrackPointExtension>
        </extensions>
      </trkpt>
      <trkpt lat="32.0557479746639728546142578125" lon="118.72670740820467472076416015625">
        <ele>6.19999980926513671875</ele>
        <time>2021-11-15T04:25:01.000Z</time>
        <extensions>
          <ns3:TrackPointExtension/>
        </extensions>
      </trkpt>
      <trkpt lat="32.0557479746639728546142578125" lon="118.726745545864105224609375">
        <ele>6</ele>
        <time>2021-11-15T04:25:02.000Z</time>
        <extensions>
          <ns3:TrackPointExtension/>
        </extensions>
      </trkpt>
      <trkpt lat="32.0557479746639728546142578125" lon="118.7267913110554218292236328125">
        <ele>6</ele>
        <time>2021-11-15T04:25:03.000Z</time>
        <extensions>
          <ns3:TrackPointExtension/>
        </extensions>
      </trkpt>
      <trkpt lat="32.0557479746639728546142578125" lon="118.72682944871485233306884765625">
        <ele>5.80000019073486328125</ele>
        <time>2021-11-15T04:25:04.000Z</time>
        <extensions>
          <ns3:TrackPointExtension/>
        </extensions>
      </trkpt>
      <trkpt lat="32.0557479746639728546142578125" lon="118.72686767019331455230712890625">
        <ele>5.599999904632568359375</ele>
        <time>2021-11-15T04:25:05.000Z</time>
        <extensions>
          <ns3:TrackPointExtension>
            <ns3:hr>144</ns3:hr>
          </ns3:TrackPointExtension>
        </extensions>
      </trkpt>
      <trkpt lat="32.0557479746639728546142578125" lon="118.72690580785274505615234375">
        <ele>5.599999904632568359375</ele>
        <time>2021-11-15T04:25:06.000Z</time>
        <extensions>
          <ns3:TrackPointExtension/>
        </extensions>
      </trkpt>
      <trkpt lat="32.0557479746639728546142578125" lon="118.72694394551217555999755859375">
        <ele>5.400000095367431640625</ele>
        <time>2021-11-15T04:25:07.000Z</time>
        <extensions>
          <ns3:TrackPointExtension/>
        </extensions>
      </trkpt>
      <trkpt lat="32.0557479746639728546142578125" lon="118.7269820831716060638427734375">
        <ele>5.19999980926513671875</ele>
        <time>2021-11-15T04:25:08.000Z</time>
        <extensions>
          <ns3:TrackPointExtension/>
        </extensions>
      </trkpt>
      <trkpt lat="32.055744118988513946533203125" lon="118.72702784836292266845703125">
        <ele>5.19999980926513671875</ele>
        <time>2021-11-15T04:25:09.000Z</time>
        <extensions>
          <ns3:TrackPointExtension/>
        </extensions>
      </trkpt>
      <trkpt lat="32.05574034713208675384521484375" lon="118.72706598602235317230224609375">
        <ele>5.19999980926513671875</ele>
        <time>2021-11-15T04:25:10.000Z</time>
        <extensions>
          <ns3:TrackPointExtension>
            <ns3:hr>141</ns3:hr>
          </ns3:TrackPointExtension>
        </extensions>
      </trkpt>
      <trkpt lat="32.05574034713208675384521484375" lon="118.727119378745555877685546875">
        <ele>5.400000095367431640625</ele>
        <time>2021-11-15T04:25:11.000Z</time>
        <extensions>
          <ns3:TrackPointExtension/>
        </extensions>
      </trkpt>
      <trkpt lat="32.05573649145662784576416015625" lon="118.7271651439368724822998046875">
        <ele>5.599999904632568359375</ele>
        <time>2021-11-15T04:25:12.000Z</time>
        <extensions>
          <ns3:TrackPointExtension/>
        </extensions>
      </trkpt>
      <trkpt lat="32.05573649145662784576416015625" lon="118.727218620479106903076171875">
        <ele>5.80000019073486328125</ele>
        <time>2021-11-15T04:25:13.000Z</time>
        <extensions>
          <ns3:TrackPointExtension/>
        </extensions>
      </trkpt>
      <trkpt lat="32.05573649145662784576416015625" lon="118.727279640734195709228515625">
        <ele>6</ele>
        <time>2021-11-15T04:25:14.000Z</time>
        <extensions>
          <ns3:TrackPointExtension/>
        </extensions>
      </trkpt>
      <trkpt lat="32.05573649145662784576416015625" lon="118.72733303345739841461181640625">
        <ele>6.19999980926513671875</ele>
        <time>2021-11-15T04:25:15.000Z</time>
        <extensions>
          <ns3:TrackPointExtension>
            <ns3:hr>133</ns3:hr>
          </ns3:TrackPointExtension>
        </extensions>
      </trkpt>
      <trkpt lat="32.05573649145662784576416015625" lon="118.7273864261806011199951171875">
        <ele>6.400000095367431640625</ele>
        <time>2021-11-15T04:25:16.000Z</time>
        <extensions>
          <ns3:TrackPointExtension/>
        </extensions>
      </trkpt>
      <trkpt lat="32.05573649145662784576416015625" lon="118.72743981890380382537841796875">
        <ele>6.599999904632568359375</ele>
        <time>2021-11-15T04:25:17.000Z</time>
        <extensions>
          <ns3:TrackPointExtension/>
        </extensions>
      </trkpt>
      <trkpt lat="32.05573649145662784576416015625" lon="118.72748558409512042999267578125">
        <ele>6.80000019073486328125</ele>
        <time>2021-11-15T04:25:18.000Z</time>
        <extensions>
          <ns3:TrackPointExtension/>
        </extensions>
      </trkpt>
      <trkpt lat="32.05573649145662784576416015625" lon="118.72753906063735485076904296875">
        <ele>7</ele>
        <time>2021-11-15T04:25:19.000Z</time>
        <extensions>
          <ns3:TrackPointExtension/>
        </extensions>
      </trkpt>
      <trkpt lat="32.05573649145662784576416015625" lon="118.72759245336055755615234375">
        <ele>7</ele>
        <time>2021-11-15T04:25:20.000Z</time>
        <extensions>
          <ns3:TrackPointExtension>
            <ns3:hr>129</ns3:hr>
          </ns3:TrackPointExtension>
        </extensions>
      </trkpt>
      <trkpt lat="32.05574034713208675384521484375" lon="118.72764584608376026153564453125">
        <ele>7.19999980926513671875</ele>
        <time>2021-11-15T04:25:21.000Z</time>
        <extensions>
          <ns3:TrackPointExtension/>
        </extensions>
      </trkpt>
      <trkpt lat="32.05574034713208675384521484375" lon="118.72769161127507686614990234375">
        <ele>7.400000095367431640625</ele>
        <time>2021-11-15T04:25:22.000Z</time>
        <extensions>
          <ns3:TrackPointExtension/>
        </extensions>
      </trkpt>
      <trkpt lat="32.05574034713208675384521484375" lon="118.72773737646639347076416015625">
        <ele>7.599999904632568359375</ele>
        <time>2021-11-15T04:25:23.000Z</time>
        <extensions>
          <ns3:TrackPointExtension/>
        </extensions>
      </trkpt>
      <trkpt lat="32.055744118988513946533203125" lon="118.72778314165771007537841796875">
        <ele>7.599999904632568359375</ele>
        <time>2021-11-15T04:25:24.000Z</time>
        <extensions>
          <ns3:TrackPointExtension/>
        </extensions>
      </trkpt>
      <trkpt lat="32.055744118988513946533203125" lon="118.7278212793171405792236328125">
        <ele>7.80000019073486328125</ele>
        <time>2021-11-15T04:25:25.000Z</time>
        <extensions>
          <ns3:TrackPointExtension>
            <ns3:hr>133</ns3:hr>
          </ns3:TrackPointExtension>
        </extensions>
      </trkpt>
      <trkpt lat="32.055744118988513946533203125" lon="118.727867044508457183837890625">
        <ele>8</ele>
        <time>2021-11-15T04:25:26.000Z</time>
        <extensions>
          <ns3:TrackPointExtension/>
        </extensions>
      </trkpt>
      <trkpt lat="32.055744118988513946533203125" lon="118.72791289351880550384521484375">
        <ele>8</ele>
        <time>2021-11-15T04:25:27.000Z</time>
        <extensions>
          <ns3:TrackPointExtension/>
        </extensions>
      </trkpt>
      <trkpt lat="32.055744118988513946533203125" lon="118.72795865871012210845947265625">
        <ele>8</ele>
        <time>2021-11-15T04:25:28.000Z</time>
        <extensions>
          <ns3:TrackPointExtension/>
        </extensions>
      </trkpt>
      <trkpt lat="32.055744118988513946533203125" lon="118.72800442390143871307373046875">
        <ele>8</ele>
        <time>2021-11-15T04:25:29.000Z</time>
        <extensions>
          <ns3:TrackPointExtension/>
        </extensions>
      </trkpt>
      <trkpt lat="32.0557479746639728546142578125" lon="118.72805018909275531768798828125">
        <ele>8</ele>
        <time>2021-11-15T04:25:30.000Z</time>
        <extensions>
          <ns3:TrackPointExtension>
            <ns3:hr>132</ns3:hr>
          </ns3:TrackPointExtension>
        </extensions>
      </trkpt>
      <trkpt lat="32.0557479746639728546142578125" lon="118.728088326752185821533203125">
        <ele>8</ele>
        <time>2021-11-15T04:25:31.000Z</time>
        <extensions>
          <ns3:TrackPointExtension/>
        </extensions>
      </trkpt>
      <trkpt lat="32.0557479746639728546142578125" lon="118.7281340919435024261474609375">
        <ele>8</ele>
        <time>2021-11-15T04:25:32.000Z</time>
        <extensions>
          <ns3:TrackPointExtension/>
        </extensions>
      </trkpt>
      <trkpt lat="32.0557479746639728546142578125" lon="118.72817985713481903076171875">
        <ele>7.80000019073486328125</ele>
        <time>2021-11-15T04:25:33.000Z</time>
        <extensions>
          <ns3:TrackPointExtension/>
        </extensions>
      </trkpt>
      <trkpt lat="32.05575174652040004730224609375" lon="118.7282333336770534515380859375">
        <ele>7.80000019073486328125</ele>
        <time>2021-11-15T04:25:34.000Z</time>
        <extensions>
          <ns3:TrackPointExtension/>
        </extensions>
      </trkpt>
      <trkpt lat="32.05575174652040004730224609375" lon="118.72827909886837005615234375">
        <ele>7.80000019073486328125</ele>
        <time>2021-11-15T04:25:35.000Z</time>
        <extensions>
          <ns3:TrackPointExtension>
            <ns3:hr>132</ns3:hr>
          </ns3:TrackPointExtension>
        </extensions>
      </trkpt>
      <trkpt lat="32.05575560219585895538330078125" lon="118.72833249159157276153564453125">
        <ele>7.80000019073486328125</ele>
        <time>2021-11-15T04:25:36.000Z</time>
        <extensions>
          <ns3:TrackPointExtension/>
        </extensions>
      </trkpt>
      <trkpt lat="32.0557593740522861480712890625" lon="118.7283858843147754669189453125">
        <ele>7.80000019073486328125</ele>
        <time>2021-11-15T04:25:37.000Z</time>
        <extensions>
          <ns3:TrackPointExtension/>
        </extensions>
      </trkpt>
      <trkpt lat="32.05576322972774505615234375" lon="118.72843927703797817230224609375">
        <ele>7.599999904632568359375</ele>
        <time>2021-11-15T04:25:38.000Z</time>
        <extensions>
          <ns3:TrackPointExtension/>
        </extensions>
      </trkpt>
      <trkpt lat="32.05576700158417224884033203125" lon="118.728492669761180877685546875">
        <ele>7.400000095367431640625</ele>
        <time>2021-11-15T04:25:39.000Z</time>
        <extensions>
          <ns3:TrackPointExtension/>
        </extensions>
      </trkpt>
      <trkpt lat="32.05577085725963115692138671875" lon="118.728553690016269683837890625">
        <ele>6.80000019073486328125</ele>
        <time>2021-11-15T04:25:40.000Z</time>
        <extensions>
          <ns3:TrackPointExtension>
            <ns3:hr>135</ns3:hr>
          </ns3:TrackPointExtension>
        </extensions>
      </trkpt>
      <trkpt lat="32.055774629116058349609375" lon="118.72861479409039020538330078125">
        <ele>6.400000095367431640625</ele>
        <time>2021-11-15T04:25:41.000Z</time>
        <extensions>
          <ns3:TrackPointExtension/>
        </extensions>
      </trkpt>
      <trkpt lat="32.0557784847915172576904296875" lon="118.72867581434547901153564453125">
        <ele>6</ele>
        <time>2021-11-15T04:25:42.000Z</time>
        <extensions>
          <ns3:TrackPointExtension/>
        </extensions>
      </trkpt>
      <trkpt lat="32.05578225664794445037841796875" lon="118.72873683460056781768798828125">
        <ele>5.599999904632568359375</ele>
        <time>2021-11-15T04:25:43.000Z</time>
        <extensions>
          <ns3:TrackPointExtension/>
        </extensions>
      </trkpt>
      <trkpt lat="32.05578611232340335845947265625" lon="118.72879785485565662384033203125">
        <ele>5.19999980926513671875</ele>
        <time>2021-11-15T04:25:44.000Z</time>
        <extensions>
          <ns3:TrackPointExtension/>
        </extensions>
      </trkpt>
      <trkpt lat="32.0557898841798305511474609375" lon="118.72885887511074542999267578125">
        <ele>5</ele>
        <time>2021-11-15T04:25:45.000Z</time>
        <extensions>
          <ns3:TrackPointExtension>
            <ns3:hr>133</ns3:hr>
          </ns3:TrackPointExtension>
        </extensions>
      </trkpt>
      <trkpt lat="32.055793739855289459228515625" lon="118.72892760671675205230712890625">
        <ele>4.80000019073486328125</ele>
        <time>2021-11-15T04:25:46.000Z</time>
        <extensions>
          <ns3:TrackPointExtension/>
        </extensions>
      </trkpt>
      <trkpt lat="32.05579751171171665191650390625" lon="118.728996254503726959228515625">
        <ele>4.400000095367431640625</ele>
        <time>2021-11-15T04:25:47.000Z</time>
        <extensions>
          <ns3:TrackPointExtension/>
        </extensions>
      </trkpt>
      <trkpt lat="32.05580136738717555999755859375" lon="118.729057274758815765380859375">
        <ele>4</ele>
        <time>2021-11-15T04:25:48.000Z</time>
        <extensions>
          <ns3:TrackPointExtension/>
        </extensions>
      </trkpt>
      <trkpt lat="32.0558089949190616607666015625" lon="118.72912592254579067230224609375">
        <ele>3.599999904632568359375</ele>
        <time>2021-11-15T04:25:49.000Z</time>
        <extensions>
          <ns3:TrackPointExtension/>
        </extensions>
      </trkpt>
      <trkpt lat="32.05581662245094776153564453125" lon="118.7291945703327655792236328125">
        <ele>3.400000095367431640625</ele>
        <time>2021-11-15T04:25:50.000Z</time>
        <extensions>
          <ns3:TrackPointExtension>
            <ns3:hr>129</ns3:hr>
          </ns3:TrackPointExtension>
        </extensions>
      </trkpt>
      <trkpt lat="32.0558242499828338623046875" lon="118.72925567440688610076904296875">
        <ele>3.400000095367431640625</ele>
        <time>2021-11-15T04:25:51.000Z</time>
        <extensions>
          <ns3:TrackPointExtension/>
        </extensions>
      </trkpt>
      <trkpt lat="32.05582802183926105499267578125" lon="118.7293243221938610076904296875">
        <ele>3.7999999523162841796875</ele>
        <time>2021-11-15T04:25:52.000Z</time>
        <extensions>
          <ns3:TrackPointExtension/>
        </extensions>
      </trkpt>
      <trkpt lat="32.05583564937114715576171875" lon="118.72939296998083591461181640625">
        <ele>4.19999980926513671875</ele>
        <time>2021-11-15T04:25:53.000Z</time>
        <extensions>
          <ns3:TrackPointExtension/>
        </extensions>
      </trkpt>
      <trkpt lat="32.0558395050466060638427734375" lon="118.729461617767810821533203125">
        <ele>4.400000095367431640625</ele>
        <time>2021-11-15T04:25:54.000Z</time>
        <extensions>
          <ns3:TrackPointExtension/>
        </extensions>
      </trkpt>
      <trkpt lat="32.05584713257849216461181640625" lon="118.729522638022899627685546875">
        <ele>4.599999904632568359375</ele>
        <time>2021-11-15T04:25:55.000Z</time>
        <extensions>
          <ns3:TrackPointExtension>
            <ns3:hr>126</ns3:hr>
          </ns3:TrackPointExtension>
        </extensions>
      </trkpt>
      <trkpt lat="32.055854760110378265380859375" lon="118.72959136962890625">
        <ele>5</ele>
        <time>2021-11-15T04:25:56.000Z</time>
        <extensions>
          <ns3:TrackPointExtension/>
        </extensions>
      </trkpt>
      <trkpt lat="32.05586238764226436614990234375" lon="118.72965238988399505615234375">
        <ele>5.400000095367431640625</ele>
        <time>2021-11-15T04:25:57.000Z</time>
        <extensions>
          <ns3:TrackPointExtension/>
        </extensions>
      </trkpt>
      <trkpt lat="32.0558700151741504669189453125" lon="118.7297134101390838623046875">
        <ele>5.80000019073486328125</ele>
        <time>2021-11-15T04:25:58.000Z</time>
        <extensions>
          <ns3:TrackPointExtension/>
        </extensions>
      </trkpt>
      <trkpt lat="32.055873870849609375" lon="118.72977443039417266845703125">
        <ele>6</ele>
        <time>2021-11-15T04:25:59.000Z</time>
        <extensions>
          <ns3:TrackPointExtension/>
        </extensions>
      </trkpt>
      <trkpt lat="32.05588149838149547576904296875" lon="118.729835450649261474609375">
        <ele>6.19999980926513671875</ele>
        <time>2021-11-15T04:26:00.000Z</time>
        <extensions>
          <ns3:TrackPointExtension>
            <ns3:hr>127</ns3:hr>
          </ns3:TrackPointExtension>
        </extensions>
      </trkpt>
      <trkpt lat="32.0558891259133815765380859375" lon="118.72989647090435028076171875">
        <ele>6.400000095367431640625</ele>
        <time>2021-11-15T04:26:01.000Z</time>
        <extensions>
          <ns3:TrackPointExtension/>
        </extensions>
      </trkpt>
      <trkpt lat="32.05589289776980876922607421875" lon="118.72995757497847080230712890625">
        <ele>6.599999904632568359375</ele>
        <time>2021-11-15T04:26:02.000Z</time>
        <extensions>
          <ns3:TrackPointExtension/>
        </extensions>
      </trkpt>
      <trkpt lat="32.0559005253016948699951171875" lon="118.73001859523355960845947265625">
        <ele>7</ele>
        <time>2021-11-15T04:26:03.000Z</time>
        <extensions>
          <ns3:TrackPointExtension/>
        </extensions>
      </trkpt>
      <trkpt lat="32.05590815283358097076416015625" lon="118.73007961548864841461181640625">
        <ele>7.400000095367431640625</ele>
        <time>2021-11-15T04:26:04.000Z</time>
        <extensions>
          <ns3:TrackPointExtension/>
        </extensions>
      </trkpt>
      <trkpt lat="32.05591200850903987884521484375" lon="118.7301330082118511199951171875">
        <ele>7.599999904632568359375</ele>
        <time>2021-11-15T04:26:05.000Z</time>
        <extensions>
          <ns3:TrackPointExtension>
            <ns3:hr>128</ns3:hr>
          </ns3:TrackPointExtension>
        </extensions>
      </trkpt>
      <trkpt lat="32.05591200850903987884521484375" lon="118.73018640093505382537841796875">
        <ele>7.80000019073486328125</ele>
        <time>2021-11-15T04:26:06.000Z</time>
        <extensions>
          <ns3:TrackPointExtension/>
        </extensions>
      </trkpt>
      <trkpt lat="32.05591200850903987884521484375" lon="118.73023216612637042999267578125">
        <ele>7.80000019073486328125</ele>
        <time>2021-11-15T04:26:07.000Z</time>
        <extensions>
          <ns3:TrackPointExtension/>
        </extensions>
      </trkpt>
      <trkpt lat="32.05591200850903987884521484375" lon="118.73028564266860485076904296875">
        <ele>8</ele>
        <time>2021-11-15T04:26:08.000Z</time>
        <extensions>
          <ns3:TrackPointExtension/>
        </extensions>
      </trkpt>
      <trkpt lat="32.05590815283358097076416015625" lon="118.73033140785992145538330078125">
        <ele>8</ele>
        <time>2021-11-15T04:26:09.000Z</time>
        <extensions>
          <ns3:TrackPointExtension/>
        </extensions>
      </trkpt>
      <trkpt lat="32.0559005253016948699951171875" lon="118.730369545519351959228515625">
        <ele>8</ele>
        <time>2021-11-15T04:26:10.000Z</time>
        <extensions>
          <ns3:TrackPointExtension>
            <ns3:hr>132</ns3:hr>
          </ns3:TrackPointExtension>
        </extensions>
      </trkpt>
      <trkpt lat="32.05589675344526767730712890625" lon="118.73040768317878246307373046875">
        <ele>8</ele>
        <time>2021-11-15T04:26:11.000Z</time>
        <extensions>
          <ns3:TrackPointExtension/>
        </extensions>
      </trkpt>
      <trkpt lat="32.0558891259133815765380859375" lon="118.7304458208382129669189453125">
        <ele>8</ele>
        <time>2021-11-15T04:26:12.000Z</time>
        <extensions>
          <ns3:TrackPointExtension/>
        </extensions>
      </trkpt>
      <trkpt lat="32.05588149838149547576904296875" lon="118.7304763309657573699951171875">
        <ele>8</ele>
        <time>2021-11-15T04:26:13.000Z</time>
        <extensions>
          <ns3:TrackPointExtension/>
        </extensions>
      </trkpt>
      <trkpt lat="32.055873870849609375" lon="118.7305068410933017730712890625">
        <ele>8</ele>
        <time>2021-11-15T04:26:14.000Z</time>
        <extensions>
          <ns3:TrackPointExtension/>
        </extensions>
      </trkpt>
      <trkpt lat="32.0558700151741504669189453125" lon="118.7305373512208461761474609375">
        <ele>8</ele>
        <time>2021-11-15T04:26:15.000Z</time>
        <extensions>
          <ns3:TrackPointExtension>
            <ns3:hr>132</ns3:hr>
          </ns3:TrackPointExtension>
        </extensions>
      </trkpt>
      <trkpt lat="32.05586238764226436614990234375" lon="118.7305678613483905792236328125">
        <ele>8</ele>
        <time>2021-11-15T04:26:16.000Z</time>
        <extensions>
          <ns3:TrackPointExtension/>
        </extensions>
      </trkpt>
      <trkpt lat="32.055854760110378265380859375" lon="118.73059074394404888153076171875">
        <ele>8</ele>
        <time>2021-11-15T04:26:17.000Z</time>
        <extensions>
          <ns3:TrackPointExtension/>
        </extensions>
      </trkpt>
      <trkpt lat="32.0558509044349193572998046875" lon="118.730621337890625">
        <ele>8</ele>
        <time>2021-11-15T04:26:18.000Z</time>
        <extensions>
          <ns3:TrackPointExtension/>
        </extensions>
      </trkpt>
      <trkpt lat="32.0558509044349193572998046875" lon="118.730651848018169403076171875">
        <ele>8.19999980926513671875</ele>
        <time>2021-11-15T04:26:19.000Z</time>
        <extensions>
          <ns3:TrackPointExtension/>
        </extensions>
      </trkpt>
      <trkpt lat="32.0558509044349193572998046875" lon="118.73068235814571380615234375">
        <ele>8.19999980926513671875</ele>
        <time>2021-11-15T04:26:20.000Z</time>
        <extensions>
          <ns3:TrackPointExtension>
            <ns3:hr>136</ns3:hr>
          </ns3:TrackPointExtension>
        </extensions>
      </trkpt>
      <trkpt lat="32.05584713257849216461181640625" lon="118.730712868273258209228515625">
        <ele>8.3999996185302734375</ele>
        <time>2021-11-15T04:26:21.000Z</time>
        <extensions>
          <ns3:TrackPointExtension/>
        </extensions>
      </trkpt>
      <trkpt lat="32.05584713257849216461181640625" lon="118.7307433784008026123046875">
        <ele>8.3999996185302734375</ele>
        <time>2021-11-15T04:26:22.000Z</time>
        <extensions>
          <ns3:TrackPointExtension/>
        </extensions>
      </trkpt>
      <trkpt lat="32.05584713257849216461181640625" lon="118.73076626099646091461181640625">
        <ele>8.3999996185302734375</ele>
        <time>2021-11-15T04:26:23.000Z</time>
        <extensions>
          <ns3:TrackPointExtension/>
        </extensions>
      </trkpt>
      <trkpt lat="32.0558509044349193572998046875" lon="118.7307891435921192169189453125">
        <ele>8.6000003814697265625</ele>
        <time>2021-11-15T04:26:24.000Z</time>
        <extensions>
          <ns3:TrackPointExtension/>
        </extensions>
      </trkpt>
      <trkpt lat="32.055854760110378265380859375" lon="118.73081202618777751922607421875">
        <ele>8.6000003814697265625</ele>
        <time>2021-11-15T04:26:25.000Z</time>
        <extensions>
          <ns3:TrackPointExtension>
            <ns3:hr>136</ns3:hr>
          </ns3:TrackPointExtension>
        </extensions>
      </trkpt>
      <trkpt lat="32.05585853196680545806884765625" lon="118.730834908783435821533203125">
        <ele>8.6000003814697265625</ele>
        <time>2021-11-15T04:26:26.000Z</time>
        <extensions>
          <ns3:TrackPointExtension/>
        </extensions>
      </trkpt>
      <trkpt lat="32.055866159498691558837890625" lon="118.73085779137909412384033203125">
        <ele>8.6000003814697265625</ele>
        <time>2021-11-15T04:26:27.000Z</time>
        <extensions>
          <ns3:TrackPointExtension/>
        </extensions>
      </trkpt>
      <trkpt lat="32.0558700151741504669189453125" lon="118.73087304644286632537841796875">
        <ele>8.6000003814697265625</ele>
        <time>2021-11-15T04:26:28.000Z</time>
        <extensions>
          <ns3:TrackPointExtension/>
        </extensions>
      </trkpt>
      <trkpt lat="32.05587764270603656768798828125" lon="118.73088830150663852691650390625">
        <ele>8.6000003814697265625</ele>
        <time>2021-11-15T04:26:29.000Z</time>
        <extensions>
          <ns3:TrackPointExtension/>
        </extensions>
      </trkpt>
      <trkpt lat="32.05588149838149547576904296875" lon="118.73090355657041072845458984375">
        <ele>8.6000003814697265625</ele>
        <time>2021-11-15T04:26:30.000Z</time>
        <extensions>
          <ns3:TrackPointExtension>
            <ns3:hr>136</ns3:hr>
          </ns3:TrackPointExtension>
        </extensions>
      </trkpt>
      <trkpt lat="32.0558891259133815765380859375" lon="118.73091881163418292999267578125">
        <ele>8.80000019073486328125</ele>
        <time>2021-11-15T04:26:31.000Z</time>
        <extensions>
          <ns3:TrackPointExtension/>
        </extensions>
      </trkpt>
      <trkpt lat="32.05589289776980876922607421875" lon="118.73092643916606903076171875">
        <ele>8.80000019073486328125</ele>
        <time>2021-11-15T04:26:32.000Z</time>
        <extensions>
          <ns3:TrackPointExtension/>
        </extensions>
      </trkpt>
      <trkpt lat="32.0559005253016948699951171875" lon="118.7309416942298412322998046875">
        <ele>9</ele>
        <time>2021-11-15T04:26:33.000Z</time>
        <extensions>
          <ns3:TrackPointExtension/>
        </extensions>
      </trkpt>
      <trkpt lat="32.055904380977153778076171875" lon="118.730956949293613433837890625">
        <ele>9.19999980926513671875</ele>
        <time>2021-11-15T04:26:34.000Z</time>
        <extensions>
          <ns3:TrackPointExtension/>
        </extensions>
      </trkpt>
      <trkpt lat="32.055904380977153778076171875" lon="118.73097228817641735076904296875">
        <ele>9.19999980926513671875</ele>
        <time>2021-11-15T04:26:35.000Z</time>
        <extensions>
          <ns3:TrackPointExtension>
            <ns3:hr>136</ns3:hr>
          </ns3:TrackPointExtension>
        </extensions>
      </trkpt>
      <trkpt lat="32.055904380977153778076171875" lon="118.730995170772075653076171875">
        <ele>9.3999996185302734375</ele>
        <time>2021-11-15T04:26:36.000Z</time>
        <extensions>
          <ns3:TrackPointExtension/>
        </extensions>
      </trkpt>
      <trkpt lat="32.055904380977153778076171875" lon="118.73101805336773395538330078125">
        <ele>9.6000003814697265625</ele>
        <time>2021-11-15T04:26:37.000Z</time>
        <extensions>
          <ns3:TrackPointExtension/>
        </extensions>
      </trkpt>
      <trkpt lat="32.055904380977153778076171875" lon="118.7310409359633922576904296875">
        <ele>9.80000019073486328125</ele>
        <time>2021-11-15T04:26:38.000Z</time>
        <extensions>
          <ns3:TrackPointExtension/>
        </extensions>
      </trkpt>
      <trkpt lat="32.0559005253016948699951171875" lon="118.73106381855905055999755859375">
        <ele>9.80000019073486328125</ele>
        <time>2021-11-15T04:26:39.000Z</time>
        <extensions>
          <ns3:TrackPointExtension/>
        </extensions>
      </trkpt>
      <trkpt lat="32.05589675344526767730712890625" lon="118.7310867011547088623046875">
        <ele>10</ele>
        <time>2021-11-15T04:26:40.000Z</time>
        <extensions>
          <ns3:TrackPointExtension>
            <ns3:hr>139</ns3:hr>
          </ns3:TrackPointExtension>
        </extensions>
      </trkpt>
      <trkpt lat="32.05589289776980876922607421875" lon="118.731117211282253265380859375">
        <ele>10.19999980926513671875</ele>
        <time>2021-11-15T04:26:41.000Z</time>
        <extensions>
          <ns3:TrackPointExtension/>
        </extensions>
      </trkpt>
      <trkpt lat="32.0558891259133815765380859375" lon="118.73114772140979766845703125">
        <ele>10.3999996185302734375</ele>
        <time>2021-11-15T04:26:42.000Z</time>
        <extensions>
          <ns3:TrackPointExtension/>
        </extensions>
      </trkpt>
      <trkpt lat="32.05588527023792266845703125" lon="118.731178231537342071533203125">
        <ele>10.6000003814697265625</ele>
        <time>2021-11-15T04:26:43.000Z</time>
        <extensions>
          <ns3:TrackPointExtension/>
        </extensions>
      </trkpt>
      <trkpt lat="32.05588149838149547576904296875" lon="118.73121636919677257537841796875">
        <ele>11</ele>
        <time>2021-11-15T04:26:44.000Z</time>
        <extensions>
          <ns3:TrackPointExtension/>
        </extensions>
      </trkpt>
      <trkpt lat="32.05587764270603656768798828125" lon="118.73124687932431697845458984375">
        <ele>11.19999980926513671875</ele>
        <time>2021-11-15T04:26:45.000Z</time>
        <extensions>
          <ns3:TrackPointExtension>
            <ns3:hr>140</ns3:hr>
          </ns3:TrackPointExtension>
        </extensions>
      </trkpt>
      <trkpt lat="32.05587764270603656768798828125" lon="118.73127738945186138153076171875">
        <ele>11.3999996185302734375</ele>
        <time>2021-11-15T04:26:46.000Z</time>
        <extensions>
          <ns3:TrackPointExtension/>
        </extensions>
      </trkpt>
      <trkpt lat="32.05587764270603656768798828125" lon="118.73131561093032360076904296875">
        <ele>11.6000003814697265625</ele>
        <time>2021-11-15T04:26:47.000Z</time>
        <extensions>
          <ns3:TrackPointExtension/>
        </extensions>
      </trkpt>
      <trkpt lat="32.05588149838149547576904296875" lon="118.73134612105786800384521484375">
        <ele>11.80000019073486328125</ele>
        <time>2021-11-15T04:26:48.000Z</time>
        <extensions>
          <ns3:TrackPointExtension/>
        </extensions>
      </trkpt>
      <trkpt lat="32.05588527023792266845703125" lon="118.73137663118541240692138671875">
        <ele>12</ele>
        <time>2021-11-15T04:26:49.000Z</time>
        <extensions>
          <ns3:TrackPointExtension/>
        </extensions>
      </trkpt>
      <trkpt lat="32.05588527023792266845703125" lon="118.731399513781070709228515625">
        <ele>12.19999980926513671875</ele>
        <time>2021-11-15T04:26:50.000Z</time>
        <extensions>
          <ns3:TrackPointExtension>
            <ns3:hr>133</ns3:hr>
          </ns3:TrackPointExtension>
        </extensions>
      </trkpt>
      <trkpt lat="32.0558891259133815765380859375" lon="118.7314300239086151123046875">
        <ele>12.3999996185302734375</ele>
        <time>2021-11-15T04:26:51.000Z</time>
        <extensions>
          <ns3:TrackPointExtension/>
        </extensions>
      </trkpt>
      <trkpt lat="32.0558891259133815765380859375" lon="118.73145290650427341461181640625">
        <ele>12.6000003814697265625</ele>
        <time>2021-11-15T04:26:52.000Z</time>
        <extensions>
          <ns3:TrackPointExtension/>
        </extensions>
      </trkpt>
      <trkpt lat="32.0558891259133815765380859375" lon="118.73148341663181781768798828125">
        <ele>12.80000019073486328125</ele>
        <time>2021-11-15T04:26:53.000Z</time>
        <extensions>
          <ns3:TrackPointExtension/>
        </extensions>
      </trkpt>
      <trkpt lat="32.0558891259133815765380859375" lon="118.7315062992274761199951171875">
        <ele>12.80000019073486328125</ele>
        <time>2021-11-15T04:26:54.000Z</time>
        <extensions>
          <ns3:TrackPointExtension/>
        </extensions>
      </trkpt>
      <trkpt lat="32.0558891259133815765380859375" lon="118.73152918182313442230224609375">
        <ele>13</ele>
        <time>2021-11-15T04:26:55.000Z</time>
        <extensions>
          <ns3:TrackPointExtension>
            <ns3:hr>132</ns3:hr>
          </ns3:TrackPointExtension>
        </extensions>
      </trkpt>
      <trkpt lat="32.05588527023792266845703125" lon="118.731552064418792724609375">
        <ele>13</ele>
        <time>2021-11-15T04:26:56.000Z</time>
        <extensions>
          <ns3:TrackPointExtension/>
        </extensions>
      </trkpt>
      <trkpt lat="32.05588527023792266845703125" lon="118.73157494701445102691650390625">
        <ele>13</ele>
        <time>2021-11-15T04:26:57.000Z</time>
        <extensions>
          <ns3:TrackPointExtension/>
        </extensions>
      </trkpt>
      <trkpt lat="32.05588527023792266845703125" lon="118.73160545714199542999267578125">
        <ele>13.19999980926513671875</ele>
        <time>2021-11-15T04:26:58.000Z</time>
        <extensions>
          <ns3:TrackPointExtension/>
        </extensions>
      </trkpt>
      <trkpt lat="32.05588149838149547576904296875" lon="118.7316283397376537322998046875">
        <ele>13.19999980926513671875</ele>
        <time>2021-11-15T04:26:59.000Z</time>
        <extensions>
          <ns3:TrackPointExtension/>
        </extensions>
      </trkpt>
      <trkpt lat="32.05587764270603656768798828125" lon="118.73165893368422985076904296875">
        <ele>13.19999980926513671875</ele>
        <time>2021-11-15T04:27:00.000Z</time>
        <extensions>
          <ns3:TrackPointExtension>
            <ns3:hr>131</ns3:hr>
          </ns3:TrackPointExtension>
        </extensions>
      </trkpt>
      <trkpt lat="32.05587764270603656768798828125" lon="118.73168944381177425384521484375">
        <ele>13.19999980926513671875</ele>
        <time>2021-11-15T04:27:01.000Z</time>
        <extensions>
          <ns3:TrackPointExtension/>
        </extensions>
      </trkpt>
      <trkpt lat="32.055873870849609375" lon="118.73171995393931865692138671875">
        <ele>13.19999980926513671875</ele>
        <time>2021-11-15T04:27:02.000Z</time>
        <extensions>
          <ns3:TrackPointExtension/>
        </extensions>
      </trkpt>
      <trkpt lat="32.055873870849609375" lon="118.7317580915987491607666015625">
        <ele>13</ele>
        <time>2021-11-15T04:27:03.000Z</time>
        <extensions>
          <ns3:TrackPointExtension/>
        </extensions>
      </trkpt>
      <trkpt lat="32.0558700151741504669189453125" lon="118.73179622925817966461181640625">
        <ele>12.6000003814697265625</ele>
        <time>2021-11-15T04:27:05.000Z</time>
        <extensions>
          <ns3:TrackPointExtension>
            <ns3:hr>132</ns3:hr>
          </ns3:TrackPointExtension>
        </extensions>
      </trkpt>
      <trkpt lat="32.055866159498691558837890625" lon="118.73183436691761016845703125">
        <ele>12.3999996185302734375</ele>
        <time>2021-11-15T04:27:06.000Z</time>
        <extensions>
          <ns3:TrackPointExtension/>
        </extensions>
      </trkpt>
      <trkpt lat="32.05585853196680545806884765625" lon="118.7318801321089267730712890625">
        <ele>12</ele>
        <time>2021-11-15T04:27:07.000Z</time>
        <extensions>
          <ns3:TrackPointExtension/>
        </extensions>
      </trkpt>
      <trkpt lat="32.0558509044349193572998046875" lon="118.73191826976835727691650390625">
        <ele>11.80000019073486328125</ele>
        <time>2021-11-15T04:27:08.000Z</time>
        <extensions>
          <ns3:TrackPointExtension/>
        </extensions>
      </trkpt>
      <trkpt lat="32.05584327690303325653076171875" lon="118.73196403495967388153076171875">
        <ele>11.6000003814697265625</ele>
        <time>2021-11-15T04:27:09.000Z</time>
        <extensions>
          <ns3:TrackPointExtension/>
        </extensions>
      </trkpt>
      <trkpt lat="32.05583564937114715576171875" lon="118.73200225643813610076904296875">
        <ele>11.3999996185302734375</ele>
        <time>2021-11-15T04:27:10.000Z</time>
        <extensions>
          <ns3:TrackPointExtension>
            <ns3:hr>128</ns3:hr>
          </ns3:TrackPointExtension>
        </extensions>
      </trkpt>
      <trkpt lat="32.05583187751471996307373046875" lon="118.73205564916133880615234375">
        <ele>11.3999996185302734375</ele>
        <time>2021-11-15T04:27:11.000Z</time>
        <extensions>
          <ns3:TrackPointExtension/>
        </extensions>
      </trkpt>
      <trkpt lat="32.05582802183926105499267578125" lon="118.73210904188454151153564453125">
        <ele>11.3999996185302734375</ele>
        <time>2021-11-15T04:27:12.000Z</time>
        <extensions>
          <ns3:TrackPointExtension/>
        </extensions>
      </trkpt>
      <trkpt lat="32.05582802183926105499267578125" lon="118.73215480707585811614990234375">
        <ele>11.3999996185302734375</ele>
        <time>2021-11-15T04:27:13.000Z</time>
        <extensions>
          <ns3:TrackPointExtension/>
        </extensions>
      </trkpt>
      <trkpt lat="32.05582802183926105499267578125" lon="118.73220057226717472076416015625">
        <ele>11.19999980926513671875</ele>
        <time>2021-11-15T04:27:15.000Z</time>
        <extensions>
          <ns3:TrackPointExtension>
            <ns3:hr>127</ns3:hr>
          </ns3:TrackPointExtension>
        </extensions>
      </trkpt>
      <trkpt lat="32.05582802183926105499267578125" lon="118.73224633745849132537841796875">
        <ele>11</ele>
        <time>2021-11-15T04:27:16.000Z</time>
        <extensions>
          <ns3:TrackPointExtension/>
        </extensions>
      </trkpt>
      <trkpt lat="32.05582802183926105499267578125" lon="118.73229210264980792999267578125">
        <ele>10.80000019073486328125</ele>
        <time>2021-11-15T04:27:17.000Z</time>
        <extensions>
          <ns3:TrackPointExtension/>
        </extensions>
      </trkpt>
      <trkpt lat="32.05583187751471996307373046875" lon="118.732330240309238433837890625">
        <ele>10.80000019073486328125</ele>
        <time>2021-11-15T04:27:18.000Z</time>
        <extensions>
          <ns3:TrackPointExtension/>
        </extensions>
      </trkpt>
      <trkpt lat="32.05583187751471996307373046875" lon="118.73237608931958675384521484375">
        <ele>10.6000003814697265625</ele>
        <time>2021-11-15T04:27:19.000Z</time>
        <extensions>
          <ns3:TrackPointExtension/>
        </extensions>
      </trkpt>
      <trkpt lat="32.05583564937114715576171875" lon="118.7324142269790172576904296875">
        <ele>10.3999996185302734375</ele>
        <time>2021-11-15T04:27:20.000Z</time>
        <extensions>
          <ns3:TrackPointExtension>
            <ns3:hr>125</ns3:hr>
          </ns3:TrackPointExtension>
        </extensions>
      </trkpt>
      <trkpt lat="32.0558395050466060638427734375" lon="118.7324599921703338623046875">
        <ele>10.19999980926513671875</ele>
        <time>2021-11-15T04:27:21.000Z</time>
        <extensions>
          <ns3:TrackPointExtension/>
        </extensions>
      </trkpt>
      <trkpt lat="32.05584327690303325653076171875" lon="118.7325057573616504669189453125">
        <ele>9.80000019073486328125</ele>
        <time>2021-11-15T04:27:22.000Z</time>
        <extensions>
          <ns3:TrackPointExtension/>
        </extensions>
      </trkpt>
      <trkpt lat="32.05584713257849216461181640625" lon="118.732551522552967071533203125">
        <ele>9.6000003814697265625</ele>
        <time>2021-11-15T04:27:23.000Z</time>
        <extensions>
          <ns3:TrackPointExtension/>
        </extensions>
      </trkpt>
      <trkpt lat="32.05584327690303325653076171875" lon="118.7325972877442836761474609375">
        <ele>9.3999996185302734375</ele>
        <time>2021-11-15T04:27:24.000Z</time>
        <extensions>
          <ns3:TrackPointExtension/>
        </extensions>
      </trkpt>
      <trkpt lat="32.05584327690303325653076171875" lon="118.73264305293560028076171875">
        <ele>9.19999980926513671875</ele>
        <time>2021-11-15T04:27:25.000Z</time>
        <extensions>
          <ns3:TrackPointExtension>
            <ns3:hr>127</ns3:hr>
          </ns3:TrackPointExtension>
        </extensions>
      </trkpt>
      <trkpt lat="32.0558395050466060638427734375" lon="118.73268890194594860076904296875">
        <ele>9</ele>
        <time>2021-11-15T04:27:26.000Z</time>
        <extensions>
          <ns3:TrackPointExtension/>
        </extensions>
      </trkpt>
      <trkpt lat="32.05583564937114715576171875" lon="118.73273466713726520538330078125">
        <ele>8.6000003814697265625</ele>
        <time>2021-11-15T04:27:27.000Z</time>
        <extensions>
          <ns3:TrackPointExtension/>
        </extensions>
      </trkpt>
      <trkpt lat="32.05583564937114715576171875" lon="118.73278043232858180999755859375">
        <ele>8.19999980926513671875</ele>
        <time>2021-11-15T04:27:28.000Z</time>
        <extensions>
          <ns3:TrackPointExtension/>
        </extensions>
      </trkpt>
      <trkpt lat="32.05583187751471996307373046875" lon="118.7328185699880123138427734375">
        <ele>8</ele>
        <time>2021-11-15T04:27:29.000Z</time>
        <extensions>
          <ns3:TrackPointExtension/>
        </extensions>
      </trkpt>
      <trkpt lat="32.05583187751471996307373046875" lon="118.73286433517932891845703125">
        <ele>7.599999904632568359375</ele>
        <time>2021-11-15T04:27:30.000Z</time>
        <extensions>
          <ns3:TrackPointExtension>
            <ns3:hr>127</ns3:hr>
          </ns3:TrackPointExtension>
        </extensions>
      </trkpt>
      <trkpt lat="32.05583187751471996307373046875" lon="118.7329101003706455230712890625">
        <ele>7</ele>
        <time>2021-11-15T04:27:31.000Z</time>
        <extensions>
          <ns3:TrackPointExtension/>
        </extensions>
      </trkpt>
      <trkpt lat="32.05583564937114715576171875" lon="118.732955865561962127685546875">
        <ele>6.599999904632568359375</ele>
        <time>2021-11-15T04:27:32.000Z</time>
        <extensions>
          <ns3:TrackPointExtension/>
        </extensions>
      </trkpt>
      <trkpt lat="32.05583564937114715576171875" lon="118.73298637568950653076171875">
        <ele>6.400000095367431640625</ele>
        <time>2021-11-15T04:27:33.000Z</time>
        <extensions>
          <ns3:TrackPointExtension/>
        </extensions>
      </trkpt>
      <trkpt lat="32.0558395050466060638427734375" lon="118.73302459716796875">
        <ele>6.19999980926513671875</ele>
        <time>2021-11-15T04:27:34.000Z</time>
        <extensions>
          <ns3:TrackPointExtension/>
        </extensions>
      </trkpt>
      <trkpt lat="32.05584327690303325653076171875" lon="118.733055107295513153076171875">
        <ele>6.19999980926513671875</ele>
        <time>2021-11-15T04:27:35.000Z</time>
        <extensions>
          <ns3:TrackPointExtension>
            <ns3:hr>124</ns3:hr>
          </ns3:TrackPointExtension>
        </extensions>
      </trkpt>
      <trkpt lat="32.055854760110378265380859375" lon="118.73309324495494365692138671875">
        <ele>6.19999980926513671875</ele>
        <time>2021-11-15T04:27:36.000Z</time>
        <extensions>
          <ns3:TrackPointExtension/>
        </extensions>
      </trkpt>
      <trkpt lat="32.05586238764226436614990234375" lon="118.73312375508248805999755859375">
        <ele>6</ele>
        <time>2021-11-15T04:27:37.000Z</time>
        <extensions>
          <ns3:TrackPointExtension/>
        </extensions>
      </trkpt>
      <trkpt lat="32.05587764270603656768798828125" lon="118.73315426521003246307373046875">
        <ele>6</ele>
        <time>2021-11-15T04:27:38.000Z</time>
        <extensions>
          <ns3:TrackPointExtension/>
        </extensions>
      </trkpt>
      <trkpt lat="32.0558891259133815765380859375" lon="118.73318477533757686614990234375">
        <ele>6</ele>
        <time>2021-11-15T04:27:39.000Z</time>
        <extensions>
          <ns3:TrackPointExtension/>
        </extensions>
      </trkpt>
      <trkpt lat="32.055904380977153778076171875" lon="118.73320765793323516845703125">
        <ele>6</ele>
        <time>2021-11-15T04:27:40.000Z</time>
        <extensions>
          <ns3:TrackPointExtension>
            <ns3:hr>122</ns3:hr>
          </ns3:TrackPointExtension>
        </extensions>
      </trkpt>
      <trkpt lat="32.0559196360409259796142578125" lon="118.73323054052889347076416015625">
        <ele>6.19999980926513671875</ele>
        <time>2021-11-15T04:27:41.000Z</time>
        <extensions>
          <ns3:TrackPointExtension/>
        </extensions>
      </trkpt>
      <trkpt lat="32.0559310354292392730712890625" lon="118.7332534231245517730712890625">
        <ele>6.19999980926513671875</ele>
        <time>2021-11-15T04:27:42.000Z</time>
        <extensions>
          <ns3:TrackPointExtension/>
        </extensions>
      </trkpt>
      <trkpt lat="32.055946290493011474609375" lon="118.73327630572021007537841796875">
        <ele>6.19999980926513671875</ele>
        <time>2021-11-15T04:27:43.000Z</time>
        <extensions>
          <ns3:TrackPointExtension/>
        </extensions>
      </trkpt>
      <trkpt lat="32.0559615455567836761474609375" lon="118.73329156078398227691650390625">
        <ele>6.19999980926513671875</ele>
        <time>2021-11-15T04:27:44.000Z</time>
        <extensions>
          <ns3:TrackPointExtension/>
        </extensions>
      </trkpt>
      <trkpt lat="32.0559806562960147857666015625" lon="118.73330681584775447845458984375">
        <ele>6.19999980926513671875</ele>
        <time>2021-11-15T04:27:45.000Z</time>
        <extensions>
          <ns3:TrackPointExtension>
            <ns3:hr>123</ns3:hr>
          </ns3:TrackPointExtension>
        </extensions>
      </trkpt>
      <trkpt lat="32.0559959113597869873046875" lon="118.73332207091152667999267578125">
        <ele>6.400000095367431640625</ele>
        <time>2021-11-15T04:27:46.000Z</time>
        <extensions>
          <ns3:TrackPointExtension/>
        </extensions>
      </trkpt>
      <trkpt lat="32.05601493827998638153076171875" lon="118.73333732597529888153076171875">
        <ele>6.400000095367431640625</ele>
        <time>2021-11-15T04:27:47.000Z</time>
        <extensions>
          <ns3:TrackPointExtension/>
        </extensions>
      </trkpt>
      <trkpt lat="32.05603404901921749114990234375" lon="118.7333449535071849822998046875">
        <ele>6.400000095367431640625</ele>
        <time>2021-11-15T04:27:48.000Z</time>
        <extensions>
          <ns3:TrackPointExtension/>
        </extensions>
      </trkpt>
      <trkpt lat="32.05605315975844860076904296875" lon="118.73335258103907108306884765625">
        <ele>6.400000095367431640625</ele>
        <time>2021-11-15T04:27:49.000Z</time>
        <extensions>
          <ns3:TrackPointExtension/>
        </extensions>
      </trkpt>
      <trkpt lat="32.056076042354106903076171875" lon="118.73335258103907108306884765625">
        <ele>6.400000095367431640625</ele>
        <time>2021-11-15T04:27:50.000Z</time>
        <extensions>
          <ns3:TrackPointExtension>
            <ns3:hr>124</ns3:hr>
          </ns3:TrackPointExtension>
        </extensions>
      </trkpt>
      <trkpt lat="32.05609506927430629730224609375" lon="118.733360208570957183837890625">
        <ele>6.599999904632568359375</ele>
        <time>2021-11-15T04:27:51.000Z</time>
        <extensions>
          <ns3:TrackPointExtension/>
        </extensions>
      </trkpt>
      <trkpt lat="32.056117951869964599609375" lon="118.733367919921875">
        <ele>6.599999904632568359375</ele>
        <time>2021-11-15T04:27:52.000Z</time>
        <extensions>
          <ns3:TrackPointExtension/>
        </extensions>
      </trkpt>
      <trkpt lat="32.05614469014108180999755859375" lon="118.733367919921875">
        <ele>6.599999904632568359375</ele>
        <time>2021-11-15T04:27:53.000Z</time>
        <extensions>
          <ns3:TrackPointExtension/>
        </extensions>
      </trkpt>
      <trkpt lat="32.0561675727367401123046875" lon="118.73337554745376110076904296875">
        <ele>6.80000019073486328125</ele>
        <time>2021-11-15T04:27:54.000Z</time>
        <extensions>
          <ns3:TrackPointExtension/>
        </extensions>
      </trkpt>
      <trkpt lat="32.05619045533239841461181640625" lon="118.73337554745376110076904296875">
        <ele>6.80000019073486328125</ele>
        <time>2021-11-15T04:27:55.000Z</time>
        <extensions>
          <ns3:TrackPointExtension>
            <ns3:hr>125</ns3:hr>
          </ns3:TrackPointExtension>
        </extensions>
      </trkpt>
      <trkpt lat="32.056217193603515625" lon="118.7333831749856472015380859375">
        <ele>6.80000019073486328125</ele>
        <time>2021-11-15T04:27:56.000Z</time>
        <extensions>
          <ns3:TrackPointExtension/>
        </extensions>
      </trkpt>
      <trkpt lat="32.0562438480556011199951171875" lon="118.7333831749856472015380859375">
        <ele>7</ele>
        <time>2021-11-15T04:27:57.000Z</time>
        <extensions>
          <ns3:TrackPointExtension/>
        </extensions>
      </trkpt>
      <trkpt lat="32.05627058632671833038330078125" lon="118.7333831749856472015380859375">
        <ele>7</ele>
        <time>2021-11-15T04:27:58.000Z</time>
        <extensions>
          <ns3:TrackPointExtension/>
        </extensions>
      </trkpt>
      <trkpt lat="32.0562934689223766326904296875" lon="118.7333831749856472015380859375">
        <ele>7</ele>
        <time>2021-11-15T04:27:59.000Z</time>
        <extensions>
          <ns3:TrackPointExtension/>
        </extensions>
      </trkpt>
      <trkpt lat="32.056320123374462127685546875" lon="118.7333831749856472015380859375">
        <ele>7</ele>
        <time>2021-11-15T04:28:00.000Z</time>
        <extensions>
          <ns3:TrackPointExtension>
            <ns3:hr>131</ns3:hr>
          </ns3:TrackPointExtension>
        </extensions>
      </trkpt>
      <trkpt lat="32.05634300597012042999267578125" lon="118.7333831749856472015380859375">
        <ele>6.80000019073486328125</ele>
        <time>2021-11-15T04:28:01.000Z</time>
        <extensions>
          <ns3:TrackPointExtension/>
        </extensions>
      </trkpt>
      <trkpt lat="32.0563658885657787322998046875" lon="118.7333831749856472015380859375">
        <ele>6.80000019073486328125</ele>
        <time>2021-11-15T04:28:02.000Z</time>
        <extensions>
          <ns3:TrackPointExtension/>
        </extensions>
      </trkpt>
      <trkpt lat="32.05638885498046875" lon="118.7333831749856472015380859375">
        <ele>6.599999904632568359375</ele>
        <time>2021-11-15T04:28:03.000Z</time>
        <extensions>
          <ns3:TrackPointExtension/>
        </extensions>
      </trkpt>
      <trkpt lat="32.05640788190066814422607421875" lon="118.7333831749856472015380859375">
        <ele>6.599999904632568359375</ele>
        <time>2021-11-15T04:28:04.000Z</time>
        <extensions>
          <ns3:TrackPointExtension/>
        </extensions>
      </trkpt>
      <trkpt lat="32.05642699263989925384521484375" lon="118.7333831749856472015380859375">
        <ele>6.599999904632568359375</ele>
        <time>2021-11-15T04:28:05.000Z</time>
        <extensions>
          <ns3:TrackPointExtension>
            <ns3:hr>130</ns3:hr>
          </ns3:TrackPointExtension>
        </extensions>
      </trkpt>
      <trkpt lat="32.05644224770367145538330078125" lon="118.7333831749856472015380859375">
        <ele>6.400000095367431640625</ele>
        <time>2021-11-15T04:28:06.000Z</time>
        <extensions>
          <ns3:TrackPointExtension/>
        </extensions>
      </trkpt>
      <trkpt lat="32.05645750276744365692138671875" lon="118.73337554745376110076904296875">
        <ele>6.400000095367431640625</ele>
        <time>2021-11-15T04:28:07.000Z</time>
        <extensions>
          <ns3:TrackPointExtension/>
        </extensions>
      </trkpt>
      <trkpt lat="32.05646890215575695037841796875" lon="118.73337554745376110076904296875">
        <ele>6.400000095367431640625</ele>
        <time>2021-11-15T04:28:08.000Z</time>
        <extensions>
          <ns3:TrackPointExtension/>
        </extensions>
      </trkpt>
      <trkpt lat="32.056480385363101959228515625" lon="118.73337554745376110076904296875">
        <ele>6.400000095367431640625</ele>
        <time>2021-11-15T04:28:09.000Z</time>
        <extensions>
          <ns3:TrackPointExtension/>
        </extensions>
      </trkpt>
      <trkpt lat="32.05648801289498805999755859375" lon="118.73337554745376110076904296875">
        <ele>6.400000095367431640625</ele>
        <time>2021-11-15T04:28:10.000Z</time>
        <extensions>
          <ns3:TrackPointExtension>
            <ns3:hr>130</ns3:hr>
          </ns3:TrackPointExtension>
        </extensions>
      </trkpt>
      <trkpt lat="32.056491784751415252685546875" lon="118.7333831749856472015380859375">
        <ele>6.19999980926513671875</ele>
        <time>2021-11-15T04:28:11.000Z</time>
        <extensions>
          <ns3:TrackPointExtension/>
        </extensions>
      </trkpt>
      <trkpt lat="32.0564956404268741607666015625" lon="118.7333831749856472015380859375">
        <ele>6.19999980926513671875</ele>
        <time>2021-11-15T04:28:12.000Z</time>
        <extensions>
          <ns3:TrackPointExtension/>
        </extensions>
      </trkpt>
      <trkpt lat="32.05649941228330135345458984375" lon="118.7333831749856472015380859375">
        <ele>6.19999980926513671875</ele>
        <time>2021-11-15T04:28:13.000Z</time>
        <extensions>
          <ns3:TrackPointExtension/>
        </extensions>
      </trkpt>
      <trkpt lat="32.05650326795876026153564453125" lon="118.7333831749856472015380859375">
        <ele>6.19999980926513671875</ele>
        <time>2021-11-15T04:28:14.000Z</time>
        <extensions>
          <ns3:TrackPointExtension/>
        </extensions>
      </trkpt>
      <trkpt lat="32.05650326795876026153564453125" lon="118.7333831749856472015380859375">
        <ele>6.19999980926513671875</ele>
        <time>2021-11-15T04:28:15.000Z</time>
        <extensions>
          <ns3:TrackPointExtension>
            <ns3:hr>130</ns3:hr>
          </ns3:TrackPointExtension>
        </extensions>
      </trkpt>
      <trkpt lat="32.05650326795876026153564453125" lon="118.73337554745376110076904296875">
        <ele>6.400000095367431640625</ele>
        <time>2021-11-15T04:28:16.000Z</time>
        <extensions>
          <ns3:TrackPointExtension/>
        </extensions>
      </trkpt>
      <trkpt lat="32.05650326795876026153564453125" lon="118.73337554745376110076904296875">
        <ele>6.400000095367431640625</ele>
        <time>2021-11-15T04:28:17.000Z</time>
        <extensions>
          <ns3:TrackPointExtension/>
        </extensions>
      </trkpt>
      <trkpt lat="32.05649941228330135345458984375" lon="118.7333831749856472015380859375">
        <ele>6.19999980926513671875</ele>
        <time>2021-11-15T04:28:18.000Z</time>
        <extensions>
          <ns3:TrackPointExtension/>
        </extensions>
      </trkpt>
      <trkpt lat="32.0564956404268741607666015625" lon="118.7333831749856472015380859375">
        <ele>6.19999980926513671875</ele>
        <time>2021-11-15T04:28:19.000Z</time>
        <extensions>
          <ns3:TrackPointExtension/>
        </extensions>
      </trkpt>
      <trkpt lat="32.056491784751415252685546875" lon="118.7333831749856472015380859375">
        <ele>6.19999980926513671875</ele>
        <time>2021-11-15T04:28:20.000Z</time>
        <extensions>
          <ns3:TrackPointExtension>
            <ns3:hr>129</ns3:hr>
          </ns3:TrackPointExtension>
        </extensions>
      </trkpt>
      <trkpt lat="32.05648415721952915191650390625" lon="118.7333831749856472015380859375">
        <ele>6.400000095367431640625</ele>
        <time>2021-11-15T04:28:21.000Z</time>
        <extensions>
          <ns3:TrackPointExtension/>
        </extensions>
      </trkpt>
      <trkpt lat="32.0564765296876430511474609375" lon="118.7333831749856472015380859375">
        <ele>6.400000095367431640625</ele>
        <time>2021-11-15T04:28:22.000Z</time>
        <extensions>
          <ns3:TrackPointExtension/>
        </extensions>
      </trkpt>
      <trkpt lat="32.05647275783121585845947265625" lon="118.73339080251753330230712890625">
        <ele>6.400000095367431640625</ele>
        <time>2021-11-15T04:28:23.000Z</time>
        <extensions>
          <ns3:TrackPointExtension/>
        </extensions>
      </trkpt>
      <trkpt lat="32.0564651302993297576904296875" lon="118.73339080251753330230712890625">
        <ele>6.400000095367431640625</ele>
        <time>2021-11-15T04:28:24.000Z</time>
        <extensions>
          <ns3:TrackPointExtension/>
        </extensions>
      </trkpt>
      <trkpt lat="32.056461274623870849609375" lon="118.73339080251753330230712890625">
        <ele>6.400000095367431640625</ele>
        <time>2021-11-15T04:28:25.000Z</time>
        <extensions>
          <ns3:TrackPointExtension>
            <ns3:hr>127</ns3:hr>
          </ns3:TrackPointExtension>
        </extensions>
      </trkpt>
      <trkpt lat="32.05645750276744365692138671875" lon="118.733398430049419403076171875">
        <ele>6.400000095367431640625</ele>
        <time>2021-11-15T04:28:26.000Z</time>
        <extensions>
          <ns3:TrackPointExtension/>
        </extensions>
      </trkpt>
      <trkpt lat="32.05645364709198474884033203125" lon="118.733398430049419403076171875">
        <ele>6.400000095367431640625</ele>
        <time>2021-11-15T04:28:27.000Z</time>
        <extensions>
          <ns3:TrackPointExtension/>
        </extensions>
      </trkpt>
      <trkpt lat="32.05644987523555755615234375" lon="118.733398430049419403076171875">
        <ele>6.400000095367431640625</ele>
        <time>2021-11-15T04:28:28.000Z</time>
        <extensions>
          <ns3:TrackPointExtension/>
        </extensions>
      </trkpt>
      <trkpt lat="32.05645364709198474884033203125" lon="118.73340605758130550384521484375">
        <ele>6.400000095367431640625</ele>
        <time>2021-11-15T04:28:29.000Z</time>
        <extensions>
          <ns3:TrackPointExtension/>
        </extensions>
      </trkpt>
      <trkpt lat="32.05645750276744365692138671875" lon="118.7334136851131916046142578125">
        <ele>6.400000095367431640625</ele>
        <time>2021-11-15T04:28:30.000Z</time>
        <extensions>
          <ns3:TrackPointExtension>
            <ns3:hr>127</ns3:hr>
          </ns3:TrackPointExtension>
        </extensions>
      </trkpt>
      <trkpt lat="32.056461274623870849609375" lon="118.73342894017696380615234375">
        <ele>6.19999980926513671875</ele>
        <time>2021-11-15T04:28:31.000Z</time>
        <extensions>
          <ns3:TrackPointExtension/>
        </extensions>
      </trkpt>
      <trkpt lat="32.0564651302993297576904296875" lon="118.73343656770884990692138671875">
        <ele>6.19999980926513671875</ele>
        <time>2021-11-15T04:28:32.000Z</time>
        <extensions>
          <ns3:TrackPointExtension/>
        </extensions>
      </trkpt>
      <trkpt lat="32.05647275783121585845947265625" lon="118.73345182277262210845947265625">
        <ele>6.19999980926513671875</ele>
        <time>2021-11-15T04:28:33.000Z</time>
        <extensions>
          <ns3:TrackPointExtension/>
        </extensions>
      </trkpt>
      <trkpt lat="32.05648415721952915191650390625" lon="118.73346707783639430999755859375">
        <ele>6.19999980926513671875</ele>
        <time>2021-11-15T04:28:34.000Z</time>
        <extensions>
          <ns3:TrackPointExtension/>
        </extensions>
      </trkpt>
      <trkpt lat="32.056491784751415252685546875" lon="118.7334747053682804107666015625">
        <ele>6.19999980926513671875</ele>
        <time>2021-11-15T04:28:35.000Z</time>
        <extensions>
          <ns3:TrackPointExtension>
            <ns3:hr>127</ns3:hr>
          </ns3:TrackPointExtension>
        </extensions>
      </trkpt>
      <trkpt lat="32.05649941228330135345458984375" lon="118.73349758796393871307373046875">
        <ele>6.19999980926513671875</ele>
        <time>2021-11-15T04:28:36.000Z</time>
        <extensions>
          <ns3:TrackPointExtension/>
        </extensions>
      </trkpt>
      <trkpt lat="32.0565070398151874542236328125" lon="118.73351284302771091461181640625">
        <ele>6.19999980926513671875</ele>
        <time>2021-11-15T04:28:37.000Z</time>
        <extensions>
          <ns3:TrackPointExtension/>
        </extensions>
      </trkpt>
      <trkpt lat="32.05651852302253246307373046875" lon="118.73352809809148311614990234375">
        <ele>6</ele>
        <time>2021-11-15T04:28:38.000Z</time>
        <extensions>
          <ns3:TrackPointExtension/>
        </extensions>
      </trkpt>
      <trkpt lat="32.05653377808630466461181640625" lon="118.73354335315525531768798828125">
        <ele>6</ele>
        <time>2021-11-15T04:28:39.000Z</time>
        <extensions>
          <ns3:TrackPointExtension/>
        </extensions>
      </trkpt>
      <trkpt lat="32.056541405618190765380859375" lon="118.73355098068714141845703125">
        <ele>6</ele>
        <time>2021-11-15T04:28:40.000Z</time>
        <extensions>
          <ns3:TrackPointExtension>
            <ns3:hr>127</ns3:hr>
          </ns3:TrackPointExtension>
        </extensions>
      </trkpt>
      <trkpt lat="32.05654903315007686614990234375" lon="118.73357386328279972076416015625">
        <ele>6</ele>
        <time>2021-11-15T04:28:41.000Z</time>
        <extensions>
          <ns3:TrackPointExtension/>
        </extensions>
      </trkpt>
      <trkpt lat="32.05654903315007686614990234375" lon="118.73358911834657192230224609375">
        <ele>6</ele>
        <time>2021-11-15T04:28:42.000Z</time>
        <extensions>
          <ns3:TrackPointExtension/>
        </extensions>
      </trkpt>
      <trkpt lat="32.056552805006504058837890625" lon="118.73360437341034412384033203125">
        <ele>6</ele>
        <time>2021-11-15T04:28:43.000Z</time>
        <extensions>
          <ns3:TrackPointExtension/>
        </extensions>
      </trkpt>
    </trkseg>
  </trk>
</gpx>
