<gpx xmlns:ns3="http://www.garmin.com/xmlschemas/TrackPointExtension/v1" xmlns="http://www.topografix.com/GPX/1/1" xmlns:xsi="http://www.w3.org/2001/XMLSchema-instance" xmlns:ns2="http://www.garmin.com/xmlschemas/GpxExtensions/v3" creator="Garmin Connect" version="1.1" xsi:schemaLocation="http://www.topografix.com/GPX/1/1 http://www.topografix.com/GPX/11.xsd">
  <extensions>
<distance>8020.0</distance>
<average_hr>165.0</average_hr>
<average_speed>2.5837628865979383</average_speed>
<start_time>2021-07-08T11:22:40+00:00</start_time>
<end_time>2021-07-08T12:14:24+00:00</end_time>
<moving_time>3087.0</moving_time>
<elapsed_time>3107.0</elapsed_time>
</extensions>
<metadata>
    <link href="connect.garmin.com">
      <text>Garmin Connect</text>
    </link>
    <time>2021-07-08T11:22:40.000Z</time>
  </metadata>
  <trk>
    <name>跑步</name>
    <type>running</type>
    <trkseg>
      <trkpt lat="31.968418098986148834228515625" lon="118.825469948351383209228515625">
        <ele>7.400000095367431640625</ele>
        <time>2021-07-08T11:22:42.000Z</time>
        <extensions>
          <ns3:TrackPointExtension/>
        </extensions>
      </trkpt>
      <trkpt lat="31.9684085436165332794189453125" lon="118.82549283094704151153564453125">
        <ele>7.80000019073486328125</ele>
        <time>2021-07-08T11:22:43.000Z</time>
        <extensions>
          <ns3:TrackPointExtension/>
        </extensions>
      </trkpt>
      <trkpt lat="31.968398988246917724609375" lon="118.8255157135426998138427734375">
        <ele>8.19999980926513671875</ele>
        <time>2021-07-08T11:22:44.000Z</time>
        <extensions>
          <ns3:TrackPointExtension/>
        </extensions>
      </trkpt>
      <trkpt lat="31.96839136071503162384033203125" lon="118.82553859613835811614990234375">
        <ele>8.3999996185302734375</ele>
        <time>2021-07-08T11:22:45.000Z</time>
        <extensions>
          <ns3:TrackPointExtension>
            <ns3:hr>89</ns3:hr>
            <ns3:cad>75</ns3:cad>
          </ns3:TrackPointExtension>
        </extensions>
      </trkpt>
      <trkpt lat="31.96838180534541606903076171875" lon="118.82556147873401641845703125">
        <ele>8.80000019073486328125</ele>
        <time>2021-07-08T11:22:46.000Z</time>
        <extensions>
          <ns3:TrackPointExtension/>
        </extensions>
      </trkpt>
      <trkpt lat="31.96837610565125942230224609375" lon="118.825591988861560821533203125">
        <ele>9.19999980926513671875</ele>
        <time>2021-07-08T11:22:47.000Z</time>
        <extensions>
          <ns3:TrackPointExtension/>
        </extensions>
      </trkpt>
      <trkpt lat="31.968368478119373321533203125" lon="118.82561487145721912384033203125">
        <ele>9.6000003814697265625</ele>
        <time>2021-07-08T11:22:48.000Z</time>
        <extensions>
          <ns3:TrackPointExtension/>
        </extensions>
      </trkpt>
      <trkpt lat="31.96836085058748722076416015625" lon="118.8256377540528774261474609375">
        <ele>9.80000019073486328125</ele>
        <time>2021-07-08T11:22:49.000Z</time>
        <extensions>
          <ns3:TrackPointExtension/>
        </extensions>
      </trkpt>
      <trkpt lat="31.9683532230556011199951171875" lon="118.82566063664853572845458984375">
        <ele>10</ele>
        <time>2021-07-08T11:22:50.000Z</time>
        <extensions>
          <ns3:TrackPointExtension>
            <ns3:hr>88</ns3:hr>
            <ns3:cad>78</ns3:cad>
          </ns3:TrackPointExtension>
        </extensions>
      </trkpt>
      <trkpt lat="31.9683475233614444732666015625" lon="118.82568351924419403076171875">
        <ele>10.19999980926513671875</ele>
        <time>2021-07-08T11:22:51.000Z</time>
        <extensions>
          <ns3:TrackPointExtension/>
        </extensions>
      </trkpt>
      <trkpt lat="31.9683418236672878265380859375" lon="118.825714029371738433837890625">
        <ele>10.19999980926513671875</ele>
        <time>2021-07-08T11:22:52.000Z</time>
        <extensions>
          <ns3:TrackPointExtension/>
        </extensions>
      </trkpt>
      <trkpt lat="31.96833419613540172576904296875" lon="118.8257369957864284515380859375">
        <ele>10.3999996185302734375</ele>
        <time>2021-07-08T11:22:53.000Z</time>
        <extensions>
          <ns3:TrackPointExtension/>
        </extensions>
      </trkpt>
      <trkpt lat="31.9683284126222133636474609375" lon="118.82575987838208675384521484375">
        <ele>10.3999996185302734375</ele>
        <time>2021-07-08T11:22:54.000Z</time>
        <extensions>
          <ns3:TrackPointExtension/>
        </extensions>
      </trkpt>
      <trkpt lat="31.9683227129280567169189453125" lon="118.82578276097774505615234375">
        <ele>10.3999996185302734375</ele>
        <time>2021-07-08T11:22:55.000Z</time>
        <extensions>
          <ns3:TrackPointExtension>
            <ns3:hr>112</ns3:hr>
            <ns3:cad>75</ns3:cad>
          </ns3:TrackPointExtension>
        </extensions>
      </trkpt>
      <trkpt lat="31.96831508539617061614990234375" lon="118.82580564357340335845947265625">
        <ele>10.6000003814697265625</ele>
        <time>2021-07-08T11:22:56.000Z</time>
        <extensions>
          <ns3:TrackPointExtension/>
        </extensions>
      </trkpt>
      <trkpt lat="31.96830938570201396942138671875" lon="118.8258285261690616607666015625">
        <ele>10.6000003814697265625</ele>
        <time>2021-07-08T11:22:57.000Z</time>
        <extensions>
          <ns3:TrackPointExtension/>
        </extensions>
      </trkpt>
      <trkpt lat="31.9683036021888256072998046875" lon="118.82585140876471996307373046875">
        <ele>10.80000019073486328125</ele>
        <time>2021-07-08T11:22:58.000Z</time>
        <extensions>
          <ns3:TrackPointExtension/>
        </extensions>
      </trkpt>
      <trkpt lat="31.9682979024946689605712890625" lon="118.825874291360378265380859375">
        <ele>10.80000019073486328125</ele>
        <time>2021-07-08T11:22:59.000Z</time>
        <extensions>
          <ns3:TrackPointExtension/>
        </extensions>
      </trkpt>
      <trkpt lat="31.9682922028005123138427734375" lon="118.8258895464241504669189453125">
        <ele>10.80000019073486328125</ele>
        <time>2021-07-08T11:23:00.000Z</time>
        <extensions>
          <ns3:TrackPointExtension>
            <ns3:hr>115</ns3:hr>
            <ns3:cad>75</ns3:cad>
          </ns3:TrackPointExtension>
        </extensions>
      </trkpt>
      <trkpt lat="31.9682865031063556671142578125" lon="118.82591242901980876922607421875">
        <ele>11</ele>
        <time>2021-07-08T11:23:01.000Z</time>
        <extensions>
          <ns3:TrackPointExtension/>
        </extensions>
      </trkpt>
      <trkpt lat="31.96827887557446956634521484375" lon="118.825935311615467071533203125">
        <ele>11</ele>
        <time>2021-07-08T11:23:02.000Z</time>
        <extensions>
          <ns3:TrackPointExtension/>
        </extensions>
      </trkpt>
      <trkpt lat="31.9682730920612812042236328125" lon="118.82595819421112537384033203125">
        <ele>10.80000019073486328125</ele>
        <time>2021-07-08T11:23:03.000Z</time>
        <extensions>
          <ns3:TrackPointExtension/>
        </extensions>
      </trkpt>
      <trkpt lat="31.9682673923671245574951171875" lon="118.82597344927489757537841796875">
        <ele>10.80000019073486328125</ele>
        <time>2021-07-08T11:23:04.000Z</time>
        <extensions>
          <ns3:TrackPointExtension/>
        </extensions>
      </trkpt>
      <trkpt lat="31.9682616926729679107666015625" lon="118.82598870433866977691650390625">
        <ele>10.80000019073486328125</ele>
        <time>2021-07-08T11:23:05.000Z</time>
        <extensions>
          <ns3:TrackPointExtension>
            <ns3:hr>121</ns3:hr>
            <ns3:cad>74</ns3:cad>
          </ns3:TrackPointExtension>
        </extensions>
      </trkpt>
      <trkpt lat="31.9682559929788112640380859375" lon="118.8260115869343280792236328125">
        <ele>10.6000003814697265625</ele>
        <time>2021-07-08T11:23:06.000Z</time>
        <extensions>
          <ns3:TrackPointExtension/>
        </extensions>
      </trkpt>
      <trkpt lat="31.96825020946562290191650390625" lon="118.82603446952998638153076171875">
        <ele>10.6000003814697265625</ele>
        <time>2021-07-08T11:23:07.000Z</time>
        <extensions>
          <ns3:TrackPointExtension/>
        </extensions>
      </trkpt>
      <trkpt lat="31.96824450977146625518798828125" lon="118.82604972459375858306884765625">
        <ele>10.6000003814697265625</ele>
        <time>2021-07-08T11:23:08.000Z</time>
        <extensions>
          <ns3:TrackPointExtension/>
        </extensions>
      </trkpt>
      <trkpt lat="31.9682407379150390625" lon="118.82607269100844860076904296875">
        <ele>10.3999996185302734375</ele>
        <time>2021-07-08T11:23:09.000Z</time>
        <extensions>
          <ns3:TrackPointExtension/>
        </extensions>
      </trkpt>
      <trkpt lat="31.96823495440185070037841796875" lon="118.82608794607222080230712890625">
        <ele>10.3999996185302734375</ele>
        <time>2021-07-08T11:23:10.000Z</time>
        <extensions>
          <ns3:TrackPointExtension>
            <ns3:hr>120</ns3:hr>
            <ns3:cad>75</ns3:cad>
          </ns3:TrackPointExtension>
        </extensions>
      </trkpt>
      <trkpt lat="31.96822925470769405364990234375" lon="118.8261108286678791046142578125">
        <ele>10.3999996185302734375</ele>
        <time>2021-07-08T11:23:11.000Z</time>
        <extensions>
          <ns3:TrackPointExtension/>
        </extensions>
      </trkpt>
      <trkpt lat="31.96822539903223514556884765625" lon="118.82612608373165130615234375">
        <ele>10.19999980926513671875</ele>
        <time>2021-07-08T11:23:12.000Z</time>
        <extensions>
          <ns3:TrackPointExtension/>
        </extensions>
      </trkpt>
      <trkpt lat="31.968221627175807952880859375" lon="118.82614896632730960845947265625">
        <ele>10.19999980926513671875</ele>
        <time>2021-07-08T11:23:13.000Z</time>
        <extensions>
          <ns3:TrackPointExtension/>
        </extensions>
      </trkpt>
      <trkpt lat="31.96821969933807849884033203125" lon="118.82616422139108180999755859375">
        <ele>10.19999980926513671875</ele>
        <time>2021-07-08T11:23:14.000Z</time>
        <extensions>
          <ns3:TrackPointExtension/>
        </extensions>
      </trkpt>
      <trkpt lat="31.96821592748165130615234375" lon="118.8261871039867401123046875">
        <ele>10</ele>
        <time>2021-07-08T11:23:15.000Z</time>
        <extensions>
          <ns3:TrackPointExtension>
            <ns3:hr>125</ns3:hr>
            <ns3:cad>74</ns3:cad>
          </ns3:TrackPointExtension>
        </extensions>
      </trkpt>
      <trkpt lat="31.9682120718061923980712890625" lon="118.8262023590505123138427734375">
        <ele>10</ele>
        <time>2021-07-08T11:23:16.000Z</time>
        <extensions>
          <ns3:TrackPointExtension/>
        </extensions>
      </trkpt>
      <trkpt lat="31.96820829994976520538330078125" lon="118.82622524164617061614990234375">
        <ele>9.80000019073486328125</ele>
        <time>2021-07-08T11:23:17.000Z</time>
        <extensions>
          <ns3:TrackPointExtension/>
        </extensions>
      </trkpt>
      <trkpt lat="31.96820444427430629730224609375" lon="118.82624049670994281768798828125">
        <ele>9.6000003814697265625</ele>
        <time>2021-07-08T11:23:18.000Z</time>
        <extensions>
          <ns3:TrackPointExtension/>
        </extensions>
      </trkpt>
      <trkpt lat="31.9682006724178791046142578125" lon="118.82625575177371501922607421875">
        <ele>9.19999980926513671875</ele>
        <time>2021-07-08T11:23:19.000Z</time>
        <extensions>
          <ns3:TrackPointExtension/>
        </extensions>
      </trkpt>
      <trkpt lat="31.968196816742420196533203125" lon="118.826278634369373321533203125">
        <ele>9</ele>
        <time>2021-07-08T11:23:20.000Z</time>
        <extensions>
          <ns3:TrackPointExtension>
            <ns3:hr>124</ns3:hr>
            <ns3:cad>75</ns3:cad>
          </ns3:TrackPointExtension>
        </extensions>
      </trkpt>
      <trkpt lat="31.96819304488599300384521484375" lon="118.8262938894331455230712890625">
        <ele>8.6000003814697265625</ele>
        <time>2021-07-08T11:23:21.000Z</time>
        <extensions>
          <ns3:TrackPointExtension/>
        </extensions>
      </trkpt>
      <trkpt lat="31.9681872613728046417236328125" lon="118.82631677202880382537841796875">
        <ele>8.3999996185302734375</ele>
        <time>2021-07-08T11:23:22.000Z</time>
        <extensions>
          <ns3:TrackPointExtension/>
        </extensions>
      </trkpt>
      <trkpt lat="31.9681815616786479949951171875" lon="118.82633202709257602691650390625">
        <ele>8</ele>
        <time>2021-07-08T11:23:23.000Z</time>
        <extensions>
          <ns3:TrackPointExtension/>
        </extensions>
      </trkpt>
      <trkpt lat="31.9681758619844913482666015625" lon="118.8263549096882343292236328125">
        <ele>7.80000019073486328125</ele>
        <time>2021-07-08T11:23:24.000Z</time>
        <extensions>
          <ns3:TrackPointExtension/>
        </extensions>
      </trkpt>
      <trkpt lat="31.9681701622903347015380859375" lon="118.82637016475200653076171875">
        <ele>7.400000095367431640625</ele>
        <time>2021-07-08T11:23:25.000Z</time>
        <extensions>
          <ns3:TrackPointExtension>
            <ns3:hr>125</ns3:hr>
            <ns3:cad>74</ns3:cad>
          </ns3:TrackPointExtension>
        </extensions>
      </trkpt>
      <trkpt lat="31.96816437877714633941650390625" lon="118.82639304734766483306884765625">
        <ele>7</ele>
        <time>2021-07-08T11:23:26.000Z</time>
        <extensions>
          <ns3:TrackPointExtension/>
        </extensions>
      </trkpt>
      <trkpt lat="31.9681567512452602386474609375" lon="118.82640838623046875">
        <ele>6.80000019073486328125</ele>
        <time>2021-07-08T11:23:27.000Z</time>
        <extensions>
          <ns3:TrackPointExtension/>
        </extensions>
      </trkpt>
      <trkpt lat="31.9681510515511035919189453125" lon="118.82643126882612705230712890625">
        <ele>6.400000095367431640625</ele>
        <time>2021-07-08T11:23:28.000Z</time>
        <extensions>
          <ns3:TrackPointExtension/>
        </extensions>
      </trkpt>
      <trkpt lat="31.96814342401921749114990234375" lon="118.8264541514217853546142578125">
        <ele>6.19999980926513671875</ele>
        <time>2021-07-08T11:23:29.000Z</time>
        <extensions>
          <ns3:TrackPointExtension/>
        </extensions>
      </trkpt>
      <trkpt lat="31.968135796487331390380859375" lon="118.82646940648555755615234375">
        <ele>6</ele>
        <time>2021-07-08T11:23:30.000Z</time>
        <extensions>
          <ns3:TrackPointExtension>
            <ns3:hr>127</ns3:hr>
            <ns3:cad>74</ns3:cad>
          </ns3:TrackPointExtension>
        </extensions>
      </trkpt>
      <trkpt lat="31.96813009679317474365234375" lon="118.82649228908121585845947265625">
        <ele>5.80000019073486328125</ele>
        <time>2021-07-08T11:23:31.000Z</time>
        <extensions>
          <ns3:TrackPointExtension/>
        </extensions>
      </trkpt>
      <trkpt lat="31.96812246926128864288330078125" lon="118.8265151716768741607666015625">
        <ele>5.599999904632568359375</ele>
        <time>2021-07-08T11:23:32.000Z</time>
        <extensions>
          <ns3:TrackPointExtension/>
        </extensions>
      </trkpt>
      <trkpt lat="31.96811668574810028076171875" lon="118.8265304267406463623046875">
        <ele>5.599999904632568359375</ele>
        <time>2021-07-08T11:23:33.000Z</time>
        <extensions>
          <ns3:TrackPointExtension/>
        </extensions>
      </trkpt>
      <trkpt lat="31.968110986053943634033203125" lon="118.82655330933630466461181640625">
        <ele>5.400000095367431640625</ele>
        <time>2021-07-08T11:23:34.000Z</time>
        <extensions>
          <ns3:TrackPointExtension/>
        </extensions>
      </trkpt>
      <trkpt lat="31.96810335852205753326416015625" lon="118.8265761919319629669189453125">
        <ele>5.400000095367431640625</ele>
        <time>2021-07-08T11:23:35.000Z</time>
        <extensions>
          <ns3:TrackPointExtension>
            <ns3:hr>130</ns3:hr>
            <ns3:cad>74</ns3:cad>
          </ns3:TrackPointExtension>
        </extensions>
      </trkpt>
      <trkpt lat="31.96809765882790088653564453125" lon="118.82659144699573516845703125">
        <ele>5.19999980926513671875</ele>
        <time>2021-07-08T11:23:36.000Z</time>
        <extensions>
          <ns3:TrackPointExtension/>
        </extensions>
      </trkpt>
      <trkpt lat="31.9680900312960147857666015625" lon="118.82661432959139347076416015625">
        <ele>5.19999980926513671875</ele>
        <time>2021-07-08T11:23:37.000Z</time>
        <extensions>
          <ns3:TrackPointExtension/>
        </extensions>
      </trkpt>
      <trkpt lat="31.9680843316018581390380859375" lon="118.82662958465516567230224609375">
        <ele>5</ele>
        <time>2021-07-08T11:23:38.000Z</time>
        <extensions>
          <ns3:TrackPointExtension/>
        </extensions>
      </trkpt>
      <trkpt lat="31.96807854808866977691650390625" lon="118.826652467250823974609375">
        <ele>5</ele>
        <time>2021-07-08T11:23:39.000Z</time>
        <extensions>
          <ns3:TrackPointExtension/>
        </extensions>
      </trkpt>
      <trkpt lat="31.96807284839451313018798828125" lon="118.82667534984648227691650390625">
        <ele>4.80000019073486328125</ele>
        <time>2021-07-08T11:23:40.000Z</time>
        <extensions>
          <ns3:TrackPointExtension>
            <ns3:hr>129</ns3:hr>
            <ns3:cad>74</ns3:cad>
          </ns3:TrackPointExtension>
        </extensions>
      </trkpt>
      <trkpt lat="31.9680652208626270294189453125" lon="118.82669060491025447845458984375">
        <ele>4.80000019073486328125</ele>
        <time>2021-07-08T11:23:41.000Z</time>
        <extensions>
          <ns3:TrackPointExtension/>
        </extensions>
      </trkpt>
      <trkpt lat="31.9680595211684703826904296875" lon="118.82671348750591278076171875">
        <ele>4.80000019073486328125</ele>
        <time>2021-07-08T11:23:42.000Z</time>
        <extensions>
          <ns3:TrackPointExtension/>
        </extensions>
      </trkpt>
      <trkpt lat="31.96805373765528202056884765625" lon="118.8267287425696849822998046875">
        <ele>4.599999904632568359375</ele>
        <time>2021-07-08T11:23:43.000Z</time>
        <extensions>
          <ns3:TrackPointExtension/>
        </extensions>
      </trkpt>
      <trkpt lat="31.9680461101233959197998046875" lon="118.826743997633457183837890625">
        <ele>4.599999904632568359375</ele>
        <time>2021-07-08T11:23:44.000Z</time>
        <extensions>
          <ns3:TrackPointExtension/>
        </extensions>
      </trkpt>
      <trkpt lat="31.96803848259150981903076171875" lon="118.8267669640481472015380859375">
        <ele>4.599999904632568359375</ele>
        <time>2021-07-08T11:23:45.000Z</time>
        <extensions>
          <ns3:TrackPointExtension>
            <ns3:hr>131</ns3:hr>
            <ns3:cad>74</ns3:cad>
          </ns3:TrackPointExtension>
        </extensions>
      </trkpt>
      <trkpt lat="31.96803278289735317230224609375" lon="118.826782219111919403076171875">
        <ele>4.599999904632568359375</ele>
        <time>2021-07-08T11:23:46.000Z</time>
        <extensions>
          <ns3:TrackPointExtension/>
        </extensions>
      </trkpt>
      <trkpt lat="31.96802708320319652557373046875" lon="118.82680510170757770538330078125">
        <ele>4.599999904632568359375</ele>
        <time>2021-07-08T11:23:47.000Z</time>
        <extensions>
          <ns3:TrackPointExtension/>
        </extensions>
      </trkpt>
      <trkpt lat="31.9680194556713104248046875" lon="118.82682035677134990692138671875">
        <ele>4.599999904632568359375</ele>
        <time>2021-07-08T11:23:48.000Z</time>
        <extensions>
          <ns3:TrackPointExtension/>
        </extensions>
      </trkpt>
      <trkpt lat="31.968013755977153778076171875" lon="118.826843239367008209228515625">
        <ele>4.599999904632568359375</ele>
        <time>2021-07-08T11:23:49.000Z</time>
        <extensions>
          <ns3:TrackPointExtension/>
        </extensions>
      </trkpt>
      <trkpt lat="31.96800797246396541595458984375" lon="118.8268584944307804107666015625">
        <ele>4.80000019073486328125</ele>
        <time>2021-07-08T11:23:50.000Z</time>
        <extensions>
          <ns3:TrackPointExtension>
            <ns3:hr>133</ns3:hr>
            <ns3:cad>74</ns3:cad>
          </ns3:TrackPointExtension>
        </extensions>
      </trkpt>
      <trkpt lat="31.96800227276980876922607421875" lon="118.82688137702643871307373046875">
        <ele>4.80000019073486328125</ele>
        <time>2021-07-08T11:23:51.000Z</time>
        <extensions>
          <ns3:TrackPointExtension/>
        </extensions>
      </trkpt>
      <trkpt lat="31.96799464523792266845703125" lon="118.82689663209021091461181640625">
        <ele>4.80000019073486328125</ele>
        <time>2021-07-08T11:23:52.000Z</time>
        <extensions>
          <ns3:TrackPointExtension/>
        </extensions>
      </trkpt>
      <trkpt lat="31.967988945543766021728515625" lon="118.8269195146858692169189453125">
        <ele>4.80000019073486328125</ele>
        <time>2021-07-08T11:23:53.000Z</time>
        <extensions>
          <ns3:TrackPointExtension/>
        </extensions>
      </trkpt>
      <trkpt lat="31.967983245849609375" lon="118.82693476974964141845703125">
        <ele>5</ele>
        <time>2021-07-08T11:23:54.000Z</time>
        <extensions>
          <ns3:TrackPointExtension/>
        </extensions>
      </trkpt>
      <trkpt lat="31.967975534498691558837890625" lon="118.82695765234529972076416015625">
        <ele>5</ele>
        <time>2021-07-08T11:23:55.000Z</time>
        <extensions>
          <ns3:TrackPointExtension>
            <ns3:hr>134</ns3:hr>
            <ns3:cad>74</ns3:cad>
          </ns3:TrackPointExtension>
        </extensions>
      </trkpt>
      <trkpt lat="31.967969834804534912109375" lon="118.8269805349409580230712890625">
        <ele>5</ele>
        <time>2021-07-08T11:23:56.000Z</time>
        <extensions>
          <ns3:TrackPointExtension/>
        </extensions>
      </trkpt>
      <trkpt lat="31.967964135110378265380859375" lon="118.826995790004730224609375">
        <ele>5</ele>
        <time>2021-07-08T11:23:57.000Z</time>
        <extensions>
          <ns3:TrackPointExtension/>
        </extensions>
      </trkpt>
      <trkpt lat="31.96795843541622161865234375" lon="118.82701867260038852691650390625">
        <ele>5.19999980926513671875</ele>
        <time>2021-07-08T11:23:58.000Z</time>
        <extensions>
          <ns3:TrackPointExtension/>
        </extensions>
      </trkpt>
      <trkpt lat="31.96795080788433551788330078125" lon="118.8270415551960468292236328125">
        <ele>5.19999980926513671875</ele>
        <time>2021-07-08T11:23:59.000Z</time>
        <extensions>
          <ns3:TrackPointExtension/>
        </extensions>
      </trkpt>
      <trkpt lat="31.96794502437114715576171875" lon="118.82705681025981903076171875">
        <ele>5.19999980926513671875</ele>
        <time>2021-07-08T11:24:00.000Z</time>
        <extensions>
          <ns3:TrackPointExtension>
            <ns3:hr>134</ns3:hr>
            <ns3:cad>74</ns3:cad>
          </ns3:TrackPointExtension>
        </extensions>
      </trkpt>
      <trkpt lat="31.967939324676990509033203125" lon="118.82707969285547733306884765625">
        <ele>5.19999980926513671875</ele>
        <time>2021-07-08T11:24:01.000Z</time>
        <extensions>
          <ns3:TrackPointExtension/>
        </extensions>
      </trkpt>
      <trkpt lat="31.9679336249828338623046875" lon="118.82710265927016735076904296875">
        <ele>5.19999980926513671875</ele>
        <time>2021-07-08T11:24:02.000Z</time>
        <extensions>
          <ns3:TrackPointExtension/>
        </extensions>
      </trkpt>
      <trkpt lat="31.967927925288677215576171875" lon="118.82711791433393955230712890625">
        <ele>5.19999980926513671875</ele>
        <time>2021-07-08T11:24:03.000Z</time>
        <extensions>
          <ns3:TrackPointExtension/>
        </extensions>
      </trkpt>
      <trkpt lat="31.96792214177548885345458984375" lon="118.8271407969295978546142578125">
        <ele>5.19999980926513671875</ele>
        <time>2021-07-08T11:24:04.000Z</time>
        <extensions>
          <ns3:TrackPointExtension/>
        </extensions>
      </trkpt>
      <trkpt lat="31.96791644208133220672607421875" lon="118.82716367952525615692138671875">
        <ele>5</ele>
        <time>2021-07-08T11:24:05.000Z</time>
        <extensions>
          <ns3:TrackPointExtension>
            <ns3:hr>137</ns3:hr>
            <ns3:cad>75</ns3:cad>
          </ns3:TrackPointExtension>
        </extensions>
      </trkpt>
      <trkpt lat="31.9679126702249050140380859375" lon="118.82717893458902835845947265625">
        <ele>5</ele>
        <time>2021-07-08T11:24:06.000Z</time>
        <extensions>
          <ns3:TrackPointExtension/>
        </extensions>
      </trkpt>
      <trkpt lat="31.96790881454944610595703125" lon="118.8272018171846866607666015625">
        <ele>5</ele>
        <time>2021-07-08T11:24:07.000Z</time>
        <extensions>
          <ns3:TrackPointExtension/>
        </extensions>
      </trkpt>
      <trkpt lat="31.967903114855289459228515625" lon="118.8272170722484588623046875">
        <ele>5</ele>
        <time>2021-07-08T11:24:08.000Z</time>
        <extensions>
          <ns3:TrackPointExtension/>
        </extensions>
      </trkpt>
      <trkpt lat="31.96790118701756000518798828125" lon="118.82723995484411716461181640625">
        <ele>5</ele>
        <time>2021-07-08T11:24:09.000Z</time>
        <extensions>
          <ns3:TrackPointExtension/>
        </extensions>
      </trkpt>
      <trkpt lat="31.9678974151611328125" lon="118.8272628374397754669189453125">
        <ele>5</ele>
        <time>2021-07-08T11:24:10.000Z</time>
        <extensions>
          <ns3:TrackPointExtension>
            <ns3:hr>138</ns3:hr>
            <ns3:cad>74</ns3:cad>
          </ns3:TrackPointExtension>
        </extensions>
      </trkpt>
      <trkpt lat="31.9678935594856739044189453125" lon="118.82727809250354766845703125">
        <ele>5</ele>
        <time>2021-07-08T11:24:11.000Z</time>
        <extensions>
          <ns3:TrackPointExtension/>
        </extensions>
      </trkpt>
      <trkpt lat="31.96789163164794445037841796875" lon="118.82730097509920597076416015625">
        <ele>5</ele>
        <time>2021-07-08T11:24:12.000Z</time>
        <extensions>
          <ns3:TrackPointExtension/>
        </extensions>
      </trkpt>
      <trkpt lat="31.9678878597915172576904296875" lon="118.82731623016297817230224609375">
        <ele>5</ele>
        <time>2021-07-08T11:24:13.000Z</time>
        <extensions>
          <ns3:TrackPointExtension/>
        </extensions>
      </trkpt>
      <trkpt lat="31.96788593195378780364990234375" lon="118.827339112758636474609375">
        <ele>5</ele>
        <time>2021-07-08T11:24:14.000Z</time>
        <extensions>
          <ns3:TrackPointExtension/>
        </extensions>
      </trkpt>
      <trkpt lat="31.96788207627832889556884765625" lon="118.8273543678224086761474609375">
        <ele>5</ele>
        <time>2021-07-08T11:24:15.000Z</time>
        <extensions>
          <ns3:TrackPointExtension>
            <ns3:hr>135</ns3:hr>
            <ns3:cad>74</ns3:cad>
          </ns3:TrackPointExtension>
        </extensions>
      </trkpt>
      <trkpt lat="31.96787637658417224884033203125" lon="118.82737725041806697845458984375">
        <ele>4.80000019073486328125</ele>
        <time>2021-07-08T11:24:16.000Z</time>
        <extensions>
          <ns3:TrackPointExtension/>
        </extensions>
      </trkpt>
      <trkpt lat="31.96787260472774505615234375" lon="118.82740013301372528076171875">
        <ele>4.80000019073486328125</ele>
        <time>2021-07-08T11:24:17.000Z</time>
        <extensions>
          <ns3:TrackPointExtension/>
        </extensions>
      </trkpt>
      <trkpt lat="31.9678687490522861480712890625" lon="118.8274153880774974822998046875">
        <ele>4.80000019073486328125</ele>
        <time>2021-07-08T11:24:18.000Z</time>
        <extensions>
          <ns3:TrackPointExtension/>
        </extensions>
      </trkpt>
      <trkpt lat="31.96786497719585895538330078125" lon="118.8274383544921875">
        <ele>4.80000019073486328125</ele>
        <time>2021-07-08T11:24:19.000Z</time>
        <extensions>
          <ns3:TrackPointExtension/>
        </extensions>
      </trkpt>
      <trkpt lat="31.96785919368267059326171875" lon="118.8274536095559597015380859375">
        <ele>4.80000019073486328125</ele>
        <time>2021-07-08T11:24:20.000Z</time>
        <extensions>
          <ns3:TrackPointExtension>
            <ns3:hr>135</ns3:hr>
            <ns3:cad>74</ns3:cad>
          </ns3:TrackPointExtension>
        </extensions>
      </trkpt>
      <trkpt lat="31.967853493988513946533203125" lon="118.82747649215161800384521484375">
        <ele>4.80000019073486328125</ele>
        <time>2021-07-08T11:24:21.000Z</time>
        <extensions>
          <ns3:TrackPointExtension/>
        </extensions>
      </trkpt>
      <trkpt lat="31.9678477942943572998046875" lon="118.82749174721539020538330078125">
        <ele>4.80000019073486328125</ele>
        <time>2021-07-08T11:24:22.000Z</time>
        <extensions>
          <ns3:TrackPointExtension/>
        </extensions>
      </trkpt>
      <trkpt lat="31.967842094600200653076171875" lon="118.8275146298110485076904296875">
        <ele>4.80000019073486328125</ele>
        <time>2021-07-08T11:24:23.000Z</time>
        <extensions>
          <ns3:TrackPointExtension/>
        </extensions>
      </trkpt>
      <trkpt lat="31.9678382389247417449951171875" lon="118.82753751240670680999755859375">
        <ele>4.80000019073486328125</ele>
        <time>2021-07-08T11:24:24.000Z</time>
        <extensions>
          <ns3:TrackPointExtension/>
        </extensions>
      </trkpt>
      <trkpt lat="31.9678325392305850982666015625" lon="118.82755276747047901153564453125">
        <ele>4.80000019073486328125</ele>
        <time>2021-07-08T11:24:25.000Z</time>
        <extensions>
          <ns3:TrackPointExtension>
            <ns3:hr>139</ns3:hr>
            <ns3:cad>74</ns3:cad>
          </ns3:TrackPointExtension>
        </extensions>
      </trkpt>
      <trkpt lat="31.9678268395364284515380859375" lon="118.82756802253425121307373046875">
        <ele>5</ele>
        <time>2021-07-08T11:24:26.000Z</time>
        <extensions>
          <ns3:TrackPointExtension/>
        </extensions>
      </trkpt>
      <trkpt lat="31.96782105602324008941650390625" lon="118.827590905129909515380859375">
        <ele>5</ele>
        <time>2021-07-08T11:24:27.000Z</time>
        <extensions>
          <ns3:TrackPointExtension/>
        </extensions>
      </trkpt>
      <trkpt lat="31.967817284166812896728515625" lon="118.8276061601936817169189453125">
        <ele>5.19999980926513671875</ele>
        <time>2021-07-08T11:24:28.000Z</time>
        <extensions>
          <ns3:TrackPointExtension/>
        </extensions>
      </trkpt>
      <trkpt lat="31.96781158447265625" lon="118.82762904278934001922607421875">
        <ele>5.19999980926513671875</ele>
        <time>2021-07-08T11:24:29.000Z</time>
        <extensions>
          <ns3:TrackPointExtension/>
        </extensions>
      </trkpt>
      <trkpt lat="31.9678077287971973419189453125" lon="118.82764429785311222076416015625">
        <ele>5.400000095367431640625</ele>
        <time>2021-07-08T11:24:30.000Z</time>
        <extensions>
          <ns3:TrackPointExtension>
            <ns3:hr>139</ns3:hr>
            <ns3:cad>75</ns3:cad>
          </ns3:TrackPointExtension>
        </extensions>
      </trkpt>
      <trkpt lat="31.967803873121738433837890625" lon="118.8276671804487705230712890625">
        <ele>5.599999904632568359375</ele>
        <time>2021-07-08T11:24:31.000Z</time>
        <extensions>
          <ns3:TrackPointExtension/>
        </extensions>
      </trkpt>
      <trkpt lat="31.9678020291030406951904296875" lon="118.82769006304442882537841796875">
        <ele>5.80000019073486328125</ele>
        <time>2021-07-08T11:24:32.000Z</time>
        <extensions>
          <ns3:TrackPointExtension/>
        </extensions>
      </trkpt>
      <trkpt lat="31.96780010126531124114990234375" lon="118.82770531810820102691650390625">
        <ele>5.80000019073486328125</ele>
        <time>2021-07-08T11:24:33.000Z</time>
        <extensions>
          <ns3:TrackPointExtension/>
        </extensions>
      </trkpt>
      <trkpt lat="31.967798173427581787109375" lon="118.8277282007038593292236328125">
        <ele>6</ele>
        <time>2021-07-08T11:24:34.000Z</time>
        <extensions>
          <ns3:TrackPointExtension/>
        </extensions>
      </trkpt>
      <trkpt lat="31.967798173427581787109375" lon="118.82775108329951763153076171875">
        <ele>6.19999980926513671875</ele>
        <time>2021-07-08T11:24:35.000Z</time>
        <extensions>
          <ns3:TrackPointExtension>
            <ns3:hr>145</ns3:hr>
            <ns3:cad>74</ns3:cad>
          </ns3:TrackPointExtension>
        </extensions>
      </trkpt>
      <trkpt lat="31.96780010126531124114990234375" lon="118.827773965895175933837890625">
        <ele>6.19999980926513671875</ele>
        <time>2021-07-08T11:24:36.000Z</time>
        <extensions>
          <ns3:TrackPointExtension/>
        </extensions>
      </trkpt>
      <trkpt lat="31.9678020291030406951904296875" lon="118.82778930477797985076904296875">
        <ele>6.19999980926513671875</ele>
        <time>2021-07-08T11:24:37.000Z</time>
        <extensions>
          <ns3:TrackPointExtension/>
        </extensions>
      </trkpt>
      <trkpt lat="31.96780580095946788787841796875" lon="118.827812187373638153076171875">
        <ele>6.19999980926513671875</ele>
        <time>2021-07-08T11:24:38.000Z</time>
        <extensions>
          <ns3:TrackPointExtension/>
        </extensions>
      </trkpt>
      <trkpt lat="31.96780965663492679595947265625" lon="118.82783506996929645538330078125">
        <ele>6.19999980926513671875</ele>
        <time>2021-07-08T11:24:39.000Z</time>
        <extensions>
          <ns3:TrackPointExtension/>
        </extensions>
      </trkpt>
      <trkpt lat="31.9678134284913539886474609375" lon="118.82785032503306865692138671875">
        <ele>6.400000095367431640625</ele>
        <time>2021-07-08T11:24:40.000Z</time>
        <extensions>
          <ns3:TrackPointExtension>
            <ns3:hr>144</ns3:hr>
            <ns3:cad>75</ns3:cad>
          </ns3:TrackPointExtension>
        </extensions>
      </trkpt>
      <trkpt lat="31.967817284166812896728515625" lon="118.827873207628726959228515625">
        <ele>6.400000095367431640625</ele>
        <time>2021-07-08T11:24:41.000Z</time>
        <extensions>
          <ns3:TrackPointExtension/>
        </extensions>
      </trkpt>
      <trkpt lat="31.96782298386096954345703125" lon="118.82789609022438526153564453125">
        <ele>6.400000095367431640625</ele>
        <time>2021-07-08T11:24:42.000Z</time>
        <extensions>
          <ns3:TrackPointExtension/>
        </extensions>
      </trkpt>
      <trkpt lat="31.967828683555126190185546875" lon="118.82791134528815746307373046875">
        <ele>6.400000095367431640625</ele>
        <time>2021-07-08T11:24:43.000Z</time>
        <extensions>
          <ns3:TrackPointExtension/>
        </extensions>
      </trkpt>
      <trkpt lat="31.96783446706831455230712890625" lon="118.827934227883815765380859375">
        <ele>6.400000095367431640625</ele>
        <time>2021-07-08T11:24:44.000Z</time>
        <extensions>
          <ns3:TrackPointExtension/>
        </extensions>
      </trkpt>
      <trkpt lat="31.967842094600200653076171875" lon="118.8279494829475879669189453125">
        <ele>6.599999904632568359375</ele>
        <time>2021-07-08T11:24:45.000Z</time>
        <extensions>
          <ns3:TrackPointExtension>
            <ns3:hr>146</ns3:hr>
            <ns3:cad>75</ns3:cad>
          </ns3:TrackPointExtension>
        </extensions>
      </trkpt>
      <trkpt lat="31.9678477942943572998046875" lon="118.82797236554324626922607421875">
        <ele>6.599999904632568359375</ele>
        <time>2021-07-08T11:24:46.000Z</time>
        <extensions>
          <ns3:TrackPointExtension/>
        </extensions>
      </trkpt>
      <trkpt lat="31.96785542182624340057373046875" lon="118.82798762060701847076416015625">
        <ele>6.599999904632568359375</ele>
        <time>2021-07-08T11:24:47.000Z</time>
        <extensions>
          <ns3:TrackPointExtension/>
        </extensions>
      </trkpt>
      <trkpt lat="31.9678630493581295013427734375" lon="118.82800287567079067230224609375">
        <ele>6.599999904632568359375</ele>
        <time>2021-07-08T11:24:48.000Z</time>
        <extensions>
          <ns3:TrackPointExtension/>
        </extensions>
      </trkpt>
      <trkpt lat="31.96787067689001560211181640625" lon="118.82801813073456287384033203125">
        <ele>6.80000019073486328125</ele>
        <time>2021-07-08T11:24:49.000Z</time>
        <extensions>
          <ns3:TrackPointExtension/>
        </extensions>
      </trkpt>
      <trkpt lat="31.96788023225963115692138671875" lon="118.82803338579833507537841796875">
        <ele>6.80000019073486328125</ele>
        <time>2021-07-08T11:24:50.000Z</time>
        <extensions>
          <ns3:TrackPointExtension>
            <ns3:hr>144</ns3:hr>
            <ns3:cad>75</ns3:cad>
          </ns3:TrackPointExtension>
        </extensions>
      </trkpt>
      <trkpt lat="31.967889703810214996337890625" lon="118.828056268393993377685546875">
        <ele>6.80000019073486328125</ele>
        <time>2021-07-08T11:24:51.000Z</time>
        <extensions>
          <ns3:TrackPointExtension/>
        </extensions>
      </trkpt>
      <trkpt lat="31.9678974151611328125" lon="118.8280715234577655792236328125">
        <ele>7</ele>
        <time>2021-07-08T11:24:52.000Z</time>
        <extensions>
          <ns3:TrackPointExtension/>
        </extensions>
      </trkpt>
      <trkpt lat="31.96790688671171665191650390625" lon="118.82808677852153778076171875">
        <ele>7</ele>
        <time>2021-07-08T11:24:53.000Z</time>
        <extensions>
          <ns3:TrackPointExtension/>
        </extensions>
      </trkpt>
      <trkpt lat="31.967914514243602752685546875" lon="118.82810966111719608306884765625">
        <ele>7</ele>
        <time>2021-07-08T11:24:54.000Z</time>
        <extensions>
          <ns3:TrackPointExtension/>
        </extensions>
      </trkpt>
      <trkpt lat="31.96792214177548885345458984375" lon="118.828125">
        <ele>7</ele>
        <time>2021-07-08T11:24:55.000Z</time>
        <extensions>
          <ns3:TrackPointExtension>
            <ns3:hr>145</ns3:hr>
            <ns3:cad>74</ns3:cad>
          </ns3:TrackPointExtension>
        </extensions>
      </trkpt>
      <trkpt lat="31.96793169714510440826416015625" lon="118.8281402550637722015380859375">
        <ele>7</ele>
        <time>2021-07-08T11:24:56.000Z</time>
        <extensions>
          <ns3:TrackPointExtension/>
        </extensions>
      </trkpt>
      <trkpt lat="31.96794125251471996307373046875" lon="118.828155510127544403076171875">
        <ele>6.80000019073486328125</ele>
        <time>2021-07-08T11:24:57.000Z</time>
        <extensions>
          <ns3:TrackPointExtension/>
        </extensions>
      </trkpt>
      <trkpt lat="31.96795080788433551788330078125" lon="118.82817839272320270538330078125">
        <ele>6.80000019073486328125</ele>
        <time>2021-07-08T11:24:58.000Z</time>
        <extensions>
          <ns3:TrackPointExtension/>
        </extensions>
      </trkpt>
      <trkpt lat="31.9679602794349193572998046875" lon="118.82819364778697490692138671875">
        <ele>6.80000019073486328125</ele>
        <time>2021-07-08T11:24:59.000Z</time>
        <extensions>
          <ns3:TrackPointExtension/>
        </extensions>
      </trkpt>
      <trkpt lat="31.96797176264226436614990234375" lon="118.82820890285074710845947265625">
        <ele>6.80000019073486328125</ele>
        <time>2021-07-08T11:25:00.000Z</time>
        <extensions>
          <ns3:TrackPointExtension>
            <ns3:hr>144</ns3:hr>
            <ns3:cad>74</ns3:cad>
          </ns3:TrackPointExtension>
        </extensions>
      </trkpt>
      <trkpt lat="31.96798131801187992095947265625" lon="118.82822415791451930999755859375">
        <ele>6.80000019073486328125</ele>
        <time>2021-07-08T11:25:01.000Z</time>
        <extensions>
          <ns3:TrackPointExtension/>
        </extensions>
      </trkpt>
      <trkpt lat="31.96799464523792266845703125" lon="118.82823941297829151153564453125">
        <ele>6.599999904632568359375</ele>
        <time>2021-07-08T11:25:02.000Z</time>
        <extensions>
          <ns3:TrackPointExtension/>
        </extensions>
      </trkpt>
      <trkpt lat="31.96800612844526767730712890625" lon="118.82825466804206371307373046875">
        <ele>6.599999904632568359375</ele>
        <time>2021-07-08T11:25:03.000Z</time>
        <extensions>
          <ns3:TrackPointExtension/>
        </extensions>
      </trkpt>
      <trkpt lat="31.9680194556713104248046875" lon="118.82826992310583591461181640625">
        <ele>6.599999904632568359375</ele>
        <time>2021-07-08T11:25:04.000Z</time>
        <extensions>
          <ns3:TrackPointExtension/>
        </extensions>
      </trkpt>
      <trkpt lat="31.96803278289735317230224609375" lon="118.82828517816960811614990234375">
        <ele>6.599999904632568359375</ele>
        <time>2021-07-08T11:25:05.000Z</time>
        <extensions>
          <ns3:TrackPointExtension>
            <ns3:hr>147</ns3:hr>
            <ns3:cad>75</ns3:cad>
          </ns3:TrackPointExtension>
        </extensions>
      </trkpt>
      <trkpt lat="31.96804426610469818115234375" lon="118.82830043323338031768798828125">
        <ele>6.400000095367431640625</ele>
        <time>2021-07-08T11:25:06.000Z</time>
        <extensions>
          <ns3:TrackPointExtension/>
        </extensions>
      </trkpt>
      <trkpt lat="31.968055665493011474609375" lon="118.82831568829715251922607421875">
        <ele>6.400000095367431640625</ele>
        <time>2021-07-08T11:25:07.000Z</time>
        <extensions>
          <ns3:TrackPointExtension/>
        </extensions>
      </trkpt>
      <trkpt lat="31.9680690765380859375" lon="118.82833094336092472076416015625">
        <ele>6.400000095367431640625</ele>
        <time>2021-07-08T11:25:08.000Z</time>
        <extensions>
          <ns3:TrackPointExtension/>
        </extensions>
      </trkpt>
      <trkpt lat="31.96807854808866977691650390625" lon="118.82834619842469692230224609375">
        <ele>6.19999980926513671875</ele>
        <time>2021-07-08T11:25:09.000Z</time>
        <extensions>
          <ns3:TrackPointExtension/>
        </extensions>
      </trkpt>
      <trkpt lat="31.9680900312960147857666015625" lon="118.828369081020355224609375">
        <ele>6.19999980926513671875</ele>
        <time>2021-07-08T11:25:10.000Z</time>
        <extensions>
          <ns3:TrackPointExtension>
            <ns3:hr>146</ns3:hr>
            <ns3:cad>75</ns3:cad>
          </ns3:TrackPointExtension>
        </extensions>
      </trkpt>
      <trkpt lat="31.968099586665630340576171875" lon="118.8283843360841274261474609375">
        <ele>6.19999980926513671875</ele>
        <time>2021-07-08T11:25:11.000Z</time>
        <extensions>
          <ns3:TrackPointExtension/>
        </extensions>
      </trkpt>
      <trkpt lat="31.96810905821621417999267578125" lon="118.828399591147899627685546875">
        <ele>6</ele>
        <time>2021-07-08T11:25:12.000Z</time>
        <extensions>
          <ns3:TrackPointExtension/>
        </extensions>
      </trkpt>
      <trkpt lat="31.96811668574810028076171875" lon="118.8284148462116718292236328125">
        <ele>6</ele>
        <time>2021-07-08T11:25:13.000Z</time>
        <extensions>
          <ns3:TrackPointExtension/>
        </extensions>
      </trkpt>
      <trkpt lat="31.96812431327998638153076171875" lon="118.82843010127544403076171875">
        <ele>6</ele>
        <time>2021-07-08T11:25:14.000Z</time>
        <extensions>
          <ns3:TrackPointExtension/>
        </extensions>
      </trkpt>
      <trkpt lat="31.96813386864960193634033203125" lon="118.8284453563392162322998046875">
        <ele>6</ele>
        <time>2021-07-08T11:25:15.000Z</time>
        <extensions>
          <ns3:TrackPointExtension>
            <ns3:hr>146</ns3:hr>
            <ns3:cad>75</ns3:cad>
          </ns3:TrackPointExtension>
        </extensions>
      </trkpt>
      <trkpt lat="31.968141496181488037109375" lon="118.828460611402988433837890625">
        <ele>6.19999980926513671875</ele>
        <time>2021-07-08T11:25:16.000Z</time>
        <extensions>
          <ns3:TrackPointExtension/>
        </extensions>
      </trkpt>
      <trkpt lat="31.9681510515511035919189453125" lon="118.82847595028579235076904296875">
        <ele>6.19999980926513671875</ele>
        <time>2021-07-08T11:25:17.000Z</time>
        <extensions>
          <ns3:TrackPointExtension/>
        </extensions>
      </trkpt>
      <trkpt lat="31.968160606920719146728515625" lon="118.82849120534956455230712890625">
        <ele>6.19999980926513671875</ele>
        <time>2021-07-08T11:25:18.000Z</time>
        <extensions>
          <ns3:TrackPointExtension/>
        </extensions>
      </trkpt>
      <trkpt lat="31.9681701622903347015380859375" lon="118.82850646041333675384521484375">
        <ele>6.19999980926513671875</ele>
        <time>2021-07-08T11:25:19.000Z</time>
        <extensions>
          <ns3:TrackPointExtension/>
        </extensions>
      </trkpt>
      <trkpt lat="31.96817778982222080230712890625" lon="118.82852171547710895538330078125">
        <ele>6.400000095367431640625</ele>
        <time>2021-07-08T11:25:20.000Z</time>
        <extensions>
          <ns3:TrackPointExtension>
            <ns3:hr>147</ns3:hr>
            <ns3:cad>75</ns3:cad>
          </ns3:TrackPointExtension>
        </extensions>
      </trkpt>
      <trkpt lat="31.96818918921053409576416015625" lon="118.82853697054088115692138671875">
        <ele>6.400000095367431640625</ele>
        <time>2021-07-08T11:25:21.000Z</time>
        <extensions>
          <ns3:TrackPointExtension/>
        </extensions>
      </trkpt>
      <trkpt lat="31.968196816742420196533203125" lon="118.82855222560465335845947265625">
        <ele>6.400000095367431640625</ele>
        <time>2021-07-08T11:25:22.000Z</time>
        <extensions>
          <ns3:TrackPointExtension/>
        </extensions>
      </trkpt>
      <trkpt lat="31.9682063721120357513427734375" lon="118.82856748066842555999755859375">
        <ele>6.400000095367431640625</ele>
        <time>2021-07-08T11:25:23.000Z</time>
        <extensions>
          <ns3:TrackPointExtension/>
        </extensions>
      </trkpt>
      <trkpt lat="31.96821592748165130615234375" lon="118.82858273573219776153564453125">
        <ele>6.400000095367431640625</ele>
        <time>2021-07-08T11:25:24.000Z</time>
        <extensions>
          <ns3:TrackPointExtension/>
        </extensions>
      </trkpt>
      <trkpt lat="31.96822355501353740692138671875" lon="118.8285903632640838623046875">
        <ele>6.400000095367431640625</ele>
        <time>2021-07-08T11:25:25.000Z</time>
        <extensions>
          <ns3:TrackPointExtension>
            <ns3:hr>151</ns3:hr>
            <ns3:cad>75</ns3:cad>
          </ns3:TrackPointExtension>
        </extensions>
      </trkpt>
      <trkpt lat="31.9682311825454235076904296875" lon="118.82861324585974216461181640625">
        <ele>6.599999904632568359375</ele>
        <time>2021-07-08T11:25:26.000Z</time>
        <extensions>
          <ns3:TrackPointExtension/>
        </extensions>
      </trkpt>
      <trkpt lat="31.96823881007730960845947265625" lon="118.82862850092351436614990234375">
        <ele>6.599999904632568359375</ele>
        <time>2021-07-08T11:25:27.000Z</time>
        <extensions>
          <ns3:TrackPointExtension/>
        </extensions>
      </trkpt>
      <trkpt lat="31.968246437609195709228515625" lon="118.82864375598728656768798828125">
        <ele>6.599999904632568359375</ele>
        <time>2021-07-08T11:25:28.000Z</time>
        <extensions>
          <ns3:TrackPointExtension/>
        </extensions>
      </trkpt>
      <trkpt lat="31.96825406514108180999755859375" lon="118.82865901105105876922607421875">
        <ele>6.599999904632568359375</ele>
        <time>2021-07-08T11:25:29.000Z</time>
        <extensions>
          <ns3:TrackPointExtension/>
        </extensions>
      </trkpt>
      <trkpt lat="31.9682616926729679107666015625" lon="118.82867426611483097076416015625">
        <ele>6.599999904632568359375</ele>
        <time>2021-07-08T11:25:30.000Z</time>
        <extensions>
          <ns3:TrackPointExtension>
            <ns3:hr>150</ns3:hr>
            <ns3:cad>75</ns3:cad>
          </ns3:TrackPointExtension>
        </extensions>
      </trkpt>
      <trkpt lat="31.96826932020485401153564453125" lon="118.82868952117860317230224609375">
        <ele>6.599999904632568359375</ele>
        <time>2021-07-08T11:25:31.000Z</time>
        <extensions>
          <ns3:TrackPointExtension/>
        </extensions>
      </trkpt>
      <trkpt lat="31.9682769477367401123046875" lon="118.828712403774261474609375">
        <ele>6.80000019073486328125</ele>
        <time>2021-07-08T11:25:32.000Z</time>
        <extensions>
          <ns3:TrackPointExtension/>
        </extensions>
      </trkpt>
      <trkpt lat="31.96828457526862621307373046875" lon="118.8287276588380336761474609375">
        <ele>6.80000019073486328125</ele>
        <time>2021-07-08T11:25:33.000Z</time>
        <extensions>
          <ns3:TrackPointExtension/>
        </extensions>
      </trkpt>
      <trkpt lat="31.96829413063824176788330078125" lon="118.828742913901805877685546875">
        <ele>7</ele>
        <time>2021-07-08T11:25:34.000Z</time>
        <extensions>
          <ns3:TrackPointExtension/>
        </extensions>
      </trkpt>
      <trkpt lat="31.96830553002655506134033203125" lon="118.8287581689655780792236328125">
        <ele>7</ele>
        <time>2021-07-08T11:25:35.000Z</time>
        <extensions>
          <ns3:TrackPointExtension>
            <ns3:hr>151</ns3:hr>
            <ns3:cad>75</ns3:cad>
          </ns3:TrackPointExtension>
        </extensions>
      </trkpt>
      <trkpt lat="31.9683170132339000701904296875" lon="118.82877342402935028076171875">
        <ele>7</ele>
        <time>2021-07-08T11:25:36.000Z</time>
        <extensions>
          <ns3:TrackPointExtension/>
        </extensions>
      </trkpt>
      <trkpt lat="31.96833034045994281768798828125" lon="118.8287886790931224822998046875">
        <ele>7.19999980926513671875</ele>
        <time>2021-07-08T11:25:37.000Z</time>
        <extensions>
          <ns3:TrackPointExtension/>
        </extensions>
      </trkpt>
      <trkpt lat="31.96834559552371501922607421875" lon="118.82879630662500858306884765625">
        <ele>7.19999980926513671875</ele>
        <time>2021-07-08T11:25:38.000Z</time>
        <extensions>
          <ns3:TrackPointExtension/>
        </extensions>
      </trkpt>
      <trkpt lat="31.96836085058748722076416015625" lon="118.8288116455078125">
        <ele>7.19999980926513671875</ele>
        <time>2021-07-08T11:25:39.000Z</time>
        <extensions>
          <ns3:TrackPointExtension/>
        </extensions>
      </trkpt>
      <trkpt lat="31.9683780334889888763427734375" lon="118.82881927303969860076904296875">
        <ele>7.19999980926513671875</ele>
        <time>2021-07-08T11:25:40.000Z</time>
        <extensions>
          <ns3:TrackPointExtension>
            <ns3:hr>153</ns3:hr>
            <ns3:cad>75</ns3:cad>
          </ns3:TrackPointExtension>
        </extensions>
      </trkpt>
      <trkpt lat="31.96839521639049053192138671875" lon="118.82883452810347080230712890625">
        <ele>7.19999980926513671875</ele>
        <time>2021-07-08T11:25:41.000Z</time>
        <extensions>
          <ns3:TrackPointExtension/>
        </extensions>
      </trkpt>
      <trkpt lat="31.9684142433106899261474609375" lon="118.828842155635356903076171875">
        <ele>7.19999980926513671875</ele>
        <time>2021-07-08T11:25:42.000Z</time>
        <extensions>
          <ns3:TrackPointExtension/>
        </extensions>
      </trkpt>
      <trkpt lat="31.9684333540499210357666015625" lon="118.82884978316724300384521484375">
        <ele>7.19999980926513671875</ele>
        <time>2021-07-08T11:25:43.000Z</time>
        <extensions>
          <ns3:TrackPointExtension/>
        </extensions>
      </trkpt>
      <trkpt lat="31.96845238097012042999267578125" lon="118.82886503823101520538330078125">
        <ele>7.19999980926513671875</ele>
        <time>2021-07-08T11:25:44.000Z</time>
        <extensions>
          <ns3:TrackPointExtension/>
        </extensions>
      </trkpt>
      <trkpt lat="31.96847341954708099365234375" lon="118.82887266576290130615234375">
        <ele>7.19999980926513671875</ele>
        <time>2021-07-08T11:25:45.000Z</time>
        <extensions>
          <ns3:TrackPointExtension>
            <ns3:hr>154</ns3:hr>
            <ns3:cad>75</ns3:cad>
          </ns3:TrackPointExtension>
        </extensions>
      </trkpt>
      <trkpt lat="31.96849244646728038787841796875" lon="118.8288879208266735076904296875">
        <ele>7</ele>
        <time>2021-07-08T11:25:46.000Z</time>
        <extensions>
          <ns3:TrackPointExtension/>
        </extensions>
      </trkpt>
      <trkpt lat="31.96850962936878204345703125" lon="118.828903175890445709228515625">
        <ele>7</ele>
        <time>2021-07-08T11:25:47.000Z</time>
        <extensions>
          <ns3:TrackPointExtension/>
        </extensions>
      </trkpt>
      <trkpt lat="31.96852681227028369903564453125" lon="118.8289184309542179107666015625">
        <ele>6.80000019073486328125</ele>
        <time>2021-07-08T11:25:48.000Z</time>
        <extensions>
          <ns3:TrackPointExtension/>
        </extensions>
      </trkpt>
      <trkpt lat="31.968540139496326446533203125" lon="118.8289336860179901123046875">
        <ele>6.80000019073486328125</ele>
        <time>2021-07-08T11:25:49.000Z</time>
        <extensions>
          <ns3:TrackPointExtension/>
        </extensions>
      </trkpt>
      <trkpt lat="31.96855162270367145538330078125" lon="118.8289489410817623138427734375">
        <ele>6.80000019073486328125</ele>
        <time>2021-07-08T11:25:50.000Z</time>
        <extensions>
          <ns3:TrackPointExtension>
            <ns3:hr>156</ns3:hr>
            <ns3:cad>75</ns3:cad>
          </ns3:TrackPointExtension>
        </extensions>
      </trkpt>
      <trkpt lat="31.9685610942542552947998046875" lon="118.82897182367742061614990234375">
        <ele>6.80000019073486328125</ele>
        <time>2021-07-08T11:25:51.000Z</time>
        <extensions>
          <ns3:TrackPointExtension/>
        </extensions>
      </trkpt>
      <trkpt lat="31.96856687776744365692138671875" lon="118.82898707874119281768798828125">
        <ele>7</ele>
        <time>2021-07-08T11:25:52.000Z</time>
        <extensions>
          <ns3:TrackPointExtension/>
        </extensions>
      </trkpt>
      <trkpt lat="31.968570649623870849609375" lon="118.8290099613368511199951171875">
        <ele>7</ele>
        <time>2021-07-08T11:25:53.000Z</time>
        <extensions>
          <ns3:TrackPointExtension/>
        </extensions>
      </trkpt>
      <trkpt lat="31.96857257746160030364990234375" lon="118.82903284393250942230224609375">
        <ele>7</ele>
        <time>2021-07-08T11:25:54.000Z</time>
        <extensions>
          <ns3:TrackPointExtension/>
        </extensions>
      </trkpt>
      <trkpt lat="31.96857257746160030364990234375" lon="118.829055726528167724609375">
        <ele>7</ele>
        <time>2021-07-08T11:25:55.000Z</time>
        <extensions>
          <ns3:TrackPointExtension>
            <ns3:hr>154</ns3:hr>
            <ns3:cad>75</ns3:cad>
          </ns3:TrackPointExtension>
        </extensions>
      </trkpt>
      <trkpt lat="31.96856872178614139556884765625" lon="118.82907860912382602691650390625">
        <ele>7.19999980926513671875</ele>
        <time>2021-07-08T11:25:56.000Z</time>
        <extensions>
          <ns3:TrackPointExtension/>
        </extensions>
      </trkpt>
      <trkpt lat="31.96856687776744365692138671875" lon="118.82910911925137042999267578125">
        <ele>7.400000095367431640625</ele>
        <time>2021-07-08T11:25:57.000Z</time>
        <extensions>
          <ns3:TrackPointExtension/>
        </extensions>
      </trkpt>
      <trkpt lat="31.9685610942542552947998046875" lon="118.8291320018470287322998046875">
        <ele>7.400000095367431640625</ele>
        <time>2021-07-08T11:25:58.000Z</time>
        <extensions>
          <ns3:TrackPointExtension/>
        </extensions>
      </trkpt>
      <trkpt lat="31.96855925023555755615234375" lon="118.82915496826171875">
        <ele>7.599999904632568359375</ele>
        <time>2021-07-08T11:25:59.000Z</time>
        <extensions>
          <ns3:TrackPointExtension/>
        </extensions>
      </trkpt>
      <trkpt lat="31.9685553945600986480712890625" lon="118.82917785085737705230712890625">
        <ele>7.80000019073486328125</ele>
        <time>2021-07-08T11:26:00.000Z</time>
        <extensions>
          <ns3:TrackPointExtension>
            <ns3:hr>156</ns3:hr>
            <ns3:cad>75</ns3:cad>
          </ns3:TrackPointExtension>
        </extensions>
      </trkpt>
      <trkpt lat="31.96855346672236919403076171875" lon="118.8292007334530353546142578125">
        <ele>7.80000019073486328125</ele>
        <time>2021-07-08T11:26:01.000Z</time>
        <extensions>
          <ns3:TrackPointExtension/>
        </extensions>
      </trkpt>
      <trkpt lat="31.96855162270367145538330078125" lon="118.82922361604869365692138671875">
        <ele>8</ele>
        <time>2021-07-08T11:26:02.000Z</time>
        <extensions>
          <ns3:TrackPointExtension/>
        </extensions>
      </trkpt>
      <trkpt lat="31.9685496948659420013427734375" lon="118.829246498644351959228515625">
        <ele>8</ele>
        <time>2021-07-08T11:26:03.000Z</time>
        <extensions>
          <ns3:TrackPointExtension/>
        </extensions>
      </trkpt>
      <trkpt lat="31.9685496948659420013427734375" lon="118.82926938124001026153564453125">
        <ele>8</ele>
        <time>2021-07-08T11:26:04.000Z</time>
        <extensions>
          <ns3:TrackPointExtension/>
        </extensions>
      </trkpt>
      <trkpt lat="31.9685496948659420013427734375" lon="118.8292922638356685638427734375">
        <ele>8</ele>
        <time>2021-07-08T11:26:05.000Z</time>
        <extensions>
          <ns3:TrackPointExtension>
            <ns3:hr>159</ns3:hr>
            <ns3:cad>75</ns3:cad>
          </ns3:TrackPointExtension>
        </extensions>
      </trkpt>
      <trkpt lat="31.9685496948659420013427734375" lon="118.82931514643132686614990234375">
        <ele>7.80000019073486328125</ele>
        <time>2021-07-08T11:26:06.000Z</time>
        <extensions>
          <ns3:TrackPointExtension/>
        </extensions>
      </trkpt>
      <trkpt lat="31.9685496948659420013427734375" lon="118.82933802902698516845703125">
        <ele>7.80000019073486328125</ele>
        <time>2021-07-08T11:26:07.000Z</time>
        <extensions>
          <ns3:TrackPointExtension/>
        </extensions>
      </trkpt>
      <trkpt lat="31.9685496948659420013427734375" lon="118.82936091162264347076416015625">
        <ele>7.599999904632568359375</ele>
        <time>2021-07-08T11:26:08.000Z</time>
        <extensions>
          <ns3:TrackPointExtension/>
        </extensions>
      </trkpt>
      <trkpt lat="31.9685496948659420013427734375" lon="118.8293837942183017730712890625">
        <ele>7.400000095367431640625</ele>
        <time>2021-07-08T11:26:09.000Z</time>
        <extensions>
          <ns3:TrackPointExtension/>
        </extensions>
      </trkpt>
      <trkpt lat="31.96854776702821254730224609375" lon="118.82940667681396007537841796875">
        <ele>7.400000095367431640625</ele>
        <time>2021-07-08T11:26:10.000Z</time>
        <extensions>
          <ns3:TrackPointExtension>
            <ns3:hr>160</ns3:hr>
            <ns3:cad>75</ns3:cad>
          </ns3:TrackPointExtension>
        </extensions>
      </trkpt>
      <trkpt lat="31.96854583919048309326171875" lon="118.829429559409618377685546875">
        <ele>7.19999980926513671875</ele>
        <time>2021-07-08T11:26:11.000Z</time>
        <extensions>
          <ns3:TrackPointExtension/>
        </extensions>
      </trkpt>
      <trkpt lat="31.9685439951717853546142578125" lon="118.82945244200527667999267578125">
        <ele>7</ele>
        <time>2021-07-08T11:26:12.000Z</time>
        <extensions>
          <ns3:TrackPointExtension/>
        </extensions>
      </trkpt>
      <trkpt lat="31.96854206733405590057373046875" lon="118.8294753246009349822998046875">
        <ele>6.80000019073486328125</ele>
        <time>2021-07-08T11:26:13.000Z</time>
        <extensions>
          <ns3:TrackPointExtension/>
        </extensions>
      </trkpt>
      <trkpt lat="31.968540139496326446533203125" lon="118.829498291015625">
        <ele>6.80000019073486328125</ele>
        <time>2021-07-08T11:26:14.000Z</time>
        <extensions>
          <ns3:TrackPointExtension/>
        </extensions>
      </trkpt>
      <trkpt lat="31.96853821165859699249267578125" lon="118.82952117361128330230712890625">
        <ele>6.599999904632568359375</ele>
        <time>2021-07-08T11:26:15.000Z</time>
        <extensions>
          <ns3:TrackPointExtension>
            <ns3:hr>161</ns3:hr>
            <ns3:cad>75</ns3:cad>
          </ns3:TrackPointExtension>
        </extensions>
      </trkpt>
      <trkpt lat="31.9685344398021697998046875" lon="118.8295440562069416046142578125">
        <ele>6.400000095367431640625</ele>
        <time>2021-07-08T11:26:16.000Z</time>
        <extensions>
          <ns3:TrackPointExtension/>
        </extensions>
      </trkpt>
      <trkpt lat="31.9685305841267108917236328125" lon="118.82956693880259990692138671875">
        <ele>6.19999980926513671875</ele>
        <time>2021-07-08T11:26:17.000Z</time>
        <extensions>
          <ns3:TrackPointExtension/>
        </extensions>
      </trkpt>
      <trkpt lat="31.96852681227028369903564453125" lon="118.829589821398258209228515625">
        <ele>6</ele>
        <time>2021-07-08T11:26:18.000Z</time>
        <extensions>
          <ns3:TrackPointExtension/>
        </extensions>
      </trkpt>
      <trkpt lat="31.96852295659482479095458984375" lon="118.82961270399391651153564453125">
        <ele>5.80000019073486328125</ele>
        <time>2021-07-08T11:26:19.000Z</time>
        <extensions>
          <ns3:TrackPointExtension/>
        </extensions>
      </trkpt>
      <trkpt lat="31.96851725690066814422607421875" lon="118.82962795905768871307373046875">
        <ele>5.80000019073486328125</ele>
        <time>2021-07-08T11:26:20.000Z</time>
        <extensions>
          <ns3:TrackPointExtension>
            <ns3:hr>160</ns3:hr>
            <ns3:cad>75</ns3:cad>
          </ns3:TrackPointExtension>
        </extensions>
      </trkpt>
      <trkpt lat="31.96851155720651149749755859375" lon="118.829650841653347015380859375">
        <ele>5.599999904632568359375</ele>
        <time>2021-07-08T11:26:21.000Z</time>
        <extensions>
          <ns3:TrackPointExtension/>
        </extensions>
      </trkpt>
      <trkpt lat="31.968503929674625396728515625" lon="118.8296660967171192169189453125">
        <ele>5.599999904632568359375</ele>
        <time>2021-07-08T11:26:22.000Z</time>
        <extensions>
          <ns3:TrackPointExtension/>
        </extensions>
      </trkpt>
      <trkpt lat="31.96849630214273929595947265625" lon="118.82968135178089141845703125">
        <ele>5.599999904632568359375</ele>
        <time>2021-07-08T11:26:23.000Z</time>
        <extensions>
          <ns3:TrackPointExtension/>
        </extensions>
      </trkpt>
      <trkpt lat="31.9684886746108531951904296875" lon="118.8296966068446636199951171875">
        <ele>5.599999904632568359375</ele>
        <time>2021-07-08T11:26:24.000Z</time>
        <extensions>
          <ns3:TrackPointExtension/>
        </extensions>
      </trkpt>
      <trkpt lat="31.968479119241237640380859375" lon="118.829711861908435821533203125">
        <ele>5.599999904632568359375</ele>
        <time>2021-07-08T11:26:25.000Z</time>
        <extensions>
          <ns3:TrackPointExtension>
            <ns3:hr>163</ns3:hr>
            <ns3:cad>75</ns3:cad>
          </ns3:TrackPointExtension>
        </extensions>
      </trkpt>
      <trkpt lat="31.9684695638716220855712890625" lon="118.8297271169722080230712890625">
        <ele>5.599999904632568359375</ele>
        <time>2021-07-08T11:26:26.000Z</time>
        <extensions>
          <ns3:TrackPointExtension/>
        </extensions>
      </trkpt>
      <trkpt lat="31.96846000850200653076171875" lon="118.829742372035980224609375">
        <ele>5.599999904632568359375</ele>
        <time>2021-07-08T11:26:27.000Z</time>
        <extensions>
          <ns3:TrackPointExtension/>
        </extensions>
      </trkpt>
      <trkpt lat="31.96845238097012042999267578125" lon="118.8297576270997524261474609375">
        <ele>5.400000095367431640625</ele>
        <time>2021-07-08T11:26:28.000Z</time>
        <extensions>
          <ns3:TrackPointExtension/>
        </extensions>
      </trkpt>
      <trkpt lat="31.9684447534382343292236328125" lon="118.829772882163524627685546875">
        <ele>5.19999980926513671875</ele>
        <time>2021-07-08T11:26:29.000Z</time>
        <extensions>
          <ns3:TrackPointExtension/>
        </extensions>
      </trkpt>
      <trkpt lat="31.9684390537440776824951171875" lon="118.8297881372272968292236328125">
        <ele>5.19999980926513671875</ele>
        <time>2021-07-08T11:26:30.000Z</time>
        <extensions>
          <ns3:TrackPointExtension>
            <ns3:hr>160</ns3:hr>
            <ns3:cad>75</ns3:cad>
          </ns3:TrackPointExtension>
        </extensions>
      </trkpt>
      <trkpt lat="31.96843528188765048980712890625" lon="118.82980339229106903076171875">
        <ele>5.19999980926513671875</ele>
        <time>2021-07-08T11:26:31.000Z</time>
        <extensions>
          <ns3:TrackPointExtension/>
        </extensions>
      </trkpt>
      <trkpt lat="31.96843142621219158172607421875" lon="118.8298186473548412322998046875">
        <ele>5.19999980926513671875</ele>
        <time>2021-07-08T11:26:32.000Z</time>
        <extensions>
          <ns3:TrackPointExtension/>
        </extensions>
      </trkpt>
      <trkpt lat="31.968429498374462127685546875" lon="118.829833902418613433837890625">
        <ele>5.19999980926513671875</ele>
        <time>2021-07-08T11:26:33.000Z</time>
        <extensions>
          <ns3:TrackPointExtension/>
        </extensions>
      </trkpt>
      <trkpt lat="31.96843142621219158172607421875" lon="118.8298568688333034515380859375">
        <ele>5.19999980926513671875</ele>
        <time>2021-07-08T11:26:34.000Z</time>
        <extensions>
          <ns3:TrackPointExtension/>
        </extensions>
      </trkpt>
      <trkpt lat="31.9684333540499210357666015625" lon="118.829872123897075653076171875">
        <ele>5.19999980926513671875</ele>
        <time>2021-07-08T11:26:35.000Z</time>
        <extensions>
          <ns3:TrackPointExtension>
            <ns3:hr>162</ns3:hr>
            <ns3:cad>75</ns3:cad>
          </ns3:TrackPointExtension>
        </extensions>
      </trkpt>
      <trkpt lat="31.9684390537440776824951171875" lon="118.8298873789608478546142578125">
        <ele>5</ele>
        <time>2021-07-08T11:26:36.000Z</time>
        <extensions>
          <ns3:TrackPointExtension/>
        </extensions>
      </trkpt>
      <trkpt lat="31.96844668127596378326416015625" lon="118.82990263402462005615234375">
        <ele>5</ele>
        <time>2021-07-08T11:26:37.000Z</time>
        <extensions>
          <ns3:TrackPointExtension/>
        </extensions>
      </trkpt>
      <trkpt lat="31.968454308807849884033203125" lon="118.8299178890883922576904296875">
        <ele>5</ele>
        <time>2021-07-08T11:26:38.000Z</time>
        <extensions>
          <ns3:TrackPointExtension/>
        </extensions>
      </trkpt>
      <trkpt lat="31.9684638641774654388427734375" lon="118.829933144152164459228515625">
        <ele>5</ele>
        <time>2021-07-08T11:26:39.000Z</time>
        <extensions>
          <ns3:TrackPointExtension/>
        </extensions>
      </trkpt>
      <trkpt lat="31.96847341954708099365234375" lon="118.8299483992159366607666015625">
        <ele>4.80000019073486328125</ele>
        <time>2021-07-08T11:26:40.000Z</time>
        <extensions>
          <ns3:TrackPointExtension>
            <ns3:hr>163</ns3:hr>
            <ns3:cad>75</ns3:cad>
          </ns3:TrackPointExtension>
        </extensions>
      </trkpt>
      <trkpt lat="31.968484818935394287109375" lon="118.8299636542797088623046875">
        <ele>4.80000019073486328125</ele>
        <time>2021-07-08T11:26:41.000Z</time>
        <extensions>
          <ns3:TrackPointExtension/>
        </extensions>
      </trkpt>
      <trkpt lat="31.9684943743050098419189453125" lon="118.82997128181159496307373046875">
        <ele>4.599999904632568359375</ele>
        <time>2021-07-08T11:26:42.000Z</time>
        <extensions>
          <ns3:TrackPointExtension/>
        </extensions>
      </trkpt>
      <trkpt lat="31.96850770153105258941650390625" lon="118.82998653687536716461181640625">
        <ele>4.599999904632568359375</ele>
        <time>2021-07-08T11:26:43.000Z</time>
        <extensions>
          <ns3:TrackPointExtension/>
        </extensions>
      </trkpt>
      <trkpt lat="31.96852111257612705230712890625" lon="118.829994164407253265380859375">
        <ele>4.400000095367431640625</ele>
        <time>2021-07-08T11:26:44.000Z</time>
        <extensions>
          <ns3:TrackPointExtension/>
        </extensions>
      </trkpt>
      <trkpt lat="31.9685344398021697998046875" lon="118.83000179193913936614990234375">
        <ele>4.19999980926513671875</ele>
        <time>2021-07-08T11:26:45.000Z</time>
        <extensions>
          <ns3:TrackPointExtension>
            <ns3:hr>162</ns3:hr>
            <ns3:cad>76</ns3:cad>
          </ns3:TrackPointExtension>
        </extensions>
      </trkpt>
      <trkpt lat="31.9685496948659420013427734375" lon="118.8300094194710254669189453125">
        <ele>4</ele>
        <time>2021-07-08T11:26:46.000Z</time>
        <extensions>
          <ns3:TrackPointExtension/>
        </extensions>
      </trkpt>
      <trkpt lat="31.968564949929714202880859375" lon="118.83002467453479766845703125">
        <ele>4</ele>
        <time>2021-07-08T11:26:47.000Z</time>
        <extensions>
          <ns3:TrackPointExtension/>
        </extensions>
      </trkpt>
      <trkpt lat="31.9685802049934864044189453125" lon="118.83002467453479766845703125">
        <ele>3.7999999523162841796875</ele>
        <time>2021-07-08T11:26:48.000Z</time>
        <extensions>
          <ns3:TrackPointExtension/>
        </extensions>
      </trkpt>
      <trkpt lat="31.96859546005725860595703125" lon="118.83003230206668376922607421875">
        <ele>3.599999904632568359375</ele>
        <time>2021-07-08T11:26:49.000Z</time>
        <extensions>
          <ns3:TrackPointExtension/>
        </extensions>
      </trkpt>
      <trkpt lat="31.9686107151210308074951171875" lon="118.8300399295985698699951171875">
        <ele>3.400000095367431640625</ele>
        <time>2021-07-08T11:26:50.000Z</time>
        <extensions>
          <ns3:TrackPointExtension>
            <ns3:hr>161</ns3:hr>
            <ns3:cad>75</ns3:cad>
          </ns3:TrackPointExtension>
        </extensions>
      </trkpt>
      <trkpt lat="31.96862789802253246307373046875" lon="118.83004755713045597076416015625">
        <ele>3.2000000476837158203125</ele>
        <time>2021-07-08T11:26:51.000Z</time>
        <extensions>
          <ns3:TrackPointExtension/>
        </extensions>
      </trkpt>
      <trkpt lat="31.96864508092403411865234375" lon="118.83004755713045597076416015625">
        <ele>3</ele>
        <time>2021-07-08T11:26:52.000Z</time>
        <extensions>
          <ns3:TrackPointExtension/>
        </extensions>
      </trkpt>
      <trkpt lat="31.968662180006504058837890625" lon="118.83004755713045597076416015625">
        <ele>2.7999999523162841796875</ele>
        <time>2021-07-08T11:26:53.000Z</time>
        <extensions>
          <ns3:TrackPointExtension/>
        </extensions>
      </trkpt>
      <trkpt lat="31.96867936290800571441650390625" lon="118.830055184662342071533203125">
        <ele>2.599999904632568359375</ele>
        <time>2021-07-08T11:26:54.000Z</time>
        <extensions>
          <ns3:TrackPointExtension/>
        </extensions>
      </trkpt>
      <trkpt lat="31.9686965458095073699951171875" lon="118.830055184662342071533203125">
        <ele>2.400000095367431640625</ele>
        <time>2021-07-08T11:26:55.000Z</time>
        <extensions>
          <ns3:TrackPointExtension>
            <ns3:hr>161</ns3:hr>
            <ns3:cad>75</ns3:cad>
          </ns3:TrackPointExtension>
        </extensions>
      </trkpt>
      <trkpt lat="31.96871372871100902557373046875" lon="118.830055184662342071533203125">
        <ele>2.2000000476837158203125</ele>
        <time>2021-07-08T11:26:56.000Z</time>
        <extensions>
          <ns3:TrackPointExtension/>
        </extensions>
      </trkpt>
      <trkpt lat="31.96873091161251068115234375" lon="118.830055184662342071533203125">
        <ele>2.2000000476837158203125</ele>
        <time>2021-07-08T11:26:57.000Z</time>
        <extensions>
          <ns3:TrackPointExtension/>
        </extensions>
      </trkpt>
      <trkpt lat="31.968748010694980621337890625" lon="118.830055184662342071533203125">
        <ele>2</ele>
        <time>2021-07-08T11:26:58.000Z</time>
        <extensions>
          <ns3:TrackPointExtension/>
        </extensions>
      </trkpt>
      <trkpt lat="31.96876519359648227691650390625" lon="118.830055184662342071533203125">
        <ele>1.7999999523162841796875</ele>
        <time>2021-07-08T11:26:59.000Z</time>
        <extensions>
          <ns3:TrackPointExtension/>
        </extensions>
      </trkpt>
      <trkpt lat="31.9687823764979839324951171875" lon="118.83006281219422817230224609375">
        <ele>1.60000002384185791015625</ele>
        <time>2021-07-08T11:27:00.000Z</time>
        <extensions>
          <ns3:TrackPointExtension>
            <ns3:hr>161</ns3:hr>
            <ns3:cad>75</ns3:cad>
          </ns3:TrackPointExtension>
        </extensions>
      </trkpt>
      <trkpt lat="31.968797631561756134033203125" lon="118.83006281219422817230224609375">
        <ele>1.39999997615814208984375</ele>
        <time>2021-07-08T11:27:01.000Z</time>
        <extensions>
          <ns3:TrackPointExtension/>
        </extensions>
      </trkpt>
      <trkpt lat="31.9688128866255283355712890625" lon="118.83006281219422817230224609375">
        <ele>1.2000000476837158203125</ele>
        <time>2021-07-08T11:27:02.000Z</time>
        <extensions>
          <ns3:TrackPointExtension/>
        </extensions>
      </trkpt>
      <trkpt lat="31.968828141689300537109375" lon="118.83006281219422817230224609375">
        <ele>1</ele>
        <time>2021-07-08T11:27:03.000Z</time>
        <extensions>
          <ns3:TrackPointExtension/>
        </extensions>
      </trkpt>
      <trkpt lat="31.9688433967530727386474609375" lon="118.83006281219422817230224609375">
        <ele>0.800000011920928955078125</ele>
        <time>2021-07-08T11:27:04.000Z</time>
        <extensions>
          <ns3:TrackPointExtension/>
        </extensions>
      </trkpt>
      <trkpt lat="31.968858651816844940185546875" lon="118.83006281219422817230224609375">
        <ele>0.800000011920928955078125</ele>
        <time>2021-07-08T11:27:05.000Z</time>
        <extensions>
          <ns3:TrackPointExtension>
            <ns3:hr>161</ns3:hr>
            <ns3:cad>76</ns3:cad>
          </ns3:TrackPointExtension>
        </extensions>
      </trkpt>
      <trkpt lat="31.9688739068806171417236328125" lon="118.83006281219422817230224609375">
        <ele>0.60000002384185791015625</ele>
        <time>2021-07-08T11:27:06.000Z</time>
        <extensions>
          <ns3:TrackPointExtension/>
        </extensions>
      </trkpt>
      <trkpt lat="31.9688873179256916046142578125" lon="118.83006281219422817230224609375">
        <ele>0.4000000059604644775390625</ele>
        <time>2021-07-08T11:27:07.000Z</time>
        <extensions>
          <ns3:TrackPointExtension/>
        </extensions>
      </trkpt>
      <trkpt lat="31.96890064515173435211181640625" lon="118.8300704397261142730712890625">
        <ele>0.20000000298023223876953125</ele>
        <time>2021-07-08T11:27:08.000Z</time>
        <extensions>
          <ns3:TrackPointExtension/>
        </extensions>
      </trkpt>
      <trkpt lat="31.96891590021550655364990234375" lon="118.8300704397261142730712890625">
        <ele>0.20000000298023223876953125</ele>
        <time>2021-07-08T11:27:09.000Z</time>
        <extensions>
          <ns3:TrackPointExtension/>
        </extensions>
      </trkpt>
      <trkpt lat="31.9689292274415493011474609375" lon="118.8300704397261142730712890625">
        <ele>0</ele>
        <time>2021-07-08T11:27:10.000Z</time>
        <extensions>
          <ns3:TrackPointExtension>
            <ns3:hr>159</ns3:hr>
            <ns3:cad>76</ns3:cad>
          </ns3:TrackPointExtension>
        </extensions>
      </trkpt>
      <trkpt lat="31.9689426384866237640380859375" lon="118.8300704397261142730712890625">
        <ele>-0.20000000298023223876953125</ele>
        <time>2021-07-08T11:27:11.000Z</time>
        <extensions>
          <ns3:TrackPointExtension/>
        </extensions>
      </trkpt>
      <trkpt lat="31.96895596571266651153564453125" lon="118.83007806725800037384033203125">
        <ele>-0.4000000059604644775390625</ele>
        <time>2021-07-08T11:27:12.000Z</time>
        <extensions>
          <ns3:TrackPointExtension/>
        </extensions>
      </trkpt>
      <trkpt lat="31.96897122077643871307373046875" lon="118.83007806725800037384033203125">
        <ele>-0.4000000059604644775390625</ele>
        <time>2021-07-08T11:27:13.000Z</time>
        <extensions>
          <ns3:TrackPointExtension/>
        </extensions>
      </trkpt>
      <trkpt lat="31.96898647584021091461181640625" lon="118.83007806725800037384033203125">
        <ele>-0.60000002384185791015625</ele>
        <time>2021-07-08T11:27:14.000Z</time>
        <extensions>
          <ns3:TrackPointExtension/>
        </extensions>
      </trkpt>
      <trkpt lat="31.968999803066253662109375" lon="118.830085694789886474609375">
        <ele>-0.800000011920928955078125</ele>
        <time>2021-07-08T11:27:15.000Z</time>
        <extensions>
          <ns3:TrackPointExtension>
            <ns3:hr>161</ns3:hr>
            <ns3:cad>76</ns3:cad>
          </ns3:TrackPointExtension>
        </extensions>
      </trkpt>
      <trkpt lat="31.969013214111328125" lon="118.830085694789886474609375">
        <ele>-1</ele>
        <time>2021-07-08T11:27:16.000Z</time>
        <extensions>
          <ns3:TrackPointExtension/>
        </extensions>
      </trkpt>
      <trkpt lat="31.9690284691751003265380859375" lon="118.830085694789886474609375">
        <ele>-1</ele>
        <time>2021-07-08T11:27:17.000Z</time>
        <extensions>
          <ns3:TrackPointExtension/>
        </extensions>
      </trkpt>
      <trkpt lat="31.969043724238872528076171875" lon="118.83009332232177257537841796875">
        <ele>-1</ele>
        <time>2021-07-08T11:27:18.000Z</time>
        <extensions>
          <ns3:TrackPointExtension/>
        </extensions>
      </trkpt>
      <trkpt lat="31.9690589793026447296142578125" lon="118.83009332232177257537841796875">
        <ele>-0.800000011920928955078125</ele>
        <time>2021-07-08T11:27:19.000Z</time>
        <extensions>
          <ns3:TrackPointExtension/>
        </extensions>
      </trkpt>
      <trkpt lat="31.96907423436641693115234375" lon="118.83009332232177257537841796875">
        <ele>-0.800000011920928955078125</ele>
        <time>2021-07-08T11:27:20.000Z</time>
        <extensions>
          <ns3:TrackPointExtension>
            <ns3:hr>164</ns3:hr>
            <ns3:cad>76</ns3:cad>
          </ns3:TrackPointExtension>
        </extensions>
      </trkpt>
      <trkpt lat="31.9690894894301891326904296875" lon="118.83009332232177257537841796875">
        <ele>-0.800000011920928955078125</ele>
        <time>2021-07-08T11:27:21.000Z</time>
        <extensions>
          <ns3:TrackPointExtension/>
        </extensions>
      </trkpt>
      <trkpt lat="31.969104744493961334228515625" lon="118.8301009498536586761474609375">
        <ele>-0.60000002384185791015625</ele>
        <time>2021-07-08T11:27:22.000Z</time>
        <extensions>
          <ns3:TrackPointExtension/>
        </extensions>
      </trkpt>
      <trkpt lat="31.9691199995577335357666015625" lon="118.8301009498536586761474609375">
        <ele>-0.60000002384185791015625</ele>
        <time>2021-07-08T11:27:23.000Z</time>
        <extensions>
          <ns3:TrackPointExtension/>
        </extensions>
      </trkpt>
      <trkpt lat="31.9691352546215057373046875" lon="118.8301009498536586761474609375">
        <ele>-0.60000002384185791015625</ele>
        <time>2021-07-08T11:27:24.000Z</time>
        <extensions>
          <ns3:TrackPointExtension/>
        </extensions>
      </trkpt>
      <trkpt lat="31.9691505096852779388427734375" lon="118.8301009498536586761474609375">
        <ele>-0.60000002384185791015625</ele>
        <time>2021-07-08T11:27:25.000Z</time>
        <extensions>
          <ns3:TrackPointExtension>
            <ns3:hr>162</ns3:hr>
            <ns3:cad>76</ns3:cad>
          </ns3:TrackPointExtension>
        </extensions>
      </trkpt>
      <trkpt lat="31.969165764749050140380859375" lon="118.83010857738554477691650390625">
        <ele>-0.4000000059604644775390625</ele>
        <time>2021-07-08T11:27:26.000Z</time>
        <extensions>
          <ns3:TrackPointExtension/>
        </extensions>
      </trkpt>
      <trkpt lat="31.9691810198128223419189453125" lon="118.83010857738554477691650390625">
        <ele>-0.4000000059604644775390625</ele>
        <time>2021-07-08T11:27:27.000Z</time>
        <extensions>
          <ns3:TrackPointExtension/>
        </extensions>
      </trkpt>
      <trkpt lat="31.96919820271432399749755859375" lon="118.83010857738554477691650390625">
        <ele>-0.4000000059604644775390625</ele>
        <time>2021-07-08T11:27:28.000Z</time>
        <extensions>
          <ns3:TrackPointExtension/>
        </extensions>
      </trkpt>
      <trkpt lat="31.96921345777809619903564453125" lon="118.83010857738554477691650390625">
        <ele>-0.4000000059604644775390625</ele>
        <time>2021-07-08T11:27:29.000Z</time>
        <extensions>
          <ns3:TrackPointExtension/>
        </extensions>
      </trkpt>
      <trkpt lat="31.9692306406795978546142578125" lon="118.830116204917430877685546875">
        <ele>-0.20000000298023223876953125</ele>
        <time>2021-07-08T11:27:30.000Z</time>
        <extensions>
          <ns3:TrackPointExtension>
            <ns3:hr>167</ns3:hr>
            <ns3:cad>76</ns3:cad>
          </ns3:TrackPointExtension>
        </extensions>
      </trkpt>
      <trkpt lat="31.96924589574337005615234375" lon="118.830116204917430877685546875">
        <ele>-0.20000000298023223876953125</ele>
        <time>2021-07-08T11:27:31.000Z</time>
        <extensions>
          <ns3:TrackPointExtension/>
        </extensions>
      </trkpt>
      <trkpt lat="31.969262994825839996337890625" lon="118.830116204917430877685546875">
        <ele>-0.20000000298023223876953125</ele>
        <time>2021-07-08T11:27:32.000Z</time>
        <extensions>
          <ns3:TrackPointExtension/>
        </extensions>
      </trkpt>
      <trkpt lat="31.96928017772734165191650390625" lon="118.83012383244931697845458984375">
        <ele>0</ele>
        <time>2021-07-08T11:27:33.000Z</time>
        <extensions>
          <ns3:TrackPointExtension/>
        </extensions>
      </trkpt>
      <trkpt lat="31.9692973606288433074951171875" lon="118.83012383244931697845458984375">
        <ele>0</ele>
        <time>2021-07-08T11:27:34.000Z</time>
        <extensions>
          <ns3:TrackPointExtension/>
        </extensions>
      </trkpt>
      <trkpt lat="31.96931454353034496307373046875" lon="118.83012383244931697845458984375">
        <ele>0.20000000298023223876953125</ele>
        <time>2021-07-08T11:27:35.000Z</time>
        <extensions>
          <ns3:TrackPointExtension>
            <ns3:hr>167</ns3:hr>
            <ns3:cad>76</ns3:cad>
          </ns3:TrackPointExtension>
        </extensions>
      </trkpt>
      <trkpt lat="31.9693335704505443572998046875" lon="118.8301314599812030792236328125">
        <ele>0.60000002384185791015625</ele>
        <time>2021-07-08T11:27:36.000Z</time>
        <extensions>
          <ns3:TrackPointExtension/>
        </extensions>
      </trkpt>
      <trkpt lat="31.96935075335204601287841796875" lon="118.8301314599812030792236328125">
        <ele>0.800000011920928955078125</ele>
        <time>2021-07-08T11:27:37.000Z</time>
        <extensions>
          <ns3:TrackPointExtension/>
        </extensions>
      </trkpt>
      <trkpt lat="31.96936793625354766845703125" lon="118.8301314599812030792236328125">
        <ele>1</ele>
        <time>2021-07-08T11:27:38.000Z</time>
        <extensions>
          <ns3:TrackPointExtension/>
        </extensions>
      </trkpt>
      <trkpt lat="31.96938511915504932403564453125" lon="118.8301314599812030792236328125">
        <ele>1</ele>
        <time>2021-07-08T11:27:39.000Z</time>
        <extensions>
          <ns3:TrackPointExtension/>
        </extensions>
      </trkpt>
      <trkpt lat="31.96940414607524871826171875" lon="118.83013908751308917999267578125">
        <ele>1.39999997615814208984375</ele>
        <time>2021-07-08T11:27:40.000Z</time>
        <extensions>
          <ns3:TrackPointExtension>
            <ns3:hr>167</ns3:hr>
            <ns3:cad>76</ns3:cad>
          </ns3:TrackPointExtension>
        </extensions>
      </trkpt>
      <trkpt lat="31.96942132897675037384033203125" lon="118.83013908751308917999267578125">
        <ele>1.60000002384185791015625</ele>
        <time>2021-07-08T11:27:41.000Z</time>
        <extensions>
          <ns3:TrackPointExtension/>
        </extensions>
      </trkpt>
      <trkpt lat="31.96944043971598148345947265625" lon="118.83013908751308917999267578125">
        <ele>1.7999999523162841796875</ele>
        <time>2021-07-08T11:27:42.000Z</time>
        <extensions>
          <ns3:TrackPointExtension/>
        </extensions>
      </trkpt>
      <trkpt lat="31.969459466636180877685546875" lon="118.83013908751308917999267578125">
        <ele>2</ele>
        <time>2021-07-08T11:27:43.000Z</time>
        <extensions>
          <ns3:TrackPointExtension/>
        </extensions>
      </trkpt>
      <trkpt lat="31.9694785773754119873046875" lon="118.83013908751308917999267578125">
        <ele>2.2000000476837158203125</ele>
        <time>2021-07-08T11:27:44.000Z</time>
        <extensions>
          <ns3:TrackPointExtension/>
        </extensions>
      </trkpt>
      <trkpt lat="31.96949760429561138153076171875" lon="118.83013908751308917999267578125">
        <ele>2.400000095367431640625</ele>
        <time>2021-07-08T11:27:45.000Z</time>
        <extensions>
          <ns3:TrackPointExtension>
            <ns3:hr>169</ns3:hr>
            <ns3:cad>76</ns3:cad>
          </ns3:TrackPointExtension>
        </extensions>
      </trkpt>
      <trkpt lat="31.96951671503484249114990234375" lon="118.83013908751308917999267578125">
        <ele>2.599999904632568359375</ele>
        <time>2021-07-08T11:27:46.000Z</time>
        <extensions>
          <ns3:TrackPointExtension/>
        </extensions>
      </trkpt>
      <trkpt lat="31.96953582577407360076904296875" lon="118.83013908751308917999267578125">
        <ele>2.7999999523162841796875</ele>
        <time>2021-07-08T11:27:47.000Z</time>
        <extensions>
          <ns3:TrackPointExtension/>
        </extensions>
      </trkpt>
      <trkpt lat="31.9695548526942729949951171875" lon="118.83013908751308917999267578125">
        <ele>3</ele>
        <time>2021-07-08T11:27:48.000Z</time>
        <extensions>
          <ns3:TrackPointExtension/>
        </extensions>
      </trkpt>
      <trkpt lat="31.96957580745220184326171875" lon="118.83013908751308917999267578125">
        <ele>3.2000000476837158203125</ele>
        <time>2021-07-08T11:27:49.000Z</time>
        <extensions>
          <ns3:TrackPointExtension/>
        </extensions>
      </trkpt>
      <trkpt lat="31.969594918191432952880859375" lon="118.83013908751308917999267578125">
        <ele>3.400000095367431640625</ele>
        <time>2021-07-08T11:27:50.000Z</time>
        <extensions>
          <ns3:TrackPointExtension>
            <ns3:hr>171</ns3:hr>
            <ns3:cad>76</ns3:cad>
          </ns3:TrackPointExtension>
        </extensions>
      </trkpt>
      <trkpt lat="31.9696158729493618011474609375" lon="118.83013908751308917999267578125">
        <ele>3.599999904632568359375</ele>
        <time>2021-07-08T11:27:51.000Z</time>
        <extensions>
          <ns3:TrackPointExtension/>
        </extensions>
      </trkpt>
      <trkpt lat="31.96963691152632236480712890625" lon="118.83013908751308917999267578125">
        <ele>3.7999999523162841796875</ele>
        <time>2021-07-08T11:27:52.000Z</time>
        <extensions>
          <ns3:TrackPointExtension/>
        </extensions>
      </trkpt>
      <trkpt lat="31.969655938446521759033203125" lon="118.83013908751308917999267578125">
        <ele>4.19999980926513671875</ele>
        <time>2021-07-08T11:27:53.000Z</time>
        <extensions>
          <ns3:TrackPointExtension/>
        </extensions>
      </trkpt>
      <trkpt lat="31.9696768932044506072998046875" lon="118.83013908751308917999267578125">
        <ele>4.400000095367431640625</ele>
        <time>2021-07-08T11:27:54.000Z</time>
        <extensions>
          <ns3:TrackPointExtension/>
        </extensions>
      </trkpt>
      <trkpt lat="31.96969793178141117095947265625" lon="118.83013908751308917999267578125">
        <ele>4.80000019073486328125</ele>
        <time>2021-07-08T11:27:55.000Z</time>
        <extensions>
          <ns3:TrackPointExtension>
            <ns3:hr>166</ns3:hr>
            <ns3:cad>76</ns3:cad>
          </ns3:TrackPointExtension>
        </extensions>
      </trkpt>
      <trkpt lat="31.969716958701610565185546875" lon="118.8301314599812030792236328125">
        <ele>5</ele>
        <time>2021-07-08T11:27:56.000Z</time>
        <extensions>
          <ns3:TrackPointExtension/>
        </extensions>
      </trkpt>
      <trkpt lat="31.96973799727857112884521484375" lon="118.8301314599812030792236328125">
        <ele>5.400000095367431640625</ele>
        <time>2021-07-08T11:27:57.000Z</time>
        <extensions>
          <ns3:TrackPointExtension/>
        </extensions>
      </trkpt>
      <trkpt lat="31.9697570241987705230712890625" lon="118.83013908751308917999267578125">
        <ele>5.599999904632568359375</ele>
        <time>2021-07-08T11:27:58.000Z</time>
        <extensions>
          <ns3:TrackPointExtension/>
        </extensions>
      </trkpt>
      <trkpt lat="31.9697761349380016326904296875" lon="118.83013908751308917999267578125">
        <ele>5.80000019073486328125</ele>
        <time>2021-07-08T11:27:59.000Z</time>
        <extensions>
          <ns3:TrackPointExtension/>
        </extensions>
      </trkpt>
      <trkpt lat="31.96979516185820102691650390625" lon="118.83013908751308917999267578125">
        <ele>6.19999980926513671875</ele>
        <time>2021-07-08T11:28:00.000Z</time>
        <extensions>
          <ns3:TrackPointExtension>
            <ns3:hr>166</ns3:hr>
            <ns3:cad>76</ns3:cad>
          </ns3:TrackPointExtension>
        </extensions>
      </trkpt>
      <trkpt lat="31.96981427259743213653564453125" lon="118.83014671504497528076171875">
        <ele>6.400000095367431640625</ele>
        <time>2021-07-08T11:28:01.000Z</time>
        <extensions>
          <ns3:TrackPointExtension/>
        </extensions>
      </trkpt>
      <trkpt lat="31.96983329951763153076171875" lon="118.83014671504497528076171875">
        <ele>6.80000019073486328125</ele>
        <time>2021-07-08T11:28:02.000Z</time>
        <extensions>
          <ns3:TrackPointExtension/>
        </extensions>
      </trkpt>
      <trkpt lat="31.969852410256862640380859375" lon="118.83014671504497528076171875">
        <ele>7</ele>
        <time>2021-07-08T11:28:03.000Z</time>
        <extensions>
          <ns3:TrackPointExtension/>
        </extensions>
      </trkpt>
      <trkpt lat="31.96986959315836429595947265625" lon="118.83015434257686138153076171875">
        <ele>7</ele>
        <time>2021-07-08T11:28:04.000Z</time>
        <extensions>
          <ns3:TrackPointExtension/>
        </extensions>
      </trkpt>
      <trkpt lat="31.9698867760598659515380859375" lon="118.83015434257686138153076171875">
        <ele>7</ele>
        <time>2021-07-08T11:28:05.000Z</time>
        <extensions>
          <ns3:TrackPointExtension>
            <ns3:hr>165</ns3:hr>
            <ns3:cad>76</ns3:cad>
          </ns3:TrackPointExtension>
        </extensions>
      </trkpt>
      <trkpt lat="31.96990580298006534576416015625" lon="118.8301619701087474822998046875">
        <ele>7</ele>
        <time>2021-07-08T11:28:06.000Z</time>
        <extensions>
          <ns3:TrackPointExtension/>
        </extensions>
      </trkpt>
      <trkpt lat="31.96992105804383754730224609375" lon="118.83016959764063358306884765625">
        <ele>7</ele>
        <time>2021-07-08T11:28:07.000Z</time>
        <extensions>
          <ns3:TrackPointExtension/>
        </extensions>
      </trkpt>
      <trkpt lat="31.969938240945339202880859375" lon="118.83016959764063358306884765625">
        <ele>7</ele>
        <time>2021-07-08T11:28:08.000Z</time>
        <extensions>
          <ns3:TrackPointExtension/>
        </extensions>
      </trkpt>
      <trkpt lat="31.9699534960091114044189453125" lon="118.830177225172519683837890625">
        <ele>7</ele>
        <time>2021-07-08T11:28:09.000Z</time>
        <extensions>
          <ns3:TrackPointExtension/>
        </extensions>
      </trkpt>
      <trkpt lat="31.96997067891061305999755859375" lon="118.830177225172519683837890625">
        <ele>6.80000019073486328125</ele>
        <time>2021-07-08T11:28:10.000Z</time>
        <extensions>
          <ns3:TrackPointExtension>
            <ns3:hr>164</ns3:hr>
            <ns3:cad>76</ns3:cad>
          </ns3:TrackPointExtension>
        </extensions>
      </trkpt>
      <trkpt lat="31.969987861812114715576171875" lon="118.8301849365234375">
        <ele>6.80000019073486328125</ele>
        <time>2021-07-08T11:28:11.000Z</time>
        <extensions>
          <ns3:TrackPointExtension/>
        </extensions>
      </trkpt>
      <trkpt lat="31.9700031168758869171142578125" lon="118.8301849365234375">
        <ele>6.80000019073486328125</ele>
        <time>2021-07-08T11:28:12.000Z</time>
        <extensions>
          <ns3:TrackPointExtension/>
        </extensions>
      </trkpt>
      <trkpt lat="31.97001837193965911865234375" lon="118.8301849365234375">
        <ele>6.80000019073486328125</ele>
        <time>2021-07-08T11:28:13.000Z</time>
        <extensions>
          <ns3:TrackPointExtension/>
        </extensions>
      </trkpt>
      <trkpt lat="31.970035471022129058837890625" lon="118.83019256405532360076904296875">
        <ele>6.80000019073486328125</ele>
        <time>2021-07-08T11:28:14.000Z</time>
        <extensions>
          <ns3:TrackPointExtension/>
        </extensions>
      </trkpt>
      <trkpt lat="31.97005080990493297576904296875" lon="118.83019256405532360076904296875">
        <ele>6.599999904632568359375</ele>
        <time>2021-07-08T11:28:15.000Z</time>
        <extensions>
          <ns3:TrackPointExtension>
            <ns3:hr>165</ns3:hr>
            <ns3:cad>76</ns3:cad>
          </ns3:TrackPointExtension>
        </extensions>
      </trkpt>
      <trkpt lat="31.97006790898740291595458984375" lon="118.8302001915872097015380859375">
        <ele>6.599999904632568359375</ele>
        <time>2021-07-08T11:28:16.000Z</time>
        <extensions>
          <ns3:TrackPointExtension/>
        </extensions>
      </trkpt>
      <trkpt lat="31.97008316405117511749267578125" lon="118.8302001915872097015380859375">
        <ele>6.599999904632568359375</ele>
        <time>2021-07-08T11:28:17.000Z</time>
        <extensions>
          <ns3:TrackPointExtension/>
        </extensions>
      </trkpt>
      <trkpt lat="31.97009841911494731903076171875" lon="118.8302001915872097015380859375">
        <ele>6.599999904632568359375</ele>
        <time>2021-07-08T11:28:18.000Z</time>
        <extensions>
          <ns3:TrackPointExtension/>
        </extensions>
      </trkpt>
      <trkpt lat="31.970115602016448974609375" lon="118.83020781911909580230712890625">
        <ele>6.400000095367431640625</ele>
        <time>2021-07-08T11:28:19.000Z</time>
        <extensions>
          <ns3:TrackPointExtension/>
        </extensions>
      </trkpt>
      <trkpt lat="31.97013278491795063018798828125" lon="118.83020781911909580230712890625">
        <ele>6.400000095367431640625</ele>
        <time>2021-07-08T11:28:20.000Z</time>
        <extensions>
          <ns3:TrackPointExtension>
            <ns3:hr>165</ns3:hr>
            <ns3:cad>76</ns3:cad>
          </ns3:TrackPointExtension>
        </extensions>
      </trkpt>
      <trkpt lat="31.9701499678194522857666015625" lon="118.830215446650981903076171875">
        <ele>6.400000095367431640625</ele>
        <time>2021-07-08T11:28:21.000Z</time>
        <extensions>
          <ns3:TrackPointExtension/>
        </extensions>
      </trkpt>
      <trkpt lat="31.9701652228832244873046875" lon="118.830215446650981903076171875">
        <ele>6.400000095367431640625</ele>
        <time>2021-07-08T11:28:22.000Z</time>
        <extensions>
          <ns3:TrackPointExtension/>
        </extensions>
      </trkpt>
      <trkpt lat="31.97018424980342388153076171875" lon="118.830215446650981903076171875">
        <ele>6.19999980926513671875</ele>
        <time>2021-07-08T11:28:23.000Z</time>
        <extensions>
          <ns3:TrackPointExtension/>
        </extensions>
      </trkpt>
      <trkpt lat="31.970201432704925537109375" lon="118.83022307418286800384521484375">
        <ele>6.19999980926513671875</ele>
        <time>2021-07-08T11:28:24.000Z</time>
        <extensions>
          <ns3:TrackPointExtension/>
        </extensions>
      </trkpt>
      <trkpt lat="31.970220543444156646728515625" lon="118.83022307418286800384521484375">
        <ele>6.19999980926513671875</ele>
        <time>2021-07-08T11:28:25.000Z</time>
        <extensions>
          <ns3:TrackPointExtension>
            <ns3:hr>169</ns3:hr>
            <ns3:cad>76</ns3:cad>
          </ns3:TrackPointExtension>
        </extensions>
      </trkpt>
      <trkpt lat="31.97023772634565830230712890625" lon="118.83022307418286800384521484375">
        <ele>6</ele>
        <time>2021-07-08T11:28:26.000Z</time>
        <extensions>
          <ns3:TrackPointExtension/>
        </extensions>
      </trkpt>
      <trkpt lat="31.970256753265857696533203125" lon="118.8302307017147541046142578125">
        <ele>6</ele>
        <time>2021-07-08T11:28:27.000Z</time>
        <extensions>
          <ns3:TrackPointExtension/>
        </extensions>
      </trkpt>
      <trkpt lat="31.97027586400508880615234375" lon="118.8302307017147541046142578125">
        <ele>6</ele>
        <time>2021-07-08T11:28:28.000Z</time>
        <extensions>
          <ns3:TrackPointExtension/>
        </extensions>
      </trkpt>
      <trkpt lat="31.97029489092528820037841796875" lon="118.8302307017147541046142578125">
        <ele>6</ele>
        <time>2021-07-08T11:28:29.000Z</time>
        <extensions>
          <ns3:TrackPointExtension/>
        </extensions>
      </trkpt>
      <trkpt lat="31.97031207382678985595703125" lon="118.83023832924664020538330078125">
        <ele>5.80000019073486328125</ele>
        <time>2021-07-08T11:28:30.000Z</time>
        <extensions>
          <ns3:TrackPointExtension>
            <ns3:hr>168</ns3:hr>
            <ns3:cad>76</ns3:cad>
          </ns3:TrackPointExtension>
        </extensions>
      </trkpt>
      <trkpt lat="31.97032925672829151153564453125" lon="118.83023832924664020538330078125">
        <ele>5.80000019073486328125</ele>
        <time>2021-07-08T11:28:31.000Z</time>
        <extensions>
          <ns3:TrackPointExtension/>
        </extensions>
      </trkpt>
      <trkpt lat="31.97034828364849090576171875" lon="118.83023832924664020538330078125">
        <ele>5.80000019073486328125</ele>
        <time>2021-07-08T11:28:32.000Z</time>
        <extensions>
          <ns3:TrackPointExtension/>
        </extensions>
      </trkpt>
      <trkpt lat="31.97036546654999256134033203125" lon="118.83023832924664020538330078125">
        <ele>5.599999904632568359375</ele>
        <time>2021-07-08T11:28:33.000Z</time>
        <extensions>
          <ns3:TrackPointExtension/>
        </extensions>
      </trkpt>
      <trkpt lat="31.9703826494514942169189453125" lon="118.83023832924664020538330078125">
        <ele>5.599999904632568359375</ele>
        <time>2021-07-08T11:28:34.000Z</time>
        <extensions>
          <ns3:TrackPointExtension/>
        </extensions>
      </trkpt>
      <trkpt lat="31.97039983235299587249755859375" lon="118.83023832924664020538330078125">
        <ele>5.599999904632568359375</ele>
        <time>2021-07-08T11:28:35.000Z</time>
        <extensions>
          <ns3:TrackPointExtension>
            <ns3:hr>167</ns3:hr>
            <ns3:cad>76</ns3:cad>
          </ns3:TrackPointExtension>
        </extensions>
      </trkpt>
      <trkpt lat="31.970417015254497528076171875" lon="118.83023832924664020538330078125">
        <ele>5.599999904632568359375</ele>
        <time>2021-07-08T11:28:36.000Z</time>
        <extensions>
          <ns3:TrackPointExtension/>
        </extensions>
      </trkpt>
      <trkpt lat="31.9704322703182697296142578125" lon="118.83023832924664020538330078125">
        <ele>5.599999904632568359375</ele>
        <time>2021-07-08T11:28:37.000Z</time>
        <extensions>
          <ns3:TrackPointExtension/>
        </extensions>
      </trkpt>
      <trkpt lat="31.9704493694007396697998046875" lon="118.83023832924664020538330078125">
        <ele>5.599999904632568359375</ele>
        <time>2021-07-08T11:28:38.000Z</time>
        <extensions>
          <ns3:TrackPointExtension/>
        </extensions>
      </trkpt>
      <trkpt lat="31.970464624464511871337890625" lon="118.83024595677852630615234375">
        <ele>5.599999904632568359375</ele>
        <time>2021-07-08T11:28:39.000Z</time>
        <extensions>
          <ns3:TrackPointExtension/>
        </extensions>
      </trkpt>
      <trkpt lat="31.97047996334731578826904296875" lon="118.83024595677852630615234375">
        <ele>5.599999904632568359375</ele>
        <time>2021-07-08T11:28:40.000Z</time>
        <extensions>
          <ns3:TrackPointExtension>
            <ns3:hr>170</ns3:hr>
            <ns3:cad>76</ns3:cad>
          </ns3:TrackPointExtension>
        </extensions>
      </trkpt>
      <trkpt lat="31.97049521841108798980712890625" lon="118.83024595677852630615234375">
        <ele>5.599999904632568359375</ele>
        <time>2021-07-08T11:28:41.000Z</time>
        <extensions>
          <ns3:TrackPointExtension/>
        </extensions>
      </trkpt>
      <trkpt lat="31.97051047347486019134521484375" lon="118.83024595677852630615234375">
        <ele>5.599999904632568359375</ele>
        <time>2021-07-08T11:28:42.000Z</time>
        <extensions>
          <ns3:TrackPointExtension/>
        </extensions>
      </trkpt>
      <trkpt lat="31.97052572853863239288330078125" lon="118.83025358431041240692138671875">
        <ele>5.599999904632568359375</ele>
        <time>2021-07-08T11:28:43.000Z</time>
        <extensions>
          <ns3:TrackPointExtension/>
        </extensions>
      </trkpt>
      <trkpt lat="31.97053712792694568634033203125" lon="118.83025358431041240692138671875">
        <ele>5.599999904632568359375</ele>
        <time>2021-07-08T11:28:44.000Z</time>
        <extensions>
          <ns3:TrackPointExtension/>
        </extensions>
      </trkpt>
      <trkpt lat="31.97054668329656124114990234375" lon="118.83024595677852630615234375">
        <ele>5.599999904632568359375</ele>
        <time>2021-07-08T11:28:45.000Z</time>
        <extensions>
          <ns3:TrackPointExtension>
            <ns3:hr>168</ns3:hr>
            <ns3:cad>76</ns3:cad>
          </ns3:TrackPointExtension>
        </extensions>
      </trkpt>
      <trkpt lat="31.97055238299071788787841796875" lon="118.83024595677852630615234375">
        <ele>5.599999904632568359375</ele>
        <time>2021-07-08T11:28:46.000Z</time>
        <extensions>
          <ns3:TrackPointExtension/>
        </extensions>
      </trkpt>
      <trkpt lat="31.97055623866617679595947265625" lon="118.83024595677852630615234375">
        <ele>5.599999904632568359375</ele>
        <time>2021-07-08T11:28:47.000Z</time>
        <extensions>
          <ns3:TrackPointExtension/>
        </extensions>
      </trkpt>
      <trkpt lat="31.97055816650390625" lon="118.83024595677852630615234375">
        <ele>5.599999904632568359375</ele>
        <time>2021-07-08T11:28:48.000Z</time>
        <extensions>
          <ns3:TrackPointExtension/>
        </extensions>
      </trkpt>
      <trkpt lat="31.9705543108284473419189453125" lon="118.83023832924664020538330078125">
        <ele>5.599999904632568359375</ele>
        <time>2021-07-08T11:28:49.000Z</time>
        <extensions>
          <ns3:TrackPointExtension/>
        </extensions>
      </trkpt>
      <trkpt lat="31.970550455152988433837890625" lon="118.83023832924664020538330078125">
        <ele>5.599999904632568359375</ele>
        <time>2021-07-08T11:28:50.000Z</time>
        <extensions>
          <ns3:TrackPointExtension>
            <ns3:hr>166</ns3:hr>
            <ns3:cad>76</ns3:cad>
          </ns3:TrackPointExtension>
        </extensions>
      </trkpt>
      <trkpt lat="31.97054282762110233306884765625" lon="118.8302307017147541046142578125">
        <ele>5.599999904632568359375</ele>
        <time>2021-07-08T11:28:51.000Z</time>
        <extensions>
          <ns3:TrackPointExtension/>
        </extensions>
      </trkpt>
      <trkpt lat="31.97053142823278903961181640625" lon="118.8302307017147541046142578125">
        <ele>5.599999904632568359375</ele>
        <time>2021-07-08T11:28:52.000Z</time>
        <extensions>
          <ns3:TrackPointExtension/>
        </extensions>
      </trkpt>
      <trkpt lat="31.97051994502544403076171875" lon="118.8302307017147541046142578125">
        <ele>5.599999904632568359375</ele>
        <time>2021-07-08T11:28:53.000Z</time>
        <extensions>
          <ns3:TrackPointExtension/>
        </extensions>
      </trkpt>
      <trkpt lat="31.970502845942974090576171875" lon="118.8302307017147541046142578125">
        <ele>5.599999904632568359375</ele>
        <time>2021-07-08T11:28:54.000Z</time>
        <extensions>
          <ns3:TrackPointExtension/>
        </extensions>
      </trkpt>
      <trkpt lat="31.97048566304147243499755859375" lon="118.8302307017147541046142578125">
        <ele>5.599999904632568359375</ele>
        <time>2021-07-08T11:28:55.000Z</time>
        <extensions>
          <ns3:TrackPointExtension>
            <ns3:hr>166</ns3:hr>
            <ns3:cad>76</ns3:cad>
          </ns3:TrackPointExtension>
        </extensions>
      </trkpt>
      <trkpt lat="31.9704684801399707794189453125" lon="118.8302307017147541046142578125">
        <ele>5.599999904632568359375</ele>
        <time>2021-07-08T11:28:56.000Z</time>
        <extensions>
          <ns3:TrackPointExtension/>
        </extensions>
      </trkpt>
      <trkpt lat="31.9704493694007396697998046875" lon="118.8302307017147541046142578125">
        <ele>5.599999904632568359375</ele>
        <time>2021-07-08T11:28:57.000Z</time>
        <extensions>
          <ns3:TrackPointExtension/>
        </extensions>
      </trkpt>
      <trkpt lat="31.9704322703182697296142578125" lon="118.8302307017147541046142578125">
        <ele>5.599999904632568359375</ele>
        <time>2021-07-08T11:28:58.000Z</time>
        <extensions>
          <ns3:TrackPointExtension/>
        </extensions>
      </trkpt>
      <trkpt lat="31.97041508741676807403564453125" lon="118.8302307017147541046142578125">
        <ele>5.599999904632568359375</ele>
        <time>2021-07-08T11:28:59.000Z</time>
        <extensions>
          <ns3:TrackPointExtension/>
        </extensions>
      </trkpt>
      <trkpt lat="31.97039597667753696441650390625" lon="118.8302307017147541046142578125">
        <ele>5.599999904632568359375</ele>
        <time>2021-07-08T11:29:00.000Z</time>
        <extensions>
          <ns3:TrackPointExtension>
            <ns3:hr>169</ns3:hr>
            <ns3:cad>76</ns3:cad>
          </ns3:TrackPointExtension>
        </extensions>
      </trkpt>
      <trkpt lat="31.9703769497573375701904296875" lon="118.8302307017147541046142578125">
        <ele>5.599999904632568359375</ele>
        <time>2021-07-08T11:29:01.000Z</time>
        <extensions>
          <ns3:TrackPointExtension/>
        </extensions>
      </trkpt>
      <trkpt lat="31.97035976685583591461181640625" lon="118.8302307017147541046142578125">
        <ele>5.599999904632568359375</ele>
        <time>2021-07-08T11:29:02.000Z</time>
        <extensions>
          <ns3:TrackPointExtension/>
        </extensions>
      </trkpt>
      <trkpt lat="31.97034065611660480499267578125" lon="118.8302307017147541046142578125">
        <ele>5.80000019073486328125</ele>
        <time>2021-07-08T11:29:03.000Z</time>
        <extensions>
          <ns3:TrackPointExtension/>
        </extensions>
      </trkpt>
      <trkpt lat="31.97032355703413486480712890625" lon="118.8302307017147541046142578125">
        <ele>5.80000019073486328125</ele>
        <time>2021-07-08T11:29:04.000Z</time>
        <extensions>
          <ns3:TrackPointExtension/>
        </extensions>
      </trkpt>
      <trkpt lat="31.970306374132633209228515625" lon="118.8302307017147541046142578125">
        <ele>5.80000019073486328125</ele>
        <time>2021-07-08T11:29:05.000Z</time>
        <extensions>
          <ns3:TrackPointExtension>
            <ns3:hr>168</ns3:hr>
            <ns3:cad>76</ns3:cad>
          </ns3:TrackPointExtension>
        </extensions>
      </trkpt>
      <trkpt lat="31.97028919123113155364990234375" lon="118.8302307017147541046142578125">
        <ele>6</ele>
        <time>2021-07-08T11:29:06.000Z</time>
        <extensions>
          <ns3:TrackPointExtension/>
        </extensions>
      </trkpt>
      <trkpt lat="31.9702720083296298980712890625" lon="118.8302307017147541046142578125">
        <ele>6</ele>
        <time>2021-07-08T11:29:07.000Z</time>
        <extensions>
          <ns3:TrackPointExtension/>
        </extensions>
      </trkpt>
      <trkpt lat="31.970256753265857696533203125" lon="118.8302307017147541046142578125">
        <ele>6</ele>
        <time>2021-07-08T11:29:08.000Z</time>
        <extensions>
          <ns3:TrackPointExtension/>
        </extensions>
      </trkpt>
      <trkpt lat="31.97023957036435604095458984375" lon="118.83022307418286800384521484375">
        <ele>6</ele>
        <time>2021-07-08T11:29:09.000Z</time>
        <extensions>
          <ns3:TrackPointExtension/>
        </extensions>
      </trkpt>
      <trkpt lat="31.97022247128188610076904296875" lon="118.83022307418286800384521484375">
        <ele>6.19999980926513671875</ele>
        <time>2021-07-08T11:29:10.000Z</time>
        <extensions>
          <ns3:TrackPointExtension>
            <ns3:hr>167</ns3:hr>
            <ns3:cad>76</ns3:cad>
          </ns3:TrackPointExtension>
        </extensions>
      </trkpt>
      <trkpt lat="31.970207132399082183837890625" lon="118.83022307418286800384521484375">
        <ele>6.19999980926513671875</ele>
        <time>2021-07-08T11:29:11.000Z</time>
        <extensions>
          <ns3:TrackPointExtension/>
        </extensions>
      </trkpt>
      <trkpt lat="31.9701918773353099822998046875" lon="118.83022307418286800384521484375">
        <ele>6.19999980926513671875</ele>
        <time>2021-07-08T11:29:12.000Z</time>
        <extensions>
          <ns3:TrackPointExtension/>
        </extensions>
      </trkpt>
      <trkpt lat="31.97017662227153778076171875" lon="118.830215446650981903076171875">
        <ele>6.19999980926513671875</ele>
        <time>2021-07-08T11:29:13.000Z</time>
        <extensions>
          <ns3:TrackPointExtension/>
        </extensions>
      </trkpt>
      <trkpt lat="31.970159523189067840576171875" lon="118.830215446650981903076171875">
        <ele>6.400000095367431640625</ele>
        <time>2021-07-08T11:29:14.000Z</time>
        <extensions>
          <ns3:TrackPointExtension/>
        </extensions>
      </trkpt>
      <trkpt lat="31.9701442681252956390380859375" lon="118.830215446650981903076171875">
        <ele>6.400000095367431640625</ele>
        <time>2021-07-08T11:29:15.000Z</time>
        <extensions>
          <ns3:TrackPointExtension>
            <ns3:hr>166</ns3:hr>
            <ns3:cad>76</ns3:cad>
          </ns3:TrackPointExtension>
        </extensions>
      </trkpt>
      <trkpt lat="31.9701290130615234375" lon="118.830215446650981903076171875">
        <ele>6.400000095367431640625</ele>
        <time>2021-07-08T11:29:16.000Z</time>
        <extensions>
          <ns3:TrackPointExtension/>
        </extensions>
      </trkpt>
      <trkpt lat="31.97011367417871952056884765625" lon="118.830215446650981903076171875">
        <ele>6.599999904632568359375</ele>
        <time>2021-07-08T11:29:17.000Z</time>
        <extensions>
          <ns3:TrackPointExtension/>
        </extensions>
      </trkpt>
      <trkpt lat="31.97009841911494731903076171875" lon="118.83020781911909580230712890625">
        <ele>6.599999904632568359375</ele>
        <time>2021-07-08T11:29:18.000Z</time>
        <extensions>
          <ns3:TrackPointExtension/>
        </extensions>
      </trkpt>
      <trkpt lat="31.97008316405117511749267578125" lon="118.83020781911909580230712890625">
        <ele>6.599999904632568359375</ele>
        <time>2021-07-08T11:29:19.000Z</time>
        <extensions>
          <ns3:TrackPointExtension/>
        </extensions>
      </trkpt>
      <trkpt lat="31.97006790898740291595458984375" lon="118.83020781911909580230712890625">
        <ele>6.599999904632568359375</ele>
        <time>2021-07-08T11:29:20.000Z</time>
        <extensions>
          <ns3:TrackPointExtension>
            <ns3:hr>167</ns3:hr>
            <ns3:cad>76</ns3:cad>
          </ns3:TrackPointExtension>
        </extensions>
      </trkpt>
      <trkpt lat="31.97005265392363071441650390625" lon="118.83020781911909580230712890625">
        <ele>6.599999904632568359375</ele>
        <time>2021-07-08T11:29:21.000Z</time>
        <extensions>
          <ns3:TrackPointExtension/>
        </extensions>
      </trkpt>
      <trkpt lat="31.97003739885985851287841796875" lon="118.83020781911909580230712890625">
        <ele>6.80000019073486328125</ele>
        <time>2021-07-08T11:29:22.000Z</time>
        <extensions>
          <ns3:TrackPointExtension/>
        </extensions>
      </trkpt>
      <trkpt lat="31.97002214379608631134033203125" lon="118.83020781911909580230712890625">
        <ele>6.80000019073486328125</ele>
        <time>2021-07-08T11:29:23.000Z</time>
        <extensions>
          <ns3:TrackPointExtension/>
        </extensions>
      </trkpt>
      <trkpt lat="31.97000688873231410980224609375" lon="118.83020781911909580230712890625">
        <ele>6.80000019073486328125</ele>
        <time>2021-07-08T11:29:24.000Z</time>
        <extensions>
          <ns3:TrackPointExtension/>
        </extensions>
      </trkpt>
      <trkpt lat="31.9699897058308124542236328125" lon="118.83020781911909580230712890625">
        <ele>7</ele>
        <time>2021-07-08T11:29:25.000Z</time>
        <extensions>
          <ns3:TrackPointExtension>
            <ns3:hr>166</ns3:hr>
            <ns3:cad>76</ns3:cad>
          </ns3:TrackPointExtension>
        </extensions>
      </trkpt>
      <trkpt lat="31.969974450767040252685546875" lon="118.8302001915872097015380859375">
        <ele>7</ele>
        <time>2021-07-08T11:29:26.000Z</time>
        <extensions>
          <ns3:TrackPointExtension/>
        </extensions>
      </trkpt>
      <trkpt lat="31.9699573516845703125" lon="118.8302001915872097015380859375">
        <ele>7</ele>
        <time>2021-07-08T11:29:27.000Z</time>
        <extensions>
          <ns3:TrackPointExtension/>
        </extensions>
      </trkpt>
      <trkpt lat="31.96994016878306865692138671875" lon="118.8302001915872097015380859375">
        <ele>7</ele>
        <time>2021-07-08T11:29:28.000Z</time>
        <extensions>
          <ns3:TrackPointExtension/>
        </extensions>
      </trkpt>
      <trkpt lat="31.96992491371929645538330078125" lon="118.83019256405532360076904296875">
        <ele>7</ele>
        <time>2021-07-08T11:29:29.000Z</time>
        <extensions>
          <ns3:TrackPointExtension/>
        </extensions>
      </trkpt>
      <trkpt lat="31.9699077308177947998046875" lon="118.83019256405532360076904296875">
        <ele>7</ele>
        <time>2021-07-08T11:29:30.000Z</time>
        <extensions>
          <ns3:TrackPointExtension>
            <ns3:hr>165</ns3:hr>
            <ns3:cad>76</ns3:cad>
          </ns3:TrackPointExtension>
        </extensions>
      </trkpt>
      <trkpt lat="31.96989054791629314422607421875" lon="118.83019256405532360076904296875">
        <ele>7</ele>
        <time>2021-07-08T11:29:31.000Z</time>
        <extensions>
          <ns3:TrackPointExtension/>
        </extensions>
      </trkpt>
      <trkpt lat="31.9698733650147914886474609375" lon="118.8301849365234375">
        <ele>7</ele>
        <time>2021-07-08T11:29:32.000Z</time>
        <extensions>
          <ns3:TrackPointExtension/>
        </extensions>
      </trkpt>
      <trkpt lat="31.96985433809459209442138671875" lon="118.8301849365234375">
        <ele>7</ele>
        <time>2021-07-08T11:29:33.000Z</time>
        <extensions>
          <ns3:TrackPointExtension/>
        </extensions>
      </trkpt>
      <trkpt lat="31.9698371551930904388427734375" lon="118.830177225172519683837890625">
        <ele>6.80000019073486328125</ele>
        <time>2021-07-08T11:29:34.000Z</time>
        <extensions>
          <ns3:TrackPointExtension/>
        </extensions>
      </trkpt>
      <trkpt lat="31.96981997229158878326416015625" lon="118.830177225172519683837890625">
        <ele>6.599999904632568359375</ele>
        <time>2021-07-08T11:29:35.000Z</time>
        <extensions>
          <ns3:TrackPointExtension>
            <ns3:hr>165</ns3:hr>
            <ns3:cad>76</ns3:cad>
          </ns3:TrackPointExtension>
        </extensions>
      </trkpt>
      <trkpt lat="31.969802789390087127685546875" lon="118.83016959764063358306884765625">
        <ele>6.19999980926513671875</ele>
        <time>2021-07-08T11:29:36.000Z</time>
        <extensions>
          <ns3:TrackPointExtension/>
        </extensions>
      </trkpt>
      <trkpt lat="31.9697856903076171875" lon="118.83016959764063358306884765625">
        <ele>6</ele>
        <time>2021-07-08T11:29:37.000Z</time>
        <extensions>
          <ns3:TrackPointExtension/>
        </extensions>
      </trkpt>
      <trkpt lat="31.96976850740611553192138671875" lon="118.83016959764063358306884765625">
        <ele>5.80000019073486328125</ele>
        <time>2021-07-08T11:29:38.000Z</time>
        <extensions>
          <ns3:TrackPointExtension/>
        </extensions>
      </trkpt>
      <trkpt lat="31.9697513245046138763427734375" lon="118.8301619701087474822998046875">
        <ele>5.599999904632568359375</ele>
        <time>2021-07-08T11:29:39.000Z</time>
        <extensions>
          <ns3:TrackPointExtension/>
        </extensions>
      </trkpt>
      <trkpt lat="31.96973414160311222076416015625" lon="118.8301619701087474822998046875">
        <ele>5.19999980926513671875</ele>
        <time>2021-07-08T11:29:40.000Z</time>
        <extensions>
          <ns3:TrackPointExtension>
            <ns3:hr>166</ns3:hr>
            <ns3:cad>75</ns3:cad>
          </ns3:TrackPointExtension>
        </extensions>
      </trkpt>
      <trkpt lat="31.9697151146829128265380859375" lon="118.8301619701087474822998046875">
        <ele>5</ele>
        <time>2021-07-08T11:29:41.000Z</time>
        <extensions>
          <ns3:TrackPointExtension/>
        </extensions>
      </trkpt>
      <trkpt lat="31.96969793178141117095947265625" lon="118.83015434257686138153076171875">
        <ele>4.80000019073486328125</ele>
        <time>2021-07-08T11:29:42.000Z</time>
        <extensions>
          <ns3:TrackPointExtension/>
        </extensions>
      </trkpt>
      <trkpt lat="31.969680748879909515380859375" lon="118.83015434257686138153076171875">
        <ele>4.599999904632568359375</ele>
        <time>2021-07-08T11:29:43.000Z</time>
        <extensions>
          <ns3:TrackPointExtension/>
        </extensions>
      </trkpt>
      <trkpt lat="31.96966356597840785980224609375" lon="118.83015434257686138153076171875">
        <ele>4.19999980926513671875</ele>
        <time>2021-07-08T11:29:44.000Z</time>
        <extensions>
          <ns3:TrackPointExtension/>
        </extensions>
      </trkpt>
      <trkpt lat="31.9696463830769062042236328125" lon="118.83014671504497528076171875">
        <ele>4</ele>
        <time>2021-07-08T11:29:45.000Z</time>
        <extensions>
          <ns3:TrackPointExtension>
            <ns3:hr>165</ns3:hr>
            <ns3:cad>76</ns3:cad>
          </ns3:TrackPointExtension>
        </extensions>
      </trkpt>
      <trkpt lat="31.96962735615670680999755859375" lon="118.83014671504497528076171875">
        <ele>3.7999999523162841796875</ele>
        <time>2021-07-08T11:29:46.000Z</time>
        <extensions>
          <ns3:TrackPointExtension/>
        </extensions>
      </trkpt>
      <trkpt lat="31.9696101732552051544189453125" lon="118.83014671504497528076171875">
        <ele>3.599999904632568359375</ele>
        <time>2021-07-08T11:29:47.000Z</time>
        <extensions>
          <ns3:TrackPointExtension/>
        </extensions>
      </trkpt>
      <trkpt lat="31.9695910625159740447998046875" lon="118.83014671504497528076171875">
        <ele>3.400000095367431640625</ele>
        <time>2021-07-08T11:29:48.000Z</time>
        <extensions>
          <ns3:TrackPointExtension/>
        </extensions>
      </trkpt>
      <trkpt lat="31.96957203559577465057373046875" lon="118.83013908751308917999267578125">
        <ele>3.2000000476837158203125</ele>
        <time>2021-07-08T11:29:49.000Z</time>
        <extensions>
          <ns3:TrackPointExtension/>
        </extensions>
      </trkpt>
      <trkpt lat="31.9695548526942729949951171875" lon="118.83013908751308917999267578125">
        <ele>3</ele>
        <time>2021-07-08T11:29:50.000Z</time>
        <extensions>
          <ns3:TrackPointExtension>
            <ns3:hr>166</ns3:hr>
            <ns3:cad>76</ns3:cad>
          </ns3:TrackPointExtension>
        </extensions>
      </trkpt>
      <trkpt lat="31.96953582577407360076904296875" lon="118.83013908751308917999267578125">
        <ele>2.7999999523162841796875</ele>
        <time>2021-07-08T11:29:51.000Z</time>
        <extensions>
          <ns3:TrackPointExtension/>
        </extensions>
      </trkpt>
      <trkpt lat="31.9695186428725719451904296875" lon="118.8301314599812030792236328125">
        <ele>2.599999904632568359375</ele>
        <time>2021-07-08T11:29:52.000Z</time>
        <extensions>
          <ns3:TrackPointExtension/>
        </extensions>
      </trkpt>
      <trkpt lat="31.9694995321333408355712890625" lon="118.8301314599812030792236328125">
        <ele>2.400000095367431640625</ele>
        <time>2021-07-08T11:29:53.000Z</time>
        <extensions>
          <ns3:TrackPointExtension/>
        </extensions>
      </trkpt>
      <trkpt lat="31.96948050521314144134521484375" lon="118.8301314599812030792236328125">
        <ele>2.2000000476837158203125</ele>
        <time>2021-07-08T11:29:54.000Z</time>
        <extensions>
          <ns3:TrackPointExtension/>
        </extensions>
      </trkpt>
      <trkpt lat="31.9694633223116397857666015625" lon="118.8301314599812030792236328125">
        <ele>2</ele>
        <time>2021-07-08T11:29:55.000Z</time>
        <extensions>
          <ns3:TrackPointExtension>
            <ns3:hr>165</ns3:hr>
            <ns3:cad>76</ns3:cad>
          </ns3:TrackPointExtension>
        </extensions>
      </trkpt>
      <trkpt lat="31.9694442115724086761474609375" lon="118.8301314599812030792236328125">
        <ele>1.7999999523162841796875</ele>
        <time>2021-07-08T11:29:56.000Z</time>
        <extensions>
          <ns3:TrackPointExtension/>
        </extensions>
      </trkpt>
      <trkpt lat="31.96942702867090702056884765625" lon="118.83012383244931697845458984375">
        <ele>1.60000002384185791015625</ele>
        <time>2021-07-08T11:29:57.000Z</time>
        <extensions>
          <ns3:TrackPointExtension/>
        </extensions>
      </trkpt>
      <trkpt lat="31.96941177360713481903076171875" lon="118.83012383244931697845458984375">
        <ele>1.39999997615814208984375</ele>
        <time>2021-07-08T11:29:58.000Z</time>
        <extensions>
          <ns3:TrackPointExtension/>
        </extensions>
      </trkpt>
      <trkpt lat="31.96939651854336261749267578125" lon="118.83012383244931697845458984375">
        <ele>1.2000000476837158203125</ele>
        <time>2021-07-08T11:29:59.000Z</time>
        <extensions>
          <ns3:TrackPointExtension/>
        </extensions>
      </trkpt>
      <trkpt lat="31.96937941946089267730712890625" lon="118.83012383244931697845458984375">
        <ele>1</ele>
        <time>2021-07-08T11:30:00.000Z</time>
        <extensions>
          <ns3:TrackPointExtension>
            <ns3:hr>164</ns3:hr>
            <ns3:cad>75</ns3:cad>
          </ns3:TrackPointExtension>
        </extensions>
      </trkpt>
      <trkpt lat="31.96936416439712047576904296875" lon="118.83012383244931697845458984375">
        <ele>0.800000011920928955078125</ele>
        <time>2021-07-08T11:30:01.000Z</time>
        <extensions>
          <ns3:TrackPointExtension/>
        </extensions>
      </trkpt>
      <trkpt lat="31.96935075335204601287841796875" lon="118.83012383244931697845458984375">
        <ele>0.60000002384185791015625</ele>
        <time>2021-07-08T11:30:02.000Z</time>
        <extensions>
          <ns3:TrackPointExtension/>
        </extensions>
      </trkpt>
      <trkpt lat="31.96933549828827381134033203125" lon="118.83012383244931697845458984375">
        <ele>0.60000002384185791015625</ele>
        <time>2021-07-08T11:30:03.000Z</time>
        <extensions>
          <ns3:TrackPointExtension/>
        </extensions>
      </trkpt>
      <trkpt lat="31.9693221710622310638427734375" lon="118.83012383244931697845458984375">
        <ele>0.4000000059604644775390625</ele>
        <time>2021-07-08T11:30:04.000Z</time>
        <extensions>
          <ns3:TrackPointExtension/>
        </extensions>
      </trkpt>
      <trkpt lat="31.9693069159984588623046875" lon="118.83012383244931697845458984375">
        <ele>0.20000000298023223876953125</ele>
        <time>2021-07-08T11:30:05.000Z</time>
        <extensions>
          <ns3:TrackPointExtension>
            <ns3:hr>165</ns3:hr>
            <ns3:cad>76</ns3:cad>
          </ns3:TrackPointExtension>
        </extensions>
      </trkpt>
      <trkpt lat="31.96929358877241611480712890625" lon="118.830116204917430877685546875">
        <ele>0</ele>
        <time>2021-07-08T11:30:06.000Z</time>
        <extensions>
          <ns3:TrackPointExtension/>
        </extensions>
      </trkpt>
      <trkpt lat="31.96927833370864391326904296875" lon="118.830116204917430877685546875">
        <ele>0</ele>
        <time>2021-07-08T11:30:07.000Z</time>
        <extensions>
          <ns3:TrackPointExtension/>
        </extensions>
      </trkpt>
      <trkpt lat="31.969262994825839996337890625" lon="118.830116204917430877685546875">
        <ele>-0.20000000298023223876953125</ele>
        <time>2021-07-08T11:30:08.000Z</time>
        <extensions>
          <ns3:TrackPointExtension/>
        </extensions>
      </trkpt>
      <trkpt lat="31.96924589574337005615234375" lon="118.83010857738554477691650390625">
        <ele>-0.20000000298023223876953125</ele>
        <time>2021-07-08T11:30:09.000Z</time>
        <extensions>
          <ns3:TrackPointExtension/>
        </extensions>
      </trkpt>
      <trkpt lat="31.9692306406795978546142578125" lon="118.83010857738554477691650390625">
        <ele>-0.20000000298023223876953125</ele>
        <time>2021-07-08T11:30:10.000Z</time>
        <extensions>
          <ns3:TrackPointExtension>
            <ns3:hr>162</ns3:hr>
            <ns3:cad>76</ns3:cad>
          </ns3:TrackPointExtension>
        </extensions>
      </trkpt>
      <trkpt lat="31.96921345777809619903564453125" lon="118.83010857738554477691650390625">
        <ele>-0.4000000059604644775390625</ele>
        <time>2021-07-08T11:30:11.000Z</time>
        <extensions>
          <ns3:TrackPointExtension/>
        </extensions>
      </trkpt>
      <trkpt lat="31.96919627487659454345703125" lon="118.8301009498536586761474609375">
        <ele>-0.4000000059604644775390625</ele>
        <time>2021-07-08T11:30:12.000Z</time>
        <extensions>
          <ns3:TrackPointExtension/>
        </extensions>
      </trkpt>
      <trkpt lat="31.969177164137363433837890625" lon="118.83009332232177257537841796875">
        <ele>-0.4000000059604644775390625</ele>
        <time>2021-07-08T11:30:13.000Z</time>
        <extensions>
          <ns3:TrackPointExtension/>
        </extensions>
      </trkpt>
      <trkpt lat="31.96916006505489349365234375" lon="118.83009332232177257537841796875">
        <ele>-0.4000000059604644775390625</ele>
        <time>2021-07-08T11:30:14.000Z</time>
        <extensions>
          <ns3:TrackPointExtension/>
        </extensions>
      </trkpt>
      <trkpt lat="31.96914288215339183807373046875" lon="118.83009332232177257537841796875">
        <ele>-0.60000002384185791015625</ele>
        <time>2021-07-08T11:30:15.000Z</time>
        <extensions>
          <ns3:TrackPointExtension>
            <ns3:hr>165</ns3:hr>
            <ns3:cad>76</ns3:cad>
          </ns3:TrackPointExtension>
        </extensions>
      </trkpt>
      <trkpt lat="31.96912377141416072845458984375" lon="118.830085694789886474609375">
        <ele>-0.60000002384185791015625</ele>
        <time>2021-07-08T11:30:16.000Z</time>
        <extensions>
          <ns3:TrackPointExtension/>
        </extensions>
      </trkpt>
      <trkpt lat="31.969104744493961334228515625" lon="118.830085694789886474609375">
        <ele>-0.60000002384185791015625</ele>
        <time>2021-07-08T11:30:17.000Z</time>
        <extensions>
          <ns3:TrackPointExtension/>
        </extensions>
      </trkpt>
      <trkpt lat="31.96908756159245967864990234375" lon="118.830085694789886474609375">
        <ele>-0.800000011920928955078125</ele>
        <time>2021-07-08T11:30:18.000Z</time>
        <extensions>
          <ns3:TrackPointExtension/>
        </extensions>
      </trkpt>
      <trkpt lat="31.9690703786909580230712890625" lon="118.83007806725800037384033203125">
        <ele>-0.800000011920928955078125</ele>
        <time>2021-07-08T11:30:19.000Z</time>
        <extensions>
          <ns3:TrackPointExtension/>
        </extensions>
      </trkpt>
      <trkpt lat="31.96905135177075862884521484375" lon="118.83007806725800037384033203125">
        <ele>-0.800000011920928955078125</ele>
        <time>2021-07-08T11:30:20.000Z</time>
        <extensions>
          <ns3:TrackPointExtension>
            <ns3:hr>163</ns3:hr>
            <ns3:cad>75</ns3:cad>
          </ns3:TrackPointExtension>
        </extensions>
      </trkpt>
      <trkpt lat="31.9690341688692569732666015625" lon="118.8300704397261142730712890625">
        <ele>-0.800000011920928955078125</ele>
        <time>2021-07-08T11:30:21.000Z</time>
        <extensions>
          <ns3:TrackPointExtension/>
        </extensions>
      </trkpt>
      <trkpt lat="31.9690150581300258636474609375" lon="118.8300704397261142730712890625">
        <ele>-0.800000011920928955078125</ele>
        <time>2021-07-08T11:30:22.000Z</time>
        <extensions>
          <ns3:TrackPointExtension/>
        </extensions>
      </trkpt>
      <trkpt lat="31.96899787522852420806884765625" lon="118.8300704397261142730712890625">
        <ele>-0.800000011920928955078125</ele>
        <time>2021-07-08T11:30:23.000Z</time>
        <extensions>
          <ns3:TrackPointExtension/>
        </extensions>
      </trkpt>
      <trkpt lat="31.96898077614605426788330078125" lon="118.83006281219422817230224609375">
        <ele>-0.60000002384185791015625</ele>
        <time>2021-07-08T11:30:24.000Z</time>
        <extensions>
          <ns3:TrackPointExtension/>
        </extensions>
      </trkpt>
      <trkpt lat="31.96896166540682315826416015625" lon="118.83006281219422817230224609375">
        <ele>-0.4000000059604644775390625</ele>
        <time>2021-07-08T11:30:25.000Z</time>
        <extensions>
          <ns3:TrackPointExtension>
            <ns3:hr>167</ns3:hr>
            <ns3:cad>76</ns3:cad>
          </ns3:TrackPointExtension>
        </extensions>
      </trkpt>
      <trkpt lat="31.968944482505321502685546875" lon="118.83006281219422817230224609375">
        <ele>-0.20000000298023223876953125</ele>
        <time>2021-07-08T11:30:26.000Z</time>
        <extensions>
          <ns3:TrackPointExtension/>
        </extensions>
      </trkpt>
      <trkpt lat="31.9689273834228515625" lon="118.830055184662342071533203125">
        <ele>0</ele>
        <time>2021-07-08T11:30:27.000Z</time>
        <extensions>
          <ns3:TrackPointExtension/>
        </extensions>
      </trkpt>
      <trkpt lat="31.968908272683620452880859375" lon="118.830055184662342071533203125">
        <ele>0.20000000298023223876953125</ele>
        <time>2021-07-08T11:30:28.000Z</time>
        <extensions>
          <ns3:TrackPointExtension/>
        </extensions>
      </trkpt>
      <trkpt lat="31.96888916194438934326171875" lon="118.830055184662342071533203125">
        <ele>0.4000000059604644775390625</ele>
        <time>2021-07-08T11:30:29.000Z</time>
        <extensions>
          <ns3:TrackPointExtension/>
        </extensions>
      </trkpt>
      <trkpt lat="31.968872062861919403076171875" lon="118.830055184662342071533203125">
        <ele>0.60000002384185791015625</ele>
        <time>2021-07-08T11:30:30.000Z</time>
        <extensions>
          <ns3:TrackPointExtension>
            <ns3:hr>163</ns3:hr>
            <ns3:cad>76</ns3:cad>
          </ns3:TrackPointExtension>
        </extensions>
      </trkpt>
      <trkpt lat="31.96885295212268829345703125" lon="118.830055184662342071533203125">
        <ele>0.800000011920928955078125</ele>
        <time>2021-07-08T11:30:31.000Z</time>
        <extensions>
          <ns3:TrackPointExtension/>
        </extensions>
      </trkpt>
      <trkpt lat="31.96883576922118663787841796875" lon="118.830055184662342071533203125">
        <ele>1</ele>
        <time>2021-07-08T11:30:32.000Z</time>
        <extensions>
          <ns3:TrackPointExtension/>
        </extensions>
      </trkpt>
      <trkpt lat="31.96881674230098724365234375" lon="118.83004755713045597076416015625">
        <ele>1.2000000476837158203125</ele>
        <time>2021-07-08T11:30:33.000Z</time>
        <extensions>
          <ns3:TrackPointExtension/>
        </extensions>
      </trkpt>
      <trkpt lat="31.968797631561756134033203125" lon="118.83004755713045597076416015625">
        <ele>1.39999997615814208984375</ele>
        <time>2021-07-08T11:30:34.000Z</time>
        <extensions>
          <ns3:TrackPointExtension/>
        </extensions>
      </trkpt>
      <trkpt lat="31.96877860464155673980712890625" lon="118.83004755713045597076416015625">
        <ele>1.60000002384185791015625</ele>
        <time>2021-07-08T11:30:35.000Z</time>
        <extensions>
          <ns3:TrackPointExtension>
            <ns3:hr>163</ns3:hr>
            <ns3:cad>76</ns3:cad>
          </ns3:TrackPointExtension>
        </extensions>
      </trkpt>
      <trkpt lat="31.96875949390232563018798828125" lon="118.83004755713045597076416015625">
        <ele>1.7999999523162841796875</ele>
        <time>2021-07-08T11:30:36.000Z</time>
        <extensions>
          <ns3:TrackPointExtension/>
        </extensions>
      </trkpt>
      <trkpt lat="31.968742311000823974609375" lon="118.83004755713045597076416015625">
        <ele>2</ele>
        <time>2021-07-08T11:30:37.000Z</time>
        <extensions>
          <ns3:TrackPointExtension/>
        </extensions>
      </trkpt>
      <trkpt lat="31.96872328408062458038330078125" lon="118.83004755713045597076416015625">
        <ele>2.2000000476837158203125</ele>
        <time>2021-07-08T11:30:38.000Z</time>
        <extensions>
          <ns3:TrackPointExtension/>
        </extensions>
      </trkpt>
      <trkpt lat="31.96870417334139347076416015625" lon="118.83004755713045597076416015625">
        <ele>2.400000095367431640625</ele>
        <time>2021-07-08T11:30:39.000Z</time>
        <extensions>
          <ns3:TrackPointExtension/>
        </extensions>
      </trkpt>
      <trkpt lat="31.9686851464211940765380859375" lon="118.8300399295985698699951171875">
        <ele>2.599999904632568359375</ele>
        <time>2021-07-08T11:30:40.000Z</time>
        <extensions>
          <ns3:TrackPointExtension>
            <ns3:hr>166</ns3:hr>
            <ns3:cad>76</ns3:cad>
          </ns3:TrackPointExtension>
        </extensions>
      </trkpt>
      <trkpt lat="31.9686660356819629669189453125" lon="118.8300399295985698699951171875">
        <ele>2.7999999523162841796875</ele>
        <time>2021-07-08T11:30:41.000Z</time>
        <extensions>
          <ns3:TrackPointExtension/>
        </extensions>
      </trkpt>
      <trkpt lat="31.9686469249427318572998046875" lon="118.83003230206668376922607421875">
        <ele>3</ele>
        <time>2021-07-08T11:30:42.000Z</time>
        <extensions>
          <ns3:TrackPointExtension/>
        </extensions>
      </trkpt>
      <trkpt lat="31.9686298258602619171142578125" lon="118.83003230206668376922607421875">
        <ele>3.2000000476837158203125</ele>
        <time>2021-07-08T11:30:43.000Z</time>
        <extensions>
          <ns3:TrackPointExtension/>
        </extensions>
      </trkpt>
      <trkpt lat="31.9686107151210308074951171875" lon="118.83003230206668376922607421875">
        <ele>3.400000095367431640625</ele>
        <time>2021-07-08T11:30:44.000Z</time>
        <extensions>
          <ns3:TrackPointExtension/>
        </extensions>
      </trkpt>
      <trkpt lat="31.96859168820083141326904296875" lon="118.83003230206668376922607421875">
        <ele>3.599999904632568359375</ele>
        <time>2021-07-08T11:30:45.000Z</time>
        <extensions>
          <ns3:TrackPointExtension>
            <ns3:hr>167</ns3:hr>
            <ns3:cad>76</ns3:cad>
          </ns3:TrackPointExtension>
        </extensions>
      </trkpt>
      <trkpt lat="31.96857257746160030364990234375" lon="118.83002467453479766845703125">
        <ele>3.7999999523162841796875</ele>
        <time>2021-07-08T11:30:46.000Z</time>
        <extensions>
          <ns3:TrackPointExtension/>
        </extensions>
      </trkpt>
      <trkpt lat="31.96855162270367145538330078125" lon="118.83002467453479766845703125">
        <ele>4</ele>
        <time>2021-07-08T11:30:47.000Z</time>
        <extensions>
          <ns3:TrackPointExtension/>
        </extensions>
      </trkpt>
      <trkpt lat="31.96853251196444034576416015625" lon="118.83002467453479766845703125">
        <ele>4.19999980926513671875</ele>
        <time>2021-07-08T11:30:48.000Z</time>
        <extensions>
          <ns3:TrackPointExtension/>
        </extensions>
      </trkpt>
      <trkpt lat="31.9685134850442409515380859375" lon="118.83001704700291156768798828125">
        <ele>4.400000095367431640625</ele>
        <time>2021-07-08T11:30:49.000Z</time>
        <extensions>
          <ns3:TrackPointExtension/>
        </extensions>
      </trkpt>
      <trkpt lat="31.96849630214273929595947265625" lon="118.8300094194710254669189453125">
        <ele>4.599999904632568359375</ele>
        <time>2021-07-08T11:30:50.000Z</time>
        <extensions>
          <ns3:TrackPointExtension>
            <ns3:hr>169</ns3:hr>
            <ns3:cad>76</ns3:cad>
          </ns3:TrackPointExtension>
        </extensions>
      </trkpt>
      <trkpt lat="31.96847719140350818634033203125" lon="118.8300094194710254669189453125">
        <ele>4.80000019073486328125</ele>
        <time>2021-07-08T11:30:51.000Z</time>
        <extensions>
          <ns3:TrackPointExtension/>
        </extensions>
      </trkpt>
      <trkpt lat="31.96846000850200653076171875" lon="118.829994164407253265380859375">
        <ele>5</ele>
        <time>2021-07-08T11:30:52.000Z</time>
        <extensions>
          <ns3:TrackPointExtension/>
        </extensions>
      </trkpt>
      <trkpt lat="31.968442909419536590576171875" lon="118.82998653687536716461181640625">
        <ele>5</ele>
        <time>2021-07-08T11:30:53.000Z</time>
        <extensions>
          <ns3:TrackPointExtension/>
        </extensions>
      </trkpt>
      <trkpt lat="31.9684276543557643890380859375" lon="118.8299789093434810638427734375">
        <ele>5.19999980926513671875</ele>
        <time>2021-07-08T11:30:54.000Z</time>
        <extensions>
          <ns3:TrackPointExtension/>
        </extensions>
      </trkpt>
      <trkpt lat="31.9684142433106899261474609375" lon="118.8299636542797088623046875">
        <ele>5.19999980926513671875</ele>
        <time>2021-07-08T11:30:55.000Z</time>
        <extensions>
          <ns3:TrackPointExtension>
            <ns3:hr>168</ns3:hr>
            <ns3:cad>76</ns3:cad>
          </ns3:TrackPointExtension>
        </extensions>
      </trkpt>
      <trkpt lat="31.9684028439223766326904296875" lon="118.8299483992159366607666015625">
        <ele>5.19999980926513671875</ele>
        <time>2021-07-08T11:30:56.000Z</time>
        <extensions>
          <ns3:TrackPointExtension/>
        </extensions>
      </trkpt>
      <trkpt lat="31.96839136071503162384033203125" lon="118.829933144152164459228515625">
        <ele>5.19999980926513671875</ele>
        <time>2021-07-08T11:30:57.000Z</time>
        <extensions>
          <ns3:TrackPointExtension/>
        </extensions>
      </trkpt>
      <trkpt lat="31.9683837331831455230712890625" lon="118.8299178890883922576904296875">
        <ele>5.19999980926513671875</ele>
        <time>2021-07-08T11:30:58.000Z</time>
        <extensions>
          <ns3:TrackPointExtension/>
        </extensions>
      </trkpt>
      <trkpt lat="31.96837417781352996826171875" lon="118.82989500649273395538330078125">
        <ele>5.400000095367431640625</ele>
        <time>2021-07-08T11:30:59.000Z</time>
        <extensions>
          <ns3:TrackPointExtension/>
        </extensions>
      </trkpt>
      <trkpt lat="31.968368478119373321533203125" lon="118.82987975142896175384521484375">
        <ele>5.400000095367431640625</ele>
        <time>2021-07-08T11:31:00.000Z</time>
        <extensions>
          <ns3:TrackPointExtension>
            <ns3:hr>166</ns3:hr>
            <ns3:cad>76</ns3:cad>
          </ns3:TrackPointExtension>
        </extensions>
      </trkpt>
      <trkpt lat="31.96836470626294612884521484375" lon="118.8298568688333034515380859375">
        <ele>5.400000095367431640625</ele>
        <time>2021-07-08T11:31:01.000Z</time>
        <extensions>
          <ns3:TrackPointExtension/>
        </extensions>
      </trkpt>
      <trkpt lat="31.96836085058748722076416015625" lon="118.829833902418613433837890625">
        <ele>5.400000095367431640625</ele>
        <time>2021-07-08T11:31:02.000Z</time>
        <extensions>
          <ns3:TrackPointExtension/>
        </extensions>
      </trkpt>
      <trkpt lat="31.968357078731060028076171875" lon="118.8298186473548412322998046875">
        <ele>5.400000095367431640625</ele>
        <time>2021-07-08T11:31:03.000Z</time>
        <extensions>
          <ns3:TrackPointExtension/>
        </extensions>
      </trkpt>
      <trkpt lat="31.968357078731060028076171875" lon="118.82979576475918292999267578125">
        <ele>5.400000095367431640625</ele>
        <time>2021-07-08T11:31:04.000Z</time>
        <extensions>
          <ns3:TrackPointExtension/>
        </extensions>
      </trkpt>
      <trkpt lat="31.968357078731060028076171875" lon="118.829772882163524627685546875">
        <ele>5.599999904632568359375</ele>
        <time>2021-07-08T11:31:05.000Z</time>
        <extensions>
          <ns3:TrackPointExtension>
            <ns3:hr>164</ns3:hr>
            <ns3:cad>75</ns3:cad>
          </ns3:TrackPointExtension>
        </extensions>
      </trkpt>
      <trkpt lat="31.9683589227497577667236328125" lon="118.8297576270997524261474609375">
        <ele>5.599999904632568359375</ele>
        <time>2021-07-08T11:31:06.000Z</time>
        <extensions>
          <ns3:TrackPointExtension/>
        </extensions>
      </trkpt>
      <trkpt lat="31.96836085058748722076416015625" lon="118.82973474450409412384033203125">
        <ele>5.599999904632568359375</ele>
        <time>2021-07-08T11:31:07.000Z</time>
        <extensions>
          <ns3:TrackPointExtension/>
        </extensions>
      </trkpt>
      <trkpt lat="31.9683627784252166748046875" lon="118.829711861908435821533203125">
        <ele>5.80000019073486328125</ele>
        <time>2021-07-08T11:31:08.000Z</time>
        <extensions>
          <ns3:TrackPointExtension/>
        </extensions>
      </trkpt>
      <trkpt lat="31.96836655028164386749267578125" lon="118.8296966068446636199951171875">
        <ele>5.80000019073486328125</ele>
        <time>2021-07-08T11:31:09.000Z</time>
        <extensions>
          <ns3:TrackPointExtension/>
        </extensions>
      </trkpt>
      <trkpt lat="31.96837040595710277557373046875" lon="118.82967372424900531768798828125">
        <ele>6</ele>
        <time>2021-07-08T11:31:10.000Z</time>
        <extensions>
          <ns3:TrackPointExtension>
            <ns3:hr>167</ns3:hr>
            <ns3:cad>75</ns3:cad>
          </ns3:TrackPointExtension>
        </extensions>
      </trkpt>
      <trkpt lat="31.96837417781352996826171875" lon="118.82965846918523311614990234375">
        <ele>6.19999980926513671875</ele>
        <time>2021-07-08T11:31:11.000Z</time>
        <extensions>
          <ns3:TrackPointExtension/>
        </extensions>
      </trkpt>
      <trkpt lat="31.96837996132671833038330078125" lon="118.8296355865895748138427734375">
        <ele>6.19999980926513671875</ele>
        <time>2021-07-08T11:31:12.000Z</time>
        <extensions>
          <ns3:TrackPointExtension/>
        </extensions>
      </trkpt>
      <trkpt lat="31.9683837331831455230712890625" lon="118.8296203315258026123046875">
        <ele>6.400000095367431640625</ele>
        <time>2021-07-08T11:31:13.000Z</time>
        <extensions>
          <ns3:TrackPointExtension/>
        </extensions>
      </trkpt>
      <trkpt lat="31.96839136071503162384033203125" lon="118.82959744893014430999755859375">
        <ele>6.599999904632568359375</ele>
        <time>2021-07-08T11:31:14.000Z</time>
        <extensions>
          <ns3:TrackPointExtension/>
        </extensions>
      </trkpt>
      <trkpt lat="31.96839521639049053192138671875" lon="118.82958219386637210845947265625">
        <ele>6.599999904632568359375</ele>
        <time>2021-07-08T11:31:15.000Z</time>
        <extensions>
          <ns3:TrackPointExtension>
            <ns3:hr>166</ns3:hr>
            <ns3:cad>75</ns3:cad>
          </ns3:TrackPointExtension>
        </extensions>
      </trkpt>
      <trkpt lat="31.96840091608464717864990234375" lon="118.82955931127071380615234375">
        <ele>6.80000019073486328125</ele>
        <time>2021-07-08T11:31:16.000Z</time>
        <extensions>
          <ns3:TrackPointExtension/>
        </extensions>
      </trkpt>
      <trkpt lat="31.968404687941074371337890625" lon="118.8295440562069416046142578125">
        <ele>7</ele>
        <time>2021-07-08T11:31:17.000Z</time>
        <extensions>
          <ns3:TrackPointExtension/>
        </extensions>
      </trkpt>
      <trkpt lat="31.96841047145426273345947265625" lon="118.82952117361128330230712890625">
        <ele>7</ele>
        <time>2021-07-08T11:31:18.000Z</time>
        <extensions>
          <ns3:TrackPointExtension/>
        </extensions>
      </trkpt>
      <trkpt lat="31.96841617114841938018798828125" lon="118.82950591854751110076904296875">
        <ele>7.19999980926513671875</ele>
        <time>2021-07-08T11:31:19.000Z</time>
        <extensions>
          <ns3:TrackPointExtension/>
        </extensions>
      </trkpt>
      <trkpt lat="31.96842187084257602691650390625" lon="118.82948295213282108306884765625">
        <ele>7.19999980926513671875</ele>
        <time>2021-07-08T11:31:20.000Z</time>
        <extensions>
          <ns3:TrackPointExtension>
            <ns3:hr>166</ns3:hr>
            <ns3:cad>75</ns3:cad>
          </ns3:TrackPointExtension>
        </extensions>
      </trkpt>
      <trkpt lat="31.968429498374462127685546875" lon="118.82946769706904888153076171875">
        <ele>7.400000095367431640625</ele>
        <time>2021-07-08T11:31:21.000Z</time>
        <extensions>
          <ns3:TrackPointExtension/>
        </extensions>
      </trkpt>
      <trkpt lat="31.96843712590634822845458984375" lon="118.8294448144733905792236328125">
        <ele>7.599999904632568359375</ele>
        <time>2021-07-08T11:31:22.000Z</time>
        <extensions>
          <ns3:TrackPointExtension/>
        </extensions>
      </trkpt>
      <trkpt lat="31.968442909419536590576171875" lon="118.829429559409618377685546875">
        <ele>7.599999904632568359375</ele>
        <time>2021-07-08T11:31:23.000Z</time>
        <extensions>
          <ns3:TrackPointExtension/>
        </extensions>
      </trkpt>
      <trkpt lat="31.96845053695142269134521484375" lon="118.82940667681396007537841796875">
        <ele>7.80000019073486328125</ele>
        <time>2021-07-08T11:31:24.000Z</time>
        <extensions>
          <ns3:TrackPointExtension/>
        </extensions>
      </trkpt>
      <trkpt lat="31.9684581644833087921142578125" lon="118.82939142175018787384033203125">
        <ele>8</ele>
        <time>2021-07-08T11:31:25.000Z</time>
        <extensions>
          <ns3:TrackPointExtension>
            <ns3:hr>168</ns3:hr>
            <ns3:cad>75</ns3:cad>
          </ns3:TrackPointExtension>
        </extensions>
      </trkpt>
      <trkpt lat="31.96846579201519489288330078125" lon="118.829368539154529571533203125">
        <ele>8.19999980926513671875</ele>
        <time>2021-07-08T11:31:26.000Z</time>
        <extensions>
          <ns3:TrackPointExtension/>
        </extensions>
      </trkpt>
      <trkpt lat="31.96847341954708099365234375" lon="118.82934565655887126922607421875">
        <ele>8.19999980926513671875</ele>
        <time>2021-07-08T11:31:27.000Z</time>
        <extensions>
          <ns3:TrackPointExtension/>
        </extensions>
      </trkpt>
      <trkpt lat="31.968479119241237640380859375" lon="118.82933040149509906768798828125">
        <ele>8.3999996185302734375</ele>
        <time>2021-07-08T11:31:28.000Z</time>
        <extensions>
          <ns3:TrackPointExtension/>
        </extensions>
      </trkpt>
      <trkpt lat="31.968484818935394287109375" lon="118.829307518899440765380859375">
        <ele>8.3999996185302734375</ele>
        <time>2021-07-08T11:31:29.000Z</time>
        <extensions>
          <ns3:TrackPointExtension/>
        </extensions>
      </trkpt>
      <trkpt lat="31.9684886746108531951904296875" lon="118.82928463630378246307373046875">
        <ele>8.6000003814697265625</ele>
        <time>2021-07-08T11:31:30.000Z</time>
        <extensions>
          <ns3:TrackPointExtension>
            <ns3:hr>167</ns3:hr>
            <ns3:cad>75</ns3:cad>
          </ns3:TrackPointExtension>
        </extensions>
      </trkpt>
      <trkpt lat="31.968490518629550933837890625" lon="118.8292617537081241607666015625">
        <ele>8.6000003814697265625</ele>
        <time>2021-07-08T11:31:31.000Z</time>
        <extensions>
          <ns3:TrackPointExtension/>
        </extensions>
      </trkpt>
      <trkpt lat="31.9684943743050098419189453125" lon="118.82923887111246585845947265625">
        <ele>8.6000003814697265625</ele>
        <time>2021-07-08T11:31:32.000Z</time>
        <extensions>
          <ns3:TrackPointExtension/>
        </extensions>
      </trkpt>
      <trkpt lat="31.96849630214273929595947265625" lon="118.82921598851680755615234375">
        <ele>8.3999996185302734375</ele>
        <time>2021-07-08T11:31:33.000Z</time>
        <extensions>
          <ns3:TrackPointExtension/>
        </extensions>
      </trkpt>
      <trkpt lat="31.96849822998046875" lon="118.82919310592114925384521484375">
        <ele>8.3999996185302734375</ele>
        <time>2021-07-08T11:31:34.000Z</time>
        <extensions>
          <ns3:TrackPointExtension/>
        </extensions>
      </trkpt>
      <trkpt lat="31.96849822998046875" lon="118.8291702233254909515380859375">
        <ele>8.3999996185302734375</ele>
        <time>2021-07-08T11:31:35.000Z</time>
        <extensions>
          <ns3:TrackPointExtension>
            <ns3:hr>167</ns3:hr>
            <ns3:cad>75</ns3:cad>
          </ns3:TrackPointExtension>
        </extensions>
      </trkpt>
      <trkpt lat="31.96849822998046875" lon="118.829147256910800933837890625">
        <ele>8.19999980926513671875</ele>
        <time>2021-07-08T11:31:36.000Z</time>
        <extensions>
          <ns3:TrackPointExtension/>
        </extensions>
      </trkpt>
      <trkpt lat="31.96849822998046875" lon="118.82912437431514263153076171875">
        <ele>8.19999980926513671875</ele>
        <time>2021-07-08T11:31:37.000Z</time>
        <extensions>
          <ns3:TrackPointExtension/>
        </extensions>
      </trkpt>
      <trkpt lat="31.96849630214273929595947265625" lon="118.82909386418759822845458984375">
        <ele>8</ele>
        <time>2021-07-08T11:31:38.000Z</time>
        <extensions>
          <ns3:TrackPointExtension/>
        </extensions>
      </trkpt>
      <trkpt lat="31.9684943743050098419189453125" lon="118.8290709815919399261474609375">
        <ele>8</ele>
        <time>2021-07-08T11:31:39.000Z</time>
        <extensions>
          <ns3:TrackPointExtension/>
        </extensions>
      </trkpt>
      <trkpt lat="31.96849244646728038787841796875" lon="118.82904809899628162384033203125">
        <ele>8</ele>
        <time>2021-07-08T11:31:40.000Z</time>
        <extensions>
          <ns3:TrackPointExtension>
            <ns3:hr>166</ns3:hr>
            <ns3:cad>75</ns3:cad>
          </ns3:TrackPointExtension>
        </extensions>
      </trkpt>
      <trkpt lat="31.968490518629550933837890625" lon="118.829025216400623321533203125">
        <ele>7.80000019073486328125</ele>
        <time>2021-07-08T11:31:41.000Z</time>
        <extensions>
          <ns3:TrackPointExtension/>
        </extensions>
      </trkpt>
      <trkpt lat="31.96848674677312374114990234375" lon="118.82900233380496501922607421875">
        <ele>7.80000019073486328125</ele>
        <time>2021-07-08T11:31:42.000Z</time>
        <extensions>
          <ns3:TrackPointExtension/>
        </extensions>
      </trkpt>
      <trkpt lat="31.96848289109766483306884765625" lon="118.8289794512093067169189453125">
        <ele>7.80000019073486328125</ele>
        <time>2021-07-08T11:31:43.000Z</time>
        <extensions>
          <ns3:TrackPointExtension/>
        </extensions>
      </trkpt>
      <trkpt lat="31.96847719140350818634033203125" lon="118.828964196145534515380859375">
        <ele>7.80000019073486328125</ele>
        <time>2021-07-08T11:31:44.000Z</time>
        <extensions>
          <ns3:TrackPointExtension/>
        </extensions>
      </trkpt>
      <trkpt lat="31.96847149170935153961181640625" lon="118.82894131354987621307373046875">
        <ele>7.599999904632568359375</ele>
        <time>2021-07-08T11:31:45.000Z</time>
        <extensions>
          <ns3:TrackPointExtension>
            <ns3:hr>165</ns3:hr>
            <ns3:cad>75</ns3:cad>
          </ns3:TrackPointExtension>
        </extensions>
      </trkpt>
      <trkpt lat="31.9684638641774654388427734375" lon="118.8289184309542179107666015625">
        <ele>7.599999904632568359375</ele>
        <time>2021-07-08T11:31:46.000Z</time>
        <extensions>
          <ns3:TrackPointExtension/>
        </extensions>
      </trkpt>
      <trkpt lat="31.96845623664557933807373046875" lon="118.828903175890445709228515625">
        <ele>7.400000095367431640625</ele>
        <time>2021-07-08T11:31:47.000Z</time>
        <extensions>
          <ns3:TrackPointExtension/>
        </extensions>
      </trkpt>
      <trkpt lat="31.96844668127596378326416015625" lon="118.8288879208266735076904296875">
        <ele>7.400000095367431640625</ele>
        <time>2021-07-08T11:31:48.000Z</time>
        <extensions>
          <ns3:TrackPointExtension/>
        </extensions>
      </trkpt>
      <trkpt lat="31.96843712590634822845458984375" lon="118.82886503823101520538330078125">
        <ele>7.19999980926513671875</ele>
        <time>2021-07-08T11:31:49.000Z</time>
        <extensions>
          <ns3:TrackPointExtension/>
        </extensions>
      </trkpt>
      <trkpt lat="31.96842572651803493499755859375" lon="118.82884978316724300384521484375">
        <ele>7.19999980926513671875</ele>
        <time>2021-07-08T11:31:50.000Z</time>
        <extensions>
          <ns3:TrackPointExtension>
            <ns3:hr>162</ns3:hr>
            <ns3:cad>75</ns3:cad>
          </ns3:TrackPointExtension>
        </extensions>
      </trkpt>
      <trkpt lat="31.9684142433106899261474609375" lon="118.82883452810347080230712890625">
        <ele>7.19999980926513671875</ele>
        <time>2021-07-08T11:31:51.000Z</time>
        <extensions>
          <ns3:TrackPointExtension/>
        </extensions>
      </trkpt>
      <trkpt lat="31.9684028439223766326904296875" lon="118.8288269005715847015380859375">
        <ele>7.19999980926513671875</ele>
        <time>2021-07-08T11:31:52.000Z</time>
        <extensions>
          <ns3:TrackPointExtension/>
        </extensions>
      </trkpt>
      <trkpt lat="31.9683894328773021697998046875" lon="118.8288116455078125">
        <ele>7</ele>
        <time>2021-07-08T11:31:53.000Z</time>
        <extensions>
          <ns3:TrackPointExtension/>
        </extensions>
      </trkpt>
      <trkpt lat="31.9683780334889888763427734375" lon="118.82879630662500858306884765625">
        <ele>7</ele>
        <time>2021-07-08T11:31:54.000Z</time>
        <extensions>
          <ns3:TrackPointExtension/>
        </extensions>
      </trkpt>
      <trkpt lat="31.96836470626294612884521484375" lon="118.82878105156123638153076171875">
        <ele>7</ele>
        <time>2021-07-08T11:31:55.000Z</time>
        <extensions>
          <ns3:TrackPointExtension>
            <ns3:hr>165</ns3:hr>
            <ns3:cad>75</ns3:cad>
          </ns3:TrackPointExtension>
        </extensions>
      </trkpt>
      <trkpt lat="31.96835129521787166595458984375" lon="118.82877342402935028076171875">
        <ele>7</ele>
        <time>2021-07-08T11:31:56.000Z</time>
        <extensions>
          <ns3:TrackPointExtension/>
        </extensions>
      </trkpt>
      <trkpt lat="31.96833796799182891845703125" lon="118.8287581689655780792236328125">
        <ele>6.80000019073486328125</ele>
        <time>2021-07-08T11:31:57.000Z</time>
        <extensions>
          <ns3:TrackPointExtension/>
        </extensions>
      </trkpt>
      <trkpt lat="31.96832464076578617095947265625" lon="118.828742913901805877685546875">
        <ele>6.80000019073486328125</ele>
        <time>2021-07-08T11:31:58.000Z</time>
        <extensions>
          <ns3:TrackPointExtension/>
        </extensions>
      </trkpt>
      <trkpt lat="31.96831122972071170806884765625" lon="118.8287276588380336761474609375">
        <ele>6.80000019073486328125</ele>
        <time>2021-07-08T11:31:59.000Z</time>
        <extensions>
          <ns3:TrackPointExtension/>
        </extensions>
      </trkpt>
      <trkpt lat="31.96829597465693950653076171875" lon="118.82872003130614757537841796875">
        <ele>6.80000019073486328125</ele>
        <time>2021-07-08T11:32:00.000Z</time>
        <extensions>
          <ns3:TrackPointExtension>
            <ns3:hr>167</ns3:hr>
            <ns3:cad>75</ns3:cad>
          </ns3:TrackPointExtension>
        </extensions>
      </trkpt>
      <trkpt lat="31.96828457526862621307373046875" lon="118.82870477624237537384033203125">
        <ele>6.599999904632568359375</ele>
        <time>2021-07-08T11:32:01.000Z</time>
        <extensions>
          <ns3:TrackPointExtension/>
        </extensions>
      </trkpt>
      <trkpt lat="31.96826932020485401153564453125" lon="118.82868952117860317230224609375">
        <ele>6.599999904632568359375</ele>
        <time>2021-07-08T11:32:02.000Z</time>
        <extensions>
          <ns3:TrackPointExtension/>
        </extensions>
      </trkpt>
      <trkpt lat="31.9682559929788112640380859375" lon="118.828681893646717071533203125">
        <ele>6.599999904632568359375</ele>
        <time>2021-07-08T11:32:03.000Z</time>
        <extensions>
          <ns3:TrackPointExtension/>
        </extensions>
      </trkpt>
      <trkpt lat="31.9682407379150390625" lon="118.8286666385829448699951171875">
        <ele>6.599999904632568359375</ele>
        <time>2021-07-08T11:32:04.000Z</time>
        <extensions>
          <ns3:TrackPointExtension/>
        </extensions>
      </trkpt>
      <trkpt lat="31.968227326869964599609375" lon="118.82865138351917266845703125">
        <ele>6.599999904632568359375</ele>
        <time>2021-07-08T11:32:05.000Z</time>
        <extensions>
          <ns3:TrackPointExtension>
            <ns3:hr>165</ns3:hr>
            <ns3:cad>75</ns3:cad>
          </ns3:TrackPointExtension>
        </extensions>
      </trkpt>
      <trkpt lat="31.9682120718061923980712890625" lon="118.82864375598728656768798828125">
        <ele>6.599999904632568359375</ele>
        <time>2021-07-08T11:32:06.000Z</time>
        <extensions>
          <ns3:TrackPointExtension/>
        </extensions>
      </trkpt>
      <trkpt lat="31.96819874458014965057373046875" lon="118.82862850092351436614990234375">
        <ele>6.599999904632568359375</ele>
        <time>2021-07-08T11:32:07.000Z</time>
        <extensions>
          <ns3:TrackPointExtension/>
        </extensions>
      </trkpt>
      <trkpt lat="31.968185417354106903076171875" lon="118.828620873391628265380859375">
        <ele>6.80000019073486328125</ele>
        <time>2021-07-08T11:32:08.000Z</time>
        <extensions>
          <ns3:TrackPointExtension/>
        </extensions>
      </trkpt>
      <trkpt lat="31.968172006309032440185546875" lon="118.8286056183278560638427734375">
        <ele>6.599999904632568359375</ele>
        <time>2021-07-08T11:32:09.000Z</time>
        <extensions>
          <ns3:TrackPointExtension/>
        </extensions>
      </trkpt>
      <trkpt lat="31.9681567512452602386474609375" lon="118.8285903632640838623046875">
        <ele>6.599999904632568359375</ele>
        <time>2021-07-08T11:32:10.000Z</time>
        <extensions>
          <ns3:TrackPointExtension>
            <ns3:hr>166</ns3:hr>
            <ns3:cad>75</ns3:cad>
          </ns3:TrackPointExtension>
        </extensions>
      </trkpt>
      <trkpt lat="31.9681453518569469451904296875" lon="118.82858273573219776153564453125">
        <ele>6.599999904632568359375</ele>
        <time>2021-07-08T11:32:11.000Z</time>
        <extensions>
          <ns3:TrackPointExtension/>
        </extensions>
      </trkpt>
      <trkpt lat="31.9681319408118724822998046875" lon="118.82856748066842555999755859375">
        <ele>6.599999904632568359375</ele>
        <time>2021-07-08T11:32:12.000Z</time>
        <extensions>
          <ns3:TrackPointExtension/>
        </extensions>
      </trkpt>
      <trkpt lat="31.96811861358582973480224609375" lon="118.82855222560465335845947265625">
        <ele>6.400000095367431640625</ele>
        <time>2021-07-08T11:32:13.000Z</time>
        <extensions>
          <ns3:TrackPointExtension/>
        </extensions>
      </trkpt>
      <trkpt lat="31.96810721419751644134521484375" lon="118.82853697054088115692138671875">
        <ele>6.400000095367431640625</ele>
        <time>2021-07-08T11:32:14.000Z</time>
        <extensions>
          <ns3:TrackPointExtension/>
        </extensions>
      </trkpt>
      <trkpt lat="31.96809380315244197845458984375" lon="118.82852171547710895538330078125">
        <ele>6.400000095367431640625</ele>
        <time>2021-07-08T11:32:15.000Z</time>
        <extensions>
          <ns3:TrackPointExtension>
            <ns3:hr>168</ns3:hr>
            <ns3:cad>75</ns3:cad>
          </ns3:TrackPointExtension>
        </extensions>
      </trkpt>
      <trkpt lat="31.9680843316018581390380859375" lon="118.82850646041333675384521484375">
        <ele>6.19999980926513671875</ele>
        <time>2021-07-08T11:32:16.000Z</time>
        <extensions>
          <ns3:TrackPointExtension/>
        </extensions>
      </trkpt>
      <trkpt lat="31.9680709205567836761474609375" lon="118.828498832881450653076171875">
        <ele>6.19999980926513671875</ele>
        <time>2021-07-08T11:32:17.000Z</time>
        <extensions>
          <ns3:TrackPointExtension/>
        </extensions>
      </trkpt>
      <trkpt lat="31.9680595211684703826904296875" lon="118.8284835778176784515380859375">
        <ele>6.19999980926513671875</ele>
        <time>2021-07-08T11:32:18.000Z</time>
        <extensions>
          <ns3:TrackPointExtension/>
        </extensions>
      </trkpt>
      <trkpt lat="31.96804803796112537384033203125" lon="118.82846832275390625">
        <ele>6.19999980926513671875</ele>
        <time>2021-07-08T11:32:19.000Z</time>
        <extensions>
          <ns3:TrackPointExtension/>
        </extensions>
      </trkpt>
      <trkpt lat="31.96803663857281208038330078125" lon="118.82845298387110233306884765625">
        <ele>6.19999980926513671875</ele>
        <time>2021-07-08T11:32:20.000Z</time>
        <extensions>
          <ns3:TrackPointExtension>
            <ns3:hr>168</ns3:hr>
            <ns3:cad>75</ns3:cad>
          </ns3:TrackPointExtension>
        </extensions>
      </trkpt>
      <trkpt lat="31.968025155365467071533203125" lon="118.82843772880733013153076171875">
        <ele>6</ele>
        <time>2021-07-08T11:32:21.000Z</time>
        <extensions>
          <ns3:TrackPointExtension/>
        </extensions>
      </trkpt>
      <trkpt lat="31.968013755977153778076171875" lon="118.82842247374355792999267578125">
        <ele>6</ele>
        <time>2021-07-08T11:32:22.000Z</time>
        <extensions>
          <ns3:TrackPointExtension/>
        </extensions>
      </trkpt>
      <trkpt lat="31.96800227276980876922607421875" lon="118.82840721867978572845458984375">
        <ele>6</ele>
        <time>2021-07-08T11:32:23.000Z</time>
        <extensions>
          <ns3:TrackPointExtension/>
        </extensions>
      </trkpt>
      <trkpt lat="31.96799271740019321441650390625" lon="118.82839196361601352691650390625">
        <ele>6.19999980926513671875</ele>
        <time>2021-07-08T11:32:24.000Z</time>
        <extensions>
          <ns3:TrackPointExtension/>
        </extensions>
      </trkpt>
      <trkpt lat="31.96798131801187992095947265625" lon="118.82837670855224132537841796875">
        <ele>6.19999980926513671875</ele>
        <time>2021-07-08T11:32:25.000Z</time>
        <extensions>
          <ns3:TrackPointExtension>
            <ns3:hr>164</ns3:hr>
            <ns3:cad>75</ns3:cad>
          </ns3:TrackPointExtension>
        </extensions>
      </trkpt>
      <trkpt lat="31.967969834804534912109375" lon="118.82836145348846912384033203125">
        <ele>6.19999980926513671875</ele>
        <time>2021-07-08T11:32:26.000Z</time>
        <extensions>
          <ns3:TrackPointExtension/>
        </extensions>
      </trkpt>
      <trkpt lat="31.96795843541622161865234375" lon="118.82834619842469692230224609375">
        <ele>6.19999980926513671875</ele>
        <time>2021-07-08T11:32:27.000Z</time>
        <extensions>
          <ns3:TrackPointExtension/>
        </extensions>
      </trkpt>
      <trkpt lat="31.9679488800466060638427734375" lon="118.82833094336092472076416015625">
        <ele>6.400000095367431640625</ele>
        <time>2021-07-08T11:32:28.000Z</time>
        <extensions>
          <ns3:TrackPointExtension/>
        </extensions>
      </trkpt>
      <trkpt lat="31.967939324676990509033203125" lon="118.82830806076526641845703125">
        <ele>6.400000095367431640625</ele>
        <time>2021-07-08T11:32:29.000Z</time>
        <extensions>
          <ns3:TrackPointExtension/>
        </extensions>
      </trkpt>
      <trkpt lat="31.9679297693073749542236328125" lon="118.8282928057014942169189453125">
        <ele>6.400000095367431640625</ele>
        <time>2021-07-08T11:32:30.000Z</time>
        <extensions>
          <ns3:TrackPointExtension>
            <ns3:hr>165</ns3:hr>
            <ns3:cad>75</ns3:cad>
          </ns3:TrackPointExtension>
        </extensions>
      </trkpt>
      <trkpt lat="31.9679183699190616607666015625" lon="118.828277550637722015380859375">
        <ele>6.599999904632568359375</ele>
        <time>2021-07-08T11:32:31.000Z</time>
        <extensions>
          <ns3:TrackPointExtension/>
        </extensions>
      </trkpt>
      <trkpt lat="31.96791074238717555999755859375" lon="118.82825466804206371307373046875">
        <ele>6.599999904632568359375</ele>
        <time>2021-07-08T11:32:32.000Z</time>
        <extensions>
          <ns3:TrackPointExtension/>
        </extensions>
      </trkpt>
      <trkpt lat="31.96790118701756000518798828125" lon="118.82823941297829151153564453125">
        <ele>6.599999904632568359375</ele>
        <time>2021-07-08T11:32:33.000Z</time>
        <extensions>
          <ns3:TrackPointExtension/>
        </extensions>
      </trkpt>
      <trkpt lat="31.96789163164794445037841796875" lon="118.828216530382633209228515625">
        <ele>6.599999904632568359375</ele>
        <time>2021-07-08T11:32:34.000Z</time>
        <extensions>
          <ns3:TrackPointExtension/>
        </extensions>
      </trkpt>
      <trkpt lat="31.96788207627832889556884765625" lon="118.8282012753188610076904296875">
        <ele>6.80000019073486328125</ele>
        <time>2021-07-08T11:32:35.000Z</time>
        <extensions>
          <ns3:TrackPointExtension>
            <ns3:hr>168</ns3:hr>
            <ns3:cad>75</ns3:cad>
          </ns3:TrackPointExtension>
        </extensions>
      </trkpt>
      <trkpt lat="31.9678744487464427947998046875" lon="118.82817839272320270538330078125">
        <ele>6.80000019073486328125</ele>
        <time>2021-07-08T11:32:36.000Z</time>
        <extensions>
          <ns3:TrackPointExtension/>
        </extensions>
      </trkpt>
      <trkpt lat="31.96786497719585895538330078125" lon="118.82816313765943050384521484375">
        <ele>6.80000019073486328125</ele>
        <time>2021-07-08T11:32:37.000Z</time>
        <extensions>
          <ns3:TrackPointExtension/>
        </extensions>
      </trkpt>
      <trkpt lat="31.9678573496639728546142578125" lon="118.82814788259565830230712890625">
        <ele>6.80000019073486328125</ele>
        <time>2021-07-08T11:32:38.000Z</time>
        <extensions>
          <ns3:TrackPointExtension/>
        </extensions>
      </trkpt>
      <trkpt lat="31.96785156615078449249267578125" lon="118.828125">
        <ele>6.80000019073486328125</ele>
        <time>2021-07-08T11:32:39.000Z</time>
        <extensions>
          <ns3:TrackPointExtension/>
        </extensions>
      </trkpt>
      <trkpt lat="31.9678439386188983917236328125" lon="118.82810966111719608306884765625">
        <ele>6.599999904632568359375</ele>
        <time>2021-07-08T11:32:40.000Z</time>
        <extensions>
          <ns3:TrackPointExtension>
            <ns3:hr>165</ns3:hr>
            <ns3:cad>75</ns3:cad>
          </ns3:TrackPointExtension>
        </extensions>
      </trkpt>
      <trkpt lat="31.9678382389247417449951171875" lon="118.82808677852153778076171875">
        <ele>6.599999904632568359375</ele>
        <time>2021-07-08T11:32:41.000Z</time>
        <extensions>
          <ns3:TrackPointExtension/>
        </extensions>
      </trkpt>
      <trkpt lat="31.96783061139285564422607421875" lon="118.82806389592587947845458984375">
        <ele>6.400000095367431640625</ele>
        <time>2021-07-08T11:32:42.000Z</time>
        <extensions>
          <ns3:TrackPointExtension/>
        </extensions>
      </trkpt>
      <trkpt lat="31.96782491169869899749755859375" lon="118.82804864086210727691650390625">
        <ele>6.400000095367431640625</ele>
        <time>2021-07-08T11:32:43.000Z</time>
        <extensions>
          <ns3:TrackPointExtension/>
        </extensions>
      </trkpt>
      <trkpt lat="31.96782105602324008941650390625" lon="118.828025758266448974609375">
        <ele>6.400000095367431640625</ele>
        <time>2021-07-08T11:32:44.000Z</time>
        <extensions>
          <ns3:TrackPointExtension/>
        </extensions>
      </trkpt>
      <trkpt lat="31.967817284166812896728515625" lon="118.8280105032026767730712890625">
        <ele>6.400000095367431640625</ele>
        <time>2021-07-08T11:32:45.000Z</time>
        <extensions>
          <ns3:TrackPointExtension>
            <ns3:hr>166</ns3:hr>
            <ns3:cad>75</ns3:cad>
          </ns3:TrackPointExtension>
        </extensions>
      </trkpt>
      <trkpt lat="31.9678134284913539886474609375" lon="118.82798762060701847076416015625">
        <ele>6.400000095367431640625</ele>
        <time>2021-07-08T11:32:46.000Z</time>
        <extensions>
          <ns3:TrackPointExtension/>
        </extensions>
      </trkpt>
      <trkpt lat="31.96780965663492679595947265625" lon="118.82796473801136016845703125">
        <ele>6.19999980926513671875</ele>
        <time>2021-07-08T11:32:47.000Z</time>
        <extensions>
          <ns3:TrackPointExtension/>
        </extensions>
      </trkpt>
      <trkpt lat="31.9678077287971973419189453125" lon="118.82794185541570186614990234375">
        <ele>6.19999980926513671875</ele>
        <time>2021-07-08T11:32:48.000Z</time>
        <extensions>
          <ns3:TrackPointExtension/>
        </extensions>
      </trkpt>
      <trkpt lat="31.96780580095946788787841796875" lon="118.82792660035192966461181640625">
        <ele>6.19999980926513671875</ele>
        <time>2021-07-08T11:32:49.000Z</time>
        <extensions>
          <ns3:TrackPointExtension/>
        </extensions>
      </trkpt>
      <trkpt lat="31.96780580095946788787841796875" lon="118.8279037177562713623046875">
        <ele>6.19999980926513671875</ele>
        <time>2021-07-08T11:32:50.000Z</time>
        <extensions>
          <ns3:TrackPointExtension>
            <ns3:hr>166</ns3:hr>
            <ns3:cad>75</ns3:cad>
          </ns3:TrackPointExtension>
        </extensions>
      </trkpt>
      <trkpt lat="31.967803873121738433837890625" lon="118.82788083516061305999755859375">
        <ele>6.19999980926513671875</ele>
        <time>2021-07-08T11:32:51.000Z</time>
        <extensions>
          <ns3:TrackPointExtension/>
        </extensions>
      </trkpt>
      <trkpt lat="31.967803873121738433837890625" lon="118.82786558009684085845947265625">
        <ele>6.19999980926513671875</ele>
        <time>2021-07-08T11:32:52.000Z</time>
        <extensions>
          <ns3:TrackPointExtension/>
        </extensions>
      </trkpt>
      <trkpt lat="31.9678020291030406951904296875" lon="118.82784269750118255615234375">
        <ele>6.19999980926513671875</ele>
        <time>2021-07-08T11:32:53.000Z</time>
        <extensions>
          <ns3:TrackPointExtension/>
        </extensions>
      </trkpt>
      <trkpt lat="31.9678020291030406951904296875" lon="118.82781981490552425384521484375">
        <ele>6.19999980926513671875</ele>
        <time>2021-07-08T11:32:54.000Z</time>
        <extensions>
          <ns3:TrackPointExtension/>
        </extensions>
      </trkpt>
      <trkpt lat="31.96780010126531124114990234375" lon="118.8277969323098659515380859375">
        <ele>6.19999980926513671875</ele>
        <time>2021-07-08T11:32:55.000Z</time>
        <extensions>
          <ns3:TrackPointExtension>
            <ns3:hr>165</ns3:hr>
            <ns3:cad>75</ns3:cad>
          </ns3:TrackPointExtension>
        </extensions>
      </trkpt>
      <trkpt lat="31.96780010126531124114990234375" lon="118.82778167724609375">
        <ele>6.19999980926513671875</ele>
        <time>2021-07-08T11:32:56.000Z</time>
        <extensions>
          <ns3:TrackPointExtension/>
        </extensions>
      </trkpt>
      <trkpt lat="31.96780010126531124114990234375" lon="118.8277587108314037322998046875">
        <ele>6.19999980926513671875</ele>
        <time>2021-07-08T11:32:57.000Z</time>
        <extensions>
          <ns3:TrackPointExtension/>
        </extensions>
      </trkpt>
      <trkpt lat="31.967798173427581787109375" lon="118.82773582823574542999267578125">
        <ele>6</ele>
        <time>2021-07-08T11:32:58.000Z</time>
        <extensions>
          <ns3:TrackPointExtension/>
        </extensions>
      </trkpt>
      <trkpt lat="31.96780010126531124114990234375" lon="118.82772057317197322845458984375">
        <ele>6</ele>
        <time>2021-07-08T11:32:59.000Z</time>
        <extensions>
          <ns3:TrackPointExtension/>
        </extensions>
      </trkpt>
      <trkpt lat="31.96780010126531124114990234375" lon="118.8276976905763149261474609375">
        <ele>5.80000019073486328125</ele>
        <time>2021-07-08T11:33:00.000Z</time>
        <extensions>
          <ns3:TrackPointExtension>
            <ns3:hr>163</ns3:hr>
            <ns3:cad>75</ns3:cad>
          </ns3:TrackPointExtension>
        </extensions>
      </trkpt>
      <trkpt lat="31.9678020291030406951904296875" lon="118.82767480798065662384033203125">
        <ele>5.599999904632568359375</ele>
        <time>2021-07-08T11:33:01.000Z</time>
        <extensions>
          <ns3:TrackPointExtension/>
        </extensions>
      </trkpt>
      <trkpt lat="31.967803873121738433837890625" lon="118.82765955291688442230224609375">
        <ele>5.400000095367431640625</ele>
        <time>2021-07-08T11:33:02.000Z</time>
        <extensions>
          <ns3:TrackPointExtension/>
        </extensions>
      </trkpt>
      <trkpt lat="31.9678077287971973419189453125" lon="118.8276366703212261199951171875">
        <ele>5.400000095367431640625</ele>
        <time>2021-07-08T11:33:03.000Z</time>
        <extensions>
          <ns3:TrackPointExtension/>
        </extensions>
      </trkpt>
      <trkpt lat="31.96781158447265625" lon="118.82762141525745391845703125">
        <ele>5.19999980926513671875</ele>
        <time>2021-07-08T11:33:04.000Z</time>
        <extensions>
          <ns3:TrackPointExtension/>
        </extensions>
      </trkpt>
      <trkpt lat="31.967817284166812896728515625" lon="118.82759853266179561614990234375">
        <ele>5</ele>
        <time>2021-07-08T11:33:05.000Z</time>
        <extensions>
          <ns3:TrackPointExtension>
            <ns3:hr>160</ns3:hr>
            <ns3:cad>75</ns3:cad>
          </ns3:TrackPointExtension>
        </extensions>
      </trkpt>
      <trkpt lat="31.96782105602324008941650390625" lon="118.8275756500661373138427734375">
        <ele>5</ele>
        <time>2021-07-08T11:33:06.000Z</time>
        <extensions>
          <ns3:TrackPointExtension/>
        </extensions>
      </trkpt>
      <trkpt lat="31.9678268395364284515380859375" lon="118.8275603950023651123046875">
        <ele>4.80000019073486328125</ele>
        <time>2021-07-08T11:33:07.000Z</time>
        <extensions>
          <ns3:TrackPointExtension/>
        </extensions>
      </trkpt>
      <trkpt lat="31.9678325392305850982666015625" lon="118.82753751240670680999755859375">
        <ele>4.80000019073486328125</ele>
        <time>2021-07-08T11:33:08.000Z</time>
        <extensions>
          <ns3:TrackPointExtension/>
        </extensions>
      </trkpt>
      <trkpt lat="31.9678382389247417449951171875" lon="118.82752225734293460845947265625">
        <ele>4.80000019073486328125</ele>
        <time>2021-07-08T11:33:09.000Z</time>
        <extensions>
          <ns3:TrackPointExtension/>
        </extensions>
      </trkpt>
      <trkpt lat="31.9678439386188983917236328125" lon="118.82749937474727630615234375">
        <ele>4.80000019073486328125</ele>
        <time>2021-07-08T11:33:10.000Z</time>
        <extensions>
          <ns3:TrackPointExtension>
            <ns3:hr>162</ns3:hr>
            <ns3:cad>75</ns3:cad>
          </ns3:TrackPointExtension>
        </extensions>
      </trkpt>
      <trkpt lat="31.9678477942943572998046875" lon="118.8274841196835041046142578125">
        <ele>4.80000019073486328125</ele>
        <time>2021-07-08T11:33:11.000Z</time>
        <extensions>
          <ns3:TrackPointExtension/>
        </extensions>
      </trkpt>
      <trkpt lat="31.967853493988513946533203125" lon="118.82746123708784580230712890625">
        <ele>4.80000019073486328125</ele>
        <time>2021-07-08T11:33:12.000Z</time>
        <extensions>
          <ns3:TrackPointExtension/>
        </extensions>
      </trkpt>
      <trkpt lat="31.96785919368267059326171875" lon="118.8274383544921875">
        <ele>4.80000019073486328125</ele>
        <time>2021-07-08T11:33:13.000Z</time>
        <extensions>
          <ns3:TrackPointExtension/>
        </extensions>
      </trkpt>
      <trkpt lat="31.9678630493581295013427734375" lon="118.82742301560938358306884765625">
        <ele>4.80000019073486328125</ele>
        <time>2021-07-08T11:33:14.000Z</time>
        <extensions>
          <ns3:TrackPointExtension/>
        </extensions>
      </trkpt>
      <trkpt lat="31.96786682121455669403076171875" lon="118.82740013301372528076171875">
        <ele>4.80000019073486328125</ele>
        <time>2021-07-08T11:33:15.000Z</time>
        <extensions>
          <ns3:TrackPointExtension>
            <ns3:hr>163</ns3:hr>
            <ns3:cad>75</ns3:cad>
          </ns3:TrackPointExtension>
        </extensions>
      </trkpt>
      <trkpt lat="31.9678687490522861480712890625" lon="118.82737725041806697845458984375">
        <ele>4.80000019073486328125</ele>
        <time>2021-07-08T11:33:16.000Z</time>
        <extensions>
          <ns3:TrackPointExtension/>
        </extensions>
      </trkpt>
      <trkpt lat="31.96787260472774505615234375" lon="118.8273543678224086761474609375">
        <ele>4.80000019073486328125</ele>
        <time>2021-07-08T11:33:17.000Z</time>
        <extensions>
          <ns3:TrackPointExtension/>
        </extensions>
      </trkpt>
      <trkpt lat="31.9678744487464427947998046875" lon="118.82733148522675037384033203125">
        <ele>4.80000019073486328125</ele>
        <time>2021-07-08T11:33:18.000Z</time>
        <extensions>
          <ns3:TrackPointExtension/>
        </extensions>
      </trkpt>
      <trkpt lat="31.96787637658417224884033203125" lon="118.827308602631092071533203125">
        <ele>4.80000019073486328125</ele>
        <time>2021-07-08T11:33:19.000Z</time>
        <extensions>
          <ns3:TrackPointExtension/>
        </extensions>
      </trkpt>
      <trkpt lat="31.967878304421901702880859375" lon="118.8272933475673198699951171875">
        <ele>4.80000019073486328125</ele>
        <time>2021-07-08T11:33:20.000Z</time>
        <extensions>
          <ns3:TrackPointExtension>
            <ns3:hr>162</ns3:hr>
            <ns3:cad>76</ns3:cad>
          </ns3:TrackPointExtension>
        </extensions>
      </trkpt>
      <trkpt lat="31.96788023225963115692138671875" lon="118.82727046497166156768798828125">
        <ele>5</ele>
        <time>2021-07-08T11:33:21.000Z</time>
        <extensions>
          <ns3:TrackPointExtension/>
        </extensions>
      </trkpt>
      <trkpt lat="31.96788207627832889556884765625" lon="118.827247582376003265380859375">
        <ele>5</ele>
        <time>2021-07-08T11:33:22.000Z</time>
        <extensions>
          <ns3:TrackPointExtension/>
        </extensions>
      </trkpt>
      <trkpt lat="31.967884004116058349609375" lon="118.82722469978034496307373046875">
        <ele>5</ele>
        <time>2021-07-08T11:33:23.000Z</time>
        <extensions>
          <ns3:TrackPointExtension/>
        </extensions>
      </trkpt>
      <trkpt lat="31.9678878597915172576904296875" lon="118.8272018171846866607666015625">
        <ele>5</ele>
        <time>2021-07-08T11:33:24.000Z</time>
        <extensions>
          <ns3:TrackPointExtension/>
        </extensions>
      </trkpt>
      <trkpt lat="31.967889703810214996337890625" lon="118.82717893458902835845947265625">
        <ele>5</ele>
        <time>2021-07-08T11:33:25.000Z</time>
        <extensions>
          <ns3:TrackPointExtension>
            <ns3:hr>163</ns3:hr>
            <ns3:cad>75</ns3:cad>
          </ns3:TrackPointExtension>
        </extensions>
      </trkpt>
      <trkpt lat="31.96789163164794445037841796875" lon="118.82715605199337005615234375">
        <ele>5</ele>
        <time>2021-07-08T11:33:26.000Z</time>
        <extensions>
          <ns3:TrackPointExtension/>
        </extensions>
      </trkpt>
      <trkpt lat="31.96789548732340335845947265625" lon="118.82713316939771175384521484375">
        <ele>5</ele>
        <time>2021-07-08T11:33:27.000Z</time>
        <extensions>
          <ns3:TrackPointExtension/>
        </extensions>
      </trkpt>
      <trkpt lat="31.9678992591798305511474609375" lon="118.8271102868020534515380859375">
        <ele>5</ele>
        <time>2021-07-08T11:33:28.000Z</time>
        <extensions>
          <ns3:TrackPointExtension/>
        </extensions>
      </trkpt>
      <trkpt lat="31.96790118701756000518798828125" lon="118.82709503173828125">
        <ele>5</ele>
        <time>2021-07-08T11:33:29.000Z</time>
        <extensions>
          <ns3:TrackPointExtension/>
        </extensions>
      </trkpt>
      <trkpt lat="31.96790688671171665191650390625" lon="118.8270720653235912322998046875">
        <ele>5</ele>
        <time>2021-07-08T11:33:30.000Z</time>
        <extensions>
          <ns3:TrackPointExtension>
            <ns3:hr>163</ns3:hr>
            <ns3:cad>75</ns3:cad>
          </ns3:TrackPointExtension>
        </extensions>
      </trkpt>
      <trkpt lat="31.96791074238717555999755859375" lon="118.82704918272793292999267578125">
        <ele>5</ele>
        <time>2021-07-08T11:33:31.000Z</time>
        <extensions>
          <ns3:TrackPointExtension/>
        </extensions>
      </trkpt>
      <trkpt lat="31.96791644208133220672607421875" lon="118.827026300132274627685546875">
        <ele>5</ele>
        <time>2021-07-08T11:33:32.000Z</time>
        <extensions>
          <ns3:TrackPointExtension/>
        </extensions>
      </trkpt>
      <trkpt lat="31.96792214177548885345458984375" lon="118.82700341753661632537841796875">
        <ele>5</ele>
        <time>2021-07-08T11:33:33.000Z</time>
        <extensions>
          <ns3:TrackPointExtension/>
        </extensions>
      </trkpt>
      <trkpt lat="31.967927925288677215576171875" lon="118.8269805349409580230712890625">
        <ele>4.80000019073486328125</ele>
        <time>2021-07-08T11:33:34.000Z</time>
        <extensions>
          <ns3:TrackPointExtension/>
        </extensions>
      </trkpt>
      <trkpt lat="31.9679336249828338623046875" lon="118.82695765234529972076416015625">
        <ele>4.80000019073486328125</ele>
        <time>2021-07-08T11:33:35.000Z</time>
        <extensions>
          <ns3:TrackPointExtension>
            <ns3:hr>165</ns3:hr>
            <ns3:cad>76</ns3:cad>
          </ns3:TrackPointExtension>
        </extensions>
      </trkpt>
      <trkpt lat="31.96794125251471996307373046875" lon="118.82693476974964141845703125">
        <ele>4.80000019073486328125</ele>
        <time>2021-07-08T11:33:36.000Z</time>
        <extensions>
          <ns3:TrackPointExtension/>
        </extensions>
      </trkpt>
      <trkpt lat="31.9679488800466060638427734375" lon="118.8269195146858692169189453125">
        <ele>4.80000019073486328125</ele>
        <time>2021-07-08T11:33:37.000Z</time>
        <extensions>
          <ns3:TrackPointExtension/>
        </extensions>
      </trkpt>
      <trkpt lat="31.9679545797407627105712890625" lon="118.82689663209021091461181640625">
        <ele>4.599999904632568359375</ele>
        <time>2021-07-08T11:33:38.000Z</time>
        <extensions>
          <ns3:TrackPointExtension/>
        </extensions>
      </trkpt>
      <trkpt lat="31.96796220727264881134033203125" lon="118.8268737494945526123046875">
        <ele>4.599999904632568359375</ele>
        <time>2021-07-08T11:33:39.000Z</time>
        <extensions>
          <ns3:TrackPointExtension/>
        </extensions>
      </trkpt>
      <trkpt lat="31.96796790696680545806884765625" lon="118.8268584944307804107666015625">
        <ele>4.599999904632568359375</ele>
        <time>2021-07-08T11:33:40.000Z</time>
        <extensions>
          <ns3:TrackPointExtension>
            <ns3:hr>164</ns3:hr>
            <ns3:cad>75</ns3:cad>
          </ns3:TrackPointExtension>
        </extensions>
      </trkpt>
      <trkpt lat="31.9679736904799938201904296875" lon="118.82683561183512210845947265625">
        <ele>4.599999904632568359375</ele>
        <time>2021-07-08T11:33:41.000Z</time>
        <extensions>
          <ns3:TrackPointExtension/>
        </extensions>
      </trkpt>
      <trkpt lat="31.9679793901741504669189453125" lon="118.82681272923946380615234375">
        <ele>4.400000095367431640625</ele>
        <time>2021-07-08T11:33:42.000Z</time>
        <extensions>
          <ns3:TrackPointExtension/>
        </extensions>
      </trkpt>
      <trkpt lat="31.9679850898683071136474609375" lon="118.82678984664380550384521484375">
        <ele>4.400000095367431640625</ele>
        <time>2021-07-08T11:33:43.000Z</time>
        <extensions>
          <ns3:TrackPointExtension/>
        </extensions>
      </trkpt>
      <trkpt lat="31.96798701770603656768798828125" lon="118.82677459158003330230712890625">
        <ele>4.400000095367431640625</ele>
        <time>2021-07-08T11:33:44.000Z</time>
        <extensions>
          <ns3:TrackPointExtension/>
        </extensions>
      </trkpt>
      <trkpt lat="31.96799087338149547576904296875" lon="118.826751708984375">
        <ele>4.400000095367431640625</ele>
        <time>2021-07-08T11:33:45.000Z</time>
        <extensions>
          <ns3:TrackPointExtension>
            <ns3:hr>166</ns3:hr>
            <ns3:cad>76</ns3:cad>
          </ns3:TrackPointExtension>
        </extensions>
      </trkpt>
      <trkpt lat="31.96799087338149547576904296875" lon="118.8267287425696849822998046875">
        <ele>4.400000095367431640625</ele>
        <time>2021-07-08T11:33:46.000Z</time>
        <extensions>
          <ns3:TrackPointExtension/>
        </extensions>
      </trkpt>
      <trkpt lat="31.96799271740019321441650390625" lon="118.82670585997402667999267578125">
        <ele>4.400000095367431640625</ele>
        <time>2021-07-08T11:33:47.000Z</time>
        <extensions>
          <ns3:TrackPointExtension/>
        </extensions>
      </trkpt>
      <trkpt lat="31.96799464523792266845703125" lon="118.826682977378368377685546875">
        <ele>4.599999904632568359375</ele>
        <time>2021-07-08T11:33:48.000Z</time>
        <extensions>
          <ns3:TrackPointExtension/>
        </extensions>
      </trkpt>
      <trkpt lat="31.96799464523792266845703125" lon="118.82666009478271007537841796875">
        <ele>4.599999904632568359375</ele>
        <time>2021-07-08T11:33:49.000Z</time>
        <extensions>
          <ns3:TrackPointExtension/>
        </extensions>
      </trkpt>
      <trkpt lat="31.96799657307565212249755859375" lon="118.8266372121870517730712890625">
        <ele>4.80000019073486328125</ele>
        <time>2021-07-08T11:33:50.000Z</time>
        <extensions>
          <ns3:TrackPointExtension>
            <ns3:hr>166</ns3:hr>
            <ns3:cad>76</ns3:cad>
          </ns3:TrackPointExtension>
        </extensions>
      </trkpt>
      <trkpt lat="31.968000344932079315185546875" lon="118.82661432959139347076416015625">
        <ele>4.80000019073486328125</ele>
        <time>2021-07-08T11:33:51.000Z</time>
        <extensions>
          <ns3:TrackPointExtension/>
        </extensions>
      </trkpt>
      <trkpt lat="31.96800227276980876922607421875" lon="118.82659907452762126922607421875">
        <ele>5</ele>
        <time>2021-07-08T11:33:52.000Z</time>
        <extensions>
          <ns3:TrackPointExtension/>
        </extensions>
      </trkpt>
      <trkpt lat="31.96800612844526767730712890625" lon="118.8265761919319629669189453125">
        <ele>5</ele>
        <time>2021-07-08T11:33:53.000Z</time>
        <extensions>
          <ns3:TrackPointExtension/>
        </extensions>
      </trkpt>
      <trkpt lat="31.9680099003016948699951171875" lon="118.82655330933630466461181640625">
        <ele>5.19999980926513671875</ele>
        <time>2021-07-08T11:33:54.000Z</time>
        <extensions>
          <ns3:TrackPointExtension/>
        </extensions>
      </trkpt>
      <trkpt lat="31.968013755977153778076171875" lon="118.82653805427253246307373046875">
        <ele>5.19999980926513671875</ele>
        <time>2021-07-08T11:33:55.000Z</time>
        <extensions>
          <ns3:TrackPointExtension>
            <ns3:hr>170</ns3:hr>
            <ns3:cad>76</ns3:cad>
          </ns3:TrackPointExtension>
        </extensions>
      </trkpt>
      <trkpt lat="31.9680194556713104248046875" lon="118.8265151716768741607666015625">
        <ele>5.19999980926513671875</ele>
        <time>2021-07-08T11:33:56.000Z</time>
        <extensions>
          <ns3:TrackPointExtension/>
        </extensions>
      </trkpt>
      <trkpt lat="31.96802708320319652557373046875" lon="118.826499916613101959228515625">
        <ele>5.400000095367431640625</ele>
        <time>2021-07-08T11:33:57.000Z</time>
        <extensions>
          <ns3:TrackPointExtension/>
        </extensions>
      </trkpt>
      <trkpt lat="31.9680347107350826263427734375" lon="118.82647703401744365692138671875">
        <ele>5.400000095367431640625</ele>
        <time>2021-07-08T11:33:58.000Z</time>
        <extensions>
          <ns3:TrackPointExtension/>
        </extensions>
      </trkpt>
      <trkpt lat="31.96804426610469818115234375" lon="118.82646177895367145538330078125">
        <ele>5.599999904632568359375</ele>
        <time>2021-07-08T11:33:59.000Z</time>
        <extensions>
          <ns3:TrackPointExtension/>
        </extensions>
      </trkpt>
      <trkpt lat="31.96805189363658428192138671875" lon="118.82644652388989925384521484375">
        <ele>5.80000019073486328125</ele>
        <time>2021-07-08T11:34:00.000Z</time>
        <extensions>
          <ns3:TrackPointExtension>
            <ns3:hr>167</ns3:hr>
            <ns3:cad>75</ns3:cad>
          </ns3:TrackPointExtension>
        </extensions>
      </trkpt>
      <trkpt lat="31.968061365187168121337890625" lon="118.8264236412942409515380859375">
        <ele>6.19999980926513671875</ele>
        <time>2021-07-08T11:34:01.000Z</time>
        <extensions>
          <ns3:TrackPointExtension/>
        </extensions>
      </trkpt>
      <trkpt lat="31.9680709205567836761474609375" lon="118.82640838623046875">
        <ele>6.400000095367431640625</ele>
        <time>2021-07-08T11:34:02.000Z</time>
        <extensions>
          <ns3:TrackPointExtension/>
        </extensions>
      </trkpt>
      <trkpt lat="31.96808047592639923095703125" lon="118.82639304734766483306884765625">
        <ele>6.599999904632568359375</ele>
        <time>2021-07-08T11:34:03.000Z</time>
        <extensions>
          <ns3:TrackPointExtension/>
        </extensions>
      </trkpt>
      <trkpt lat="31.9680900312960147857666015625" lon="118.82637016475200653076171875">
        <ele>6.80000019073486328125</ele>
        <time>2021-07-08T11:34:04.000Z</time>
        <extensions>
          <ns3:TrackPointExtension/>
        </extensions>
      </trkpt>
      <trkpt lat="31.96809765882790088653564453125" lon="118.8263549096882343292236328125">
        <ele>7.19999980926513671875</ele>
        <time>2021-07-08T11:34:05.000Z</time>
        <extensions>
          <ns3:TrackPointExtension>
            <ns3:hr>169</ns3:hr>
            <ns3:cad>75</ns3:cad>
          </ns3:TrackPointExtension>
        </extensions>
      </trkpt>
      <trkpt lat="31.96810721419751644134521484375" lon="118.82633202709257602691650390625">
        <ele>7.599999904632568359375</ele>
        <time>2021-07-08T11:34:06.000Z</time>
        <extensions>
          <ns3:TrackPointExtension/>
        </extensions>
      </trkpt>
      <trkpt lat="31.96811668574810028076171875" lon="118.82631677202880382537841796875">
        <ele>7.80000019073486328125</ele>
        <time>2021-07-08T11:34:07.000Z</time>
        <extensions>
          <ns3:TrackPointExtension/>
        </extensions>
      </trkpt>
      <trkpt lat="31.96812431327998638153076171875" lon="118.8262938894331455230712890625">
        <ele>8.19999980926513671875</ele>
        <time>2021-07-08T11:34:08.000Z</time>
        <extensions>
          <ns3:TrackPointExtension/>
        </extensions>
      </trkpt>
      <trkpt lat="31.96813386864960193634033203125" lon="118.826278634369373321533203125">
        <ele>8.6000003814697265625</ele>
        <time>2021-07-08T11:34:09.000Z</time>
        <extensions>
          <ns3:TrackPointExtension/>
        </extensions>
      </trkpt>
      <trkpt lat="31.96813956834375858306884765625" lon="118.82625575177371501922607421875">
        <ele>8.80000019073486328125</ele>
        <time>2021-07-08T11:34:10.000Z</time>
        <extensions>
          <ns3:TrackPointExtension>
            <ns3:hr>165</ns3:hr>
            <ns3:cad>75</ns3:cad>
          </ns3:TrackPointExtension>
        </extensions>
      </trkpt>
      <trkpt lat="31.968147195875644683837890625" lon="118.82624049670994281768798828125">
        <ele>9.19999980926513671875</ele>
        <time>2021-07-08T11:34:11.000Z</time>
        <extensions>
          <ns3:TrackPointExtension/>
        </extensions>
      </trkpt>
      <trkpt lat="31.9681549072265625" lon="118.826217614114284515380859375">
        <ele>9.6000003814697265625</ele>
        <time>2021-07-08T11:34:12.000Z</time>
        <extensions>
          <ns3:TrackPointExtension/>
        </extensions>
      </trkpt>
      <trkpt lat="31.96816253475844860076904296875" lon="118.82619473151862621307373046875">
        <ele>9.80000019073486328125</ele>
        <time>2021-07-08T11:34:13.000Z</time>
        <extensions>
          <ns3:TrackPointExtension/>
        </extensions>
      </trkpt>
      <trkpt lat="31.96816823445260524749755859375" lon="118.82617947645485401153564453125">
        <ele>10</ele>
        <time>2021-07-08T11:34:14.000Z</time>
        <extensions>
          <ns3:TrackPointExtension/>
        </extensions>
      </trkpt>
      <trkpt lat="31.9681758619844913482666015625" lon="118.826156593859195709228515625">
        <ele>10.19999980926513671875</ele>
        <time>2021-07-08T11:34:15.000Z</time>
        <extensions>
          <ns3:TrackPointExtension>
            <ns3:hr>167</ns3:hr>
            <ns3:cad>75</ns3:cad>
          </ns3:TrackPointExtension>
        </extensions>
      </trkpt>
      <trkpt lat="31.96818348951637744903564453125" lon="118.8261413387954235076904296875">
        <ele>10.19999980926513671875</ele>
        <time>2021-07-08T11:34:16.000Z</time>
        <extensions>
          <ns3:TrackPointExtension/>
        </extensions>
      </trkpt>
      <trkpt lat="31.96818918921053409576416015625" lon="118.82611845619976520538330078125">
        <ele>10.19999980926513671875</ele>
        <time>2021-07-08T11:34:17.000Z</time>
        <extensions>
          <ns3:TrackPointExtension/>
        </extensions>
      </trkpt>
      <trkpt lat="31.968196816742420196533203125" lon="118.82610320113599300384521484375">
        <ele>10.3999996185302734375</ele>
        <time>2021-07-08T11:34:18.000Z</time>
        <extensions>
          <ns3:TrackPointExtension/>
        </extensions>
      </trkpt>
      <trkpt lat="31.96820444427430629730224609375" lon="118.8260803185403347015380859375">
        <ele>10.3999996185302734375</ele>
        <time>2021-07-08T11:34:19.000Z</time>
        <extensions>
          <ns3:TrackPointExtension/>
        </extensions>
      </trkpt>
      <trkpt lat="31.96820829994976520538330078125" lon="118.8260650634765625">
        <ele>10.3999996185302734375</ele>
        <time>2021-07-08T11:34:20.000Z</time>
        <extensions>
          <ns3:TrackPointExtension>
            <ns3:hr>166</ns3:hr>
            <ns3:cad>75</ns3:cad>
          </ns3:TrackPointExtension>
        </extensions>
      </trkpt>
      <trkpt lat="31.96821399964392185211181640625" lon="118.8260420970618724822998046875">
        <ele>10.6000003814697265625</ele>
        <time>2021-07-08T11:34:21.000Z</time>
        <extensions>
          <ns3:TrackPointExtension/>
        </extensions>
      </trkpt>
      <trkpt lat="31.96821969933807849884033203125" lon="118.82602684199810028076171875">
        <ele>10.6000003814697265625</ele>
        <time>2021-07-08T11:34:22.000Z</time>
        <extensions>
          <ns3:TrackPointExtension/>
        </extensions>
      </trkpt>
      <trkpt lat="31.96822355501353740692138671875" lon="118.82600395940244197845458984375">
        <ele>10.80000019073486328125</ele>
        <time>2021-07-08T11:34:23.000Z</time>
        <extensions>
          <ns3:TrackPointExtension/>
        </extensions>
      </trkpt>
      <trkpt lat="31.96822925470769405364990234375" lon="118.82598870433866977691650390625">
        <ele>10.80000019073486328125</ele>
        <time>2021-07-08T11:34:24.000Z</time>
        <extensions>
          <ns3:TrackPointExtension/>
        </extensions>
      </trkpt>
      <trkpt lat="31.96823495440185070037841796875" lon="118.825965821743011474609375">
        <ele>10.80000019073486328125</ele>
        <time>2021-07-08T11:34:25.000Z</time>
        <extensions>
          <ns3:TrackPointExtension>
            <ns3:hr>164</ns3:hr>
            <ns3:cad>75</ns3:cad>
          </ns3:TrackPointExtension>
        </extensions>
      </trkpt>
      <trkpt lat="31.9682407379150390625" lon="118.8259505666792392730712890625">
        <ele>11</ele>
        <time>2021-07-08T11:34:26.000Z</time>
        <extensions>
          <ns3:TrackPointExtension/>
        </extensions>
      </trkpt>
      <trkpt lat="31.968246437609195709228515625" lon="118.82592768408358097076416015625">
        <ele>11</ele>
        <time>2021-07-08T11:34:27.000Z</time>
        <extensions>
          <ns3:TrackPointExtension/>
        </extensions>
      </trkpt>
      <trkpt lat="31.96825213730335235595703125" lon="118.82591242901980876922607421875">
        <ele>11</ele>
        <time>2021-07-08T11:34:28.000Z</time>
        <extensions>
          <ns3:TrackPointExtension/>
        </extensions>
      </trkpt>
      <trkpt lat="31.968257836997509002685546875" lon="118.8258895464241504669189453125">
        <ele>10.80000019073486328125</ele>
        <time>2021-07-08T11:34:29.000Z</time>
        <extensions>
          <ns3:TrackPointExtension/>
        </extensions>
      </trkpt>
      <trkpt lat="31.96826546452939510345458984375" lon="118.825874291360378265380859375">
        <ele>10.80000019073486328125</ele>
        <time>2021-07-08T11:34:30.000Z</time>
        <extensions>
          <ns3:TrackPointExtension>
            <ns3:hr>165</ns3:hr>
            <ns3:cad>75</ns3:cad>
          </ns3:TrackPointExtension>
        </extensions>
      </trkpt>
      <trkpt lat="31.9682730920612812042236328125" lon="118.82585140876471996307373046875">
        <ele>10.80000019073486328125</ele>
        <time>2021-07-08T11:34:31.000Z</time>
        <extensions>
          <ns3:TrackPointExtension/>
        </extensions>
      </trkpt>
      <trkpt lat="31.96827887557446956634521484375" lon="118.8258285261690616607666015625">
        <ele>10.6000003814697265625</ele>
        <time>2021-07-08T11:34:32.000Z</time>
        <extensions>
          <ns3:TrackPointExtension/>
        </extensions>
      </trkpt>
      <trkpt lat="31.9682865031063556671142578125" lon="118.825813271105289459228515625">
        <ele>10.6000003814697265625</ele>
        <time>2021-07-08T11:34:33.000Z</time>
        <extensions>
          <ns3:TrackPointExtension/>
        </extensions>
      </trkpt>
      <trkpt lat="31.96829413063824176788330078125" lon="118.82579038850963115692138671875">
        <ele>10.6000003814697265625</ele>
        <time>2021-07-08T11:34:34.000Z</time>
        <extensions>
          <ns3:TrackPointExtension/>
        </extensions>
      </trkpt>
      <trkpt lat="31.96830175817012786865234375" lon="118.8257675059139728546142578125">
        <ele>10.3999996185302734375</ele>
        <time>2021-07-08T11:34:35.000Z</time>
        <extensions>
          <ns3:TrackPointExtension>
            <ns3:hr>167</ns3:hr>
            <ns3:cad>75</ns3:cad>
          </ns3:TrackPointExtension>
        </extensions>
      </trkpt>
      <trkpt lat="31.96830938570201396942138671875" lon="118.825752250850200653076171875">
        <ele>10.3999996185302734375</ele>
        <time>2021-07-08T11:34:36.000Z</time>
        <extensions>
          <ns3:TrackPointExtension/>
        </extensions>
      </trkpt>
      <trkpt lat="31.968318857252597808837890625" lon="118.82572936825454235076904296875">
        <ele>10.3999996185302734375</ele>
        <time>2021-07-08T11:34:37.000Z</time>
        <extensions>
          <ns3:TrackPointExtension/>
        </extensions>
      </trkpt>
      <trkpt lat="31.968326568603515625" lon="118.82570640183985233306884765625">
        <ele>10.19999980926513671875</ele>
        <time>2021-07-08T11:34:38.000Z</time>
        <extensions>
          <ns3:TrackPointExtension/>
        </extensions>
      </trkpt>
      <trkpt lat="31.96833604015409946441650390625" lon="118.82569114677608013153076171875">
        <ele>10.19999980926513671875</ele>
        <time>2021-07-08T11:34:39.000Z</time>
        <extensions>
          <ns3:TrackPointExtension/>
        </extensions>
      </trkpt>
      <trkpt lat="31.968343667685985565185546875" lon="118.8256682641804218292236328125">
        <ele>10</ele>
        <time>2021-07-08T11:34:40.000Z</time>
        <extensions>
          <ns3:TrackPointExtension>
            <ns3:hr>161</ns3:hr>
            <ns3:cad>75</ns3:cad>
          </ns3:TrackPointExtension>
        </extensions>
      </trkpt>
      <trkpt lat="31.96835129521787166595458984375" lon="118.825653009116649627685546875">
        <ele>10</ele>
        <time>2021-07-08T11:34:41.000Z</time>
        <extensions>
          <ns3:TrackPointExtension/>
        </extensions>
      </trkpt>
      <trkpt lat="31.9683589227497577667236328125" lon="118.82563012652099132537841796875">
        <ele>9.80000019073486328125</ele>
        <time>2021-07-08T11:34:42.000Z</time>
        <extensions>
          <ns3:TrackPointExtension/>
        </extensions>
      </trkpt>
      <trkpt lat="31.96836655028164386749267578125" lon="118.8256072439253330230712890625">
        <ele>9.3999996185302734375</ele>
        <time>2021-07-08T11:34:43.000Z</time>
        <extensions>
          <ns3:TrackPointExtension/>
        </extensions>
      </trkpt>
      <trkpt lat="31.96837417781352996826171875" lon="118.82558436132967472076416015625">
        <ele>9.19999980926513671875</ele>
        <time>2021-07-08T11:34:44.000Z</time>
        <extensions>
          <ns3:TrackPointExtension/>
        </extensions>
      </trkpt>
      <trkpt lat="31.96838180534541606903076171875" lon="118.82556910626590251922607421875">
        <ele>8.80000019073486328125</ele>
        <time>2021-07-08T11:34:45.000Z</time>
        <extensions>
          <ns3:TrackPointExtension>
            <ns3:hr>159</ns3:hr>
            <ns3:cad>75</ns3:cad>
          </ns3:TrackPointExtension>
        </extensions>
      </trkpt>
      <trkpt lat="31.96838758885860443115234375" lon="118.8255462236702442169189453125">
        <ele>8.6000003814697265625</ele>
        <time>2021-07-08T11:34:46.000Z</time>
        <extensions>
          <ns3:TrackPointExtension/>
        </extensions>
      </trkpt>
      <trkpt lat="31.968393288552761077880859375" lon="118.82552334107458591461181640625">
        <ele>8.19999980926513671875</ele>
        <time>2021-07-08T11:34:47.000Z</time>
        <extensions>
          <ns3:TrackPointExtension/>
        </extensions>
      </trkpt>
      <trkpt lat="31.968398988246917724609375" lon="118.8255004584789276123046875">
        <ele>8</ele>
        <time>2021-07-08T11:34:48.000Z</time>
        <extensions>
          <ns3:TrackPointExtension/>
        </extensions>
      </trkpt>
      <trkpt lat="31.968404687941074371337890625" lon="118.82547757588326930999755859375">
        <ele>7.599999904632568359375</ele>
        <time>2021-07-08T11:34:49.000Z</time>
        <extensions>
          <ns3:TrackPointExtension/>
        </extensions>
      </trkpt>
      <trkpt lat="31.96841047145426273345947265625" lon="118.8254546932876110076904296875">
        <ele>7.19999980926513671875</ele>
        <time>2021-07-08T11:34:50.000Z</time>
        <extensions>
          <ns3:TrackPointExtension>
            <ns3:hr>160</ns3:hr>
            <ns3:cad>74</ns3:cad>
          </ns3:TrackPointExtension>
        </extensions>
      </trkpt>
      <trkpt lat="31.96841617114841938018798828125" lon="118.82543181069195270538330078125">
        <ele>7</ele>
        <time>2021-07-08T11:34:51.000Z</time>
        <extensions>
          <ns3:TrackPointExtension/>
        </extensions>
      </trkpt>
      <trkpt lat="31.96842187084257602691650390625" lon="118.82541655562818050384521484375">
        <ele>6.599999904632568359375</ele>
        <time>2021-07-08T11:34:52.000Z</time>
        <extensions>
          <ns3:TrackPointExtension/>
        </extensions>
      </trkpt>
      <trkpt lat="31.968429498374462127685546875" lon="118.8253936730325222015380859375">
        <ele>6.400000095367431640625</ele>
        <time>2021-07-08T11:34:53.000Z</time>
        <extensions>
          <ns3:TrackPointExtension/>
        </extensions>
      </trkpt>
      <trkpt lat="31.96843528188765048980712890625" lon="118.82537841796875">
        <ele>6.19999980926513671875</ele>
        <time>2021-07-08T11:34:54.000Z</time>
        <extensions>
          <ns3:TrackPointExtension/>
        </extensions>
      </trkpt>
      <trkpt lat="31.96844098158180713653564453125" lon="118.8253554515540599822998046875">
        <ele>6</ele>
        <time>2021-07-08T11:34:55.000Z</time>
        <extensions>
          <ns3:TrackPointExtension>
            <ns3:hr>160</ns3:hr>
            <ns3:cad>75</ns3:cad>
          </ns3:TrackPointExtension>
        </extensions>
      </trkpt>
      <trkpt lat="31.9684486091136932373046875" lon="118.82534019649028778076171875">
        <ele>5.80000019073486328125</ele>
        <time>2021-07-08T11:34:56.000Z</time>
        <extensions>
          <ns3:TrackPointExtension/>
        </extensions>
      </trkpt>
      <trkpt lat="31.96845623664557933807373046875" lon="118.82531731389462947845458984375">
        <ele>5.80000019073486328125</ele>
        <time>2021-07-08T11:34:57.000Z</time>
        <extensions>
          <ns3:TrackPointExtension/>
        </extensions>
      </trkpt>
      <trkpt lat="31.96846193633973598480224609375" lon="118.82530205883085727691650390625">
        <ele>5.80000019073486328125</ele>
        <time>2021-07-08T11:34:58.000Z</time>
        <extensions>
          <ns3:TrackPointExtension/>
        </extensions>
      </trkpt>
      <trkpt lat="31.9684695638716220855712890625" lon="118.825279176235198974609375">
        <ele>5.599999904632568359375</ele>
        <time>2021-07-08T11:34:59.000Z</time>
        <extensions>
          <ns3:TrackPointExtension/>
        </extensions>
      </trkpt>
      <trkpt lat="31.96847719140350818634033203125" lon="118.8252639211714267730712890625">
        <ele>5.599999904632568359375</ele>
        <time>2021-07-08T11:35:00.000Z</time>
        <extensions>
          <ns3:TrackPointExtension>
            <ns3:hr>161</ns3:hr>
            <ns3:cad>75</ns3:cad>
          </ns3:TrackPointExtension>
        </extensions>
      </trkpt>
      <trkpt lat="31.96848289109766483306884765625" lon="118.82524103857576847076416015625">
        <ele>5.400000095367431640625</ele>
        <time>2021-07-08T11:35:01.000Z</time>
        <extensions>
          <ns3:TrackPointExtension/>
        </extensions>
      </trkpt>
      <trkpt lat="31.9684886746108531951904296875" lon="118.82521815598011016845703125">
        <ele>5.400000095367431640625</ele>
        <time>2021-07-08T11:35:02.000Z</time>
        <extensions>
          <ns3:TrackPointExtension/>
        </extensions>
      </trkpt>
      <trkpt lat="31.96849244646728038787841796875" lon="118.82519527338445186614990234375">
        <ele>5.19999980926513671875</ele>
        <time>2021-07-08T11:35:03.000Z</time>
        <extensions>
          <ns3:TrackPointExtension/>
        </extensions>
      </trkpt>
      <trkpt lat="31.96849822998046875" lon="118.82518001832067966461181640625">
        <ele>5.19999980926513671875</ele>
        <time>2021-07-08T11:35:04.000Z</time>
        <extensions>
          <ns3:TrackPointExtension/>
        </extensions>
      </trkpt>
      <trkpt lat="31.968503929674625396728515625" lon="118.8251571357250213623046875">
        <ele>5</ele>
        <time>2021-07-08T11:35:05.000Z</time>
        <extensions>
          <ns3:TrackPointExtension>
            <ns3:hr>158</ns3:hr>
            <ns3:cad>75</ns3:cad>
          </ns3:TrackPointExtension>
        </extensions>
      </trkpt>
      <trkpt lat="31.96850770153105258941650390625" lon="118.82513425312936305999755859375">
        <ele>5</ele>
        <time>2021-07-08T11:35:06.000Z</time>
        <extensions>
          <ns3:TrackPointExtension/>
        </extensions>
      </trkpt>
      <trkpt lat="31.9685134850442409515380859375" lon="118.8251113705337047576904296875">
        <ele>5.19999980926513671875</ele>
        <time>2021-07-08T11:35:07.000Z</time>
        <extensions>
          <ns3:TrackPointExtension/>
        </extensions>
      </trkpt>
      <trkpt lat="31.9685191847383975982666015625" lon="118.82509611546993255615234375">
        <ele>5.19999980926513671875</ele>
        <time>2021-07-08T11:35:08.000Z</time>
        <extensions>
          <ns3:TrackPointExtension/>
        </extensions>
      </trkpt>
      <trkpt lat="31.96852681227028369903564453125" lon="118.82507323287427425384521484375">
        <ele>5.400000095367431640625</ele>
        <time>2021-07-08T11:35:09.000Z</time>
        <extensions>
          <ns3:TrackPointExtension/>
        </extensions>
      </trkpt>
      <trkpt lat="31.9685344398021697998046875" lon="118.82505797781050205230712890625">
        <ele>5.599999904632568359375</ele>
        <time>2021-07-08T11:35:10.000Z</time>
        <extensions>
          <ns3:TrackPointExtension>
            <ns3:hr>159</ns3:hr>
            <ns3:cad>75</ns3:cad>
          </ns3:TrackPointExtension>
        </extensions>
      </trkpt>
      <trkpt lat="31.968540139496326446533203125" lon="118.82503509521484375">
        <ele>5.80000019073486328125</ele>
        <time>2021-07-08T11:35:11.000Z</time>
        <extensions>
          <ns3:TrackPointExtension/>
        </extensions>
      </trkpt>
      <trkpt lat="31.96854776702821254730224609375" lon="118.82501975633203983306884765625">
        <ele>6</ele>
        <time>2021-07-08T11:35:12.000Z</time>
        <extensions>
          <ns3:TrackPointExtension/>
        </extensions>
      </trkpt>
      <trkpt lat="31.96855346672236919403076171875" lon="118.82500450126826763153076171875">
        <ele>6.19999980926513671875</ele>
        <time>2021-07-08T11:35:13.000Z</time>
        <extensions>
          <ns3:TrackPointExtension/>
        </extensions>
      </trkpt>
      <trkpt lat="31.96855925023555755615234375" lon="118.82498924620449542999267578125">
        <ele>6.400000095367431640625</ele>
        <time>2021-07-08T11:35:14.000Z</time>
        <extensions>
          <ns3:TrackPointExtension/>
        </extensions>
      </trkpt>
      <trkpt lat="31.96856687776744365692138671875" lon="118.824966363608837127685546875">
        <ele>6.80000019073486328125</ele>
        <time>2021-07-08T11:35:15.000Z</time>
        <extensions>
          <ns3:TrackPointExtension>
            <ns3:hr>163</ns3:hr>
            <ns3:cad>75</ns3:cad>
          </ns3:TrackPointExtension>
        </extensions>
      </trkpt>
      <trkpt lat="31.96857257746160030364990234375" lon="118.8249511085450649261474609375">
        <ele>6.80000019073486328125</ele>
        <time>2021-07-08T11:35:16.000Z</time>
        <extensions>
          <ns3:TrackPointExtension/>
        </extensions>
      </trkpt>
      <trkpt lat="31.96857827715575695037841796875" lon="118.824935853481292724609375">
        <ele>7</ele>
        <time>2021-07-08T11:35:17.000Z</time>
        <extensions>
          <ns3:TrackPointExtension/>
        </extensions>
      </trkpt>
      <trkpt lat="31.9685840606689453125" lon="118.8249205984175205230712890625">
        <ele>7.19999980926513671875</ele>
        <time>2021-07-08T11:35:18.000Z</time>
        <extensions>
          <ns3:TrackPointExtension/>
        </extensions>
      </trkpt>
      <trkpt lat="31.96858783252537250518798828125" lon="118.82489771582186222076416015625">
        <ele>7.19999980926513671875</ele>
        <time>2021-07-08T11:35:19.000Z</time>
        <extensions>
          <ns3:TrackPointExtension/>
        </extensions>
      </trkpt>
      <trkpt lat="31.96859353221952915191650390625" lon="118.82488246075809001922607421875">
        <ele>7</ele>
        <time>2021-07-08T11:35:20.000Z</time>
        <extensions>
          <ns3:TrackPointExtension>
            <ns3:hr>161</ns3:hr>
            <ns3:cad>75</ns3:cad>
          </ns3:TrackPointExtension>
        </extensions>
      </trkpt>
      <trkpt lat="31.96859738789498805999755859375" lon="118.8248595781624317169189453125">
        <ele>7</ele>
        <time>2021-07-08T11:35:21.000Z</time>
        <extensions>
          <ns3:TrackPointExtension/>
        </extensions>
      </trkpt>
      <trkpt lat="31.968601159751415252685546875" lon="118.824844323098659515380859375">
        <ele>7</ele>
        <time>2021-07-08T11:35:22.000Z</time>
        <extensions>
          <ns3:TrackPointExtension/>
        </extensions>
      </trkpt>
      <trkpt lat="31.96860694326460361480712890625" lon="118.82482144050300121307373046875">
        <ele>7</ele>
        <time>2021-07-08T11:35:23.000Z</time>
        <extensions>
          <ns3:TrackPointExtension/>
        </extensions>
      </trkpt>
      <trkpt lat="31.96861264295876026153564453125" lon="118.82480618543922901153564453125">
        <ele>7</ele>
        <time>2021-07-08T11:35:24.000Z</time>
        <extensions>
          <ns3:TrackPointExtension/>
        </extensions>
      </trkpt>
      <trkpt lat="31.96861834265291690826416015625" lon="118.824783302843570709228515625">
        <ele>6.80000019073486328125</ele>
        <time>2021-07-08T11:35:25.000Z</time>
        <extensions>
          <ns3:TrackPointExtension>
            <ns3:hr>160</ns3:hr>
            <ns3:cad>75</ns3:cad>
          </ns3:TrackPointExtension>
        </extensions>
      </trkpt>
      <trkpt lat="31.968625970184803009033203125" lon="118.82476042024791240692138671875">
        <ele>6.80000019073486328125</ele>
        <time>2021-07-08T11:35:26.000Z</time>
        <extensions>
          <ns3:TrackPointExtension/>
        </extensions>
      </trkpt>
      <trkpt lat="31.96863166987895965576171875" lon="118.82474516518414020538330078125">
        <ele>6.80000019073486328125</ele>
        <time>2021-07-08T11:35:27.000Z</time>
        <extensions>
          <ns3:TrackPointExtension/>
        </extensions>
      </trkpt>
      <trkpt lat="31.96863929741084575653076171875" lon="118.824722282588481903076171875">
        <ele>6.80000019073486328125</ele>
        <time>2021-07-08T11:35:28.000Z</time>
        <extensions>
          <ns3:TrackPointExtension/>
        </extensions>
      </trkpt>
      <trkpt lat="31.9686469249427318572998046875" lon="118.82469939999282360076904296875">
        <ele>6.80000019073486328125</ele>
        <time>2021-07-08T11:35:29.000Z</time>
        <extensions>
          <ns3:TrackPointExtension/>
        </extensions>
      </trkpt>
      <trkpt lat="31.96865455247461795806884765625" lon="118.824684061110019683837890625">
        <ele>6.80000019073486328125</ele>
        <time>2021-07-08T11:35:30.000Z</time>
        <extensions>
          <ns3:TrackPointExtension>
            <ns3:hr>159</ns3:hr>
            <ns3:cad>75</ns3:cad>
          </ns3:TrackPointExtension>
        </extensions>
      </trkpt>
      <trkpt lat="31.968662180006504058837890625" lon="118.82466117851436138153076171875">
        <ele>6.80000019073486328125</ele>
        <time>2021-07-08T11:35:31.000Z</time>
        <extensions>
          <ns3:TrackPointExtension/>
        </extensions>
      </trkpt>
      <trkpt lat="31.96866796351969242095947265625" lon="118.82464592345058917999267578125">
        <ele>6.80000019073486328125</ele>
        <time>2021-07-08T11:35:32.000Z</time>
        <extensions>
          <ns3:TrackPointExtension/>
        </extensions>
      </trkpt>
      <trkpt lat="31.968675591051578521728515625" lon="118.824623040854930877685546875">
        <ele>7</ele>
        <time>2021-07-08T11:35:33.000Z</time>
        <extensions>
          <ns3:TrackPointExtension/>
        </extensions>
      </trkpt>
      <trkpt lat="31.96868129074573516845703125" lon="118.82460015825927257537841796875">
        <ele>7</ele>
        <time>2021-07-08T11:35:34.000Z</time>
        <extensions>
          <ns3:TrackPointExtension/>
        </extensions>
      </trkpt>
      <trkpt lat="31.968686990439891815185546875" lon="118.82458490319550037384033203125">
        <ele>7</ele>
        <time>2021-07-08T11:35:35.000Z</time>
        <extensions>
          <ns3:TrackPointExtension>
            <ns3:hr>160</ns3:hr>
            <ns3:cad>75</ns3:cad>
          </ns3:TrackPointExtension>
        </extensions>
      </trkpt>
      <trkpt lat="31.96869277395308017730712890625" lon="118.824562020599842071533203125">
        <ele>7</ele>
        <time>2021-07-08T11:35:36.000Z</time>
        <extensions>
          <ns3:TrackPointExtension/>
        </extensions>
      </trkpt>
      <trkpt lat="31.96869847364723682403564453125" lon="118.82453913800418376922607421875">
        <ele>7.19999980926513671875</ele>
        <time>2021-07-08T11:35:37.000Z</time>
        <extensions>
          <ns3:TrackPointExtension/>
        </extensions>
      </trkpt>
      <trkpt lat="31.96870417334139347076416015625" lon="118.82452388294041156768798828125">
        <ele>7.19999980926513671875</ele>
        <time>2021-07-08T11:35:38.000Z</time>
        <extensions>
          <ns3:TrackPointExtension/>
        </extensions>
      </trkpt>
      <trkpt lat="31.968711800873279571533203125" lon="118.824501000344753265380859375">
        <ele>7</ele>
        <time>2021-07-08T11:35:39.000Z</time>
        <extensions>
          <ns3:TrackPointExtension/>
        </extensions>
      </trkpt>
      <trkpt lat="31.96871750056743621826171875" lon="118.8244857452809810638427734375">
        <ele>7</ele>
        <time>2021-07-08T11:35:40.000Z</time>
        <extensions>
          <ns3:TrackPointExtension>
            <ns3:hr>164</ns3:hr>
            <ns3:cad>75</ns3:cad>
          </ns3:TrackPointExtension>
        </extensions>
      </trkpt>
      <trkpt lat="31.96872328408062458038330078125" lon="118.82446286268532276153564453125">
        <ele>6.80000019073486328125</ele>
        <time>2021-07-08T11:35:41.000Z</time>
        <extensions>
          <ns3:TrackPointExtension/>
        </extensions>
      </trkpt>
      <trkpt lat="31.96873091161251068115234375" lon="118.824439980089664459228515625">
        <ele>6.80000019073486328125</ele>
        <time>2021-07-08T11:35:42.000Z</time>
        <extensions>
          <ns3:TrackPointExtension/>
        </extensions>
      </trkpt>
      <trkpt lat="31.968736611306667327880859375" lon="118.8244247250258922576904296875">
        <ele>6.599999904632568359375</ele>
        <time>2021-07-08T11:35:43.000Z</time>
        <extensions>
          <ns3:TrackPointExtension/>
        </extensions>
      </trkpt>
      <trkpt lat="31.96874423883855342864990234375" lon="118.82440184243023395538330078125">
        <ele>6.599999904632568359375</ele>
        <time>2021-07-08T11:35:44.000Z</time>
        <extensions>
          <ns3:TrackPointExtension/>
        </extensions>
      </trkpt>
      <trkpt lat="31.96874993853271007537841796875" lon="118.824378959834575653076171875">
        <ele>6.400000095367431640625</ele>
        <time>2021-07-08T11:35:45.000Z</time>
        <extensions>
          <ns3:TrackPointExtension>
            <ns3:hr>160</ns3:hr>
            <ns3:cad>75</ns3:cad>
          </ns3:TrackPointExtension>
        </extensions>
      </trkpt>
      <trkpt lat="31.96875949390232563018798828125" lon="118.82435607723891735076904296875">
        <ele>6.19999980926513671875</ele>
        <time>2021-07-08T11:35:46.000Z</time>
        <extensions>
          <ns3:TrackPointExtension/>
        </extensions>
      </trkpt>
      <trkpt lat="31.96876519359648227691650390625" lon="118.824340738356113433837890625">
        <ele>6.19999980926513671875</ele>
        <time>2021-07-08T11:35:47.000Z</time>
        <extensions>
          <ns3:TrackPointExtension/>
        </extensions>
      </trkpt>
      <trkpt lat="31.968772821128368377685546875" lon="118.82431785576045513153076171875">
        <ele>6.19999980926513671875</ele>
        <time>2021-07-08T11:35:48.000Z</time>
        <extensions>
          <ns3:TrackPointExtension/>
        </extensions>
      </trkpt>
      <trkpt lat="31.96878044866025447845458984375" lon="118.82430260069668292999267578125">
        <ele>6</ele>
        <time>2021-07-08T11:35:49.000Z</time>
        <extensions>
          <ns3:TrackPointExtension/>
        </extensions>
      </trkpt>
      <trkpt lat="31.968786232173442840576171875" lon="118.824279718101024627685546875">
        <ele>6</ele>
        <time>2021-07-08T11:35:50.000Z</time>
        <extensions>
          <ns3:TrackPointExtension>
            <ns3:hr>155</ns3:hr>
            <ns3:cad>75</ns3:cad>
          </ns3:TrackPointExtension>
        </extensions>
      </trkpt>
      <trkpt lat="31.9687919318675994873046875" lon="118.82425683550536632537841796875">
        <ele>5.80000019073486328125</ele>
        <time>2021-07-08T11:35:51.000Z</time>
        <extensions>
          <ns3:TrackPointExtension/>
        </extensions>
      </trkpt>
      <trkpt lat="31.968797631561756134033203125" lon="118.8242339529097080230712890625">
        <ele>5.80000019073486328125</ele>
        <time>2021-07-08T11:35:52.000Z</time>
        <extensions>
          <ns3:TrackPointExtension/>
        </extensions>
      </trkpt>
      <trkpt lat="31.96880333125591278076171875" lon="118.824218697845935821533203125">
        <ele>5.80000019073486328125</ele>
        <time>2021-07-08T11:35:53.000Z</time>
        <extensions>
          <ns3:TrackPointExtension/>
        </extensions>
      </trkpt>
      <trkpt lat="31.96880911476910114288330078125" lon="118.82419581525027751922607421875">
        <ele>5.80000019073486328125</ele>
        <time>2021-07-08T11:35:54.000Z</time>
        <extensions>
          <ns3:TrackPointExtension/>
        </extensions>
      </trkpt>
      <trkpt lat="31.96881481446325778961181640625" lon="118.8241729326546192169189453125">
        <ele>5.80000019073486328125</ele>
        <time>2021-07-08T11:35:55.000Z</time>
        <extensions>
          <ns3:TrackPointExtension>
            <ns3:hr>154</ns3:hr>
            <ns3:cad>75</ns3:cad>
          </ns3:TrackPointExtension>
        </extensions>
      </trkpt>
      <trkpt lat="31.9688185863196849822998046875" lon="118.824157677590847015380859375">
        <ele>5.80000019073486328125</ele>
        <time>2021-07-08T11:35:56.000Z</time>
        <extensions>
          <ns3:TrackPointExtension/>
        </extensions>
      </trkpt>
      <trkpt lat="31.96882436983287334442138671875" lon="118.82413479499518871307373046875">
        <ele>5.80000019073486328125</ele>
        <time>2021-07-08T11:35:57.000Z</time>
        <extensions>
          <ns3:TrackPointExtension/>
        </extensions>
      </trkpt>
      <trkpt lat="31.96883006952702999114990234375" lon="118.82411953993141651153564453125">
        <ele>5.599999904632568359375</ele>
        <time>2021-07-08T11:35:58.000Z</time>
        <extensions>
          <ns3:TrackPointExtension/>
        </extensions>
      </trkpt>
      <trkpt lat="31.968833841383457183837890625" lon="118.824096657335758209228515625">
        <ele>5.599999904632568359375</ele>
        <time>2021-07-08T11:35:59.000Z</time>
        <extensions>
          <ns3:TrackPointExtension/>
        </extensions>
      </trkpt>
      <trkpt lat="31.96883962489664554595947265625" lon="118.82407377474009990692138671875">
        <ele>5.599999904632568359375</ele>
        <time>2021-07-08T11:36:00.000Z</time>
        <extensions>
          <ns3:TrackPointExtension>
            <ns3:hr>156</ns3:hr>
            <ns3:cad>75</ns3:cad>
          </ns3:TrackPointExtension>
        </extensions>
      </trkpt>
      <trkpt lat="31.9688433967530727386474609375" lon="118.8240508921444416046142578125">
        <ele>5.599999904632568359375</ele>
        <time>2021-07-08T11:36:01.000Z</time>
        <extensions>
          <ns3:TrackPointExtension/>
        </extensions>
      </trkpt>
      <trkpt lat="31.96884918026626110076904296875" lon="118.824035637080669403076171875">
        <ele>5.599999904632568359375</ele>
        <time>2021-07-08T11:36:02.000Z</time>
        <extensions>
          <ns3:TrackPointExtension/>
        </extensions>
      </trkpt>
      <trkpt lat="31.96885487996041774749755859375" lon="118.82401275448501110076904296875">
        <ele>5.599999904632568359375</ele>
        <time>2021-07-08T11:36:03.000Z</time>
        <extensions>
          <ns3:TrackPointExtension/>
        </extensions>
      </trkpt>
      <trkpt lat="31.968858651816844940185546875" lon="118.82398978807032108306884765625">
        <ele>5.599999904632568359375</ele>
        <time>2021-07-08T11:36:04.000Z</time>
        <extensions>
          <ns3:TrackPointExtension/>
        </extensions>
      </trkpt>
      <trkpt lat="31.96886443533003330230712890625" lon="118.82396690547466278076171875">
        <ele>5.599999904632568359375</ele>
        <time>2021-07-08T11:36:05.000Z</time>
        <extensions>
          <ns3:TrackPointExtension>
            <ns3:hr>155</ns3:hr>
            <ns3:cad>75</ns3:cad>
          </ns3:TrackPointExtension>
        </extensions>
      </trkpt>
      <trkpt lat="31.9688682071864604949951171875" lon="118.82394402287900447845458984375">
        <ele>5.599999904632568359375</ele>
        <time>2021-07-08T11:36:06.000Z</time>
        <extensions>
          <ns3:TrackPointExtension/>
        </extensions>
      </trkpt>
      <trkpt lat="31.9688739068806171417236328125" lon="118.82392876781523227691650390625">
        <ele>5.80000019073486328125</ele>
        <time>2021-07-08T11:36:07.000Z</time>
        <extensions>
          <ns3:TrackPointExtension/>
        </extensions>
      </trkpt>
      <trkpt lat="31.96887969039380550384521484375" lon="118.82389825768768787384033203125">
        <ele>5.80000019073486328125</ele>
        <time>2021-07-08T11:36:08.000Z</time>
        <extensions>
          <ns3:TrackPointExtension/>
        </extensions>
      </trkpt>
      <trkpt lat="31.96888539008796215057373046875" lon="118.823875375092029571533203125">
        <ele>5.80000019073486328125</ele>
        <time>2021-07-08T11:36:09.000Z</time>
        <extensions>
          <ns3:TrackPointExtension/>
        </extensions>
      </trkpt>
      <trkpt lat="31.96888916194438934326171875" lon="118.82385249249637126922607421875">
        <ele>6</ele>
        <time>2021-07-08T11:36:10.000Z</time>
        <extensions>
          <ns3:TrackPointExtension>
            <ns3:hr>152</ns3:hr>
            <ns3:cad>75</ns3:cad>
          </ns3:TrackPointExtension>
        </extensions>
      </trkpt>
      <trkpt lat="31.96889494545757770538330078125" lon="118.8238296099007129669189453125">
        <ele>5.80000019073486328125</ele>
        <time>2021-07-08T11:36:11.000Z</time>
        <extensions>
          <ns3:TrackPointExtension/>
        </extensions>
      </trkpt>
      <trkpt lat="31.96890257298946380615234375" lon="118.82380672730505466461181640625">
        <ele>5.80000019073486328125</ele>
        <time>2021-07-08T11:36:12.000Z</time>
        <extensions>
          <ns3:TrackPointExtension/>
        </extensions>
      </trkpt>
      <trkpt lat="31.968908272683620452880859375" lon="118.8237838447093963623046875">
        <ele>5.80000019073486328125</ele>
        <time>2021-07-08T11:36:13.000Z</time>
        <extensions>
          <ns3:TrackPointExtension/>
        </extensions>
      </trkpt>
      <trkpt lat="31.96891590021550655364990234375" lon="118.82376096211373805999755859375">
        <ele>5.80000019073486328125</ele>
        <time>2021-07-08T11:36:14.000Z</time>
        <extensions>
          <ns3:TrackPointExtension/>
        </extensions>
      </trkpt>
      <trkpt lat="31.96892159990966320037841796875" lon="118.8237380795180797576904296875">
        <ele>5.80000019073486328125</ele>
        <time>2021-07-08T11:36:15.000Z</time>
        <extensions>
          <ns3:TrackPointExtension>
            <ns3:hr>148</ns3:hr>
            <ns3:cad>75</ns3:cad>
          </ns3:TrackPointExtension>
        </extensions>
      </trkpt>
      <trkpt lat="31.9689292274415493011474609375" lon="118.82372282445430755615234375">
        <ele>5.599999904632568359375</ele>
        <time>2021-07-08T11:36:16.000Z</time>
        <extensions>
          <ns3:TrackPointExtension/>
        </extensions>
      </trkpt>
      <trkpt lat="31.96893501095473766326904296875" lon="118.82369994185864925384521484375">
        <ele>5.599999904632568359375</ele>
        <time>2021-07-08T11:36:17.000Z</time>
        <extensions>
          <ns3:TrackPointExtension/>
        </extensions>
      </trkpt>
      <trkpt lat="31.96894071064889430999755859375" lon="118.8236770592629909515380859375">
        <ele>5.599999904632568359375</ele>
        <time>2021-07-08T11:36:18.000Z</time>
        <extensions>
          <ns3:TrackPointExtension/>
        </extensions>
      </trkpt>
      <trkpt lat="31.9689483381807804107666015625" lon="118.82366180419921875">
        <ele>5.599999904632568359375</ele>
        <time>2021-07-08T11:36:19.000Z</time>
        <extensions>
          <ns3:TrackPointExtension/>
        </extensions>
      </trkpt>
      <trkpt lat="31.9689540378749370574951171875" lon="118.8236388377845287322998046875">
        <ele>5.400000095367431640625</ele>
        <time>2021-07-08T11:36:20.000Z</time>
        <extensions>
          <ns3:TrackPointExtension>
            <ns3:hr>150</ns3:hr>
            <ns3:cad>75</ns3:cad>
          </ns3:TrackPointExtension>
        </extensions>
      </trkpt>
      <trkpt lat="31.9689597375690937042236328125" lon="118.82362358272075653076171875">
        <ele>5.400000095367431640625</ele>
        <time>2021-07-08T11:36:21.000Z</time>
        <extensions>
          <ns3:TrackPointExtension/>
        </extensions>
      </trkpt>
      <trkpt lat="31.96896552108228206634521484375" lon="118.82360070012509822845458984375">
        <ele>5.400000095367431640625</ele>
        <time>2021-07-08T11:36:22.000Z</time>
        <extensions>
          <ns3:TrackPointExtension/>
        </extensions>
      </trkpt>
      <trkpt lat="31.96897122077643871307373046875" lon="118.82358544506132602691650390625">
        <ele>5.400000095367431640625</ele>
        <time>2021-07-08T11:36:23.000Z</time>
        <extensions>
          <ns3:TrackPointExtension/>
        </extensions>
      </trkpt>
      <trkpt lat="31.96897692047059535980224609375" lon="118.823562562465667724609375">
        <ele>5.400000095367431640625</ele>
        <time>2021-07-08T11:36:24.000Z</time>
        <extensions>
          <ns3:TrackPointExtension/>
        </extensions>
      </trkpt>
      <trkpt lat="31.96898262016475200653076171875" lon="118.8235473074018955230712890625">
        <ele>5.19999980926513671875</ele>
        <time>2021-07-08T11:36:25.000Z</time>
        <extensions>
          <ns3:TrackPointExtension>
            <ns3:hr>149</ns3:hr>
            <ns3:cad>75</ns3:cad>
          </ns3:TrackPointExtension>
        </extensions>
      </trkpt>
      <trkpt lat="31.96898647584021091461181640625" lon="118.82352442480623722076416015625">
        <ele>5.19999980926513671875</ele>
        <time>2021-07-08T11:36:26.000Z</time>
        <extensions>
          <ns3:TrackPointExtension/>
        </extensions>
      </trkpt>
      <trkpt lat="31.96899217553436756134033203125" lon="118.82350916974246501922607421875">
        <ele>5.19999980926513671875</ele>
        <time>2021-07-08T11:36:27.000Z</time>
        <extensions>
          <ns3:TrackPointExtension/>
        </extensions>
      </trkpt>
      <trkpt lat="31.96899787522852420806884765625" lon="118.8234862871468067169189453125">
        <ele>5.19999980926513671875</ele>
        <time>2021-07-08T11:36:28.000Z</time>
        <extensions>
          <ns3:TrackPointExtension/>
        </extensions>
      </trkpt>
      <trkpt lat="31.96900173090398311614990234375" lon="118.823471032083034515380859375">
        <ele>5.19999980926513671875</ele>
        <time>2021-07-08T11:36:29.000Z</time>
        <extensions>
          <ns3:TrackPointExtension/>
        </extensions>
      </trkpt>
      <trkpt lat="31.969005502760410308837890625" lon="118.82344814948737621307373046875">
        <ele>5</ele>
        <time>2021-07-08T11:36:30.000Z</time>
        <extensions>
          <ns3:TrackPointExtension>
            <ns3:hr>147</ns3:hr>
            <ns3:cad>76</ns3:cad>
          </ns3:TrackPointExtension>
        </extensions>
      </trkpt>
      <trkpt lat="31.9690093584358692169189453125" lon="118.82343289442360401153564453125">
        <ele>5</ele>
        <time>2021-07-08T11:36:31.000Z</time>
        <extensions>
          <ns3:TrackPointExtension/>
        </extensions>
      </trkpt>
      <trkpt lat="31.969013214111328125" lon="118.823410011827945709228515625">
        <ele>5</ele>
        <time>2021-07-08T11:36:32.000Z</time>
        <extensions>
          <ns3:TrackPointExtension/>
        </extensions>
      </trkpt>
      <trkpt lat="31.9690150581300258636474609375" lon="118.82338712923228740692138671875">
        <ele>4.80000019073486328125</ele>
        <time>2021-07-08T11:36:33.000Z</time>
        <extensions>
          <ns3:TrackPointExtension/>
        </extensions>
      </trkpt>
      <trkpt lat="31.969018913805484771728515625" lon="118.82337187416851520538330078125">
        <ele>4.80000019073486328125</ele>
        <time>2021-07-08T11:36:34.000Z</time>
        <extensions>
          <ns3:TrackPointExtension/>
        </extensions>
      </trkpt>
      <trkpt lat="31.96902084164321422576904296875" lon="118.823348991572856903076171875">
        <ele>4.80000019073486328125</ele>
        <time>2021-07-08T11:36:35.000Z</time>
        <extensions>
          <ns3:TrackPointExtension>
            <ns3:hr>146</ns3:hr>
            <ns3:cad>76</ns3:cad>
          </ns3:TrackPointExtension>
        </extensions>
      </trkpt>
      <trkpt lat="31.96902084164321422576904296875" lon="118.82332610897719860076904296875">
        <ele>4.599999904632568359375</ele>
        <time>2021-07-08T11:36:36.000Z</time>
        <extensions>
          <ns3:TrackPointExtension/>
        </extensions>
      </trkpt>
      <trkpt lat="31.96902084164321422576904296875" lon="118.82330314256250858306884765625">
        <ele>4.599999904632568359375</ele>
        <time>2021-07-08T11:36:37.000Z</time>
        <extensions>
          <ns3:TrackPointExtension/>
        </extensions>
      </trkpt>
      <trkpt lat="31.96902084164321422576904296875" lon="118.82328788749873638153076171875">
        <ele>4.599999904632568359375</ele>
        <time>2021-07-08T11:36:38.000Z</time>
        <extensions>
          <ns3:TrackPointExtension/>
        </extensions>
      </trkpt>
      <trkpt lat="31.969018913805484771728515625" lon="118.8232650049030780792236328125">
        <ele>4.400000095367431640625</ele>
        <time>2021-07-08T11:36:39.000Z</time>
        <extensions>
          <ns3:TrackPointExtension/>
        </extensions>
      </trkpt>
      <trkpt lat="31.96901698596775531768798828125" lon="118.82324212230741977691650390625">
        <ele>4.400000095367431640625</ele>
        <time>2021-07-08T11:36:40.000Z</time>
        <extensions>
          <ns3:TrackPointExtension>
            <ns3:hr>142</ns3:hr>
            <ns3:cad>75</ns3:cad>
          </ns3:TrackPointExtension>
        </extensions>
      </trkpt>
      <trkpt lat="31.9690150581300258636474609375" lon="118.823219239711761474609375">
        <ele>4.19999980926513671875</ele>
        <time>2021-07-08T11:36:41.000Z</time>
        <extensions>
          <ns3:TrackPointExtension/>
        </extensions>
      </trkpt>
      <trkpt lat="31.96901128627359867095947265625" lon="118.8232039846479892730712890625">
        <ele>4.19999980926513671875</ele>
        <time>2021-07-08T11:36:42.000Z</time>
        <extensions>
          <ns3:TrackPointExtension/>
        </extensions>
      </trkpt>
      <trkpt lat="31.96900743059813976287841796875" lon="118.82318110205233097076416015625">
        <ele>4.19999980926513671875</ele>
        <time>2021-07-08T11:36:43.000Z</time>
        <extensions>
          <ns3:TrackPointExtension/>
        </extensions>
      </trkpt>
      <trkpt lat="31.968999803066253662109375" lon="118.82315821945667266845703125">
        <ele>4</ele>
        <time>2021-07-08T11:36:44.000Z</time>
        <extensions>
          <ns3:TrackPointExtension/>
        </extensions>
      </trkpt>
      <trkpt lat="31.968994103372097015380859375" lon="118.82313533686101436614990234375">
        <ele>4</ele>
        <time>2021-07-08T11:36:45.000Z</time>
        <extensions>
          <ns3:TrackPointExtension>
            <ns3:hr>141</ns3:hr>
            <ns3:cad>76</ns3:cad>
          </ns3:TrackPointExtension>
        </extensions>
      </trkpt>
      <trkpt lat="31.96898840367794036865234375" lon="118.8231124542653560638427734375">
        <ele>4</ele>
        <time>2021-07-08T11:36:46.000Z</time>
        <extensions>
          <ns3:TrackPointExtension/>
        </extensions>
      </trkpt>
      <trkpt lat="31.9689788483083248138427734375" lon="118.82308957166969776153564453125">
        <ele>4</ele>
        <time>2021-07-08T11:36:47.000Z</time>
        <extensions>
          <ns3:TrackPointExtension/>
        </extensions>
      </trkpt>
      <trkpt lat="31.96897122077643871307373046875" lon="118.82305906154215335845947265625">
        <ele>4.19999980926513671875</ele>
        <time>2021-07-08T11:36:48.000Z</time>
        <extensions>
          <ns3:TrackPointExtension/>
        </extensions>
      </trkpt>
      <trkpt lat="31.9689635932445526123046875" lon="118.82303617894649505615234375">
        <ele>4.19999980926513671875</ele>
        <time>2021-07-08T11:36:49.000Z</time>
        <extensions>
          <ns3:TrackPointExtension/>
        </extensions>
      </trkpt>
      <trkpt lat="31.96895596571266651153564453125" lon="118.82301329635083675384521484375">
        <ele>4.19999980926513671875</ele>
        <time>2021-07-08T11:36:50.000Z</time>
        <extensions>
          <ns3:TrackPointExtension>
            <ns3:hr>137</ns3:hr>
            <ns3:cad>75</ns3:cad>
          </ns3:TrackPointExtension>
        </extensions>
      </trkpt>
      <trkpt lat="31.96894641034305095672607421875" lon="118.8229904137551784515380859375">
        <ele>4.19999980926513671875</ele>
        <time>2021-07-08T11:36:51.000Z</time>
        <extensions>
          <ns3:TrackPointExtension/>
        </extensions>
      </trkpt>
      <trkpt lat="31.96893878281116485595703125" lon="118.822967447340488433837890625">
        <ele>4.400000095367431640625</ele>
        <time>2021-07-08T11:36:52.000Z</time>
        <extensions>
          <ns3:TrackPointExtension/>
        </extensions>
      </trkpt>
      <trkpt lat="31.9689292274415493011474609375" lon="118.82294456474483013153076171875">
        <ele>4.400000095367431640625</ele>
        <time>2021-07-08T11:36:53.000Z</time>
        <extensions>
          <ns3:TrackPointExtension/>
        </extensions>
      </trkpt>
      <trkpt lat="31.96892159990966320037841796875" lon="118.82292930968105792999267578125">
        <ele>4.400000095367431640625</ele>
        <time>2021-07-08T11:36:54.000Z</time>
        <extensions>
          <ns3:TrackPointExtension/>
        </extensions>
      </trkpt>
      <trkpt lat="31.968913972377777099609375" lon="118.822906427085399627685546875">
        <ele>4.400000095367431640625</ele>
        <time>2021-07-08T11:36:55.000Z</time>
        <extensions>
          <ns3:TrackPointExtension>
            <ns3:hr>141</ns3:hr>
            <ns3:cad>76</ns3:cad>
          </ns3:TrackPointExtension>
        </extensions>
      </trkpt>
      <trkpt lat="31.96890634484589099884033203125" lon="118.82288354448974132537841796875">
        <ele>4.599999904632568359375</ele>
        <time>2021-07-08T11:36:56.000Z</time>
        <extensions>
          <ns3:TrackPointExtension/>
        </extensions>
      </trkpt>
      <trkpt lat="31.9688987173140048980712890625" lon="118.82286828942596912384033203125">
        <ele>4.599999904632568359375</ele>
        <time>2021-07-08T11:36:57.000Z</time>
        <extensions>
          <ns3:TrackPointExtension/>
        </extensions>
      </trkpt>
      <trkpt lat="31.96889108978211879730224609375" lon="118.822845406830310821533203125">
        <ele>4.599999904632568359375</ele>
        <time>2021-07-08T11:36:58.000Z</time>
        <extensions>
          <ns3:TrackPointExtension/>
        </extensions>
      </trkpt>
      <trkpt lat="31.96888539008796215057373046875" lon="118.8228301517665386199951171875">
        <ele>4.80000019073486328125</ele>
        <time>2021-07-08T11:36:59.000Z</time>
        <extensions>
          <ns3:TrackPointExtension/>
        </extensions>
      </trkpt>
      <trkpt lat="31.96887969039380550384521484375" lon="118.82280726917088031768798828125">
        <ele>5</ele>
        <time>2021-07-08T11:37:00.000Z</time>
        <extensions>
          <ns3:TrackPointExtension>
            <ns3:hr>139</ns3:hr>
            <ns3:cad>75</ns3:cad>
          </ns3:TrackPointExtension>
        </extensions>
      </trkpt>
      <trkpt lat="31.968872062861919403076171875" lon="118.82279201410710811614990234375">
        <ele>5</ele>
        <time>2021-07-08T11:37:01.000Z</time>
        <extensions>
          <ns3:TrackPointExtension/>
        </extensions>
      </trkpt>
      <trkpt lat="31.96886627934873104095458984375" lon="118.82277675904333591461181640625">
        <ele>5.19999980926513671875</ele>
        <time>2021-07-08T11:37:02.000Z</time>
        <extensions>
          <ns3:TrackPointExtension/>
        </extensions>
      </trkpt>
      <trkpt lat="31.96886057965457439422607421875" lon="118.8227538764476776123046875">
        <ele>5.19999980926513671875</ele>
        <time>2021-07-08T11:37:03.000Z</time>
        <extensions>
          <ns3:TrackPointExtension/>
        </extensions>
      </trkpt>
      <trkpt lat="31.96885487996041774749755859375" lon="118.8227386213839054107666015625">
        <ele>5.400000095367431640625</ele>
        <time>2021-07-08T11:37:04.000Z</time>
        <extensions>
          <ns3:TrackPointExtension/>
        </extensions>
      </trkpt>
      <trkpt lat="31.96884918026626110076904296875" lon="118.822723366320133209228515625">
        <ele>5.400000095367431640625</ele>
        <time>2021-07-08T11:37:05.000Z</time>
        <extensions>
          <ns3:TrackPointExtension>
            <ns3:hr>141</ns3:hr>
            <ns3:cad>75</ns3:cad>
          </ns3:TrackPointExtension>
        </extensions>
      </trkpt>
      <trkpt lat="31.968841552734375" lon="118.82270048372447490692138671875">
        <ele>5.599999904632568359375</ele>
        <time>2021-07-08T11:37:06.000Z</time>
        <extensions>
          <ns3:TrackPointExtension/>
        </extensions>
      </trkpt>
      <trkpt lat="31.968833841383457183837890625" lon="118.82268522866070270538330078125">
        <ele>5.599999904632568359375</ele>
        <time>2021-07-08T11:37:07.000Z</time>
        <extensions>
          <ns3:TrackPointExtension/>
        </extensions>
      </trkpt>
      <trkpt lat="31.968828141689300537109375" lon="118.82266997359693050384521484375">
        <ele>5.80000019073486328125</ele>
        <time>2021-07-08T11:37:08.000Z</time>
        <extensions>
          <ns3:TrackPointExtension/>
        </extensions>
      </trkpt>
      <trkpt lat="31.9688185863196849822998046875" lon="118.8226470910012722015380859375">
        <ele>5.80000019073486328125</ele>
        <time>2021-07-08T11:37:09.000Z</time>
        <extensions>
          <ns3:TrackPointExtension/>
        </extensions>
      </trkpt>
      <trkpt lat="31.96880911476910114288330078125" lon="118.8226318359375">
        <ele>6</ele>
        <time>2021-07-08T11:37:10.000Z</time>
        <extensions>
          <ns3:TrackPointExtension>
            <ns3:hr>137</ns3:hr>
            <ns3:cad>75</ns3:cad>
          </ns3:TrackPointExtension>
        </extensions>
      </trkpt>
      <trkpt lat="31.9688014872372150421142578125" lon="118.82261649705469608306884765625">
        <ele>6</ele>
        <time>2021-07-08T11:37:11.000Z</time>
        <extensions>
          <ns3:TrackPointExtension/>
        </extensions>
      </trkpt>
      <trkpt lat="31.96879000402987003326416015625" lon="118.82260124199092388153076171875">
        <ele>6</ele>
        <time>2021-07-08T11:37:12.000Z</time>
        <extensions>
          <ns3:TrackPointExtension/>
        </extensions>
      </trkpt>
      <trkpt lat="31.96878044866025447845458984375" lon="118.82258598692715167999267578125">
        <ele>6.19999980926513671875</ele>
        <time>2021-07-08T11:37:13.000Z</time>
        <extensions>
          <ns3:TrackPointExtension/>
        </extensions>
      </trkpt>
      <trkpt lat="31.96876904927194118499755859375" lon="118.82257073186337947845458984375">
        <ele>6.19999980926513671875</ele>
        <time>2021-07-08T11:37:14.000Z</time>
        <extensions>
          <ns3:TrackPointExtension/>
        </extensions>
      </trkpt>
      <trkpt lat="31.96875949390232563018798828125" lon="118.82255547679960727691650390625">
        <ele>6.19999980926513671875</ele>
        <time>2021-07-08T11:37:15.000Z</time>
        <extensions>
          <ns3:TrackPointExtension>
            <ns3:hr>138</ns3:hr>
            <ns3:cad>75</ns3:cad>
          </ns3:TrackPointExtension>
        </extensions>
      </trkpt>
      <trkpt lat="31.968748010694980621337890625" lon="118.82254022173583507537841796875">
        <ele>6.19999980926513671875</ele>
        <time>2021-07-08T11:37:16.000Z</time>
        <extensions>
          <ns3:TrackPointExtension/>
        </extensions>
      </trkpt>
      <trkpt lat="31.968736611306667327880859375" lon="118.82252496667206287384033203125">
        <ele>6.19999980926513671875</ele>
        <time>2021-07-08T11:37:17.000Z</time>
        <extensions>
          <ns3:TrackPointExtension/>
        </extensions>
      </trkpt>
      <trkpt lat="31.9687270559370517730712890625" lon="118.8225173391401767730712890625">
        <ele>6.19999980926513671875</ele>
        <time>2021-07-08T11:37:18.000Z</time>
        <extensions>
          <ns3:TrackPointExtension/>
        </extensions>
      </trkpt>
      <trkpt lat="31.96871372871100902557373046875" lon="118.822502084076404571533203125">
        <ele>6.19999980926513671875</ele>
        <time>2021-07-08T11:37:19.000Z</time>
        <extensions>
          <ns3:TrackPointExtension/>
        </extensions>
      </trkpt>
      <trkpt lat="31.968700401484966278076171875" lon="118.8224868290126323699951171875">
        <ele>6</ele>
        <time>2021-07-08T11:37:20.000Z</time>
        <extensions>
          <ns3:TrackPointExtension>
            <ns3:hr>139</ns3:hr>
            <ns3:cad>76</ns3:cad>
          </ns3:TrackPointExtension>
        </extensions>
      </trkpt>
      <trkpt lat="31.96868891827762126922607421875" lon="118.82247920148074626922607421875">
        <ele>6</ele>
        <time>2021-07-08T11:37:21.000Z</time>
        <extensions>
          <ns3:TrackPointExtension/>
        </extensions>
      </trkpt>
      <trkpt lat="31.968675591051578521728515625" lon="118.82246394641697406768798828125">
        <ele>6</ele>
        <time>2021-07-08T11:37:22.000Z</time>
        <extensions>
          <ns3:TrackPointExtension/>
        </extensions>
      </trkpt>
      <trkpt lat="31.968662180006504058837890625" lon="118.8224563188850879669189453125">
        <ele>6</ele>
        <time>2021-07-08T11:37:23.000Z</time>
        <extensions>
          <ns3:TrackPointExtension/>
        </extensions>
      </trkpt>
      <trkpt lat="31.96864885278046131134033203125" lon="118.82244869135320186614990234375">
        <ele>5.80000019073486328125</ele>
        <time>2021-07-08T11:37:24.000Z</time>
        <extensions>
          <ns3:TrackPointExtension/>
        </extensions>
      </trkpt>
      <trkpt lat="31.96863359771668910980224609375" lon="118.82243343628942966461181640625">
        <ele>5.80000019073486328125</ele>
        <time>2021-07-08T11:37:25.000Z</time>
        <extensions>
          <ns3:TrackPointExtension>
            <ns3:hr>137</ns3:hr>
            <ns3:cad>75</ns3:cad>
          </ns3:TrackPointExtension>
        </extensions>
      </trkpt>
      <trkpt lat="31.9686164148151874542236328125" lon="118.8224258087575435638427734375">
        <ele>5.599999904632568359375</ele>
        <time>2021-07-08T11:37:26.000Z</time>
        <extensions>
          <ns3:TrackPointExtension/>
        </extensions>
      </trkpt>
      <trkpt lat="31.9685993157327175140380859375" lon="118.82241818122565746307373046875">
        <ele>5.599999904632568359375</ele>
        <time>2021-07-08T11:37:27.000Z</time>
        <extensions>
          <ns3:TrackPointExtension/>
        </extensions>
      </trkpt>
      <trkpt lat="31.9685840606689453125" lon="118.8224105536937713623046875">
        <ele>5.599999904632568359375</ele>
        <time>2021-07-08T11:37:28.000Z</time>
        <extensions>
          <ns3:TrackPointExtension/>
        </extensions>
      </trkpt>
      <trkpt lat="31.96856687776744365692138671875" lon="118.82240292616188526153564453125">
        <ele>5.400000095367431640625</ele>
        <time>2021-07-08T11:37:29.000Z</time>
        <extensions>
          <ns3:TrackPointExtension/>
        </extensions>
      </trkpt>
      <trkpt lat="31.96854776702821254730224609375" lon="118.8223952986299991607666015625">
        <ele>5.400000095367431640625</ele>
        <time>2021-07-08T11:37:30.000Z</time>
        <extensions>
          <ns3:TrackPointExtension>
            <ns3:hr>140</ns3:hr>
            <ns3:cad>75</ns3:cad>
          </ns3:TrackPointExtension>
        </extensions>
      </trkpt>
      <trkpt lat="31.9685305841267108917236328125" lon="118.82238767109811305999755859375">
        <ele>5.19999980926513671875</ele>
        <time>2021-07-08T11:37:31.000Z</time>
        <extensions>
          <ns3:TrackPointExtension/>
        </extensions>
      </trkpt>
      <trkpt lat="31.9685134850442409515380859375" lon="118.822380043566226959228515625">
        <ele>5</ele>
        <time>2021-07-08T11:37:32.000Z</time>
        <extensions>
          <ns3:TrackPointExtension/>
        </extensions>
      </trkpt>
      <trkpt lat="31.96849630214273929595947265625" lon="118.82237241603434085845947265625">
        <ele>5</ele>
        <time>2021-07-08T11:37:33.000Z</time>
        <extensions>
          <ns3:TrackPointExtension/>
        </extensions>
      </trkpt>
      <trkpt lat="31.968479119241237640380859375" lon="118.8223647885024547576904296875">
        <ele>4.80000019073486328125</ele>
        <time>2021-07-08T11:37:34.000Z</time>
        <extensions>
          <ns3:TrackPointExtension/>
        </extensions>
      </trkpt>
      <trkpt lat="31.96846193633973598480224609375" lon="118.82235716097056865692138671875">
        <ele>4.599999904632568359375</ele>
        <time>2021-07-08T11:37:35.000Z</time>
        <extensions>
          <ns3:TrackPointExtension>
            <ns3:hr>139</ns3:hr>
            <ns3:cad>75</ns3:cad>
          </ns3:TrackPointExtension>
        </extensions>
      </trkpt>
      <trkpt lat="31.9684447534382343292236328125" lon="118.82234190590679645538330078125">
        <ele>4.80000019073486328125</ele>
        <time>2021-07-08T11:37:36.000Z</time>
        <extensions>
          <ns3:TrackPointExtension/>
        </extensions>
      </trkpt>
      <trkpt lat="31.968429498374462127685546875" lon="118.8223342783749103546142578125">
        <ele>4.80000019073486328125</ele>
        <time>2021-07-08T11:37:37.000Z</time>
        <extensions>
          <ns3:TrackPointExtension/>
        </extensions>
      </trkpt>
      <trkpt lat="31.9684123992919921875" lon="118.82232665084302425384521484375">
        <ele>4.80000019073486328125</ele>
        <time>2021-07-08T11:37:38.000Z</time>
        <extensions>
          <ns3:TrackPointExtension/>
        </extensions>
      </trkpt>
      <trkpt lat="31.96839521639049053192138671875" lon="118.822319023311138153076171875">
        <ele>5</ele>
        <time>2021-07-08T11:37:39.000Z</time>
        <extensions>
          <ns3:TrackPointExtension/>
        </extensions>
      </trkpt>
      <trkpt lat="31.9683780334889888763427734375" lon="118.82231139577925205230712890625">
        <ele>5</ele>
        <time>2021-07-08T11:37:40.000Z</time>
        <extensions>
          <ns3:TrackPointExtension>
            <ns3:hr>140</ns3:hr>
            <ns3:cad>75</ns3:cad>
          </ns3:TrackPointExtension>
        </extensions>
      </trkpt>
      <trkpt lat="31.9683627784252166748046875" lon="118.8223037682473659515380859375">
        <ele>5</ele>
        <time>2021-07-08T11:37:41.000Z</time>
        <extensions>
          <ns3:TrackPointExtension/>
        </extensions>
      </trkpt>
      <trkpt lat="31.96834559552371501922607421875" lon="118.82229614071547985076904296875">
        <ele>5</ele>
        <time>2021-07-08T11:37:42.000Z</time>
        <extensions>
          <ns3:TrackPointExtension/>
        </extensions>
      </trkpt>
      <trkpt lat="31.9683284126222133636474609375" lon="118.82229614071547985076904296875">
        <ele>5</ele>
        <time>2021-07-08T11:37:43.000Z</time>
        <extensions>
          <ns3:TrackPointExtension/>
        </extensions>
      </trkpt>
      <trkpt lat="31.96831122972071170806884765625" lon="118.82228851318359375">
        <ele>5</ele>
        <time>2021-07-08T11:37:44.000Z</time>
        <extensions>
          <ns3:TrackPointExtension/>
        </extensions>
      </trkpt>
      <trkpt lat="31.9682922028005123138427734375" lon="118.82228851318359375">
        <ele>5</ele>
        <time>2021-07-08T11:37:45.000Z</time>
        <extensions>
          <ns3:TrackPointExtension>
            <ns3:hr>137</ns3:hr>
            <ns3:cad>75</ns3:cad>
          </ns3:TrackPointExtension>
        </extensions>
      </trkpt>
      <trkpt lat="31.96827501989901065826416015625" lon="118.822280801832675933837890625">
        <ele>5</ele>
        <time>2021-07-08T11:37:46.000Z</time>
        <extensions>
          <ns3:TrackPointExtension/>
        </extensions>
      </trkpt>
      <trkpt lat="31.9682559929788112640380859375" lon="118.822280801832675933837890625">
        <ele>5</ele>
        <time>2021-07-08T11:37:47.000Z</time>
        <extensions>
          <ns3:TrackPointExtension/>
        </extensions>
      </trkpt>
      <trkpt lat="31.96823881007730960845947265625" lon="118.822280801832675933837890625">
        <ele>5</ele>
        <time>2021-07-08T11:37:48.000Z</time>
        <extensions>
          <ns3:TrackPointExtension/>
        </extensions>
      </trkpt>
      <trkpt lat="31.968221627175807952880859375" lon="118.822280801832675933837890625">
        <ele>5</ele>
        <time>2021-07-08T11:37:49.000Z</time>
        <extensions>
          <ns3:TrackPointExtension/>
        </extensions>
      </trkpt>
      <trkpt lat="31.96820444427430629730224609375" lon="118.82228851318359375">
        <ele>5</ele>
        <time>2021-07-08T11:37:50.000Z</time>
        <extensions>
          <ns3:TrackPointExtension>
            <ns3:hr>138</ns3:hr>
            <ns3:cad>75</ns3:cad>
          </ns3:TrackPointExtension>
        </extensions>
      </trkpt>
      <trkpt lat="31.968185417354106903076171875" lon="118.82228851318359375">
        <ele>5</ele>
        <time>2021-07-08T11:37:51.000Z</time>
        <extensions>
          <ns3:TrackPointExtension/>
        </extensions>
      </trkpt>
      <trkpt lat="31.96816823445260524749755859375" lon="118.82229614071547985076904296875">
        <ele>5</ele>
        <time>2021-07-08T11:37:52.000Z</time>
        <extensions>
          <ns3:TrackPointExtension/>
        </extensions>
      </trkpt>
      <trkpt lat="31.9681510515511035919189453125" lon="118.82229614071547985076904296875">
        <ele>5.19999980926513671875</ele>
        <time>2021-07-08T11:37:53.000Z</time>
        <extensions>
          <ns3:TrackPointExtension/>
        </extensions>
      </trkpt>
      <trkpt lat="31.96813386864960193634033203125" lon="118.8223037682473659515380859375">
        <ele>5.400000095367431640625</ele>
        <time>2021-07-08T11:37:54.000Z</time>
        <extensions>
          <ns3:TrackPointExtension/>
        </extensions>
      </trkpt>
      <trkpt lat="31.96811668574810028076171875" lon="118.82231139577925205230712890625">
        <ele>5.400000095367431640625</ele>
        <time>2021-07-08T11:37:55.000Z</time>
        <extensions>
          <ns3:TrackPointExtension>
            <ns3:hr>137</ns3:hr>
            <ns3:cad>75</ns3:cad>
          </ns3:TrackPointExtension>
        </extensions>
      </trkpt>
      <trkpt lat="31.96809765882790088653564453125" lon="118.82231139577925205230712890625">
        <ele>5.599999904632568359375</ele>
        <time>2021-07-08T11:37:56.000Z</time>
        <extensions>
          <ns3:TrackPointExtension/>
        </extensions>
      </trkpt>
      <trkpt lat="31.96808047592639923095703125" lon="118.822319023311138153076171875">
        <ele>5.80000019073486328125</ele>
        <time>2021-07-08T11:37:57.000Z</time>
        <extensions>
          <ns3:TrackPointExtension/>
        </extensions>
      </trkpt>
      <trkpt lat="31.968061365187168121337890625" lon="118.822319023311138153076171875">
        <ele>5.80000019073486328125</ele>
        <time>2021-07-08T11:37:58.000Z</time>
        <extensions>
          <ns3:TrackPointExtension/>
        </extensions>
      </trkpt>
      <trkpt lat="31.96804233826696872711181640625" lon="118.822319023311138153076171875">
        <ele>6</ele>
        <time>2021-07-08T11:37:59.000Z</time>
        <extensions>
          <ns3:TrackPointExtension/>
        </extensions>
      </trkpt>
      <trkpt lat="31.96802322752773761749267578125" lon="118.822319023311138153076171875">
        <ele>6.19999980926513671875</ele>
        <time>2021-07-08T11:38:00.000Z</time>
        <extensions>
          <ns3:TrackPointExtension>
            <ns3:hr>135</ns3:hr>
            <ns3:cad>75</ns3:cad>
          </ns3:TrackPointExtension>
        </extensions>
      </trkpt>
      <trkpt lat="31.9680042006075382232666015625" lon="118.822319023311138153076171875">
        <ele>6.19999980926513671875</ele>
        <time>2021-07-08T11:38:01.000Z</time>
        <extensions>
          <ns3:TrackPointExtension/>
        </extensions>
      </trkpt>
      <trkpt lat="31.9679850898683071136474609375" lon="118.822319023311138153076171875">
        <ele>6.400000095367431640625</ele>
        <time>2021-07-08T11:38:02.000Z</time>
        <extensions>
          <ns3:TrackPointExtension/>
        </extensions>
      </trkpt>
      <trkpt lat="31.967964135110378265380859375" lon="118.822319023311138153076171875">
        <ele>6.599999904632568359375</ele>
        <time>2021-07-08T11:38:03.000Z</time>
        <extensions>
          <ns3:TrackPointExtension/>
        </extensions>
      </trkpt>
      <trkpt lat="31.96794502437114715576171875" lon="118.822319023311138153076171875">
        <ele>6.599999904632568359375</ele>
        <time>2021-07-08T11:38:04.000Z</time>
        <extensions>
          <ns3:TrackPointExtension/>
        </extensions>
      </trkpt>
      <trkpt lat="31.9679240696132183074951171875" lon="118.822319023311138153076171875">
        <ele>6.80000019073486328125</ele>
        <time>2021-07-08T11:38:05.000Z</time>
        <extensions>
          <ns3:TrackPointExtension>
            <ns3:hr>137</ns3:hr>
            <ns3:cad>75</ns3:cad>
          </ns3:TrackPointExtension>
        </extensions>
      </trkpt>
      <trkpt lat="31.967903114855289459228515625" lon="118.822319023311138153076171875">
        <ele>7</ele>
        <time>2021-07-08T11:38:06.000Z</time>
        <extensions>
          <ns3:TrackPointExtension/>
        </extensions>
      </trkpt>
      <trkpt lat="31.96788207627832889556884765625" lon="118.822319023311138153076171875">
        <ele>7</ele>
        <time>2021-07-08T11:38:07.000Z</time>
        <extensions>
          <ns3:TrackPointExtension/>
        </extensions>
      </trkpt>
      <trkpt lat="31.9678630493581295013427734375" lon="118.822319023311138153076171875">
        <ele>7</ele>
        <time>2021-07-08T11:38:08.000Z</time>
        <extensions>
          <ns3:TrackPointExtension/>
        </extensions>
      </trkpt>
      <trkpt lat="31.967842094600200653076171875" lon="118.822319023311138153076171875">
        <ele>7</ele>
        <time>2021-07-08T11:38:09.000Z</time>
        <extensions>
          <ns3:TrackPointExtension/>
        </extensions>
      </trkpt>
      <trkpt lat="31.96782105602324008941650390625" lon="118.82232665084302425384521484375">
        <ele>6.80000019073486328125</ele>
        <time>2021-07-08T11:38:10.000Z</time>
        <extensions>
          <ns3:TrackPointExtension>
            <ns3:hr>139</ns3:hr>
            <ns3:cad>75</ns3:cad>
          </ns3:TrackPointExtension>
        </extensions>
      </trkpt>
      <trkpt lat="31.9678020291030406951904296875" lon="118.82232665084302425384521484375">
        <ele>6.80000019073486328125</ele>
        <time>2021-07-08T11:38:11.000Z</time>
        <extensions>
          <ns3:TrackPointExtension/>
        </extensions>
      </trkpt>
      <trkpt lat="31.96778099052608013153076171875" lon="118.8223342783749103546142578125">
        <ele>6.80000019073486328125</ele>
        <time>2021-07-08T11:38:12.000Z</time>
        <extensions>
          <ns3:TrackPointExtension/>
        </extensions>
      </trkpt>
      <trkpt lat="31.9677619636058807373046875" lon="118.82234190590679645538330078125">
        <ele>6.80000019073486328125</ele>
        <time>2021-07-08T11:38:13.000Z</time>
        <extensions>
          <ns3:TrackPointExtension/>
        </extensions>
      </trkpt>
      <trkpt lat="31.9677410088479518890380859375" lon="118.82234190590679645538330078125">
        <ele>6.80000019073486328125</ele>
        <time>2021-07-08T11:38:14.000Z</time>
        <extensions>
          <ns3:TrackPointExtension/>
        </extensions>
      </trkpt>
      <trkpt lat="31.9677218981087207794189453125" lon="118.82234953343868255615234375">
        <ele>6.80000019073486328125</ele>
        <time>2021-07-08T11:38:15.000Z</time>
        <extensions>
          <ns3:TrackPointExtension>
            <ns3:hr>141</ns3:hr>
            <ns3:cad>75</ns3:cad>
          </ns3:TrackPointExtension>
        </extensions>
      </trkpt>
      <trkpt lat="31.96770094335079193115234375" lon="118.82235716097056865692138671875">
        <ele>6.599999904632568359375</ele>
        <time>2021-07-08T11:38:16.000Z</time>
        <extensions>
          <ns3:TrackPointExtension/>
        </extensions>
      </trkpt>
      <trkpt lat="31.967681832611560821533203125" lon="118.82235716097056865692138671875">
        <ele>6.599999904632568359375</ele>
        <time>2021-07-08T11:38:17.000Z</time>
        <extensions>
          <ns3:TrackPointExtension/>
        </extensions>
      </trkpt>
      <trkpt lat="31.96766280569136142730712890625" lon="118.8223647885024547576904296875">
        <ele>6.599999904632568359375</ele>
        <time>2021-07-08T11:38:18.000Z</time>
        <extensions>
          <ns3:TrackPointExtension/>
        </extensions>
      </trkpt>
      <trkpt lat="31.96764369495213031768798828125" lon="118.8223647885024547576904296875">
        <ele>6.80000019073486328125</ele>
        <time>2021-07-08T11:38:19.000Z</time>
        <extensions>
          <ns3:TrackPointExtension/>
        </extensions>
      </trkpt>
      <trkpt lat="31.96762274019420146942138671875" lon="118.8223647885024547576904296875">
        <ele>6.80000019073486328125</ele>
        <time>2021-07-08T11:38:20.000Z</time>
        <extensions>
          <ns3:TrackPointExtension>
            <ns3:hr>140</ns3:hr>
            <ns3:cad>75</ns3:cad>
          </ns3:TrackPointExtension>
        </extensions>
      </trkpt>
      <trkpt lat="31.96760362945497035980224609375" lon="118.82237241603434085845947265625">
        <ele>6.599999904632568359375</ele>
        <time>2021-07-08T11:38:21.000Z</time>
        <extensions>
          <ns3:TrackPointExtension/>
        </extensions>
      </trkpt>
      <trkpt lat="31.967584602534770965576171875" lon="118.82237241603434085845947265625">
        <ele>6.599999904632568359375</ele>
        <time>2021-07-08T11:38:22.000Z</time>
        <extensions>
          <ns3:TrackPointExtension/>
        </extensions>
      </trkpt>
      <trkpt lat="31.96756549179553985595703125" lon="118.82237241603434085845947265625">
        <ele>6.599999904632568359375</ele>
        <time>2021-07-08T11:38:23.000Z</time>
        <extensions>
          <ns3:TrackPointExtension/>
        </extensions>
      </trkpt>
      <trkpt lat="31.967546381056308746337890625" lon="118.82237241603434085845947265625">
        <ele>6.400000095367431640625</ele>
        <time>2021-07-08T11:38:24.000Z</time>
        <extensions>
          <ns3:TrackPointExtension/>
        </extensions>
      </trkpt>
      <trkpt lat="31.96752735413610935211181640625" lon="118.82237241603434085845947265625">
        <ele>6.400000095367431640625</ele>
        <time>2021-07-08T11:38:25.000Z</time>
        <extensions>
          <ns3:TrackPointExtension>
            <ns3:hr>138</ns3:hr>
            <ns3:cad>75</ns3:cad>
          </ns3:TrackPointExtension>
        </extensions>
      </trkpt>
      <trkpt lat="31.96750824339687824249267578125" lon="118.82237241603434085845947265625">
        <ele>6.400000095367431640625</ele>
        <time>2021-07-08T11:38:26.000Z</time>
        <extensions>
          <ns3:TrackPointExtension/>
        </extensions>
      </trkpt>
      <trkpt lat="31.9674892164766788482666015625" lon="118.82237241603434085845947265625">
        <ele>6.19999980926513671875</ele>
        <time>2021-07-08T11:38:27.000Z</time>
        <extensions>
          <ns3:TrackPointExtension/>
        </extensions>
      </trkpt>
      <trkpt lat="31.96747203357517719268798828125" lon="118.8223647885024547576904296875">
        <ele>6.19999980926513671875</ele>
        <time>2021-07-08T11:38:28.000Z</time>
        <extensions>
          <ns3:TrackPointExtension/>
        </extensions>
      </trkpt>
      <trkpt lat="31.96745292283594608306884765625" lon="118.8223647885024547576904296875">
        <ele>6.19999980926513671875</ele>
        <time>2021-07-08T11:38:29.000Z</time>
        <extensions>
          <ns3:TrackPointExtension/>
        </extensions>
      </trkpt>
      <trkpt lat="31.96743582375347614288330078125" lon="118.8223647885024547576904296875">
        <ele>6.19999980926513671875</ele>
        <time>2021-07-08T11:38:30.000Z</time>
        <extensions>
          <ns3:TrackPointExtension>
            <ns3:hr>137</ns3:hr>
            <ns3:cad>75</ns3:cad>
          </ns3:TrackPointExtension>
        </extensions>
      </trkpt>
      <trkpt lat="31.9674186408519744873046875" lon="118.8223647885024547576904296875">
        <ele>6</ele>
        <time>2021-07-08T11:38:31.000Z</time>
        <extensions>
          <ns3:TrackPointExtension/>
        </extensions>
      </trkpt>
      <trkpt lat="31.96740145795047283172607421875" lon="118.8223647885024547576904296875">
        <ele>6</ele>
        <time>2021-07-08T11:38:32.000Z</time>
        <extensions>
          <ns3:TrackPointExtension/>
        </extensions>
      </trkpt>
      <trkpt lat="31.9673824310302734375" lon="118.82235716097056865692138671875">
        <ele>5.80000019073486328125</ele>
        <time>2021-07-08T11:38:33.000Z</time>
        <extensions>
          <ns3:TrackPointExtension/>
        </extensions>
      </trkpt>
      <trkpt lat="31.967363320291042327880859375" lon="118.82235716097056865692138671875">
        <ele>5.80000019073486328125</ele>
        <time>2021-07-08T11:38:34.000Z</time>
        <extensions>
          <ns3:TrackPointExtension/>
        </extensions>
      </trkpt>
      <trkpt lat="31.96734420955181121826171875" lon="118.82235716097056865692138671875">
        <ele>5.599999904632568359375</ele>
        <time>2021-07-08T11:38:35.000Z</time>
        <extensions>
          <ns3:TrackPointExtension>
            <ns3:hr>135</ns3:hr>
            <ns3:cad>75</ns3:cad>
          </ns3:TrackPointExtension>
        </extensions>
      </trkpt>
      <trkpt lat="31.96732518263161182403564453125" lon="118.82235716097056865692138671875">
        <ele>5.599999904632568359375</ele>
        <time>2021-07-08T11:38:36.000Z</time>
        <extensions>
          <ns3:TrackPointExtension/>
        </extensions>
      </trkpt>
      <trkpt lat="31.96730607189238071441650390625" lon="118.82235716097056865692138671875">
        <ele>5.599999904632568359375</ele>
        <time>2021-07-08T11:38:37.000Z</time>
        <extensions>
          <ns3:TrackPointExtension/>
        </extensions>
      </trkpt>
      <trkpt lat="31.9672870449721813201904296875" lon="118.82235716097056865692138671875">
        <ele>5.400000095367431640625</ele>
        <time>2021-07-08T11:38:38.000Z</time>
        <extensions>
          <ns3:TrackPointExtension/>
        </extensions>
      </trkpt>
      <trkpt lat="31.9672679342329502105712890625" lon="118.82235716097056865692138671875">
        <ele>5.400000095367431640625</ele>
        <time>2021-07-08T11:38:39.000Z</time>
        <extensions>
          <ns3:TrackPointExtension/>
        </extensions>
      </trkpt>
      <trkpt lat="31.96724890731275081634521484375" lon="118.82235716097056865692138671875">
        <ele>5.400000095367431640625</ele>
        <time>2021-07-08T11:38:40.000Z</time>
        <extensions>
          <ns3:TrackPointExtension>
            <ns3:hr>136</ns3:hr>
            <ns3:cad>76</ns3:cad>
          </ns3:TrackPointExtension>
        </extensions>
      </trkpt>
      <trkpt lat="31.96722979657351970672607421875" lon="118.82235716097056865692138671875">
        <ele>5.19999980926513671875</ele>
        <time>2021-07-08T11:38:41.000Z</time>
        <extensions>
          <ns3:TrackPointExtension/>
        </extensions>
      </trkpt>
      <trkpt lat="31.9672107696533203125" lon="118.8223647885024547576904296875">
        <ele>5.19999980926513671875</ele>
        <time>2021-07-08T11:38:42.000Z</time>
        <extensions>
          <ns3:TrackPointExtension/>
        </extensions>
      </trkpt>
      <trkpt lat="31.967191658914089202880859375" lon="118.8223647885024547576904296875">
        <ele>5</ele>
        <time>2021-07-08T11:38:43.000Z</time>
        <extensions>
          <ns3:TrackPointExtension/>
        </extensions>
      </trkpt>
      <trkpt lat="31.96717447601258754730224609375" lon="118.8223647885024547576904296875">
        <ele>5</ele>
        <time>2021-07-08T11:38:44.000Z</time>
        <extensions>
          <ns3:TrackPointExtension/>
        </extensions>
      </trkpt>
      <trkpt lat="31.967155449092388153076171875" lon="118.82235716097056865692138671875">
        <ele>5</ele>
        <time>2021-07-08T11:38:45.000Z</time>
        <extensions>
          <ns3:TrackPointExtension>
            <ns3:hr>135</ns3:hr>
            <ns3:cad>75</ns3:cad>
          </ns3:TrackPointExtension>
        </extensions>
      </trkpt>
      <trkpt lat="31.96713826619088649749755859375" lon="118.82235716097056865692138671875">
        <ele>5</ele>
        <time>2021-07-08T11:38:46.000Z</time>
        <extensions>
          <ns3:TrackPointExtension/>
        </extensions>
      </trkpt>
      <trkpt lat="31.9671210832893848419189453125" lon="118.82235716097056865692138671875">
        <ele>4.80000019073486328125</ele>
        <time>2021-07-08T11:38:47.000Z</time>
        <extensions>
          <ns3:TrackPointExtension/>
        </extensions>
      </trkpt>
      <trkpt lat="31.96710390038788318634033203125" lon="118.82235716097056865692138671875">
        <ele>4.80000019073486328125</ele>
        <time>2021-07-08T11:38:48.000Z</time>
        <extensions>
          <ns3:TrackPointExtension/>
        </extensions>
      </trkpt>
      <trkpt lat="31.96708671748638153076171875" lon="118.82235716097056865692138671875">
        <ele>4.80000019073486328125</ele>
        <time>2021-07-08T11:38:49.000Z</time>
        <extensions>
          <ns3:TrackPointExtension/>
        </extensions>
      </trkpt>
      <trkpt lat="31.9670714624226093292236328125" lon="118.82234953343868255615234375">
        <ele>4.80000019073486328125</ele>
        <time>2021-07-08T11:38:50.000Z</time>
        <extensions>
          <ns3:TrackPointExtension>
            <ns3:hr>135</ns3:hr>
            <ns3:cad>75</ns3:cad>
          </ns3:TrackPointExtension>
        </extensions>
      </trkpt>
      <trkpt lat="31.9670543633401393890380859375" lon="118.82234953343868255615234375">
        <ele>4.80000019073486328125</ele>
        <time>2021-07-08T11:38:51.000Z</time>
        <extensions>
          <ns3:TrackPointExtension/>
        </extensions>
      </trkpt>
      <trkpt lat="31.9670391082763671875" lon="118.82234953343868255615234375">
        <ele>4.80000019073486328125</ele>
        <time>2021-07-08T11:38:52.000Z</time>
        <extensions>
          <ns3:TrackPointExtension/>
        </extensions>
      </trkpt>
      <trkpt lat="31.96702376939356327056884765625" lon="118.82234953343868255615234375">
        <ele>4.80000019073486328125</ele>
        <time>2021-07-08T11:38:53.000Z</time>
        <extensions>
          <ns3:TrackPointExtension/>
        </extensions>
      </trkpt>
      <trkpt lat="31.96701237000524997711181640625" lon="118.82234953343868255615234375">
        <ele>4.80000019073486328125</ele>
        <time>2021-07-08T11:38:54.000Z</time>
        <extensions>
          <ns3:TrackPointExtension/>
        </extensions>
      </trkpt>
      <trkpt lat="31.96700281463563442230224609375" lon="118.82234953343868255615234375">
        <ele>4.80000019073486328125</ele>
        <time>2021-07-08T11:38:55.000Z</time>
        <extensions>
          <ns3:TrackPointExtension>
            <ns3:hr>134</ns3:hr>
            <ns3:cad>75</ns3:cad>
          </ns3:TrackPointExtension>
        </extensions>
      </trkpt>
      <trkpt lat="31.9669990427792072296142578125" lon="118.82234953343868255615234375">
        <ele>4.80000019073486328125</ele>
        <time>2021-07-08T11:38:56.000Z</time>
        <extensions>
          <ns3:TrackPointExtension/>
        </extensions>
      </trkpt>
      <trkpt lat="31.96699711494147777557373046875" lon="118.82234953343868255615234375">
        <ele>4.80000019073486328125</ele>
        <time>2021-07-08T11:38:57.000Z</time>
        <extensions>
          <ns3:TrackPointExtension/>
        </extensions>
      </trkpt>
      <trkpt lat="31.9669990427792072296142578125" lon="118.82234953343868255615234375">
        <ele>4.80000019073486328125</ele>
        <time>2021-07-08T11:38:58.000Z</time>
        <extensions>
          <ns3:TrackPointExtension/>
        </extensions>
      </trkpt>
      <trkpt lat="31.96700281463563442230224609375" lon="118.82234953343868255615234375">
        <ele>4.80000019073486328125</ele>
        <time>2021-07-08T11:38:59.000Z</time>
        <extensions>
          <ns3:TrackPointExtension/>
        </extensions>
      </trkpt>
      <trkpt lat="31.96701237000524997711181640625" lon="118.82234953343868255615234375">
        <ele>4.80000019073486328125</ele>
        <time>2021-07-08T11:39:00.000Z</time>
        <extensions>
          <ns3:TrackPointExtension>
            <ns3:hr>135</ns3:hr>
            <ns3:cad>76</ns3:cad>
          </ns3:TrackPointExtension>
        </extensions>
      </trkpt>
      <trkpt lat="31.967025697231292724609375" lon="118.82234953343868255615234375">
        <ele>4.80000019073486328125</ele>
        <time>2021-07-08T11:39:01.000Z</time>
        <extensions>
          <ns3:TrackPointExtension/>
        </extensions>
      </trkpt>
      <trkpt lat="31.9670409522950649261474609375" lon="118.82234953343868255615234375">
        <ele>4.80000019073486328125</ele>
        <time>2021-07-08T11:39:02.000Z</time>
        <extensions>
          <ns3:TrackPointExtension/>
        </extensions>
      </trkpt>
      <trkpt lat="31.9670600630342960357666015625" lon="118.82234190590679645538330078125">
        <ele>4.80000019073486328125</ele>
        <time>2021-07-08T11:39:03.000Z</time>
        <extensions>
          <ns3:TrackPointExtension/>
        </extensions>
      </trkpt>
      <trkpt lat="31.967081017792224884033203125" lon="118.82234190590679645538330078125">
        <ele>4.80000019073486328125</ele>
        <time>2021-07-08T11:39:04.000Z</time>
        <extensions>
          <ns3:TrackPointExtension/>
        </extensions>
      </trkpt>
      <trkpt lat="31.96710390038788318634033203125" lon="118.8223342783749103546142578125">
        <ele>5</ele>
        <time>2021-07-08T11:39:05.000Z</time>
        <extensions>
          <ns3:TrackPointExtension>
            <ns3:hr>135</ns3:hr>
            <ns3:cad>75</ns3:cad>
          </ns3:TrackPointExtension>
        </extensions>
      </trkpt>
      <trkpt lat="31.96712493896484375" lon="118.8223342783749103546142578125">
        <ele>5</ele>
        <time>2021-07-08T11:39:06.000Z</time>
        <extensions>
          <ns3:TrackPointExtension/>
        </extensions>
      </trkpt>
      <trkpt lat="31.96714782156050205230712890625" lon="118.82232665084302425384521484375">
        <ele>5.19999980926513671875</ele>
        <time>2021-07-08T11:39:07.000Z</time>
        <extensions>
          <ns3:TrackPointExtension/>
        </extensions>
      </trkpt>
      <trkpt lat="31.9671707041561603546142578125" lon="118.82232665084302425384521484375">
        <ele>5.19999980926513671875</ele>
        <time>2021-07-08T11:39:08.000Z</time>
        <extensions>
          <ns3:TrackPointExtension/>
        </extensions>
      </trkpt>
      <trkpt lat="31.96719543077051639556884765625" lon="118.822319023311138153076171875">
        <ele>5.400000095367431640625</ele>
        <time>2021-07-08T11:39:09.000Z</time>
        <extensions>
          <ns3:TrackPointExtension/>
        </extensions>
      </trkpt>
      <trkpt lat="31.96722024120390415191650390625" lon="118.822319023311138153076171875">
        <ele>5.400000095367431640625</ele>
        <time>2021-07-08T11:39:10.000Z</time>
        <extensions>
          <ns3:TrackPointExtension>
            <ns3:hr>135</ns3:hr>
            <ns3:cad>76</ns3:cad>
          </ns3:TrackPointExtension>
        </extensions>
      </trkpt>
      <trkpt lat="31.9672431237995624542236328125" lon="118.82231139577925205230712890625">
        <ele>5.599999904632568359375</ele>
        <time>2021-07-08T11:39:11.000Z</time>
        <extensions>
          <ns3:TrackPointExtension/>
        </extensions>
      </trkpt>
      <trkpt lat="31.96726600639522075653076171875" lon="118.8223037682473659515380859375">
        <ele>5.80000019073486328125</ele>
        <time>2021-07-08T11:39:12.000Z</time>
        <extensions>
          <ns3:TrackPointExtension/>
        </extensions>
      </trkpt>
      <trkpt lat="31.96729081682860851287841796875" lon="118.8223037682473659515380859375">
        <ele>5.80000019073486328125</ele>
        <time>2021-07-08T11:39:13.000Z</time>
        <extensions>
          <ns3:TrackPointExtension/>
        </extensions>
      </trkpt>
      <trkpt lat="31.96731562726199626922607421875" lon="118.82229614071547985076904296875">
        <ele>6</ele>
        <time>2021-07-08T11:39:14.000Z</time>
        <extensions>
          <ns3:TrackPointExtension/>
        </extensions>
      </trkpt>
      <trkpt lat="31.96734043769538402557373046875" lon="118.82228851318359375">
        <ele>6</ele>
        <time>2021-07-08T11:39:15.000Z</time>
        <extensions>
          <ns3:TrackPointExtension>
            <ns3:hr>138</ns3:hr>
            <ns3:cad>76</ns3:cad>
          </ns3:TrackPointExtension>
        </extensions>
      </trkpt>
      <trkpt lat="31.96736524812877178192138671875" lon="118.822280801832675933837890625">
        <ele>6.19999980926513671875</ele>
        <time>2021-07-08T11:39:16.000Z</time>
        <extensions>
          <ns3:TrackPointExtension/>
        </extensions>
      </trkpt>
      <trkpt lat="31.96738620288670063018798828125" lon="118.82227317430078983306884765625">
        <ele>6.19999980926513671875</ele>
        <time>2021-07-08T11:39:17.000Z</time>
        <extensions>
          <ns3:TrackPointExtension/>
        </extensions>
      </trkpt>
      <trkpt lat="31.96740531362593173980712890625" lon="118.8222655467689037322998046875">
        <ele>6.400000095367431640625</ele>
        <time>2021-07-08T11:39:18.000Z</time>
        <extensions>
          <ns3:TrackPointExtension/>
        </extensions>
      </trkpt>
      <trkpt lat="31.96742056868970394134521484375" lon="118.82225791923701763153076171875">
        <ele>6.400000095367431640625</ele>
        <time>2021-07-08T11:39:19.000Z</time>
        <extensions>
          <ns3:TrackPointExtension/>
        </extensions>
      </trkpt>
      <trkpt lat="31.96743196807801723480224609375" lon="118.82224266417324542999267578125">
        <ele>6.599999904632568359375</ele>
        <time>2021-07-08T11:39:20.000Z</time>
        <extensions>
          <ns3:TrackPointExtension>
            <ns3:hr>138</ns3:hr>
            <ns3:cad>76</ns3:cad>
          </ns3:TrackPointExtension>
        </extensions>
      </trkpt>
      <trkpt lat="31.96743766777217388153076171875" lon="118.8222350366413593292236328125">
        <ele>6.599999904632568359375</ele>
        <time>2021-07-08T11:39:21.000Z</time>
        <extensions>
          <ns3:TrackPointExtension/>
        </extensions>
      </trkpt>
      <trkpt lat="31.9674395956099033355712890625" lon="118.82222740910947322845458984375">
        <ele>6.599999904632568359375</ele>
        <time>2021-07-08T11:39:22.000Z</time>
        <extensions>
          <ns3:TrackPointExtension/>
        </extensions>
      </trkpt>
      <trkpt lat="31.96743766777217388153076171875" lon="118.82221215404570102691650390625">
        <ele>6.599999904632568359375</ele>
        <time>2021-07-08T11:39:23.000Z</time>
        <extensions>
          <ns3:TrackPointExtension/>
        </extensions>
      </trkpt>
      <trkpt lat="31.96743004024028778076171875" lon="118.8222045265138149261474609375">
        <ele>6.599999904632568359375</ele>
        <time>2021-07-08T11:39:24.000Z</time>
        <extensions>
          <ns3:TrackPointExtension/>
        </extensions>
      </trkpt>
      <trkpt lat="31.96741671301424503326416015625" lon="118.82219689898192882537841796875">
        <ele>6.599999904632568359375</ele>
        <time>2021-07-08T11:39:25.000Z</time>
        <extensions>
          <ns3:TrackPointExtension>
            <ns3:hr>136</ns3:hr>
            <ns3:cad>77</ns3:cad>
          </ns3:TrackPointExtension>
        </extensions>
      </trkpt>
      <trkpt lat="31.967399530112743377685546875" lon="118.822189271450042724609375">
        <ele>6.599999904632568359375</ele>
        <time>2021-07-08T11:39:26.000Z</time>
        <extensions>
          <ns3:TrackPointExtension/>
        </extensions>
      </trkpt>
      <trkpt lat="31.9673785753548145294189453125" lon="118.822189271450042724609375">
        <ele>6.599999904632568359375</ele>
        <time>2021-07-08T11:39:27.000Z</time>
        <extensions>
          <ns3:TrackPointExtension/>
        </extensions>
      </trkpt>
      <trkpt lat="31.9673537649214267730712890625" lon="118.82218164391815662384033203125">
        <ele>6.400000095367431640625</ele>
        <time>2021-07-08T11:39:28.000Z</time>
        <extensions>
          <ns3:TrackPointExtension/>
        </extensions>
      </trkpt>
      <trkpt lat="31.967327110469341278076171875" lon="118.82218164391815662384033203125">
        <ele>6.400000095367431640625</ele>
        <time>2021-07-08T11:39:29.000Z</time>
        <extensions>
          <ns3:TrackPointExtension/>
        </extensions>
      </trkpt>
      <trkpt lat="31.96730037219822406768798828125" lon="118.82218164391815662384033203125">
        <ele>6.400000095367431640625</ele>
        <time>2021-07-08T11:39:30.000Z</time>
        <extensions>
          <ns3:TrackPointExtension>
            <ns3:hr>139</ns3:hr>
            <ns3:cad>76</ns3:cad>
          </ns3:TrackPointExtension>
        </extensions>
      </trkpt>
      <trkpt lat="31.96727178990840911865234375" lon="118.82218164391815662384033203125">
        <ele>6.400000095367431640625</ele>
        <time>2021-07-08T11:39:31.000Z</time>
        <extensions>
          <ns3:TrackPointExtension/>
        </extensions>
      </trkpt>
      <trkpt lat="31.9672431237995624542236328125" lon="118.82218164391815662384033203125">
        <ele>6.400000095367431640625</ele>
        <time>2021-07-08T11:39:32.000Z</time>
        <extensions>
          <ns3:TrackPointExtension/>
        </extensions>
      </trkpt>
      <trkpt lat="31.9672126136720180511474609375" lon="118.822189271450042724609375">
        <ele>6.400000095367431640625</ele>
        <time>2021-07-08T11:39:33.000Z</time>
        <extensions>
          <ns3:TrackPointExtension/>
        </extensions>
      </trkpt>
      <trkpt lat="31.96718403138220310211181640625" lon="118.822189271450042724609375">
        <ele>6.19999980926513671875</ele>
        <time>2021-07-08T11:39:34.000Z</time>
        <extensions>
          <ns3:TrackPointExtension/>
        </extensions>
      </trkpt>
      <trkpt lat="31.967155449092388153076171875" lon="118.82219689898192882537841796875">
        <ele>6.19999980926513671875</ele>
        <time>2021-07-08T11:39:35.000Z</time>
        <extensions>
          <ns3:TrackPointExtension>
            <ns3:hr>137</ns3:hr>
            <ns3:cad>76</ns3:cad>
          </ns3:TrackPointExtension>
        </extensions>
      </trkpt>
      <trkpt lat="31.96712493896484375" lon="118.82219689898192882537841796875">
        <ele>6</ele>
        <time>2021-07-08T11:39:36.000Z</time>
        <extensions>
          <ns3:TrackPointExtension/>
        </extensions>
      </trkpt>
      <trkpt lat="31.9670962728559970855712890625" lon="118.8222045265138149261474609375">
        <ele>5.80000019073486328125</ele>
        <time>2021-07-08T11:39:37.000Z</time>
        <extensions>
          <ns3:TrackPointExtension/>
        </extensions>
      </trkpt>
      <trkpt lat="31.96706769056618213653564453125" lon="118.8222045265138149261474609375">
        <ele>5.80000019073486328125</ele>
        <time>2021-07-08T11:39:38.000Z</time>
        <extensions>
          <ns3:TrackPointExtension/>
        </extensions>
      </trkpt>
      <trkpt lat="31.9670391082763671875" lon="118.82221215404570102691650390625">
        <ele>5.400000095367431640625</ele>
        <time>2021-07-08T11:39:39.000Z</time>
        <extensions>
          <ns3:TrackPointExtension/>
        </extensions>
      </trkpt>
      <trkpt lat="31.9670104421675205230712890625" lon="118.82221215404570102691650390625">
        <ele>5.19999980926513671875</ele>
        <time>2021-07-08T11:39:40.000Z</time>
        <extensions>
          <ns3:TrackPointExtension>
            <ns3:hr>139</ns3:hr>
            <ns3:cad>76</ns3:cad>
          </ns3:TrackPointExtension>
        </extensions>
      </trkpt>
      <trkpt lat="31.966983787715435028076171875" lon="118.822219781577587127685546875">
        <ele>5</ele>
        <time>2021-07-08T11:39:41.000Z</time>
        <extensions>
          <ns3:TrackPointExtension/>
        </extensions>
      </trkpt>
      <trkpt lat="31.96695704944431781768798828125" lon="118.822219781577587127685546875">
        <ele>5</ele>
        <time>2021-07-08T11:39:42.000Z</time>
        <extensions>
          <ns3:TrackPointExtension/>
        </extensions>
      </trkpt>
      <trkpt lat="31.9669303111732006072998046875" lon="118.82222740910947322845458984375">
        <ele>5</ele>
        <time>2021-07-08T11:39:43.000Z</time>
        <extensions>
          <ns3:TrackPointExtension/>
        </extensions>
      </trkpt>
      <trkpt lat="31.9669036567211151123046875" lon="118.82222740910947322845458984375">
        <ele>5</ele>
        <time>2021-07-08T11:39:44.000Z</time>
        <extensions>
          <ns3:TrackPointExtension/>
        </extensions>
      </trkpt>
      <trkpt lat="31.96687884628772735595703125" lon="118.8222350366413593292236328125">
        <ele>5</ele>
        <time>2021-07-08T11:39:45.000Z</time>
        <extensions>
          <ns3:TrackPointExtension>
            <ns3:hr>141</ns3:hr>
            <ns3:cad>77</ns3:cad>
          </ns3:TrackPointExtension>
        </extensions>
      </trkpt>
      <trkpt lat="31.966854035854339599609375" lon="118.8222350366413593292236328125">
        <ele>5</ele>
        <time>2021-07-08T11:39:46.000Z</time>
        <extensions>
          <ns3:TrackPointExtension/>
        </extensions>
      </trkpt>
      <trkpt lat="31.96683115325868129730224609375" lon="118.82224266417324542999267578125">
        <ele>5</ele>
        <time>2021-07-08T11:39:47.000Z</time>
        <extensions>
          <ns3:TrackPointExtension/>
        </extensions>
      </trkpt>
      <trkpt lat="31.96680634282529354095458984375" lon="118.82225029170513153076171875">
        <ele>5</ele>
        <time>2021-07-08T11:39:48.000Z</time>
        <extensions>
          <ns3:TrackPointExtension/>
        </extensions>
      </trkpt>
      <trkpt lat="31.9667816162109375" lon="118.82225791923701763153076171875">
        <ele>5</ele>
        <time>2021-07-08T11:39:49.000Z</time>
        <extensions>
          <ns3:TrackPointExtension/>
        </extensions>
      </trkpt>
      <trkpt lat="31.9667586497962474822998046875" lon="118.82227317430078983306884765625">
        <ele>4.80000019073486328125</ele>
        <time>2021-07-08T11:39:50.000Z</time>
        <extensions>
          <ns3:TrackPointExtension>
            <ns3:hr>143</ns3:hr>
            <ns3:cad>76</ns3:cad>
          </ns3:TrackPointExtension>
        </extensions>
      </trkpt>
      <trkpt lat="31.96673576720058917999267578125" lon="118.82228851318359375">
        <ele>5</ele>
        <time>2021-07-08T11:39:51.000Z</time>
        <extensions>
          <ns3:TrackPointExtension/>
        </extensions>
      </trkpt>
      <trkpt lat="31.966712884604930877685546875" lon="118.8223037682473659515380859375">
        <ele>5.19999980926513671875</ele>
        <time>2021-07-08T11:39:52.000Z</time>
        <extensions>
          <ns3:TrackPointExtension/>
        </extensions>
      </trkpt>
      <trkpt lat="31.9666919298470020294189453125" lon="118.822319023311138153076171875">
        <ele>5.400000095367431640625</ele>
        <time>2021-07-08T11:39:53.000Z</time>
        <extensions>
          <ns3:TrackPointExtension/>
        </extensions>
      </trkpt>
      <trkpt lat="31.96667097508907318115234375" lon="118.8223342783749103546142578125">
        <ele>5.599999904632568359375</ele>
        <time>2021-07-08T11:39:54.000Z</time>
        <extensions>
          <ns3:TrackPointExtension/>
        </extensions>
      </trkpt>
      <trkpt lat="31.96664993651211261749267578125" lon="118.82234953343868255615234375">
        <ele>5.599999904632568359375</ele>
        <time>2021-07-08T11:39:55.000Z</time>
        <extensions>
          <ns3:TrackPointExtension>
            <ns3:hr>143</ns3:hr>
            <ns3:cad>77</ns3:cad>
          </ns3:TrackPointExtension>
        </extensions>
      </trkpt>
      <trkpt lat="31.9666309095919132232666015625" lon="118.82237241603434085845947265625">
        <ele>5.80000019073486328125</ele>
        <time>2021-07-08T11:39:56.000Z</time>
        <extensions>
          <ns3:TrackPointExtension/>
        </extensions>
      </trkpt>
      <trkpt lat="31.9666117988526821136474609375" lon="118.8223952986299991607666015625">
        <ele>6</ele>
        <time>2021-07-08T11:39:57.000Z</time>
        <extensions>
          <ns3:TrackPointExtension/>
        </extensions>
      </trkpt>
      <trkpt lat="31.96659277193248271942138671875" lon="118.8224105536937713623046875">
        <ele>6.19999980926513671875</ele>
        <time>2021-07-08T11:39:58.000Z</time>
        <extensions>
          <ns3:TrackPointExtension/>
        </extensions>
      </trkpt>
      <trkpt lat="31.9665755890309810638427734375" lon="118.82243343628942966461181640625">
        <ele>6.400000095367431640625</ele>
        <time>2021-07-08T11:39:59.000Z</time>
        <extensions>
          <ns3:TrackPointExtension/>
        </extensions>
      </trkpt>
      <trkpt lat="31.96655840612947940826416015625" lon="118.82246394641697406768798828125">
        <ele>6.80000019073486328125</ele>
        <time>2021-07-08T11:40:00.000Z</time>
        <extensions>
          <ns3:TrackPointExtension>
            <ns3:hr>147</ns3:hr>
            <ns3:cad>77</ns3:cad>
          </ns3:TrackPointExtension>
        </extensions>
      </trkpt>
      <trkpt lat="31.96654315106570720672607421875" lon="118.8224868290126323699951171875">
        <ele>7</ele>
        <time>2021-07-08T11:40:01.000Z</time>
        <extensions>
          <ns3:TrackPointExtension/>
        </extensions>
      </trkpt>
      <trkpt lat="31.9665241241455078125" lon="118.82249445654451847076416015625">
        <ele>7.19999980926513671875</ele>
        <time>2021-07-08T11:40:02.000Z</time>
        <extensions>
          <ns3:TrackPointExtension/>
        </extensions>
      </trkpt>
      <trkpt lat="31.96650694124400615692138671875" lon="118.82250971160829067230224609375">
        <ele>7.400000095367431640625</ele>
        <time>2021-07-08T11:40:03.000Z</time>
        <extensions>
          <ns3:TrackPointExtension/>
        </extensions>
      </trkpt>
      <trkpt lat="31.96648783050477504730224609375" lon="118.82252496667206287384033203125">
        <ele>7.599999904632568359375</ele>
        <time>2021-07-08T11:40:04.000Z</time>
        <extensions>
          <ns3:TrackPointExtension/>
        </extensions>
      </trkpt>
      <trkpt lat="31.96617501787841320037841796875" lon="118.822563104331493377685546875">
        <ele>8</ele>
        <time>2021-07-08T11:40:13.000Z</time>
        <extensions>
          <ns3:TrackPointExtension/>
        </extensions>
      </trkpt>
      <trkpt lat="31.966161690652370452880859375" lon="118.82257073186337947845458984375">
        <ele>8</ele>
        <time>2021-07-08T11:40:14.000Z</time>
        <extensions>
          <ns3:TrackPointExtension/>
        </extensions>
      </trkpt>
      <trkpt lat="31.96613880805671215057373046875" lon="118.822563104331493377685546875">
        <ele>8</ele>
        <time>2021-07-08T11:40:15.000Z</time>
        <extensions>
          <ns3:TrackPointExtension>
            <ns3:hr>149</ns3:hr>
            <ns3:cad>76</ns3:cad>
          </ns3:TrackPointExtension>
        </extensions>
      </trkpt>
      <trkpt lat="31.96611785329878330230712890625" lon="118.82255547679960727691650390625">
        <ele>7.80000019073486328125</ele>
        <time>2021-07-08T11:40:16.000Z</time>
        <extensions>
          <ns3:TrackPointExtension/>
        </extensions>
      </trkpt>
      <trkpt lat="31.9660968147218227386474609375" lon="118.82257073186337947845458984375">
        <ele>8</ele>
        <time>2021-07-08T11:40:17.000Z</time>
        <extensions>
          <ns3:TrackPointExtension/>
        </extensions>
      </trkpt>
      <trkpt lat="31.9660663045942783355712890625" lon="118.8225783593952655792236328125">
        <ele>8</ele>
        <time>2021-07-08T11:40:18.000Z</time>
        <extensions>
          <ns3:TrackPointExtension/>
        </extensions>
      </trkpt>
      <trkpt lat="31.9660414941608905792236328125" lon="118.8225783593952655792236328125">
        <ele>8</ele>
        <time>2021-07-08T11:40:19.000Z</time>
        <extensions>
          <ns3:TrackPointExtension/>
        </extensions>
      </trkpt>
      <trkpt lat="31.96601676754653453826904296875" lon="118.82257073186337947845458984375">
        <ele>8</ele>
        <time>2021-07-08T11:40:20.000Z</time>
        <extensions>
          <ns3:TrackPointExtension>
            <ns3:hr>147</ns3:hr>
            <ns3:cad>76</ns3:cad>
          </ns3:TrackPointExtension>
        </extensions>
      </trkpt>
      <trkpt lat="31.965990029275417327880859375" lon="118.82257073186337947845458984375">
        <ele>8</ele>
        <time>2021-07-08T11:40:21.000Z</time>
        <extensions>
          <ns3:TrackPointExtension/>
        </extensions>
      </trkpt>
      <trkpt lat="31.96596329100430011749267578125" lon="118.82257073186337947845458984375">
        <ele>8</ele>
        <time>2021-07-08T11:40:22.000Z</time>
        <extensions>
          <ns3:TrackPointExtension/>
        </extensions>
      </trkpt>
      <trkpt lat="31.96593663655221462249755859375" lon="118.82257073186337947845458984375">
        <ele>7.80000019073486328125</ele>
        <time>2021-07-08T11:40:23.000Z</time>
        <extensions>
          <ns3:TrackPointExtension/>
        </extensions>
      </trkpt>
      <trkpt lat="31.96590797044336795806884765625" lon="118.822563104331493377685546875">
        <ele>7.80000019073486328125</ele>
        <time>2021-07-08T11:40:24.000Z</time>
        <extensions>
          <ns3:TrackPointExtension/>
        </extensions>
      </trkpt>
      <trkpt lat="31.96588131599128246307373046875" lon="118.82255547679960727691650390625">
        <ele>7.599999904632568359375</ele>
        <time>2021-07-08T11:40:25.000Z</time>
        <extensions>
          <ns3:TrackPointExtension>
            <ns3:hr>146</ns3:hr>
            <ns3:cad>76</ns3:cad>
          </ns3:TrackPointExtension>
        </extensions>
      </trkpt>
      <trkpt lat="31.9658527337014675140380859375" lon="118.8225478492677211761474609375">
        <ele>7.400000095367431640625</ele>
        <time>2021-07-08T11:40:26.000Z</time>
        <extensions>
          <ns3:TrackPointExtension/>
        </extensions>
      </trkpt>
      <trkpt lat="31.965824067592620849609375" lon="118.82254022173583507537841796875">
        <ele>7.19999980926513671875</ele>
        <time>2021-07-08T11:40:27.000Z</time>
        <extensions>
          <ns3:TrackPointExtension/>
        </extensions>
      </trkpt>
      <trkpt lat="31.9657974131405353546142578125" lon="118.82254022173583507537841796875">
        <ele>7</ele>
        <time>2021-07-08T11:40:28.000Z</time>
        <extensions>
          <ns3:TrackPointExtension/>
        </extensions>
      </trkpt>
      <trkpt lat="31.965768747031688690185546875" lon="118.822532594203948974609375">
        <ele>6.80000019073486328125</ele>
        <time>2021-07-08T11:40:29.000Z</time>
        <extensions>
          <ns3:TrackPointExtension/>
        </extensions>
      </trkpt>
      <trkpt lat="31.9657420925796031951904296875" lon="118.82252496667206287384033203125">
        <ele>6.599999904632568359375</ele>
        <time>2021-07-08T11:40:30.000Z</time>
        <extensions>
          <ns3:TrackPointExtension>
            <ns3:hr>146</ns3:hr>
            <ns3:cad>76</ns3:cad>
          </ns3:TrackPointExtension>
        </extensions>
      </trkpt>
      <trkpt lat="31.9657172821462154388427734375" lon="118.8225173391401767730712890625">
        <ele>6.400000095367431640625</ele>
        <time>2021-07-08T11:40:31.000Z</time>
        <extensions>
          <ns3:TrackPointExtension/>
        </extensions>
      </trkpt>
      <trkpt lat="31.96569054387509822845458984375" lon="118.82250971160829067230224609375">
        <ele>6.400000095367431640625</ele>
        <time>2021-07-08T11:40:32.000Z</time>
        <extensions>
          <ns3:TrackPointExtension/>
        </extensions>
      </trkpt>
      <trkpt lat="31.96566388942301273345947265625" lon="118.82250971160829067230224609375">
        <ele>6.19999980926513671875</ele>
        <time>2021-07-08T11:40:33.000Z</time>
        <extensions>
          <ns3:TrackPointExtension/>
        </extensions>
      </trkpt>
      <trkpt lat="31.96563907898962497711181640625" lon="118.822502084076404571533203125">
        <ele>6</ele>
        <time>2021-07-08T11:40:34.000Z</time>
        <extensions>
          <ns3:TrackPointExtension/>
        </extensions>
      </trkpt>
      <trkpt lat="31.9656161963939666748046875" lon="118.82249445654451847076416015625">
        <ele>5.80000019073486328125</ele>
        <time>2021-07-08T11:40:35.000Z</time>
        <extensions>
          <ns3:TrackPointExtension>
            <ns3:hr>146</ns3:hr>
            <ns3:cad>76</ns3:cad>
          </ns3:TrackPointExtension>
        </extensions>
      </trkpt>
      <trkpt lat="31.96559138596057891845703125" lon="118.8224868290126323699951171875">
        <ele>5.599999904632568359375</ele>
        <time>2021-07-08T11:40:36.000Z</time>
        <extensions>
          <ns3:TrackPointExtension/>
        </extensions>
      </trkpt>
      <trkpt lat="31.965566575527191162109375" lon="118.8224868290126323699951171875">
        <ele>5.599999904632568359375</ele>
        <time>2021-07-08T11:40:37.000Z</time>
        <extensions>
          <ns3:TrackPointExtension/>
        </extensions>
      </trkpt>
      <trkpt lat="31.96554176509380340576171875" lon="118.82247920148074626922607421875">
        <ele>5.400000095367431640625</ele>
        <time>2021-07-08T11:40:38.000Z</time>
        <extensions>
          <ns3:TrackPointExtension/>
        </extensions>
      </trkpt>
      <trkpt lat="31.96551703847944736480712890625" lon="118.82247157394886016845703125">
        <ele>5.400000095367431640625</ele>
        <time>2021-07-08T11:40:39.000Z</time>
        <extensions>
          <ns3:TrackPointExtension/>
        </extensions>
      </trkpt>
      <trkpt lat="31.9654941558837890625" lon="118.82247157394886016845703125">
        <ele>5.400000095367431640625</ele>
        <time>2021-07-08T11:40:40.000Z</time>
        <extensions>
          <ns3:TrackPointExtension>
            <ns3:hr>147</ns3:hr>
            <ns3:cad>76</ns3:cad>
          </ns3:TrackPointExtension>
        </extensions>
      </trkpt>
      <trkpt lat="31.96546934545040130615234375" lon="118.82246394641697406768798828125">
        <ele>5.19999980926513671875</ele>
        <time>2021-07-08T11:40:41.000Z</time>
        <extensions>
          <ns3:TrackPointExtension/>
        </extensions>
      </trkpt>
      <trkpt lat="31.9654445350170135498046875" lon="118.82246394641697406768798828125">
        <ele>5.19999980926513671875</ele>
        <time>2021-07-08T11:40:42.000Z</time>
        <extensions>
          <ns3:TrackPointExtension/>
        </extensions>
      </trkpt>
      <trkpt lat="31.96541972458362579345703125" lon="118.8224563188850879669189453125">
        <ele>5</ele>
        <time>2021-07-08T11:40:43.000Z</time>
        <extensions>
          <ns3:TrackPointExtension/>
        </extensions>
      </trkpt>
      <trkpt lat="31.96539684198796749114990234375" lon="118.8224563188850879669189453125">
        <ele>5</ele>
        <time>2021-07-08T11:40:44.000Z</time>
        <extensions>
          <ns3:TrackPointExtension/>
        </extensions>
      </trkpt>
      <trkpt lat="31.96537203155457973480224609375" lon="118.82244869135320186614990234375">
        <ele>5</ele>
        <time>2021-07-08T11:40:45.000Z</time>
        <extensions>
          <ns3:TrackPointExtension>
            <ns3:hr>147</ns3:hr>
            <ns3:cad>76</ns3:cad>
          </ns3:TrackPointExtension>
        </extensions>
      </trkpt>
      <trkpt lat="31.9653491489589214324951171875" lon="118.82244869135320186614990234375">
        <ele>5</ele>
        <time>2021-07-08T11:40:46.000Z</time>
        <extensions>
          <ns3:TrackPointExtension/>
        </extensions>
      </trkpt>
      <trkpt lat="31.9653243385255336761474609375" lon="118.82244869135320186614990234375">
        <ele>5</ele>
        <time>2021-07-08T11:40:47.000Z</time>
        <extensions>
          <ns3:TrackPointExtension/>
        </extensions>
      </trkpt>
      <trkpt lat="31.9652995280921459197998046875" lon="118.822441063821315765380859375">
        <ele>5</ele>
        <time>2021-07-08T11:40:48.000Z</time>
        <extensions>
          <ns3:TrackPointExtension/>
        </extensions>
      </trkpt>
      <trkpt lat="31.96527480147778987884521484375" lon="118.822441063821315765380859375">
        <ele>5</ele>
        <time>2021-07-08T11:40:49.000Z</time>
        <extensions>
          <ns3:TrackPointExtension/>
        </extensions>
      </trkpt>
      <trkpt lat="31.96524999104440212249755859375" lon="118.82243343628942966461181640625">
        <ele>5</ele>
        <time>2021-07-08T11:40:50.000Z</time>
        <extensions>
          <ns3:TrackPointExtension>
            <ns3:hr>144</ns3:hr>
            <ns3:cad>76</ns3:cad>
          </ns3:TrackPointExtension>
        </extensions>
      </trkpt>
      <trkpt lat="31.96522518061101436614990234375" lon="118.8224258087575435638427734375">
        <ele>5.19999980926513671875</ele>
        <time>2021-07-08T11:40:51.000Z</time>
        <extensions>
          <ns3:TrackPointExtension/>
        </extensions>
      </trkpt>
      <trkpt lat="31.9652022980153560638427734375" lon="118.8224258087575435638427734375">
        <ele>5.19999980926513671875</ele>
        <time>2021-07-08T11:40:52.000Z</time>
        <extensions>
          <ns3:TrackPointExtension/>
        </extensions>
      </trkpt>
      <trkpt lat="31.96517555974423885345458984375" lon="118.82241818122565746307373046875">
        <ele>5.400000095367431640625</ele>
        <time>2021-07-08T11:40:53.000Z</time>
        <extensions>
          <ns3:TrackPointExtension/>
        </extensions>
      </trkpt>
      <trkpt lat="31.9651508331298828125" lon="118.8224105536937713623046875">
        <ele>5.599999904632568359375</ele>
        <time>2021-07-08T11:40:54.000Z</time>
        <extensions>
          <ns3:TrackPointExtension/>
        </extensions>
      </trkpt>
      <trkpt lat="31.96512602269649505615234375" lon="118.82240292616188526153564453125">
        <ele>5.599999904632568359375</ele>
        <time>2021-07-08T11:40:55.000Z</time>
        <extensions>
          <ns3:TrackPointExtension>
            <ns3:hr>148</ns3:hr>
            <ns3:cad>76</ns3:cad>
          </ns3:TrackPointExtension>
        </extensions>
      </trkpt>
      <trkpt lat="31.9651012122631072998046875" lon="118.82240292616188526153564453125">
        <ele>6</ele>
        <time>2021-07-08T11:40:56.000Z</time>
        <extensions>
          <ns3:TrackPointExtension/>
        </extensions>
      </trkpt>
      <trkpt lat="31.96507640182971954345703125" lon="118.8223952986299991607666015625">
        <ele>6.19999980926513671875</ele>
        <time>2021-07-08T11:40:57.000Z</time>
        <extensions>
          <ns3:TrackPointExtension/>
        </extensions>
      </trkpt>
      <trkpt lat="31.96504966355860233306884765625" lon="118.82238767109811305999755859375">
        <ele>6.400000095367431640625</ele>
        <time>2021-07-08T11:40:58.000Z</time>
        <extensions>
          <ns3:TrackPointExtension/>
        </extensions>
      </trkpt>
      <trkpt lat="31.9650249369442462921142578125" lon="118.822380043566226959228515625">
        <ele>6.599999904632568359375</ele>
        <time>2021-07-08T11:40:59.000Z</time>
        <extensions>
          <ns3:TrackPointExtension/>
        </extensions>
      </trkpt>
      <trkpt lat="31.96499819867312908172607421875" lon="118.82237241603434085845947265625">
        <ele>6.80000019073486328125</ele>
        <time>2021-07-08T11:41:00.000Z</time>
        <extensions>
          <ns3:TrackPointExtension>
            <ns3:hr>147</ns3:hr>
            <ns3:cad>76</ns3:cad>
          </ns3:TrackPointExtension>
        </extensions>
      </trkpt>
      <trkpt lat="31.964971460402011871337890625" lon="118.8223647885024547576904296875">
        <ele>7</ele>
        <time>2021-07-08T11:41:01.000Z</time>
        <extensions>
          <ns3:TrackPointExtension/>
        </extensions>
      </trkpt>
      <trkpt lat="31.96494673378765583038330078125" lon="118.82235716097056865692138671875">
        <ele>7.19999980926513671875</ele>
        <time>2021-07-08T11:41:02.000Z</time>
        <extensions>
          <ns3:TrackPointExtension/>
        </extensions>
      </trkpt>
      <trkpt lat="31.9649199955165386199951171875" lon="118.82234953343868255615234375">
        <ele>7.599999904632568359375</ele>
        <time>2021-07-08T11:41:03.000Z</time>
        <extensions>
          <ns3:TrackPointExtension/>
        </extensions>
      </trkpt>
      <trkpt lat="31.96489141322672367095947265625" lon="118.82234190590679645538330078125">
        <ele>7.80000019073486328125</ele>
        <time>2021-07-08T11:41:04.000Z</time>
        <extensions>
          <ns3:TrackPointExtension/>
        </extensions>
      </trkpt>
      <trkpt lat="31.9648646749556064605712890625" lon="118.8223342783749103546142578125">
        <ele>8</ele>
        <time>2021-07-08T11:41:05.000Z</time>
        <extensions>
          <ns3:TrackPointExtension>
            <ns3:hr>148</ns3:hr>
            <ns3:cad>76</ns3:cad>
          </ns3:TrackPointExtension>
        </extensions>
      </trkpt>
      <trkpt lat="31.964838020503520965576171875" lon="118.8223342783749103546142578125">
        <ele>8.19999980926513671875</ele>
        <time>2021-07-08T11:41:06.000Z</time>
        <extensions>
          <ns3:TrackPointExtension/>
        </extensions>
      </trkpt>
      <trkpt lat="31.96481128223240375518798828125" lon="118.82232665084302425384521484375">
        <ele>8.3999996185302734375</ele>
        <time>2021-07-08T11:41:07.000Z</time>
        <extensions>
          <ns3:TrackPointExtension/>
        </extensions>
      </trkpt>
      <trkpt lat="31.9647845439612865447998046875" lon="118.822319023311138153076171875">
        <ele>8.6000003814697265625</ele>
        <time>2021-07-08T11:41:08.000Z</time>
        <extensions>
          <ns3:TrackPointExtension/>
        </extensions>
      </trkpt>
      <trkpt lat="31.96475981734693050384521484375" lon="118.82231139577925205230712890625">
        <ele>8.6000003814697265625</ele>
        <time>2021-07-08T11:41:09.000Z</time>
        <extensions>
          <ns3:TrackPointExtension/>
        </extensions>
      </trkpt>
      <trkpt lat="31.96473115123808383941650390625" lon="118.8223037682473659515380859375">
        <ele>8.80000019073486328125</ele>
        <time>2021-07-08T11:41:10.000Z</time>
        <extensions>
          <ns3:TrackPointExtension>
            <ns3:hr>146</ns3:hr>
            <ns3:cad>76</ns3:cad>
          </ns3:TrackPointExtension>
        </extensions>
      </trkpt>
      <trkpt lat="31.96470634080469608306884765625" lon="118.82228851318359375">
        <ele>9</ele>
        <time>2021-07-08T11:41:11.000Z</time>
        <extensions>
          <ns3:TrackPointExtension/>
        </extensions>
      </trkpt>
      <trkpt lat="31.96467968635261058807373046875" lon="118.822280801832675933837890625">
        <ele>9.19999980926513671875</ele>
        <time>2021-07-08T11:41:12.000Z</time>
        <extensions>
          <ns3:TrackPointExtension/>
        </extensions>
      </trkpt>
      <trkpt lat="31.96465487591922283172607421875" lon="118.82227317430078983306884765625">
        <ele>9.19999980926513671875</ele>
        <time>2021-07-08T11:41:13.000Z</time>
        <extensions>
          <ns3:TrackPointExtension/>
        </extensions>
      </trkpt>
      <trkpt lat="31.964628137648105621337890625" lon="118.8222655467689037322998046875">
        <ele>9.3999996185302734375</ele>
        <time>2021-07-08T11:41:14.000Z</time>
        <extensions>
          <ns3:TrackPointExtension/>
        </extensions>
      </trkpt>
      <trkpt lat="31.9646014831960201263427734375" lon="118.82225791923701763153076171875">
        <ele>9.6000003814697265625</ele>
        <time>2021-07-08T11:41:15.000Z</time>
        <extensions>
          <ns3:TrackPointExtension>
            <ns3:hr>147</ns3:hr>
            <ns3:cad>76</ns3:cad>
          </ns3:TrackPointExtension>
        </extensions>
      </trkpt>
      <trkpt lat="31.9645766727626323699951171875" lon="118.82225029170513153076171875">
        <ele>9.80000019073486328125</ele>
        <time>2021-07-08T11:41:16.000Z</time>
        <extensions>
          <ns3:TrackPointExtension/>
        </extensions>
      </trkpt>
      <trkpt lat="31.964550018310546875" lon="118.82224266417324542999267578125">
        <ele>10</ele>
        <time>2021-07-08T11:41:17.000Z</time>
        <extensions>
          <ns3:TrackPointExtension/>
        </extensions>
      </trkpt>
      <trkpt lat="31.96452520787715911865234375" lon="118.8222350366413593292236328125">
        <ele>10</ele>
        <time>2021-07-08T11:41:18.000Z</time>
        <extensions>
          <ns3:TrackPointExtension/>
        </extensions>
      </trkpt>
      <trkpt lat="31.9645003974437713623046875" lon="118.82222740910947322845458984375">
        <ele>10.19999980926513671875</ele>
        <time>2021-07-08T11:41:19.000Z</time>
        <extensions>
          <ns3:TrackPointExtension/>
        </extensions>
      </trkpt>
      <trkpt lat="31.96447365917265415191650390625" lon="118.82221215404570102691650390625">
        <ele>10.3999996185302734375</ele>
        <time>2021-07-08T11:41:20.000Z</time>
        <extensions>
          <ns3:TrackPointExtension>
            <ns3:hr>147</ns3:hr>
            <ns3:cad>76</ns3:cad>
          </ns3:TrackPointExtension>
        </extensions>
      </trkpt>
      <trkpt lat="31.96444700472056865692138671875" lon="118.8222045265138149261474609375">
        <ele>10.6000003814697265625</ele>
        <time>2021-07-08T11:41:21.000Z</time>
        <extensions>
          <ns3:TrackPointExtension/>
        </extensions>
      </trkpt>
      <trkpt lat="31.96442219428718090057373046875" lon="118.82219689898192882537841796875">
        <ele>10.6000003814697265625</ele>
        <time>2021-07-08T11:41:22.000Z</time>
        <extensions>
          <ns3:TrackPointExtension/>
        </extensions>
      </trkpt>
      <trkpt lat="31.964395456016063690185546875" lon="118.822189271450042724609375">
        <ele>10.80000019073486328125</ele>
        <time>2021-07-08T11:41:23.000Z</time>
        <extensions>
          <ns3:TrackPointExtension/>
        </extensions>
      </trkpt>
      <trkpt lat="31.9643688015639781951904296875" lon="118.82218164391815662384033203125">
        <ele>11</ele>
        <time>2021-07-08T11:41:24.000Z</time>
        <extensions>
          <ns3:TrackPointExtension/>
        </extensions>
      </trkpt>
      <trkpt lat="31.9643439911305904388427734375" lon="118.8221740163862705230712890625">
        <ele>11.19999980926513671875</ele>
        <time>2021-07-08T11:41:25.000Z</time>
        <extensions>
          <ns3:TrackPointExtension>
            <ns3:hr>150</ns3:hr>
            <ns3:cad>75</ns3:cad>
          </ns3:TrackPointExtension>
        </extensions>
      </trkpt>
      <trkpt lat="31.96431725285947322845458984375" lon="118.82216638885438442230224609375">
        <ele>11.3999996185302734375</ele>
        <time>2021-07-08T11:41:26.000Z</time>
        <extensions>
          <ns3:TrackPointExtension/>
        </extensions>
      </trkpt>
      <trkpt lat="31.96429059840738773345947265625" lon="118.822158761322498321533203125">
        <ele>11.6000003814697265625</ele>
        <time>2021-07-08T11:41:27.000Z</time>
        <extensions>
          <ns3:TrackPointExtension/>
        </extensions>
      </trkpt>
      <trkpt lat="31.9642638601362705230712890625" lon="118.82215113379061222076416015625">
        <ele>11.80000019073486328125</ele>
        <time>2021-07-08T11:41:28.000Z</time>
        <extensions>
          <ns3:TrackPointExtension/>
        </extensions>
      </trkpt>
      <trkpt lat="31.964237205684185028076171875" lon="118.8221435062587261199951171875">
        <ele>12</ele>
        <time>2021-07-08T11:41:29.000Z</time>
        <extensions>
          <ns3:TrackPointExtension/>
        </extensions>
      </trkpt>
      <trkpt lat="31.964212395250797271728515625" lon="118.82213587872684001922607421875">
        <ele>12.19999980926513671875</ele>
        <time>2021-07-08T11:41:30.000Z</time>
        <extensions>
          <ns3:TrackPointExtension>
            <ns3:hr>152</ns3:hr>
            <ns3:cad>76</ns3:cad>
          </ns3:TrackPointExtension>
        </extensions>
      </trkpt>
      <trkpt lat="31.9641837291419506072998046875" lon="118.82212825119495391845703125">
        <ele>12.6000003814697265625</ele>
        <time>2021-07-08T11:41:31.000Z</time>
        <extensions>
          <ns3:TrackPointExtension/>
        </extensions>
      </trkpt>
      <trkpt lat="31.96415900252759456634521484375" lon="118.82212062366306781768798828125">
        <ele>12.80000019073486328125</ele>
        <time>2021-07-08T11:41:32.000Z</time>
        <extensions>
          <ns3:TrackPointExtension/>
        </extensions>
      </trkpt>
      <trkpt lat="31.96413419209420680999755859375" lon="118.82210536859929561614990234375">
        <ele>13</ele>
        <time>2021-07-08T11:41:33.000Z</time>
        <extensions>
          <ns3:TrackPointExtension/>
        </extensions>
      </trkpt>
      <trkpt lat="31.96410938166081905364990234375" lon="118.822097741067409515380859375">
        <ele>13.19999980926513671875</ele>
        <time>2021-07-08T11:41:34.000Z</time>
        <extensions>
          <ns3:TrackPointExtension/>
        </extensions>
      </trkpt>
      <trkpt lat="31.96408264338970184326171875" lon="118.82209011353552341461181640625">
        <ele>13.6000003814697265625</ele>
        <time>2021-07-08T11:41:35.000Z</time>
        <extensions>
          <ns3:TrackPointExtension>
            <ns3:hr>151</ns3:hr>
            <ns3:cad>76</ns3:cad>
          </ns3:TrackPointExtension>
        </extensions>
      </trkpt>
      <trkpt lat="31.96405791677534580230712890625" lon="118.82207485847175121307373046875">
        <ele>13.80000019073486328125</ele>
        <time>2021-07-08T11:41:36.000Z</time>
        <extensions>
          <ns3:TrackPointExtension/>
        </extensions>
      </trkpt>
      <trkpt lat="31.9640350341796875" lon="118.8220672309398651123046875">
        <ele>14</ele>
        <time>2021-07-08T11:41:37.000Z</time>
        <extensions>
          <ns3:TrackPointExtension/>
        </extensions>
      </trkpt>
      <trkpt lat="31.96401022374629974365234375" lon="118.8220519758760929107666015625">
        <ele>14.19999980926513671875</ele>
        <time>2021-07-08T11:41:38.000Z</time>
        <extensions>
          <ns3:TrackPointExtension/>
        </extensions>
      </trkpt>
      <trkpt lat="31.9639854133129119873046875" lon="118.82204434834420680999755859375">
        <ele>14</ele>
        <time>2021-07-08T11:41:39.000Z</time>
        <extensions>
          <ns3:TrackPointExtension/>
        </extensions>
      </trkpt>
      <trkpt lat="31.96396060287952423095703125" lon="118.82202909328043460845947265625">
        <ele>14</ele>
        <time>2021-07-08T11:41:40.000Z</time>
        <extensions>
          <ns3:TrackPointExtension>
            <ns3:hr>153</ns3:hr>
            <ns3:cad>76</ns3:cad>
          </ns3:TrackPointExtension>
        </extensions>
      </trkpt>
      <trkpt lat="31.96393772028386592864990234375" lon="118.8220214657485485076904296875">
        <ele>14</ele>
        <time>2021-07-08T11:41:41.000Z</time>
        <extensions>
          <ns3:TrackPointExtension/>
        </extensions>
      </trkpt>
      <trkpt lat="31.96391290985047817230224609375" lon="118.82200621068477630615234375">
        <ele>14</ele>
        <time>2021-07-08T11:41:42.000Z</time>
        <extensions>
          <ns3:TrackPointExtension/>
        </extensions>
      </trkpt>
      <trkpt lat="31.9638900272548198699951171875" lon="118.82199858315289020538330078125">
        <ele>13.80000019073486328125</ele>
        <time>2021-07-08T11:41:43.000Z</time>
        <extensions>
          <ns3:TrackPointExtension/>
        </extensions>
      </trkpt>
      <trkpt lat="31.9638652168214321136474609375" lon="118.8219909556210041046142578125">
        <ele>13.80000019073486328125</ele>
        <time>2021-07-08T11:41:44.000Z</time>
        <extensions>
          <ns3:TrackPointExtension/>
        </extensions>
      </trkpt>
      <trkpt lat="31.9638404063880443572998046875" lon="118.82198332808911800384521484375">
        <ele>13.80000019073486328125</ele>
        <time>2021-07-08T11:41:45.000Z</time>
        <extensions>
          <ns3:TrackPointExtension>
            <ns3:hr>154</ns3:hr>
            <ns3:cad>75</ns3:cad>
          </ns3:TrackPointExtension>
        </extensions>
      </trkpt>
      <trkpt lat="31.96381567977368831634521484375" lon="118.821975700557231903076171875">
        <ele>13.80000019073486328125</ele>
        <time>2021-07-08T11:41:46.000Z</time>
        <extensions>
          <ns3:TrackPointExtension/>
        </extensions>
      </trkpt>
      <trkpt lat="31.9637927971780300140380859375" lon="118.8219604454934597015380859375">
        <ele>13.80000019073486328125</ele>
        <time>2021-07-08T11:41:47.000Z</time>
        <extensions>
          <ns3:TrackPointExtension/>
        </extensions>
      </trkpt>
      <trkpt lat="31.9637679867446422576904296875" lon="118.82195281796157360076904296875">
        <ele>13.80000019073486328125</ele>
        <time>2021-07-08T11:41:48.000Z</time>
        <extensions>
          <ns3:TrackPointExtension/>
        </extensions>
      </trkpt>
      <trkpt lat="31.9637431763112545013427734375" lon="118.8219451904296875">
        <ele>13.6000003814697265625</ele>
        <time>2021-07-08T11:41:49.000Z</time>
        <extensions>
          <ns3:TrackPointExtension/>
        </extensions>
      </trkpt>
      <trkpt lat="31.96372029371559619903564453125" lon="118.821937479078769683837890625">
        <ele>13.6000003814697265625</ele>
        <time>2021-07-08T11:41:50.000Z</time>
        <extensions>
          <ns3:TrackPointExtension>
            <ns3:hr>155</ns3:hr>
            <ns3:cad>75</ns3:cad>
          </ns3:TrackPointExtension>
        </extensions>
      </trkpt>
      <trkpt lat="31.96369548328220844268798828125" lon="118.82192985154688358306884765625">
        <ele>13.6000003814697265625</ele>
        <time>2021-07-08T11:41:51.000Z</time>
        <extensions>
          <ns3:TrackPointExtension/>
        </extensions>
      </trkpt>
      <trkpt lat="31.963672600686550140380859375" lon="118.8219222240149974822998046875">
        <ele>13.6000003814697265625</ele>
        <time>2021-07-08T11:41:52.000Z</time>
        <extensions>
          <ns3:TrackPointExtension/>
        </extensions>
      </trkpt>
      <trkpt lat="31.96364971809089183807373046875" lon="118.82191459648311138153076171875">
        <ele>13.6000003814697265625</ele>
        <time>2021-07-08T11:41:53.000Z</time>
        <extensions>
          <ns3:TrackPointExtension/>
        </extensions>
      </trkpt>
      <trkpt lat="31.96362490765750408172607421875" lon="118.82190696895122528076171875">
        <ele>13.6000003814697265625</ele>
        <time>2021-07-08T11:41:54.000Z</time>
        <extensions>
          <ns3:TrackPointExtension/>
        </extensions>
      </trkpt>
      <trkpt lat="31.96360009722411632537841796875" lon="118.82189934141933917999267578125">
        <ele>13.3999996185302734375</ele>
        <time>2021-07-08T11:41:55.000Z</time>
        <extensions>
          <ns3:TrackPointExtension>
            <ns3:hr>154</ns3:hr>
            <ns3:cad>76</ns3:cad>
          </ns3:TrackPointExtension>
        </extensions>
      </trkpt>
      <trkpt lat="31.9635772146284580230712890625" lon="118.8218917138874530792236328125">
        <ele>13.19999980926513671875</ele>
        <time>2021-07-08T11:41:56.000Z</time>
        <extensions>
          <ns3:TrackPointExtension/>
        </extensions>
      </trkpt>
      <trkpt lat="31.96355433203279972076416015625" lon="118.82188408635556697845458984375">
        <ele>13</ele>
        <time>2021-07-08T11:41:57.000Z</time>
        <extensions>
          <ns3:TrackPointExtension/>
        </extensions>
      </trkpt>
      <trkpt lat="31.96353144943714141845703125" lon="118.821876458823680877685546875">
        <ele>12.6000003814697265625</ele>
        <time>2021-07-08T11:41:58.000Z</time>
        <extensions>
          <ns3:TrackPointExtension/>
        </extensions>
      </trkpt>
      <trkpt lat="31.963506639003753662109375" lon="118.821876458823680877685546875">
        <ele>12.3999996185302734375</ele>
        <time>2021-07-08T11:41:59.000Z</time>
        <extensions>
          <ns3:TrackPointExtension/>
        </extensions>
      </trkpt>
      <trkpt lat="31.96348375640809535980224609375" lon="118.821876458823680877685546875">
        <ele>12</ele>
        <time>2021-07-08T11:42:00.000Z</time>
        <extensions>
          <ns3:TrackPointExtension>
            <ns3:hr>157</ns3:hr>
            <ns3:cad>75</ns3:cad>
          </ns3:TrackPointExtension>
        </extensions>
      </trkpt>
      <trkpt lat="31.96345894597470760345458984375" lon="118.82186883129179477691650390625">
        <ele>11.80000019073486328125</ele>
        <time>2021-07-08T11:42:01.000Z</time>
        <extensions>
          <ns3:TrackPointExtension/>
        </extensions>
      </trkpt>
      <trkpt lat="31.9634360633790493011474609375" lon="118.82186883129179477691650390625">
        <ele>11.6000003814697265625</ele>
        <time>2021-07-08T11:42:02.000Z</time>
        <extensions>
          <ns3:TrackPointExtension/>
        </extensions>
      </trkpt>
      <trkpt lat="31.96341318078339099884033203125" lon="118.82186883129179477691650390625">
        <ele>11.19999980926513671875</ele>
        <time>2021-07-08T11:42:03.000Z</time>
        <extensions>
          <ns3:TrackPointExtension/>
        </extensions>
      </trkpt>
      <trkpt lat="31.963390298187732696533203125" lon="118.82186883129179477691650390625">
        <ele>11</ele>
        <time>2021-07-08T11:42:04.000Z</time>
        <extensions>
          <ns3:TrackPointExtension/>
        </extensions>
      </trkpt>
      <trkpt lat="31.96336741559207439422607421875" lon="118.82186883129179477691650390625">
        <ele>10.80000019073486328125</ele>
        <time>2021-07-08T11:42:05.000Z</time>
        <extensions>
          <ns3:TrackPointExtension>
            <ns3:hr>157</ns3:hr>
            <ns3:cad>76</ns3:cad>
          </ns3:TrackPointExtension>
        </extensions>
      </trkpt>
      <trkpt lat="31.9633445329964160919189453125" lon="118.82186883129179477691650390625">
        <ele>10.6000003814697265625</ele>
        <time>2021-07-08T11:42:06.000Z</time>
        <extensions>
          <ns3:TrackPointExtension/>
        </extensions>
      </trkpt>
      <trkpt lat="31.96332165040075778961181640625" lon="118.82186883129179477691650390625">
        <ele>10.19999980926513671875</ele>
        <time>2021-07-08T11:42:07.000Z</time>
        <extensions>
          <ns3:TrackPointExtension/>
        </extensions>
      </trkpt>
      <trkpt lat="31.9632987678050994873046875" lon="118.82186883129179477691650390625">
        <ele>10</ele>
        <time>2021-07-08T11:42:08.000Z</time>
        <extensions>
          <ns3:TrackPointExtension/>
        </extensions>
      </trkpt>
      <trkpt lat="31.9632778130471706390380859375" lon="118.82186883129179477691650390625">
        <ele>10</ele>
        <time>2021-07-08T11:42:09.000Z</time>
        <extensions>
          <ns3:TrackPointExtension/>
        </extensions>
      </trkpt>
      <trkpt lat="31.9632530026137828826904296875" lon="118.82186883129179477691650390625">
        <ele>9.80000019073486328125</ele>
        <time>2021-07-08T11:42:10.000Z</time>
        <extensions>
          <ns3:TrackPointExtension>
            <ns3:hr>162</ns3:hr>
            <ns3:cad>75</ns3:cad>
          </ns3:TrackPointExtension>
        </extensions>
      </trkpt>
      <trkpt lat="31.96323196403682231903076171875" lon="118.821876458823680877685546875">
        <ele>9.80000019073486328125</ele>
        <time>2021-07-08T11:42:11.000Z</time>
        <extensions>
          <ns3:TrackPointExtension/>
        </extensions>
      </trkpt>
      <trkpt lat="31.9632090814411640167236328125" lon="118.821876458823680877685546875">
        <ele>9.6000003814697265625</ele>
        <time>2021-07-08T11:42:12.000Z</time>
        <extensions>
          <ns3:TrackPointExtension/>
        </extensions>
      </trkpt>
      <trkpt lat="31.96318619884550571441650390625" lon="118.821876458823680877685546875">
        <ele>9.6000003814697265625</ele>
        <time>2021-07-08T11:42:13.000Z</time>
        <extensions>
          <ns3:TrackPointExtension/>
        </extensions>
      </trkpt>
      <trkpt lat="31.963163316249847412109375" lon="118.821876458823680877685546875">
        <ele>9.3999996185302734375</ele>
        <time>2021-07-08T11:42:14.000Z</time>
        <extensions>
          <ns3:TrackPointExtension/>
        </extensions>
      </trkpt>
      <trkpt lat="31.96314043365418910980224609375" lon="118.821876458823680877685546875">
        <ele>9.19999980926513671875</ele>
        <time>2021-07-08T11:42:15.000Z</time>
        <extensions>
          <ns3:TrackPointExtension>
            <ns3:hr>165</ns3:hr>
            <ns3:cad>75</ns3:cad>
          </ns3:TrackPointExtension>
        </extensions>
      </trkpt>
      <trkpt lat="31.9631175510585308074951171875" lon="118.821876458823680877685546875">
        <ele>9</ele>
        <time>2021-07-08T11:42:16.000Z</time>
        <extensions>
          <ns3:TrackPointExtension/>
        </extensions>
      </trkpt>
      <trkpt lat="31.96309466846287250518798828125" lon="118.82186883129179477691650390625">
        <ele>9</ele>
        <time>2021-07-08T11:42:17.000Z</time>
        <extensions>
          <ns3:TrackPointExtension/>
        </extensions>
      </trkpt>
      <trkpt lat="31.96306985802948474884033203125" lon="118.82186883129179477691650390625">
        <ele>8.80000019073486328125</ele>
        <time>2021-07-08T11:42:18.000Z</time>
        <extensions>
          <ns3:TrackPointExtension/>
        </extensions>
      </trkpt>
      <trkpt lat="31.96304504759609699249267578125" lon="118.82186883129179477691650390625">
        <ele>8.6000003814697265625</ele>
        <time>2021-07-08T11:42:19.000Z</time>
        <extensions>
          <ns3:TrackPointExtension/>
        </extensions>
      </trkpt>
      <trkpt lat="31.9630203209817409515380859375" lon="118.8218612037599086761474609375">
        <ele>8.3999996185302734375</ele>
        <time>2021-07-08T11:42:20.000Z</time>
        <extensions>
          <ns3:TrackPointExtension>
            <ns3:hr>168</ns3:hr>
            <ns3:cad>75</ns3:cad>
          </ns3:TrackPointExtension>
        </extensions>
      </trkpt>
      <trkpt lat="31.962997354567050933837890625" lon="118.82185357622802257537841796875">
        <ele>8.3999996185302734375</ele>
        <time>2021-07-08T11:42:21.000Z</time>
        <extensions>
          <ns3:TrackPointExtension/>
        </extensions>
      </trkpt>
      <trkpt lat="31.96297262795269489288330078125" lon="118.821845948696136474609375">
        <ele>8.19999980926513671875</ele>
        <time>2021-07-08T11:42:22.000Z</time>
        <extensions>
          <ns3:TrackPointExtension/>
        </extensions>
      </trkpt>
      <trkpt lat="31.96294781751930713653564453125" lon="118.8218306936323642730712890625">
        <ele>8.19999980926513671875</ele>
        <time>2021-07-08T11:42:23.000Z</time>
        <extensions>
          <ns3:TrackPointExtension/>
        </extensions>
      </trkpt>
      <trkpt lat="31.96292300708591938018798828125" lon="118.82182306610047817230224609375">
        <ele>8</ele>
        <time>2021-07-08T11:42:24.000Z</time>
        <extensions>
          <ns3:TrackPointExtension/>
        </extensions>
      </trkpt>
      <trkpt lat="31.962900124490261077880859375" lon="118.821815438568592071533203125">
        <ele>8</ele>
        <time>2021-07-08T11:42:25.000Z</time>
        <extensions>
          <ns3:TrackPointExtension>
            <ns3:hr>168</ns3:hr>
            <ns3:cad>76</ns3:cad>
          </ns3:TrackPointExtension>
        </extensions>
      </trkpt>
      <trkpt lat="31.962875314056873321533203125" lon="118.8218001835048198699951171875">
        <ele>7.80000019073486328125</ele>
        <time>2021-07-08T11:42:26.000Z</time>
        <extensions>
          <ns3:TrackPointExtension/>
        </extensions>
      </trkpt>
      <trkpt lat="31.96285243146121501922607421875" lon="118.82178492844104766845703125">
        <ele>7.80000019073486328125</ele>
        <time>2021-07-08T11:42:27.000Z</time>
        <extensions>
          <ns3:TrackPointExtension/>
        </extensions>
      </trkpt>
      <trkpt lat="31.96282762102782726287841796875" lon="118.82177730090916156768798828125">
        <ele>7.80000019073486328125</ele>
        <time>2021-07-08T11:42:28.000Z</time>
        <extensions>
          <ns3:TrackPointExtension/>
        </extensions>
      </trkpt>
      <trkpt lat="31.9628047384321689605712890625" lon="118.82176204584538936614990234375">
        <ele>7.599999904632568359375</ele>
        <time>2021-07-08T11:42:29.000Z</time>
        <extensions>
          <ns3:TrackPointExtension/>
        </extensions>
      </trkpt>
      <trkpt lat="31.9627799279987812042236328125" lon="118.82174679078161716461181640625">
        <ele>7.599999904632568359375</ele>
        <time>2021-07-08T11:42:30.000Z</time>
        <extensions>
          <ns3:TrackPointExtension>
            <ns3:hr>172</ns3:hr>
            <ns3:cad>76</ns3:cad>
          </ns3:TrackPointExtension>
        </extensions>
      </trkpt>
      <trkpt lat="31.96275704540312290191650390625" lon="118.82173153571784496307373046875">
        <ele>7.599999904632568359375</ele>
        <time>2021-07-08T11:42:31.000Z</time>
        <extensions>
          <ns3:TrackPointExtension/>
        </extensions>
      </trkpt>
      <trkpt lat="31.962734162807464599609375" lon="118.82171628065407276153564453125">
        <ele>7.599999904632568359375</ele>
        <time>2021-07-08T11:42:32.000Z</time>
        <extensions>
          <ns3:TrackPointExtension/>
        </extensions>
      </trkpt>
      <trkpt lat="31.96271128021180629730224609375" lon="118.82170102559030055999755859375">
        <ele>7.599999904632568359375</ele>
        <time>2021-07-08T11:42:33.000Z</time>
        <extensions>
          <ns3:TrackPointExtension/>
        </extensions>
      </trkpt>
      <trkpt lat="31.96268646977841854095458984375" lon="118.82168577052652835845947265625">
        <ele>7.80000019073486328125</ele>
        <time>2021-07-08T11:42:34.000Z</time>
        <extensions>
          <ns3:TrackPointExtension/>
        </extensions>
      </trkpt>
      <trkpt lat="31.9626635871827602386474609375" lon="118.82167051546275615692138671875">
        <ele>7.80000019073486328125</ele>
        <time>2021-07-08T11:42:35.000Z</time>
        <extensions>
          <ns3:TrackPointExtension>
            <ns3:hr>171</ns3:hr>
            <ns3:cad>75</ns3:cad>
          </ns3:TrackPointExtension>
        </extensions>
      </trkpt>
      <trkpt lat="31.96264070458710193634033203125" lon="118.82165526039898395538330078125">
        <ele>7.80000019073486328125</ele>
        <time>2021-07-08T11:42:36.000Z</time>
        <extensions>
          <ns3:TrackPointExtension/>
        </extensions>
      </trkpt>
      <trkpt lat="31.962617821991443634033203125" lon="118.82164000533521175384521484375">
        <ele>7.80000019073486328125</ele>
        <time>2021-07-08T11:42:37.000Z</time>
        <extensions>
          <ns3:TrackPointExtension/>
        </extensions>
      </trkpt>
      <trkpt lat="31.96259493939578533172607421875" lon="118.82162475027143955230712890625">
        <ele>8</ele>
        <time>2021-07-08T11:42:38.000Z</time>
        <extensions>
          <ns3:TrackPointExtension/>
        </extensions>
      </trkpt>
      <trkpt lat="31.9625720568001270294189453125" lon="118.82160949520766735076904296875">
        <ele>8.19999980926513671875</ele>
        <time>2021-07-08T11:42:39.000Z</time>
        <extensions>
          <ns3:TrackPointExtension/>
        </extensions>
      </trkpt>
      <trkpt lat="31.96254917420446872711181640625" lon="118.821594156324863433837890625">
        <ele>8.3999996185302734375</ele>
        <time>2021-07-08T11:42:40.000Z</time>
        <extensions>
          <ns3:TrackPointExtension>
            <ns3:hr>169</ns3:hr>
            <ns3:cad>76</ns3:cad>
          </ns3:TrackPointExtension>
        </extensions>
      </trkpt>
      <trkpt lat="31.9625262916088104248046875" lon="118.82158652879297733306884765625">
        <ele>8.6000003814697265625</ele>
        <time>2021-07-08T11:42:41.000Z</time>
        <extensions>
          <ns3:TrackPointExtension/>
        </extensions>
      </trkpt>
      <trkpt lat="31.96250340901315212249755859375" lon="118.82157127372920513153076171875">
        <ele>8.80000019073486328125</ele>
        <time>2021-07-08T11:42:42.000Z</time>
        <extensions>
          <ns3:TrackPointExtension/>
        </extensions>
      </trkpt>
      <trkpt lat="31.962482370436191558837890625" lon="118.82155601866543292999267578125">
        <ele>9</ele>
        <time>2021-07-08T11:42:43.000Z</time>
        <extensions>
          <ns3:TrackPointExtension/>
        </extensions>
      </trkpt>
      <trkpt lat="31.9624614156782627105712890625" lon="118.82154076360166072845458984375">
        <ele>9.19999980926513671875</ele>
        <time>2021-07-08T11:42:44.000Z</time>
        <extensions>
          <ns3:TrackPointExtension/>
        </extensions>
      </trkpt>
      <trkpt lat="31.96244238875806331634521484375" lon="118.82152550853788852691650390625">
        <ele>9.3999996185302734375</ele>
        <time>2021-07-08T11:42:45.000Z</time>
        <extensions>
          <ns3:TrackPointExtension>
            <ns3:hr>169</ns3:hr>
            <ns3:cad>76</ns3:cad>
          </ns3:TrackPointExtension>
        </extensions>
      </trkpt>
      <trkpt lat="31.962421350181102752685546875" lon="118.8215178810060024261474609375">
        <ele>9.3999996185302734375</ele>
        <time>2021-07-08T11:42:46.000Z</time>
        <extensions>
          <ns3:TrackPointExtension/>
        </extensions>
      </trkpt>
      <trkpt lat="31.96240232326090335845947265625" lon="118.821502625942230224609375">
        <ele>9.6000003814697265625</ele>
        <time>2021-07-08T11:42:47.000Z</time>
        <extensions>
          <ns3:TrackPointExtension/>
        </extensions>
      </trkpt>
      <trkpt lat="31.962385140359401702880859375" lon="118.8214873708784580230712890625">
        <ele>9.80000019073486328125</ele>
        <time>2021-07-08T11:42:48.000Z</time>
        <extensions>
          <ns3:TrackPointExtension/>
        </extensions>
      </trkpt>
      <trkpt lat="31.96236602962017059326171875" lon="118.82147974334657192230224609375">
        <ele>10</ele>
        <time>2021-07-08T11:42:49.000Z</time>
        <extensions>
          <ns3:TrackPointExtension/>
        </extensions>
      </trkpt>
      <trkpt lat="31.96234700269997119903564453125" lon="118.82146448828279972076416015625">
        <ele>10</ele>
        <time>2021-07-08T11:42:50.000Z</time>
        <extensions>
          <ns3:TrackPointExtension>
            <ns3:hr>166</ns3:hr>
            <ns3:cad>76</ns3:cad>
          </ns3:TrackPointExtension>
        </extensions>
      </trkpt>
      <trkpt lat="31.96232981979846954345703125" lon="118.8214568607509136199951171875">
        <ele>10</ele>
        <time>2021-07-08T11:42:51.000Z</time>
        <extensions>
          <ns3:TrackPointExtension/>
        </extensions>
      </trkpt>
      <trkpt lat="31.96231263689696788787841796875" lon="118.82144160568714141845703125">
        <ele>10.19999980926513671875</ele>
        <time>2021-07-08T11:42:52.000Z</time>
        <extensions>
          <ns3:TrackPointExtension/>
        </extensions>
      </trkpt>
      <trkpt lat="31.96229360997676849365234375" lon="118.82143397815525531768798828125">
        <ele>10.19999980926513671875</ele>
        <time>2021-07-08T11:42:53.000Z</time>
        <extensions>
          <ns3:TrackPointExtension/>
        </extensions>
      </trkpt>
      <trkpt lat="31.962274499237537384033203125" lon="118.82141872309148311614990234375">
        <ele>10.19999980926513671875</ele>
        <time>2021-07-08T11:42:54.000Z</time>
        <extensions>
          <ns3:TrackPointExtension/>
        </extensions>
      </trkpt>
      <trkpt lat="31.96225547231733798980712890625" lon="118.821411095559597015380859375">
        <ele>10.19999980926513671875</ele>
        <time>2021-07-08T11:42:55.000Z</time>
        <extensions>
          <ns3:TrackPointExtension>
            <ns3:hr>165</ns3:hr>
            <ns3:cad>76</ns3:cad>
          </ns3:TrackPointExtension>
        </extensions>
      </trkpt>
      <trkpt lat="31.9622344337403774261474609375" lon="118.8213958404958248138427734375">
        <ele>10.19999980926513671875</ele>
        <time>2021-07-08T11:42:56.000Z</time>
        <extensions>
          <ns3:TrackPointExtension/>
        </extensions>
      </trkpt>
      <trkpt lat="31.96221540682017803192138671875" lon="118.8213805854320526123046875">
        <ele>10.19999980926513671875</ele>
        <time>2021-07-08T11:42:57.000Z</time>
        <extensions>
          <ns3:TrackPointExtension/>
        </extensions>
      </trkpt>
      <trkpt lat="31.96219436824321746826171875" lon="118.82137295790016651153564453125">
        <ele>10.19999980926513671875</ele>
        <time>2021-07-08T11:42:58.000Z</time>
        <extensions>
          <ns3:TrackPointExtension/>
        </extensions>
      </trkpt>
      <trkpt lat="31.9621734134852886199951171875" lon="118.82135770283639430999755859375">
        <ele>10.19999980926513671875</ele>
        <time>2021-07-08T11:42:59.000Z</time>
        <extensions>
          <ns3:TrackPointExtension/>
        </extensions>
      </trkpt>
      <trkpt lat="31.96215053088963031768798828125" lon="118.82134244777262210845947265625">
        <ele>10.19999980926513671875</ele>
        <time>2021-07-08T11:43:00.000Z</time>
        <extensions>
          <ns3:TrackPointExtension>
            <ns3:hr>168</ns3:hr>
            <ns3:cad>76</ns3:cad>
          </ns3:TrackPointExtension>
        </extensions>
      </trkpt>
      <trkpt lat="31.96212572045624256134033203125" lon="118.8213348202407360076904296875">
        <ele>10.19999980926513671875</ele>
        <time>2021-07-08T11:43:01.000Z</time>
        <extensions>
          <ns3:TrackPointExtension/>
        </extensions>
      </trkpt>
      <trkpt lat="31.962102837860584259033203125" lon="118.82131956517696380615234375">
        <ele>10.19999980926513671875</ele>
        <time>2021-07-08T11:43:02.000Z</time>
        <extensions>
          <ns3:TrackPointExtension/>
        </extensions>
      </trkpt>
      <trkpt lat="31.962078027427196502685546875" lon="118.82131193764507770538330078125">
        <ele>10.19999980926513671875</ele>
        <time>2021-07-08T11:43:03.000Z</time>
        <extensions>
          <ns3:TrackPointExtension/>
        </extensions>
      </trkpt>
      <trkpt lat="31.9620513729751110076904296875" lon="118.8213043101131916046142578125">
        <ele>10</ele>
        <time>2021-07-08T11:43:04.000Z</time>
        <extensions>
          <ns3:TrackPointExtension/>
        </extensions>
      </trkpt>
      <trkpt lat="31.96202463470399379730224609375" lon="118.82129668258130550384521484375">
        <ele>9.80000019073486328125</ele>
        <time>2021-07-08T11:43:05.000Z</time>
        <extensions>
          <ns3:TrackPointExtension>
            <ns3:hr>169</ns3:hr>
            <ns3:cad>76</ns3:cad>
          </ns3:TrackPointExtension>
        </extensions>
      </trkpt>
      <trkpt lat="31.96199982427060604095458984375" lon="118.82128142751753330230712890625">
        <ele>9.6000003814697265625</ele>
        <time>2021-07-08T11:43:06.000Z</time>
        <extensions>
          <ns3:TrackPointExtension/>
        </extensions>
      </trkpt>
      <trkpt lat="31.96197316981852054595947265625" lon="118.8212737999856472015380859375">
        <ele>9.3999996185302734375</ele>
        <time>2021-07-08T11:43:07.000Z</time>
        <extensions>
          <ns3:TrackPointExtension/>
        </extensions>
      </trkpt>
      <trkpt lat="31.96194450370967388153076171875" lon="118.82126617245376110076904296875">
        <ele>9.19999980926513671875</ele>
        <time>2021-07-08T11:43:08.000Z</time>
        <extensions>
          <ns3:TrackPointExtension/>
        </extensions>
      </trkpt>
      <trkpt lat="31.9619159214198589324951171875" lon="118.821258544921875">
        <ele>8.80000019073486328125</ele>
        <time>2021-07-08T11:43:09.000Z</time>
        <extensions>
          <ns3:TrackPointExtension/>
        </extensions>
      </trkpt>
      <trkpt lat="31.9618892669677734375" lon="118.821250833570957183837890625">
        <ele>8.6000003814697265625</ele>
        <time>2021-07-08T11:43:10.000Z</time>
        <extensions>
          <ns3:TrackPointExtension>
            <ns3:hr>168</ns3:hr>
            <ns3:cad>76</ns3:cad>
          </ns3:TrackPointExtension>
        </extensions>
      </trkpt>
      <trkpt lat="31.9618606008589267730712890625" lon="118.82124320603907108306884765625">
        <ele>8.3999996185302734375</ele>
        <time>2021-07-08T11:43:11.000Z</time>
        <extensions>
          <ns3:TrackPointExtension/>
        </extensions>
      </trkpt>
      <trkpt lat="31.961833946406841278076171875" lon="118.82122795097529888153076171875">
        <ele>8.19999980926513671875</ele>
        <time>2021-07-08T11:43:12.000Z</time>
        <extensions>
          <ns3:TrackPointExtension/>
        </extensions>
      </trkpt>
      <trkpt lat="31.961809135973453521728515625" lon="118.82122032344341278076171875">
        <ele>8</ele>
        <time>2021-07-08T11:43:13.000Z</time>
        <extensions>
          <ns3:TrackPointExtension/>
        </extensions>
      </trkpt>
      <trkpt lat="31.96178239770233631134033203125" lon="118.8212050683796405792236328125">
        <ele>8</ele>
        <time>2021-07-08T11:43:14.000Z</time>
        <extensions>
          <ns3:TrackPointExtension/>
        </extensions>
      </trkpt>
      <trkpt lat="31.96175574325025081634521484375" lon="118.821189813315868377685546875">
        <ele>7.80000019073486328125</ele>
        <time>2021-07-08T11:43:15.000Z</time>
        <extensions>
          <ns3:TrackPointExtension>
            <ns3:hr>169</ns3:hr>
            <ns3:cad>76</ns3:cad>
          </ns3:TrackPointExtension>
        </extensions>
      </trkpt>
      <trkpt lat="31.96173093281686305999755859375" lon="118.82118218578398227691650390625">
        <ele>7.80000019073486328125</ele>
        <time>2021-07-08T11:43:16.000Z</time>
        <extensions>
          <ns3:TrackPointExtension/>
        </extensions>
      </trkpt>
      <trkpt lat="31.961704194545745849609375" lon="118.82116693072021007537841796875">
        <ele>7.599999904632568359375</ele>
        <time>2021-07-08T11:43:17.000Z</time>
        <extensions>
          <ns3:TrackPointExtension/>
        </extensions>
      </trkpt>
      <trkpt lat="31.96167938411235809326171875" lon="118.82115167565643787384033203125">
        <ele>7.599999904632568359375</ele>
        <time>2021-07-08T11:43:18.000Z</time>
        <extensions>
          <ns3:TrackPointExtension/>
        </extensions>
      </trkpt>
      <trkpt lat="31.96165465749800205230712890625" lon="118.82113642059266567230224609375">
        <ele>7.400000095367431640625</ele>
        <time>2021-07-08T11:43:19.000Z</time>
        <extensions>
          <ns3:TrackPointExtension/>
        </extensions>
      </trkpt>
      <trkpt lat="31.9616279192268848419189453125" lon="118.82112116552889347076416015625">
        <ele>7.400000095367431640625</ele>
        <time>2021-07-08T11:43:20.000Z</time>
        <extensions>
          <ns3:TrackPointExtension>
            <ns3:hr>168</ns3:hr>
            <ns3:cad>76</ns3:cad>
          </ns3:TrackPointExtension>
        </extensions>
      </trkpt>
      <trkpt lat="31.96160118095576763153076171875" lon="118.82110591046512126922607421875">
        <ele>7.400000095367431640625</ele>
        <time>2021-07-08T11:43:21.000Z</time>
        <extensions>
          <ns3:TrackPointExtension/>
        </extensions>
      </trkpt>
      <trkpt lat="31.961576454341411590576171875" lon="118.82109065540134906768798828125">
        <ele>7.19999980926513671875</ele>
        <time>2021-07-08T11:43:22.000Z</time>
        <extensions>
          <ns3:TrackPointExtension/>
        </extensions>
      </trkpt>
      <trkpt lat="31.961551643908023834228515625" lon="118.82107540033757686614990234375">
        <ele>7.19999980926513671875</ele>
        <time>2021-07-08T11:43:23.000Z</time>
        <extensions>
          <ns3:TrackPointExtension/>
        </extensions>
      </trkpt>
      <trkpt lat="31.96152490563690662384033203125" lon="118.82106014527380466461181640625">
        <ele>7</ele>
        <time>2021-07-08T11:43:24.000Z</time>
        <extensions>
          <ns3:TrackPointExtension/>
        </extensions>
      </trkpt>
      <trkpt lat="31.96150009520351886749267578125" lon="118.82104489021003246307373046875">
        <ele>7</ele>
        <time>2021-07-08T11:43:25.000Z</time>
        <extensions>
          <ns3:TrackPointExtension>
            <ns3:hr>171</ns3:hr>
            <ns3:cad>76</ns3:cad>
          </ns3:TrackPointExtension>
        </extensions>
      </trkpt>
      <trkpt lat="31.96147344075143337249755859375" lon="118.8210372626781463623046875">
        <ele>7</ele>
        <time>2021-07-08T11:43:26.000Z</time>
        <extensions>
          <ns3:TrackPointExtension/>
        </extensions>
      </trkpt>
      <trkpt lat="31.96144863031804561614990234375" lon="118.8210220076143741607666015625">
        <ele>7</ele>
        <time>2021-07-08T11:43:27.000Z</time>
        <extensions>
          <ns3:TrackPointExtension/>
        </extensions>
      </trkpt>
      <trkpt lat="31.96142189204692840576171875" lon="118.821006752550601959228515625">
        <ele>7</ele>
        <time>2021-07-08T11:43:28.000Z</time>
        <extensions>
          <ns3:TrackPointExtension/>
        </extensions>
      </trkpt>
      <trkpt lat="31.9613952375948429107666015625" lon="118.8209914974868297576904296875">
        <ele>7</ele>
        <time>2021-07-08T11:43:29.000Z</time>
        <extensions>
          <ns3:TrackPointExtension/>
        </extensions>
      </trkpt>
      <trkpt lat="31.96136849932372570037841796875" lon="118.82097624242305755615234375">
        <ele>7</ele>
        <time>2021-07-08T11:43:30.000Z</time>
        <extensions>
          <ns3:TrackPointExtension>
            <ns3:hr>170</ns3:hr>
            <ns3:cad>76</ns3:cad>
          </ns3:TrackPointExtension>
        </extensions>
      </trkpt>
      <trkpt lat="31.96134184487164020538330078125" lon="118.8209609873592853546142578125">
        <ele>7</ele>
        <time>2021-07-08T11:43:31.000Z</time>
        <extensions>
          <ns3:TrackPointExtension/>
        </extensions>
      </trkpt>
      <trkpt lat="31.9613151066005229949951171875" lon="118.82095335982739925384521484375">
        <ele>7</ele>
        <time>2021-07-08T11:43:32.000Z</time>
        <extensions>
          <ns3:TrackPointExtension/>
        </extensions>
      </trkpt>
      <trkpt lat="31.9612884521484375" lon="118.82093810476362705230712890625">
        <ele>7</ele>
        <time>2021-07-08T11:43:33.000Z</time>
        <extensions>
          <ns3:TrackPointExtension/>
        </extensions>
      </trkpt>
      <trkpt lat="31.9612597860395908355712890625" lon="118.8209304772317409515380859375">
        <ele>7</ele>
        <time>2021-07-08T11:43:34.000Z</time>
        <extensions>
          <ns3:TrackPointExtension/>
        </extensions>
      </trkpt>
      <trkpt lat="31.961233131587505340576171875" lon="118.82092284969985485076904296875">
        <ele>7</ele>
        <time>2021-07-08T11:43:35.000Z</time>
        <extensions>
          <ns3:TrackPointExtension>
            <ns3:hr>172</ns3:hr>
            <ns3:cad>76</ns3:cad>
          </ns3:TrackPointExtension>
        </extensions>
      </trkpt>
      <trkpt lat="31.9612044654786586761474609375" lon="118.82091522216796875">
        <ele>7</ele>
        <time>2021-07-08T11:43:36.000Z</time>
        <extensions>
          <ns3:TrackPointExtension/>
        </extensions>
      </trkpt>
      <trkpt lat="31.96117588318884372711181640625" lon="118.82091522216796875">
        <ele>7</ele>
        <time>2021-07-08T11:43:37.000Z</time>
        <extensions>
          <ns3:TrackPointExtension/>
        </extensions>
      </trkpt>
      <trkpt lat="31.9611491449177265167236328125" lon="118.820907510817050933837890625">
        <ele>7</ele>
        <time>2021-07-08T11:43:38.000Z</time>
        <extensions>
          <ns3:TrackPointExtension/>
        </extensions>
      </trkpt>
      <trkpt lat="31.96112056262791156768798828125" lon="118.82089988328516483306884765625">
        <ele>7</ele>
        <time>2021-07-08T11:43:39.000Z</time>
        <extensions>
          <ns3:TrackPointExtension/>
        </extensions>
      </trkpt>
      <trkpt lat="31.9610938243567943572998046875" lon="118.8208922557532787322998046875">
        <ele>7</ele>
        <time>2021-07-08T11:43:40.000Z</time>
        <extensions>
          <ns3:TrackPointExtension>
            <ns3:hr>172</ns3:hr>
            <ns3:cad>76</ns3:cad>
          </ns3:TrackPointExtension>
        </extensions>
      </trkpt>
      <trkpt lat="31.9610671699047088623046875" lon="118.82088462822139263153076171875">
        <ele>7</ele>
        <time>2021-07-08T11:43:41.000Z</time>
        <extensions>
          <ns3:TrackPointExtension/>
        </extensions>
      </trkpt>
      <trkpt lat="31.96103858761489391326904296875" lon="118.82087700068950653076171875">
        <ele>7</ele>
        <time>2021-07-08T11:43:42.000Z</time>
        <extensions>
          <ns3:TrackPointExtension/>
        </extensions>
      </trkpt>
      <trkpt lat="31.961011849343776702880859375" lon="118.82086937315762042999267578125">
        <ele>7</ele>
        <time>2021-07-08T11:43:43.000Z</time>
        <extensions>
          <ns3:TrackPointExtension/>
        </extensions>
      </trkpt>
      <trkpt lat="31.960987038910388946533203125" lon="118.8208617456257343292236328125">
        <ele>7</ele>
        <time>2021-07-08T11:43:44.000Z</time>
        <extensions>
          <ns3:TrackPointExtension/>
        </extensions>
      </trkpt>
      <trkpt lat="31.9609603844583034515380859375" lon="118.820846490561962127685546875">
        <ele>7</ele>
        <time>2021-07-08T11:43:45.000Z</time>
        <extensions>
          <ns3:TrackPointExtension>
            <ns3:hr>168</ns3:hr>
            <ns3:cad>75</ns3:cad>
          </ns3:TrackPointExtension>
        </extensions>
      </trkpt>
      <trkpt lat="31.96093364618718624114990234375" lon="118.82083886303007602691650390625">
        <ele>7</ele>
        <time>2021-07-08T11:43:46.000Z</time>
        <extensions>
          <ns3:TrackPointExtension/>
        </extensions>
      </trkpt>
      <trkpt lat="31.96090690791606903076171875" lon="118.82082360796630382537841796875">
        <ele>7</ele>
        <time>2021-07-08T11:43:47.000Z</time>
        <extensions>
          <ns3:TrackPointExtension/>
        </extensions>
      </trkpt>
      <trkpt lat="31.96088218130171298980712890625" lon="118.82080835290253162384033203125">
        <ele>7</ele>
        <time>2021-07-08T11:43:48.000Z</time>
        <extensions>
          <ns3:TrackPointExtension/>
        </extensions>
      </trkpt>
      <trkpt lat="31.9608554430305957794189453125" lon="118.82079309783875942230224609375">
        <ele>7</ele>
        <time>2021-07-08T11:43:49.000Z</time>
        <extensions>
          <ns3:TrackPointExtension/>
        </extensions>
      </trkpt>
      <trkpt lat="31.9608306325972080230712890625" lon="118.82077784277498722076416015625">
        <ele>7</ele>
        <time>2021-07-08T11:43:50.000Z</time>
        <extensions>
          <ns3:TrackPointExtension>
            <ns3:hr>170</ns3:hr>
            <ns3:cad>76</ns3:cad>
          </ns3:TrackPointExtension>
        </extensions>
      </trkpt>
      <trkpt lat="31.9608058221638202667236328125" lon="118.8207702152431011199951171875">
        <ele>7</ele>
        <time>2021-07-08T11:43:51.000Z</time>
        <extensions>
          <ns3:TrackPointExtension/>
        </extensions>
      </trkpt>
      <trkpt lat="31.960779167711734771728515625" lon="118.82075496017932891845703125">
        <ele>7</ele>
        <time>2021-07-08T11:43:52.000Z</time>
        <extensions>
          <ns3:TrackPointExtension/>
        </extensions>
      </trkpt>
      <trkpt lat="31.96075242944061756134033203125" lon="118.8207397051155567169189453125">
        <ele>7</ele>
        <time>2021-07-08T11:43:53.000Z</time>
        <extensions>
          <ns3:TrackPointExtension/>
        </extensions>
      </trkpt>
      <trkpt lat="31.96072761900722980499267578125" lon="118.82073207758367061614990234375">
        <ele>7</ele>
        <time>2021-07-08T11:43:54.000Z</time>
        <extensions>
          <ns3:TrackPointExtension/>
        </extensions>
      </trkpt>
      <trkpt lat="31.9607028923928737640380859375" lon="118.820724450051784515380859375">
        <ele>7</ele>
        <time>2021-07-08T11:43:55.000Z</time>
        <extensions>
          <ns3:TrackPointExtension>
            <ns3:hr>172</ns3:hr>
            <ns3:cad>76</ns3:cad>
          </ns3:TrackPointExtension>
        </extensions>
      </trkpt>
      <trkpt lat="31.96067615412175655364990234375" lon="118.8207091949880123138427734375">
        <ele>7</ele>
        <time>2021-07-08T11:43:56.000Z</time>
        <extensions>
          <ns3:TrackPointExtension/>
        </extensions>
      </trkpt>
      <trkpt lat="31.96064941585063934326171875" lon="118.82070156745612621307373046875">
        <ele>7</ele>
        <time>2021-07-08T11:43:57.000Z</time>
        <extensions>
          <ns3:TrackPointExtension/>
        </extensions>
      </trkpt>
      <trkpt lat="31.96062468923628330230712890625" lon="118.82068631239235401153564453125">
        <ele>7</ele>
        <time>2021-07-08T11:43:58.000Z</time>
        <extensions>
          <ns3:TrackPointExtension/>
        </extensions>
      </trkpt>
      <trkpt lat="31.96059987880289554595947265625" lon="118.82067105732858180999755859375">
        <ele>7</ele>
        <time>2021-07-08T11:43:59.000Z</time>
        <extensions>
          <ns3:TrackPointExtension/>
        </extensions>
      </trkpt>
      <trkpt lat="31.9605731405317783355712890625" lon="118.820663429796695709228515625">
        <ele>7</ele>
        <time>2021-07-08T11:44:00.000Z</time>
        <extensions>
          <ns3:TrackPointExtension>
            <ns3:hr>173</ns3:hr>
            <ns3:cad>76</ns3:cad>
          </ns3:TrackPointExtension>
        </extensions>
      </trkpt>
      <trkpt lat="31.9605483300983905792236328125" lon="118.8206481747329235076904296875">
        <ele>7</ele>
        <time>2021-07-08T11:44:01.000Z</time>
        <extensions>
          <ns3:TrackPointExtension/>
        </extensions>
      </trkpt>
      <trkpt lat="31.96052360348403453826904296875" lon="118.82063291966915130615234375">
        <ele>7</ele>
        <time>2021-07-08T11:44:02.000Z</time>
        <extensions>
          <ns3:TrackPointExtension/>
        </extensions>
      </trkpt>
      <trkpt lat="31.96049879305064678192138671875" lon="118.8206176646053791046142578125">
        <ele>7</ele>
        <time>2021-07-08T11:44:03.000Z</time>
        <extensions>
          <ns3:TrackPointExtension/>
        </extensions>
      </trkpt>
      <trkpt lat="31.960472054779529571533203125" lon="118.820602409541606903076171875">
        <ele>7</ele>
        <time>2021-07-08T11:44:04.000Z</time>
        <extensions>
          <ns3:TrackPointExtension/>
        </extensions>
      </trkpt>
      <trkpt lat="31.960447244346141815185546875" lon="118.8205871544778347015380859375">
        <ele>7</ele>
        <time>2021-07-08T11:44:05.000Z</time>
        <extensions>
          <ns3:TrackPointExtension>
            <ns3:hr>174</ns3:hr>
            <ns3:cad>75</ns3:cad>
          </ns3:TrackPointExtension>
        </extensions>
      </trkpt>
      <trkpt lat="31.960422433912754058837890625" lon="118.8205718994140625">
        <ele>7</ele>
        <time>2021-07-08T11:44:06.000Z</time>
        <extensions>
          <ns3:TrackPointExtension/>
        </extensions>
      </trkpt>
      <trkpt lat="31.96039385162293910980224609375" lon="118.82055656053125858306884765625">
        <ele>7</ele>
        <time>2021-07-08T11:44:07.000Z</time>
        <extensions>
          <ns3:TrackPointExtension/>
        </extensions>
      </trkpt>
      <trkpt lat="31.96036904118955135345458984375" lon="118.82054130546748638153076171875">
        <ele>6.80000019073486328125</ele>
        <time>2021-07-08T11:44:08.000Z</time>
        <extensions>
          <ns3:TrackPointExtension/>
        </extensions>
      </trkpt>
      <trkpt lat="31.96034238673746585845947265625" lon="118.82053367793560028076171875">
        <ele>6.80000019073486328125</ele>
        <time>2021-07-08T11:44:09.000Z</time>
        <extensions>
          <ns3:TrackPointExtension/>
        </extensions>
      </trkpt>
      <trkpt lat="31.96031372062861919403076171875" lon="118.8205184228718280792236328125">
        <ele>6.599999904632568359375</ele>
        <time>2021-07-08T11:44:10.000Z</time>
        <extensions>
          <ns3:TrackPointExtension>
            <ns3:hr>170</ns3:hr>
            <ns3:cad>76</ns3:cad>
          </ns3:TrackPointExtension>
        </extensions>
      </trkpt>
      <trkpt lat="31.96028706617653369903564453125" lon="118.820503167808055877685546875">
        <ele>6.599999904632568359375</ele>
        <time>2021-07-08T11:44:11.000Z</time>
        <extensions>
          <ns3:TrackPointExtension/>
        </extensions>
      </trkpt>
      <trkpt lat="31.96025848388671875" lon="118.8204879127442836761474609375">
        <ele>6.400000095367431640625</ele>
        <time>2021-07-08T11:44:12.000Z</time>
        <extensions>
          <ns3:TrackPointExtension/>
        </extensions>
      </trkpt>
      <trkpt lat="31.9602298177778720855712890625" lon="118.82048028521239757537841796875">
        <ele>6.400000095367431640625</ele>
        <time>2021-07-08T11:44:13.000Z</time>
        <extensions>
          <ns3:TrackPointExtension/>
        </extensions>
      </trkpt>
      <trkpt lat="31.96020123548805713653564453125" lon="118.82046503014862537384033203125">
        <ele>6.19999980926513671875</ele>
        <time>2021-07-08T11:44:14.000Z</time>
        <extensions>
          <ns3:TrackPointExtension/>
        </extensions>
      </trkpt>
      <trkpt lat="31.9601726531982421875" lon="118.8204574026167392730712890625">
        <ele>6.19999980926513671875</ele>
        <time>2021-07-08T11:44:15.000Z</time>
        <extensions>
          <ns3:TrackPointExtension>
            <ns3:hr>174</ns3:hr>
            <ns3:cad>77</ns3:cad>
          </ns3:TrackPointExtension>
        </extensions>
      </trkpt>
      <trkpt lat="31.9601439870893955230712890625" lon="118.82044977508485317230224609375">
        <ele>6</ele>
        <time>2021-07-08T11:44:16.000Z</time>
        <extensions>
          <ns3:TrackPointExtension/>
        </extensions>
      </trkpt>
      <trkpt lat="31.9601134769618511199951171875" lon="118.82043452002108097076416015625">
        <ele>6</ele>
        <time>2021-07-08T11:44:17.000Z</time>
        <extensions>
          <ns3:TrackPointExtension/>
        </extensions>
      </trkpt>
      <trkpt lat="31.96008489467203617095947265625" lon="118.8204268924891948699951171875">
        <ele>6</ele>
        <time>2021-07-08T11:44:18.000Z</time>
        <extensions>
          <ns3:TrackPointExtension/>
        </extensions>
      </trkpt>
      <trkpt lat="31.96005438454449176788330078125" lon="118.82041926495730876922607421875">
        <ele>6</ele>
        <time>2021-07-08T11:44:19.000Z</time>
        <extensions>
          <ns3:TrackPointExtension/>
        </extensions>
      </trkpt>
      <trkpt lat="31.96002387441694736480712890625" lon="118.82041163742542266845703125">
        <ele>6</ele>
        <time>2021-07-08T11:44:20.000Z</time>
        <extensions>
          <ns3:TrackPointExtension>
            <ns3:hr>173</ns3:hr>
            <ns3:cad>77</ns3:cad>
          </ns3:TrackPointExtension>
        </extensions>
      </trkpt>
      <trkpt lat="31.95999520830810070037841796875" lon="118.82040400989353656768798828125">
        <ele>6</ele>
        <time>2021-07-08T11:44:21.000Z</time>
        <extensions>
          <ns3:TrackPointExtension/>
        </extensions>
      </trkpt>
      <trkpt lat="31.95996469818055629730224609375" lon="118.8203963823616504669189453125">
        <ele>6</ele>
        <time>2021-07-08T11:44:22.000Z</time>
        <extensions>
          <ns3:TrackPointExtension/>
        </extensions>
      </trkpt>
      <trkpt lat="31.9599361158907413482666015625" lon="118.820381127297878265380859375">
        <ele>6</ele>
        <time>2021-07-08T11:44:23.000Z</time>
        <extensions>
          <ns3:TrackPointExtension/>
        </extensions>
      </trkpt>
      <trkpt lat="31.9599056057631969451904296875" lon="118.82037349976599216461181640625">
        <ele>6</ele>
        <time>2021-07-08T11:44:24.000Z</time>
        <extensions>
          <ns3:TrackPointExtension/>
        </extensions>
      </trkpt>
      <trkpt lat="31.95987693965435028076171875" lon="118.8203658722341060638427734375">
        <ele>6</ele>
        <time>2021-07-08T11:44:25.000Z</time>
        <extensions>
          <ns3:TrackPointExtension>
            <ns3:hr>171</ns3:hr>
            <ns3:cad>77</ns3:cad>
          </ns3:TrackPointExtension>
        </extensions>
      </trkpt>
      <trkpt lat="31.95984835736453533172607421875" lon="118.8203506171703338623046875">
        <ele>6</ele>
        <time>2021-07-08T11:44:26.000Z</time>
        <extensions>
          <ns3:TrackPointExtension/>
        </extensions>
      </trkpt>
      <trkpt lat="31.9598197750747203826904296875" lon="118.8203353621065616607666015625">
        <ele>5.80000019073486328125</ele>
        <time>2021-07-08T11:44:27.000Z</time>
        <extensions>
          <ns3:TrackPointExtension/>
        </extensions>
      </trkpt>
      <trkpt lat="31.95979110896587371826171875" lon="118.82032773457467555999755859375">
        <ele>5.80000019073486328125</ele>
        <time>2021-07-08T11:44:28.000Z</time>
        <extensions>
          <ns3:TrackPointExtension/>
        </extensions>
      </trkpt>
      <trkpt lat="31.9597644545137882232666015625" lon="118.82031247951090335845947265625">
        <ele>5.599999904632568359375</ele>
        <time>2021-07-08T11:44:29.000Z</time>
        <extensions>
          <ns3:TrackPointExtension/>
        </extensions>
      </trkpt>
      <trkpt lat="31.959735788404941558837890625" lon="118.82029722444713115692138671875">
        <ele>5.599999904632568359375</ele>
        <time>2021-07-08T11:44:30.000Z</time>
        <extensions>
          <ns3:TrackPointExtension>
            <ns3:hr>175</ns3:hr>
            <ns3:cad>77</ns3:cad>
          </ns3:TrackPointExtension>
        </extensions>
      </trkpt>
      <trkpt lat="31.9597091339528560638427734375" lon="118.82028196938335895538330078125">
        <ele>5.400000095367431640625</ele>
        <time>2021-07-08T11:44:31.000Z</time>
        <extensions>
          <ns3:TrackPointExtension/>
        </extensions>
      </trkpt>
      <trkpt lat="31.95968239568173885345458984375" lon="118.82026671431958675384521484375">
        <ele>5.400000095367431640625</ele>
        <time>2021-07-08T11:44:32.000Z</time>
        <extensions>
          <ns3:TrackPointExtension/>
        </extensions>
      </trkpt>
      <trkpt lat="31.95965574122965335845947265625" lon="118.82025145925581455230712890625">
        <ele>5.400000095367431640625</ele>
        <time>2021-07-08T11:44:33.000Z</time>
        <extensions>
          <ns3:TrackPointExtension/>
        </extensions>
      </trkpt>
      <trkpt lat="31.95962707512080669403076171875" lon="118.82023620419204235076904296875">
        <ele>5.19999980926513671875</ele>
        <time>2021-07-08T11:44:34.000Z</time>
        <extensions>
          <ns3:TrackPointExtension/>
        </extensions>
      </trkpt>
      <trkpt lat="31.95960042066872119903564453125" lon="118.820220865309238433837890625">
        <ele>5.19999980926513671875</ele>
        <time>2021-07-08T11:44:35.000Z</time>
        <extensions>
          <ns3:TrackPointExtension>
            <ns3:hr>177</ns3:hr>
            <ns3:cad>77</ns3:cad>
          </ns3:TrackPointExtension>
        </extensions>
      </trkpt>
      <trkpt lat="31.9595736823976039886474609375" lon="118.8202056102454662322998046875">
        <ele>5</ele>
        <time>2021-07-08T11:44:36.000Z</time>
        <extensions>
          <ns3:TrackPointExtension/>
        </extensions>
      </trkpt>
      <trkpt lat="31.95954702794551849365234375" lon="118.82019035518169403076171875">
        <ele>5</ele>
        <time>2021-07-08T11:44:37.000Z</time>
        <extensions>
          <ns3:TrackPointExtension/>
        </extensions>
      </trkpt>
      <trkpt lat="31.95952028967440128326416015625" lon="118.82018272764980792999267578125">
        <ele>5</ele>
        <time>2021-07-08T11:44:38.000Z</time>
        <extensions>
          <ns3:TrackPointExtension/>
        </extensions>
      </trkpt>
      <trkpt lat="31.95949363522231578826904296875" lon="118.82016747258603572845458984375">
        <ele>5</ele>
        <time>2021-07-08T11:44:39.000Z</time>
        <extensions>
          <ns3:TrackPointExtension/>
        </extensions>
      </trkpt>
      <trkpt lat="31.959466896951198577880859375" lon="118.82015221752226352691650390625">
        <ele>5</ele>
        <time>2021-07-08T11:44:40.000Z</time>
        <extensions>
          <ns3:TrackPointExtension>
            <ns3:hr>171</ns3:hr>
            <ns3:cad>78</ns3:cad>
          </ns3:TrackPointExtension>
        </extensions>
      </trkpt>
      <trkpt lat="31.95944015868008136749267578125" lon="118.82013696245849132537841796875">
        <ele>5</ele>
        <time>2021-07-08T11:44:41.000Z</time>
        <extensions>
          <ns3:TrackPointExtension/>
        </extensions>
      </trkpt>
      <trkpt lat="31.9594154320657253265380859375" lon="118.820129334926605224609375">
        <ele>5</ele>
        <time>2021-07-08T11:44:42.000Z</time>
        <extensions>
          <ns3:TrackPointExtension/>
        </extensions>
      </trkpt>
      <trkpt lat="31.95938869379460811614990234375" lon="118.8201140798628330230712890625">
        <ele>5</ele>
        <time>2021-07-08T11:44:43.000Z</time>
        <extensions>
          <ns3:TrackPointExtension/>
        </extensions>
      </trkpt>
      <trkpt lat="31.95936195552349090576171875" lon="118.820098824799060821533203125">
        <ele>5</ele>
        <time>2021-07-08T11:44:44.000Z</time>
        <extensions>
          <ns3:TrackPointExtension/>
        </extensions>
      </trkpt>
      <trkpt lat="31.9593353010714054107666015625" lon="118.82009119726717472076416015625">
        <ele>5</ele>
        <time>2021-07-08T11:44:45.000Z</time>
        <extensions>
          <ns3:TrackPointExtension>
            <ns3:hr>169</ns3:hr>
            <ns3:cad>77</ns3:cad>
          </ns3:TrackPointExtension>
        </extensions>
      </trkpt>
      <trkpt lat="31.9593104906380176544189453125" lon="118.82007594220340251922607421875">
        <ele>5</ele>
        <time>2021-07-08T11:44:46.000Z</time>
        <extensions>
          <ns3:TrackPointExtension/>
        </extensions>
      </trkpt>
      <trkpt lat="31.95928190834820270538330078125" lon="118.82006831467151641845703125">
        <ele>5</ele>
        <time>2021-07-08T11:44:47.000Z</time>
        <extensions>
          <ns3:TrackPointExtension/>
        </extensions>
      </trkpt>
      <trkpt lat="31.95925709791481494903564453125" lon="118.82006068713963031768798828125">
        <ele>5.19999980926513671875</ele>
        <time>2021-07-08T11:44:48.000Z</time>
        <extensions>
          <ns3:TrackPointExtension/>
        </extensions>
      </trkpt>
      <trkpt lat="31.9592303596436977386474609375" lon="118.82004543207585811614990234375">
        <ele>5.19999980926513671875</ele>
        <time>2021-07-08T11:44:49.000Z</time>
        <extensions>
          <ns3:TrackPointExtension/>
        </extensions>
      </trkpt>
      <trkpt lat="31.95920177735388278961181640625" lon="118.820037804543972015380859375">
        <ele>5.400000095367431640625</ele>
        <time>2021-07-08T11:44:50.000Z</time>
        <extensions>
          <ns3:TrackPointExtension>
            <ns3:hr>169</ns3:hr>
            <ns3:cad>77</ns3:cad>
          </ns3:TrackPointExtension>
        </extensions>
      </trkpt>
      <trkpt lat="31.9591750390827655792236328125" lon="118.82003017701208591461181640625">
        <ele>5.400000095367431640625</ele>
        <time>2021-07-08T11:44:51.000Z</time>
        <extensions>
          <ns3:TrackPointExtension/>
        </extensions>
      </trkpt>
      <trkpt lat="31.959148384630680084228515625" lon="118.8200225494801998138427734375">
        <ele>5.599999904632568359375</ele>
        <time>2021-07-08T11:44:52.000Z</time>
        <extensions>
          <ns3:TrackPointExtension/>
        </extensions>
      </trkpt>
      <trkpt lat="31.9591197185218334197998046875" lon="118.82001492194831371307373046875">
        <ele>5.599999904632568359375</ele>
        <time>2021-07-08T11:44:53.000Z</time>
        <extensions>
          <ns3:TrackPointExtension/>
        </extensions>
      </trkpt>
      <trkpt lat="31.9590930640697479248046875" lon="118.8200072944164276123046875">
        <ele>5.80000019073486328125</ele>
        <time>2021-07-08T11:44:54.000Z</time>
        <extensions>
          <ns3:TrackPointExtension/>
        </extensions>
      </trkpt>
      <trkpt lat="31.95906632579863071441650390625" lon="118.8200072944164276123046875">
        <ele>5.80000019073486328125</ele>
        <time>2021-07-08T11:44:55.000Z</time>
        <extensions>
          <ns3:TrackPointExtension>
            <ns3:hr>168</ns3:hr>
            <ns3:cad>77</ns3:cad>
          </ns3:TrackPointExtension>
        </extensions>
      </trkpt>
      <trkpt lat="31.95903967134654521942138671875" lon="118.81999966688454151153564453125">
        <ele>6</ele>
        <time>2021-07-08T11:44:56.000Z</time>
        <extensions>
          <ns3:TrackPointExtension/>
        </extensions>
      </trkpt>
      <trkpt lat="31.95901100523769855499267578125" lon="118.8199920393526554107666015625">
        <ele>6</ele>
        <time>2021-07-08T11:44:57.000Z</time>
        <extensions>
          <ns3:TrackPointExtension/>
        </extensions>
      </trkpt>
      <trkpt lat="31.95898435078561305999755859375" lon="118.81998441182076930999755859375">
        <ele>6</ele>
        <time>2021-07-08T11:44:58.000Z</time>
        <extensions>
          <ns3:TrackPointExtension/>
        </extensions>
      </trkpt>
      <trkpt lat="31.958957612514495849609375" lon="118.81998441182076930999755859375">
        <ele>6</ele>
        <time>2021-07-08T11:44:59.000Z</time>
        <extensions>
          <ns3:TrackPointExtension/>
        </extensions>
      </trkpt>
      <trkpt lat="31.95892903022468090057373046875" lon="118.819976784288883209228515625">
        <ele>6</ele>
        <time>2021-07-08T11:45:00.000Z</time>
        <extensions>
          <ns3:TrackPointExtension>
            <ns3:hr>168</ns3:hr>
            <ns3:cad>77</ns3:cad>
          </ns3:TrackPointExtension>
        </extensions>
      </trkpt>
      <trkpt lat="31.958902291953563690185546875" lon="118.81996915675699710845947265625">
        <ele>6</ele>
        <time>2021-07-08T11:45:01.000Z</time>
        <extensions>
          <ns3:TrackPointExtension/>
        </extensions>
      </trkpt>
      <trkpt lat="31.9588756375014781951904296875" lon="118.81996915675699710845947265625">
        <ele>6</ele>
        <time>2021-07-08T11:45:02.000Z</time>
        <extensions>
          <ns3:TrackPointExtension/>
        </extensions>
      </trkpt>
      <trkpt lat="31.95884889923036098480224609375" lon="118.8199615292251110076904296875">
        <ele>6.19999980926513671875</ele>
        <time>2021-07-08T11:45:03.000Z</time>
        <extensions>
          <ns3:TrackPointExtension/>
        </extensions>
      </trkpt>
      <trkpt lat="31.9588203169405460357666015625" lon="118.81995390169322490692138671875">
        <ele>6.19999980926513671875</ele>
        <time>2021-07-08T11:45:04.000Z</time>
        <extensions>
          <ns3:TrackPointExtension/>
        </extensions>
      </trkpt>
      <trkpt lat="31.95879357866942882537841796875" lon="118.81994627416133880615234375">
        <ele>6.19999980926513671875</ele>
        <time>2021-07-08T11:45:05.000Z</time>
        <extensions>
          <ns3:TrackPointExtension>
            <ns3:hr>171</ns3:hr>
            <ns3:cad>78</ns3:cad>
          </ns3:TrackPointExtension>
        </extensions>
      </trkpt>
      <trkpt lat="31.95876692421734333038330078125" lon="118.81994627416133880615234375">
        <ele>6.400000095367431640625</ele>
        <time>2021-07-08T11:45:06.000Z</time>
        <extensions>
          <ns3:TrackPointExtension/>
        </extensions>
      </trkpt>
      <trkpt lat="31.95874211378395557403564453125" lon="118.81993864662945270538330078125">
        <ele>6.400000095367431640625</ele>
        <time>2021-07-08T11:45:07.000Z</time>
        <extensions>
          <ns3:TrackPointExtension/>
        </extensions>
      </trkpt>
      <trkpt lat="31.9587153755128383636474609375" lon="118.81993864662945270538330078125">
        <ele>6.599999904632568359375</ele>
        <time>2021-07-08T11:45:08.000Z</time>
        <extensions>
          <ns3:TrackPointExtension/>
        </extensions>
      </trkpt>
      <trkpt lat="31.95868872106075286865234375" lon="118.8199310190975666046142578125">
        <ele>6.80000019073486328125</ele>
        <time>2021-07-08T11:45:09.000Z</time>
        <extensions>
          <ns3:TrackPointExtension/>
        </extensions>
      </trkpt>
      <trkpt lat="31.9586639106273651123046875" lon="118.8199310190975666046142578125">
        <ele>7</ele>
        <time>2021-07-08T11:45:10.000Z</time>
        <extensions>
          <ns3:TrackPointExtension>
            <ns3:hr>171</ns3:hr>
            <ns3:cad>76</ns3:cad>
          </ns3:TrackPointExtension>
        </extensions>
      </trkpt>
      <trkpt lat="31.95863717235624790191650390625" lon="118.81992339156568050384521484375">
        <ele>7.19999980926513671875</ele>
        <time>2021-07-08T11:45:11.000Z</time>
        <extensions>
          <ns3:TrackPointExtension/>
        </extensions>
      </trkpt>
      <trkpt lat="31.95861236192286014556884765625" lon="118.81992339156568050384521484375">
        <ele>7.400000095367431640625</ele>
        <time>2021-07-08T11:45:12.000Z</time>
        <extensions>
          <ns3:TrackPointExtension/>
        </extensions>
      </trkpt>
      <trkpt lat="31.95858570747077465057373046875" lon="118.819915764033794403076171875">
        <ele>7.400000095367431640625</ele>
        <time>2021-07-08T11:45:13.000Z</time>
        <extensions>
          <ns3:TrackPointExtension/>
        </extensions>
      </trkpt>
      <trkpt lat="31.95856089703738689422607421875" lon="118.819915764033794403076171875">
        <ele>7.599999904632568359375</ele>
        <time>2021-07-08T11:45:14.000Z</time>
        <extensions>
          <ns3:TrackPointExtension/>
        </extensions>
      </trkpt>
      <trkpt lat="31.958534158766269683837890625" lon="118.819915764033794403076171875">
        <ele>7.80000019073486328125</ele>
        <time>2021-07-08T11:45:15.000Z</time>
        <extensions>
          <ns3:TrackPointExtension>
            <ns3:hr>168</ns3:hr>
            <ns3:cad>77</ns3:cad>
          </ns3:TrackPointExtension>
        </extensions>
      </trkpt>
      <trkpt lat="31.9585075043141841888427734375" lon="118.819915764033794403076171875">
        <ele>7.80000019073486328125</ele>
        <time>2021-07-08T11:45:16.000Z</time>
        <extensions>
          <ns3:TrackPointExtension/>
        </extensions>
      </trkpt>
      <trkpt lat="31.9584826938807964324951171875" lon="118.819915764033794403076171875">
        <ele>8</ele>
        <time>2021-07-08T11:45:17.000Z</time>
        <extensions>
          <ns3:TrackPointExtension/>
        </extensions>
      </trkpt>
      <trkpt lat="31.9584560394287109375" lon="118.819915764033794403076171875">
        <ele>8</ele>
        <time>2021-07-08T11:45:18.000Z</time>
        <extensions>
          <ns3:TrackPointExtension/>
        </extensions>
      </trkpt>
      <trkpt lat="31.95842930115759372711181640625" lon="118.81990813650190830230712890625">
        <ele>8</ele>
        <time>2021-07-08T11:45:19.000Z</time>
        <extensions>
          <ns3:TrackPointExtension/>
        </extensions>
      </trkpt>
      <trkpt lat="31.9584025628864765167236328125" lon="118.819915764033794403076171875">
        <ele>8</ele>
        <time>2021-07-08T11:45:20.000Z</time>
        <extensions>
          <ns3:TrackPointExtension>
            <ns3:hr>169</ns3:hr>
            <ns3:cad>77</ns3:cad>
          </ns3:TrackPointExtension>
        </extensions>
      </trkpt>
      <trkpt lat="31.958375908434391021728515625" lon="118.819915764033794403076171875">
        <ele>8</ele>
        <time>2021-07-08T11:45:21.000Z</time>
        <extensions>
          <ns3:TrackPointExtension/>
        </extensions>
      </trkpt>
      <trkpt lat="31.95834917016327381134033203125" lon="118.819915764033794403076171875">
        <ele>8</ele>
        <time>2021-07-08T11:45:22.000Z</time>
        <extensions>
          <ns3:TrackPointExtension/>
        </extensions>
      </trkpt>
      <trkpt lat="31.95832435972988605499267578125" lon="118.819915764033794403076171875">
        <ele>8</ele>
        <time>2021-07-08T11:45:23.000Z</time>
        <extensions>
          <ns3:TrackPointExtension/>
        </extensions>
      </trkpt>
      <trkpt lat="31.95829770527780055999755859375" lon="118.81992339156568050384521484375">
        <ele>8</ele>
        <time>2021-07-08T11:45:24.000Z</time>
        <extensions>
          <ns3:TrackPointExtension/>
        </extensions>
      </trkpt>
      <trkpt lat="31.95827289484441280364990234375" lon="118.8199310190975666046142578125">
        <ele>8.19999980926513671875</ele>
        <time>2021-07-08T11:45:25.000Z</time>
        <extensions>
          <ns3:TrackPointExtension>
            <ns3:hr>169</ns3:hr>
            <ns3:cad>76</ns3:cad>
          </ns3:TrackPointExtension>
        </extensions>
      </trkpt>
      <trkpt lat="31.95824615657329559326171875" lon="118.81993864662945270538330078125">
        <ele>8.19999980926513671875</ele>
        <time>2021-07-08T11:45:26.000Z</time>
        <extensions>
          <ns3:TrackPointExtension/>
        </extensions>
      </trkpt>
      <trkpt lat="31.95822142995893955230712890625" lon="118.81994627416133880615234375">
        <ele>8.3999996185302734375</ele>
        <time>2021-07-08T11:45:27.000Z</time>
        <extensions>
          <ns3:TrackPointExtension/>
        </extensions>
      </trkpt>
      <trkpt lat="31.95819661952555179595947265625" lon="118.81995390169322490692138671875">
        <ele>8.3999996185302734375</ele>
        <time>2021-07-08T11:45:28.000Z</time>
        <extensions>
          <ns3:TrackPointExtension/>
        </extensions>
      </trkpt>
      <trkpt lat="31.95817180909216403961181640625" lon="118.8199615292251110076904296875">
        <ele>8.3999996185302734375</ele>
        <time>2021-07-08T11:45:29.000Z</time>
        <extensions>
          <ns3:TrackPointExtension/>
        </extensions>
      </trkpt>
      <trkpt lat="31.9581489264965057373046875" lon="118.819976784288883209228515625">
        <ele>8.3999996185302734375</ele>
        <time>2021-07-08T11:45:30.000Z</time>
        <extensions>
          <ns3:TrackPointExtension>
            <ns3:hr>169</ns3:hr>
            <ns3:cad>76</ns3:cad>
          </ns3:TrackPointExtension>
        </extensions>
      </trkpt>
      <trkpt lat="31.95812411606311798095703125" lon="118.8199920393526554107666015625">
        <ele>8.19999980926513671875</ele>
        <time>2021-07-08T11:45:31.000Z</time>
        <extensions>
          <ns3:TrackPointExtension/>
        </extensions>
      </trkpt>
      <trkpt lat="31.95810123346745967864990234375" lon="118.8200072944164276123046875">
        <ele>8.19999980926513671875</ele>
        <time>2021-07-08T11:45:32.000Z</time>
        <extensions>
          <ns3:TrackPointExtension/>
        </extensions>
      </trkpt>
      <trkpt lat="31.95808027870953083038330078125" lon="118.8200225494801998138427734375">
        <ele>8.19999980926513671875</ele>
        <time>2021-07-08T11:45:33.000Z</time>
        <extensions>
          <ns3:TrackPointExtension/>
        </extensions>
      </trkpt>
      <trkpt lat="31.9580592401325702667236328125" lon="118.82004543207585811614990234375">
        <ele>8.19999980926513671875</ele>
        <time>2021-07-08T11:45:34.000Z</time>
        <extensions>
          <ns3:TrackPointExtension/>
        </extensions>
      </trkpt>
      <trkpt lat="31.95804021321237087249755859375" lon="118.82006068713963031768798828125">
        <ele>8.19999980926513671875</ele>
        <time>2021-07-08T11:45:35.000Z</time>
        <extensions>
          <ns3:TrackPointExtension>
            <ns3:hr>170</ns3:hr>
            <ns3:cad>77</ns3:cad>
          </ns3:TrackPointExtension>
        </extensions>
      </trkpt>
      <trkpt lat="31.95802110247313976287841796875" lon="118.8200835697352886199951171875">
        <ele>8.3999996185302734375</ele>
        <time>2021-07-08T11:45:36.000Z</time>
        <extensions>
          <ns3:TrackPointExtension/>
        </extensions>
      </trkpt>
      <trkpt lat="31.95800207555294036865234375" lon="118.82010645233094692230224609375">
        <ele>8.3999996185302734375</ele>
        <time>2021-07-08T11:45:37.000Z</time>
        <extensions>
          <ns3:TrackPointExtension/>
        </extensions>
      </trkpt>
      <trkpt lat="31.95798489265143871307373046875" lon="118.820129334926605224609375">
        <ele>8.6000003814697265625</ele>
        <time>2021-07-08T11:45:38.000Z</time>
        <extensions>
          <ns3:TrackPointExtension/>
        </extensions>
      </trkpt>
      <trkpt lat="31.9579677097499370574951171875" lon="118.82015221752226352691650390625">
        <ele>8.6000003814697265625</ele>
        <time>2021-07-08T11:45:39.000Z</time>
        <extensions>
          <ns3:TrackPointExtension/>
        </extensions>
      </trkpt>
      <trkpt lat="31.95795245468616485595703125" lon="118.8201751001179218292236328125">
        <ele>8.6000003814697265625</ele>
        <time>2021-07-08T11:45:40.000Z</time>
        <extensions>
          <ns3:TrackPointExtension>
            <ns3:hr>170</ns3:hr>
            <ns3:cad>77</ns3:cad>
          </ns3:TrackPointExtension>
        </extensions>
      </trkpt>
      <trkpt lat="31.9579371996223926544189453125" lon="118.82019798271358013153076171875">
        <ele>8.6000003814697265625</ele>
        <time>2021-07-08T11:45:41.000Z</time>
        <extensions>
          <ns3:TrackPointExtension/>
        </extensions>
      </trkpt>
      <trkpt lat="31.957921944558620452880859375" lon="118.82022857666015625">
        <ele>8.6000003814697265625</ele>
        <time>2021-07-08T11:45:42.000Z</time>
        <extensions>
          <ns3:TrackPointExtension/>
        </extensions>
      </trkpt>
      <trkpt lat="31.95790476165711879730224609375" lon="118.82025145925581455230712890625">
        <ele>8.6000003814697265625</ele>
        <time>2021-07-08T11:45:43.000Z</time>
        <extensions>
          <ns3:TrackPointExtension/>
        </extensions>
      </trkpt>
      <trkpt lat="31.95788950659334659576416015625" lon="118.8202743418514728546142578125">
        <ele>8.6000003814697265625</ele>
        <time>2021-07-08T11:45:44.000Z</time>
        <extensions>
          <ns3:TrackPointExtension/>
        </extensions>
      </trkpt>
      <trkpt lat="31.95787425152957439422607421875" lon="118.8203048519790172576904296875">
        <ele>8.6000003814697265625</ele>
        <time>2021-07-08T11:45:45.000Z</time>
        <extensions>
          <ns3:TrackPointExtension>
            <ns3:hr>168</ns3:hr>
            <ns3:cad>77</ns3:cad>
          </ns3:TrackPointExtension>
        </extensions>
      </trkpt>
      <trkpt lat="31.9578570686280727386474609375" lon="118.82032773457467555999755859375">
        <ele>8.6000003814697265625</ele>
        <time>2021-07-08T11:45:46.000Z</time>
        <extensions>
          <ns3:TrackPointExtension/>
        </extensions>
      </trkpt>
      <trkpt lat="31.957841813564300537109375" lon="118.82035824470221996307373046875">
        <ele>8.80000019073486328125</ele>
        <time>2021-07-08T11:45:47.000Z</time>
        <extensions>
          <ns3:TrackPointExtension/>
        </extensions>
      </trkpt>
      <trkpt lat="31.95782463066279888153076171875" lon="118.820381127297878265380859375">
        <ele>8.80000019073486328125</ele>
        <time>2021-07-08T11:45:48.000Z</time>
        <extensions>
          <ns3:TrackPointExtension/>
        </extensions>
      </trkpt>
      <trkpt lat="31.95780937559902667999267578125" lon="118.82040400989353656768798828125">
        <ele>8.80000019073486328125</ele>
        <time>2021-07-08T11:45:49.000Z</time>
        <extensions>
          <ns3:TrackPointExtension/>
        </extensions>
      </trkpt>
      <trkpt lat="31.95779227651655673980712890625" lon="118.82043452002108097076416015625">
        <ele>8.80000019073486328125</ele>
        <time>2021-07-08T11:45:50.000Z</time>
        <extensions>
          <ns3:TrackPointExtension>
            <ns3:hr>170</ns3:hr>
            <ns3:cad>77</ns3:cad>
          </ns3:TrackPointExtension>
        </extensions>
      </trkpt>
      <trkpt lat="31.957775093615055084228515625" lon="118.8204574026167392730712890625">
        <ele>8.80000019073486328125</ele>
        <time>2021-07-08T11:45:51.000Z</time>
        <extensions>
          <ns3:TrackPointExtension/>
        </extensions>
      </trkpt>
      <trkpt lat="31.95775791071355342864990234375" lon="118.8204879127442836761474609375">
        <ele>9</ele>
        <time>2021-07-08T11:45:52.000Z</time>
        <extensions>
          <ns3:TrackPointExtension/>
        </extensions>
      </trkpt>
      <trkpt lat="31.9577407278120517730712890625" lon="118.82051079533994197845458984375">
        <ele>9</ele>
        <time>2021-07-08T11:45:53.000Z</time>
        <extensions>
          <ns3:TrackPointExtension/>
        </extensions>
      </trkpt>
      <trkpt lat="31.95772354491055011749267578125" lon="118.82054130546748638153076171875">
        <ele>9</ele>
        <time>2021-07-08T11:45:54.000Z</time>
        <extensions>
          <ns3:TrackPointExtension/>
        </extensions>
      </trkpt>
      <trkpt lat="31.9577045179903507232666015625" lon="118.820564188063144683837890625">
        <ele>9</ele>
        <time>2021-07-08T11:45:55.000Z</time>
        <extensions>
          <ns3:TrackPointExtension>
            <ns3:hr>171</ns3:hr>
            <ns3:cad>76</ns3:cad>
          </ns3:TrackPointExtension>
        </extensions>
      </trkpt>
      <trkpt lat="31.95768733508884906768798828125" lon="118.82059478200972080230712890625">
        <ele>9</ele>
        <time>2021-07-08T11:45:56.000Z</time>
        <extensions>
          <ns3:TrackPointExtension/>
        </extensions>
      </trkpt>
      <trkpt lat="31.95767208002507686614990234375" lon="118.8206176646053791046142578125">
        <ele>9</ele>
        <time>2021-07-08T11:45:57.000Z</time>
        <extensions>
          <ns3:TrackPointExtension/>
        </extensions>
      </trkpt>
      <trkpt lat="31.95765296928584575653076171875" lon="118.8206481747329235076904296875">
        <ele>9.19999980926513671875</ele>
        <time>2021-07-08T11:45:58.000Z</time>
        <extensions>
          <ns3:TrackPointExtension/>
        </extensions>
      </trkpt>
      <trkpt lat="31.95763587020337581634521484375" lon="118.82067105732858180999755859375">
        <ele>9.19999980926513671875</ele>
        <time>2021-07-08T11:45:59.000Z</time>
        <extensions>
          <ns3:TrackPointExtension/>
        </extensions>
      </trkpt>
      <trkpt lat="31.95761675946414470672607421875" lon="118.82070156745612621307373046875">
        <ele>9.19999980926513671875</ele>
        <time>2021-07-08T11:46:00.000Z</time>
        <extensions>
          <ns3:TrackPointExtension>
            <ns3:hr>169</ns3:hr>
            <ns3:cad>76</ns3:cad>
          </ns3:TrackPointExtension>
        </extensions>
      </trkpt>
      <trkpt lat="31.9575977325439453125" lon="118.820724450051784515380859375">
        <ele>9</ele>
        <time>2021-07-08T11:46:01.000Z</time>
        <extensions>
          <ns3:TrackPointExtension/>
        </extensions>
      </trkpt>
      <trkpt lat="31.95757669396698474884033203125" lon="118.82074733264744281768798828125">
        <ele>9</ele>
        <time>2021-07-08T11:46:02.000Z</time>
        <extensions>
          <ns3:TrackPointExtension/>
        </extensions>
      </trkpt>
      <trkpt lat="31.9575576670467853546142578125" lon="118.82077784277498722076416015625">
        <ele>9</ele>
        <time>2021-07-08T11:46:03.000Z</time>
        <extensions>
          <ns3:TrackPointExtension/>
        </extensions>
      </trkpt>
      <trkpt lat="31.95753662846982479095458984375" lon="118.8208007253706455230712890625">
        <ele>9</ele>
        <time>2021-07-08T11:46:04.000Z</time>
        <extensions>
          <ns3:TrackPointExtension/>
        </extensions>
      </trkpt>
      <trkpt lat="31.95751567371189594268798828125" lon="118.82082360796630382537841796875">
        <ele>8.80000019073486328125</ele>
        <time>2021-07-08T11:46:05.000Z</time>
        <extensions>
          <ns3:TrackPointExtension>
            <ns3:hr>171</ns3:hr>
            <ns3:cad>76</ns3:cad>
          </ns3:TrackPointExtension>
        </extensions>
      </trkpt>
      <trkpt lat="31.957492791116237640380859375" lon="118.820846490561962127685546875">
        <ele>9</ele>
        <time>2021-07-08T11:46:06.000Z</time>
        <extensions>
          <ns3:TrackPointExtension/>
        </extensions>
      </trkpt>
      <trkpt lat="31.9574718363583087921142578125" lon="118.82086937315762042999267578125">
        <ele>9</ele>
        <time>2021-07-08T11:46:07.000Z</time>
        <extensions>
          <ns3:TrackPointExtension/>
        </extensions>
      </trkpt>
      <trkpt lat="31.95744895376265048980712890625" lon="118.8208922557532787322998046875">
        <ele>9.19999980926513671875</ele>
        <time>2021-07-08T11:46:08.000Z</time>
        <extensions>
          <ns3:TrackPointExtension/>
        </extensions>
      </trkpt>
      <trkpt lat="31.9574279151856899261474609375" lon="118.82091522216796875">
        <ele>9.19999980926513671875</ele>
        <time>2021-07-08T11:46:09.000Z</time>
        <extensions>
          <ns3:TrackPointExtension/>
        </extensions>
      </trkpt>
      <trkpt lat="31.95740503259003162384033203125" lon="118.82093810476362705230712890625">
        <ele>9.19999980926513671875</ele>
        <time>2021-07-08T11:46:10.000Z</time>
        <extensions>
          <ns3:TrackPointExtension>
            <ns3:hr>175</ns3:hr>
            <ns3:cad>77</ns3:cad>
          </ns3:TrackPointExtension>
        </extensions>
      </trkpt>
      <trkpt lat="31.957382149994373321533203125" lon="118.8209609873592853546142578125">
        <ele>9.19999980926513671875</ele>
        <time>2021-07-08T11:46:11.000Z</time>
        <extensions>
          <ns3:TrackPointExtension/>
        </extensions>
      </trkpt>
      <trkpt lat="31.9573611952364444732666015625" lon="118.82098386995494365692138671875">
        <ele>9</ele>
        <time>2021-07-08T11:46:12.000Z</time>
        <extensions>
          <ns3:TrackPointExtension/>
        </extensions>
      </trkpt>
      <trkpt lat="31.95733831264078617095947265625" lon="118.821006752550601959228515625">
        <ele>9</ele>
        <time>2021-07-08T11:46:13.000Z</time>
        <extensions>
          <ns3:TrackPointExtension/>
        </extensions>
      </trkpt>
      <trkpt lat="31.95731543004512786865234375" lon="118.82102963514626026153564453125">
        <ele>8.80000019073486328125</ele>
        <time>2021-07-08T11:46:14.000Z</time>
        <extensions>
          <ns3:TrackPointExtension/>
        </extensions>
      </trkpt>
      <trkpt lat="31.95729254744946956634521484375" lon="118.82104489021003246307373046875">
        <ele>8.6000003814697265625</ele>
        <time>2021-07-08T11:46:15.000Z</time>
        <extensions>
          <ns3:TrackPointExtension>
            <ns3:hr>172</ns3:hr>
            <ns3:cad>77</ns3:cad>
          </ns3:TrackPointExtension>
        </extensions>
      </trkpt>
      <trkpt lat="31.957271508872509002685546875" lon="118.821067772805690765380859375">
        <ele>8.3999996185302734375</ele>
        <time>2021-07-08T11:46:16.000Z</time>
        <extensions>
          <ns3:TrackPointExtension/>
        </extensions>
      </trkpt>
      <trkpt lat="31.95724862627685070037841796875" lon="118.82109065540134906768798828125">
        <ele>8.19999980926513671875</ele>
        <time>2021-07-08T11:46:17.000Z</time>
        <extensions>
          <ns3:TrackPointExtension/>
        </extensions>
      </trkpt>
      <trkpt lat="31.95722381584346294403076171875" lon="118.82110591046512126922607421875">
        <ele>8.19999980926513671875</ele>
        <time>2021-07-08T11:46:18.000Z</time>
        <extensions>
          <ns3:TrackPointExtension/>
        </extensions>
      </trkpt>
      <trkpt lat="31.9572009332478046417236328125" lon="118.821128793060779571533203125">
        <ele>8.19999980926513671875</ele>
        <time>2021-07-08T11:46:19.000Z</time>
        <extensions>
          <ns3:TrackPointExtension/>
        </extensions>
      </trkpt>
      <trkpt lat="31.95717620663344860076904296875" lon="118.82115167565643787384033203125">
        <ele>8.19999980926513671875</ele>
        <time>2021-07-08T11:46:20.000Z</time>
        <extensions>
          <ns3:TrackPointExtension>
            <ns3:hr>169</ns3:hr>
            <ns3:cad>76</ns3:cad>
          </ns3:TrackPointExtension>
        </extensions>
      </trkpt>
      <trkpt lat="31.95715324021875858306884765625" lon="118.82116693072021007537841796875">
        <ele>8.19999980926513671875</ele>
        <time>2021-07-08T11:46:21.000Z</time>
        <extensions>
          <ns3:TrackPointExtension/>
        </extensions>
      </trkpt>
      <trkpt lat="31.9571285136044025421142578125" lon="118.82118218578398227691650390625">
        <ele>8.19999980926513671875</ele>
        <time>2021-07-08T11:46:22.000Z</time>
        <extensions>
          <ns3:TrackPointExtension/>
        </extensions>
      </trkpt>
      <trkpt lat="31.9571037031710147857666015625" lon="118.8212050683796405792236328125">
        <ele>8.19999980926513671875</ele>
        <time>2021-07-08T11:46:23.000Z</time>
        <extensions>
          <ns3:TrackPointExtension/>
        </extensions>
      </trkpt>
      <trkpt lat="31.95708082057535648345947265625" lon="118.82122032344341278076171875">
        <ele>8</ele>
        <time>2021-07-08T11:46:24.000Z</time>
        <extensions>
          <ns3:TrackPointExtension/>
        </extensions>
      </trkpt>
      <trkpt lat="31.95705601014196872711181640625" lon="118.8212355785071849822998046875">
        <ele>8.19999980926513671875</ele>
        <time>2021-07-08T11:46:25.000Z</time>
        <extensions>
          <ns3:TrackPointExtension>
            <ns3:hr>172</ns3:hr>
            <ns3:cad>76</ns3:cad>
          </ns3:TrackPointExtension>
        </extensions>
      </trkpt>
      <trkpt lat="31.95703119970858097076416015625" lon="118.821250833570957183837890625">
        <ele>8.3999996185302734375</ele>
        <time>2021-07-08T11:46:26.000Z</time>
        <extensions>
          <ns3:TrackPointExtension/>
        </extensions>
      </trkpt>
      <trkpt lat="31.95700638927519321441650390625" lon="118.8212737999856472015380859375">
        <ele>8.3999996185302734375</ele>
        <time>2021-07-08T11:46:27.000Z</time>
        <extensions>
          <ns3:TrackPointExtension/>
        </extensions>
      </trkpt>
      <trkpt lat="31.956983506679534912109375" lon="118.821289055049419403076171875">
        <ele>8.6000003814697265625</ele>
        <time>2021-07-08T11:46:28.000Z</time>
        <extensions>
          <ns3:TrackPointExtension/>
        </extensions>
      </trkpt>
      <trkpt lat="31.95695869624614715576171875" lon="118.8213043101131916046142578125">
        <ele>8.80000019073486328125</ele>
        <time>2021-07-08T11:46:29.000Z</time>
        <extensions>
          <ns3:TrackPointExtension/>
        </extensions>
      </trkpt>
      <trkpt lat="31.95693396963179111480712890625" lon="118.82131956517696380615234375">
        <ele>9</ele>
        <time>2021-07-08T11:46:30.000Z</time>
        <extensions>
          <ns3:TrackPointExtension>
            <ns3:hr>170</ns3:hr>
            <ns3:cad>77</ns3:cad>
          </ns3:TrackPointExtension>
        </extensions>
      </trkpt>
      <trkpt lat="31.9569110870361328125" lon="118.8213348202407360076904296875">
        <ele>9</ele>
        <time>2021-07-08T11:46:31.000Z</time>
        <extensions>
          <ns3:TrackPointExtension/>
        </extensions>
      </trkpt>
      <trkpt lat="31.9568881206214427947998046875" lon="118.821350075304508209228515625">
        <ele>9.19999980926513671875</ele>
        <time>2021-07-08T11:46:32.000Z</time>
        <extensions>
          <ns3:TrackPointExtension/>
        </extensions>
      </trkpt>
      <trkpt lat="31.95686339400708675384521484375" lon="118.8213653303682804107666015625">
        <ele>9.3999996185302734375</ele>
        <time>2021-07-08T11:46:33.000Z</time>
        <extensions>
          <ns3:TrackPointExtension/>
        </extensions>
      </trkpt>
      <trkpt lat="31.9568405114114284515380859375" lon="118.8213805854320526123046875">
        <ele>9.3999996185302734375</ele>
        <time>2021-07-08T11:46:34.000Z</time>
        <extensions>
          <ns3:TrackPointExtension/>
        </extensions>
      </trkpt>
      <trkpt lat="31.956817544996738433837890625" lon="118.82138821296393871307373046875">
        <ele>9.6000003814697265625</ele>
        <time>2021-07-08T11:46:35.000Z</time>
        <extensions>
          <ns3:TrackPointExtension>
            <ns3:hr>175</ns3:hr>
            <ns3:cad>77</ns3:cad>
          </ns3:TrackPointExtension>
        </extensions>
      </trkpt>
      <trkpt lat="31.95679466240108013153076171875" lon="118.82140346802771091461181640625">
        <ele>9.80000019073486328125</ele>
        <time>2021-07-08T11:46:36.000Z</time>
        <extensions>
          <ns3:TrackPointExtension/>
        </extensions>
      </trkpt>
      <trkpt lat="31.9567717798054218292236328125" lon="118.821411095559597015380859375">
        <ele>9.6000003814697265625</ele>
        <time>2021-07-08T11:46:37.000Z</time>
        <extensions>
          <ns3:TrackPointExtension/>
        </extensions>
      </trkpt>
      <trkpt lat="31.95674889720976352691650390625" lon="118.8214263506233692169189453125">
        <ele>9.6000003814697265625</ele>
        <time>2021-07-08T11:46:38.000Z</time>
        <extensions>
          <ns3:TrackPointExtension/>
        </extensions>
      </trkpt>
      <trkpt lat="31.956726014614105224609375" lon="118.82143397815525531768798828125">
        <ele>9.6000003814697265625</ele>
        <time>2021-07-08T11:46:39.000Z</time>
        <extensions>
          <ns3:TrackPointExtension/>
        </extensions>
      </trkpt>
      <trkpt lat="31.95670313201844692230224609375" lon="118.82144160568714141845703125">
        <ele>9.80000019073486328125</ele>
        <time>2021-07-08T11:46:40.000Z</time>
        <extensions>
          <ns3:TrackPointExtension>
            <ns3:hr>175</ns3:hr>
            <ns3:cad>77</ns3:cad>
          </ns3:TrackPointExtension>
        </extensions>
      </trkpt>
      <trkpt lat="31.9566802494227886199951171875" lon="118.8214568607509136199951171875">
        <ele>9.80000019073486328125</ele>
        <time>2021-07-08T11:46:41.000Z</time>
        <extensions>
          <ns3:TrackPointExtension/>
        </extensions>
      </trkpt>
      <trkpt lat="31.95665736682713031768798828125" lon="118.82146448828279972076416015625">
        <ele>10</ele>
        <time>2021-07-08T11:46:42.000Z</time>
        <extensions>
          <ns3:TrackPointExtension/>
        </extensions>
      </trkpt>
      <trkpt lat="31.956634484231472015380859375" lon="118.82147974334657192230224609375">
        <ele>10</ele>
        <time>2021-07-08T11:46:43.000Z</time>
        <extensions>
          <ns3:TrackPointExtension/>
        </extensions>
      </trkpt>
      <trkpt lat="31.956609673798084259033203125" lon="118.8214873708784580230712890625">
        <ele>10</ele>
        <time>2021-07-08T11:46:44.000Z</time>
        <extensions>
          <ns3:TrackPointExtension/>
        </extensions>
      </trkpt>
      <trkpt lat="31.95658679120242595672607421875" lon="118.821502625942230224609375">
        <ele>10</ele>
        <time>2021-07-08T11:46:45.000Z</time>
        <extensions>
          <ns3:TrackPointExtension>
            <ns3:hr>176</ns3:hr>
            <ns3:cad>76</ns3:cad>
          </ns3:TrackPointExtension>
        </extensions>
      </trkpt>
      <trkpt lat="31.95656198076903820037841796875" lon="118.82151025347411632537841796875">
        <ele>10</ele>
        <time>2021-07-08T11:46:46.000Z</time>
        <extensions>
          <ns3:TrackPointExtension/>
        </extensions>
      </trkpt>
      <trkpt lat="31.9565390981733798980712890625" lon="118.82152550853788852691650390625">
        <ele>10</ele>
        <time>2021-07-08T11:46:47.000Z</time>
        <extensions>
          <ns3:TrackPointExtension/>
        </extensions>
      </trkpt>
      <trkpt lat="31.9565142877399921417236328125" lon="118.82154076360166072845458984375">
        <ele>10.19999980926513671875</ele>
        <time>2021-07-08T11:46:48.000Z</time>
        <extensions>
          <ns3:TrackPointExtension/>
        </extensions>
      </trkpt>
      <trkpt lat="31.95648956112563610076904296875" lon="118.8215483911335468292236328125">
        <ele>10.19999980926513671875</ele>
        <time>2021-07-08T11:46:49.000Z</time>
        <extensions>
          <ns3:TrackPointExtension/>
        </extensions>
      </trkpt>
      <trkpt lat="31.95646659471094608306884765625" lon="118.82156364619731903076171875">
        <ele>10.19999980926513671875</ele>
        <time>2021-07-08T11:46:50.000Z</time>
        <extensions>
          <ns3:TrackPointExtension>
            <ns3:hr>175</ns3:hr>
            <ns3:cad>77</ns3:cad>
          </ns3:TrackPointExtension>
        </extensions>
      </trkpt>
      <trkpt lat="31.9564418680965900421142578125" lon="118.8215789012610912322998046875">
        <ele>10</ele>
        <time>2021-07-08T11:46:51.000Z</time>
        <extensions>
          <ns3:TrackPointExtension/>
        </extensions>
      </trkpt>
      <trkpt lat="31.9564170576632022857666015625" lon="118.82158652879297733306884765625">
        <ele>10</ele>
        <time>2021-07-08T11:46:52.000Z</time>
        <extensions>
          <ns3:TrackPointExtension/>
        </extensions>
      </trkpt>
      <trkpt lat="31.9563922472298145294189453125" lon="118.82160186767578125">
        <ele>10</ele>
        <time>2021-07-08T11:46:53.000Z</time>
        <extensions>
          <ns3:TrackPointExtension/>
        </extensions>
      </trkpt>
      <trkpt lat="31.95636936463415622711181640625" lon="118.82160949520766735076904296875">
        <ele>10</ele>
        <time>2021-07-08T11:46:54.000Z</time>
        <extensions>
          <ns3:TrackPointExtension/>
        </extensions>
      </trkpt>
      <trkpt lat="31.95634455420076847076416015625" lon="118.82162475027143955230712890625">
        <ele>10</ele>
        <time>2021-07-08T11:46:55.000Z</time>
        <extensions>
          <ns3:TrackPointExtension>
            <ns3:hr>176</ns3:hr>
            <ns3:cad>76</ns3:cad>
          </ns3:TrackPointExtension>
        </extensions>
      </trkpt>
      <trkpt lat="31.95631974376738071441650390625" lon="118.821632377803325653076171875">
        <ele>10.19999980926513671875</ele>
        <time>2021-07-08T11:46:56.000Z</time>
        <extensions>
          <ns3:TrackPointExtension/>
        </extensions>
      </trkpt>
      <trkpt lat="31.95629493333399295806884765625" lon="118.82164000533521175384521484375">
        <ele>10.19999980926513671875</ele>
        <time>2021-07-08T11:46:57.000Z</time>
        <extensions>
          <ns3:TrackPointExtension/>
        </extensions>
      </trkpt>
      <trkpt lat="31.9562702067196369171142578125" lon="118.82165526039898395538330078125">
        <ele>10.19999980926513671875</ele>
        <time>2021-07-08T11:46:58.000Z</time>
        <extensions>
          <ns3:TrackPointExtension/>
        </extensions>
      </trkpt>
      <trkpt lat="31.95624346844851970672607421875" lon="118.82166288793087005615234375">
        <ele>10.3999996185302734375</ele>
        <time>2021-07-08T11:46:59.000Z</time>
        <extensions>
          <ns3:TrackPointExtension/>
        </extensions>
      </trkpt>
      <trkpt lat="31.95621865801513195037841796875" lon="118.82167051546275615692138671875">
        <ele>10.3999996185302734375</ele>
        <time>2021-07-08T11:47:00.000Z</time>
        <extensions>
          <ns3:TrackPointExtension>
            <ns3:hr>175</ns3:hr>
            <ns3:cad>76</ns3:cad>
          </ns3:TrackPointExtension>
        </extensions>
      </trkpt>
      <trkpt lat="31.95619200356304645538330078125" lon="118.82168577052652835845947265625">
        <ele>10.3999996185302734375</ele>
        <time>2021-07-08T11:47:01.000Z</time>
        <extensions>
          <ns3:TrackPointExtension/>
        </extensions>
      </trkpt>
      <trkpt lat="31.9561652652919292449951171875" lon="118.821693398058414459228515625">
        <ele>10.6000003814697265625</ele>
        <time>2021-07-08T11:47:02.000Z</time>
        <extensions>
          <ns3:TrackPointExtension/>
        </extensions>
      </trkpt>
      <trkpt lat="31.95613861083984375" lon="118.82170102559030055999755859375">
        <ele>10.6000003814697265625</ele>
        <time>2021-07-08T11:47:03.000Z</time>
        <extensions>
          <ns3:TrackPointExtension/>
        </extensions>
      </trkpt>
      <trkpt lat="31.95611380040645599365234375" lon="118.8217086531221866607666015625">
        <ele>10.6000003814697265625</ele>
        <time>2021-07-08T11:47:04.000Z</time>
        <extensions>
          <ns3:TrackPointExtension/>
        </extensions>
      </trkpt>
      <trkpt lat="31.9560851342976093292236328125" lon="118.82171628065407276153564453125">
        <ele>10.80000019073486328125</ele>
        <time>2021-07-08T11:47:05.000Z</time>
        <extensions>
          <ns3:TrackPointExtension>
            <ns3:hr>175</ns3:hr>
            <ns3:cad>77</ns3:cad>
          </ns3:TrackPointExtension>
        </extensions>
      </trkpt>
      <trkpt lat="31.956058479845523834228515625" lon="118.8217239081859588623046875">
        <ele>10.80000019073486328125</ele>
        <time>2021-07-08T11:47:06.000Z</time>
        <extensions>
          <ns3:TrackPointExtension/>
        </extensions>
      </trkpt>
      <trkpt lat="31.95603174157440662384033203125" lon="118.82173153571784496307373046875">
        <ele>10.80000019073486328125</ele>
        <time>2021-07-08T11:47:07.000Z</time>
        <extensions>
          <ns3:TrackPointExtension/>
        </extensions>
      </trkpt>
      <trkpt lat="31.95600508712232112884521484375" lon="118.8217391632497310638427734375">
        <ele>10.80000019073486328125</ele>
        <time>2021-07-08T11:47:08.000Z</time>
        <extensions>
          <ns3:TrackPointExtension/>
        </extensions>
      </trkpt>
      <trkpt lat="31.95597642101347446441650390625" lon="118.82174679078161716461181640625">
        <ele>11</ele>
        <time>2021-07-08T11:47:09.000Z</time>
        <extensions>
          <ns3:TrackPointExtension/>
        </extensions>
      </trkpt>
      <trkpt lat="31.95594976656138896942138671875" lon="118.821754418313503265380859375">
        <ele>11</ele>
        <time>2021-07-08T11:47:10.000Z</time>
        <extensions>
          <ns3:TrackPointExtension>
            <ns3:hr>174</ns3:hr>
            <ns3:cad>76</ns3:cad>
          </ns3:TrackPointExtension>
        </extensions>
      </trkpt>
      <trkpt lat="31.95592110045254230499267578125" lon="118.821754418313503265380859375">
        <ele>11.19999980926513671875</ele>
        <time>2021-07-08T11:47:11.000Z</time>
        <extensions>
          <ns3:TrackPointExtension/>
        </extensions>
      </trkpt>
      <trkpt lat="31.95589444600045680999755859375" lon="118.82176204584538936614990234375">
        <ele>11.19999980926513671875</ele>
        <time>2021-07-08T11:47:12.000Z</time>
        <extensions>
          <ns3:TrackPointExtension/>
        </extensions>
      </trkpt>
      <trkpt lat="31.955867707729339599609375" lon="118.8217696733772754669189453125">
        <ele>11.19999980926513671875</ele>
        <time>2021-07-08T11:47:13.000Z</time>
        <extensions>
          <ns3:TrackPointExtension/>
        </extensions>
      </trkpt>
      <trkpt lat="31.95583912543952465057373046875" lon="118.8217696733772754669189453125">
        <ele>11.3999996185302734375</ele>
        <time>2021-07-08T11:47:14.000Z</time>
        <extensions>
          <ns3:TrackPointExtension/>
        </extensions>
      </trkpt>
      <trkpt lat="31.9558105431497097015380859375" lon="118.82177730090916156768798828125">
        <ele>11.3999996185302734375</ele>
        <time>2021-07-08T11:47:15.000Z</time>
        <extensions>
          <ns3:TrackPointExtension>
            <ns3:hr>173</ns3:hr>
            <ns3:cad>76</ns3:cad>
          </ns3:TrackPointExtension>
        </extensions>
      </trkpt>
      <trkpt lat="31.95578380487859249114990234375" lon="118.82177730090916156768798828125">
        <ele>11.6000003814697265625</ele>
        <time>2021-07-08T11:47:16.000Z</time>
        <extensions>
          <ns3:TrackPointExtension/>
        </extensions>
      </trkpt>
      <trkpt lat="31.9557552225887775421142578125" lon="118.82178492844104766845703125">
        <ele>11.6000003814697265625</ele>
        <time>2021-07-08T11:47:17.000Z</time>
        <extensions>
          <ns3:TrackPointExtension/>
        </extensions>
      </trkpt>
      <trkpt lat="31.955726556479930877685546875" lon="118.82178492844104766845703125">
        <ele>11.80000019073486328125</ele>
        <time>2021-07-08T11:47:18.000Z</time>
        <extensions>
          <ns3:TrackPointExtension/>
        </extensions>
      </trkpt>
      <trkpt lat="31.9556999020278453826904296875" lon="118.82179255597293376922607421875">
        <ele>11.80000019073486328125</ele>
        <time>2021-07-08T11:47:19.000Z</time>
        <extensions>
          <ns3:TrackPointExtension/>
        </extensions>
      </trkpt>
      <trkpt lat="31.95567123591899871826171875" lon="118.82179255597293376922607421875">
        <ele>12</ele>
        <time>2021-07-08T11:47:20.000Z</time>
        <extensions>
          <ns3:TrackPointExtension>
            <ns3:hr>173</ns3:hr>
            <ns3:cad>77</ns3:cad>
          </ns3:TrackPointExtension>
        </extensions>
      </trkpt>
      <trkpt lat="31.9556445814669132232666015625" lon="118.8218001835048198699951171875">
        <ele>12</ele>
        <time>2021-07-08T11:47:21.000Z</time>
        <extensions>
          <ns3:TrackPointExtension/>
        </extensions>
      </trkpt>
      <trkpt lat="31.95561784319579601287841796875" lon="118.8218001835048198699951171875">
        <ele>12</ele>
        <time>2021-07-08T11:47:22.000Z</time>
        <extensions>
          <ns3:TrackPointExtension/>
        </extensions>
      </trkpt>
      <trkpt lat="31.9555892609059810638427734375" lon="118.8218001835048198699951171875">
        <ele>12</ele>
        <time>2021-07-08T11:47:23.000Z</time>
        <extensions>
          <ns3:TrackPointExtension/>
        </extensions>
      </trkpt>
      <trkpt lat="31.95556252263486385345458984375" lon="118.8218001835048198699951171875">
        <ele>12</ele>
        <time>2021-07-08T11:47:24.000Z</time>
        <extensions>
          <ns3:TrackPointExtension/>
        </extensions>
      </trkpt>
      <trkpt lat="31.95553586818277835845947265625" lon="118.8218001835048198699951171875">
        <ele>12</ele>
        <time>2021-07-08T11:47:25.000Z</time>
        <extensions>
          <ns3:TrackPointExtension>
            <ns3:hr>175</ns3:hr>
            <ns3:cad>77</ns3:cad>
          </ns3:TrackPointExtension>
        </extensions>
      </trkpt>
      <trkpt lat="31.9555091299116611480712890625" lon="118.8218001835048198699951171875">
        <ele>12</ele>
        <time>2021-07-08T11:47:26.000Z</time>
        <extensions>
          <ns3:TrackPointExtension/>
        </extensions>
      </trkpt>
      <trkpt lat="31.955482475459575653076171875" lon="118.8218001835048198699951171875">
        <ele>12</ele>
        <time>2021-07-08T11:47:27.000Z</time>
        <extensions>
          <ns3:TrackPointExtension/>
        </extensions>
      </trkpt>
      <trkpt lat="31.955457665026187896728515625" lon="118.82179255597293376922607421875">
        <ele>12</ele>
        <time>2021-07-08T11:47:28.000Z</time>
        <extensions>
          <ns3:TrackPointExtension/>
        </extensions>
      </trkpt>
      <trkpt lat="31.955432854592800140380859375" lon="118.82179255597293376922607421875">
        <ele>12</ele>
        <time>2021-07-08T11:47:29.000Z</time>
        <extensions>
          <ns3:TrackPointExtension/>
        </extensions>
      </trkpt>
      <trkpt lat="31.955408044159412384033203125" lon="118.82178492844104766845703125">
        <ele>12.19999980926513671875</ele>
        <time>2021-07-08T11:47:30.000Z</time>
        <extensions>
          <ns3:TrackPointExtension>
            <ns3:hr>175</ns3:hr>
            <ns3:cad>76</ns3:cad>
          </ns3:TrackPointExtension>
        </extensions>
      </trkpt>
      <trkpt lat="31.955383233726024627685546875" lon="118.82178492844104766845703125">
        <ele>12.3999996185302734375</ele>
        <time>2021-07-08T11:47:31.000Z</time>
        <extensions>
          <ns3:TrackPointExtension/>
        </extensions>
      </trkpt>
      <trkpt lat="31.95536035113036632537841796875" lon="118.82177730090916156768798828125">
        <ele>12.6000003814697265625</ele>
        <time>2021-07-08T11:47:32.000Z</time>
        <extensions>
          <ns3:TrackPointExtension/>
        </extensions>
      </trkpt>
      <trkpt lat="31.9553374685347080230712890625" lon="118.82177730090916156768798828125">
        <ele>12.80000019073486328125</ele>
        <time>2021-07-08T11:47:33.000Z</time>
        <extensions>
          <ns3:TrackPointExtension/>
        </extensions>
      </trkpt>
      <trkpt lat="31.95531458593904972076416015625" lon="118.8217696733772754669189453125">
        <ele>12.80000019073486328125</ele>
        <time>2021-07-08T11:47:34.000Z</time>
        <extensions>
          <ns3:TrackPointExtension/>
        </extensions>
      </trkpt>
      <trkpt lat="31.95529170334339141845703125" lon="118.8217696733772754669189453125">
        <ele>13</ele>
        <time>2021-07-08T11:47:35.000Z</time>
        <extensions>
          <ns3:TrackPointExtension>
            <ns3:hr>175</ns3:hr>
            <ns3:cad>76</ns3:cad>
          </ns3:TrackPointExtension>
        </extensions>
      </trkpt>
      <trkpt lat="31.955272592604160308837890625" lon="118.8217696733772754669189453125">
        <ele>13</ele>
        <time>2021-07-08T11:47:36.000Z</time>
        <extensions>
          <ns3:TrackPointExtension/>
        </extensions>
      </trkpt>
      <trkpt lat="31.9552573375403881072998046875" lon="118.82177730090916156768798828125">
        <ele>13.19999980926513671875</ele>
        <time>2021-07-08T11:47:37.000Z</time>
        <extensions>
          <ns3:TrackPointExtension/>
        </extensions>
      </trkpt>
      <trkpt lat="31.95524786598980426788330078125" lon="118.82177730090916156768798828125">
        <ele>13.3999996185302734375</ele>
        <time>2021-07-08T11:47:38.000Z</time>
        <extensions>
          <ns3:TrackPointExtension/>
        </extensions>
      </trkpt>
      <trkpt lat="31.95524208247661590576171875" lon="118.82177730090916156768798828125">
        <ele>13.3999996185302734375</ele>
        <time>2021-07-08T11:47:39.000Z</time>
        <extensions>
          <ns3:TrackPointExtension/>
        </extensions>
      </trkpt>
      <trkpt lat="31.9552402384579181671142578125" lon="118.82178492844104766845703125">
        <ele>13.3999996185302734375</ele>
        <time>2021-07-08T11:47:40.000Z</time>
        <extensions>
          <ns3:TrackPointExtension>
            <ns3:hr>176</ns3:hr>
            <ns3:cad>76</ns3:cad>
          </ns3:TrackPointExtension>
        </extensions>
      </trkpt>
      <trkpt lat="31.95524208247661590576171875" lon="118.82179255597293376922607421875">
        <ele>13.6000003814697265625</ele>
        <time>2021-07-08T11:47:41.000Z</time>
        <extensions>
          <ns3:TrackPointExtension/>
        </extensions>
      </trkpt>
      <trkpt lat="31.9552516378462314605712890625" lon="118.82179255597293376922607421875">
        <ele>13.3999996185302734375</ele>
        <time>2021-07-08T11:47:42.000Z</time>
        <extensions>
          <ns3:TrackPointExtension/>
        </extensions>
      </trkpt>
      <trkpt lat="31.95526312105357646942138671875" lon="118.8218001835048198699951171875">
        <ele>13.3999996185302734375</ele>
        <time>2021-07-08T11:47:43.000Z</time>
        <extensions>
          <ns3:TrackPointExtension/>
        </extensions>
      </trkpt>
      <trkpt lat="31.955280303955078125" lon="118.8218001835048198699951171875">
        <ele>13.3999996185302734375</ele>
        <time>2021-07-08T11:47:44.000Z</time>
        <extensions>
          <ns3:TrackPointExtension/>
        </extensions>
      </trkpt>
      <trkpt lat="31.9553012587130069732666015625" lon="118.8218001835048198699951171875">
        <ele>13.19999980926513671875</ele>
        <time>2021-07-08T11:47:45.000Z</time>
        <extensions>
          <ns3:TrackPointExtension>
            <ns3:hr>174</ns3:hr>
            <ns3:cad>77</ns3:cad>
          </ns3:TrackPointExtension>
        </extensions>
      </trkpt>
      <trkpt lat="31.9553260691463947296142578125" lon="118.82180781103670597076416015625">
        <ele>13.19999980926513671875</ele>
        <time>2021-07-08T11:47:46.000Z</time>
        <extensions>
          <ns3:TrackPointExtension/>
        </extensions>
      </trkpt>
      <trkpt lat="31.955352723598480224609375" lon="118.82180781103670597076416015625">
        <ele>13</ele>
        <time>2021-07-08T11:47:47.000Z</time>
        <extensions>
          <ns3:TrackPointExtension/>
        </extensions>
      </trkpt>
      <trkpt lat="31.95537753403186798095703125" lon="118.82180781103670597076416015625">
        <ele>12.80000019073486328125</ele>
        <time>2021-07-08T11:47:48.000Z</time>
        <extensions>
          <ns3:TrackPointExtension/>
        </extensions>
      </trkpt>
      <trkpt lat="31.95540427230298519134521484375" lon="118.821815438568592071533203125">
        <ele>12.6000003814697265625</ele>
        <time>2021-07-08T11:47:49.000Z</time>
        <extensions>
          <ns3:TrackPointExtension/>
        </extensions>
      </trkpt>
      <trkpt lat="31.9554289989173412322998046875" lon="118.821815438568592071533203125">
        <ele>12.3999996185302734375</ele>
        <time>2021-07-08T11:47:50.000Z</time>
        <extensions>
          <ns3:TrackPointExtension>
            <ns3:hr>174</ns3:hr>
            <ns3:cad>77</ns3:cad>
          </ns3:TrackPointExtension>
        </extensions>
      </trkpt>
      <trkpt lat="31.95545573718845844268798828125" lon="118.821815438568592071533203125">
        <ele>12</ele>
        <time>2021-07-08T11:47:51.000Z</time>
        <extensions>
          <ns3:TrackPointExtension/>
        </extensions>
      </trkpt>
      <trkpt lat="31.955482475459575653076171875" lon="118.82182306610047817230224609375">
        <ele>12</ele>
        <time>2021-07-08T11:47:52.000Z</time>
        <extensions>
          <ns3:TrackPointExtension/>
        </extensions>
      </trkpt>
      <trkpt lat="31.95550720207393169403076171875" lon="118.82182306610047817230224609375">
        <ele>12</ele>
        <time>2021-07-08T11:47:53.000Z</time>
        <extensions>
          <ns3:TrackPointExtension/>
        </extensions>
      </trkpt>
      <trkpt lat="31.9555339403450489044189453125" lon="118.82182306610047817230224609375">
        <ele>12</ele>
        <time>2021-07-08T11:47:54.000Z</time>
        <extensions>
          <ns3:TrackPointExtension/>
        </extensions>
      </trkpt>
      <trkpt lat="31.9555587507784366607666015625" lon="118.82182306610047817230224609375">
        <ele>12</ele>
        <time>2021-07-08T11:47:55.000Z</time>
        <extensions>
          <ns3:TrackPointExtension>
            <ns3:hr>174</ns3:hr>
            <ns3:cad>77</ns3:cad>
          </ns3:TrackPointExtension>
        </extensions>
      </trkpt>
      <trkpt lat="31.95558540523052215576171875" lon="118.82182306610047817230224609375">
        <ele>12</ele>
        <time>2021-07-08T11:47:56.000Z</time>
        <extensions>
          <ns3:TrackPointExtension/>
        </extensions>
      </trkpt>
      <trkpt lat="31.955610215663909912109375" lon="118.82182306610047817230224609375">
        <ele>12</ele>
        <time>2021-07-08T11:47:57.000Z</time>
        <extensions>
          <ns3:TrackPointExtension/>
        </extensions>
      </trkpt>
      <trkpt lat="31.95563695393502712249755859375" lon="118.82182306610047817230224609375">
        <ele>12</ele>
        <time>2021-07-08T11:47:58.000Z</time>
        <extensions>
          <ns3:TrackPointExtension/>
        </extensions>
      </trkpt>
      <trkpt lat="31.95566176436841487884521484375" lon="118.82182306610047817230224609375">
        <ele>12</ele>
        <time>2021-07-08T11:47:59.000Z</time>
        <extensions>
          <ns3:TrackPointExtension/>
        </extensions>
      </trkpt>
      <trkpt lat="31.9556864909827709197998046875" lon="118.821815438568592071533203125">
        <ele>12</ele>
        <time>2021-07-08T11:48:00.000Z</time>
        <extensions>
          <ns3:TrackPointExtension>
            <ns3:hr>174</ns3:hr>
            <ns3:cad>77</ns3:cad>
          </ns3:TrackPointExtension>
        </extensions>
      </trkpt>
      <trkpt lat="31.9557094573974609375" lon="118.82180781103670597076416015625">
        <ele>11.80000019073486328125</ele>
        <time>2021-07-08T11:48:01.000Z</time>
        <extensions>
          <ns3:TrackPointExtension/>
        </extensions>
      </trkpt>
      <trkpt lat="31.95573418401181697845458984375" lon="118.8218001835048198699951171875">
        <ele>11.6000003814697265625</ele>
        <time>2021-07-08T11:48:02.000Z</time>
        <extensions>
          <ns3:TrackPointExtension/>
        </extensions>
      </trkpt>
      <trkpt lat="31.95575706660747528076171875" lon="118.82179255597293376922607421875">
        <ele>11.6000003814697265625</ele>
        <time>2021-07-08T11:48:03.000Z</time>
        <extensions>
          <ns3:TrackPointExtension/>
        </extensions>
      </trkpt>
      <trkpt lat="31.955781877040863037109375" lon="118.82178492844104766845703125">
        <ele>11.6000003814697265625</ele>
        <time>2021-07-08T11:48:04.000Z</time>
        <extensions>
          <ns3:TrackPointExtension/>
        </extensions>
      </trkpt>
      <trkpt lat="31.95580475963652133941650390625" lon="118.82177730090916156768798828125">
        <ele>11.3999996185302734375</ele>
        <time>2021-07-08T11:48:05.000Z</time>
        <extensions>
          <ns3:TrackPointExtension>
            <ns3:hr>172</ns3:hr>
            <ns3:cad>76</ns3:cad>
          </ns3:TrackPointExtension>
        </extensions>
      </trkpt>
      <trkpt lat="31.9558276422321796417236328125" lon="118.8217696733772754669189453125">
        <ele>11.3999996185302734375</ele>
        <time>2021-07-08T11:48:06.000Z</time>
        <extensions>
          <ns3:TrackPointExtension/>
        </extensions>
      </trkpt>
      <trkpt lat="31.95585052482783794403076171875" lon="118.82176204584538936614990234375">
        <ele>11.3999996185302734375</ele>
        <time>2021-07-08T11:48:07.000Z</time>
        <extensions>
          <ns3:TrackPointExtension/>
        </extensions>
      </trkpt>
      <trkpt lat="31.9558715634047985076904296875" lon="118.821754418313503265380859375">
        <ele>11.19999980926513671875</ele>
        <time>2021-07-08T11:48:08.000Z</time>
        <extensions>
          <ns3:TrackPointExtension/>
        </extensions>
      </trkpt>
      <trkpt lat="31.95589444600045680999755859375" lon="118.82174679078161716461181640625">
        <ele>11.19999980926513671875</ele>
        <time>2021-07-08T11:48:09.000Z</time>
        <extensions>
          <ns3:TrackPointExtension/>
        </extensions>
      </trkpt>
      <trkpt lat="31.9559173285961151123046875" lon="118.8217391632497310638427734375">
        <ele>11</ele>
        <time>2021-07-08T11:48:10.000Z</time>
        <extensions>
          <ns3:TrackPointExtension>
            <ns3:hr>173</ns3:hr>
            <ns3:cad>77</ns3:cad>
          </ns3:TrackPointExtension>
        </extensions>
      </trkpt>
      <trkpt lat="31.9559382833540439605712890625" lon="118.82173153571784496307373046875">
        <ele>10.80000019073486328125</ele>
        <time>2021-07-08T11:48:11.000Z</time>
        <extensions>
          <ns3:TrackPointExtension/>
        </extensions>
      </trkpt>
      <trkpt lat="31.95596116594970226287841796875" lon="118.8217239081859588623046875">
        <ele>10.80000019073486328125</ele>
        <time>2021-07-08T11:48:12.000Z</time>
        <extensions>
          <ns3:TrackPointExtension/>
        </extensions>
      </trkpt>
      <trkpt lat="31.955984048545360565185546875" lon="118.82171628065407276153564453125">
        <ele>10.80000019073486328125</ele>
        <time>2021-07-08T11:48:13.000Z</time>
        <extensions>
          <ns3:TrackPointExtension/>
        </extensions>
      </trkpt>
      <trkpt lat="31.95600693114101886749267578125" lon="118.8217086531221866607666015625">
        <ele>10.6000003814697265625</ele>
        <time>2021-07-08T11:48:14.000Z</time>
        <extensions>
          <ns3:TrackPointExtension/>
        </extensions>
      </trkpt>
      <trkpt lat="31.95602796971797943115234375" lon="118.82170102559030055999755859375">
        <ele>10.6000003814697265625</ele>
        <time>2021-07-08T11:48:15.000Z</time>
        <extensions>
          <ns3:TrackPointExtension>
            <ns3:hr>171</ns3:hr>
            <ns3:cad>77</ns3:cad>
          </ns3:TrackPointExtension>
        </extensions>
      </trkpt>
      <trkpt lat="31.9560527801513671875" lon="118.821693398058414459228515625">
        <ele>10.6000003814697265625</ele>
        <time>2021-07-08T11:48:16.000Z</time>
        <extensions>
          <ns3:TrackPointExtension/>
        </extensions>
      </trkpt>
      <trkpt lat="31.95607566274702548980712890625" lon="118.82168577052652835845947265625">
        <ele>10.3999996185302734375</ele>
        <time>2021-07-08T11:48:17.000Z</time>
        <extensions>
          <ns3:TrackPointExtension/>
        </extensions>
      </trkpt>
      <trkpt lat="31.95609661750495433807373046875" lon="118.8216781429946422576904296875">
        <ele>10.3999996185302734375</ele>
        <time>2021-07-08T11:48:18.000Z</time>
        <extensions>
          <ns3:TrackPointExtension/>
        </extensions>
      </trkpt>
      <trkpt lat="31.956119500100612640380859375" lon="118.82167051546275615692138671875">
        <ele>10.3999996185302734375</ele>
        <time>2021-07-08T11:48:19.000Z</time>
        <extensions>
          <ns3:TrackPointExtension/>
        </extensions>
      </trkpt>
      <trkpt lat="31.95614238269627094268798828125" lon="118.82165526039898395538330078125">
        <ele>10.19999980926513671875</ele>
        <time>2021-07-08T11:48:20.000Z</time>
        <extensions>
          <ns3:TrackPointExtension>
            <ns3:hr>172</ns3:hr>
            <ns3:cad>77</ns3:cad>
          </ns3:TrackPointExtension>
        </extensions>
      </trkpt>
      <trkpt lat="31.9561652652919292449951171875" lon="118.8216476328670978546142578125">
        <ele>10.19999980926513671875</ele>
        <time>2021-07-08T11:48:21.000Z</time>
        <extensions>
          <ns3:TrackPointExtension/>
        </extensions>
      </trkpt>
      <trkpt lat="31.95618814788758754730224609375" lon="118.821632377803325653076171875">
        <ele>10.19999980926513671875</ele>
        <time>2021-07-08T11:48:22.000Z</time>
        <extensions>
          <ns3:TrackPointExtension/>
        </extensions>
      </trkpt>
      <trkpt lat="31.956211030483245849609375" lon="118.8216171227395534515380859375">
        <ele>10</ele>
        <time>2021-07-08T11:48:23.000Z</time>
        <extensions>
          <ns3:TrackPointExtension/>
        </extensions>
      </trkpt>
      <trkpt lat="31.95623584091663360595703125" lon="118.82160949520766735076904296875">
        <ele>10</ele>
        <time>2021-07-08T11:48:24.000Z</time>
        <extensions>
          <ns3:TrackPointExtension/>
        </extensions>
      </trkpt>
      <trkpt lat="31.95626257918775081634521484375" lon="118.821594156324863433837890625">
        <ele>9.80000019073486328125</ele>
        <time>2021-07-08T11:48:25.000Z</time>
        <extensions>
          <ns3:TrackPointExtension>
            <ns3:hr>174</ns3:hr>
            <ns3:cad>76</ns3:cad>
          </ns3:TrackPointExtension>
        </extensions>
      </trkpt>
      <trkpt lat="31.9562873058021068572998046875" lon="118.8215789012610912322998046875">
        <ele>9.80000019073486328125</ele>
        <time>2021-07-08T11:48:26.000Z</time>
        <extensions>
          <ns3:TrackPointExtension/>
        </extensions>
      </trkpt>
      <trkpt lat="31.9563121162354946136474609375" lon="118.82157127372920513153076171875">
        <ele>9.6000003814697265625</ele>
        <time>2021-07-08T11:48:27.000Z</time>
        <extensions>
          <ns3:TrackPointExtension/>
        </extensions>
      </trkpt>
      <trkpt lat="31.95633885450661182403564453125" lon="118.82155601866543292999267578125">
        <ele>9.6000003814697265625</ele>
        <time>2021-07-08T11:48:28.000Z</time>
        <extensions>
          <ns3:TrackPointExtension/>
        </extensions>
      </trkpt>
      <trkpt lat="31.95636550895869731903076171875" lon="118.82154076360166072845458984375">
        <ele>9.6000003814697265625</ele>
        <time>2021-07-08T11:48:29.000Z</time>
        <extensions>
          <ns3:TrackPointExtension/>
        </extensions>
      </trkpt>
      <trkpt lat="31.95639417506754398345947265625" lon="118.82152550853788852691650390625">
        <ele>9.80000019073486328125</ele>
        <time>2021-07-08T11:48:30.000Z</time>
        <extensions>
          <ns3:TrackPointExtension>
            <ns3:hr>171</ns3:hr>
            <ns3:cad>77</ns3:cad>
          </ns3:TrackPointExtension>
        </extensions>
      </trkpt>
      <trkpt lat="31.95642082951962947845458984375" lon="118.8215178810060024261474609375">
        <ele>9.80000019073486328125</ele>
        <time>2021-07-08T11:48:31.000Z</time>
        <extensions>
          <ns3:TrackPointExtension/>
        </extensions>
      </trkpt>
      <trkpt lat="31.95644949562847614288330078125" lon="118.821502625942230224609375">
        <ele>9.80000019073486328125</ele>
        <time>2021-07-08T11:48:32.000Z</time>
        <extensions>
          <ns3:TrackPointExtension/>
        </extensions>
      </trkpt>
      <trkpt lat="31.95647615008056163787841796875" lon="118.8214873708784580230712890625">
        <ele>9.80000019073486328125</ele>
        <time>2021-07-08T11:48:33.000Z</time>
        <extensions>
          <ns3:TrackPointExtension/>
        </extensions>
      </trkpt>
      <trkpt lat="31.9565028883516788482666015625" lon="118.82147974334657192230224609375">
        <ele>10</ele>
        <time>2021-07-08T11:48:34.000Z</time>
        <extensions>
          <ns3:TrackPointExtension/>
        </extensions>
      </trkpt>
      <trkpt lat="31.95653147064149379730224609375" lon="118.82146448828279972076416015625">
        <ele>10</ele>
        <time>2021-07-08T11:48:35.000Z</time>
        <extensions>
          <ns3:TrackPointExtension>
            <ns3:hr>169</ns3:hr>
            <ns3:cad>77</ns3:cad>
          </ns3:TrackPointExtension>
        </extensions>
      </trkpt>
      <trkpt lat="31.95655628107488155364990234375" lon="118.8214568607509136199951171875">
        <ele>9.80000019073486328125</ele>
        <time>2021-07-08T11:48:36.000Z</time>
        <extensions>
          <ns3:TrackPointExtension/>
        </extensions>
      </trkpt>
      <trkpt lat="31.9565830193459987640380859375" lon="118.82144160568714141845703125">
        <ele>9.80000019073486328125</ele>
        <time>2021-07-08T11:48:37.000Z</time>
        <extensions>
          <ns3:TrackPointExtension/>
        </extensions>
      </trkpt>
      <trkpt lat="31.95660774596035480499267578125" lon="118.8214263506233692169189453125">
        <ele>9.6000003814697265625</ele>
        <time>2021-07-08T11:48:38.000Z</time>
        <extensions>
          <ns3:TrackPointExtension/>
        </extensions>
      </trkpt>
      <trkpt lat="31.95663255639374256134033203125" lon="118.82141872309148311614990234375">
        <ele>9.6000003814697265625</ele>
        <time>2021-07-08T11:48:39.000Z</time>
        <extensions>
          <ns3:TrackPointExtension/>
        </extensions>
      </trkpt>
      <trkpt lat="31.956659294664859771728515625" lon="118.821411095559597015380859375">
        <ele>9.6000003814697265625</ele>
        <time>2021-07-08T11:48:40.000Z</time>
        <extensions>
          <ns3:TrackPointExtension>
            <ns3:hr>172</ns3:hr>
            <ns3:cad>77</ns3:cad>
          </ns3:TrackPointExtension>
        </extensions>
      </trkpt>
      <trkpt lat="31.956684105098247528076171875" lon="118.8213958404958248138427734375">
        <ele>9.3999996185302734375</ele>
        <time>2021-07-08T11:48:41.000Z</time>
        <extensions>
          <ns3:TrackPointExtension/>
        </extensions>
      </trkpt>
      <trkpt lat="31.95670883171260356903076171875" lon="118.82138821296393871307373046875">
        <ele>9.3999996185302734375</ele>
        <time>2021-07-08T11:48:42.000Z</time>
        <extensions>
          <ns3:TrackPointExtension/>
        </extensions>
      </trkpt>
      <trkpt lat="31.95673364214599132537841796875" lon="118.82137295790016651153564453125">
        <ele>9.3999996185302734375</ele>
        <time>2021-07-08T11:48:43.000Z</time>
        <extensions>
          <ns3:TrackPointExtension/>
        </extensions>
      </trkpt>
      <trkpt lat="31.9567603804171085357666015625" lon="118.8213653303682804107666015625">
        <ele>9.3999996185302734375</ele>
        <time>2021-07-08T11:48:44.000Z</time>
        <extensions>
          <ns3:TrackPointExtension/>
        </extensions>
      </trkpt>
      <trkpt lat="31.95678703486919403076171875" lon="118.82135770283639430999755859375">
        <ele>9.6000003814697265625</ele>
        <time>2021-07-08T11:48:45.000Z</time>
        <extensions>
          <ns3:TrackPointExtension>
            <ns3:hr>172</ns3:hr>
            <ns3:cad>76</ns3:cad>
          </ns3:TrackPointExtension>
        </extensions>
      </trkpt>
      <trkpt lat="31.956811845302581787109375" lon="118.82134244777262210845947265625">
        <ele>9.3999996185302734375</ele>
        <time>2021-07-08T11:48:46.000Z</time>
        <extensions>
          <ns3:TrackPointExtension/>
        </extensions>
      </trkpt>
      <trkpt lat="31.95683665573596954345703125" lon="118.8213348202407360076904296875">
        <ele>9.3999996185302734375</ele>
        <time>2021-07-08T11:48:47.000Z</time>
        <extensions>
          <ns3:TrackPointExtension/>
        </extensions>
      </trkpt>
      <trkpt lat="31.95686523802578449249267578125" lon="118.82131956517696380615234375">
        <ele>9.19999980926513671875</ele>
        <time>2021-07-08T11:48:48.000Z</time>
        <extensions>
          <ns3:TrackPointExtension/>
        </extensions>
      </trkpt>
      <trkpt lat="31.95689004845917224884033203125" lon="118.82131193764507770538330078125">
        <ele>9</ele>
        <time>2021-07-08T11:48:49.000Z</time>
        <extensions>
          <ns3:TrackPointExtension/>
        </extensions>
      </trkpt>
      <trkpt lat="31.956916786730289459228515625" lon="118.82129668258130550384521484375">
        <ele>9</ele>
        <time>2021-07-08T11:48:50.000Z</time>
        <extensions>
          <ns3:TrackPointExtension>
            <ns3:hr>173</ns3:hr>
            <ns3:cad>76</ns3:cad>
          </ns3:TrackPointExtension>
        </extensions>
      </trkpt>
      <trkpt lat="31.956941597163677215576171875" lon="118.821289055049419403076171875">
        <ele>8.80000019073486328125</ele>
        <time>2021-07-08T11:48:51.000Z</time>
        <extensions>
          <ns3:TrackPointExtension/>
        </extensions>
      </trkpt>
      <trkpt lat="31.9569682516157627105712890625" lon="118.8212737999856472015380859375">
        <ele>8.6000003814697265625</ele>
        <time>2021-07-08T11:48:52.000Z</time>
        <extensions>
          <ns3:TrackPointExtension/>
        </extensions>
      </trkpt>
      <trkpt lat="31.9569930620491504669189453125" lon="118.821250833570957183837890625">
        <ele>8.3999996185302734375</ele>
        <time>2021-07-08T11:48:53.000Z</time>
        <extensions>
          <ns3:TrackPointExtension/>
        </extensions>
      </trkpt>
      <trkpt lat="31.9570178724825382232666015625" lon="118.8212355785071849822998046875">
        <ele>8.3999996185302734375</ele>
        <time>2021-07-08T11:48:54.000Z</time>
        <extensions>
          <ns3:TrackPointExtension/>
        </extensions>
      </trkpt>
      <trkpt lat="31.95704452693462371826171875" lon="118.82122032344341278076171875">
        <ele>8.19999980926513671875</ele>
        <time>2021-07-08T11:48:55.000Z</time>
        <extensions>
          <ns3:TrackPointExtension>
            <ns3:hr>170</ns3:hr>
            <ns3:cad>76</ns3:cad>
          </ns3:TrackPointExtension>
        </extensions>
      </trkpt>
      <trkpt lat="31.957069337368011474609375" lon="118.82119744084775447845458984375">
        <ele>8</ele>
        <time>2021-07-08T11:48:56.000Z</time>
        <extensions>
          <ns3:TrackPointExtension/>
        </extensions>
      </trkpt>
      <trkpt lat="31.95709414780139923095703125" lon="118.82118218578398227691650390625">
        <ele>8</ele>
        <time>2021-07-08T11:48:57.000Z</time>
        <extensions>
          <ns3:TrackPointExtension/>
        </extensions>
      </trkpt>
      <trkpt lat="31.9571189582347869873046875" lon="118.82116693072021007537841796875">
        <ele>8</ele>
        <time>2021-07-08T11:48:58.000Z</time>
        <extensions>
          <ns3:TrackPointExtension/>
        </extensions>
      </trkpt>
      <trkpt lat="31.95714376866817474365234375" lon="118.8211440481245517730712890625">
        <ele>8</ele>
        <time>2021-07-08T11:48:59.000Z</time>
        <extensions>
          <ns3:TrackPointExtension/>
        </extensions>
      </trkpt>
      <trkpt lat="31.9571685791015625" lon="118.821128793060779571533203125">
        <ele>8</ele>
        <time>2021-07-08T11:49:00.000Z</time>
        <extensions>
          <ns3:TrackPointExtension>
            <ns3:hr>171</ns3:hr>
            <ns3:cad>76</ns3:cad>
          </ns3:TrackPointExtension>
        </extensions>
      </trkpt>
      <trkpt lat="31.95719146169722080230712890625" lon="118.82110591046512126922607421875">
        <ele>8</ele>
        <time>2021-07-08T11:49:01.000Z</time>
        <extensions>
          <ns3:TrackPointExtension/>
        </extensions>
      </trkpt>
      <trkpt lat="31.9572143442928791046142578125" lon="118.8210830278694629669189453125">
        <ele>8</ele>
        <time>2021-07-08T11:49:02.000Z</time>
        <extensions>
          <ns3:TrackPointExtension/>
        </extensions>
      </trkpt>
      <trkpt lat="31.95723722688853740692138671875" lon="118.821067772805690765380859375">
        <ele>8.19999980926513671875</ele>
        <time>2021-07-08T11:49:03.000Z</time>
        <extensions>
          <ns3:TrackPointExtension/>
        </extensions>
      </trkpt>
      <trkpt lat="31.957260109484195709228515625" lon="118.82104489021003246307373046875">
        <ele>8.3999996185302734375</ele>
        <time>2021-07-08T11:49:04.000Z</time>
        <extensions>
          <ns3:TrackPointExtension/>
        </extensions>
      </trkpt>
      <trkpt lat="31.95728299207985401153564453125" lon="118.82102963514626026153564453125">
        <ele>8.6000003814697265625</ele>
        <time>2021-07-08T11:49:05.000Z</time>
        <extensions>
          <ns3:TrackPointExtension>
            <ns3:hr>174</ns3:hr>
            <ns3:cad>76</ns3:cad>
          </ns3:TrackPointExtension>
        </extensions>
      </trkpt>
      <trkpt lat="31.95730780251324176788330078125" lon="118.821006752550601959228515625">
        <ele>8.80000019073486328125</ele>
        <time>2021-07-08T11:49:06.000Z</time>
        <extensions>
          <ns3:TrackPointExtension/>
        </extensions>
      </trkpt>
      <trkpt lat="31.9573306851089000701904296875" lon="118.8209914974868297576904296875">
        <ele>8.80000019073486328125</ele>
        <time>2021-07-08T11:49:07.000Z</time>
        <extensions>
          <ns3:TrackPointExtension/>
        </extensions>
      </trkpt>
      <trkpt lat="31.95735163986682891845703125" lon="118.82096861489117145538330078125">
        <ele>9</ele>
        <time>2021-07-08T11:49:08.000Z</time>
        <extensions>
          <ns3:TrackPointExtension/>
        </extensions>
      </trkpt>
      <trkpt lat="31.95737452246248722076416015625" lon="118.82095335982739925384521484375">
        <ele>9</ele>
        <time>2021-07-08T11:49:09.000Z</time>
        <extensions>
          <ns3:TrackPointExtension/>
        </extensions>
      </trkpt>
      <trkpt lat="31.95739547722041606903076171875" lon="118.8209304772317409515380859375">
        <ele>9.19999980926513671875</ele>
        <time>2021-07-08T11:49:10.000Z</time>
        <extensions>
          <ns3:TrackPointExtension>
            <ns3:hr>171</ns3:hr>
            <ns3:cad>76</ns3:cad>
          </ns3:TrackPointExtension>
        </extensions>
      </trkpt>
      <trkpt lat="31.95741458795964717864990234375" lon="118.82091522216796875">
        <ele>9.19999980926513671875</ele>
        <time>2021-07-08T11:49:11.000Z</time>
        <extensions>
          <ns3:TrackPointExtension/>
        </extensions>
      </trkpt>
      <trkpt lat="31.95743554271757602691650390625" lon="118.8208922557532787322998046875">
        <ele>9</ele>
        <time>2021-07-08T11:49:12.000Z</time>
        <extensions>
          <ns3:TrackPointExtension/>
        </extensions>
      </trkpt>
      <trkpt lat="31.95745465345680713653564453125" lon="118.82086937315762042999267578125">
        <ele>9</ele>
        <time>2021-07-08T11:49:13.000Z</time>
        <extensions>
          <ns3:TrackPointExtension/>
        </extensions>
      </trkpt>
      <trkpt lat="31.95747368037700653076171875" lon="118.820846490561962127685546875">
        <ele>9</ele>
        <time>2021-07-08T11:49:14.000Z</time>
        <extensions>
          <ns3:TrackPointExtension/>
        </extensions>
      </trkpt>
      <trkpt lat="31.957492791116237640380859375" lon="118.82082360796630382537841796875">
        <ele>8.80000019073486328125</ele>
        <time>2021-07-08T11:49:15.000Z</time>
        <extensions>
          <ns3:TrackPointExtension>
            <ns3:hr>171</ns3:hr>
            <ns3:cad>76</ns3:cad>
          </ns3:TrackPointExtension>
        </extensions>
      </trkpt>
      <trkpt lat="31.95750997401773929595947265625" lon="118.8208007253706455230712890625">
        <ele>8.80000019073486328125</ele>
        <time>2021-07-08T11:49:16.000Z</time>
        <extensions>
          <ns3:TrackPointExtension/>
        </extensions>
      </trkpt>
      <trkpt lat="31.957529000937938690185546875" lon="118.82077784277498722076416015625">
        <ele>8.80000019073486328125</ele>
        <time>2021-07-08T11:49:17.000Z</time>
        <extensions>
          <ns3:TrackPointExtension/>
        </extensions>
      </trkpt>
      <trkpt lat="31.95754618383944034576416015625" lon="118.82075496017932891845703125">
        <ele>8.80000019073486328125</ele>
        <time>2021-07-08T11:49:18.000Z</time>
        <extensions>
          <ns3:TrackPointExtension/>
        </extensions>
      </trkpt>
      <trkpt lat="31.9575633667409420013427734375" lon="118.82073207758367061614990234375">
        <ele>8.80000019073486328125</ele>
        <time>2021-07-08T11:49:19.000Z</time>
        <extensions>
          <ns3:TrackPointExtension/>
        </extensions>
      </trkpt>
      <trkpt lat="31.95758054964244365692138671875" lon="118.8207091949880123138427734375">
        <ele>8.80000019073486328125</ele>
        <time>2021-07-08T11:49:20.000Z</time>
        <extensions>
          <ns3:TrackPointExtension>
            <ns3:hr>173</ns3:hr>
            <ns3:cad>76</ns3:cad>
          </ns3:TrackPointExtension>
        </extensions>
      </trkpt>
      <trkpt lat="31.9575977325439453125" lon="118.82068631239235401153564453125">
        <ele>9</ele>
        <time>2021-07-08T11:49:21.000Z</time>
        <extensions>
          <ns3:TrackPointExtension/>
        </extensions>
      </trkpt>
      <trkpt lat="31.95761675946414470672607421875" lon="118.820663429796695709228515625">
        <ele>9</ele>
        <time>2021-07-08T11:49:22.000Z</time>
        <extensions>
          <ns3:TrackPointExtension/>
        </extensions>
      </trkpt>
      <trkpt lat="31.9576339423656463623046875" lon="118.82064054720103740692138671875">
        <ele>9</ele>
        <time>2021-07-08T11:49:23.000Z</time>
        <extensions>
          <ns3:TrackPointExtension/>
        </extensions>
      </trkpt>
      <trkpt lat="31.95765296928584575653076171875" lon="118.8206176646053791046142578125">
        <ele>9</ele>
        <time>2021-07-08T11:49:24.000Z</time>
        <extensions>
          <ns3:TrackPointExtension/>
        </extensions>
      </trkpt>
      <trkpt lat="31.957670152187347412109375" lon="118.82059478200972080230712890625">
        <ele>9</ele>
        <time>2021-07-08T11:49:25.000Z</time>
        <extensions>
          <ns3:TrackPointExtension>
            <ns3:hr>173</ns3:hr>
            <ns3:cad>76</ns3:cad>
          </ns3:TrackPointExtension>
        </extensions>
      </trkpt>
      <trkpt lat="31.95768733508884906768798828125" lon="118.8205718994140625">
        <ele>9</ele>
        <time>2021-07-08T11:49:26.000Z</time>
        <extensions>
          <ns3:TrackPointExtension/>
        </extensions>
      </trkpt>
      <trkpt lat="31.95770644582808017730712890625" lon="118.8205489329993724822998046875">
        <ele>9</ele>
        <time>2021-07-08T11:49:27.000Z</time>
        <extensions>
          <ns3:TrackPointExtension/>
        </extensions>
      </trkpt>
      <trkpt lat="31.95772354491055011749267578125" lon="118.82052605040371417999267578125">
        <ele>9</ele>
        <time>2021-07-08T11:49:28.000Z</time>
        <extensions>
          <ns3:TrackPointExtension/>
        </extensions>
      </trkpt>
      <trkpt lat="31.9577407278120517730712890625" lon="118.820503167808055877685546875">
        <ele>8.80000019073486328125</ele>
        <time>2021-07-08T11:49:29.000Z</time>
        <extensions>
          <ns3:TrackPointExtension/>
        </extensions>
      </trkpt>
      <trkpt lat="31.95775791071355342864990234375" lon="118.82048028521239757537841796875">
        <ele>8.80000019073486328125</ele>
        <time>2021-07-08T11:49:30.000Z</time>
        <extensions>
          <ns3:TrackPointExtension>
            <ns3:hr>167</ns3:hr>
            <ns3:cad>76</ns3:cad>
          </ns3:TrackPointExtension>
        </extensions>
      </trkpt>
      <trkpt lat="31.95777316577732563018798828125" lon="118.8204574026167392730712890625">
        <ele>8.80000019073486328125</ele>
        <time>2021-07-08T11:49:31.000Z</time>
        <extensions>
          <ns3:TrackPointExtension/>
        </extensions>
      </trkpt>
      <trkpt lat="31.9577903486788272857666015625" lon="118.8204268924891948699951171875">
        <ele>8.80000019073486328125</ele>
        <time>2021-07-08T11:49:32.000Z</time>
        <extensions>
          <ns3:TrackPointExtension/>
        </extensions>
      </trkpt>
      <trkpt lat="31.9578056037425994873046875" lon="118.82040400989353656768798828125">
        <ele>8.80000019073486328125</ele>
        <time>2021-07-08T11:49:33.000Z</time>
        <extensions>
          <ns3:TrackPointExtension/>
        </extensions>
      </trkpt>
      <trkpt lat="31.9578208588063716888427734375" lon="118.82037349976599216461181640625">
        <ele>8.80000019073486328125</ele>
        <time>2021-07-08T11:49:34.000Z</time>
        <extensions>
          <ns3:TrackPointExtension/>
        </extensions>
      </trkpt>
      <trkpt lat="31.957836113870143890380859375" lon="118.8203506171703338623046875">
        <ele>8.6000003814697265625</ele>
        <time>2021-07-08T11:49:35.000Z</time>
        <extensions>
          <ns3:TrackPointExtension>
            <ns3:hr>171</ns3:hr>
            <ns3:cad>76</ns3:cad>
          </ns3:TrackPointExtension>
        </extensions>
      </trkpt>
      <trkpt lat="31.9578513689339160919189453125" lon="118.82032773457467555999755859375">
        <ele>8.6000003814697265625</ele>
        <time>2021-07-08T11:49:36.000Z</time>
        <extensions>
          <ns3:TrackPointExtension/>
        </extensions>
      </trkpt>
      <trkpt lat="31.95786662399768829345703125" lon="118.82029722444713115692138671875">
        <ele>8.6000003814697265625</ele>
        <time>2021-07-08T11:49:37.000Z</time>
        <extensions>
          <ns3:TrackPointExtension/>
        </extensions>
      </trkpt>
      <trkpt lat="31.9578818790614604949951171875" lon="118.8202743418514728546142578125">
        <ele>8.6000003814697265625</ele>
        <time>2021-07-08T11:49:38.000Z</time>
        <extensions>
          <ns3:TrackPointExtension/>
        </extensions>
      </trkpt>
      <trkpt lat="31.95789906196296215057373046875" lon="118.8202438317239284515380859375">
        <ele>8.6000003814697265625</ele>
        <time>2021-07-08T11:49:39.000Z</time>
        <extensions>
          <ns3:TrackPointExtension/>
        </extensions>
      </trkpt>
      <trkpt lat="31.95791431702673435211181640625" lon="118.820220865309238433837890625">
        <ele>8.6000003814697265625</ele>
        <time>2021-07-08T11:49:40.000Z</time>
        <extensions>
          <ns3:TrackPointExtension>
            <ns3:hr>169</ns3:hr>
            <ns3:cad>76</ns3:cad>
          </ns3:TrackPointExtension>
        </extensions>
      </trkpt>
      <trkpt lat="31.9579314999282360076904296875" lon="118.82019798271358013153076171875">
        <ele>8.6000003814697265625</ele>
        <time>2021-07-08T11:49:41.000Z</time>
        <extensions>
          <ns3:TrackPointExtension/>
        </extensions>
      </trkpt>
      <trkpt lat="31.957946754992008209228515625" lon="118.82016747258603572845458984375">
        <ele>8.6000003814697265625</ele>
        <time>2021-07-08T11:49:42.000Z</time>
        <extensions>
          <ns3:TrackPointExtension/>
        </extensions>
      </trkpt>
      <trkpt lat="31.95796393789350986480712890625" lon="118.8201445899903774261474609375">
        <ele>8.6000003814697265625</ele>
        <time>2021-07-08T11:49:43.000Z</time>
        <extensions>
          <ns3:TrackPointExtension/>
        </extensions>
      </trkpt>
      <trkpt lat="31.957982964813709259033203125" lon="118.82012170739471912384033203125">
        <ele>8.6000003814697265625</ele>
        <time>2021-07-08T11:49:44.000Z</time>
        <extensions>
          <ns3:TrackPointExtension/>
        </extensions>
      </trkpt>
      <trkpt lat="31.95800207555294036865234375" lon="118.82009119726717472076416015625">
        <ele>8.3999996185302734375</ele>
        <time>2021-07-08T11:49:45.000Z</time>
        <extensions>
          <ns3:TrackPointExtension>
            <ns3:hr>174</ns3:hr>
            <ns3:cad>76</ns3:cad>
          </ns3:TrackPointExtension>
        </extensions>
      </trkpt>
      <trkpt lat="31.95802110247313976287841796875" lon="118.82006831467151641845703125">
        <ele>8.19999980926513671875</ele>
        <time>2021-07-08T11:49:46.000Z</time>
        <extensions>
          <ns3:TrackPointExtension/>
        </extensions>
      </trkpt>
      <trkpt lat="31.9580421410501003265380859375" lon="118.82004543207585811614990234375">
        <ele>8.19999980926513671875</ele>
        <time>2021-07-08T11:49:47.000Z</time>
        <extensions>
          <ns3:TrackPointExtension/>
        </extensions>
      </trkpt>
      <trkpt lat="31.9580630958080291748046875" lon="118.82003017701208591461181640625">
        <ele>8.19999980926513671875</ele>
        <time>2021-07-08T11:49:48.000Z</time>
        <extensions>
          <ns3:TrackPointExtension/>
        </extensions>
      </trkpt>
      <trkpt lat="31.95808597840368747711181640625" lon="118.8200072944164276123046875">
        <ele>8</ele>
        <time>2021-07-08T11:49:49.000Z</time>
        <extensions>
          <ns3:TrackPointExtension/>
        </extensions>
      </trkpt>
      <trkpt lat="31.9581088609993457794189453125" lon="118.8199920393526554107666015625">
        <ele>8.19999980926513671875</ele>
        <time>2021-07-08T11:49:50.000Z</time>
        <extensions>
          <ns3:TrackPointExtension>
            <ns3:hr>168</ns3:hr>
            <ns3:cad>76</ns3:cad>
          </ns3:TrackPointExtension>
        </extensions>
      </trkpt>
      <trkpt lat="31.9581336714327335357666015625" lon="118.81996915675699710845947265625">
        <ele>8.19999980926513671875</ele>
        <time>2021-07-08T11:49:51.000Z</time>
        <extensions>
          <ns3:TrackPointExtension/>
        </extensions>
      </trkpt>
      <trkpt lat="31.95816032588481903076171875" lon="118.8199615292251110076904296875">
        <ele>8.3999996185302734375</ele>
        <time>2021-07-08T11:49:52.000Z</time>
        <extensions>
          <ns3:TrackPointExtension/>
        </extensions>
      </trkpt>
      <trkpt lat="31.95818706415593624114990234375" lon="118.81994627416133880615234375">
        <ele>8.3999996185302734375</ele>
        <time>2021-07-08T11:49:53.000Z</time>
        <extensions>
          <ns3:TrackPointExtension/>
        </extensions>
      </trkpt>
      <trkpt lat="31.958215646445751190185546875" lon="118.81993864662945270538330078125">
        <ele>8.3999996185302734375</ele>
        <time>2021-07-08T11:49:54.000Z</time>
        <extensions>
          <ns3:TrackPointExtension/>
        </extensions>
      </trkpt>
      <trkpt lat="31.95824615657329559326171875" lon="118.8199310190975666046142578125">
        <ele>8.19999980926513671875</ele>
        <time>2021-07-08T11:49:55.000Z</time>
        <extensions>
          <ns3:TrackPointExtension>
            <ns3:hr>170</ns3:hr>
            <ns3:cad>76</ns3:cad>
          </ns3:TrackPointExtension>
        </extensions>
      </trkpt>
      <trkpt lat="31.958276666700839996337890625" lon="118.81992339156568050384521484375">
        <ele>8</ele>
        <time>2021-07-08T11:49:56.000Z</time>
        <extensions>
          <ns3:TrackPointExtension/>
        </extensions>
      </trkpt>
      <trkpt lat="31.9583053328096866607666015625" lon="118.81992339156568050384521484375">
        <ele>8</ele>
        <time>2021-07-08T11:49:57.000Z</time>
        <extensions>
          <ns3:TrackPointExtension/>
        </extensions>
      </trkpt>
      <trkpt lat="31.95833777077496051788330078125" lon="118.81992339156568050384521484375">
        <ele>8</ele>
        <time>2021-07-08T11:49:58.000Z</time>
        <extensions>
          <ns3:TrackPointExtension/>
        </extensions>
      </trkpt>
      <trkpt lat="31.95836828090250492095947265625" lon="118.819915764033794403076171875">
        <ele>8</ele>
        <time>2021-07-08T11:49:59.000Z</time>
        <extensions>
          <ns3:TrackPointExtension/>
        </extensions>
      </trkpt>
      <trkpt lat="31.95839879103004932403564453125" lon="118.819915764033794403076171875">
        <ele>8</ele>
        <time>2021-07-08T11:50:00.000Z</time>
        <extensions>
          <ns3:TrackPointExtension>
            <ns3:hr>169</ns3:hr>
            <ns3:cad>77</ns3:cad>
          </ns3:TrackPointExtension>
        </extensions>
      </trkpt>
      <trkpt lat="31.9584273733198642730712890625" lon="118.819915764033794403076171875">
        <ele>8</ele>
        <time>2021-07-08T11:50:01.000Z</time>
        <extensions>
          <ns3:TrackPointExtension/>
        </extensions>
      </trkpt>
      <trkpt lat="31.95845981128513813018798828125" lon="118.819915764033794403076171875">
        <ele>8</ele>
        <time>2021-07-08T11:50:02.000Z</time>
        <extensions>
          <ns3:TrackPointExtension/>
        </extensions>
      </trkpt>
      <trkpt lat="31.9584883935749530792236328125" lon="118.819915764033794403076171875">
        <ele>8</ele>
        <time>2021-07-08T11:50:03.000Z</time>
        <extensions>
          <ns3:TrackPointExtension/>
        </extensions>
      </trkpt>
      <trkpt lat="31.9585189037024974822998046875" lon="118.819915764033794403076171875">
        <ele>7.80000019073486328125</ele>
        <time>2021-07-08T11:50:04.000Z</time>
        <extensions>
          <ns3:TrackPointExtension/>
        </extensions>
      </trkpt>
      <trkpt lat="31.958547569811344146728515625" lon="118.819915764033794403076171875">
        <ele>7.599999904632568359375</ele>
        <time>2021-07-08T11:50:05.000Z</time>
        <extensions>
          <ns3:TrackPointExtension>
            <ns3:hr>175</ns3:hr>
            <ns3:cad>76</ns3:cad>
          </ns3:TrackPointExtension>
        </extensions>
      </trkpt>
      <trkpt lat="31.95857615210115909576416015625" lon="118.819915764033794403076171875">
        <ele>7.599999904632568359375</ele>
        <time>2021-07-08T11:50:06.000Z</time>
        <extensions>
          <ns3:TrackPointExtension/>
        </extensions>
      </trkpt>
      <trkpt lat="31.9586047343909740447998046875" lon="118.819915764033794403076171875">
        <ele>7.400000095367431640625</ele>
        <time>2021-07-08T11:50:07.000Z</time>
        <extensions>
          <ns3:TrackPointExtension/>
        </extensions>
      </trkpt>
      <trkpt lat="31.958633400499820709228515625" lon="118.819915764033794403076171875">
        <ele>7.19999980926513671875</ele>
        <time>2021-07-08T11:50:08.000Z</time>
        <extensions>
          <ns3:TrackPointExtension/>
        </extensions>
      </trkpt>
      <trkpt lat="31.95866198278963565826416015625" lon="118.819915764033794403076171875">
        <ele>7</ele>
        <time>2021-07-08T11:50:09.000Z</time>
        <extensions>
          <ns3:TrackPointExtension/>
        </extensions>
      </trkpt>
      <trkpt lat="31.9586905650794506072998046875" lon="118.819915764033794403076171875">
        <ele>6.80000019073486328125</ele>
        <time>2021-07-08T11:50:10.000Z</time>
        <extensions>
          <ns3:TrackPointExtension>
            <ns3:hr>173</ns3:hr>
            <ns3:cad>76</ns3:cad>
          </ns3:TrackPointExtension>
        </extensions>
      </trkpt>
      <trkpt lat="31.95871730335056781768798828125" lon="118.819915764033794403076171875">
        <ele>6.599999904632568359375</ele>
        <time>2021-07-08T11:50:11.000Z</time>
        <extensions>
          <ns3:TrackPointExtension/>
        </extensions>
      </trkpt>
      <trkpt lat="31.9587458856403827667236328125" lon="118.819915764033794403076171875">
        <ele>6.400000095367431640625</ele>
        <time>2021-07-08T11:50:12.000Z</time>
        <extensions>
          <ns3:TrackPointExtension/>
        </extensions>
      </trkpt>
      <trkpt lat="31.95877455174922943115234375" lon="118.819915764033794403076171875">
        <ele>6.19999980926513671875</ele>
        <time>2021-07-08T11:50:13.000Z</time>
        <extensions>
          <ns3:TrackPointExtension/>
        </extensions>
      </trkpt>
      <trkpt lat="31.9588012062013149261474609375" lon="118.819915764033794403076171875">
        <ele>6.19999980926513671875</ele>
        <time>2021-07-08T11:50:14.000Z</time>
        <extensions>
          <ns3:TrackPointExtension/>
        </extensions>
      </trkpt>
      <trkpt lat="31.958829872310161590576171875" lon="118.819915764033794403076171875">
        <ele>6</ele>
        <time>2021-07-08T11:50:15.000Z</time>
        <extensions>
          <ns3:TrackPointExtension>
            <ns3:hr>171</ns3:hr>
            <ns3:cad>76</ns3:cad>
          </ns3:TrackPointExtension>
        </extensions>
      </trkpt>
      <trkpt lat="31.9588565267622470855712890625" lon="118.819915764033794403076171875">
        <ele>6</ele>
        <time>2021-07-08T11:50:16.000Z</time>
        <extensions>
          <ns3:TrackPointExtension/>
        </extensions>
      </trkpt>
      <trkpt lat="31.9588870368897914886474609375" lon="118.819915764033794403076171875">
        <ele>6</ele>
        <time>2021-07-08T11:50:17.000Z</time>
        <extensions>
          <ns3:TrackPointExtension/>
        </extensions>
      </trkpt>
      <trkpt lat="31.95891377516090869903564453125" lon="118.81992339156568050384521484375">
        <ele>6</ele>
        <time>2021-07-08T11:50:18.000Z</time>
        <extensions>
          <ns3:TrackPointExtension/>
        </extensions>
      </trkpt>
      <trkpt lat="31.9589423574507236480712890625" lon="118.81992339156568050384521484375">
        <ele>6</ele>
        <time>2021-07-08T11:50:19.000Z</time>
        <extensions>
          <ns3:TrackPointExtension/>
        </extensions>
      </trkpt>
      <trkpt lat="31.9589710235595703125" lon="118.81992339156568050384521484375">
        <ele>6</ele>
        <time>2021-07-08T11:50:20.000Z</time>
        <extensions>
          <ns3:TrackPointExtension>
            <ns3:hr>170</ns3:hr>
            <ns3:cad>76</ns3:cad>
          </ns3:TrackPointExtension>
        </extensions>
      </trkpt>
      <trkpt lat="31.9589976780116558074951171875" lon="118.8199310190975666046142578125">
        <ele>6</ele>
        <time>2021-07-08T11:50:21.000Z</time>
        <extensions>
          <ns3:TrackPointExtension/>
        </extensions>
      </trkpt>
      <trkpt lat="31.95902441628277301788330078125" lon="118.8199310190975666046142578125">
        <ele>6</ele>
        <time>2021-07-08T11:50:22.000Z</time>
        <extensions>
          <ns3:TrackPointExtension/>
        </extensions>
      </trkpt>
      <trkpt lat="31.9590529985725879669189453125" lon="118.81993864662945270538330078125">
        <ele>5.80000019073486328125</ele>
        <time>2021-07-08T11:50:23.000Z</time>
        <extensions>
          <ns3:TrackPointExtension/>
        </extensions>
      </trkpt>
      <trkpt lat="31.95907973684370517730712890625" lon="118.81994627416133880615234375">
        <ele>5.80000019073486328125</ele>
        <time>2021-07-08T11:50:24.000Z</time>
        <extensions>
          <ns3:TrackPointExtension/>
        </extensions>
      </trkpt>
      <trkpt lat="31.95910639129579067230224609375" lon="118.81995390169322490692138671875">
        <ele>5.599999904632568359375</ele>
        <time>2021-07-08T11:50:25.000Z</time>
        <extensions>
          <ns3:TrackPointExtension>
            <ns3:hr>174</ns3:hr>
            <ns3:cad>76</ns3:cad>
          </ns3:TrackPointExtension>
        </extensions>
      </trkpt>
      <trkpt lat="31.9591331295669078826904296875" lon="118.8199615292251110076904296875">
        <ele>5.599999904632568359375</ele>
        <time>2021-07-08T11:50:26.000Z</time>
        <extensions>
          <ns3:TrackPointExtension/>
        </extensions>
      </trkpt>
      <trkpt lat="31.959159784018993377685546875" lon="118.81996915675699710845947265625">
        <ele>5.400000095367431640625</ele>
        <time>2021-07-08T11:50:27.000Z</time>
        <extensions>
          <ns3:TrackPointExtension/>
        </extensions>
      </trkpt>
      <trkpt lat="31.959184594452381134033203125" lon="118.819976784288883209228515625">
        <ele>5.400000095367431640625</ele>
        <time>2021-07-08T11:50:28.000Z</time>
        <extensions>
          <ns3:TrackPointExtension/>
        </extensions>
      </trkpt>
      <trkpt lat="31.95920747704803943634033203125" lon="118.8199920393526554107666015625">
        <ele>5.400000095367431640625</ele>
        <time>2021-07-08T11:50:29.000Z</time>
        <extensions>
          <ns3:TrackPointExtension/>
        </extensions>
      </trkpt>
      <trkpt lat="31.959234215319156646728515625" lon="118.8200072944164276123046875">
        <ele>5.19999980926513671875</ele>
        <time>2021-07-08T11:50:30.000Z</time>
        <extensions>
          <ns3:TrackPointExtension>
            <ns3:hr>175</ns3:hr>
            <ns3:cad>76</ns3:cad>
          </ns3:TrackPointExtension>
        </extensions>
      </trkpt>
      <trkpt lat="31.95925709791481494903564453125" lon="118.82001492194831371307373046875">
        <ele>5.19999980926513671875</ele>
        <time>2021-07-08T11:50:31.000Z</time>
        <extensions>
          <ns3:TrackPointExtension/>
        </extensions>
      </trkpt>
      <trkpt lat="31.95928190834820270538330078125" lon="118.82003017701208591461181640625">
        <ele>5</ele>
        <time>2021-07-08T11:50:32.000Z</time>
        <extensions>
          <ns3:TrackPointExtension/>
        </extensions>
      </trkpt>
      <trkpt lat="31.9593047909438610076904296875" lon="118.82004543207585811614990234375">
        <ele>5</ele>
        <time>2021-07-08T11:50:33.000Z</time>
        <extensions>
          <ns3:TrackPointExtension/>
        </extensions>
      </trkpt>
      <trkpt lat="31.9593296013772487640380859375" lon="118.82006068713963031768798828125">
        <ele>5</ele>
        <time>2021-07-08T11:50:34.000Z</time>
        <extensions>
          <ns3:TrackPointExtension/>
        </extensions>
      </trkpt>
      <trkpt lat="31.95935432799160480499267578125" lon="118.82007594220340251922607421875">
        <ele>5</ele>
        <time>2021-07-08T11:50:35.000Z</time>
        <extensions>
          <ns3:TrackPointExtension>
            <ns3:hr>174</ns3:hr>
            <ns3:cad>77</ns3:cad>
          </ns3:TrackPointExtension>
        </extensions>
      </trkpt>
      <trkpt lat="31.9593772105872631072998046875" lon="118.82009119726717472076416015625">
        <ele>5</ele>
        <time>2021-07-08T11:50:36.000Z</time>
        <extensions>
          <ns3:TrackPointExtension/>
        </extensions>
      </trkpt>
      <trkpt lat="31.959400177001953125" lon="118.82010645233094692230224609375">
        <ele>5</ele>
        <time>2021-07-08T11:50:37.000Z</time>
        <extensions>
          <ns3:TrackPointExtension/>
        </extensions>
      </trkpt>
      <trkpt lat="31.95942490361630916595458984375" lon="118.8201140798628330230712890625">
        <ele>5</ele>
        <time>2021-07-08T11:50:38.000Z</time>
        <extensions>
          <ns3:TrackPointExtension/>
        </extensions>
      </trkpt>
      <trkpt lat="31.95944778621196746826171875" lon="118.820129334926605224609375">
        <ele>5</ele>
        <time>2021-07-08T11:50:39.000Z</time>
        <extensions>
          <ns3:TrackPointExtension/>
        </extensions>
      </trkpt>
      <trkpt lat="31.959472596645355224609375" lon="118.8201445899903774261474609375">
        <ele>5</ele>
        <time>2021-07-08T11:50:40.000Z</time>
        <extensions>
          <ns3:TrackPointExtension>
            <ns3:hr>175</ns3:hr>
            <ns3:cad>77</ns3:cad>
          </ns3:TrackPointExtension>
        </extensions>
      </trkpt>
      <trkpt lat="31.95949740707874298095703125" lon="118.82015221752226352691650390625">
        <ele>5</ele>
        <time>2021-07-08T11:50:41.000Z</time>
        <extensions>
          <ns3:TrackPointExtension/>
        </extensions>
      </trkpt>
      <trkpt lat="31.95952028967440128326416015625" lon="118.82016747258603572845458984375">
        <ele>5</ele>
        <time>2021-07-08T11:50:42.000Z</time>
        <extensions>
          <ns3:TrackPointExtension/>
        </extensions>
      </trkpt>
      <trkpt lat="31.9595431722700595855712890625" lon="118.82018272764980792999267578125">
        <ele>5</ele>
        <time>2021-07-08T11:50:43.000Z</time>
        <extensions>
          <ns3:TrackPointExtension/>
        </extensions>
      </trkpt>
      <trkpt lat="31.95956605486571788787841796875" lon="118.82019035518169403076171875">
        <ele>5</ele>
        <time>2021-07-08T11:50:44.000Z</time>
        <extensions>
          <ns3:TrackPointExtension/>
        </extensions>
      </trkpt>
      <trkpt lat="31.959588937461376190185546875" lon="118.8202056102454662322998046875">
        <ele>5</ele>
        <time>2021-07-08T11:50:45.000Z</time>
        <extensions>
          <ns3:TrackPointExtension>
            <ns3:hr>173</ns3:hr>
            <ns3:cad>76</ns3:cad>
          </ns3:TrackPointExtension>
        </extensions>
      </trkpt>
      <trkpt lat="31.95961182005703449249267578125" lon="118.82021323777735233306884765625">
        <ele>5.19999980926513671875</ele>
        <time>2021-07-08T11:50:46.000Z</time>
        <extensions>
          <ns3:TrackPointExtension/>
        </extensions>
      </trkpt>
      <trkpt lat="31.9596347026526927947998046875" lon="118.82022857666015625">
        <ele>5.19999980926513671875</ele>
        <time>2021-07-08T11:50:47.000Z</time>
        <extensions>
          <ns3:TrackPointExtension/>
        </extensions>
      </trkpt>
      <trkpt lat="31.9596576690673828125" lon="118.8202438317239284515380859375">
        <ele>5.400000095367431640625</ele>
        <time>2021-07-08T11:50:48.000Z</time>
        <extensions>
          <ns3:TrackPointExtension/>
        </extensions>
      </trkpt>
      <trkpt lat="31.95968055166304111480712890625" lon="118.82025145925581455230712890625">
        <ele>5.400000095367431640625</ele>
        <time>2021-07-08T11:50:49.000Z</time>
        <extensions>
          <ns3:TrackPointExtension/>
        </extensions>
      </trkpt>
      <trkpt lat="31.95970527827739715576171875" lon="118.82026671431958675384521484375">
        <ele>5.400000095367431640625</ele>
        <time>2021-07-08T11:50:50.000Z</time>
        <extensions>
          <ns3:TrackPointExtension>
            <ns3:hr>171</ns3:hr>
            <ns3:cad>76</ns3:cad>
          </ns3:TrackPointExtension>
        </extensions>
      </trkpt>
      <trkpt lat="31.95972816087305545806884765625" lon="118.8202743418514728546142578125">
        <ele>5.599999904632568359375</ele>
        <time>2021-07-08T11:50:51.000Z</time>
        <extensions>
          <ns3:TrackPointExtension/>
        </extensions>
      </trkpt>
      <trkpt lat="31.95975489914417266845703125" lon="118.82028959691524505615234375">
        <ele>5.599999904632568359375</ele>
        <time>2021-07-08T11:50:52.000Z</time>
        <extensions>
          <ns3:TrackPointExtension/>
        </extensions>
      </trkpt>
      <trkpt lat="31.95978163741528987884521484375" lon="118.82029722444713115692138671875">
        <ele>5.80000019073486328125</ele>
        <time>2021-07-08T11:50:53.000Z</time>
        <extensions>
          <ns3:TrackPointExtension/>
        </extensions>
      </trkpt>
      <trkpt lat="31.9598063640296459197998046875" lon="118.82031247951090335845947265625">
        <ele>5.80000019073486328125</ele>
        <time>2021-07-08T11:50:54.000Z</time>
        <extensions>
          <ns3:TrackPointExtension/>
        </extensions>
      </trkpt>
      <trkpt lat="31.959835030138492584228515625" lon="118.820320107042789459228515625">
        <ele>6</ele>
        <time>2021-07-08T11:50:55.000Z</time>
        <extensions>
          <ns3:TrackPointExtension>
            <ns3:hr>169</ns3:hr>
            <ns3:cad>76</ns3:cad>
          </ns3:TrackPointExtension>
        </extensions>
      </trkpt>
      <trkpt lat="31.9598616845905780792236328125" lon="118.82032773457467555999755859375">
        <ele>6</ele>
        <time>2021-07-08T11:50:56.000Z</time>
        <extensions>
          <ns3:TrackPointExtension/>
        </extensions>
      </trkpt>
      <trkpt lat="31.95988842286169528961181640625" lon="118.82034298963844776153564453125">
        <ele>6</ele>
        <time>2021-07-08T11:50:57.000Z</time>
        <extensions>
          <ns3:TrackPointExtension/>
        </extensions>
      </trkpt>
      <trkpt lat="31.9599170051515102386474609375" lon="118.8203506171703338623046875">
        <ele>6</ele>
        <time>2021-07-08T11:50:58.000Z</time>
        <extensions>
          <ns3:TrackPointExtension/>
        </extensions>
      </trkpt>
      <trkpt lat="31.959945671260356903076171875" lon="118.82035824470221996307373046875">
        <ele>6</ele>
        <time>2021-07-08T11:50:59.000Z</time>
        <extensions>
          <ns3:TrackPointExtension/>
        </extensions>
      </trkpt>
      <trkpt lat="31.9599723257124423980712890625" lon="118.8203658722341060638427734375">
        <ele>6</ele>
        <time>2021-07-08T11:51:00.000Z</time>
        <extensions>
          <ns3:TrackPointExtension>
            <ns3:hr>169</ns3:hr>
            <ns3:cad>76</ns3:cad>
          </ns3:TrackPointExtension>
        </extensions>
      </trkpt>
      <trkpt lat="31.9600009918212890625" lon="118.820381127297878265380859375">
        <ele>6</ele>
        <time>2021-07-08T11:51:01.000Z</time>
        <extensions>
          <ns3:TrackPointExtension/>
        </extensions>
      </trkpt>
      <trkpt lat="31.96002957411110401153564453125" lon="118.82038875482976436614990234375">
        <ele>6</ele>
        <time>2021-07-08T11:51:02.000Z</time>
        <extensions>
          <ns3:TrackPointExtension/>
        </extensions>
      </trkpt>
      <trkpt lat="31.9600581564009189605712890625" lon="118.8203963823616504669189453125">
        <ele>6</ele>
        <time>2021-07-08T11:51:03.000Z</time>
        <extensions>
          <ns3:TrackPointExtension/>
        </extensions>
      </trkpt>
      <trkpt lat="31.960086822509765625" lon="118.82040400989353656768798828125">
        <ele>6</ele>
        <time>2021-07-08T11:51:04.000Z</time>
        <extensions>
          <ns3:TrackPointExtension/>
        </extensions>
      </trkpt>
      <trkpt lat="31.9601134769618511199951171875" lon="118.82041926495730876922607421875">
        <ele>6</ele>
        <time>2021-07-08T11:51:05.000Z</time>
        <extensions>
          <ns3:TrackPointExtension>
            <ns3:hr>171</ns3:hr>
            <ns3:cad>76</ns3:cad>
          </ns3:TrackPointExtension>
        </extensions>
      </trkpt>
      <trkpt lat="31.9601439870893955230712890625" lon="118.8204268924891948699951171875">
        <ele>6</ele>
        <time>2021-07-08T11:51:06.000Z</time>
        <extensions>
          <ns3:TrackPointExtension/>
        </extensions>
      </trkpt>
      <trkpt lat="31.96017072536051273345947265625" lon="118.82043452002108097076416015625">
        <ele>6.19999980926513671875</ele>
        <time>2021-07-08T11:51:07.000Z</time>
        <extensions>
          <ns3:TrackPointExtension/>
        </extensions>
      </trkpt>
      <trkpt lat="31.96020123548805713653564453125" lon="118.82044977508485317230224609375">
        <ele>6.19999980926513671875</ele>
        <time>2021-07-08T11:51:08.000Z</time>
        <extensions>
          <ns3:TrackPointExtension/>
        </extensions>
      </trkpt>
      <trkpt lat="31.96022788994014263153076171875" lon="118.8204574026167392730712890625">
        <ele>6.400000095367431640625</ele>
        <time>2021-07-08T11:51:09.000Z</time>
        <extensions>
          <ns3:TrackPointExtension/>
        </extensions>
      </trkpt>
      <trkpt lat="31.96025848388671875" lon="118.820472657680511474609375">
        <ele>6.400000095367431640625</ele>
        <time>2021-07-08T11:51:10.000Z</time>
        <extensions>
          <ns3:TrackPointExtension>
            <ns3:hr>169</ns3:hr>
            <ns3:cad>77</ns3:cad>
          </ns3:TrackPointExtension>
        </extensions>
      </trkpt>
      <trkpt lat="31.96028706617653369903564453125" lon="118.82048028521239757537841796875">
        <ele>6.599999904632568359375</ele>
        <time>2021-07-08T11:51:11.000Z</time>
        <extensions>
          <ns3:TrackPointExtension/>
        </extensions>
      </trkpt>
      <trkpt lat="31.9603156484663486480712890625" lon="118.82049554027616977691650390625">
        <ele>6.599999904632568359375</ele>
        <time>2021-07-08T11:51:12.000Z</time>
        <extensions>
          <ns3:TrackPointExtension/>
        </extensions>
      </trkpt>
      <trkpt lat="31.9603461585938930511474609375" lon="118.82051079533994197845458984375">
        <ele>6.80000019073486328125</ele>
        <time>2021-07-08T11:51:13.000Z</time>
        <extensions>
          <ns3:TrackPointExtension/>
        </extensions>
      </trkpt>
      <trkpt lat="31.960374824702739715576171875" lon="118.82052605040371417999267578125">
        <ele>6.80000019073486328125</ele>
        <time>2021-07-08T11:51:14.000Z</time>
        <extensions>
          <ns3:TrackPointExtension/>
        </extensions>
      </trkpt>
      <trkpt lat="31.96040340699255466461181640625" lon="118.82053367793560028076171875">
        <ele>7</ele>
        <time>2021-07-08T11:51:15.000Z</time>
        <extensions>
          <ns3:TrackPointExtension>
            <ns3:hr>171</ns3:hr>
            <ns3:cad>77</ns3:cad>
          </ns3:TrackPointExtension>
        </extensions>
      </trkpt>
      <trkpt lat="31.9604319892823696136474609375" lon="118.8205489329993724822998046875">
        <ele>7</ele>
        <time>2021-07-08T11:51:16.000Z</time>
        <extensions>
          <ns3:TrackPointExtension/>
        </extensions>
      </trkpt>
      <trkpt lat="31.960460655391216278076171875" lon="118.82055656053125858306884765625">
        <ele>7</ele>
        <time>2021-07-08T11:51:17.000Z</time>
        <extensions>
          <ns3:TrackPointExtension/>
        </extensions>
      </trkpt>
      <trkpt lat="31.96048923768103122711181640625" lon="118.8205718994140625">
        <ele>7</ele>
        <time>2021-07-08T11:51:18.000Z</time>
        <extensions>
          <ns3:TrackPointExtension/>
        </extensions>
      </trkpt>
      <trkpt lat="31.9605159759521484375" lon="118.8205871544778347015380859375">
        <ele>7</ele>
        <time>2021-07-08T11:51:19.000Z</time>
        <extensions>
          <ns3:TrackPointExtension/>
        </extensions>
      </trkpt>
      <trkpt lat="31.96054455824196338653564453125" lon="118.82059478200972080230712890625">
        <ele>7</ele>
        <time>2021-07-08T11:51:20.000Z</time>
        <extensions>
          <ns3:TrackPointExtension>
            <ns3:hr>169</ns3:hr>
            <ns3:cad>77</ns3:cad>
          </ns3:TrackPointExtension>
        </extensions>
      </trkpt>
      <trkpt lat="31.96057121269404888153076171875" lon="118.82061003707349300384521484375">
        <ele>7</ele>
        <time>2021-07-08T11:51:21.000Z</time>
        <extensions>
          <ns3:TrackPointExtension/>
        </extensions>
      </trkpt>
      <trkpt lat="31.9605979509651660919189453125" lon="118.82062529213726520538330078125">
        <ele>7</ele>
        <time>2021-07-08T11:51:22.000Z</time>
        <extensions>
          <ns3:TrackPointExtension/>
        </extensions>
      </trkpt>
      <trkpt lat="31.96062468923628330230712890625" lon="118.82064054720103740692138671875">
        <ele>7</ele>
        <time>2021-07-08T11:51:23.000Z</time>
        <extensions>
          <ns3:TrackPointExtension/>
        </extensions>
      </trkpt>
      <trkpt lat="31.96065134368836879730224609375" lon="118.8206481747329235076904296875">
        <ele>7</ele>
        <time>2021-07-08T11:51:24.000Z</time>
        <extensions>
          <ns3:TrackPointExtension/>
        </extensions>
      </trkpt>
      <trkpt lat="31.9606780819594860076904296875" lon="118.820663429796695709228515625">
        <ele>7</ele>
        <time>2021-07-08T11:51:25.000Z</time>
        <extensions>
          <ns3:TrackPointExtension>
            <ns3:hr>173</ns3:hr>
            <ns3:cad>77</ns3:cad>
          </ns3:TrackPointExtension>
        </extensions>
      </trkpt>
      <trkpt lat="31.960704736411571502685546875" lon="118.8206786848604679107666015625">
        <ele>7</ele>
        <time>2021-07-08T11:51:26.000Z</time>
        <extensions>
          <ns3:TrackPointExtension/>
        </extensions>
      </trkpt>
      <trkpt lat="31.96073147468268871307373046875" lon="118.82068631239235401153564453125">
        <ele>7</ele>
        <time>2021-07-08T11:51:27.000Z</time>
        <extensions>
          <ns3:TrackPointExtension/>
        </extensions>
      </trkpt>
      <trkpt lat="31.96075812913477420806884765625" lon="118.82070156745612621307373046875">
        <ele>7</ele>
        <time>2021-07-08T11:51:28.000Z</time>
        <extensions>
          <ns3:TrackPointExtension/>
        </extensions>
      </trkpt>
      <trkpt lat="31.96078486740589141845703125" lon="118.8207091949880123138427734375">
        <ele>7</ele>
        <time>2021-07-08T11:51:29.000Z</time>
        <extensions>
          <ns3:TrackPointExtension/>
        </extensions>
      </trkpt>
      <trkpt lat="31.96081160567700862884521484375" lon="118.82071682251989841461181640625">
        <ele>7</ele>
        <time>2021-07-08T11:51:30.000Z</time>
        <extensions>
          <ns3:TrackPointExtension>
            <ns3:hr>175</ns3:hr>
            <ns3:cad>77</ns3:cad>
          </ns3:TrackPointExtension>
        </extensions>
      </trkpt>
      <trkpt lat="31.960840187966823577880859375" lon="118.82073207758367061614990234375">
        <ele>7</ele>
        <time>2021-07-08T11:51:31.000Z</time>
        <extensions>
          <ns3:TrackPointExtension/>
        </extensions>
      </trkpt>
      <trkpt lat="31.96086692623794078826904296875" lon="118.8207397051155567169189453125">
        <ele>7</ele>
        <time>2021-07-08T11:51:32.000Z</time>
        <extensions>
          <ns3:TrackPointExtension/>
        </extensions>
      </trkpt>
      <trkpt lat="31.9608955085277557373046875" lon="118.82074733264744281768798828125">
        <ele>7</ele>
        <time>2021-07-08T11:51:33.000Z</time>
        <extensions>
          <ns3:TrackPointExtension/>
        </extensions>
      </trkpt>
      <trkpt lat="31.9609221629798412322998046875" lon="118.82075496017932891845703125">
        <ele>7</ele>
        <time>2021-07-08T11:51:34.000Z</time>
        <extensions>
          <ns3:TrackPointExtension/>
        </extensions>
      </trkpt>
      <trkpt lat="31.96094890125095844268798828125" lon="118.82076258771121501922607421875">
        <ele>7</ele>
        <time>2021-07-08T11:51:35.000Z</time>
        <extensions>
          <ns3:TrackPointExtension>
            <ns3:hr>173</ns3:hr>
            <ns3:cad>77</ns3:cad>
          </ns3:TrackPointExtension>
        </extensions>
      </trkpt>
      <trkpt lat="31.96097371168434619903564453125" lon="118.82077784277498722076416015625">
        <ele>7</ele>
        <time>2021-07-08T11:51:36.000Z</time>
        <extensions>
          <ns3:TrackPointExtension/>
        </extensions>
      </trkpt>
      <trkpt lat="31.96100036613643169403076171875" lon="118.820785470306873321533203125">
        <ele>7</ele>
        <time>2021-07-08T11:51:37.000Z</time>
        <extensions>
          <ns3:TrackPointExtension/>
        </extensions>
      </trkpt>
      <trkpt lat="31.96102517656981945037841796875" lon="118.8208007253706455230712890625">
        <ele>7</ele>
        <time>2021-07-08T11:51:38.000Z</time>
        <extensions>
          <ns3:TrackPointExtension/>
        </extensions>
      </trkpt>
      <trkpt lat="31.96104998700320720672607421875" lon="118.82080835290253162384033203125">
        <ele>7</ele>
        <time>2021-07-08T11:51:39.000Z</time>
        <extensions>
          <ns3:TrackPointExtension/>
        </extensions>
      </trkpt>
      <trkpt lat="31.961072869598865509033203125" lon="118.82082360796630382537841796875">
        <ele>7</ele>
        <time>2021-07-08T11:51:40.000Z</time>
        <extensions>
          <ns3:TrackPointExtension>
            <ns3:hr>172</ns3:hr>
            <ns3:cad>77</ns3:cad>
          </ns3:TrackPointExtension>
        </extensions>
      </trkpt>
      <trkpt lat="31.96109575219452381134033203125" lon="118.8208312354981899261474609375">
        <ele>7</ele>
        <time>2021-07-08T11:51:41.000Z</time>
        <extensions>
          <ns3:TrackPointExtension/>
        </extensions>
      </trkpt>
      <trkpt lat="31.9611186347901821136474609375" lon="118.820846490561962127685546875">
        <ele>7</ele>
        <time>2021-07-08T11:51:42.000Z</time>
        <extensions>
          <ns3:TrackPointExtension/>
        </extensions>
      </trkpt>
      <trkpt lat="31.96113967336714267730712890625" lon="118.82085411809384822845458984375">
        <ele>7</ele>
        <time>2021-07-08T11:51:43.000Z</time>
        <extensions>
          <ns3:TrackPointExtension/>
        </extensions>
      </trkpt>
      <trkpt lat="31.9611625559628009796142578125" lon="118.82086937315762042999267578125">
        <ele>7</ele>
        <time>2021-07-08T11:51:44.000Z</time>
        <extensions>
          <ns3:TrackPointExtension/>
        </extensions>
      </trkpt>
      <trkpt lat="31.96118543855845928192138671875" lon="118.82087700068950653076171875">
        <ele>7</ele>
        <time>2021-07-08T11:51:45.000Z</time>
        <extensions>
          <ns3:TrackPointExtension>
            <ns3:hr>173</ns3:hr>
            <ns3:cad>77</ns3:cad>
          </ns3:TrackPointExtension>
        </extensions>
      </trkpt>
      <trkpt lat="31.961208321154117584228515625" lon="118.8208922557532787322998046875">
        <ele>7</ele>
        <time>2021-07-08T11:51:46.000Z</time>
        <extensions>
          <ns3:TrackPointExtension/>
        </extensions>
      </trkpt>
      <trkpt lat="31.96123120374977588653564453125" lon="118.82089988328516483306884765625">
        <ele>7</ele>
        <time>2021-07-08T11:51:47.000Z</time>
        <extensions>
          <ns3:TrackPointExtension/>
        </extensions>
      </trkpt>
      <trkpt lat="31.96125601418316364288330078125" lon="118.82091522216796875">
        <ele>7</ele>
        <time>2021-07-08T11:51:48.000Z</time>
        <extensions>
          <ns3:TrackPointExtension/>
        </extensions>
      </trkpt>
      <trkpt lat="31.9612788967788219451904296875" lon="118.82092284969985485076904296875">
        <ele>7</ele>
        <time>2021-07-08T11:51:49.000Z</time>
        <extensions>
          <ns3:TrackPointExtension/>
        </extensions>
      </trkpt>
      <trkpt lat="31.9613037072122097015380859375" lon="118.8209304772317409515380859375">
        <ele>7</ele>
        <time>2021-07-08T11:51:50.000Z</time>
        <extensions>
          <ns3:TrackPointExtension>
            <ns3:hr>177</ns3:hr>
            <ns3:cad>77</ns3:cad>
          </ns3:TrackPointExtension>
        </extensions>
      </trkpt>
      <trkpt lat="31.96132843382656574249267578125" lon="118.820945732295513153076171875">
        <ele>7</ele>
        <time>2021-07-08T11:51:51.000Z</time>
        <extensions>
          <ns3:TrackPointExtension/>
        </extensions>
      </trkpt>
      <trkpt lat="31.961355172097682952880859375" lon="118.82095335982739925384521484375">
        <ele>7</ele>
        <time>2021-07-08T11:51:52.000Z</time>
        <extensions>
          <ns3:TrackPointExtension/>
        </extensions>
      </trkpt>
      <trkpt lat="31.961379982531070709228515625" lon="118.8209609873592853546142578125">
        <ele>7</ele>
        <time>2021-07-08T11:51:53.000Z</time>
        <extensions>
          <ns3:TrackPointExtension/>
        </extensions>
      </trkpt>
      <trkpt lat="31.9614066369831562042236328125" lon="118.82097624242305755615234375">
        <ele>7</ele>
        <time>2021-07-08T11:51:54.000Z</time>
        <extensions>
          <ns3:TrackPointExtension/>
        </extensions>
      </trkpt>
      <trkpt lat="31.96143337525427341461181640625" lon="118.82098386995494365692138671875">
        <ele>7</ele>
        <time>2021-07-08T11:51:55.000Z</time>
        <extensions>
          <ns3:TrackPointExtension>
            <ns3:hr>180</ns3:hr>
            <ns3:cad>77</ns3:cad>
          </ns3:TrackPointExtension>
        </extensions>
      </trkpt>
      <trkpt lat="31.961460113525390625" lon="118.8209914974868297576904296875">
        <ele>7</ele>
        <time>2021-07-08T11:51:56.000Z</time>
        <extensions>
          <ns3:TrackPointExtension/>
        </extensions>
      </trkpt>
      <trkpt lat="31.96148869581520557403564453125" lon="118.82099912501871585845947265625">
        <ele>7</ele>
        <time>2021-07-08T11:51:57.000Z</time>
        <extensions>
          <ns3:TrackPointExtension/>
        </extensions>
      </trkpt>
      <trkpt lat="31.96151535026729106903076171875" lon="118.82101438008248805999755859375">
        <ele>7</ele>
        <time>2021-07-08T11:51:58.000Z</time>
        <extensions>
          <ns3:TrackPointExtension/>
        </extensions>
      </trkpt>
      <trkpt lat="31.96154401637613773345947265625" lon="118.8210220076143741607666015625">
        <ele>7</ele>
        <time>2021-07-08T11:51:59.000Z</time>
        <extensions>
          <ns3:TrackPointExtension/>
        </extensions>
      </trkpt>
      <trkpt lat="31.9615725986659526824951171875" lon="118.8210372626781463623046875">
        <ele>7.19999980926513671875</ele>
        <time>2021-07-08T11:52:00.000Z</time>
        <extensions>
          <ns3:TrackPointExtension>
            <ns3:hr>180</ns3:hr>
            <ns3:cad>77</ns3:cad>
          </ns3:TrackPointExtension>
        </extensions>
      </trkpt>
      <trkpt lat="31.96159933693706989288330078125" lon="118.8210525177419185638427734375">
        <ele>7.19999980926513671875</ele>
        <time>2021-07-08T11:52:01.000Z</time>
        <extensions>
          <ns3:TrackPointExtension/>
        </extensions>
      </trkpt>
      <trkpt lat="31.96162599138915538787841796875" lon="118.82106014527380466461181640625">
        <ele>7.400000095367431640625</ele>
        <time>2021-07-08T11:52:02.000Z</time>
        <extensions>
          <ns3:TrackPointExtension/>
        </extensions>
      </trkpt>
      <trkpt lat="31.96165465749800205230712890625" lon="118.82107540033757686614990234375">
        <ele>7.400000095367431640625</ele>
        <time>2021-07-08T11:52:03.000Z</time>
        <extensions>
          <ns3:TrackPointExtension/>
        </extensions>
      </trkpt>
      <trkpt lat="31.9616832397878170013427734375" lon="118.82109065540134906768798828125">
        <ele>7.599999904632568359375</ele>
        <time>2021-07-08T11:52:04.000Z</time>
        <extensions>
          <ns3:TrackPointExtension/>
        </extensions>
      </trkpt>
      <trkpt lat="31.96171182207763195037841796875" lon="118.82109828293323516845703125">
        <ele>7.80000019073486328125</ele>
        <time>2021-07-08T11:52:05.000Z</time>
        <extensions>
          <ns3:TrackPointExtension>
            <ns3:hr>178</ns3:hr>
            <ns3:cad>77</ns3:cad>
          </ns3:TrackPointExtension>
        </extensions>
      </trkpt>
      <trkpt lat="31.9617385603487491607666015625" lon="118.8211135379970073699951171875">
        <ele>8</ele>
        <time>2021-07-08T11:52:06.000Z</time>
        <extensions>
          <ns3:TrackPointExtension/>
        </extensions>
      </trkpt>
      <trkpt lat="31.96176521480083465576171875" lon="118.821128793060779571533203125">
        <ele>8.19999980926513671875</ele>
        <time>2021-07-08T11:52:07.000Z</time>
        <extensions>
          <ns3:TrackPointExtension/>
        </extensions>
      </trkpt>
      <trkpt lat="31.96179195307195186614990234375" lon="118.8211440481245517730712890625">
        <ele>8.3999996185302734375</ele>
        <time>2021-07-08T11:52:08.000Z</time>
        <extensions>
          <ns3:TrackPointExtension/>
        </extensions>
      </trkpt>
      <trkpt lat="31.9618186913430690765380859375" lon="118.821159303188323974609375">
        <ele>8.6000003814697265625</ele>
        <time>2021-07-08T11:52:09.000Z</time>
        <extensions>
          <ns3:TrackPointExtension/>
        </extensions>
      </trkpt>
      <trkpt lat="31.961845345795154571533203125" lon="118.8211745582520961761474609375">
        <ele>8.80000019073486328125</ele>
        <time>2021-07-08T11:52:10.000Z</time>
        <extensions>
          <ns3:TrackPointExtension>
            <ns3:hr>176</ns3:hr>
            <ns3:cad>77</ns3:cad>
          </ns3:TrackPointExtension>
        </extensions>
      </trkpt>
      <trkpt lat="31.96187208406627178192138671875" lon="118.82118218578398227691650390625">
        <ele>9</ele>
        <time>2021-07-08T11:52:11.000Z</time>
        <extensions>
          <ns3:TrackPointExtension/>
        </extensions>
      </trkpt>
      <trkpt lat="31.96189873851835727691650390625" lon="118.82119744084775447845458984375">
        <ele>9.19999980926513671875</ele>
        <time>2021-07-08T11:52:12.000Z</time>
        <extensions>
          <ns3:TrackPointExtension/>
        </extensions>
      </trkpt>
      <trkpt lat="31.9619254767894744873046875" lon="118.82121269591152667999267578125">
        <ele>9.3999996185302734375</ele>
        <time>2021-07-08T11:52:13.000Z</time>
        <extensions>
          <ns3:TrackPointExtension/>
        </extensions>
      </trkpt>
      <trkpt lat="31.9619521312415599822998046875" lon="118.82122795097529888153076171875">
        <ele>9.3999996185302734375</ele>
        <time>2021-07-08T11:52:14.000Z</time>
        <extensions>
          <ns3:TrackPointExtension/>
        </extensions>
      </trkpt>
      <trkpt lat="31.96197886951267719268798828125" lon="118.82124320603907108306884765625">
        <ele>9.6000003814697265625</ele>
        <time>2021-07-08T11:52:15.000Z</time>
        <extensions>
          <ns3:TrackPointExtension>
            <ns3:hr>172</ns3:hr>
            <ns3:cad>77</ns3:cad>
          </ns3:TrackPointExtension>
        </extensions>
      </trkpt>
      <trkpt lat="31.96200367994606494903564453125" lon="118.821258544921875">
        <ele>9.80000019073486328125</ele>
        <time>2021-07-08T11:52:16.000Z</time>
        <extensions>
          <ns3:TrackPointExtension/>
        </extensions>
      </trkpt>
      <trkpt lat="31.96203033439815044403076171875" lon="118.8212737999856472015380859375">
        <ele>10</ele>
        <time>2021-07-08T11:52:17.000Z</time>
        <extensions>
          <ns3:TrackPointExtension/>
        </extensions>
      </trkpt>
      <trkpt lat="31.962053216993808746337890625" lon="118.82128142751753330230712890625">
        <ele>10.19999980926513671875</ele>
        <time>2021-07-08T11:52:18.000Z</time>
        <extensions>
          <ns3:TrackPointExtension/>
        </extensions>
      </trkpt>
      <trkpt lat="31.962078027427196502685546875" lon="118.82129668258130550384521484375">
        <ele>10.3999996185302734375</ele>
        <time>2021-07-08T11:52:19.000Z</time>
        <extensions>
          <ns3:TrackPointExtension/>
        </extensions>
      </trkpt>
      <trkpt lat="31.96210091002285480499267578125" lon="118.82131193764507770538330078125">
        <ele>10.19999980926513671875</ele>
        <time>2021-07-08T11:52:20.000Z</time>
        <extensions>
          <ns3:TrackPointExtension>
            <ns3:hr>176</ns3:hr>
            <ns3:cad>77</ns3:cad>
          </ns3:TrackPointExtension>
        </extensions>
      </trkpt>
      <trkpt lat="31.9621237926185131072998046875" lon="118.82131956517696380615234375">
        <ele>10.3999996185302734375</ele>
        <time>2021-07-08T11:52:21.000Z</time>
        <extensions>
          <ns3:TrackPointExtension/>
        </extensions>
      </trkpt>
      <trkpt lat="31.962146759033203125" lon="118.8213348202407360076904296875">
        <ele>10.19999980926513671875</ele>
        <time>2021-07-08T11:52:22.000Z</time>
        <extensions>
          <ns3:TrackPointExtension/>
        </extensions>
      </trkpt>
      <trkpt lat="31.96216964162886142730712890625" lon="118.82134244777262210845947265625">
        <ele>10.3999996185302734375</ele>
        <time>2021-07-08T11:52:23.000Z</time>
        <extensions>
          <ns3:TrackPointExtension/>
        </extensions>
      </trkpt>
      <trkpt lat="31.96219059638679027557373046875" lon="118.82135770283639430999755859375">
        <ele>10.19999980926513671875</ele>
        <time>2021-07-08T11:52:24.000Z</time>
        <extensions>
          <ns3:TrackPointExtension/>
        </extensions>
      </trkpt>
      <trkpt lat="31.962213478982448577880859375" lon="118.82137295790016651153564453125">
        <ele>10.19999980926513671875</ele>
        <time>2021-07-08T11:52:25.000Z</time>
        <extensions>
          <ns3:TrackPointExtension>
            <ns3:hr>178</ns3:hr>
            <ns3:cad>77</ns3:cad>
          </ns3:TrackPointExtension>
        </extensions>
      </trkpt>
      <trkpt lat="31.9622344337403774261474609375" lon="118.8213805854320526123046875">
        <ele>10.19999980926513671875</ele>
        <time>2021-07-08T11:52:26.000Z</time>
        <extensions>
          <ns3:TrackPointExtension/>
        </extensions>
      </trkpt>
      <trkpt lat="31.96225547231733798980712890625" lon="118.8213958404958248138427734375">
        <ele>10.19999980926513671875</ele>
        <time>2021-07-08T11:52:27.000Z</time>
        <extensions>
          <ns3:TrackPointExtension/>
        </extensions>
      </trkpt>
      <trkpt lat="31.96227642707526683807373046875" lon="118.821411095559597015380859375">
        <ele>10.19999980926513671875</ele>
        <time>2021-07-08T11:52:28.000Z</time>
        <extensions>
          <ns3:TrackPointExtension/>
        </extensions>
      </trkpt>
      <trkpt lat="31.96229738183319568634033203125" lon="118.82141872309148311614990234375">
        <ele>10.19999980926513671875</ele>
        <time>2021-07-08T11:52:29.000Z</time>
        <extensions>
          <ns3:TrackPointExtension/>
        </extensions>
      </trkpt>
      <trkpt lat="31.96231649257242679595947265625" lon="118.82143397815525531768798828125">
        <ele>10.19999980926513671875</ele>
        <time>2021-07-08T11:52:30.000Z</time>
        <extensions>
          <ns3:TrackPointExtension>
            <ns3:hr>178</ns3:hr>
            <ns3:cad>77</ns3:cad>
          </ns3:TrackPointExtension>
        </extensions>
      </trkpt>
      <trkpt lat="31.96233744733035564422607421875" lon="118.82144923321902751922607421875">
        <ele>10.19999980926513671875</ele>
        <time>2021-07-08T11:52:31.000Z</time>
        <extensions>
          <ns3:TrackPointExtension/>
        </extensions>
      </trkpt>
      <trkpt lat="31.962360329926013946533203125" lon="118.8214568607509136199951171875">
        <ele>10.19999980926513671875</ele>
        <time>2021-07-08T11:52:32.000Z</time>
        <extensions>
          <ns3:TrackPointExtension/>
        </extensions>
      </trkpt>
      <trkpt lat="31.96238321252167224884033203125" lon="118.821472115814685821533203125">
        <ele>10</ele>
        <time>2021-07-08T11:52:33.000Z</time>
        <extensions>
          <ns3:TrackPointExtension/>
        </extensions>
      </trkpt>
      <trkpt lat="31.96240802295506000518798828125" lon="118.8214873708784580230712890625">
        <ele>9.80000019073486328125</ele>
        <time>2021-07-08T11:52:34.000Z</time>
        <extensions>
          <ns3:TrackPointExtension/>
        </extensions>
      </trkpt>
      <trkpt lat="31.96243283338844776153564453125" lon="118.821502625942230224609375">
        <ele>9.6000003814697265625</ele>
        <time>2021-07-08T11:52:35.000Z</time>
        <extensions>
          <ns3:TrackPointExtension>
            <ns3:hr>179</ns3:hr>
            <ns3:cad>77</ns3:cad>
          </ns3:TrackPointExtension>
        </extensions>
      </trkpt>
      <trkpt lat="31.96245948784053325653076171875" lon="118.8215178810060024261474609375">
        <ele>9.3999996185302734375</ele>
        <time>2021-07-08T11:52:36.000Z</time>
        <extensions>
          <ns3:TrackPointExtension/>
        </extensions>
      </trkpt>
      <trkpt lat="31.9624862261116504669189453125" lon="118.821533136069774627685546875">
        <ele>9.19999980926513671875</ele>
        <time>2021-07-08T11:52:37.000Z</time>
        <extensions>
          <ns3:TrackPointExtension/>
        </extensions>
      </trkpt>
      <trkpt lat="31.96251296438276767730712890625" lon="118.8215483911335468292236328125">
        <ele>9</ele>
        <time>2021-07-08T11:52:38.000Z</time>
        <extensions>
          <ns3:TrackPointExtension/>
        </extensions>
      </trkpt>
      <trkpt lat="31.9625472463667392730712890625" lon="118.82156364619731903076171875">
        <ele>8.6000003814697265625</ele>
        <time>2021-07-08T11:52:39.000Z</time>
        <extensions>
          <ns3:TrackPointExtension/>
        </extensions>
      </trkpt>
      <trkpt lat="31.9625759124755859375" lon="118.8215789012610912322998046875">
        <ele>8.3999996185302734375</ele>
        <time>2021-07-08T11:52:40.000Z</time>
        <extensions>
          <ns3:TrackPointExtension>
            <ns3:hr>177</ns3:hr>
            <ns3:cad>77</ns3:cad>
          </ns3:TrackPointExtension>
        </extensions>
      </trkpt>
      <trkpt lat="31.9626025669276714324951171875" lon="118.821594156324863433837890625">
        <ele>8.19999980926513671875</ele>
        <time>2021-07-08T11:52:41.000Z</time>
        <extensions>
          <ns3:TrackPointExtension/>
        </extensions>
      </trkpt>
      <trkpt lat="31.9626273773610591888427734375" lon="118.82160949520766735076904296875">
        <ele>8</ele>
        <time>2021-07-08T11:52:42.000Z</time>
        <extensions>
          <ns3:TrackPointExtension/>
        </extensions>
      </trkpt>
      <trkpt lat="31.962654031813144683837890625" lon="118.82162475027143955230712890625">
        <ele>8</ele>
        <time>2021-07-08T11:52:43.000Z</time>
        <extensions>
          <ns3:TrackPointExtension/>
        </extensions>
      </trkpt>
      <trkpt lat="31.962678842246532440185546875" lon="118.82164000533521175384521484375">
        <ele>8</ele>
        <time>2021-07-08T11:52:44.000Z</time>
        <extensions>
          <ns3:TrackPointExtension/>
        </extensions>
      </trkpt>
      <trkpt lat="31.96270172484219074249267578125" lon="118.82166288793087005615234375">
        <ele>8</ele>
        <time>2021-07-08T11:52:45.000Z</time>
        <extensions>
          <ns3:TrackPointExtension>
            <ns3:hr>173</ns3:hr>
            <ns3:cad>77</ns3:cad>
          </ns3:TrackPointExtension>
        </extensions>
      </trkpt>
      <trkpt lat="31.9627246074378490447998046875" lon="118.8216781429946422576904296875">
        <ele>8</ele>
        <time>2021-07-08T11:52:46.000Z</time>
        <extensions>
          <ns3:TrackPointExtension/>
        </extensions>
      </trkpt>
      <trkpt lat="31.96274564601480960845947265625" lon="118.821693398058414459228515625">
        <ele>7.80000019073486328125</ele>
        <time>2021-07-08T11:52:47.000Z</time>
        <extensions>
          <ns3:TrackPointExtension/>
        </extensions>
      </trkpt>
      <trkpt lat="31.96276660077273845672607421875" lon="118.82171628065407276153564453125">
        <ele>7.80000019073486328125</ele>
        <time>2021-07-08T11:52:48.000Z</time>
        <extensions>
          <ns3:TrackPointExtension/>
        </extensions>
      </trkpt>
      <trkpt lat="31.96278571151196956634521484375" lon="118.82173153571784496307373046875">
        <ele>7.80000019073486328125</ele>
        <time>2021-07-08T11:52:49.000Z</time>
        <extensions>
          <ns3:TrackPointExtension/>
        </extensions>
      </trkpt>
      <trkpt lat="31.96280666626989841461181640625" lon="118.821754418313503265380859375">
        <ele>7.599999904632568359375</ele>
        <time>2021-07-08T11:52:50.000Z</time>
        <extensions>
          <ns3:TrackPointExtension>
            <ns3:hr>172</ns3:hr>
            <ns3:cad>77</ns3:cad>
          </ns3:TrackPointExtension>
        </extensions>
      </trkpt>
      <trkpt lat="31.962825693190097808837890625" lon="118.8217696733772754669189453125">
        <ele>7.80000019073486328125</ele>
        <time>2021-07-08T11:52:51.000Z</time>
        <extensions>
          <ns3:TrackPointExtension/>
        </extensions>
      </trkpt>
      <trkpt lat="31.96284480392932891845703125" lon="118.82178492844104766845703125">
        <ele>7.80000019073486328125</ele>
        <time>2021-07-08T11:52:52.000Z</time>
        <extensions>
          <ns3:TrackPointExtension/>
        </extensions>
      </trkpt>
      <trkpt lat="31.9628657586872577667236328125" lon="118.8218001835048198699951171875">
        <ele>7.80000019073486328125</ele>
        <time>2021-07-08T11:52:53.000Z</time>
        <extensions>
          <ns3:TrackPointExtension/>
        </extensions>
      </trkpt>
      <trkpt lat="31.96288679726421833038330078125" lon="118.821815438568592071533203125">
        <ele>8</ele>
        <time>2021-07-08T11:52:54.000Z</time>
        <extensions>
          <ns3:TrackPointExtension/>
        </extensions>
      </trkpt>
      <trkpt lat="31.96290775202214717864990234375" lon="118.8218306936323642730712890625">
        <ele>8</ele>
        <time>2021-07-08T11:52:55.000Z</time>
        <extensions>
          <ns3:TrackPointExtension>
            <ns3:hr>173</ns3:hr>
            <ns3:cad>77</ns3:cad>
          </ns3:TrackPointExtension>
        </extensions>
      </trkpt>
      <trkpt lat="31.96293256245553493499755859375" lon="118.821845948696136474609375">
        <ele>8</ele>
        <time>2021-07-08T11:52:56.000Z</time>
        <extensions>
          <ns3:TrackPointExtension/>
        </extensions>
      </trkpt>
      <trkpt lat="31.9629554450511932373046875" lon="118.82185357622802257537841796875">
        <ele>8.19999980926513671875</ele>
        <time>2021-07-08T11:52:57.000Z</time>
        <extensions>
          <ns3:TrackPointExtension/>
        </extensions>
      </trkpt>
      <trkpt lat="31.96298025548458099365234375" lon="118.82186883129179477691650390625">
        <ele>8.19999980926513671875</ele>
        <time>2021-07-08T11:52:58.000Z</time>
        <extensions>
          <ns3:TrackPointExtension/>
        </extensions>
      </trkpt>
      <trkpt lat="31.96300506591796875" lon="118.821876458823680877685546875">
        <ele>8.3999996185302734375</ele>
        <time>2021-07-08T11:52:59.000Z</time>
        <extensions>
          <ns3:TrackPointExtension/>
        </extensions>
      </trkpt>
      <trkpt lat="31.96303364820778369903564453125" lon="118.82188408635556697845458984375">
        <ele>8.3999996185302734375</ele>
        <time>2021-07-08T11:53:00.000Z</time>
        <extensions>
          <ns3:TrackPointExtension>
            <ns3:hr>173</ns3:hr>
            <ns3:cad>77</ns3:cad>
          </ns3:TrackPointExtension>
        </extensions>
      </trkpt>
      <trkpt lat="31.96306030265986919403076171875" lon="118.8218917138874530792236328125">
        <ele>8.6000003814697265625</ele>
        <time>2021-07-08T11:53:01.000Z</time>
        <extensions>
          <ns3:TrackPointExtension/>
        </extensions>
      </trkpt>
      <trkpt lat="31.9630870409309864044189453125" lon="118.82189934141933917999267578125">
        <ele>8.80000019073486328125</ele>
        <time>2021-07-08T11:53:02.000Z</time>
        <extensions>
          <ns3:TrackPointExtension/>
        </extensions>
      </trkpt>
      <trkpt lat="31.96311562322080135345458984375" lon="118.82190696895122528076171875">
        <ele>9</ele>
        <time>2021-07-08T11:53:03.000Z</time>
        <extensions>
          <ns3:TrackPointExtension/>
        </extensions>
      </trkpt>
      <trkpt lat="31.96314428932964801788330078125" lon="118.82191459648311138153076171875">
        <ele>9.19999980926513671875</ele>
        <time>2021-07-08T11:53:04.000Z</time>
        <extensions>
          <ns3:TrackPointExtension/>
        </extensions>
      </trkpt>
      <trkpt lat="31.9631728716194629669189453125" lon="118.82191459648311138153076171875">
        <ele>9.3999996185302734375</ele>
        <time>2021-07-08T11:53:05.000Z</time>
        <extensions>
          <ns3:TrackPointExtension>
            <ns3:hr>177</ns3:hr>
            <ns3:cad>77</ns3:cad>
          </ns3:TrackPointExtension>
        </extensions>
      </trkpt>
      <trkpt lat="31.96319960989058017730712890625" lon="118.8219222240149974822998046875">
        <ele>9.3999996185302734375</ele>
        <time>2021-07-08T11:53:06.000Z</time>
        <extensions>
          <ns3:TrackPointExtension/>
        </extensions>
      </trkpt>
      <trkpt lat="31.9632281921803951263427734375" lon="118.82192985154688358306884765625">
        <ele>9.6000003814697265625</ele>
        <time>2021-07-08T11:53:07.000Z</time>
        <extensions>
          <ns3:TrackPointExtension/>
        </extensions>
      </trkpt>
      <trkpt lat="31.963254846632480621337890625" lon="118.821937479078769683837890625">
        <ele>9.6000003814697265625</ele>
        <time>2021-07-08T11:53:08.000Z</time>
        <extensions>
          <ns3:TrackPointExtension/>
        </extensions>
      </trkpt>
      <trkpt lat="31.96328158490359783172607421875" lon="118.8219451904296875">
        <ele>9.6000003814697265625</ele>
        <time>2021-07-08T11:53:09.000Z</time>
        <extensions>
          <ns3:TrackPointExtension/>
        </extensions>
      </trkpt>
      <trkpt lat="31.9633083231747150421142578125" lon="118.8219604454934597015380859375">
        <ele>9.80000019073486328125</ele>
        <time>2021-07-08T11:53:10.000Z</time>
        <extensions>
          <ns3:TrackPointExtension>
            <ns3:hr>178</ns3:hr>
            <ns3:cad>77</ns3:cad>
          </ns3:TrackPointExtension>
        </extensions>
      </trkpt>
      <trkpt lat="31.96333304978907108306884765625" lon="118.82196807302534580230712890625">
        <ele>9.80000019073486328125</ele>
        <time>2021-07-08T11:53:11.000Z</time>
        <extensions>
          <ns3:TrackPointExtension/>
        </extensions>
      </trkpt>
      <trkpt lat="31.96335786022245883941650390625" lon="118.821975700557231903076171875">
        <ele>9.80000019073486328125</ele>
        <time>2021-07-08T11:53:12.000Z</time>
        <extensions>
          <ns3:TrackPointExtension/>
        </extensions>
      </trkpt>
      <trkpt lat="31.9633807428181171417236328125" lon="118.8219909556210041046142578125">
        <ele>9.80000019073486328125</ele>
        <time>2021-07-08T11:53:13.000Z</time>
        <extensions>
          <ns3:TrackPointExtension/>
        </extensions>
      </trkpt>
      <trkpt lat="31.96340362541377544403076171875" lon="118.82199858315289020538330078125">
        <ele>10</ele>
        <time>2021-07-08T11:53:14.000Z</time>
        <extensions>
          <ns3:TrackPointExtension/>
        </extensions>
      </trkpt>
      <trkpt lat="31.963426508009433746337890625" lon="118.82201383821666240692138671875">
        <ele>10</ele>
        <time>2021-07-08T11:53:15.000Z</time>
        <extensions>
          <ns3:TrackPointExtension>
            <ns3:hr>178</ns3:hr>
            <ns3:cad>76</ns3:cad>
          </ns3:TrackPointExtension>
        </extensions>
      </trkpt>
      <trkpt lat="31.96344754658639430999755859375" lon="118.8220214657485485076904296875">
        <ele>10</ele>
        <time>2021-07-08T11:53:16.000Z</time>
        <extensions>
          <ns3:TrackPointExtension/>
        </extensions>
      </trkpt>
      <trkpt lat="31.9634704291820526123046875" lon="118.82202909328043460845947265625">
        <ele>10.19999980926513671875</ele>
        <time>2021-07-08T11:53:17.000Z</time>
        <extensions>
          <ns3:TrackPointExtension/>
        </extensions>
      </trkpt>
      <trkpt lat="31.9634913839399814605712890625" lon="118.822036720812320709228515625">
        <ele>10.3999996185302734375</ele>
        <time>2021-07-08T11:53:18.000Z</time>
        <extensions>
          <ns3:TrackPointExtension/>
        </extensions>
      </trkpt>
      <trkpt lat="31.9635104946792125701904296875" lon="118.8220519758760929107666015625">
        <ele>10.6000003814697265625</ele>
        <time>2021-07-08T11:53:19.000Z</time>
        <extensions>
          <ns3:TrackPointExtension/>
        </extensions>
      </trkpt>
      <trkpt lat="31.96353144943714141845703125" lon="118.82205960340797901153564453125">
        <ele>10.80000019073486328125</ele>
        <time>2021-07-08T11:53:20.000Z</time>
        <extensions>
          <ns3:TrackPointExtension>
            <ns3:hr>178</ns3:hr>
            <ns3:cad>77</ns3:cad>
          </ns3:TrackPointExtension>
        </extensions>
      </trkpt>
      <trkpt lat="31.963550560176372528076171875" lon="118.8220672309398651123046875">
        <ele>11</ele>
        <time>2021-07-08T11:53:21.000Z</time>
        <extensions>
          <ns3:TrackPointExtension/>
        </extensions>
      </trkpt>
      <trkpt lat="31.9635715149343013763427734375" lon="118.8220824860036373138427734375">
        <ele>11</ele>
        <time>2021-07-08T11:53:22.000Z</time>
        <extensions>
          <ns3:TrackPointExtension/>
        </extensions>
      </trkpt>
      <trkpt lat="31.963592469692230224609375" lon="118.82209011353552341461181640625">
        <ele>11.19999980926513671875</ele>
        <time>2021-07-08T11:53:23.000Z</time>
        <extensions>
          <ns3:TrackPointExtension/>
        </extensions>
      </trkpt>
      <trkpt lat="31.96361350826919078826904296875" lon="118.822097741067409515380859375">
        <ele>11.3999996185302734375</ele>
        <time>2021-07-08T11:53:24.000Z</time>
        <extensions>
          <ns3:TrackPointExtension/>
        </extensions>
      </trkpt>
      <trkpt lat="31.963636390864849090576171875" lon="118.82210536859929561614990234375">
        <ele>11.80000019073486328125</ele>
        <time>2021-07-08T11:53:25.000Z</time>
        <extensions>
          <ns3:TrackPointExtension>
            <ns3:hr>178</ns3:hr>
            <ns3:cad>77</ns3:cad>
          </ns3:TrackPointExtension>
        </extensions>
      </trkpt>
      <trkpt lat="31.96365927346050739288330078125" lon="118.82212062366306781768798828125">
        <ele>12</ele>
        <time>2021-07-08T11:53:26.000Z</time>
        <extensions>
          <ns3:TrackPointExtension/>
        </extensions>
      </trkpt>
      <trkpt lat="31.9636821560561656951904296875" lon="118.82212825119495391845703125">
        <ele>12.19999980926513671875</ele>
        <time>2021-07-08T11:53:27.000Z</time>
        <extensions>
          <ns3:TrackPointExtension/>
        </extensions>
      </trkpt>
      <trkpt lat="31.96370503865182399749755859375" lon="118.82213587872684001922607421875">
        <ele>12.3999996185302734375</ele>
        <time>2021-07-08T11:53:28.000Z</time>
        <extensions>
          <ns3:TrackPointExtension/>
        </extensions>
      </trkpt>
      <trkpt lat="31.96372984908521175384521484375" lon="118.8221435062587261199951171875">
        <ele>12.6000003814697265625</ele>
        <time>2021-07-08T11:53:29.000Z</time>
        <extensions>
          <ns3:TrackPointExtension/>
        </extensions>
      </trkpt>
      <trkpt lat="31.96375273168087005615234375" lon="118.82215113379061222076416015625">
        <ele>13</ele>
        <time>2021-07-08T11:53:30.000Z</time>
        <extensions>
          <ns3:TrackPointExtension>
            <ns3:hr>176</ns3:hr>
            <ns3:cad>77</ns3:cad>
          </ns3:TrackPointExtension>
        </extensions>
      </trkpt>
      <trkpt lat="31.9637793861329555511474609375" lon="118.822158761322498321533203125">
        <ele>13.3999996185302734375</ele>
        <time>2021-07-08T11:53:31.000Z</time>
        <extensions>
          <ns3:TrackPointExtension/>
        </extensions>
      </trkpt>
      <trkpt lat="31.9638041965663433074951171875" lon="118.82216638885438442230224609375">
        <ele>13.80000019073486328125</ele>
        <time>2021-07-08T11:53:32.000Z</time>
        <extensions>
          <ns3:TrackPointExtension/>
        </extensions>
      </trkpt>
      <trkpt lat="31.9638290069997310638427734375" lon="118.8221740163862705230712890625">
        <ele>14</ele>
        <time>2021-07-08T11:53:33.000Z</time>
        <extensions>
          <ns3:TrackPointExtension/>
        </extensions>
      </trkpt>
      <trkpt lat="31.9638538174331188201904296875" lon="118.82218164391815662384033203125">
        <ele>14.3999996185302734375</ele>
        <time>2021-07-08T11:53:34.000Z</time>
        <extensions>
          <ns3:TrackPointExtension/>
        </extensions>
      </trkpt>
      <trkpt lat="31.963880471885204315185546875" lon="118.822189271450042724609375">
        <ele>14.80000019073486328125</ele>
        <time>2021-07-08T11:53:35.000Z</time>
        <extensions>
          <ns3:TrackPointExtension>
            <ns3:hr>175</ns3:hr>
            <ns3:cad>76</ns3:cad>
          </ns3:TrackPointExtension>
        </extensions>
      </trkpt>
      <trkpt lat="31.963905282318592071533203125" lon="118.82219689898192882537841796875">
        <ele>15.19999980926513671875</ele>
        <time>2021-07-08T11:53:36.000Z</time>
        <extensions>
          <ns3:TrackPointExtension/>
        </extensions>
      </trkpt>
      <trkpt lat="31.963930092751979827880859375" lon="118.8222045265138149261474609375">
        <ele>15.19999980926513671875</ele>
        <time>2021-07-08T11:53:37.000Z</time>
        <extensions>
          <ns3:TrackPointExtension/>
        </extensions>
      </trkpt>
      <trkpt lat="31.963954903185367584228515625" lon="118.82221215404570102691650390625">
        <ele>15.19999980926513671875</ele>
        <time>2021-07-08T11:53:38.000Z</time>
        <extensions>
          <ns3:TrackPointExtension/>
        </extensions>
      </trkpt>
      <trkpt lat="31.963979713618755340576171875" lon="118.822219781577587127685546875">
        <ele>15.3999996185302734375</ele>
        <time>2021-07-08T11:53:39.000Z</time>
        <extensions>
          <ns3:TrackPointExtension/>
        </extensions>
      </trkpt>
      <trkpt lat="31.96400444023311138153076171875" lon="118.8222350366413593292236328125">
        <ele>15.3999996185302734375</ele>
        <time>2021-07-08T11:53:40.000Z</time>
        <extensions>
          <ns3:TrackPointExtension>
            <ns3:hr>173</ns3:hr>
            <ns3:cad>76</ns3:cad>
          </ns3:TrackPointExtension>
        </extensions>
      </trkpt>
      <trkpt lat="31.96402925066649913787841796875" lon="118.82224266417324542999267578125">
        <ele>15.3999996185302734375</ele>
        <time>2021-07-08T11:53:41.000Z</time>
        <extensions>
          <ns3:TrackPointExtension/>
        </extensions>
      </trkpt>
      <trkpt lat="31.96405406109988689422607421875" lon="118.82225029170513153076171875">
        <ele>15</ele>
        <time>2021-07-08T11:53:42.000Z</time>
        <extensions>
          <ns3:TrackPointExtension/>
        </extensions>
      </trkpt>
      <trkpt lat="31.96407887153327465057373046875" lon="118.8222655467689037322998046875">
        <ele>14.80000019073486328125</ele>
        <time>2021-07-08T11:53:43.000Z</time>
        <extensions>
          <ns3:TrackPointExtension/>
        </extensions>
      </trkpt>
      <trkpt lat="31.96410552598536014556884765625" lon="118.82227317430078983306884765625">
        <ele>14.3999996185302734375</ele>
        <time>2021-07-08T11:53:44.000Z</time>
        <extensions>
          <ns3:TrackPointExtension/>
        </extensions>
      </trkpt>
      <trkpt lat="31.96413033641874790191650390625" lon="118.82228851318359375">
        <ele>14.19999980926513671875</ele>
        <time>2021-07-08T11:53:45.000Z</time>
        <extensions>
          <ns3:TrackPointExtension>
            <ns3:hr>175</ns3:hr>
            <ns3:cad>77</ns3:cad>
          </ns3:TrackPointExtension>
        </extensions>
      </trkpt>
      <trkpt lat="31.96415514685213565826416015625" lon="118.82229614071547985076904296875">
        <ele>14</ele>
        <time>2021-07-08T11:53:46.000Z</time>
        <extensions>
          <ns3:TrackPointExtension/>
        </extensions>
      </trkpt>
      <trkpt lat="31.9641837291419506072998046875" lon="118.82231139577925205230712890625">
        <ele>13.6000003814697265625</ele>
        <time>2021-07-08T11:53:47.000Z</time>
        <extensions>
          <ns3:TrackPointExtension/>
        </extensions>
      </trkpt>
      <trkpt lat="31.9642085395753383636474609375" lon="118.822319023311138153076171875">
        <ele>13.19999980926513671875</ele>
        <time>2021-07-08T11:53:48.000Z</time>
        <extensions>
          <ns3:TrackPointExtension/>
        </extensions>
      </trkpt>
      <trkpt lat="31.96423527784645557403564453125" lon="118.8223342783749103546142578125">
        <ele>12.80000019073486328125</ele>
        <time>2021-07-08T11:53:49.000Z</time>
        <extensions>
          <ns3:TrackPointExtension/>
        </extensions>
      </trkpt>
      <trkpt lat="31.96426193229854106903076171875" lon="118.82234190590679645538330078125">
        <ele>12.3999996185302734375</ele>
        <time>2021-07-08T11:53:50.000Z</time>
        <extensions>
          <ns3:TrackPointExtension>
            <ns3:hr>175</ns3:hr>
            <ns3:cad>77</ns3:cad>
          </ns3:TrackPointExtension>
        </extensions>
      </trkpt>
      <trkpt lat="31.9642886705696582794189453125" lon="118.82235716097056865692138671875">
        <ele>12</ele>
        <time>2021-07-08T11:53:51.000Z</time>
        <extensions>
          <ns3:TrackPointExtension/>
        </extensions>
      </trkpt>
      <trkpt lat="31.96431540884077548980712890625" lon="118.8223647885024547576904296875">
        <ele>11.80000019073486328125</ele>
        <time>2021-07-08T11:53:52.000Z</time>
        <extensions>
          <ns3:TrackPointExtension/>
        </extensions>
      </trkpt>
      <trkpt lat="31.9643439911305904388427734375" lon="118.82237241603434085845947265625">
        <ele>11.80000019073486328125</ele>
        <time>2021-07-08T11:53:53.000Z</time>
        <extensions>
          <ns3:TrackPointExtension/>
        </extensions>
      </trkpt>
      <trkpt lat="31.964370645582675933837890625" lon="118.82238767109811305999755859375">
        <ele>11.80000019073486328125</ele>
        <time>2021-07-08T11:53:54.000Z</time>
        <extensions>
          <ns3:TrackPointExtension/>
        </extensions>
      </trkpt>
      <trkpt lat="31.96439738385379314422607421875" lon="118.8223952986299991607666015625">
        <ele>11.6000003814697265625</ele>
        <time>2021-07-08T11:53:55.000Z</time>
        <extensions>
          <ns3:TrackPointExtension>
            <ns3:hr>178</ns3:hr>
            <ns3:cad>76</ns3:cad>
          </ns3:TrackPointExtension>
        </extensions>
      </trkpt>
      <trkpt lat="31.96442596614360809326171875" lon="118.82240292616188526153564453125">
        <ele>11.3999996185302734375</ele>
        <time>2021-07-08T11:53:56.000Z</time>
        <extensions>
          <ns3:TrackPointExtension/>
        </extensions>
      </trkpt>
      <trkpt lat="31.96445270441472530364990234375" lon="118.8224105536937713623046875">
        <ele>11.19999980926513671875</ele>
        <time>2021-07-08T11:53:57.000Z</time>
        <extensions>
          <ns3:TrackPointExtension/>
        </extensions>
      </trkpt>
      <trkpt lat="31.9644794426858425140380859375" lon="118.8224258087575435638427734375">
        <ele>11</ele>
        <time>2021-07-08T11:53:58.000Z</time>
        <extensions>
          <ns3:TrackPointExtension/>
        </extensions>
      </trkpt>
      <trkpt lat="31.96450802497565746307373046875" lon="118.82243343628942966461181640625">
        <ele>11</ele>
        <time>2021-07-08T11:53:59.000Z</time>
        <extensions>
          <ns3:TrackPointExtension/>
        </extensions>
      </trkpt>
      <trkpt lat="31.96453283540904521942138671875" lon="118.822441063821315765380859375">
        <ele>10.80000019073486328125</ele>
        <time>2021-07-08T11:54:00.000Z</time>
        <extensions>
          <ns3:TrackPointExtension>
            <ns3:hr>176</ns3:hr>
            <ns3:cad>77</ns3:cad>
          </ns3:TrackPointExtension>
        </extensions>
      </trkpt>
      <trkpt lat="31.96455948986113071441650390625" lon="118.82244869135320186614990234375">
        <ele>10.6000003814697265625</ele>
        <time>2021-07-08T11:54:01.000Z</time>
        <extensions>
          <ns3:TrackPointExtension/>
        </extensions>
      </trkpt>
      <trkpt lat="31.9645862281322479248046875" lon="118.8224563188850879669189453125">
        <ele>10.3999996185302734375</ele>
        <time>2021-07-08T11:54:02.000Z</time>
        <extensions>
          <ns3:TrackPointExtension/>
        </extensions>
      </trkpt>
      <trkpt lat="31.9646128825843334197998046875" lon="118.82247157394886016845703125">
        <ele>10.19999980926513671875</ele>
        <time>2021-07-08T11:54:03.000Z</time>
        <extensions>
          <ns3:TrackPointExtension/>
        </extensions>
      </trkpt>
      <trkpt lat="31.9646376930177211761474609375" lon="118.82247920148074626922607421875">
        <ele>10.19999980926513671875</ele>
        <time>2021-07-08T11:54:04.000Z</time>
        <extensions>
          <ns3:TrackPointExtension/>
        </extensions>
      </trkpt>
      <trkpt lat="31.9646625034511089324951171875" lon="118.8224868290126323699951171875">
        <ele>10</ele>
        <time>2021-07-08T11:54:05.000Z</time>
        <extensions>
          <ns3:TrackPointExtension>
            <ns3:hr>175</ns3:hr>
            <ns3:cad>77</ns3:cad>
          </ns3:TrackPointExtension>
        </extensions>
      </trkpt>
      <trkpt lat="31.96468924172222614288330078125" lon="118.822502084076404571533203125">
        <ele>9.80000019073486328125</ele>
        <time>2021-07-08T11:54:06.000Z</time>
        <extensions>
          <ns3:TrackPointExtension/>
        </extensions>
      </trkpt>
      <trkpt lat="31.964713968336582183837890625" lon="118.82250971160829067230224609375">
        <ele>9.80000019073486328125</ele>
        <time>2021-07-08T11:54:07.000Z</time>
        <extensions>
          <ns3:TrackPointExtension/>
        </extensions>
      </trkpt>
      <trkpt lat="31.964738778769969940185546875" lon="118.8225173391401767730712890625">
        <ele>9.6000003814697265625</ele>
        <time>2021-07-08T11:54:08.000Z</time>
        <extensions>
          <ns3:TrackPointExtension/>
        </extensions>
      </trkpt>
      <trkpt lat="31.964763589203357696533203125" lon="118.822532594203948974609375">
        <ele>9.3999996185302734375</ele>
        <time>2021-07-08T11:54:09.000Z</time>
        <extensions>
          <ns3:TrackPointExtension/>
        </extensions>
      </trkpt>
      <trkpt lat="31.96479032747447490692138671875" lon="118.82254022173583507537841796875">
        <ele>9.19999980926513671875</ele>
        <time>2021-07-08T11:54:10.000Z</time>
        <extensions>
          <ns3:TrackPointExtension>
            <ns3:hr>173</ns3:hr>
            <ns3:cad>77</ns3:cad>
          </ns3:TrackPointExtension>
        </extensions>
      </trkpt>
      <trkpt lat="31.96481698192656040191650390625" lon="118.82255547679960727691650390625">
        <ele>9.19999980926513671875</ele>
        <time>2021-07-08T11:54:11.000Z</time>
        <extensions>
          <ns3:TrackPointExtension/>
        </extensions>
      </trkpt>
      <trkpt lat="31.96484179235994815826416015625" lon="118.822563104331493377685546875">
        <ele>9</ele>
        <time>2021-07-08T11:54:12.000Z</time>
        <extensions>
          <ns3:TrackPointExtension/>
        </extensions>
      </trkpt>
      <trkpt lat="31.9648703746497631072998046875" lon="118.82257073186337947845458984375">
        <ele>8.80000019073486328125</ele>
        <time>2021-07-08T11:54:13.000Z</time>
        <extensions>
          <ns3:TrackPointExtension/>
        </extensions>
      </trkpt>
      <trkpt lat="31.96489711292088031768798828125" lon="118.8225783593952655792236328125">
        <ele>8.6000003814697265625</ele>
        <time>2021-07-08T11:54:14.000Z</time>
        <extensions>
          <ns3:TrackPointExtension/>
        </extensions>
      </trkpt>
      <trkpt lat="31.9649256952106952667236328125" lon="118.82258598692715167999267578125">
        <ele>8.3999996185302734375</ele>
        <time>2021-07-08T11:54:15.000Z</time>
        <extensions>
          <ns3:TrackPointExtension>
            <ns3:hr>172</ns3:hr>
            <ns3:cad>77</ns3:cad>
          </ns3:TrackPointExtension>
        </extensions>
      </trkpt>
      <trkpt lat="31.9649562053382396697998046875" lon="118.82259361445903778076171875">
        <ele>8.19999980926513671875</ele>
        <time>2021-07-08T11:54:16.000Z</time>
        <extensions>
          <ns3:TrackPointExtension/>
        </extensions>
      </trkpt>
      <trkpt lat="31.964984871447086334228515625" lon="118.82260124199092388153076171875">
        <ele>8</ele>
        <time>2021-07-08T11:54:17.000Z</time>
        <extensions>
          <ns3:TrackPointExtension/>
        </extensions>
      </trkpt>
      <trkpt lat="31.9650153815746307373046875" lon="118.82260124199092388153076171875">
        <ele>7.80000019073486328125</ele>
        <time>2021-07-08T11:54:18.000Z</time>
        <extensions>
          <ns3:TrackPointExtension/>
        </extensions>
      </trkpt>
      <trkpt lat="31.965045891702175140380859375" lon="118.82260124199092388153076171875">
        <ele>7.599999904632568359375</ele>
        <time>2021-07-08T11:54:19.000Z</time>
        <extensions>
          <ns3:TrackPointExtension/>
        </extensions>
      </trkpt>
      <trkpt lat="31.96507640182971954345703125" lon="118.82260124199092388153076171875">
        <ele>7.400000095367431640625</ele>
        <time>2021-07-08T11:54:20.000Z</time>
        <extensions>
          <ns3:TrackPointExtension>
            <ns3:hr>175</ns3:hr>
            <ns3:cad>77</ns3:cad>
          </ns3:TrackPointExtension>
        </extensions>
      </trkpt>
      <trkpt lat="31.96510883979499340057373046875" lon="118.82260124199092388153076171875">
        <ele>7.19999980926513671875</ele>
        <time>2021-07-08T11:54:21.000Z</time>
        <extensions>
          <ns3:TrackPointExtension/>
        </extensions>
      </trkpt>
      <trkpt lat="31.96513934992253780364990234375" lon="118.82260124199092388153076171875">
        <ele>7</ele>
        <time>2021-07-08T11:54:22.000Z</time>
        <extensions>
          <ns3:TrackPointExtension/>
        </extensions>
      </trkpt>
      <trkpt lat="31.9651717878878116607666015625" lon="118.82260124199092388153076171875">
        <ele>6.599999904632568359375</ele>
        <time>2021-07-08T11:54:23.000Z</time>
        <extensions>
          <ns3:TrackPointExtension/>
        </extensions>
      </trkpt>
      <trkpt lat="31.96520422585308551788330078125" lon="118.82260124199092388153076171875">
        <ele>6.400000095367431640625</ele>
        <time>2021-07-08T11:54:24.000Z</time>
        <extensions>
          <ns3:TrackPointExtension/>
        </extensions>
      </trkpt>
      <trkpt lat="31.96523473598062992095947265625" lon="118.82260124199092388153076171875">
        <ele>6.19999980926513671875</ele>
        <time>2021-07-08T11:54:25.000Z</time>
        <extensions>
          <ns3:TrackPointExtension>
            <ns3:hr>174</ns3:hr>
            <ns3:cad>76</ns3:cad>
          </ns3:TrackPointExtension>
        </extensions>
      </trkpt>
      <trkpt lat="31.96526524610817432403564453125" lon="118.82259361445903778076171875">
        <ele>6</ele>
        <time>2021-07-08T11:54:26.000Z</time>
        <extensions>
          <ns3:TrackPointExtension/>
        </extensions>
      </trkpt>
      <trkpt lat="31.96529575623571872711181640625" lon="118.82260124199092388153076171875">
        <ele>5.80000019073486328125</ele>
        <time>2021-07-08T11:54:27.000Z</time>
        <extensions>
          <ns3:TrackPointExtension/>
        </extensions>
      </trkpt>
      <trkpt lat="31.96532626636326313018798828125" lon="118.82260124199092388153076171875">
        <ele>5.599999904632568359375</ele>
        <time>2021-07-08T11:54:28.000Z</time>
        <extensions>
          <ns3:TrackPointExtension/>
        </extensions>
      </trkpt>
      <trkpt lat="31.9653548486530780792236328125" lon="118.82260124199092388153076171875">
        <ele>5.400000095367431640625</ele>
        <time>2021-07-08T11:54:29.000Z</time>
        <extensions>
          <ns3:TrackPointExtension/>
        </extensions>
      </trkpt>
      <trkpt lat="31.96538351476192474365234375" lon="118.82260124199092388153076171875">
        <ele>5.19999980926513671875</ele>
        <time>2021-07-08T11:54:30.000Z</time>
        <extensions>
          <ns3:TrackPointExtension>
            <ns3:hr>171</ns3:hr>
            <ns3:cad>76</ns3:cad>
          </ns3:TrackPointExtension>
        </extensions>
      </trkpt>
      <trkpt lat="31.96541209705173969268798828125" lon="118.82260124199092388153076171875">
        <ele>5</ele>
        <time>2021-07-08T11:54:31.000Z</time>
        <extensions>
          <ns3:TrackPointExtension/>
        </extensions>
      </trkpt>
      <trkpt lat="31.9654406793415546417236328125" lon="118.8226088695228099822998046875">
        <ele>5.19999980926513671875</ele>
        <time>2021-07-08T11:54:32.000Z</time>
        <extensions>
          <ns3:TrackPointExtension/>
        </extensions>
      </trkpt>
      <trkpt lat="31.96546741761267185211181640625" lon="118.8226088695228099822998046875">
        <ele>5.19999980926513671875</ele>
        <time>2021-07-08T11:54:33.000Z</time>
        <extensions>
          <ns3:TrackPointExtension/>
        </extensions>
      </trkpt>
      <trkpt lat="31.9654941558837890625" lon="118.8226088695228099822998046875">
        <ele>5.400000095367431640625</ele>
        <time>2021-07-08T11:54:34.000Z</time>
        <extensions>
          <ns3:TrackPointExtension/>
        </extensions>
      </trkpt>
      <trkpt lat="31.9655208103358745574951171875" lon="118.82261649705469608306884765625">
        <ele>5.599999904632568359375</ele>
        <time>2021-07-08T11:54:35.000Z</time>
        <extensions>
          <ns3:TrackPointExtension>
            <ns3:hr>170</ns3:hr>
            <ns3:cad>77</ns3:cad>
          </ns3:TrackPointExtension>
        </extensions>
      </trkpt>
      <trkpt lat="31.9655456207692623138427734375" lon="118.822624124586582183837890625">
        <ele>5.599999904632568359375</ele>
        <time>2021-07-08T11:54:36.000Z</time>
        <extensions>
          <ns3:TrackPointExtension/>
        </extensions>
      </trkpt>
      <trkpt lat="31.9655704312026500701904296875" lon="118.822624124586582183837890625">
        <ele>5.80000019073486328125</ele>
        <time>2021-07-08T11:54:37.000Z</time>
        <extensions>
          <ns3:TrackPointExtension/>
        </extensions>
      </trkpt>
      <trkpt lat="31.9655952416360378265380859375" lon="118.8226318359375">
        <ele>5.80000019073486328125</ele>
        <time>2021-07-08T11:54:38.000Z</time>
        <extensions>
          <ns3:TrackPointExtension/>
        </extensions>
      </trkpt>
      <trkpt lat="31.96561812423169612884521484375" lon="118.82263946346938610076904296875">
        <ele>6</ele>
        <time>2021-07-08T11:54:39.000Z</time>
        <extensions>
          <ns3:TrackPointExtension/>
        </extensions>
      </trkpt>
      <trkpt lat="31.9656428508460521697998046875" lon="118.8226470910012722015380859375">
        <ele>6</ele>
        <time>2021-07-08T11:54:40.000Z</time>
        <extensions>
          <ns3:TrackPointExtension>
            <ns3:hr>173</ns3:hr>
            <ns3:cad>77</ns3:cad>
          </ns3:TrackPointExtension>
        </extensions>
      </trkpt>
      <trkpt lat="31.9656658172607421875" lon="118.8226470910012722015380859375">
        <ele>6.19999980926513671875</ele>
        <time>2021-07-08T11:54:41.000Z</time>
        <extensions>
          <ns3:TrackPointExtension/>
        </extensions>
      </trkpt>
      <trkpt lat="31.9656867720186710357666015625" lon="118.82265471853315830230712890625">
        <ele>6.19999980926513671875</ele>
        <time>2021-07-08T11:54:42.000Z</time>
        <extensions>
          <ns3:TrackPointExtension/>
        </extensions>
      </trkpt>
      <trkpt lat="31.96570965461432933807373046875" lon="118.822662346065044403076171875">
        <ele>6.400000095367431640625</ele>
        <time>2021-07-08T11:54:43.000Z</time>
        <extensions>
          <ns3:TrackPointExtension/>
        </extensions>
      </trkpt>
      <trkpt lat="31.96573060937225818634033203125" lon="118.822662346065044403076171875">
        <ele>6.400000095367431640625</ele>
        <time>2021-07-08T11:54:44.000Z</time>
        <extensions>
          <ns3:TrackPointExtension/>
        </extensions>
      </trkpt>
      <trkpt lat="31.9657534919679164886474609375" lon="118.822662346065044403076171875">
        <ele>6.599999904632568359375</ele>
        <time>2021-07-08T11:54:45.000Z</time>
        <extensions>
          <ns3:TrackPointExtension>
            <ns3:hr>174</ns3:hr>
            <ns3:cad>77</ns3:cad>
          </ns3:TrackPointExtension>
        </extensions>
      </trkpt>
      <trkpt lat="31.96577453054487705230712890625" lon="118.82266997359693050384521484375">
        <ele>6.599999904632568359375</ele>
        <time>2021-07-08T11:54:46.000Z</time>
        <extensions>
          <ns3:TrackPointExtension/>
        </extensions>
      </trkpt>
      <trkpt lat="31.9657974131405353546142578125" lon="118.82266997359693050384521484375">
        <ele>6.80000019073486328125</ele>
        <time>2021-07-08T11:54:47.000Z</time>
        <extensions>
          <ns3:TrackPointExtension/>
        </extensions>
      </trkpt>
      <trkpt lat="31.965818367898464202880859375" lon="118.82266997359693050384521484375">
        <ele>7</ele>
        <time>2021-07-08T11:54:48.000Z</time>
        <extensions>
          <ns3:TrackPointExtension/>
        </extensions>
      </trkpt>
      <trkpt lat="31.9658393226563930511474609375" lon="118.822662346065044403076171875">
        <ele>7.19999980926513671875</ele>
        <time>2021-07-08T11:54:49.000Z</time>
        <extensions>
          <ns3:TrackPointExtension/>
        </extensions>
      </trkpt>
      <trkpt lat="31.96585650555789470672607421875" lon="118.822662346065044403076171875">
        <ele>7.19999980926513671875</ele>
        <time>2021-07-08T11:54:50.000Z</time>
        <extensions>
          <ns3:TrackPointExtension>
            <ns3:hr>174</ns3:hr>
            <ns3:cad>77</ns3:cad>
          </ns3:TrackPointExtension>
        </extensions>
      </trkpt>
      <trkpt lat="31.9658698327839374542236328125" lon="118.82265471853315830230712890625">
        <ele>7.400000095367431640625</ele>
        <time>2021-07-08T11:54:51.000Z</time>
        <extensions>
          <ns3:TrackPointExtension/>
        </extensions>
      </trkpt>
      <trkpt lat="31.965879388153553009033203125" lon="118.8226470910012722015380859375">
        <ele>7.400000095367431640625</ele>
        <time>2021-07-08T11:54:52.000Z</time>
        <extensions>
          <ns3:TrackPointExtension/>
        </extensions>
      </trkpt>
      <trkpt lat="31.9658832438290119171142578125" lon="118.82263946346938610076904296875">
        <ele>7.400000095367431640625</ele>
        <time>2021-07-08T11:54:53.000Z</time>
        <extensions>
          <ns3:TrackPointExtension/>
        </extensions>
      </trkpt>
      <trkpt lat="31.96588508784770965576171875" lon="118.8226318359375">
        <ele>7.400000095367431640625</ele>
        <time>2021-07-08T11:54:54.000Z</time>
        <extensions>
          <ns3:TrackPointExtension/>
        </extensions>
      </trkpt>
      <trkpt lat="31.9658832438290119171142578125" lon="118.82261649705469608306884765625">
        <ele>7.400000095367431640625</ele>
        <time>2021-07-08T11:54:55.000Z</time>
        <extensions>
          <ns3:TrackPointExtension>
            <ns3:hr>178</ns3:hr>
            <ns3:cad>76</ns3:cad>
          </ns3:TrackPointExtension>
        </extensions>
      </trkpt>
      <trkpt lat="31.96587746031582355499267578125" lon="118.8226088695228099822998046875">
        <ele>7.400000095367431640625</ele>
        <time>2021-07-08T11:54:56.000Z</time>
        <extensions>
          <ns3:TrackPointExtension/>
        </extensions>
      </trkpt>
      <trkpt lat="31.96586606092751026153564453125" lon="118.82260124199092388153076171875">
        <ele>7.400000095367431640625</ele>
        <time>2021-07-08T11:54:57.000Z</time>
        <extensions>
          <ns3:TrackPointExtension/>
        </extensions>
      </trkpt>
      <trkpt lat="31.96585080586373805999755859375" lon="118.82258598692715167999267578125">
        <ele>7.19999980926513671875</ele>
        <time>2021-07-08T11:54:58.000Z</time>
        <extensions>
          <ns3:TrackPointExtension/>
        </extensions>
      </trkpt>
      <trkpt lat="31.9658336229622364044189453125" lon="118.8225783593952655792236328125">
        <ele>7.19999980926513671875</ele>
        <time>2021-07-08T11:54:59.000Z</time>
        <extensions>
          <ns3:TrackPointExtension/>
        </extensions>
      </trkpt>
      <trkpt lat="31.96581266820430755615234375" lon="118.822563104331493377685546875">
        <ele>7</ele>
        <time>2021-07-08T11:55:00.000Z</time>
        <extensions>
          <ns3:TrackPointExtension>
            <ns3:hr>173</ns3:hr>
            <ns3:cad>76</ns3:cad>
          </ns3:TrackPointExtension>
        </extensions>
      </trkpt>
      <trkpt lat="31.965793557465076446533203125" lon="118.82255547679960727691650390625">
        <ele>7</ele>
        <time>2021-07-08T11:55:01.000Z</time>
        <extensions>
          <ns3:TrackPointExtension/>
        </extensions>
      </trkpt>
      <trkpt lat="31.9657783024013042449951171875" lon="118.82254022173583507537841796875">
        <ele>6.80000019073486328125</ele>
        <time>2021-07-08T11:55:02.000Z</time>
        <extensions>
          <ns3:TrackPointExtension/>
        </extensions>
      </trkpt>
      <trkpt lat="31.965768747031688690185546875" lon="118.822532594203948974609375">
        <ele>6.80000019073486328125</ele>
        <time>2021-07-08T11:55:03.000Z</time>
        <extensions>
          <ns3:TrackPointExtension/>
        </extensions>
      </trkpt>
      <trkpt lat="31.96576111949980258941650390625" lon="118.8225173391401767730712890625">
        <ele>6.80000019073486328125</ele>
        <time>2021-07-08T11:55:04.000Z</time>
        <extensions>
          <ns3:TrackPointExtension/>
        </extensions>
      </trkpt>
      <trkpt lat="31.96575927548110485076904296875" lon="118.82250971160829067230224609375">
        <ele>6.80000019073486328125</ele>
        <time>2021-07-08T11:55:05.000Z</time>
        <extensions>
          <ns3:TrackPointExtension>
            <ns3:hr>171</ns3:hr>
            <ns3:cad>77</ns3:cad>
          </ns3:TrackPointExtension>
        </extensions>
      </trkpt>
      <trkpt lat="31.96576111949980258941650390625" lon="118.822502084076404571533203125">
        <ele>6.80000019073486328125</ele>
        <time>2021-07-08T11:55:06.000Z</time>
        <extensions>
          <ns3:TrackPointExtension/>
        </extensions>
      </trkpt>
      <trkpt lat="31.9657669030129909515380859375" lon="118.822502084076404571533203125">
        <ele>7</ele>
        <time>2021-07-08T11:55:07.000Z</time>
        <extensions>
          <ns3:TrackPointExtension/>
        </extensions>
      </trkpt>
      <trkpt lat="31.96578023023903369903564453125" lon="118.82249445654451847076416015625">
        <ele>7</ele>
        <time>2021-07-08T11:55:08.000Z</time>
        <extensions>
          <ns3:TrackPointExtension/>
        </extensions>
      </trkpt>
      <trkpt lat="31.96579548530280590057373046875" lon="118.82249445654451847076416015625">
        <ele>7.19999980926513671875</ele>
        <time>2021-07-08T11:55:09.000Z</time>
        <extensions>
          <ns3:TrackPointExtension/>
        </extensions>
      </trkpt>
      <trkpt lat="31.96581644006073474884033203125" lon="118.8224868290126323699951171875">
        <ele>7.400000095367431640625</ele>
        <time>2021-07-08T11:55:10.000Z</time>
        <extensions>
          <ns3:TrackPointExtension>
            <ns3:hr>176</ns3:hr>
            <ns3:cad>77</ns3:cad>
          </ns3:TrackPointExtension>
        </extensions>
      </trkpt>
      <trkpt lat="31.9658393226563930511474609375" lon="118.8224868290126323699951171875">
        <ele>7.400000095367431640625</ele>
        <time>2021-07-08T11:55:11.000Z</time>
        <extensions>
          <ns3:TrackPointExtension/>
        </extensions>
      </trkpt>
      <trkpt lat="31.96586606092751026153564453125" lon="118.82249445654451847076416015625">
        <ele>7.599999904632568359375</ele>
        <time>2021-07-08T11:55:12.000Z</time>
        <extensions>
          <ns3:TrackPointExtension/>
        </extensions>
      </trkpt>
      <trkpt lat="31.96589271537959575653076171875" lon="118.82249445654451847076416015625">
        <ele>7.599999904632568359375</ele>
        <time>2021-07-08T11:55:13.000Z</time>
        <extensions>
          <ns3:TrackPointExtension/>
        </extensions>
      </trkpt>
      <trkpt lat="31.96592138148844242095947265625" lon="118.822502084076404571533203125">
        <ele>7.599999904632568359375</ele>
        <time>2021-07-08T11:55:14.000Z</time>
        <extensions>
          <ns3:TrackPointExtension/>
        </extensions>
      </trkpt>
      <trkpt lat="31.96594803594052791595458984375" lon="118.822502084076404571533203125">
        <ele>7.599999904632568359375</ele>
        <time>2021-07-08T11:55:15.000Z</time>
        <extensions>
          <ns3:TrackPointExtension>
            <ns3:hr>175</ns3:hr>
            <ns3:cad>77</ns3:cad>
          </ns3:TrackPointExtension>
        </extensions>
      </trkpt>
      <trkpt lat="31.9659747742116451263427734375" lon="118.822502084076404571533203125">
        <ele>7.599999904632568359375</ele>
        <time>2021-07-08T11:55:16.000Z</time>
        <extensions>
          <ns3:TrackPointExtension/>
        </extensions>
      </trkpt>
      <trkpt lat="31.966001428663730621337890625" lon="118.822502084076404571533203125">
        <ele>7.599999904632568359375</ele>
        <time>2021-07-08T11:55:17.000Z</time>
        <extensions>
          <ns3:TrackPointExtension/>
        </extensions>
      </trkpt>
      <trkpt lat="31.96602816693484783172607421875" lon="118.822502084076404571533203125">
        <ele>7.599999904632568359375</ele>
        <time>2021-07-08T11:55:18.000Z</time>
        <extensions>
          <ns3:TrackPointExtension/>
        </extensions>
      </trkpt>
      <trkpt lat="31.9660549052059650421142578125" lon="118.82249445654451847076416015625">
        <ele>7.599999904632568359375</ele>
        <time>2021-07-08T11:55:19.000Z</time>
        <extensions>
          <ns3:TrackPointExtension/>
        </extensions>
      </trkpt>
      <trkpt lat="31.966081559658050537109375" lon="118.82249445654451847076416015625">
        <ele>7.599999904632568359375</ele>
        <time>2021-07-08T11:55:20.000Z</time>
        <extensions>
          <ns3:TrackPointExtension>
            <ns3:hr>172</ns3:hr>
            <ns3:cad>77</ns3:cad>
          </ns3:TrackPointExtension>
        </extensions>
      </trkpt>
      <trkpt lat="31.96610829792916774749755859375" lon="118.8224868290126323699951171875">
        <ele>7.599999904632568359375</ele>
        <time>2021-07-08T11:55:21.000Z</time>
        <extensions>
          <ns3:TrackPointExtension/>
        </extensions>
      </trkpt>
      <trkpt lat="31.96613310836255550384521484375" lon="118.8224868290126323699951171875">
        <ele>7.599999904632568359375</ele>
        <time>2021-07-08T11:55:22.000Z</time>
        <extensions>
          <ns3:TrackPointExtension/>
        </extensions>
      </trkpt>
      <trkpt lat="31.96615976281464099884033203125" lon="118.82247920148074626922607421875">
        <ele>7.599999904632568359375</ele>
        <time>2021-07-08T11:55:23.000Z</time>
        <extensions>
          <ns3:TrackPointExtension/>
        </extensions>
      </trkpt>
      <trkpt lat="31.966186501085758209228515625" lon="118.82247157394886016845703125">
        <ele>7.599999904632568359375</ele>
        <time>2021-07-08T11:55:24.000Z</time>
        <extensions>
          <ns3:TrackPointExtension/>
        </extensions>
      </trkpt>
      <trkpt lat="31.9662131555378437042236328125" lon="118.82247157394886016845703125">
        <ele>7.599999904632568359375</ele>
        <time>2021-07-08T11:55:25.000Z</time>
        <extensions>
          <ns3:TrackPointExtension>
            <ns3:hr>173</ns3:hr>
            <ns3:cad>77</ns3:cad>
          </ns3:TrackPointExtension>
        </extensions>
      </trkpt>
      <trkpt lat="31.96624182164669036865234375" lon="118.82246394641697406768798828125">
        <ele>7.599999904632568359375</ele>
        <time>2021-07-08T11:55:26.000Z</time>
        <extensions>
          <ns3:TrackPointExtension/>
        </extensions>
      </trkpt>
      <trkpt lat="31.96627040393650531768798828125" lon="118.82246394641697406768798828125">
        <ele>7.599999904632568359375</ele>
        <time>2021-07-08T11:55:27.000Z</time>
        <extensions>
          <ns3:TrackPointExtension/>
        </extensions>
      </trkpt>
      <trkpt lat="31.9662989862263202667236328125" lon="118.82246394641697406768798828125">
        <ele>7.599999904632568359375</ele>
        <time>2021-07-08T11:55:28.000Z</time>
        <extensions>
          <ns3:TrackPointExtension/>
        </extensions>
      </trkpt>
      <trkpt lat="31.96632765233516693115234375" lon="118.82246394641697406768798828125">
        <ele>7.599999904632568359375</ele>
        <time>2021-07-08T11:55:29.000Z</time>
        <extensions>
          <ns3:TrackPointExtension/>
        </extensions>
      </trkpt>
      <trkpt lat="31.966358162462711334228515625" lon="118.82246394641697406768798828125">
        <ele>7.599999904632568359375</ele>
        <time>2021-07-08T11:55:30.000Z</time>
        <extensions>
          <ns3:TrackPointExtension>
            <ns3:hr>176</ns3:hr>
            <ns3:cad>77</ns3:cad>
          </ns3:TrackPointExtension>
        </extensions>
      </trkpt>
      <trkpt lat="31.96639060042798519134521484375" lon="118.82247157394886016845703125">
        <ele>7.599999904632568359375</ele>
        <time>2021-07-08T11:55:31.000Z</time>
        <extensions>
          <ns3:TrackPointExtension/>
        </extensions>
      </trkpt>
      <trkpt lat="31.966419182717800140380859375" lon="118.82247157394886016845703125">
        <ele>7.599999904632568359375</ele>
        <time>2021-07-08T11:55:32.000Z</time>
        <extensions>
          <ns3:TrackPointExtension/>
        </extensions>
      </trkpt>
      <trkpt lat="31.96644592098891735076904296875" lon="118.82247157394886016845703125">
        <ele>7.400000095367431640625</ele>
        <time>2021-07-08T11:55:33.000Z</time>
        <extensions>
          <ns3:TrackPointExtension/>
        </extensions>
      </trkpt>
      <trkpt lat="31.9664745032787322998046875" lon="118.82246394641697406768798828125">
        <ele>7.19999980926513671875</ele>
        <time>2021-07-08T11:55:34.000Z</time>
        <extensions>
          <ns3:TrackPointExtension/>
        </extensions>
      </trkpt>
      <trkpt lat="31.96656796149909496307373046875" lon="118.82234953343868255615234375">
        <ele>6</ele>
        <time>2021-07-08T11:55:44.000Z</time>
        <extensions>
          <ns3:TrackPointExtension/>
        </extensions>
      </trkpt>
      <trkpt lat="31.96658891625702381134033203125" lon="118.8223342783749103546142578125">
        <ele>5.80000019073486328125</ele>
        <time>2021-07-08T11:55:45.000Z</time>
        <extensions>
          <ns3:TrackPointExtension>
            <ns3:hr>171</ns3:hr>
            <ns3:cad>77</ns3:cad>
          </ns3:TrackPointExtension>
        </extensions>
      </trkpt>
      <trkpt lat="31.966615654528141021728515625" lon="118.822319023311138153076171875">
        <ele>5.599999904632568359375</ele>
        <time>2021-07-08T11:55:46.000Z</time>
        <extensions>
          <ns3:TrackPointExtension/>
        </extensions>
      </trkpt>
      <trkpt lat="31.9666461646556854248046875" lon="118.82229614071547985076904296875">
        <ele>5.400000095367431640625</ele>
        <time>2021-07-08T11:55:47.000Z</time>
        <extensions>
          <ns3:TrackPointExtension/>
        </extensions>
      </trkpt>
      <trkpt lat="31.96667860262095928192138671875" lon="118.822280801832675933837890625">
        <ele>5.19999980926513671875</ele>
        <time>2021-07-08T11:55:48.000Z</time>
        <extensions>
          <ns3:TrackPointExtension/>
        </extensions>
      </trkpt>
      <trkpt lat="31.96671866811811923980712890625" lon="118.82227317430078983306884765625">
        <ele>5</ele>
        <time>2021-07-08T11:55:49.000Z</time>
        <extensions>
          <ns3:TrackPointExtension/>
        </extensions>
      </trkpt>
      <trkpt lat="31.96675102226436138153076171875" lon="118.82225791923701763153076171875">
        <ele>4.80000019073486328125</ele>
        <time>2021-07-08T11:55:50.000Z</time>
        <extensions>
          <ns3:TrackPointExtension>
            <ns3:hr>171</ns3:hr>
            <ns3:cad>77</ns3:cad>
          </ns3:TrackPointExtension>
        </extensions>
      </trkpt>
      <trkpt lat="31.9667834602296352386474609375" lon="118.82225029170513153076171875">
        <ele>5</ele>
        <time>2021-07-08T11:55:51.000Z</time>
        <extensions>
          <ns3:TrackPointExtension/>
        </extensions>
      </trkpt>
      <trkpt lat="31.96681589819490909576416015625" lon="118.8222350366413593292236328125">
        <ele>5</ele>
        <time>2021-07-08T11:55:52.000Z</time>
        <extensions>
          <ns3:TrackPointExtension/>
        </extensions>
      </trkpt>
      <trkpt lat="31.96684640832245349884033203125" lon="118.82222740910947322845458984375">
        <ele>5</ele>
        <time>2021-07-08T11:55:53.000Z</time>
        <extensions>
          <ns3:TrackPointExtension/>
        </extensions>
      </trkpt>
      <trkpt lat="31.96687884628772735595703125" lon="118.82221215404570102691650390625">
        <ele>5</ele>
        <time>2021-07-08T11:55:54.000Z</time>
        <extensions>
          <ns3:TrackPointExtension/>
        </extensions>
      </trkpt>
      <trkpt lat="31.96691128425300121307373046875" lon="118.8222045265138149261474609375">
        <ele>5</ele>
        <time>2021-07-08T11:55:55.000Z</time>
        <extensions>
          <ns3:TrackPointExtension>
            <ns3:hr>174</ns3:hr>
            <ns3:cad>76</ns3:cad>
          </ns3:TrackPointExtension>
        </extensions>
      </trkpt>
      <trkpt lat="31.966939866542816162109375" lon="118.82219689898192882537841796875">
        <ele>5</ele>
        <time>2021-07-08T11:55:56.000Z</time>
        <extensions>
          <ns3:TrackPointExtension/>
        </extensions>
      </trkpt>
      <trkpt lat="31.9669685326516628265380859375" lon="118.82219689898192882537841796875">
        <ele>5</ele>
        <time>2021-07-08T11:55:57.000Z</time>
        <extensions>
          <ns3:TrackPointExtension/>
        </extensions>
      </trkpt>
      <trkpt lat="31.96699711494147777557373046875" lon="118.822189271450042724609375">
        <ele>5.400000095367431640625</ele>
        <time>2021-07-08T11:55:58.000Z</time>
        <extensions>
          <ns3:TrackPointExtension/>
        </extensions>
      </trkpt>
      <trkpt lat="31.96702376939356327056884765625" lon="118.822189271450042724609375">
        <ele>5.599999904632568359375</ele>
        <time>2021-07-08T11:55:59.000Z</time>
        <extensions>
          <ns3:TrackPointExtension/>
        </extensions>
      </trkpt>
      <trkpt lat="31.96705050766468048095703125" lon="118.82218164391815662384033203125">
        <ele>5.80000019073486328125</ele>
        <time>2021-07-08T11:56:00.000Z</time>
        <extensions>
          <ns3:TrackPointExtension>
            <ns3:hr>173</ns3:hr>
            <ns3:cad>77</ns3:cad>
          </ns3:TrackPointExtension>
        </extensions>
      </trkpt>
      <trkpt lat="31.96707724593579769134521484375" lon="118.82218164391815662384033203125">
        <ele>6</ele>
        <time>2021-07-08T11:56:01.000Z</time>
        <extensions>
          <ns3:TrackPointExtension/>
        </extensions>
      </trkpt>
      <trkpt lat="31.96710390038788318634033203125" lon="118.82218164391815662384033203125">
        <ele>6</ele>
        <time>2021-07-08T11:56:02.000Z</time>
        <extensions>
          <ns3:TrackPointExtension/>
        </extensions>
      </trkpt>
      <trkpt lat="31.96712871082127094268798828125" lon="118.82218164391815662384033203125">
        <ele>6.19999980926513671875</ele>
        <time>2021-07-08T11:56:03.000Z</time>
        <extensions>
          <ns3:TrackPointExtension/>
        </extensions>
      </trkpt>
      <trkpt lat="31.96715352125465869903564453125" lon="118.82218164391815662384033203125">
        <ele>6.19999980926513671875</ele>
        <time>2021-07-08T11:56:04.000Z</time>
        <extensions>
          <ns3:TrackPointExtension/>
        </extensions>
      </trkpt>
      <trkpt lat="31.96718017570674419403076171875" lon="118.8221740163862705230712890625">
        <ele>6.400000095367431640625</ele>
        <time>2021-07-08T11:56:05.000Z</time>
        <extensions>
          <ns3:TrackPointExtension>
            <ns3:hr>170</ns3:hr>
            <ns3:cad>77</ns3:cad>
          </ns3:TrackPointExtension>
        </extensions>
      </trkpt>
      <trkpt lat="31.967203058302402496337890625" lon="118.8221740163862705230712890625">
        <ele>6.400000095367431640625</ele>
        <time>2021-07-08T11:56:06.000Z</time>
        <extensions>
          <ns3:TrackPointExtension/>
        </extensions>
      </trkpt>
      <trkpt lat="31.9672260247170925140380859375" lon="118.8221740163862705230712890625">
        <ele>6.400000095367431640625</ele>
        <time>2021-07-08T11:56:07.000Z</time>
        <extensions>
          <ns3:TrackPointExtension/>
        </extensions>
      </trkpt>
      <trkpt lat="31.96725075133144855499267578125" lon="118.8221740163862705230712890625">
        <ele>6.400000095367431640625</ele>
        <time>2021-07-08T11:56:08.000Z</time>
        <extensions>
          <ns3:TrackPointExtension/>
        </extensions>
      </trkpt>
      <trkpt lat="31.96727178990840911865234375" lon="118.8221740163862705230712890625">
        <ele>6.400000095367431640625</ele>
        <time>2021-07-08T11:56:09.000Z</time>
        <extensions>
          <ns3:TrackPointExtension/>
        </extensions>
      </trkpt>
      <trkpt lat="31.96729467250406742095947265625" lon="118.82216638885438442230224609375">
        <ele>6.599999904632568359375</ele>
        <time>2021-07-08T11:56:10.000Z</time>
        <extensions>
          <ns3:TrackPointExtension>
            <ns3:hr>169</ns3:hr>
            <ns3:cad>77</ns3:cad>
          </ns3:TrackPointExtension>
        </extensions>
      </trkpt>
      <trkpt lat="31.96731562726199626922607421875" lon="118.82216638885438442230224609375">
        <ele>6.599999904632568359375</ele>
        <time>2021-07-08T11:56:11.000Z</time>
        <extensions>
          <ns3:TrackPointExtension/>
        </extensions>
      </trkpt>
      <trkpt lat="31.967338509857654571533203125" lon="118.82216638885438442230224609375">
        <ele>6.599999904632568359375</ele>
        <time>2021-07-08T11:56:12.000Z</time>
        <extensions>
          <ns3:TrackPointExtension/>
        </extensions>
      </trkpt>
      <trkpt lat="31.9673594646155834197998046875" lon="118.82216638885438442230224609375">
        <ele>6.599999904632568359375</ele>
        <time>2021-07-08T11:56:13.000Z</time>
        <extensions>
          <ns3:TrackPointExtension/>
        </extensions>
      </trkpt>
      <trkpt lat="31.9673785753548145294189453125" lon="118.82216638885438442230224609375">
        <ele>6.599999904632568359375</ele>
        <time>2021-07-08T11:56:14.000Z</time>
        <extensions>
          <ns3:TrackPointExtension/>
        </extensions>
      </trkpt>
      <trkpt lat="31.967399530112743377685546875" lon="118.82216638885438442230224609375">
        <ele>6.599999904632568359375</ele>
        <time>2021-07-08T11:56:15.000Z</time>
        <extensions>
          <ns3:TrackPointExtension>
            <ns3:hr>168</ns3:hr>
            <ns3:cad>77</ns3:cad>
          </ns3:TrackPointExtension>
        </extensions>
      </trkpt>
      <trkpt lat="31.9674147851765155792236328125" lon="118.8221740163862705230712890625">
        <ele>6.80000019073486328125</ele>
        <time>2021-07-08T11:56:16.000Z</time>
        <extensions>
          <ns3:TrackPointExtension/>
        </extensions>
      </trkpt>
      <trkpt lat="31.96743004024028778076171875" lon="118.8221740163862705230712890625">
        <ele>6.80000019073486328125</ele>
        <time>2021-07-08T11:56:17.000Z</time>
        <extensions>
          <ns3:TrackPointExtension/>
        </extensions>
      </trkpt>
      <trkpt lat="31.9674395956099033355712890625" lon="118.82218164391815662384033203125">
        <ele>6.80000019073486328125</ele>
        <time>2021-07-08T11:56:18.000Z</time>
        <extensions>
          <ns3:TrackPointExtension/>
        </extensions>
      </trkpt>
      <trkpt lat="31.96744722314178943634033203125" lon="118.822189271450042724609375">
        <ele>6.80000019073486328125</ele>
        <time>2021-07-08T11:56:19.000Z</time>
        <extensions>
          <ns3:TrackPointExtension/>
        </extensions>
      </trkpt>
      <trkpt lat="31.967449150979518890380859375" lon="118.82219689898192882537841796875">
        <ele>6.80000019073486328125</ele>
        <time>2021-07-08T11:56:20.000Z</time>
        <extensions>
          <ns3:TrackPointExtension>
            <ns3:hr>168</ns3:hr>
            <ns3:cad>76</ns3:cad>
          </ns3:TrackPointExtension>
        </extensions>
      </trkpt>
      <trkpt lat="31.96744722314178943634033203125" lon="118.8222045265138149261474609375">
        <ele>6.80000019073486328125</ele>
        <time>2021-07-08T11:56:21.000Z</time>
        <extensions>
          <ns3:TrackPointExtension/>
        </extensions>
      </trkpt>
      <trkpt lat="31.96744152344763278961181640625" lon="118.82221215404570102691650390625">
        <ele>6.599999904632568359375</ele>
        <time>2021-07-08T11:56:22.000Z</time>
        <extensions>
          <ns3:TrackPointExtension/>
        </extensions>
      </trkpt>
      <trkpt lat="31.96743196807801723480224609375" lon="118.822219781577587127685546875">
        <ele>6.599999904632568359375</ele>
        <time>2021-07-08T11:56:23.000Z</time>
        <extensions>
          <ns3:TrackPointExtension/>
        </extensions>
      </trkpt>
      <trkpt lat="31.9674186408519744873046875" lon="118.82222740910947322845458984375">
        <ele>6.599999904632568359375</ele>
        <time>2021-07-08T11:56:24.000Z</time>
        <extensions>
          <ns3:TrackPointExtension/>
        </extensions>
      </trkpt>
      <trkpt lat="31.967399530112743377685546875" lon="118.8222350366413593292236328125">
        <ele>6.400000095367431640625</ele>
        <time>2021-07-08T11:56:25.000Z</time>
        <extensions>
          <ns3:TrackPointExtension>
            <ns3:hr>169</ns3:hr>
            <ns3:cad>77</ns3:cad>
          </ns3:TrackPointExtension>
        </extensions>
      </trkpt>
      <trkpt lat="31.9673785753548145294189453125" lon="118.82225029170513153076171875">
        <ele>6.400000095367431640625</ele>
        <time>2021-07-08T11:56:26.000Z</time>
        <extensions>
          <ns3:TrackPointExtension/>
        </extensions>
      </trkpt>
      <trkpt lat="31.96735569275915622711181640625" lon="118.82225791923701763153076171875">
        <ele>6.19999980926513671875</ele>
        <time>2021-07-08T11:56:27.000Z</time>
        <extensions>
          <ns3:TrackPointExtension/>
        </extensions>
      </trkpt>
      <trkpt lat="31.9673328101634979248046875" lon="118.8222655467689037322998046875">
        <ele>6.19999980926513671875</ele>
        <time>2021-07-08T11:56:28.000Z</time>
        <extensions>
          <ns3:TrackPointExtension/>
        </extensions>
      </trkpt>
      <trkpt lat="31.96730799973011016845703125" lon="118.82227317430078983306884765625">
        <ele>6.19999980926513671875</ele>
        <time>2021-07-08T11:56:29.000Z</time>
        <extensions>
          <ns3:TrackPointExtension/>
        </extensions>
      </trkpt>
      <trkpt lat="31.967283189296722412109375" lon="118.822280801832675933837890625">
        <ele>6</ele>
        <time>2021-07-08T11:56:30.000Z</time>
        <extensions>
          <ns3:TrackPointExtension>
            <ns3:hr>171</ns3:hr>
            <ns3:cad>76</ns3:cad>
          </ns3:TrackPointExtension>
        </extensions>
      </trkpt>
      <trkpt lat="31.96726030670106410980224609375" lon="118.82228851318359375">
        <ele>5.80000019073486328125</ele>
        <time>2021-07-08T11:56:31.000Z</time>
        <extensions>
          <ns3:TrackPointExtension/>
        </extensions>
      </trkpt>
      <trkpt lat="31.96723935194313526153564453125" lon="118.82229614071547985076904296875">
        <ele>5.80000019073486328125</ele>
        <time>2021-07-08T11:56:32.000Z</time>
        <extensions>
          <ns3:TrackPointExtension/>
        </extensions>
      </trkpt>
      <trkpt lat="31.96722024120390415191650390625" lon="118.82231139577925205230712890625">
        <ele>5.599999904632568359375</ele>
        <time>2021-07-08T11:56:33.000Z</time>
        <extensions>
          <ns3:TrackPointExtension/>
        </extensions>
      </trkpt>
      <trkpt lat="31.9672069139778614044189453125" lon="118.82232665084302425384521484375">
        <ele>5.400000095367431640625</ele>
        <time>2021-07-08T11:56:34.000Z</time>
        <extensions>
          <ns3:TrackPointExtension/>
        </extensions>
      </trkpt>
      <trkpt lat="31.967197358608245849609375" lon="118.82234190590679645538330078125">
        <ele>5.19999980926513671875</ele>
        <time>2021-07-08T11:56:35.000Z</time>
        <extensions>
          <ns3:TrackPointExtension>
            <ns3:hr>174</ns3:hr>
            <ns3:cad>76</ns3:cad>
          </ns3:TrackPointExtension>
        </extensions>
      </trkpt>
      <trkpt lat="31.967191658914089202880859375" lon="118.82235716097056865692138671875">
        <ele>5</ele>
        <time>2021-07-08T11:56:36.000Z</time>
        <extensions>
          <ns3:TrackPointExtension/>
        </extensions>
      </trkpt>
      <trkpt lat="31.96718973107635974884033203125" lon="118.8223647885024547576904296875">
        <ele>5</ele>
        <time>2021-07-08T11:56:37.000Z</time>
        <extensions>
          <ns3:TrackPointExtension/>
        </extensions>
      </trkpt>
      <trkpt lat="31.96719543077051639556884765625" lon="118.82237241603434085845947265625">
        <ele>5</ele>
        <time>2021-07-08T11:56:38.000Z</time>
        <extensions>
          <ns3:TrackPointExtension/>
        </extensions>
      </trkpt>
      <trkpt lat="31.967203058302402496337890625" lon="118.82238767109811305999755859375">
        <ele>5</ele>
        <time>2021-07-08T11:56:39.000Z</time>
        <extensions>
          <ns3:TrackPointExtension/>
        </extensions>
      </trkpt>
      <trkpt lat="31.96721454150974750518798828125" lon="118.82238767109811305999755859375">
        <ele>5</ele>
        <time>2021-07-08T11:56:40.000Z</time>
        <extensions>
          <ns3:TrackPointExtension>
            <ns3:hr>173</ns3:hr>
            <ns3:cad>76</ns3:cad>
          </ns3:TrackPointExtension>
        </extensions>
      </trkpt>
      <trkpt lat="31.9672317244112491607666015625" lon="118.8223952986299991607666015625">
        <ele>5</ele>
        <time>2021-07-08T11:56:41.000Z</time>
        <extensions>
          <ns3:TrackPointExtension/>
        </extensions>
      </trkpt>
      <trkpt lat="31.967252679169178009033203125" lon="118.8223952986299991607666015625">
        <ele>5</ele>
        <time>2021-07-08T11:56:42.000Z</time>
        <extensions>
          <ns3:TrackPointExtension/>
        </extensions>
      </trkpt>
      <trkpt lat="31.96727556176483631134033203125" lon="118.8223952986299991607666015625">
        <ele>5.19999980926513671875</ele>
        <time>2021-07-08T11:56:43.000Z</time>
        <extensions>
          <ns3:TrackPointExtension/>
        </extensions>
      </trkpt>
      <trkpt lat="31.96730037219822406768798828125" lon="118.8223952986299991607666015625">
        <ele>5.19999980926513671875</ele>
        <time>2021-07-08T11:56:44.000Z</time>
        <extensions>
          <ns3:TrackPointExtension/>
        </extensions>
      </trkpt>
      <trkpt lat="31.9673232547938823699951171875" lon="118.82238767109811305999755859375">
        <ele>5.400000095367431640625</ele>
        <time>2021-07-08T11:56:45.000Z</time>
        <extensions>
          <ns3:TrackPointExtension>
            <ns3:hr>171</ns3:hr>
            <ns3:cad>77</ns3:cad>
          </ns3:TrackPointExtension>
        </extensions>
      </trkpt>
      <trkpt lat="31.9673480652272701263427734375" lon="118.822380043566226959228515625">
        <ele>5.400000095367431640625</ele>
        <time>2021-07-08T11:56:46.000Z</time>
        <extensions>
          <ns3:TrackPointExtension/>
        </extensions>
      </trkpt>
      <trkpt lat="31.967374719679355621337890625" lon="118.82237241603434085845947265625">
        <ele>5.80000019073486328125</ele>
        <time>2021-07-08T11:56:47.000Z</time>
        <extensions>
          <ns3:TrackPointExtension/>
        </extensions>
      </trkpt>
      <trkpt lat="31.967399530112743377685546875" lon="118.82237241603434085845947265625">
        <ele>6</ele>
        <time>2021-07-08T11:56:48.000Z</time>
        <extensions>
          <ns3:TrackPointExtension/>
        </extensions>
      </trkpt>
      <trkpt lat="31.96742626838386058807373046875" lon="118.8223647885024547576904296875">
        <ele>6</ele>
        <time>2021-07-08T11:56:49.000Z</time>
        <extensions>
          <ns3:TrackPointExtension/>
        </extensions>
      </trkpt>
      <trkpt lat="31.96745107881724834442138671875" lon="118.82235716097056865692138671875">
        <ele>6.19999980926513671875</ele>
        <time>2021-07-08T11:56:50.000Z</time>
        <extensions>
          <ns3:TrackPointExtension>
            <ns3:hr>173</ns3:hr>
            <ns3:cad>77</ns3:cad>
          </ns3:TrackPointExtension>
        </extensions>
      </trkpt>
      <trkpt lat="31.96747588925063610076904296875" lon="118.82234953343868255615234375">
        <ele>6.400000095367431640625</ele>
        <time>2021-07-08T11:56:51.000Z</time>
        <extensions>
          <ns3:TrackPointExtension/>
        </extensions>
      </trkpt>
      <trkpt lat="31.96750254370272159576416015625" lon="118.82234190590679645538330078125">
        <ele>6.400000095367431640625</ele>
        <time>2021-07-08T11:56:52.000Z</time>
        <extensions>
          <ns3:TrackPointExtension/>
        </extensions>
      </trkpt>
      <trkpt lat="31.9675254262983798980712890625" lon="118.8223342783749103546142578125">
        <ele>6.599999904632568359375</ele>
        <time>2021-07-08T11:56:53.000Z</time>
        <extensions>
          <ns3:TrackPointExtension/>
        </extensions>
      </trkpt>
      <trkpt lat="31.9675502367317676544189453125" lon="118.82232665084302425384521484375">
        <ele>6.599999904632568359375</ele>
        <time>2021-07-08T11:56:54.000Z</time>
        <extensions>
          <ns3:TrackPointExtension/>
        </extensions>
      </trkpt>
      <trkpt lat="31.96757311932742595672607421875" lon="118.82232665084302425384521484375">
        <ele>6.80000019073486328125</ele>
        <time>2021-07-08T11:56:55.000Z</time>
        <extensions>
          <ns3:TrackPointExtension>
            <ns3:hr>176</ns3:hr>
            <ns3:cad>77</ns3:cad>
          </ns3:TrackPointExtension>
        </extensions>
      </trkpt>
      <trkpt lat="31.967596001923084259033203125" lon="118.822319023311138153076171875">
        <ele>6.80000019073486328125</ele>
        <time>2021-07-08T11:56:56.000Z</time>
        <extensions>
          <ns3:TrackPointExtension/>
        </extensions>
      </trkpt>
      <trkpt lat="31.96761888451874256134033203125" lon="118.822319023311138153076171875">
        <ele>7</ele>
        <time>2021-07-08T11:56:57.000Z</time>
        <extensions>
          <ns3:TrackPointExtension/>
        </extensions>
      </trkpt>
      <trkpt lat="31.9676417671144008636474609375" lon="118.822319023311138153076171875">
        <ele>7</ele>
        <time>2021-07-08T11:56:58.000Z</time>
        <extensions>
          <ns3:TrackPointExtension/>
        </extensions>
      </trkpt>
      <trkpt lat="31.96766280569136142730712890625" lon="118.82231139577925205230712890625">
        <ele>7</ele>
        <time>2021-07-08T11:56:59.000Z</time>
        <extensions>
          <ns3:TrackPointExtension/>
        </extensions>
      </trkpt>
      <trkpt lat="31.9676856882870197296142578125" lon="118.82231139577925205230712890625">
        <ele>7</ele>
        <time>2021-07-08T11:57:00.000Z</time>
        <extensions>
          <ns3:TrackPointExtension>
            <ns3:hr>178</ns3:hr>
            <ns3:cad>77</ns3:cad>
          </ns3:TrackPointExtension>
        </extensions>
      </trkpt>
      <trkpt lat="31.96770857088267803192138671875" lon="118.82231139577925205230712890625">
        <ele>7</ele>
        <time>2021-07-08T11:57:01.000Z</time>
        <extensions>
          <ns3:TrackPointExtension/>
        </extensions>
      </trkpt>
      <trkpt lat="31.967731453478336334228515625" lon="118.82231139577925205230712890625">
        <ele>7</ele>
        <time>2021-07-08T11:57:02.000Z</time>
        <extensions>
          <ns3:TrackPointExtension/>
        </extensions>
      </trkpt>
      <trkpt lat="31.9677524082362651824951171875" lon="118.82231139577925205230712890625">
        <ele>7</ele>
        <time>2021-07-08T11:57:03.000Z</time>
        <extensions>
          <ns3:TrackPointExtension/>
        </extensions>
      </trkpt>
      <trkpt lat="31.9677772186696529388427734375" lon="118.82231139577925205230712890625">
        <ele>7</ele>
        <time>2021-07-08T11:57:04.000Z</time>
        <extensions>
          <ns3:TrackPointExtension/>
        </extensions>
      </trkpt>
      <trkpt lat="31.96780010126531124114990234375" lon="118.82231139577925205230712890625">
        <ele>7</ele>
        <time>2021-07-08T11:57:05.000Z</time>
        <extensions>
          <ns3:TrackPointExtension>
            <ns3:hr>177</ns3:hr>
            <ns3:cad>77</ns3:cad>
          </ns3:TrackPointExtension>
        </extensions>
      </trkpt>
      <trkpt lat="31.96782491169869899749755859375" lon="118.82231139577925205230712890625">
        <ele>7</ele>
        <time>2021-07-08T11:57:06.000Z</time>
        <extensions>
          <ns3:TrackPointExtension/>
        </extensions>
      </trkpt>
      <trkpt lat="31.96784972213208675384521484375" lon="118.82231139577925205230712890625">
        <ele>7</ele>
        <time>2021-07-08T11:57:07.000Z</time>
        <extensions>
          <ns3:TrackPointExtension/>
        </extensions>
      </trkpt>
      <trkpt lat="31.9678744487464427947998046875" lon="118.8223037682473659515380859375">
        <ele>7</ele>
        <time>2021-07-08T11:57:08.000Z</time>
        <extensions>
          <ns3:TrackPointExtension/>
        </extensions>
      </trkpt>
      <trkpt lat="31.9678992591798305511474609375" lon="118.8223037682473659515380859375">
        <ele>7</ele>
        <time>2021-07-08T11:57:09.000Z</time>
        <extensions>
          <ns3:TrackPointExtension/>
        </extensions>
      </trkpt>
      <trkpt lat="31.9679240696132183074951171875" lon="118.8223037682473659515380859375">
        <ele>6.80000019073486328125</ele>
        <time>2021-07-08T11:57:10.000Z</time>
        <extensions>
          <ns3:TrackPointExtension>
            <ns3:hr>176</ns3:hr>
            <ns3:cad>77</ns3:cad>
          </ns3:TrackPointExtension>
        </extensions>
      </trkpt>
      <trkpt lat="31.96795080788433551788330078125" lon="118.8223037682473659515380859375">
        <ele>6.599999904632568359375</ele>
        <time>2021-07-08T11:57:11.000Z</time>
        <extensions>
          <ns3:TrackPointExtension/>
        </extensions>
      </trkpt>
      <trkpt lat="31.967975534498691558837890625" lon="118.82229614071547985076904296875">
        <ele>6.400000095367431640625</ele>
        <time>2021-07-08T11:57:12.000Z</time>
        <extensions>
          <ns3:TrackPointExtension/>
        </extensions>
      </trkpt>
      <trkpt lat="31.968000344932079315185546875" lon="118.82229614071547985076904296875">
        <ele>6.19999980926513671875</ele>
        <time>2021-07-08T11:57:13.000Z</time>
        <extensions>
          <ns3:TrackPointExtension/>
        </extensions>
      </trkpt>
      <trkpt lat="31.968025155365467071533203125" lon="118.82229614071547985076904296875">
        <ele>6</ele>
        <time>2021-07-08T11:57:14.000Z</time>
        <extensions>
          <ns3:TrackPointExtension/>
        </extensions>
      </trkpt>
      <trkpt lat="31.96805189363658428192138671875" lon="118.82229614071547985076904296875">
        <ele>6</ele>
        <time>2021-07-08T11:57:15.000Z</time>
        <extensions>
          <ns3:TrackPointExtension>
            <ns3:hr>175</ns3:hr>
            <ns3:cad>77</ns3:cad>
          </ns3:TrackPointExtension>
        </extensions>
      </trkpt>
      <trkpt lat="31.96807670406997203826904296875" lon="118.82229614071547985076904296875">
        <ele>5.80000019073486328125</ele>
        <time>2021-07-08T11:57:16.000Z</time>
        <extensions>
          <ns3:TrackPointExtension/>
        </extensions>
      </trkpt>
      <trkpt lat="31.96810335852205753326416015625" lon="118.82229614071547985076904296875">
        <ele>5.599999904632568359375</ele>
        <time>2021-07-08T11:57:17.000Z</time>
        <extensions>
          <ns3:TrackPointExtension/>
        </extensions>
      </trkpt>
      <trkpt lat="31.96812816895544528961181640625" lon="118.82229614071547985076904296875">
        <ele>5.400000095367431640625</ele>
        <time>2021-07-08T11:57:18.000Z</time>
        <extensions>
          <ns3:TrackPointExtension/>
        </extensions>
      </trkpt>
      <trkpt lat="31.9681549072265625" lon="118.82229614071547985076904296875">
        <ele>5.19999980926513671875</ele>
        <time>2021-07-08T11:57:19.000Z</time>
        <extensions>
          <ns3:TrackPointExtension/>
        </extensions>
      </trkpt>
      <trkpt lat="31.9681815616786479949951171875" lon="118.82229614071547985076904296875">
        <ele>5</ele>
        <time>2021-07-08T11:57:20.000Z</time>
        <extensions>
          <ns3:TrackPointExtension>
            <ns3:hr>176</ns3:hr>
            <ns3:cad>77</ns3:cad>
          </ns3:TrackPointExtension>
        </extensions>
      </trkpt>
      <trkpt lat="31.96820829994976520538330078125" lon="118.82229614071547985076904296875">
        <ele>5</ele>
        <time>2021-07-08T11:57:21.000Z</time>
        <extensions>
          <ns3:TrackPointExtension/>
        </extensions>
      </trkpt>
      <trkpt lat="31.968233026564121246337890625" lon="118.8223037682473659515380859375">
        <ele>5</ele>
        <time>2021-07-08T11:57:22.000Z</time>
        <extensions>
          <ns3:TrackPointExtension/>
        </extensions>
      </trkpt>
      <trkpt lat="31.9682616926729679107666015625" lon="118.8223037682473659515380859375">
        <ele>5</ele>
        <time>2021-07-08T11:57:23.000Z</time>
        <extensions>
          <ns3:TrackPointExtension/>
        </extensions>
      </trkpt>
      <trkpt lat="31.96828834712505340576171875" lon="118.8223037682473659515380859375">
        <ele>5</ele>
        <time>2021-07-08T11:57:24.000Z</time>
        <extensions>
          <ns3:TrackPointExtension/>
        </extensions>
      </trkpt>
      <trkpt lat="31.968313157558441162109375" lon="118.8223037682473659515380859375">
        <ele>5</ele>
        <time>2021-07-08T11:57:25.000Z</time>
        <extensions>
          <ns3:TrackPointExtension>
            <ns3:hr>177</ns3:hr>
            <ns3:cad>77</ns3:cad>
          </ns3:TrackPointExtension>
        </extensions>
      </trkpt>
      <trkpt lat="31.96833989582955837249755859375" lon="118.8223037682473659515380859375">
        <ele>5</ele>
        <time>2021-07-08T11:57:26.000Z</time>
        <extensions>
          <ns3:TrackPointExtension/>
        </extensions>
      </trkpt>
      <trkpt lat="31.96836655028164386749267578125" lon="118.82231139577925205230712890625">
        <ele>5</ele>
        <time>2021-07-08T11:57:27.000Z</time>
        <extensions>
          <ns3:TrackPointExtension/>
        </extensions>
      </trkpt>
      <trkpt lat="31.968393288552761077880859375" lon="118.82231139577925205230712890625">
        <ele>5</ele>
        <time>2021-07-08T11:57:28.000Z</time>
        <extensions>
          <ns3:TrackPointExtension/>
        </extensions>
      </trkpt>
      <trkpt lat="31.968418098986148834228515625" lon="118.82231139577925205230712890625">
        <ele>5</ele>
        <time>2021-07-08T11:57:29.000Z</time>
        <extensions>
          <ns3:TrackPointExtension/>
        </extensions>
      </trkpt>
      <trkpt lat="31.96844668127596378326416015625" lon="118.822319023311138153076171875">
        <ele>5</ele>
        <time>2021-07-08T11:57:30.000Z</time>
        <extensions>
          <ns3:TrackPointExtension>
            <ns3:hr>175</ns3:hr>
            <ns3:cad>77</ns3:cad>
          </ns3:TrackPointExtension>
        </extensions>
      </trkpt>
      <trkpt lat="31.96847149170935153961181640625" lon="118.822319023311138153076171875">
        <ele>5</ele>
        <time>2021-07-08T11:57:31.000Z</time>
        <extensions>
          <ns3:TrackPointExtension/>
        </extensions>
      </trkpt>
      <trkpt lat="31.96849822998046875" lon="118.82232665084302425384521484375">
        <ele>5.19999980926513671875</ele>
        <time>2021-07-08T11:57:32.000Z</time>
        <extensions>
          <ns3:TrackPointExtension/>
        </extensions>
      </trkpt>
      <trkpt lat="31.96852681227028369903564453125" lon="118.8223342783749103546142578125">
        <ele>5.400000095367431640625</ele>
        <time>2021-07-08T11:57:33.000Z</time>
        <extensions>
          <ns3:TrackPointExtension/>
        </extensions>
      </trkpt>
      <trkpt lat="31.96855162270367145538330078125" lon="118.82234190590679645538330078125">
        <ele>5.599999904632568359375</ele>
        <time>2021-07-08T11:57:34.000Z</time>
        <extensions>
          <ns3:TrackPointExtension/>
        </extensions>
      </trkpt>
      <trkpt lat="31.96857827715575695037841796875" lon="118.82234953343868255615234375">
        <ele>5.599999904632568359375</ele>
        <time>2021-07-08T11:57:35.000Z</time>
        <extensions>
          <ns3:TrackPointExtension>
            <ns3:hr>174</ns3:hr>
            <ns3:cad>77</ns3:cad>
          </ns3:TrackPointExtension>
        </extensions>
      </trkpt>
      <trkpt lat="31.9686050154268741607666015625" lon="118.82235716097056865692138671875">
        <ele>5.80000019073486328125</ele>
        <time>2021-07-08T11:57:36.000Z</time>
        <extensions>
          <ns3:TrackPointExtension/>
        </extensions>
      </trkpt>
      <trkpt lat="31.96863166987895965576171875" lon="118.82237241603434085845947265625">
        <ele>6</ele>
        <time>2021-07-08T11:57:37.000Z</time>
        <extensions>
          <ns3:TrackPointExtension/>
        </extensions>
      </trkpt>
      <trkpt lat="31.968656480312347412109375" lon="118.822380043566226959228515625">
        <ele>6.19999980926513671875</ele>
        <time>2021-07-08T11:57:38.000Z</time>
        <extensions>
          <ns3:TrackPointExtension/>
        </extensions>
      </trkpt>
      <trkpt lat="31.96868129074573516845703125" lon="118.8223952986299991607666015625">
        <ele>6.19999980926513671875</ele>
        <time>2021-07-08T11:57:39.000Z</time>
        <extensions>
          <ns3:TrackPointExtension/>
        </extensions>
      </trkpt>
      <trkpt lat="31.96870417334139347076416015625" lon="118.82241818122565746307373046875">
        <ele>6.400000095367431640625</ele>
        <time>2021-07-08T11:57:40.000Z</time>
        <extensions>
          <ns3:TrackPointExtension>
            <ns3:hr>176</ns3:hr>
            <ns3:cad>77</ns3:cad>
          </ns3:TrackPointExtension>
        </extensions>
      </trkpt>
      <trkpt lat="31.96872898377478122711181640625" lon="118.82243343628942966461181640625">
        <ele>6.400000095367431640625</ele>
        <time>2021-07-08T11:57:41.000Z</time>
        <extensions>
          <ns3:TrackPointExtension/>
        </extensions>
      </trkpt>
      <trkpt lat="31.96874993853271007537841796875" lon="118.82244869135320186614990234375">
        <ele>6.599999904632568359375</ele>
        <time>2021-07-08T11:57:42.000Z</time>
        <extensions>
          <ns3:TrackPointExtension/>
        </extensions>
      </trkpt>
      <trkpt lat="31.9687709771096706390380859375" lon="118.82247157394886016845703125">
        <ele>6.599999904632568359375</ele>
        <time>2021-07-08T11:57:43.000Z</time>
        <extensions>
          <ns3:TrackPointExtension/>
        </extensions>
      </trkpt>
      <trkpt lat="31.9687919318675994873046875" lon="118.82249445654451847076416015625">
        <ele>6.599999904632568359375</ele>
        <time>2021-07-08T11:57:44.000Z</time>
        <extensions>
          <ns3:TrackPointExtension/>
        </extensions>
      </trkpt>
      <trkpt lat="31.96881095878779888153076171875" lon="118.8225173391401767730712890625">
        <ele>6.599999904632568359375</ele>
        <time>2021-07-08T11:57:45.000Z</time>
        <extensions>
          <ns3:TrackPointExtension>
            <ns3:hr>178</ns3:hr>
            <ns3:cad>77</ns3:cad>
          </ns3:TrackPointExtension>
        </extensions>
      </trkpt>
      <trkpt lat="31.968828141689300537109375" lon="118.8225478492677211761474609375">
        <ele>6.400000095367431640625</ele>
        <time>2021-07-08T11:57:46.000Z</time>
        <extensions>
          <ns3:TrackPointExtension/>
        </extensions>
      </trkpt>
      <trkpt lat="31.96884532459080219268798828125" lon="118.82257073186337947845458984375">
        <ele>6.400000095367431640625</ele>
        <time>2021-07-08T11:57:47.000Z</time>
        <extensions>
          <ns3:TrackPointExtension/>
        </extensions>
      </trkpt>
      <trkpt lat="31.96886057965457439422607421875" lon="118.82260124199092388153076171875">
        <ele>6.400000095367431640625</ele>
        <time>2021-07-08T11:57:48.000Z</time>
        <extensions>
          <ns3:TrackPointExtension/>
        </extensions>
      </trkpt>
      <trkpt lat="31.9688777625560760498046875" lon="118.822624124586582183837890625">
        <ele>6.19999980926513671875</ele>
        <time>2021-07-08T11:57:49.000Z</time>
        <extensions>
          <ns3:TrackPointExtension/>
        </extensions>
      </trkpt>
      <trkpt lat="31.96889108978211879730224609375" lon="118.82265471853315830230712890625">
        <ele>6</ele>
        <time>2021-07-08T11:57:50.000Z</time>
        <extensions>
          <ns3:TrackPointExtension>
            <ns3:hr>176</ns3:hr>
            <ns3:cad>77</ns3:cad>
          </ns3:TrackPointExtension>
        </extensions>
      </trkpt>
      <trkpt lat="31.96890634484589099884033203125" lon="118.82268522866070270538330078125">
        <ele>6</ele>
        <time>2021-07-08T11:57:51.000Z</time>
        <extensions>
          <ns3:TrackPointExtension/>
        </extensions>
      </trkpt>
      <trkpt lat="31.9689178280532360076904296875" lon="118.8227081112563610076904296875">
        <ele>5.80000019073486328125</ele>
        <time>2021-07-08T11:57:52.000Z</time>
        <extensions>
          <ns3:TrackPointExtension/>
        </extensions>
      </trkpt>
      <trkpt lat="31.96893115527927875518798828125" lon="118.8227386213839054107666015625">
        <ele>5.599999904632568359375</ele>
        <time>2021-07-08T11:57:53.000Z</time>
        <extensions>
          <ns3:TrackPointExtension/>
        </extensions>
      </trkpt>
      <trkpt lat="31.968944482505321502685546875" lon="118.8227691315114498138427734375">
        <ele>5.400000095367431640625</ele>
        <time>2021-07-08T11:57:54.000Z</time>
        <extensions>
          <ns3:TrackPointExtension/>
        </extensions>
      </trkpt>
      <trkpt lat="31.96895596571266651153564453125" lon="118.82279201410710811614990234375">
        <ele>5.400000095367431640625</ele>
        <time>2021-07-08T11:57:55.000Z</time>
        <extensions>
          <ns3:TrackPointExtension>
            <ns3:hr>175</ns3:hr>
            <ns3:cad>77</ns3:cad>
          </ns3:TrackPointExtension>
        </extensions>
      </trkpt>
      <trkpt lat="31.96896736510097980499267578125" lon="118.82282252423465251922607421875">
        <ele>5.19999980926513671875</ele>
        <time>2021-07-08T11:57:56.000Z</time>
        <extensions>
          <ns3:TrackPointExtension/>
        </extensions>
      </trkpt>
      <trkpt lat="31.96897692047059535980224609375" lon="118.82285303436219692230224609375">
        <ele>5</ele>
        <time>2021-07-08T11:57:57.000Z</time>
        <extensions>
          <ns3:TrackPointExtension/>
        </extensions>
      </trkpt>
      <trkpt lat="31.96898647584021091461181640625" lon="118.82288354448974132537841796875">
        <ele>4.80000019073486328125</ele>
        <time>2021-07-08T11:57:58.000Z</time>
        <extensions>
          <ns3:TrackPointExtension/>
        </extensions>
      </trkpt>
      <trkpt lat="31.96899603120982646942138671875" lon="118.82291405461728572845458984375">
        <ele>4.80000019073486328125</ele>
        <time>2021-07-08T11:57:59.000Z</time>
        <extensions>
          <ns3:TrackPointExtension/>
        </extensions>
      </trkpt>
      <trkpt lat="31.96900173090398311614990234375" lon="118.82294456474483013153076171875">
        <ele>4.599999904632568359375</ele>
        <time>2021-07-08T11:58:00.000Z</time>
        <extensions>
          <ns3:TrackPointExtension>
            <ns3:hr>177</ns3:hr>
            <ns3:cad>77</ns3:cad>
          </ns3:TrackPointExtension>
        </extensions>
      </trkpt>
      <trkpt lat="31.9690093584358692169189453125" lon="118.82297515869140625">
        <ele>4.599999904632568359375</ele>
        <time>2021-07-08T11:58:01.000Z</time>
        <extensions>
          <ns3:TrackPointExtension/>
        </extensions>
      </trkpt>
      <trkpt lat="31.9690150581300258636474609375" lon="118.823005668818950653076171875">
        <ele>4.400000095367431640625</ele>
        <time>2021-07-08T11:58:02.000Z</time>
        <extensions>
          <ns3:TrackPointExtension/>
        </extensions>
      </trkpt>
      <trkpt lat="31.96901698596775531768798828125" lon="118.82303617894649505615234375">
        <ele>4.400000095367431640625</ele>
        <time>2021-07-08T11:58:03.000Z</time>
        <extensions>
          <ns3:TrackPointExtension/>
        </extensions>
      </trkpt>
      <trkpt lat="31.96902084164321422576904296875" lon="118.823066689074039459228515625">
        <ele>4.19999980926513671875</ele>
        <time>2021-07-08T11:58:04.000Z</time>
        <extensions>
          <ns3:TrackPointExtension/>
        </extensions>
      </trkpt>
      <trkpt lat="31.96902084164321422576904296875" lon="118.82310482673346996307373046875">
        <ele>4.19999980926513671875</ele>
        <time>2021-07-08T11:58:05.000Z</time>
        <extensions>
          <ns3:TrackPointExtension>
            <ns3:hr>175</ns3:hr>
            <ns3:cad>77</ns3:cad>
          </ns3:TrackPointExtension>
        </extensions>
      </trkpt>
      <trkpt lat="31.96902268566191196441650390625" lon="118.82313533686101436614990234375">
        <ele>4</ele>
        <time>2021-07-08T11:58:06.000Z</time>
        <extensions>
          <ns3:TrackPointExtension/>
        </extensions>
      </trkpt>
      <trkpt lat="31.96902268566191196441650390625" lon="118.82316584698855876922607421875">
        <ele>4</ele>
        <time>2021-07-08T11:58:07.000Z</time>
        <extensions>
          <ns3:TrackPointExtension/>
        </extensions>
      </trkpt>
      <trkpt lat="31.96902461349964141845703125" lon="118.82319635711610317230224609375">
        <ele>4.19999980926513671875</ele>
        <time>2021-07-08T11:58:08.000Z</time>
        <extensions>
          <ns3:TrackPointExtension/>
        </extensions>
      </trkpt>
      <trkpt lat="31.96902268566191196441650390625" lon="118.82322686724364757537841796875">
        <ele>4.19999980926513671875</ele>
        <time>2021-07-08T11:58:09.000Z</time>
        <extensions>
          <ns3:TrackPointExtension/>
        </extensions>
      </trkpt>
      <trkpt lat="31.96902268566191196441650390625" lon="118.82325737737119197845458984375">
        <ele>4.400000095367431640625</ele>
        <time>2021-07-08T11:58:10.000Z</time>
        <extensions>
          <ns3:TrackPointExtension>
            <ns3:hr>179</ns3:hr>
            <ns3:cad>77</ns3:cad>
          </ns3:TrackPointExtension>
        </extensions>
      </trkpt>
      <trkpt lat="31.96902084164321422576904296875" lon="118.82328788749873638153076171875">
        <ele>4.599999904632568359375</ele>
        <time>2021-07-08T11:58:11.000Z</time>
        <extensions>
          <ns3:TrackPointExtension/>
        </extensions>
      </trkpt>
      <trkpt lat="31.969018913805484771728515625" lon="118.8233184814453125">
        <ele>4.599999904632568359375</ele>
        <time>2021-07-08T11:58:12.000Z</time>
        <extensions>
          <ns3:TrackPointExtension/>
        </extensions>
      </trkpt>
      <trkpt lat="31.9690150581300258636474609375" lon="118.82334136404097080230712890625">
        <ele>4.80000019073486328125</ele>
        <time>2021-07-08T11:58:13.000Z</time>
        <extensions>
          <ns3:TrackPointExtension/>
        </extensions>
      </trkpt>
      <trkpt lat="31.969013214111328125" lon="118.82337187416851520538330078125">
        <ele>4.80000019073486328125</ele>
        <time>2021-07-08T11:58:14.000Z</time>
        <extensions>
          <ns3:TrackPointExtension/>
        </extensions>
      </trkpt>
      <trkpt lat="31.9690093584358692169189453125" lon="118.82340238429605960845947265625">
        <ele>5</ele>
        <time>2021-07-08T11:58:15.000Z</time>
        <extensions>
          <ns3:TrackPointExtension>
            <ns3:hr>178</ns3:hr>
            <ns3:cad>77</ns3:cad>
          </ns3:TrackPointExtension>
        </extensions>
      </trkpt>
      <trkpt lat="31.969005502760410308837890625" lon="118.8234252668917179107666015625">
        <ele>5</ele>
        <time>2021-07-08T11:58:16.000Z</time>
        <extensions>
          <ns3:TrackPointExtension/>
        </extensions>
      </trkpt>
      <trkpt lat="31.968999803066253662109375" lon="118.8234557770192623138427734375">
        <ele>5.19999980926513671875</ele>
        <time>2021-07-08T11:58:17.000Z</time>
        <extensions>
          <ns3:TrackPointExtension/>
        </extensions>
      </trkpt>
      <trkpt lat="31.96899603120982646942138671875" lon="118.82347865961492061614990234375">
        <ele>5.19999980926513671875</ele>
        <time>2021-07-08T11:58:18.000Z</time>
        <extensions>
          <ns3:TrackPointExtension/>
        </extensions>
      </trkpt>
      <trkpt lat="31.96898840367794036865234375" lon="118.82350916974246501922607421875">
        <ele>5.19999980926513671875</ele>
        <time>2021-07-08T11:58:19.000Z</time>
        <extensions>
          <ns3:TrackPointExtension/>
        </extensions>
      </trkpt>
      <trkpt lat="31.96898077614605426788330078125" lon="118.82353967987000942230224609375">
        <ele>5.19999980926513671875</ele>
        <time>2021-07-08T11:58:20.000Z</time>
        <extensions>
          <ns3:TrackPointExtension>
            <ns3:hr>176</ns3:hr>
            <ns3:cad>78</ns3:cad>
          </ns3:TrackPointExtension>
        </extensions>
      </trkpt>
      <trkpt lat="31.96897499263286590576171875" lon="118.823562562465667724609375">
        <ele>5.400000095367431640625</ele>
        <time>2021-07-08T11:58:21.000Z</time>
        <extensions>
          <ns3:TrackPointExtension/>
        </extensions>
      </trkpt>
      <trkpt lat="31.96896736510097980499267578125" lon="118.823593072593212127685546875">
        <ele>5.400000095367431640625</ele>
        <time>2021-07-08T11:58:22.000Z</time>
        <extensions>
          <ns3:TrackPointExtension/>
        </extensions>
      </trkpt>
      <trkpt lat="31.9689597375690937042236328125" lon="118.82361595518887042999267578125">
        <ele>5.400000095367431640625</ele>
        <time>2021-07-08T11:58:23.000Z</time>
        <extensions>
          <ns3:TrackPointExtension/>
        </extensions>
      </trkpt>
      <trkpt lat="31.96895211003720760345458984375" lon="118.82364646531641483306884765625">
        <ele>5.400000095367431640625</ele>
        <time>2021-07-08T11:58:24.000Z</time>
        <extensions>
          <ns3:TrackPointExtension/>
        </extensions>
      </trkpt>
      <trkpt lat="31.968944482505321502685546875" lon="118.8236770592629909515380859375">
        <ele>5.599999904632568359375</ele>
        <time>2021-07-08T11:58:25.000Z</time>
        <extensions>
          <ns3:TrackPointExtension>
            <ns3:hr>174</ns3:hr>
            <ns3:cad>77</ns3:cad>
          </ns3:TrackPointExtension>
        </extensions>
      </trkpt>
      <trkpt lat="31.96893685497343540191650390625" lon="118.82369994185864925384521484375">
        <ele>5.599999904632568359375</ele>
        <time>2021-07-08T11:58:26.000Z</time>
        <extensions>
          <ns3:TrackPointExtension/>
        </extensions>
      </trkpt>
      <trkpt lat="31.96893115527927875518798828125" lon="118.82373045198619365692138671875">
        <ele>5.599999904632568359375</ele>
        <time>2021-07-08T11:58:27.000Z</time>
        <extensions>
          <ns3:TrackPointExtension/>
        </extensions>
      </trkpt>
      <trkpt lat="31.9689235277473926544189453125" lon="118.82376096211373805999755859375">
        <ele>5.599999904632568359375</ele>
        <time>2021-07-08T11:58:28.000Z</time>
        <extensions>
          <ns3:TrackPointExtension/>
        </extensions>
      </trkpt>
      <trkpt lat="31.9689178280532360076904296875" lon="118.82379147224128246307373046875">
        <ele>5.80000019073486328125</ele>
        <time>2021-07-08T11:58:29.000Z</time>
        <extensions>
          <ns3:TrackPointExtension/>
        </extensions>
      </trkpt>
      <trkpt lat="31.96891020052134990692138671875" lon="118.823814354836940765380859375">
        <ele>5.80000019073486328125</ele>
        <time>2021-07-08T11:58:30.000Z</time>
        <extensions>
          <ns3:TrackPointExtension>
            <ns3:hr>177</ns3:hr>
            <ns3:cad>77</ns3:cad>
          </ns3:TrackPointExtension>
        </extensions>
      </trkpt>
      <trkpt lat="31.96890257298946380615234375" lon="118.82384486496448516845703125">
        <ele>5.80000019073486328125</ele>
        <time>2021-07-08T11:58:31.000Z</time>
        <extensions>
          <ns3:TrackPointExtension/>
        </extensions>
      </trkpt>
      <trkpt lat="31.96889678947627544403076171875" lon="118.823875375092029571533203125">
        <ele>5.80000019073486328125</ele>
        <time>2021-07-08T11:58:32.000Z</time>
        <extensions>
          <ns3:TrackPointExtension/>
        </extensions>
      </trkpt>
      <trkpt lat="31.9688873179256916046142578125" lon="118.82389825768768787384033203125">
        <ele>5.80000019073486328125</ele>
        <time>2021-07-08T11:58:33.000Z</time>
        <extensions>
          <ns3:TrackPointExtension/>
        </extensions>
      </trkpt>
      <trkpt lat="31.96887969039380550384521484375" lon="118.82392876781523227691650390625">
        <ele>5.599999904632568359375</ele>
        <time>2021-07-08T11:58:34.000Z</time>
        <extensions>
          <ns3:TrackPointExtension/>
        </extensions>
      </trkpt>
      <trkpt lat="31.96887013502418994903564453125" lon="118.82395927794277667999267578125">
        <ele>5.599999904632568359375</ele>
        <time>2021-07-08T11:58:35.000Z</time>
        <extensions>
          <ns3:TrackPointExtension>
            <ns3:hr>176</ns3:hr>
            <ns3:cad>77</ns3:cad>
          </ns3:TrackPointExtension>
        </extensions>
      </trkpt>
      <trkpt lat="31.96886057965457439422607421875" lon="118.82398978807032108306884765625">
        <ele>5.599999904632568359375</ele>
        <time>2021-07-08T11:58:36.000Z</time>
        <extensions>
          <ns3:TrackPointExtension/>
        </extensions>
      </trkpt>
      <trkpt lat="31.96885102428495883941650390625" lon="118.82401275448501110076904296875">
        <ele>5.599999904632568359375</ele>
        <time>2021-07-08T11:58:37.000Z</time>
        <extensions>
          <ns3:TrackPointExtension/>
        </extensions>
      </trkpt>
      <trkpt lat="31.968841552734375" lon="118.82404326461255550384521484375">
        <ele>5.599999904632568359375</ele>
        <time>2021-07-08T11:58:38.000Z</time>
        <extensions>
          <ns3:TrackPointExtension/>
        </extensions>
      </trkpt>
      <trkpt lat="31.9688319973647594451904296875" lon="118.82407377474009990692138671875">
        <ele>5.599999904632568359375</ele>
        <time>2021-07-08T11:58:39.000Z</time>
        <extensions>
          <ns3:TrackPointExtension/>
        </extensions>
      </trkpt>
      <trkpt lat="31.96882051415741443634033203125" lon="118.82410428486764430999755859375">
        <ele>5.80000019073486328125</ele>
        <time>2021-07-08T11:58:40.000Z</time>
        <extensions>
          <ns3:TrackPointExtension>
            <ns3:hr>172</ns3:hr>
            <ns3:cad>77</ns3:cad>
          </ns3:TrackPointExtension>
        </extensions>
      </trkpt>
      <trkpt lat="31.96881095878779888153076171875" lon="118.82413479499518871307373046875">
        <ele>5.80000019073486328125</ele>
        <time>2021-07-08T11:58:41.000Z</time>
        <extensions>
          <ns3:TrackPointExtension/>
        </extensions>
      </trkpt>
      <trkpt lat="31.9688014872372150421142578125" lon="118.82416530512273311614990234375">
        <ele>5.80000019073486328125</ele>
        <time>2021-07-08T11:58:42.000Z</time>
        <extensions>
          <ns3:TrackPointExtension/>
        </extensions>
      </trkpt>
      <trkpt lat="31.9687919318675994873046875" lon="118.82418818771839141845703125">
        <ele>5.80000019073486328125</ele>
        <time>2021-07-08T11:58:43.000Z</time>
        <extensions>
          <ns3:TrackPointExtension/>
        </extensions>
      </trkpt>
      <trkpt lat="31.9687823764979839324951171875" lon="118.824218697845935821533203125">
        <ele>5.80000019073486328125</ele>
        <time>2021-07-08T11:58:44.000Z</time>
        <extensions>
          <ns3:TrackPointExtension/>
        </extensions>
      </trkpt>
      <trkpt lat="31.968772821128368377685546875" lon="118.824249207973480224609375">
        <ele>5.80000019073486328125</ele>
        <time>2021-07-08T11:58:45.000Z</time>
        <extensions>
          <ns3:TrackPointExtension>
            <ns3:hr>172</ns3:hr>
            <ns3:cad>77</ns3:cad>
          </ns3:TrackPointExtension>
        </extensions>
      </trkpt>
      <trkpt lat="31.96876334957778453826904296875" lon="118.824279718101024627685546875">
        <ele>6</ele>
        <time>2021-07-08T11:58:46.000Z</time>
        <extensions>
          <ns3:TrackPointExtension/>
        </extensions>
      </trkpt>
      <trkpt lat="31.9687557220458984375" lon="118.82431022822856903076171875">
        <ele>6.19999980926513671875</ele>
        <time>2021-07-08T11:58:47.000Z</time>
        <extensions>
          <ns3:TrackPointExtension/>
        </extensions>
      </trkpt>
      <trkpt lat="31.9687461666762828826904296875" lon="118.824340738356113433837890625">
        <ele>6.19999980926513671875</ele>
        <time>2021-07-08T11:58:48.000Z</time>
        <extensions>
          <ns3:TrackPointExtension/>
        </extensions>
      </trkpt>
      <trkpt lat="31.96873853914439678192138671875" lon="118.82437133230268955230712890625">
        <ele>6.400000095367431640625</ele>
        <time>2021-07-08T11:58:49.000Z</time>
        <extensions>
          <ns3:TrackPointExtension/>
        </extensions>
      </trkpt>
      <trkpt lat="31.96872898377478122711181640625" lon="118.82440184243023395538330078125">
        <ele>6.599999904632568359375</ele>
        <time>2021-07-08T11:58:50.000Z</time>
        <extensions>
          <ns3:TrackPointExtension>
            <ns3:hr>174</ns3:hr>
            <ns3:cad>77</ns3:cad>
          </ns3:TrackPointExtension>
        </extensions>
      </trkpt>
      <trkpt lat="31.9687213562428951263427734375" lon="118.82443235255777835845947265625">
        <ele>6.80000019073486328125</ele>
        <time>2021-07-08T11:58:51.000Z</time>
        <extensions>
          <ns3:TrackPointExtension/>
        </extensions>
      </trkpt>
      <trkpt lat="31.968711800873279571533203125" lon="118.8244704902172088623046875">
        <ele>7</ele>
        <time>2021-07-08T11:58:52.000Z</time>
        <extensions>
          <ns3:TrackPointExtension/>
        </extensions>
      </trkpt>
      <trkpt lat="31.96870417334139347076416015625" lon="118.824501000344753265380859375">
        <ele>7.19999980926513671875</ele>
        <time>2021-07-08T11:58:53.000Z</time>
        <extensions>
          <ns3:TrackPointExtension/>
        </extensions>
      </trkpt>
      <trkpt lat="31.9686965458095073699951171875" lon="118.82453151047229766845703125">
        <ele>7.19999980926513671875</ele>
        <time>2021-07-08T11:58:54.000Z</time>
        <extensions>
          <ns3:TrackPointExtension/>
        </extensions>
      </trkpt>
      <trkpt lat="31.96868891827762126922607421875" lon="118.824562020599842071533203125">
        <ele>7</ele>
        <time>2021-07-08T11:58:55.000Z</time>
        <extensions>
          <ns3:TrackPointExtension>
            <ns3:hr>175</ns3:hr>
            <ns3:cad>77</ns3:cad>
          </ns3:TrackPointExtension>
        </extensions>
      </trkpt>
      <trkpt lat="31.96868129074573516845703125" lon="118.824592530727386474609375">
        <ele>7</ele>
        <time>2021-07-08T11:58:56.000Z</time>
        <extensions>
          <ns3:TrackPointExtension/>
        </extensions>
      </trkpt>
      <trkpt lat="31.968675591051578521728515625" lon="118.824623040854930877685546875">
        <ele>7</ele>
        <time>2021-07-08T11:58:57.000Z</time>
        <extensions>
          <ns3:TrackPointExtension/>
        </extensions>
      </trkpt>
      <trkpt lat="31.96866796351969242095947265625" lon="118.82465355098247528076171875">
        <ele>6.80000019073486328125</ele>
        <time>2021-07-08T11:58:58.000Z</time>
        <extensions>
          <ns3:TrackPointExtension/>
        </extensions>
      </trkpt>
      <trkpt lat="31.9686603359878063201904296875" lon="118.824684061110019683837890625">
        <ele>6.80000019073486328125</ele>
        <time>2021-07-08T11:58:59.000Z</time>
        <extensions>
          <ns3:TrackPointExtension/>
        </extensions>
      </trkpt>
      <trkpt lat="31.96865270845592021942138671875" lon="118.8247070275247097015380859375">
        <ele>6.599999904632568359375</ele>
        <time>2021-07-08T11:59:00.000Z</time>
        <extensions>
          <ns3:TrackPointExtension>
            <ns3:hr>175</ns3:hr>
            <ns3:cad>76</ns3:cad>
          </ns3:TrackPointExtension>
        </extensions>
      </trkpt>
      <trkpt lat="31.96864508092403411865234375" lon="118.8247375376522541046142578125">
        <ele>6.599999904632568359375</ele>
        <time>2021-07-08T11:59:01.000Z</time>
        <extensions>
          <ns3:TrackPointExtension/>
        </extensions>
      </trkpt>
      <trkpt lat="31.96863745339214801788330078125" lon="118.8247680477797985076904296875">
        <ele>6.80000019073486328125</ele>
        <time>2021-07-08T11:59:02.000Z</time>
        <extensions>
          <ns3:TrackPointExtension/>
        </extensions>
      </trkpt>
      <trkpt lat="31.9686298258602619171142578125" lon="118.8247985579073429107666015625">
        <ele>6.80000019073486328125</ele>
        <time>2021-07-08T11:59:03.000Z</time>
        <extensions>
          <ns3:TrackPointExtension/>
        </extensions>
      </trkpt>
      <trkpt lat="31.96862219832837581634521484375" lon="118.8248290680348873138427734375">
        <ele>6.80000019073486328125</ele>
        <time>2021-07-08T11:59:04.000Z</time>
        <extensions>
          <ns3:TrackPointExtension/>
        </extensions>
      </trkpt>
      <trkpt lat="31.96861264295876026153564453125" lon="118.8248595781624317169189453125">
        <ele>7</ele>
        <time>2021-07-08T11:59:05.000Z</time>
        <extensions>
          <ns3:TrackPointExtension>
            <ns3:hr>177</ns3:hr>
            <ns3:cad>77</ns3:cad>
          </ns3:TrackPointExtension>
        </extensions>
      </trkpt>
      <trkpt lat="31.96860308758914470672607421875" lon="118.8248900882899761199951171875">
        <ele>7</ele>
        <time>2021-07-08T11:59:06.000Z</time>
        <extensions>
          <ns3:TrackPointExtension/>
        </extensions>
      </trkpt>
      <trkpt lat="31.96859353221952915191650390625" lon="118.8249205984175205230712890625">
        <ele>7</ele>
        <time>2021-07-08T11:59:07.000Z</time>
        <extensions>
          <ns3:TrackPointExtension/>
        </extensions>
      </trkpt>
      <trkpt lat="31.9685840606689453125" lon="118.82494348101317882537841796875">
        <ele>7</ele>
        <time>2021-07-08T11:59:08.000Z</time>
        <extensions>
          <ns3:TrackPointExtension/>
        </extensions>
      </trkpt>
      <trkpt lat="31.9685745052993297576904296875" lon="118.82497399114072322845458984375">
        <ele>6.599999904632568359375</ele>
        <time>2021-07-08T11:59:09.000Z</time>
        <extensions>
          <ns3:TrackPointExtension/>
        </extensions>
      </trkpt>
      <trkpt lat="31.968564949929714202880859375" lon="118.82500450126826763153076171875">
        <ele>6.19999980926513671875</ele>
        <time>2021-07-08T11:59:10.000Z</time>
        <extensions>
          <ns3:TrackPointExtension>
            <ns3:hr>177</ns3:hr>
            <ns3:cad>76</ns3:cad>
          </ns3:TrackPointExtension>
        </extensions>
      </trkpt>
      <trkpt lat="31.9685553945600986480712890625" lon="118.82503509521484375">
        <ele>6</ele>
        <time>2021-07-08T11:59:11.000Z</time>
        <extensions>
          <ns3:TrackPointExtension/>
        </extensions>
      </trkpt>
      <trkpt lat="31.96854583919048309326171875" lon="118.825065605342388153076171875">
        <ele>5.599999904632568359375</ele>
        <time>2021-07-08T11:59:12.000Z</time>
        <extensions>
          <ns3:TrackPointExtension/>
        </extensions>
      </trkpt>
      <trkpt lat="31.96853636763989925384521484375" lon="118.82508848793804645538330078125">
        <ele>5.19999980926513671875</ele>
        <time>2021-07-08T11:59:13.000Z</time>
        <extensions>
          <ns3:TrackPointExtension/>
        </extensions>
      </trkpt>
      <trkpt lat="31.968528740108013153076171875" lon="118.82511899806559085845947265625">
        <ele>5.19999980926513671875</ele>
        <time>2021-07-08T11:59:14.000Z</time>
        <extensions>
          <ns3:TrackPointExtension/>
        </extensions>
      </trkpt>
      <trkpt lat="31.9685191847383975982666015625" lon="118.82514950819313526153564453125">
        <ele>5</ele>
        <time>2021-07-08T11:59:15.000Z</time>
        <extensions>
          <ns3:TrackPointExtension>
            <ns3:hr>176</ns3:hr>
            <ns3:cad>77</ns3:cad>
          </ns3:TrackPointExtension>
        </extensions>
      </trkpt>
      <trkpt lat="31.96851155720651149749755859375" lon="118.8251723907887935638427734375">
        <ele>5.19999980926513671875</ele>
        <time>2021-07-08T11:59:16.000Z</time>
        <extensions>
          <ns3:TrackPointExtension/>
        </extensions>
      </trkpt>
      <trkpt lat="31.96850200183689594268798828125" lon="118.8252029009163379669189453125">
        <ele>5.19999980926513671875</ele>
        <time>2021-07-08T11:59:17.000Z</time>
        <extensions>
          <ns3:TrackPointExtension/>
        </extensions>
      </trkpt>
      <trkpt lat="31.9684943743050098419189453125" lon="118.8252334110438823699951171875">
        <ele>5.400000095367431640625</ele>
        <time>2021-07-08T11:59:18.000Z</time>
        <extensions>
          <ns3:TrackPointExtension/>
        </extensions>
      </trkpt>
      <trkpt lat="31.96848674677312374114990234375" lon="118.8252639211714267730712890625">
        <ele>5.599999904632568359375</ele>
        <time>2021-07-08T11:59:19.000Z</time>
        <extensions>
          <ns3:TrackPointExtension/>
        </extensions>
      </trkpt>
      <trkpt lat="31.96847719140350818634033203125" lon="118.82528680376708507537841796875">
        <ele>5.599999904632568359375</ele>
        <time>2021-07-08T11:59:20.000Z</time>
        <extensions>
          <ns3:TrackPointExtension>
            <ns3:hr>176</ns3:hr>
            <ns3:cad>76</ns3:cad>
          </ns3:TrackPointExtension>
        </extensions>
      </trkpt>
      <trkpt lat="31.9684695638716220855712890625" lon="118.82531731389462947845458984375">
        <ele>5.80000019073486328125</ele>
        <time>2021-07-08T11:59:21.000Z</time>
        <extensions>
          <ns3:TrackPointExtension/>
        </extensions>
      </trkpt>
      <trkpt lat="31.96846000850200653076171875" lon="118.82534782402217388153076171875">
        <ele>6</ele>
        <time>2021-07-08T11:59:22.000Z</time>
        <extensions>
          <ns3:TrackPointExtension/>
        </extensions>
      </trkpt>
      <trkpt lat="31.96845238097012042999267578125" lon="118.825370706617832183837890625">
        <ele>6</ele>
        <time>2021-07-08T11:59:23.000Z</time>
        <extensions>
          <ns3:TrackPointExtension/>
        </extensions>
      </trkpt>
      <trkpt lat="31.968442909419536590576171875" lon="118.82540130056440830230712890625">
        <ele>6.400000095367431640625</ele>
        <time>2021-07-08T11:59:24.000Z</time>
        <extensions>
          <ns3:TrackPointExtension/>
        </extensions>
      </trkpt>
      <trkpt lat="31.9684333540499210357666015625" lon="118.82543181069195270538330078125">
        <ele>7</ele>
        <time>2021-07-08T11:59:25.000Z</time>
        <extensions>
          <ns3:TrackPointExtension>
            <ns3:hr>170</ns3:hr>
            <ns3:cad>77</ns3:cad>
          </ns3:TrackPointExtension>
        </extensions>
      </trkpt>
      <trkpt lat="31.96842187084257602691650390625" lon="118.8254546932876110076904296875">
        <ele>7.19999980926513671875</ele>
        <time>2021-07-08T11:59:26.000Z</time>
        <extensions>
          <ns3:TrackPointExtension/>
        </extensions>
      </trkpt>
      <trkpt lat="31.9684123992919921875" lon="118.8254852034151554107666015625">
        <ele>7.599999904632568359375</ele>
        <time>2021-07-08T11:59:27.000Z</time>
        <extensions>
          <ns3:TrackPointExtension/>
        </extensions>
      </trkpt>
      <trkpt lat="31.9684028439223766326904296875" lon="118.8255157135426998138427734375">
        <ele>8.19999980926513671875</ele>
        <time>2021-07-08T11:59:28.000Z</time>
        <extensions>
          <ns3:TrackPointExtension/>
        </extensions>
      </trkpt>
      <trkpt lat="31.96839136071503162384033203125" lon="118.82553859613835811614990234375">
        <ele>8.3999996185302734375</ele>
        <time>2021-07-08T11:59:29.000Z</time>
        <extensions>
          <ns3:TrackPointExtension/>
        </extensions>
      </trkpt>
      <trkpt lat="31.96838180534541606903076171875" lon="118.82556910626590251922607421875">
        <ele>8.80000019073486328125</ele>
        <time>2021-07-08T11:59:30.000Z</time>
        <extensions>
          <ns3:TrackPointExtension>
            <ns3:hr>173</ns3:hr>
            <ns3:cad>77</ns3:cad>
          </ns3:TrackPointExtension>
        </extensions>
      </trkpt>
      <trkpt lat="31.96837040595710277557373046875" lon="118.825591988861560821533203125">
        <ele>9.19999980926513671875</ele>
        <time>2021-07-08T11:59:31.000Z</time>
        <extensions>
          <ns3:TrackPointExtension/>
        </extensions>
      </trkpt>
      <trkpt lat="31.96836085058748722076416015625" lon="118.825622498989105224609375">
        <ele>9.6000003814697265625</ele>
        <time>2021-07-08T11:59:32.000Z</time>
        <extensions>
          <ns3:TrackPointExtension/>
        </extensions>
      </trkpt>
      <trkpt lat="31.96835129521787166595458984375" lon="118.825653009116649627685546875">
        <ele>10</ele>
        <time>2021-07-08T11:59:33.000Z</time>
        <extensions>
          <ns3:TrackPointExtension/>
        </extensions>
      </trkpt>
      <trkpt lat="31.9683418236672878265380859375" lon="118.82568351924419403076171875">
        <ele>10.19999980926513671875</ele>
        <time>2021-07-08T11:59:34.000Z</time>
        <extensions>
          <ns3:TrackPointExtension/>
        </extensions>
      </trkpt>
      <trkpt lat="31.968332268297672271728515625" lon="118.82570640183985233306884765625">
        <ele>10.19999980926513671875</ele>
        <time>2021-07-08T11:59:35.000Z</time>
        <extensions>
          <ns3:TrackPointExtension>
            <ns3:hr>174</ns3:hr>
            <ns3:cad>77</ns3:cad>
          </ns3:TrackPointExtension>
        </extensions>
      </trkpt>
      <trkpt lat="31.96832464076578617095947265625" lon="118.8257369957864284515380859375">
        <ele>10.3999996185302734375</ele>
        <time>2021-07-08T11:59:36.000Z</time>
        <extensions>
          <ns3:TrackPointExtension/>
        </extensions>
      </trkpt>
      <trkpt lat="31.96831508539617061614990234375" lon="118.8257675059139728546142578125">
        <ele>10.3999996185302734375</ele>
        <time>2021-07-08T11:59:37.000Z</time>
        <extensions>
          <ns3:TrackPointExtension/>
        </extensions>
      </trkpt>
      <trkpt lat="31.968307457864284515380859375" lon="118.82579038850963115692138671875">
        <ele>10.6000003814697265625</ele>
        <time>2021-07-08T11:59:38.000Z</time>
        <extensions>
          <ns3:TrackPointExtension/>
        </extensions>
      </trkpt>
      <trkpt lat="31.96829983033239841461181640625" lon="118.82582089863717555999755859375">
        <ele>10.6000003814697265625</ele>
        <time>2021-07-08T11:59:39.000Z</time>
        <extensions>
          <ns3:TrackPointExtension/>
        </extensions>
      </trkpt>
      <trkpt lat="31.9682922028005123138427734375" lon="118.82585140876471996307373046875">
        <ele>10.80000019073486328125</ele>
        <time>2021-07-08T11:59:40.000Z</time>
        <extensions>
          <ns3:TrackPointExtension>
            <ns3:hr>175</ns3:hr>
            <ns3:cad>77</ns3:cad>
          </ns3:TrackPointExtension>
        </extensions>
      </trkpt>
      <trkpt lat="31.968282647430896759033203125" lon="118.82588191889226436614990234375">
        <ele>10.80000019073486328125</ele>
        <time>2021-07-08T11:59:41.000Z</time>
        <extensions>
          <ns3:TrackPointExtension/>
        </extensions>
      </trkpt>
      <trkpt lat="31.96827501989901065826416015625" lon="118.82590480148792266845703125">
        <ele>11</ele>
        <time>2021-07-08T11:59:42.000Z</time>
        <extensions>
          <ns3:TrackPointExtension/>
        </extensions>
      </trkpt>
      <trkpt lat="31.9682673923671245574951171875" lon="118.825935311615467071533203125">
        <ele>11</ele>
        <time>2021-07-08T11:59:43.000Z</time>
        <extensions>
          <ns3:TrackPointExtension/>
        </extensions>
      </trkpt>
      <trkpt lat="31.96825976483523845672607421875" lon="118.825965821743011474609375">
        <ele>10.80000019073486328125</ele>
        <time>2021-07-08T11:59:44.000Z</time>
        <extensions>
          <ns3:TrackPointExtension/>
        </extensions>
      </trkpt>
      <trkpt lat="31.96825020946562290191650390625" lon="118.825996331870555877685546875">
        <ele>10.80000019073486328125</ele>
        <time>2021-07-08T11:59:45.000Z</time>
        <extensions>
          <ns3:TrackPointExtension>
            <ns3:hr>176</ns3:hr>
            <ns3:cad>77</ns3:cad>
          </ns3:TrackPointExtension>
        </extensions>
      </trkpt>
      <trkpt lat="31.9682425819337368011474609375" lon="118.82602684199810028076171875">
        <ele>10.6000003814697265625</ele>
        <time>2021-07-08T11:59:46.000Z</time>
        <extensions>
          <ns3:TrackPointExtension/>
        </extensions>
      </trkpt>
      <trkpt lat="31.968233026564121246337890625" lon="118.826057352125644683837890625">
        <ele>10.6000003814697265625</ele>
        <time>2021-07-08T11:59:47.000Z</time>
        <extensions>
          <ns3:TrackPointExtension/>
        </extensions>
      </trkpt>
      <trkpt lat="31.96822355501353740692138671875" lon="118.82608794607222080230712890625">
        <ele>10.3999996185302734375</ele>
        <time>2021-07-08T11:59:48.000Z</time>
        <extensions>
          <ns3:TrackPointExtension/>
        </extensions>
      </trkpt>
      <trkpt lat="31.96821399964392185211181640625" lon="118.82611845619976520538330078125">
        <ele>10.19999980926513671875</ele>
        <time>2021-07-08T11:59:49.000Z</time>
        <extensions>
          <ns3:TrackPointExtension/>
        </extensions>
      </trkpt>
      <trkpt lat="31.96820444427430629730224609375" lon="118.8261413387954235076904296875">
        <ele>10.19999980926513671875</ele>
        <time>2021-07-08T11:59:50.000Z</time>
        <extensions>
          <ns3:TrackPointExtension>
            <ns3:hr>179</ns3:hr>
            <ns3:cad>77</ns3:cad>
          </ns3:TrackPointExtension>
        </extensions>
      </trkpt>
      <trkpt lat="31.96819488890469074249267578125" lon="118.8261718489229679107666015625">
        <ele>10.19999980926513671875</ele>
        <time>2021-07-08T11:59:51.000Z</time>
        <extensions>
          <ns3:TrackPointExtension/>
        </extensions>
      </trkpt>
      <trkpt lat="31.96818348951637744903564453125" lon="118.8262023590505123138427734375">
        <ele>10</ele>
        <time>2021-07-08T11:59:52.000Z</time>
        <extensions>
          <ns3:TrackPointExtension/>
        </extensions>
      </trkpt>
      <trkpt lat="31.96817393414676189422607421875" lon="118.8262328691780567169189453125">
        <ele>9.3999996185302734375</ele>
        <time>2021-07-08T11:59:53.000Z</time>
        <extensions>
          <ns3:TrackPointExtension/>
        </extensions>
      </trkpt>
      <trkpt lat="31.96816253475844860076904296875" lon="118.8262633793056011199951171875">
        <ele>9</ele>
        <time>2021-07-08T11:59:54.000Z</time>
        <extensions>
          <ns3:TrackPointExtension/>
        </extensions>
      </trkpt>
      <trkpt lat="31.96815297938883304595947265625" lon="118.82628626190125942230224609375">
        <ele>8.6000003814697265625</ele>
        <time>2021-07-08T11:59:55.000Z</time>
        <extensions>
          <ns3:TrackPointExtension>
            <ns3:hr>177</ns3:hr>
            <ns3:cad>77</ns3:cad>
          </ns3:TrackPointExtension>
        </extensions>
      </trkpt>
      <trkpt lat="31.968141496181488037109375" lon="118.82631677202880382537841796875">
        <ele>8</ele>
        <time>2021-07-08T11:59:56.000Z</time>
        <extensions>
          <ns3:TrackPointExtension/>
        </extensions>
      </trkpt>
      <trkpt lat="31.9681319408118724822998046875" lon="118.82634728215634822845458984375">
        <ele>7.599999904632568359375</ele>
        <time>2021-07-08T11:59:57.000Z</time>
        <extensions>
          <ns3:TrackPointExtension/>
        </extensions>
      </trkpt>
      <trkpt lat="31.9681205414235591888427734375" lon="118.82637016475200653076171875">
        <ele>7.19999980926513671875</ele>
        <time>2021-07-08T11:59:58.000Z</time>
        <extensions>
          <ns3:TrackPointExtension/>
        </extensions>
      </trkpt>
      <trkpt lat="31.96811291389167308807373046875" lon="118.826400674879550933837890625">
        <ele>6.599999904632568359375</ele>
        <time>2021-07-08T11:59:59.000Z</time>
        <extensions>
          <ns3:TrackPointExtension/>
        </extensions>
      </trkpt>
      <trkpt lat="31.96810335852205753326416015625" lon="118.82643126882612705230712890625">
        <ele>6.19999980926513671875</ele>
        <time>2021-07-08T12:00:00.000Z</time>
        <extensions>
          <ns3:TrackPointExtension>
            <ns3:hr>177</ns3:hr>
            <ns3:cad>77</ns3:cad>
          </ns3:TrackPointExtension>
        </extensions>
      </trkpt>
      <trkpt lat="31.96809380315244197845458984375" lon="118.8264541514217853546142578125">
        <ele>6</ele>
        <time>2021-07-08T12:00:01.000Z</time>
        <extensions>
          <ns3:TrackPointExtension/>
        </extensions>
      </trkpt>
      <trkpt lat="31.968086175620555877685546875" lon="118.8264846615493297576904296875">
        <ele>5.599999904632568359375</ele>
        <time>2021-07-08T12:00:02.000Z</time>
        <extensions>
          <ns3:TrackPointExtension/>
        </extensions>
      </trkpt>
      <trkpt lat="31.96807854808866977691650390625" lon="118.8265151716768741607666015625">
        <ele>5.400000095367431640625</ele>
        <time>2021-07-08T12:00:03.000Z</time>
        <extensions>
          <ns3:TrackPointExtension/>
        </extensions>
      </trkpt>
      <trkpt lat="31.9680690765380859375" lon="118.82653805427253246307373046875">
        <ele>5.400000095367431640625</ele>
        <time>2021-07-08T12:00:04.000Z</time>
        <extensions>
          <ns3:TrackPointExtension/>
        </extensions>
      </trkpt>
      <trkpt lat="31.968061365187168121337890625" lon="118.82656856440007686614990234375">
        <ele>5.19999980926513671875</ele>
        <time>2021-07-08T12:00:05.000Z</time>
        <extensions>
          <ns3:TrackPointExtension>
            <ns3:hr>177</ns3:hr>
            <ns3:cad>77</ns3:cad>
          </ns3:TrackPointExtension>
        </extensions>
      </trkpt>
      <trkpt lat="31.96805373765528202056884765625" lon="118.82659907452762126922607421875">
        <ele>5</ele>
        <time>2021-07-08T12:00:06.000Z</time>
        <extensions>
          <ns3:TrackPointExtension/>
        </extensions>
      </trkpt>
      <trkpt lat="31.96804426610469818115234375" lon="118.82662958465516567230224609375">
        <ele>5</ele>
        <time>2021-07-08T12:00:07.000Z</time>
        <extensions>
          <ns3:TrackPointExtension/>
        </extensions>
      </trkpt>
      <trkpt lat="31.96803663857281208038330078125" lon="118.82666009478271007537841796875">
        <ele>4.80000019073486328125</ele>
        <time>2021-07-08T12:00:08.000Z</time>
        <extensions>
          <ns3:TrackPointExtension/>
        </extensions>
      </trkpt>
      <trkpt lat="31.9680290110409259796142578125" lon="118.82669060491025447845458984375">
        <ele>4.599999904632568359375</ele>
        <time>2021-07-08T12:00:09.000Z</time>
        <extensions>
          <ns3:TrackPointExtension/>
        </extensions>
      </trkpt>
      <trkpt lat="31.9680194556713104248046875" lon="118.82672111503779888153076171875">
        <ele>4.599999904632568359375</ele>
        <time>2021-07-08T12:00:10.000Z</time>
        <extensions>
          <ns3:TrackPointExtension>
            <ns3:hr>177</ns3:hr>
            <ns3:cad>77</ns3:cad>
          </ns3:TrackPointExtension>
        </extensions>
      </trkpt>
      <trkpt lat="31.96801182813942432403564453125" lon="118.826751708984375">
        <ele>4.400000095367431640625</ele>
        <time>2021-07-08T12:00:11.000Z</time>
        <extensions>
          <ns3:TrackPointExtension/>
        </extensions>
      </trkpt>
      <trkpt lat="31.96800227276980876922607421875" lon="118.826782219111919403076171875">
        <ele>4.400000095367431640625</ele>
        <time>2021-07-08T12:00:12.000Z</time>
        <extensions>
          <ns3:TrackPointExtension/>
        </extensions>
      </trkpt>
      <trkpt lat="31.96799464523792266845703125" lon="118.82681272923946380615234375">
        <ele>4.599999904632568359375</ele>
        <time>2021-07-08T12:00:13.000Z</time>
        <extensions>
          <ns3:TrackPointExtension/>
        </extensions>
      </trkpt>
      <trkpt lat="31.96798701770603656768798828125" lon="118.826843239367008209228515625">
        <ele>4.599999904632568359375</ele>
        <time>2021-07-08T12:00:14.000Z</time>
        <extensions>
          <ns3:TrackPointExtension/>
        </extensions>
      </trkpt>
      <trkpt lat="31.96797746233642101287841796875" lon="118.8268737494945526123046875">
        <ele>4.599999904632568359375</ele>
        <time>2021-07-08T12:00:15.000Z</time>
        <extensions>
          <ns3:TrackPointExtension>
            <ns3:hr>176</ns3:hr>
            <ns3:cad>77</ns3:cad>
          </ns3:TrackPointExtension>
        </extensions>
      </trkpt>
      <trkpt lat="31.96796790696680545806884765625" lon="118.82689663209021091461181640625">
        <ele>4.80000019073486328125</ele>
        <time>2021-07-08T12:00:16.000Z</time>
        <extensions>
          <ns3:TrackPointExtension/>
        </extensions>
      </trkpt>
      <trkpt lat="31.9679602794349193572998046875" lon="118.82692714221775531768798828125">
        <ele>4.80000019073486328125</ele>
        <time>2021-07-08T12:00:17.000Z</time>
        <extensions>
          <ns3:TrackPointExtension/>
        </extensions>
      </trkpt>
      <trkpt lat="31.96795080788433551788330078125" lon="118.82695765234529972076416015625">
        <ele>4.80000019073486328125</ele>
        <time>2021-07-08T12:00:18.000Z</time>
        <extensions>
          <ns3:TrackPointExtension/>
        </extensions>
      </trkpt>
      <trkpt lat="31.9679431803524494171142578125" lon="118.8269805349409580230712890625">
        <ele>5</ele>
        <time>2021-07-08T12:00:19.000Z</time>
        <extensions>
          <ns3:TrackPointExtension/>
        </extensions>
      </trkpt>
      <trkpt lat="31.96793555282056331634521484375" lon="118.8270110450685024261474609375">
        <ele>5</ele>
        <time>2021-07-08T12:00:20.000Z</time>
        <extensions>
          <ns3:TrackPointExtension>
            <ns3:hr>175</ns3:hr>
            <ns3:cad>77</ns3:cad>
          </ns3:TrackPointExtension>
        </extensions>
      </trkpt>
      <trkpt lat="31.96792599745094776153564453125" lon="118.82703392766416072845458984375">
        <ele>5</ele>
        <time>2021-07-08T12:00:21.000Z</time>
        <extensions>
          <ns3:TrackPointExtension/>
        </extensions>
      </trkpt>
      <trkpt lat="31.9679183699190616607666015625" lon="118.82706443779170513153076171875">
        <ele>5</ele>
        <time>2021-07-08T12:00:22.000Z</time>
        <extensions>
          <ns3:TrackPointExtension/>
        </extensions>
      </trkpt>
      <trkpt lat="31.96790881454944610595703125" lon="118.82709503173828125">
        <ele>5</ele>
        <time>2021-07-08T12:00:23.000Z</time>
        <extensions>
          <ns3:TrackPointExtension/>
        </extensions>
      </trkpt>
      <trkpt lat="31.96790118701756000518798828125" lon="118.82711791433393955230712890625">
        <ele>5</ele>
        <time>2021-07-08T12:00:24.000Z</time>
        <extensions>
          <ns3:TrackPointExtension/>
        </extensions>
      </trkpt>
      <trkpt lat="31.96789163164794445037841796875" lon="118.82714842446148395538330078125">
        <ele>5</ele>
        <time>2021-07-08T12:00:25.000Z</time>
        <extensions>
          <ns3:TrackPointExtension>
            <ns3:hr>176</ns3:hr>
            <ns3:cad>77</ns3:cad>
          </ns3:TrackPointExtension>
        </extensions>
      </trkpt>
      <trkpt lat="31.967884004116058349609375" lon="118.82717893458902835845947265625">
        <ele>5</ele>
        <time>2021-07-08T12:00:26.000Z</time>
        <extensions>
          <ns3:TrackPointExtension/>
        </extensions>
      </trkpt>
      <trkpt lat="31.96787637658417224884033203125" lon="118.82720944471657276153564453125">
        <ele>4.80000019073486328125</ele>
        <time>2021-07-08T12:00:27.000Z</time>
        <extensions>
          <ns3:TrackPointExtension/>
        </extensions>
      </trkpt>
      <trkpt lat="31.9678687490522861480712890625" lon="118.82723995484411716461181640625">
        <ele>4.80000019073486328125</ele>
        <time>2021-07-08T12:00:28.000Z</time>
        <extensions>
          <ns3:TrackPointExtension/>
        </extensions>
      </trkpt>
      <trkpt lat="31.96786112152040004730224609375" lon="118.82727046497166156768798828125">
        <ele>4.80000019073486328125</ele>
        <time>2021-07-08T12:00:29.000Z</time>
        <extensions>
          <ns3:TrackPointExtension/>
        </extensions>
      </trkpt>
      <trkpt lat="31.96785542182624340057373046875" lon="118.827308602631092071533203125">
        <ele>4.80000019073486328125</ele>
        <time>2021-07-08T12:00:30.000Z</time>
        <extensions>
          <ns3:TrackPointExtension>
            <ns3:hr>177</ns3:hr>
            <ns3:cad>77</ns3:cad>
          </ns3:TrackPointExtension>
        </extensions>
      </trkpt>
      <trkpt lat="31.9678477942943572998046875" lon="118.827339112758636474609375">
        <ele>4.80000019073486328125</ele>
        <time>2021-07-08T12:00:31.000Z</time>
        <extensions>
          <ns3:TrackPointExtension/>
        </extensions>
      </trkpt>
      <trkpt lat="31.967842094600200653076171875" lon="118.827369622886180877685546875">
        <ele>4.80000019073486328125</ele>
        <time>2021-07-08T12:00:32.000Z</time>
        <extensions>
          <ns3:TrackPointExtension/>
        </extensions>
      </trkpt>
      <trkpt lat="31.96783631108701229095458984375" lon="118.82740013301372528076171875">
        <ele>4.80000019073486328125</ele>
        <time>2021-07-08T12:00:33.000Z</time>
        <extensions>
          <ns3:TrackPointExtension/>
        </extensions>
      </trkpt>
      <trkpt lat="31.9678325392305850982666015625" lon="118.8274383544921875">
        <ele>4.80000019073486328125</ele>
        <time>2021-07-08T12:00:34.000Z</time>
        <extensions>
          <ns3:TrackPointExtension/>
        </extensions>
      </trkpt>
      <trkpt lat="31.967828683555126190185546875" lon="118.827468864619731903076171875">
        <ele>4.80000019073486328125</ele>
        <time>2021-07-08T12:00:35.000Z</time>
        <extensions>
          <ns3:TrackPointExtension>
            <ns3:hr>176</ns3:hr>
            <ns3:cad>77</ns3:cad>
          </ns3:TrackPointExtension>
        </extensions>
      </trkpt>
      <trkpt lat="31.9678268395364284515380859375" lon="118.82749937474727630615234375">
        <ele>4.80000019073486328125</ele>
        <time>2021-07-08T12:00:36.000Z</time>
        <extensions>
          <ns3:TrackPointExtension/>
        </extensions>
      </trkpt>
      <trkpt lat="31.96782491169869899749755859375" lon="118.827529884874820709228515625">
        <ele>4.80000019073486328125</ele>
        <time>2021-07-08T12:00:37.000Z</time>
        <extensions>
          <ns3:TrackPointExtension/>
        </extensions>
      </trkpt>
      <trkpt lat="31.96782298386096954345703125" lon="118.8275603950023651123046875">
        <ele>4.80000019073486328125</ele>
        <time>2021-07-08T12:00:38.000Z</time>
        <extensions>
          <ns3:TrackPointExtension/>
        </extensions>
      </trkpt>
      <trkpt lat="31.96782298386096954345703125" lon="118.827590905129909515380859375">
        <ele>5</ele>
        <time>2021-07-08T12:00:39.000Z</time>
        <extensions>
          <ns3:TrackPointExtension/>
        </extensions>
      </trkpt>
      <trkpt lat="31.96782298386096954345703125" lon="118.82762141525745391845703125">
        <ele>5.19999980926513671875</ele>
        <time>2021-07-08T12:00:40.000Z</time>
        <extensions>
          <ns3:TrackPointExtension>
            <ns3:hr>178</ns3:hr>
            <ns3:cad>77</ns3:cad>
          </ns3:TrackPointExtension>
        </extensions>
      </trkpt>
      <trkpt lat="31.96782298386096954345703125" lon="118.827651925384998321533203125">
        <ele>5.400000095367431640625</ele>
        <time>2021-07-08T12:00:41.000Z</time>
        <extensions>
          <ns3:TrackPointExtension/>
        </extensions>
      </trkpt>
      <trkpt lat="31.9678268395364284515380859375" lon="118.827682435512542724609375">
        <ele>5.599999904632568359375</ele>
        <time>2021-07-08T12:00:42.000Z</time>
        <extensions>
          <ns3:TrackPointExtension/>
        </extensions>
      </trkpt>
      <trkpt lat="31.967828683555126190185546875" lon="118.827712945640087127685546875">
        <ele>5.80000019073486328125</ele>
        <time>2021-07-08T12:00:43.000Z</time>
        <extensions>
          <ns3:TrackPointExtension/>
        </extensions>
      </trkpt>
      <trkpt lat="31.9678325392305850982666015625" lon="118.82773582823574542999267578125">
        <ele>6</ele>
        <time>2021-07-08T12:00:44.000Z</time>
        <extensions>
          <ns3:TrackPointExtension/>
        </extensions>
      </trkpt>
      <trkpt lat="31.96783631108701229095458984375" lon="118.82776633836328983306884765625">
        <ele>6.19999980926513671875</ele>
        <time>2021-07-08T12:00:45.000Z</time>
        <extensions>
          <ns3:TrackPointExtension>
            <ns3:hr>177</ns3:hr>
            <ns3:cad>77</ns3:cad>
          </ns3:TrackPointExtension>
        </extensions>
      </trkpt>
      <trkpt lat="31.96784016676247119903564453125" lon="118.8277969323098659515380859375">
        <ele>6.400000095367431640625</ele>
        <time>2021-07-08T12:00:46.000Z</time>
        <extensions>
          <ns3:TrackPointExtension/>
        </extensions>
      </trkpt>
      <trkpt lat="31.96784586645662784576416015625" lon="118.82781981490552425384521484375">
        <ele>6.599999904632568359375</ele>
        <time>2021-07-08T12:00:47.000Z</time>
        <extensions>
          <ns3:TrackPointExtension/>
        </extensions>
      </trkpt>
      <trkpt lat="31.96784972213208675384521484375" lon="118.82785032503306865692138671875">
        <ele>6.599999904632568359375</ele>
        <time>2021-07-08T12:00:48.000Z</time>
        <extensions>
          <ns3:TrackPointExtension/>
        </extensions>
      </trkpt>
      <trkpt lat="31.967853493988513946533203125" lon="118.827873207628726959228515625">
        <ele>6.599999904632568359375</ele>
        <time>2021-07-08T12:00:49.000Z</time>
        <extensions>
          <ns3:TrackPointExtension/>
        </extensions>
      </trkpt>
      <trkpt lat="31.96785919368267059326171875" lon="118.8279037177562713623046875">
        <ele>6.599999904632568359375</ele>
        <time>2021-07-08T12:00:50.000Z</time>
        <extensions>
          <ns3:TrackPointExtension>
            <ns3:hr>179</ns3:hr>
            <ns3:cad>77</ns3:cad>
          </ns3:TrackPointExtension>
        </extensions>
      </trkpt>
      <trkpt lat="31.96786497719585895538330078125" lon="118.827934227883815765380859375">
        <ele>6.599999904632568359375</ele>
        <time>2021-07-08T12:00:51.000Z</time>
        <extensions>
          <ns3:TrackPointExtension/>
        </extensions>
      </trkpt>
      <trkpt lat="31.9678687490522861480712890625" lon="118.82796473801136016845703125">
        <ele>6.80000019073486328125</ele>
        <time>2021-07-08T12:00:52.000Z</time>
        <extensions>
          <ns3:TrackPointExtension/>
        </extensions>
      </trkpt>
      <trkpt lat="31.96787260472774505615234375" lon="118.82798762060701847076416015625">
        <ele>6.80000019073486328125</ele>
        <time>2021-07-08T12:00:53.000Z</time>
        <extensions>
          <ns3:TrackPointExtension/>
        </extensions>
      </trkpt>
      <trkpt lat="31.967878304421901702880859375" lon="118.82801813073456287384033203125">
        <ele>6.80000019073486328125</ele>
        <time>2021-07-08T12:00:54.000Z</time>
        <extensions>
          <ns3:TrackPointExtension/>
        </extensions>
      </trkpt>
      <trkpt lat="31.967884004116058349609375" lon="118.82804864086210727691650390625">
        <ele>6.80000019073486328125</ele>
        <time>2021-07-08T12:00:55.000Z</time>
        <extensions>
          <ns3:TrackPointExtension>
            <ns3:hr>175</ns3:hr>
            <ns3:cad>77</ns3:cad>
          </ns3:TrackPointExtension>
        </extensions>
      </trkpt>
      <trkpt lat="31.967889703810214996337890625" lon="118.82807915098965167999267578125">
        <ele>6.80000019073486328125</ele>
        <time>2021-07-08T12:00:56.000Z</time>
        <extensions>
          <ns3:TrackPointExtension/>
        </extensions>
      </trkpt>
      <trkpt lat="31.9678974151611328125" lon="118.8281020335853099822998046875">
        <ele>7</ele>
        <time>2021-07-08T12:00:57.000Z</time>
        <extensions>
          <ns3:TrackPointExtension/>
        </extensions>
      </trkpt>
      <trkpt lat="31.967903114855289459228515625" lon="118.82813262753188610076904296875">
        <ele>7</ele>
        <time>2021-07-08T12:00:58.000Z</time>
        <extensions>
          <ns3:TrackPointExtension/>
        </extensions>
      </trkpt>
      <trkpt lat="31.9679126702249050140380859375" lon="118.828155510127544403076171875">
        <ele>7</ele>
        <time>2021-07-08T12:00:59.000Z</time>
        <extensions>
          <ns3:TrackPointExtension/>
        </extensions>
      </trkpt>
      <trkpt lat="31.96792214177548885345458984375" lon="118.82818602025508880615234375">
        <ele>6.80000019073486328125</ele>
        <time>2021-07-08T12:01:00.000Z</time>
        <extensions>
          <ns3:TrackPointExtension>
            <ns3:hr>176</ns3:hr>
            <ns3:cad>77</ns3:cad>
          </ns3:TrackPointExtension>
        </extensions>
      </trkpt>
      <trkpt lat="31.96793169714510440826416015625" lon="118.828216530382633209228515625">
        <ele>6.80000019073486328125</ele>
        <time>2021-07-08T12:01:01.000Z</time>
        <extensions>
          <ns3:TrackPointExtension/>
        </extensions>
      </trkpt>
      <trkpt lat="31.9679431803524494171142578125" lon="118.82823941297829151153564453125">
        <ele>6.599999904632568359375</ele>
        <time>2021-07-08T12:01:02.000Z</time>
        <extensions>
          <ns3:TrackPointExtension/>
        </extensions>
      </trkpt>
      <trkpt lat="31.9679545797407627105712890625" lon="118.8282622955739498138427734375">
        <ele>6.599999904632568359375</ele>
        <time>2021-07-08T12:01:03.000Z</time>
        <extensions>
          <ns3:TrackPointExtension/>
        </extensions>
      </trkpt>
      <trkpt lat="31.967969834804534912109375" lon="118.82828517816960811614990234375">
        <ele>6.599999904632568359375</ele>
        <time>2021-07-08T12:01:04.000Z</time>
        <extensions>
          <ns3:TrackPointExtension/>
        </extensions>
      </trkpt>
      <trkpt lat="31.967983245849609375" lon="118.82830806076526641845703125">
        <ele>6.400000095367431640625</ele>
        <time>2021-07-08T12:01:05.000Z</time>
        <extensions>
          <ns3:TrackPointExtension>
            <ns3:hr>175</ns3:hr>
            <ns3:cad>77</ns3:cad>
          </ns3:TrackPointExtension>
        </extensions>
      </trkpt>
      <trkpt lat="31.9679985009133815765380859375" lon="118.82833094336092472076416015625">
        <ele>6.400000095367431640625</ele>
        <time>2021-07-08T12:01:06.000Z</time>
        <extensions>
          <ns3:TrackPointExtension/>
        </extensions>
      </trkpt>
      <trkpt lat="31.9680155999958515167236328125" lon="118.8283538259565830230712890625">
        <ele>6.19999980926513671875</ele>
        <time>2021-07-08T12:01:07.000Z</time>
        <extensions>
          <ns3:TrackPointExtension/>
        </extensions>
      </trkpt>
      <trkpt lat="31.96803278289735317230224609375" lon="118.82837670855224132537841796875">
        <ele>6.19999980926513671875</ele>
        <time>2021-07-08T12:01:08.000Z</time>
        <extensions>
          <ns3:TrackPointExtension/>
        </extensions>
      </trkpt>
      <trkpt lat="31.96805189363658428192138671875" lon="118.828399591147899627685546875">
        <ele>6</ele>
        <time>2021-07-08T12:01:09.000Z</time>
        <extensions>
          <ns3:TrackPointExtension/>
        </extensions>
      </trkpt>
      <trkpt lat="31.9680709205567836761474609375" lon="118.8284148462116718292236328125">
        <ele>6</ele>
        <time>2021-07-08T12:01:10.000Z</time>
        <extensions>
          <ns3:TrackPointExtension>
            <ns3:hr>172</ns3:hr>
            <ns3:cad>77</ns3:cad>
          </ns3:TrackPointExtension>
        </extensions>
      </trkpt>
      <trkpt lat="31.9680900312960147857666015625" lon="118.82843772880733013153076171875">
        <ele>6</ele>
        <time>2021-07-08T12:01:11.000Z</time>
        <extensions>
          <ns3:TrackPointExtension/>
        </extensions>
      </trkpt>
      <trkpt lat="31.968110986053943634033203125" lon="118.82845298387110233306884765625">
        <ele>6.19999980926513671875</ele>
        <time>2021-07-08T12:01:12.000Z</time>
        <extensions>
          <ns3:TrackPointExtension/>
        </extensions>
      </trkpt>
      <trkpt lat="31.96813009679317474365234375" lon="118.82847595028579235076904296875">
        <ele>6.19999980926513671875</ele>
        <time>2021-07-08T12:01:13.000Z</time>
        <extensions>
          <ns3:TrackPointExtension/>
        </extensions>
      </trkpt>
      <trkpt lat="31.9681510515511035919189453125" lon="118.82849120534956455230712890625">
        <ele>6.19999980926513671875</ele>
        <time>2021-07-08T12:01:14.000Z</time>
        <extensions>
          <ns3:TrackPointExtension/>
        </extensions>
      </trkpt>
      <trkpt lat="31.9681701622903347015380859375" lon="118.8285140879452228546142578125">
        <ele>6.400000095367431640625</ele>
        <time>2021-07-08T12:01:15.000Z</time>
        <extensions>
          <ns3:TrackPointExtension>
            <ns3:hr>171</ns3:hr>
            <ns3:cad>76</ns3:cad>
          </ns3:TrackPointExtension>
        </extensions>
      </trkpt>
      <trkpt lat="31.9681911170482635498046875" lon="118.82852934300899505615234375">
        <ele>6.400000095367431640625</ele>
        <time>2021-07-08T12:01:16.000Z</time>
        <extensions>
          <ns3:TrackPointExtension/>
        </extensions>
      </trkpt>
      <trkpt lat="31.96821014396846294403076171875" lon="118.82855222560465335845947265625">
        <ele>6.400000095367431640625</ele>
        <time>2021-07-08T12:01:17.000Z</time>
        <extensions>
          <ns3:TrackPointExtension/>
        </extensions>
      </trkpt>
      <trkpt lat="31.968227326869964599609375" lon="118.8285751082003116607666015625">
        <ele>6.400000095367431640625</ele>
        <time>2021-07-08T12:01:18.000Z</time>
        <extensions>
          <ns3:TrackPointExtension/>
        </extensions>
      </trkpt>
      <trkpt lat="31.968246437609195709228515625" lon="118.8285903632640838623046875">
        <ele>6.400000095367431640625</ele>
        <time>2021-07-08T12:01:19.000Z</time>
        <extensions>
          <ns3:TrackPointExtension/>
        </extensions>
      </trkpt>
      <trkpt lat="31.96826362051069736480712890625" lon="118.82861324585974216461181640625">
        <ele>6.400000095367431640625</ele>
        <time>2021-07-08T12:01:20.000Z</time>
        <extensions>
          <ns3:TrackPointExtension>
            <ns3:hr>174</ns3:hr>
            <ns3:cad>77</ns3:cad>
          </ns3:TrackPointExtension>
        </extensions>
      </trkpt>
      <trkpt lat="31.96827887557446956634521484375" lon="118.8286361284554004669189453125">
        <ele>6.400000095367431640625</ele>
        <time>2021-07-08T12:01:21.000Z</time>
        <extensions>
          <ns3:TrackPointExtension/>
        </extensions>
      </trkpt>
      <trkpt lat="31.96829597465693950653076171875" lon="118.82865138351917266845703125">
        <ele>6.400000095367431640625</ele>
        <time>2021-07-08T12:01:22.000Z</time>
        <extensions>
          <ns3:TrackPointExtension/>
        </extensions>
      </trkpt>
      <trkpt lat="31.96831122972071170806884765625" lon="118.82867426611483097076416015625">
        <ele>6.400000095367431640625</ele>
        <time>2021-07-08T12:01:23.000Z</time>
        <extensions>
          <ns3:TrackPointExtension/>
        </extensions>
      </trkpt>
      <trkpt lat="31.968326568603515625" lon="118.8286971487104892730712890625">
        <ele>6.400000095367431640625</ele>
        <time>2021-07-08T12:01:24.000Z</time>
        <extensions>
          <ns3:TrackPointExtension/>
        </extensions>
      </trkpt>
      <trkpt lat="31.9683418236672878265380859375" lon="118.828712403774261474609375">
        <ele>6.599999904632568359375</ele>
        <time>2021-07-08T12:01:25.000Z</time>
        <extensions>
          <ns3:TrackPointExtension>
            <ns3:hr>174</ns3:hr>
            <ns3:cad>77</ns3:cad>
          </ns3:TrackPointExtension>
        </extensions>
      </trkpt>
      <trkpt lat="31.96835515089333057403564453125" lon="118.82873528636991977691650390625">
        <ele>6.599999904632568359375</ele>
        <time>2021-07-08T12:01:26.000Z</time>
        <extensions>
          <ns3:TrackPointExtension/>
        </extensions>
      </trkpt>
      <trkpt lat="31.96837040595710277557373046875" lon="118.8287581689655780792236328125">
        <ele>6.80000019073486328125</ele>
        <time>2021-07-08T12:01:27.000Z</time>
        <extensions>
          <ns3:TrackPointExtension/>
        </extensions>
      </trkpt>
      <trkpt lat="31.96838566102087497711181640625" lon="118.82877342402935028076171875">
        <ele>6.80000019073486328125</ele>
        <time>2021-07-08T12:01:28.000Z</time>
        <extensions>
          <ns3:TrackPointExtension/>
        </extensions>
      </trkpt>
      <trkpt lat="31.96840091608464717864990234375" lon="118.82879630662500858306884765625">
        <ele>7</ele>
        <time>2021-07-08T12:01:29.000Z</time>
        <extensions>
          <ns3:TrackPointExtension/>
        </extensions>
      </trkpt>
      <trkpt lat="31.96841617114841938018798828125" lon="118.8288116455078125">
        <ele>7</ele>
        <time>2021-07-08T12:01:30.000Z</time>
        <extensions>
          <ns3:TrackPointExtension>
            <ns3:hr>174</ns3:hr>
            <ns3:cad>77</ns3:cad>
          </ns3:TrackPointExtension>
        </extensions>
      </trkpt>
      <trkpt lat="31.96843142621219158172607421875" lon="118.82883452810347080230712890625">
        <ele>7</ele>
        <time>2021-07-08T12:01:31.000Z</time>
        <extensions>
          <ns3:TrackPointExtension/>
        </extensions>
      </trkpt>
      <trkpt lat="31.9684486091136932373046875" lon="118.82884978316724300384521484375">
        <ele>7.19999980926513671875</ele>
        <time>2021-07-08T12:01:32.000Z</time>
        <extensions>
          <ns3:TrackPointExtension/>
        </extensions>
      </trkpt>
      <trkpt lat="31.9684638641774654388427734375" lon="118.82887266576290130615234375">
        <ele>7.19999980926513671875</ele>
        <time>2021-07-08T12:01:33.000Z</time>
        <extensions>
          <ns3:TrackPointExtension/>
        </extensions>
      </trkpt>
      <trkpt lat="31.9684752635657787322998046875" lon="118.8288879208266735076904296875">
        <ele>7.19999980926513671875</ele>
        <time>2021-07-08T12:01:34.000Z</time>
        <extensions>
          <ns3:TrackPointExtension/>
        </extensions>
      </trkpt>
      <trkpt lat="31.9684886746108531951904296875" lon="118.82891080342233180999755859375">
        <ele>7.19999980926513671875</ele>
        <time>2021-07-08T12:01:35.000Z</time>
        <extensions>
          <ns3:TrackPointExtension>
            <ns3:hr>175</ns3:hr>
            <ns3:cad>77</ns3:cad>
          </ns3:TrackPointExtension>
        </extensions>
      </trkpt>
      <trkpt lat="31.9685000739991664886474609375" lon="118.8289336860179901123046875">
        <ele>7.19999980926513671875</ele>
        <time>2021-07-08T12:01:36.000Z</time>
        <extensions>
          <ns3:TrackPointExtension/>
        </extensions>
      </trkpt>
      <trkpt lat="31.96850770153105258941650390625" lon="118.82895656861364841461181640625">
        <ele>7.400000095367431640625</ele>
        <time>2021-07-08T12:01:37.000Z</time>
        <extensions>
          <ns3:TrackPointExtension/>
        </extensions>
      </trkpt>
      <trkpt lat="31.968515329062938690185546875" lon="118.8289794512093067169189453125">
        <ele>7.400000095367431640625</ele>
        <time>2021-07-08T12:01:38.000Z</time>
        <extensions>
          <ns3:TrackPointExtension/>
        </extensions>
      </trkpt>
      <trkpt lat="31.96852111257612705230712890625" lon="118.82900233380496501922607421875">
        <ele>7.400000095367431640625</ele>
        <time>2021-07-08T12:01:39.000Z</time>
        <extensions>
          <ns3:TrackPointExtension/>
        </extensions>
      </trkpt>
      <trkpt lat="31.96852295659482479095458984375" lon="118.829025216400623321533203125">
        <ele>7.599999904632568359375</ele>
        <time>2021-07-08T12:01:40.000Z</time>
        <extensions>
          <ns3:TrackPointExtension>
            <ns3:hr>176</ns3:hr>
            <ns3:cad>77</ns3:cad>
          </ns3:TrackPointExtension>
        </extensions>
      </trkpt>
      <trkpt lat="31.9685248844325542449951171875" lon="118.829055726528167724609375">
        <ele>7.599999904632568359375</ele>
        <time>2021-07-08T12:01:41.000Z</time>
        <extensions>
          <ns3:TrackPointExtension/>
        </extensions>
      </trkpt>
      <trkpt lat="31.9685248844325542449951171875" lon="118.82907860912382602691650390625">
        <ele>7.599999904632568359375</ele>
        <time>2021-07-08T12:01:42.000Z</time>
        <extensions>
          <ns3:TrackPointExtension/>
        </extensions>
      </trkpt>
      <trkpt lat="31.96852295659482479095458984375" lon="118.82910911925137042999267578125">
        <ele>7.80000019073486328125</ele>
        <time>2021-07-08T12:01:43.000Z</time>
        <extensions>
          <ns3:TrackPointExtension/>
        </extensions>
      </trkpt>
      <trkpt lat="31.9685191847383975982666015625" lon="118.82913962937891483306884765625">
        <ele>8</ele>
        <time>2021-07-08T12:01:44.000Z</time>
        <extensions>
          <ns3:TrackPointExtension/>
        </extensions>
      </trkpt>
      <trkpt lat="31.968515329062938690185546875" lon="118.82916259579360485076904296875">
        <ele>8</ele>
        <time>2021-07-08T12:01:45.000Z</time>
        <extensions>
          <ns3:TrackPointExtension>
            <ns3:hr>177</ns3:hr>
            <ns3:cad>77</ns3:cad>
          </ns3:TrackPointExtension>
        </extensions>
      </trkpt>
      <trkpt lat="31.96851155720651149749755859375" lon="118.82919310592114925384521484375">
        <ele>8.19999980926513671875</ele>
        <time>2021-07-08T12:01:46.000Z</time>
        <extensions>
          <ns3:TrackPointExtension/>
        </extensions>
      </trkpt>
      <trkpt lat="31.96850585751235485076904296875" lon="118.82921598851680755615234375">
        <ele>8.3999996185302734375</ele>
        <time>2021-07-08T12:01:47.000Z</time>
        <extensions>
          <ns3:TrackPointExtension/>
        </extensions>
      </trkpt>
      <trkpt lat="31.9685000739991664886474609375" lon="118.829246498644351959228515625">
        <ele>8.6000003814697265625</ele>
        <time>2021-07-08T12:01:48.000Z</time>
        <extensions>
          <ns3:TrackPointExtension/>
        </extensions>
      </trkpt>
      <trkpt lat="31.96849630214273929595947265625" lon="118.8292770087718963623046875">
        <ele>8.6000003814697265625</ele>
        <time>2021-07-08T12:01:49.000Z</time>
        <extensions>
          <ns3:TrackPointExtension/>
        </extensions>
      </trkpt>
      <trkpt lat="31.968490518629550933837890625" lon="118.82929989136755466461181640625">
        <ele>8.6000003814697265625</ele>
        <time>2021-07-08T12:01:50.000Z</time>
        <extensions>
          <ns3:TrackPointExtension>
            <ns3:hr>174</ns3:hr>
            <ns3:cad>77</ns3:cad>
          </ns3:TrackPointExtension>
        </extensions>
      </trkpt>
      <trkpt lat="31.96848674677312374114990234375" lon="118.82933040149509906768798828125">
        <ele>8.3999996185302734375</ele>
        <time>2021-07-08T12:01:51.000Z</time>
        <extensions>
          <ns3:TrackPointExtension/>
        </extensions>
      </trkpt>
      <trkpt lat="31.96848104707896709442138671875" lon="118.82936091162264347076416015625">
        <ele>8.19999980926513671875</ele>
        <time>2021-07-08T12:01:52.000Z</time>
        <extensions>
          <ns3:TrackPointExtension/>
        </extensions>
      </trkpt>
      <trkpt lat="31.9684752635657787322998046875" lon="118.8293837942183017730712890625">
        <ele>8</ele>
        <time>2021-07-08T12:01:53.000Z</time>
        <extensions>
          <ns3:TrackPointExtension/>
        </extensions>
      </trkpt>
      <trkpt lat="31.96847149170935153961181640625" lon="118.8294143043458461761474609375">
        <ele>7.80000019073486328125</ele>
        <time>2021-07-08T12:01:54.000Z</time>
        <extensions>
          <ns3:TrackPointExtension/>
        </extensions>
      </trkpt>
      <trkpt lat="31.96846579201519489288330078125" lon="118.8294448144733905792236328125">
        <ele>7.599999904632568359375</ele>
        <time>2021-07-08T12:01:55.000Z</time>
        <extensions>
          <ns3:TrackPointExtension>
            <ns3:hr>173</ns3:hr>
            <ns3:cad>77</ns3:cad>
          </ns3:TrackPointExtension>
        </extensions>
      </trkpt>
      <trkpt lat="31.96846000850200653076171875" lon="118.82946769706904888153076171875">
        <ele>7.400000095367431640625</ele>
        <time>2021-07-08T12:01:56.000Z</time>
        <extensions>
          <ns3:TrackPointExtension/>
        </extensions>
      </trkpt>
      <trkpt lat="31.968454308807849884033203125" lon="118.829498291015625">
        <ele>7.19999980926513671875</ele>
        <time>2021-07-08T12:01:57.000Z</time>
        <extensions>
          <ns3:TrackPointExtension/>
        </extensions>
      </trkpt>
      <trkpt lat="31.96844668127596378326416015625" lon="118.829528801143169403076171875">
        <ele>7</ele>
        <time>2021-07-08T12:01:58.000Z</time>
        <extensions>
          <ns3:TrackPointExtension/>
        </extensions>
      </trkpt>
      <trkpt lat="31.9684390537440776824951171875" lon="118.82955168373882770538330078125">
        <ele>6.80000019073486328125</ele>
        <time>2021-07-08T12:01:59.000Z</time>
        <extensions>
          <ns3:TrackPointExtension/>
        </extensions>
      </trkpt>
      <trkpt lat="31.9684333540499210357666015625" lon="118.82958219386637210845947265625">
        <ele>6.599999904632568359375</ele>
        <time>2021-07-08T12:02:00.000Z</time>
        <extensions>
          <ns3:TrackPointExtension>
            <ns3:hr>176</ns3:hr>
            <ns3:cad>77</ns3:cad>
          </ns3:TrackPointExtension>
        </extensions>
      </trkpt>
      <trkpt lat="31.96842379868030548095703125" lon="118.8296050764620304107666015625">
        <ele>6.599999904632568359375</ele>
        <time>2021-07-08T12:02:01.000Z</time>
        <extensions>
          <ns3:TrackPointExtension/>
        </extensions>
      </trkpt>
      <trkpt lat="31.96841617114841938018798828125" lon="118.8296355865895748138427734375">
        <ele>6.19999980926513671875</ele>
        <time>2021-07-08T12:02:02.000Z</time>
        <extensions>
          <ns3:TrackPointExtension/>
        </extensions>
      </trkpt>
      <trkpt lat="31.96841047145426273345947265625" lon="118.82965846918523311614990234375">
        <ele>6.19999980926513671875</ele>
        <time>2021-07-08T12:02:03.000Z</time>
        <extensions>
          <ns3:TrackPointExtension/>
        </extensions>
      </trkpt>
      <trkpt lat="31.968404687941074371337890625" lon="118.82968897931277751922607421875">
        <ele>5.80000019073486328125</ele>
        <time>2021-07-08T12:02:04.000Z</time>
        <extensions>
          <ns3:TrackPointExtension/>
        </extensions>
      </trkpt>
      <trkpt lat="31.96840091608464717864990234375" lon="118.829711861908435821533203125">
        <ele>5.80000019073486328125</ele>
        <time>2021-07-08T12:02:05.000Z</time>
        <extensions>
          <ns3:TrackPointExtension>
            <ns3:hr>175</ns3:hr>
            <ns3:cad>77</ns3:cad>
          </ns3:TrackPointExtension>
        </extensions>
      </trkpt>
      <trkpt lat="31.968398988246917724609375" lon="118.829742372035980224609375">
        <ele>5.599999904632568359375</ele>
        <time>2021-07-08T12:02:06.000Z</time>
        <extensions>
          <ns3:TrackPointExtension/>
        </extensions>
      </trkpt>
      <trkpt lat="31.96840091608464717864990234375" lon="118.82976525463163852691650390625">
        <ele>5.400000095367431640625</ele>
        <time>2021-07-08T12:02:07.000Z</time>
        <extensions>
          <ns3:TrackPointExtension/>
        </extensions>
      </trkpt>
      <trkpt lat="31.968404687941074371337890625" lon="118.8297881372272968292236328125">
        <ele>5.400000095367431640625</ele>
        <time>2021-07-08T12:02:08.000Z</time>
        <extensions>
          <ns3:TrackPointExtension/>
        </extensions>
      </trkpt>
      <trkpt lat="31.9684085436165332794189453125" lon="118.82981101982295513153076171875">
        <ele>5.19999980926513671875</ele>
        <time>2021-07-08T12:02:09.000Z</time>
        <extensions>
          <ns3:TrackPointExtension/>
        </extensions>
      </trkpt>
      <trkpt lat="31.96841617114841938018798828125" lon="118.829833902418613433837890625">
        <ele>5.19999980926513671875</ele>
        <time>2021-07-08T12:02:10.000Z</time>
        <extensions>
          <ns3:TrackPointExtension>
            <ns3:hr>175</ns3:hr>
            <ns3:cad>77</ns3:cad>
          </ns3:TrackPointExtension>
        </extensions>
      </trkpt>
      <trkpt lat="31.9684276543557643890380859375" lon="118.8298568688333034515380859375">
        <ele>5.19999980926513671875</ele>
        <time>2021-07-08T12:02:11.000Z</time>
        <extensions>
          <ns3:TrackPointExtension/>
        </extensions>
      </trkpt>
      <trkpt lat="31.96844098158180713653564453125" lon="118.82987975142896175384521484375">
        <ele>5</ele>
        <time>2021-07-08T12:02:12.000Z</time>
        <extensions>
          <ns3:TrackPointExtension/>
        </extensions>
      </trkpt>
      <trkpt lat="31.968454308807849884033203125" lon="118.82990263402462005615234375">
        <ele>5</ele>
        <time>2021-07-08T12:02:13.000Z</time>
        <extensions>
          <ns3:TrackPointExtension/>
        </extensions>
      </trkpt>
      <trkpt lat="31.9684695638716220855712890625" lon="118.8299178890883922576904296875">
        <ele>5</ele>
        <time>2021-07-08T12:02:14.000Z</time>
        <extensions>
          <ns3:TrackPointExtension/>
        </extensions>
      </trkpt>
      <trkpt lat="31.968484818935394287109375" lon="118.829933144152164459228515625">
        <ele>4.80000019073486328125</ele>
        <time>2021-07-08T12:02:15.000Z</time>
        <extensions>
          <ns3:TrackPointExtension>
            <ns3:hr>178</ns3:hr>
            <ns3:cad>77</ns3:cad>
          </ns3:TrackPointExtension>
        </extensions>
      </trkpt>
      <trkpt lat="31.96850200183689594268798828125" lon="118.8299483992159366607666015625">
        <ele>4.599999904632568359375</ele>
        <time>2021-07-08T12:02:16.000Z</time>
        <extensions>
          <ns3:TrackPointExtension/>
        </extensions>
      </trkpt>
      <trkpt lat="31.96852111257612705230712890625" lon="118.8299636542797088623046875">
        <ele>4.400000095367431640625</ele>
        <time>2021-07-08T12:02:17.000Z</time>
        <extensions>
          <ns3:TrackPointExtension/>
        </extensions>
      </trkpt>
      <trkpt lat="31.96853821165859699249267578125" lon="118.82997128181159496307373046875">
        <ele>4.19999980926513671875</ele>
        <time>2021-07-08T12:02:18.000Z</time>
        <extensions>
          <ns3:TrackPointExtension/>
        </extensions>
      </trkpt>
      <trkpt lat="31.9685553945600986480712890625" lon="118.82998653687536716461181640625">
        <ele>4</ele>
        <time>2021-07-08T12:02:19.000Z</time>
        <extensions>
          <ns3:TrackPointExtension/>
        </extensions>
      </trkpt>
      <trkpt lat="31.9685745052993297576904296875" lon="118.82998653687536716461181640625">
        <ele>3.7999999523162841796875</ele>
        <time>2021-07-08T12:02:20.000Z</time>
        <extensions>
          <ns3:TrackPointExtension>
            <ns3:hr>177</ns3:hr>
            <ns3:cad>78</ns3:cad>
          </ns3:TrackPointExtension>
        </extensions>
      </trkpt>
      <trkpt lat="31.96859353221952915191650390625" lon="118.829994164407253265380859375">
        <ele>3.599999904632568359375</ele>
        <time>2021-07-08T12:02:21.000Z</time>
        <extensions>
          <ns3:TrackPointExtension/>
        </extensions>
      </trkpt>
      <trkpt lat="31.968614570796489715576171875" lon="118.83000179193913936614990234375">
        <ele>3.400000095367431640625</ele>
        <time>2021-07-08T12:02:22.000Z</time>
        <extensions>
          <ns3:TrackPointExtension/>
        </extensions>
      </trkpt>
      <trkpt lat="31.96863359771668910980224609375" lon="118.83000179193913936614990234375">
        <ele>3.2000000476837158203125</ele>
        <time>2021-07-08T12:02:23.000Z</time>
        <extensions>
          <ns3:TrackPointExtension/>
        </extensions>
      </trkpt>
      <trkpt lat="31.96865270845592021942138671875" lon="118.8300094194710254669189453125">
        <ele>3</ele>
        <time>2021-07-08T12:02:24.000Z</time>
        <extensions>
          <ns3:TrackPointExtension/>
        </extensions>
      </trkpt>
      <trkpt lat="31.96867366321384906768798828125" lon="118.8300094194710254669189453125">
        <ele>2.7999999523162841796875</ele>
        <time>2021-07-08T12:02:25.000Z</time>
        <extensions>
          <ns3:TrackPointExtension>
            <ns3:hr>176</ns3:hr>
            <ns3:cad>78</ns3:cad>
          </ns3:TrackPointExtension>
        </extensions>
      </trkpt>
      <trkpt lat="31.96869461797177791595458984375" lon="118.83001704700291156768798828125">
        <ele>2.599999904632568359375</ele>
        <time>2021-07-08T12:02:26.000Z</time>
        <extensions>
          <ns3:TrackPointExtension/>
        </extensions>
      </trkpt>
      <trkpt lat="31.9687156565487384796142578125" lon="118.83001704700291156768798828125">
        <ele>2.2000000476837158203125</ele>
        <time>2021-07-08T12:02:27.000Z</time>
        <extensions>
          <ns3:TrackPointExtension/>
        </extensions>
      </trkpt>
      <trkpt lat="31.968736611306667327880859375" lon="118.83002467453479766845703125">
        <ele>2</ele>
        <time>2021-07-08T12:02:28.000Z</time>
        <extensions>
          <ns3:TrackPointExtension/>
        </extensions>
      </trkpt>
      <trkpt lat="31.9687575660645961761474609375" lon="118.83002467453479766845703125">
        <ele>1.7999999523162841796875</ele>
        <time>2021-07-08T12:02:29.000Z</time>
        <extensions>
          <ns3:TrackPointExtension/>
        </extensions>
      </trkpt>
      <trkpt lat="31.96878044866025447845458984375" lon="118.83003230206668376922607421875">
        <ele>1.60000002384185791015625</ele>
        <time>2021-07-08T12:02:30.000Z</time>
        <extensions>
          <ns3:TrackPointExtension>
            <ns3:hr>174</ns3:hr>
            <ns3:cad>78</ns3:cad>
          </ns3:TrackPointExtension>
        </extensions>
      </trkpt>
      <trkpt lat="31.96880333125591278076171875" lon="118.83003230206668376922607421875">
        <ele>1.39999997615814208984375</ele>
        <time>2021-07-08T12:02:31.000Z</time>
        <extensions>
          <ns3:TrackPointExtension/>
        </extensions>
      </trkpt>
      <trkpt lat="31.96882621385157108306884765625" lon="118.8300399295985698699951171875">
        <ele>1</ele>
        <time>2021-07-08T12:02:32.000Z</time>
        <extensions>
          <ns3:TrackPointExtension/>
        </extensions>
      </trkpt>
      <trkpt lat="31.968847252428531646728515625" lon="118.83004755713045597076416015625">
        <ele>0.800000011920928955078125</ele>
        <time>2021-07-08T12:02:33.000Z</time>
        <extensions>
          <ns3:TrackPointExtension/>
        </extensions>
      </trkpt>
      <trkpt lat="31.96887013502418994903564453125" lon="118.83004755713045597076416015625">
        <ele>0.60000002384185791015625</ele>
        <time>2021-07-08T12:02:34.000Z</time>
        <extensions>
          <ns3:TrackPointExtension/>
        </extensions>
      </trkpt>
      <trkpt lat="31.9688930176198482513427734375" lon="118.830055184662342071533203125">
        <ele>0.4000000059604644775390625</ele>
        <time>2021-07-08T12:02:35.000Z</time>
        <extensions>
          <ns3:TrackPointExtension>
            <ns3:hr>173</ns3:hr>
            <ns3:cad>77</ns3:cad>
          </ns3:TrackPointExtension>
        </extensions>
      </trkpt>
      <trkpt lat="31.96891590021550655364990234375" lon="118.830055184662342071533203125">
        <ele>0.20000000298023223876953125</ele>
        <time>2021-07-08T12:02:36.000Z</time>
        <extensions>
          <ns3:TrackPointExtension/>
        </extensions>
      </trkpt>
      <trkpt lat="31.96893878281116485595703125" lon="118.83006281219422817230224609375">
        <ele>-0.20000000298023223876953125</ele>
        <time>2021-07-08T12:02:37.000Z</time>
        <extensions>
          <ns3:TrackPointExtension/>
        </extensions>
      </trkpt>
      <trkpt lat="31.9689635932445526123046875" lon="118.83006281219422817230224609375">
        <ele>-0.4000000059604644775390625</ele>
        <time>2021-07-08T12:02:38.000Z</time>
        <extensions>
          <ns3:TrackPointExtension/>
        </extensions>
      </trkpt>
      <trkpt lat="31.96898647584021091461181640625" lon="118.83006281219422817230224609375">
        <ele>-0.60000002384185791015625</ele>
        <time>2021-07-08T12:02:39.000Z</time>
        <extensions>
          <ns3:TrackPointExtension/>
        </extensions>
      </trkpt>
      <trkpt lat="31.9690093584358692169189453125" lon="118.8300704397261142730712890625">
        <ele>-0.800000011920928955078125</ele>
        <time>2021-07-08T12:02:40.000Z</time>
        <extensions>
          <ns3:TrackPointExtension>
            <ns3:hr>173</ns3:hr>
            <ns3:cad>77</ns3:cad>
          </ns3:TrackPointExtension>
        </extensions>
      </trkpt>
      <trkpt lat="31.9690341688692569732666015625" lon="118.8300704397261142730712890625">
        <ele>-0.800000011920928955078125</ele>
        <time>2021-07-08T12:02:41.000Z</time>
        <extensions>
          <ns3:TrackPointExtension/>
        </extensions>
      </trkpt>
      <trkpt lat="31.96905705146491527557373046875" lon="118.8300704397261142730712890625">
        <ele>-0.800000011920928955078125</ele>
        <time>2021-07-08T12:02:42.000Z</time>
        <extensions>
          <ns3:TrackPointExtension/>
        </extensions>
      </trkpt>
      <trkpt lat="31.969079934060573577880859375" lon="118.83007806725800037384033203125">
        <ele>-0.60000002384185791015625</ele>
        <time>2021-07-08T12:02:43.000Z</time>
        <extensions>
          <ns3:TrackPointExtension/>
        </extensions>
      </trkpt>
      <trkpt lat="31.969104744493961334228515625" lon="118.83007806725800037384033203125">
        <ele>-0.60000002384185791015625</ele>
        <time>2021-07-08T12:02:44.000Z</time>
        <extensions>
          <ns3:TrackPointExtension/>
        </extensions>
      </trkpt>
      <trkpt lat="31.96912762708961963653564453125" lon="118.83007806725800037384033203125">
        <ele>-0.60000002384185791015625</ele>
        <time>2021-07-08T12:02:45.000Z</time>
        <extensions>
          <ns3:TrackPointExtension>
            <ns3:hr>173</ns3:hr>
            <ns3:cad>77</ns3:cad>
          </ns3:TrackPointExtension>
        </extensions>
      </trkpt>
      <trkpt lat="31.96915243752300739288330078125" lon="118.830085694789886474609375">
        <ele>-0.4000000059604644775390625</ele>
        <time>2021-07-08T12:02:46.000Z</time>
        <extensions>
          <ns3:TrackPointExtension/>
        </extensions>
      </trkpt>
      <trkpt lat="31.9691753201186656951904296875" lon="118.830085694789886474609375">
        <ele>-0.4000000059604644775390625</ele>
        <time>2021-07-08T12:02:47.000Z</time>
        <extensions>
          <ns3:TrackPointExtension/>
        </extensions>
      </trkpt>
      <trkpt lat="31.96919820271432399749755859375" lon="118.830085694789886474609375">
        <ele>-0.4000000059604644775390625</ele>
        <time>2021-07-08T12:02:48.000Z</time>
        <extensions>
          <ns3:TrackPointExtension/>
        </extensions>
      </trkpt>
      <trkpt lat="31.9692210853099822998046875" lon="118.830085694789886474609375">
        <ele>-0.20000000298023223876953125</ele>
        <time>2021-07-08T12:02:49.000Z</time>
        <extensions>
          <ns3:TrackPointExtension/>
        </extensions>
      </trkpt>
      <trkpt lat="31.96924396790564060211181640625" lon="118.83009332232177257537841796875">
        <ele>-0.20000000298023223876953125</ele>
        <time>2021-07-08T12:02:50.000Z</time>
        <extensions>
          <ns3:TrackPointExtension>
            <ns3:hr>174</ns3:hr>
            <ns3:cad>77</ns3:cad>
          </ns3:TrackPointExtension>
        </extensions>
      </trkpt>
      <trkpt lat="31.9692668505012989044189453125" lon="118.83009332232177257537841796875">
        <ele>-0.20000000298023223876953125</ele>
        <time>2021-07-08T12:02:51.000Z</time>
        <extensions>
          <ns3:TrackPointExtension/>
        </extensions>
      </trkpt>
      <trkpt lat="31.96928973309695720672607421875" lon="118.83009332232177257537841796875">
        <ele>0</ele>
        <time>2021-07-08T12:02:52.000Z</time>
        <extensions>
          <ns3:TrackPointExtension/>
        </extensions>
      </trkpt>
      <trkpt lat="31.969312615692615509033203125" lon="118.83009332232177257537841796875">
        <ele>0.20000000298023223876953125</ele>
        <time>2021-07-08T12:02:53.000Z</time>
        <extensions>
          <ns3:TrackPointExtension/>
        </extensions>
      </trkpt>
      <trkpt lat="31.96933549828827381134033203125" lon="118.8301009498536586761474609375">
        <ele>0.4000000059604644775390625</ele>
        <time>2021-07-08T12:02:54.000Z</time>
        <extensions>
          <ns3:TrackPointExtension/>
        </extensions>
      </trkpt>
      <trkpt lat="31.9693583808839321136474609375" lon="118.8301009498536586761474609375">
        <ele>0.60000002384185791015625</ele>
        <time>2021-07-08T12:02:55.000Z</time>
        <extensions>
          <ns3:TrackPointExtension>
            <ns3:hr>173</ns3:hr>
            <ns3:cad>77</ns3:cad>
          </ns3:TrackPointExtension>
        </extensions>
      </trkpt>
      <trkpt lat="31.96938126347959041595458984375" lon="118.8301009498536586761474609375">
        <ele>1</ele>
        <time>2021-07-08T12:02:56.000Z</time>
        <extensions>
          <ns3:TrackPointExtension/>
        </extensions>
      </trkpt>
      <trkpt lat="31.96940607391297817230224609375" lon="118.83010857738554477691650390625">
        <ele>1.2000000476837158203125</ele>
        <time>2021-07-08T12:02:57.000Z</time>
        <extensions>
          <ns3:TrackPointExtension/>
        </extensions>
      </trkpt>
      <trkpt lat="31.969428956508636474609375" lon="118.83010857738554477691650390625">
        <ele>1.39999997615814208984375</ele>
        <time>2021-07-08T12:02:58.000Z</time>
        <extensions>
          <ns3:TrackPointExtension/>
        </extensions>
      </trkpt>
      <trkpt lat="31.96945376694202423095703125" lon="118.83010857738554477691650390625">
        <ele>1.7999999523162841796875</ele>
        <time>2021-07-08T12:02:59.000Z</time>
        <extensions>
          <ns3:TrackPointExtension/>
        </extensions>
      </trkpt>
      <trkpt lat="31.9694785773754119873046875" lon="118.830116204917430877685546875">
        <ele>2</ele>
        <time>2021-07-08T12:03:00.000Z</time>
        <extensions>
          <ns3:TrackPointExtension>
            <ns3:hr>173</ns3:hr>
            <ns3:cad>77</ns3:cad>
          </ns3:TrackPointExtension>
        </extensions>
      </trkpt>
      <trkpt lat="31.96950338780879974365234375" lon="118.830116204917430877685546875">
        <ele>2.400000095367431640625</ele>
        <time>2021-07-08T12:03:01.000Z</time>
        <extensions>
          <ns3:TrackPointExtension/>
        </extensions>
      </trkpt>
      <trkpt lat="31.9695300422608852386474609375" lon="118.830116204917430877685546875">
        <ele>2.599999904632568359375</ele>
        <time>2021-07-08T12:03:02.000Z</time>
        <extensions>
          <ns3:TrackPointExtension/>
        </extensions>
      </trkpt>
      <trkpt lat="31.9695548526942729949951171875" lon="118.830116204917430877685546875">
        <ele>2.7999999523162841796875</ele>
        <time>2021-07-08T12:03:03.000Z</time>
        <extensions>
          <ns3:TrackPointExtension/>
        </extensions>
      </trkpt>
      <trkpt lat="31.96958343498408794403076171875" lon="118.83012383244931697845458984375">
        <ele>3.2000000476837158203125</ele>
        <time>2021-07-08T12:03:04.000Z</time>
        <extensions>
          <ns3:TrackPointExtension/>
        </extensions>
      </trkpt>
      <trkpt lat="31.96960824541747570037841796875" lon="118.83012383244931697845458984375">
        <ele>3.400000095367431640625</ele>
        <time>2021-07-08T12:03:05.000Z</time>
        <extensions>
          <ns3:TrackPointExtension>
            <ns3:hr>174</ns3:hr>
            <ns3:cad>77</ns3:cad>
          </ns3:TrackPointExtension>
        </extensions>
      </trkpt>
      <trkpt lat="31.9696349836885929107666015625" lon="118.8301314599812030792236328125">
        <ele>3.7999999523162841796875</ele>
        <time>2021-07-08T12:03:06.000Z</time>
        <extensions>
          <ns3:TrackPointExtension/>
        </extensions>
      </trkpt>
      <trkpt lat="31.96966356597840785980224609375" lon="118.8301314599812030792236328125">
        <ele>4.19999980926513671875</ele>
        <time>2021-07-08T12:03:07.000Z</time>
        <extensions>
          <ns3:TrackPointExtension/>
        </extensions>
      </trkpt>
      <trkpt lat="31.9696903042495250701904296875" lon="118.8301314599812030792236328125">
        <ele>4.599999904632568359375</ele>
        <time>2021-07-08T12:03:08.000Z</time>
        <extensions>
          <ns3:TrackPointExtension/>
        </extensions>
      </trkpt>
      <trkpt lat="31.969716958701610565185546875" lon="118.83013908751308917999267578125">
        <ele>5</ele>
        <time>2021-07-08T12:03:09.000Z</time>
        <extensions>
          <ns3:TrackPointExtension/>
        </extensions>
      </trkpt>
      <trkpt lat="31.96974369697272777557373046875" lon="118.83013908751308917999267578125">
        <ele>5.400000095367431640625</ele>
        <time>2021-07-08T12:03:10.000Z</time>
        <extensions>
          <ns3:TrackPointExtension>
            <ns3:hr>176</ns3:hr>
            <ns3:cad>77</ns3:cad>
          </ns3:TrackPointExtension>
        </extensions>
      </trkpt>
      <trkpt lat="31.96977035142481327056884765625" lon="118.83014671504497528076171875">
        <ele>5.80000019073486328125</ele>
        <time>2021-07-08T12:03:11.000Z</time>
        <extensions>
          <ns3:TrackPointExtension/>
        </extensions>
      </trkpt>
      <trkpt lat="31.96979901753365993499755859375" lon="118.83014671504497528076171875">
        <ele>6.19999980926513671875</ele>
        <time>2021-07-08T12:03:12.000Z</time>
        <extensions>
          <ns3:TrackPointExtension/>
        </extensions>
      </trkpt>
      <trkpt lat="31.96982567198574542999267578125" lon="118.83015434257686138153076171875">
        <ele>6.599999904632568359375</ele>
        <time>2021-07-08T12:03:13.000Z</time>
        <extensions>
          <ns3:TrackPointExtension/>
        </extensions>
      </trkpt>
      <trkpt lat="31.969852410256862640380859375" lon="118.83015434257686138153076171875">
        <ele>7</ele>
        <time>2021-07-08T12:03:14.000Z</time>
        <extensions>
          <ns3:TrackPointExtension/>
        </extensions>
      </trkpt>
      <trkpt lat="31.96988099254667758941650390625" lon="118.8301619701087474822998046875">
        <ele>7</ele>
        <time>2021-07-08T12:03:15.000Z</time>
        <extensions>
          <ns3:TrackPointExtension>
            <ns3:hr>175</ns3:hr>
            <ns3:cad>77</ns3:cad>
          </ns3:TrackPointExtension>
        </extensions>
      </trkpt>
      <trkpt lat="31.9699077308177947998046875" lon="118.8301619701087474822998046875">
        <ele>7</ele>
        <time>2021-07-08T12:03:16.000Z</time>
        <extensions>
          <ns3:TrackPointExtension/>
        </extensions>
      </trkpt>
      <trkpt lat="31.9699343852698802947998046875" lon="118.8301619701087474822998046875">
        <ele>7</ele>
        <time>2021-07-08T12:03:17.000Z</time>
        <extensions>
          <ns3:TrackPointExtension/>
        </extensions>
      </trkpt>
      <trkpt lat="31.969963051378726959228515625" lon="118.83016959764063358306884765625">
        <ele>6.80000019073486328125</ele>
        <time>2021-07-08T12:03:18.000Z</time>
        <extensions>
          <ns3:TrackPointExtension/>
        </extensions>
      </trkpt>
      <trkpt lat="31.9699897058308124542236328125" lon="118.83016959764063358306884765625">
        <ele>6.80000019073486328125</ele>
        <time>2021-07-08T12:03:19.000Z</time>
        <extensions>
          <ns3:TrackPointExtension/>
        </extensions>
      </trkpt>
      <trkpt lat="31.97001644410192966461181640625" lon="118.83016959764063358306884765625">
        <ele>6.599999904632568359375</ele>
        <time>2021-07-08T12:03:20.000Z</time>
        <extensions>
          <ns3:TrackPointExtension>
            <ns3:hr>172</ns3:hr>
            <ns3:cad>77</ns3:cad>
          </ns3:TrackPointExtension>
        </extensions>
      </trkpt>
      <trkpt lat="31.970043182373046875" lon="118.830177225172519683837890625">
        <ele>6.599999904632568359375</ele>
        <time>2021-07-08T12:03:21.000Z</time>
        <extensions>
          <ns3:TrackPointExtension/>
        </extensions>
      </trkpt>
      <trkpt lat="31.97007176466286182403564453125" lon="118.830177225172519683837890625">
        <ele>6.599999904632568359375</ele>
        <time>2021-07-08T12:03:22.000Z</time>
        <extensions>
          <ns3:TrackPointExtension/>
        </extensions>
      </trkpt>
      <trkpt lat="31.97009657509624958038330078125" lon="118.8301849365234375">
        <ele>6.400000095367431640625</ele>
        <time>2021-07-08T12:03:23.000Z</time>
        <extensions>
          <ns3:TrackPointExtension/>
        </extensions>
      </trkpt>
      <trkpt lat="31.97012322954833507537841796875" lon="118.8301849365234375">
        <ele>6.400000095367431640625</ele>
        <time>2021-07-08T12:03:24.000Z</time>
        <extensions>
          <ns3:TrackPointExtension/>
        </extensions>
      </trkpt>
      <trkpt lat="31.9701499678194522857666015625" lon="118.8301849365234375">
        <ele>6.19999980926513671875</ele>
        <time>2021-07-08T12:03:25.000Z</time>
        <extensions>
          <ns3:TrackPointExtension>
            <ns3:hr>172</ns3:hr>
            <ns3:cad>77</ns3:cad>
          </ns3:TrackPointExtension>
        </extensions>
      </trkpt>
      <trkpt lat="31.9701747782528400421142578125" lon="118.83019256405532360076904296875">
        <ele>6.19999980926513671875</ele>
        <time>2021-07-08T12:03:26.000Z</time>
        <extensions>
          <ns3:TrackPointExtension/>
        </extensions>
      </trkpt>
      <trkpt lat="31.97019950486719608306884765625" lon="118.83019256405532360076904296875">
        <ele>6.19999980926513671875</ele>
        <time>2021-07-08T12:03:27.000Z</time>
        <extensions>
          <ns3:TrackPointExtension/>
        </extensions>
      </trkpt>
      <trkpt lat="31.97022431530058383941650390625" lon="118.83019256405532360076904296875">
        <ele>6</ele>
        <time>2021-07-08T12:03:28.000Z</time>
        <extensions>
          <ns3:TrackPointExtension/>
        </extensions>
      </trkpt>
      <trkpt lat="31.97024912573397159576416015625" lon="118.8302001915872097015380859375">
        <ele>6</ele>
        <time>2021-07-08T12:03:29.000Z</time>
        <extensions>
          <ns3:TrackPointExtension/>
        </extensions>
      </trkpt>
      <trkpt lat="31.97027393616735935211181640625" lon="118.8302001915872097015380859375">
        <ele>5.80000019073486328125</ele>
        <time>2021-07-08T12:03:30.000Z</time>
        <extensions>
          <ns3:TrackPointExtension>
            <ns3:hr>171</ns3:hr>
            <ns3:cad>77</ns3:cad>
          </ns3:TrackPointExtension>
        </extensions>
      </trkpt>
      <trkpt lat="31.97029874660074710845947265625" lon="118.8302001915872097015380859375">
        <ele>5.80000019073486328125</ele>
        <time>2021-07-08T12:03:31.000Z</time>
        <extensions>
          <ns3:TrackPointExtension/>
        </extensions>
      </trkpt>
      <trkpt lat="31.97032355703413486480712890625" lon="118.8302001915872097015380859375">
        <ele>5.599999904632568359375</ele>
        <time>2021-07-08T12:03:32.000Z</time>
        <extensions>
          <ns3:TrackPointExtension/>
        </extensions>
      </trkpt>
      <trkpt lat="31.9703464396297931671142578125" lon="118.8302001915872097015380859375">
        <ele>5.599999904632568359375</ele>
        <time>2021-07-08T12:03:33.000Z</time>
        <extensions>
          <ns3:TrackPointExtension/>
        </extensions>
      </trkpt>
      <trkpt lat="31.97037116624414920806884765625" lon="118.83020781911909580230712890625">
        <ele>5.599999904632568359375</ele>
        <time>2021-07-08T12:03:34.000Z</time>
        <extensions>
          <ns3:TrackPointExtension/>
        </extensions>
      </trkpt>
      <trkpt lat="31.97039597667753696441650390625" lon="118.83020781911909580230712890625">
        <ele>5.400000095367431640625</ele>
        <time>2021-07-08T12:03:35.000Z</time>
        <extensions>
          <ns3:TrackPointExtension>
            <ns3:hr>173</ns3:hr>
            <ns3:cad>77</ns3:cad>
          </ns3:TrackPointExtension>
        </extensions>
      </trkpt>
      <trkpt lat="31.97042078711092472076416015625" lon="118.83020781911909580230712890625">
        <ele>5.400000095367431640625</ele>
        <time>2021-07-08T12:03:36.000Z</time>
        <extensions>
          <ns3:TrackPointExtension/>
        </extensions>
      </trkpt>
      <trkpt lat="31.97044559754431247711181640625" lon="118.83020781911909580230712890625">
        <ele>5.400000095367431640625</ele>
        <time>2021-07-08T12:03:37.000Z</time>
        <extensions>
          <ns3:TrackPointExtension/>
        </extensions>
      </trkpt>
      <trkpt lat="31.97047040797770023345947265625" lon="118.83020781911909580230712890625">
        <ele>5.400000095367431640625</ele>
        <time>2021-07-08T12:03:38.000Z</time>
        <extensions>
          <ns3:TrackPointExtension/>
        </extensions>
      </trkpt>
      <trkpt lat="31.97049706242978572845458984375" lon="118.83020781911909580230712890625">
        <ele>5.400000095367431640625</ele>
        <time>2021-07-08T12:03:39.000Z</time>
        <extensions>
          <ns3:TrackPointExtension/>
        </extensions>
      </trkpt>
      <trkpt lat="31.97052187286317348480224609375" lon="118.83020781911909580230712890625">
        <ele>5.400000095367431640625</ele>
        <time>2021-07-08T12:03:40.000Z</time>
        <extensions>
          <ns3:TrackPointExtension>
            <ns3:hr>172</ns3:hr>
            <ns3:cad>77</ns3:cad>
          </ns3:TrackPointExtension>
        </extensions>
      </trkpt>
      <trkpt lat="31.97054668329656124114990234375" lon="118.830215446650981903076171875">
        <ele>5.599999904632568359375</ele>
        <time>2021-07-08T12:03:41.000Z</time>
        <extensions>
          <ns3:TrackPointExtension/>
        </extensions>
      </trkpt>
      <trkpt lat="31.97057149372994899749755859375" lon="118.830215446650981903076171875">
        <ele>5.80000019073486328125</ele>
        <time>2021-07-08T12:03:42.000Z</time>
        <extensions>
          <ns3:TrackPointExtension/>
        </extensions>
      </trkpt>
      <trkpt lat="31.97059630416333675384521484375" lon="118.83022307418286800384521484375">
        <ele>5.80000019073486328125</ele>
        <time>2021-07-08T12:03:43.000Z</time>
        <extensions>
          <ns3:TrackPointExtension/>
        </extensions>
      </trkpt>
      <trkpt lat="31.97062295861542224884033203125" lon="118.83022307418286800384521484375">
        <ele>6</ele>
        <time>2021-07-08T12:03:44.000Z</time>
        <extensions>
          <ns3:TrackPointExtension/>
        </extensions>
      </trkpt>
      <trkpt lat="31.97064776904881000518798828125" lon="118.8302307017147541046142578125">
        <ele>6.19999980926513671875</ele>
        <time>2021-07-08T12:03:45.000Z</time>
        <extensions>
          <ns3:TrackPointExtension>
            <ns3:hr>173</ns3:hr>
            <ns3:cad>77</ns3:cad>
          </ns3:TrackPointExtension>
        </extensions>
      </trkpt>
      <trkpt lat="31.97067257948219776153564453125" lon="118.8302307017147541046142578125">
        <ele>6.400000095367431640625</ele>
        <time>2021-07-08T12:03:46.000Z</time>
        <extensions>
          <ns3:TrackPointExtension/>
        </extensions>
      </trkpt>
      <trkpt lat="31.9706954620778560638427734375" lon="118.8302307017147541046142578125">
        <ele>6.599999904632568359375</ele>
        <time>2021-07-08T12:03:47.000Z</time>
        <extensions>
          <ns3:TrackPointExtension/>
        </extensions>
      </trkpt>
      <trkpt lat="31.97071834467351436614990234375" lon="118.83023832924664020538330078125">
        <ele>6.599999904632568359375</ele>
        <time>2021-07-08T12:03:48.000Z</time>
        <extensions>
          <ns3:TrackPointExtension/>
        </extensions>
      </trkpt>
      <trkpt lat="31.97074315510690212249755859375" lon="118.83023832924664020538330078125">
        <ele>6.599999904632568359375</ele>
        <time>2021-07-08T12:03:49.000Z</time>
        <extensions>
          <ns3:TrackPointExtension/>
        </extensions>
      </trkpt>
      <trkpt lat="31.9707660377025604248046875" lon="118.83023832924664020538330078125">
        <ele>6.80000019073486328125</ele>
        <time>2021-07-08T12:03:50.000Z</time>
        <extensions>
          <ns3:TrackPointExtension>
            <ns3:hr>174</ns3:hr>
            <ns3:cad>77</ns3:cad>
          </ns3:TrackPointExtension>
        </extensions>
      </trkpt>
      <trkpt lat="31.9707869924604892730712890625" lon="118.83023832924664020538330078125">
        <ele>6.80000019073486328125</ele>
        <time>2021-07-08T12:03:51.000Z</time>
        <extensions>
          <ns3:TrackPointExtension/>
        </extensions>
      </trkpt>
      <trkpt lat="31.970807947218418121337890625" lon="118.8302307017147541046142578125">
        <ele>7</ele>
        <time>2021-07-08T12:03:52.000Z</time>
        <extensions>
          <ns3:TrackPointExtension/>
        </extensions>
      </trkpt>
      <trkpt lat="31.97082898579537868499755859375" lon="118.8302307017147541046142578125">
        <ele>7</ele>
        <time>2021-07-08T12:03:53.000Z</time>
        <extensions>
          <ns3:TrackPointExtension/>
        </extensions>
      </trkpt>
      <trkpt lat="31.9708480127155780792236328125" lon="118.83022307418286800384521484375">
        <ele>7.19999980926513671875</ele>
        <time>2021-07-08T12:03:54.000Z</time>
        <extensions>
          <ns3:TrackPointExtension/>
        </extensions>
      </trkpt>
      <trkpt lat="31.9708671234548091888427734375" lon="118.830215446650981903076171875">
        <ele>7.19999980926513671875</ele>
        <time>2021-07-08T12:03:55.000Z</time>
        <extensions>
          <ns3:TrackPointExtension>
            <ns3:hr>171</ns3:hr>
            <ns3:cad>77</ns3:cad>
          </ns3:TrackPointExtension>
        </extensions>
      </trkpt>
      <trkpt lat="31.97088615037500858306884765625" lon="118.8302001915872097015380859375">
        <ele>7.400000095367431640625</ele>
        <time>2021-07-08T12:03:56.000Z</time>
        <extensions>
          <ns3:TrackPointExtension/>
        </extensions>
      </trkpt>
      <trkpt lat="31.97090526111423969268798828125" lon="118.83019256405532360076904296875">
        <ele>7.400000095367431640625</ele>
        <time>2021-07-08T12:03:57.000Z</time>
        <extensions>
          <ns3:TrackPointExtension/>
        </extensions>
      </trkpt>
      <trkpt lat="31.97092437185347080230712890625" lon="118.8301849365234375">
        <ele>7.599999904632568359375</ele>
        <time>2021-07-08T12:03:58.000Z</time>
        <extensions>
          <ns3:TrackPointExtension/>
        </extensions>
      </trkpt>
      <trkpt lat="31.970943398773670196533203125" lon="118.83016959764063358306884765625">
        <ele>7.599999904632568359375</ele>
        <time>2021-07-08T12:03:59.000Z</time>
        <extensions>
          <ns3:TrackPointExtension/>
        </extensions>
      </trkpt>
      <trkpt lat="31.97096250951290130615234375" lon="118.8301619701087474822998046875">
        <ele>7.80000019073486328125</ele>
        <time>2021-07-08T12:04:00.000Z</time>
        <extensions>
          <ns3:TrackPointExtension>
            <ns3:hr>172</ns3:hr>
            <ns3:cad>77</ns3:cad>
          </ns3:TrackPointExtension>
        </extensions>
      </trkpt>
      <trkpt lat="31.9709834642708301544189453125" lon="118.83014671504497528076171875">
        <ele>7.80000019073486328125</ele>
        <time>2021-07-08T12:04:01.000Z</time>
        <extensions>
          <ns3:TrackPointExtension/>
        </extensions>
      </trkpt>
      <trkpt lat="31.971004419028759002685546875" lon="118.83013908751308917999267578125">
        <ele>7.80000019073486328125</ele>
        <time>2021-07-08T12:04:02.000Z</time>
        <extensions>
          <ns3:TrackPointExtension/>
        </extensions>
      </trkpt>
      <trkpt lat="31.97102730162441730499267578125" lon="118.8301314599812030792236328125">
        <ele>7.80000019073486328125</ele>
        <time>2021-07-08T12:04:03.000Z</time>
        <extensions>
          <ns3:TrackPointExtension/>
        </extensions>
      </trkpt>
      <trkpt lat="31.9710501842200756072998046875" lon="118.830116204917430877685546875">
        <ele>8</ele>
        <time>2021-07-08T12:04:04.000Z</time>
        <extensions>
          <ns3:TrackPointExtension/>
        </extensions>
      </trkpt>
      <trkpt lat="31.9710749946534633636474609375" lon="118.83010857738554477691650390625">
        <ele>8</ele>
        <time>2021-07-08T12:04:05.000Z</time>
        <extensions>
          <ns3:TrackPointExtension>
            <ns3:hr>170</ns3:hr>
            <ns3:cad>77</ns3:cad>
          </ns3:TrackPointExtension>
        </extensions>
      </trkpt>
      <trkpt lat="31.97110173292458057403564453125" lon="118.8301009498536586761474609375">
        <ele>8</ele>
        <time>2021-07-08T12:04:06.000Z</time>
        <extensions>
          <ns3:TrackPointExtension/>
        </extensions>
      </trkpt>
      <trkpt lat="31.97112654335796833038330078125" lon="118.83009332232177257537841796875">
        <ele>8</ele>
        <time>2021-07-08T12:04:07.000Z</time>
        <extensions>
          <ns3:TrackPointExtension/>
        </extensions>
      </trkpt>
      <trkpt lat="31.97115319781005382537841796875" lon="118.830085694789886474609375">
        <ele>8</ele>
        <time>2021-07-08T12:04:08.000Z</time>
        <extensions>
          <ns3:TrackPointExtension/>
        </extensions>
      </trkpt>
      <trkpt lat="31.97118186391890048980712890625" lon="118.83007806725800037384033203125">
        <ele>8</ele>
        <time>2021-07-08T12:04:09.000Z</time>
        <extensions>
          <ns3:TrackPointExtension/>
        </extensions>
      </trkpt>
      <trkpt lat="31.97120851837098598480224609375" lon="118.8300704397261142730712890625">
        <ele>8.19999980926513671875</ele>
        <time>2021-07-08T12:04:10.000Z</time>
        <extensions>
          <ns3:TrackPointExtension>
            <ns3:hr>172</ns3:hr>
            <ns3:cad>76</ns3:cad>
          </ns3:TrackPointExtension>
        </extensions>
      </trkpt>
      <trkpt lat="31.971237100660800933837890625" lon="118.8300704397261142730712890625">
        <ele>8</ele>
        <time>2021-07-08T12:04:11.000Z</time>
        <extensions>
          <ns3:TrackPointExtension/>
        </extensions>
      </trkpt>
      <trkpt lat="31.9712657667696475982666015625" lon="118.83006281219422817230224609375">
        <ele>8</ele>
        <time>2021-07-08T12:04:12.000Z</time>
        <extensions>
          <ns3:TrackPointExtension/>
        </extensions>
      </trkpt>
      <trkpt lat="31.97129434905946254730224609375" lon="118.830055184662342071533203125">
        <ele>8</ele>
        <time>2021-07-08T12:04:13.000Z</time>
        <extensions>
          <ns3:TrackPointExtension/>
        </extensions>
      </trkpt>
      <trkpt lat="31.97132485918700695037841796875" lon="118.83004755713045597076416015625">
        <ele>7.80000019073486328125</ele>
        <time>2021-07-08T12:04:14.000Z</time>
        <extensions>
          <ns3:TrackPointExtension/>
        </extensions>
      </trkpt>
      <trkpt lat="31.9713515974581241607666015625" lon="118.8300399295985698699951171875">
        <ele>7.80000019073486328125</ele>
        <time>2021-07-08T12:04:15.000Z</time>
        <extensions>
          <ns3:TrackPointExtension>
            <ns3:hr>172</ns3:hr>
            <ns3:cad>77</ns3:cad>
          </ns3:TrackPointExtension>
        </extensions>
      </trkpt>
      <trkpt lat="31.97138017974793910980224609375" lon="118.83003230206668376922607421875">
        <ele>7.80000019073486328125</ele>
        <time>2021-07-08T12:04:16.000Z</time>
        <extensions>
          <ns3:TrackPointExtension/>
        </extensions>
      </trkpt>
      <trkpt lat="31.971408762037754058837890625" lon="118.83002467453479766845703125">
        <ele>7.599999904632568359375</ele>
        <time>2021-07-08T12:04:17.000Z</time>
        <extensions>
          <ns3:TrackPointExtension/>
        </extensions>
      </trkpt>
      <trkpt lat="31.9714374281466007232666015625" lon="118.83001704700291156768798828125">
        <ele>7.599999904632568359375</ele>
        <time>2021-07-08T12:04:18.000Z</time>
        <extensions>
          <ns3:TrackPointExtension/>
        </extensions>
      </trkpt>
      <trkpt lat="31.97146408259868621826171875" lon="118.8300094194710254669189453125">
        <ele>7.599999904632568359375</ele>
        <time>2021-07-08T12:04:19.000Z</time>
        <extensions>
          <ns3:TrackPointExtension/>
        </extensions>
      </trkpt>
      <trkpt lat="31.9714927487075328826904296875" lon="118.83000179193913936614990234375">
        <ele>7.599999904632568359375</ele>
        <time>2021-07-08T12:04:20.000Z</time>
        <extensions>
          <ns3:TrackPointExtension>
            <ns3:hr>170</ns3:hr>
            <ns3:cad>77</ns3:cad>
          </ns3:TrackPointExtension>
        </extensions>
      </trkpt>
      <trkpt lat="31.971519403159618377685546875" lon="118.82998653687536716461181640625">
        <ele>7.80000019073486328125</ele>
        <time>2021-07-08T12:04:21.000Z</time>
        <extensions>
          <ns3:TrackPointExtension/>
        </extensions>
      </trkpt>
      <trkpt lat="31.971544213593006134033203125" lon="118.82997128181159496307373046875">
        <ele>7.80000019073486328125</ele>
        <time>2021-07-08T12:04:22.000Z</time>
        <extensions>
          <ns3:TrackPointExtension/>
        </extensions>
      </trkpt>
      <trkpt lat="31.97157095186412334442138671875" lon="118.8299636542797088623046875">
        <ele>7.80000019073486328125</ele>
        <time>2021-07-08T12:04:23.000Z</time>
        <extensions>
          <ns3:TrackPointExtension/>
        </extensions>
      </trkpt>
      <trkpt lat="31.97159760631620883941650390625" lon="118.8299483992159366607666015625">
        <ele>7.80000019073486328125</ele>
        <time>2021-07-08T12:04:24.000Z</time>
        <extensions>
          <ns3:TrackPointExtension/>
        </extensions>
      </trkpt>
      <trkpt lat="31.97162241674959659576416015625" lon="118.829933144152164459228515625">
        <ele>7.80000019073486328125</ele>
        <time>2021-07-08T12:04:25.000Z</time>
        <extensions>
          <ns3:TrackPointExtension>
            <ns3:hr>169</ns3:hr>
            <ns3:cad>77</ns3:cad>
          </ns3:TrackPointExtension>
        </extensions>
      </trkpt>
      <trkpt lat="31.97164722718298435211181640625" lon="118.82992551662027835845947265625">
        <ele>7.599999904632568359375</ele>
        <time>2021-07-08T12:04:26.000Z</time>
        <extensions>
          <ns3:TrackPointExtension/>
        </extensions>
      </trkpt>
      <trkpt lat="31.97167203761637210845947265625" lon="118.82991026155650615692138671875">
        <ele>7.19999980926513671875</ele>
        <time>2021-07-08T12:04:27.000Z</time>
        <extensions>
          <ns3:TrackPointExtension/>
        </extensions>
      </trkpt>
      <trkpt lat="31.97169869206845760345458984375" lon="118.82990263402462005615234375">
        <ele>6.80000019073486328125</ele>
        <time>2021-07-08T12:04:28.000Z</time>
        <extensions>
          <ns3:TrackPointExtension/>
        </extensions>
      </trkpt>
      <trkpt lat="31.97172350250184535980224609375" lon="118.82989500649273395538330078125">
        <ele>6.400000095367431640625</ele>
        <time>2021-07-08T12:04:29.000Z</time>
        <extensions>
          <ns3:TrackPointExtension/>
        </extensions>
      </trkpt>
      <trkpt lat="31.97174831293523311614990234375" lon="118.8298873789608478546142578125">
        <ele>6</ele>
        <time>2021-07-08T12:04:30.000Z</time>
        <extensions>
          <ns3:TrackPointExtension>
            <ns3:hr>171</ns3:hr>
            <ns3:cad>77</ns3:cad>
          </ns3:TrackPointExtension>
        </extensions>
      </trkpt>
      <trkpt lat="31.97177312336862087249755859375" lon="118.82987975142896175384521484375">
        <ele>5.599999904632568359375</ele>
        <time>2021-07-08T12:04:31.000Z</time>
        <extensions>
          <ns3:TrackPointExtension/>
        </extensions>
      </trkpt>
      <trkpt lat="31.97179793380200862884521484375" lon="118.829872123897075653076171875">
        <ele>5.19999980926513671875</ele>
        <time>2021-07-08T12:04:32.000Z</time>
        <extensions>
          <ns3:TrackPointExtension/>
        </extensions>
      </trkpt>
      <trkpt lat="31.9718226604163646697998046875" lon="118.829872123897075653076171875">
        <ele>5.19999980926513671875</ele>
        <time>2021-07-08T12:04:33.000Z</time>
        <extensions>
          <ns3:TrackPointExtension/>
        </extensions>
      </trkpt>
      <trkpt lat="31.9718474708497524261474609375" lon="118.829872123897075653076171875">
        <ele>5</ele>
        <time>2021-07-08T12:04:34.000Z</time>
        <extensions>
          <ns3:TrackPointExtension/>
        </extensions>
      </trkpt>
      <trkpt lat="31.9718722812831401824951171875" lon="118.829872123897075653076171875">
        <ele>5</ele>
        <time>2021-07-08T12:04:35.000Z</time>
        <extensions>
          <ns3:TrackPointExtension>
            <ns3:hr>174</ns3:hr>
            <ns3:cad>77</ns3:cad>
          </ns3:TrackPointExtension>
        </extensions>
      </trkpt>
      <trkpt lat="31.9718970917165279388427734375" lon="118.829872123897075653076171875">
        <ele>5</ele>
        <time>2021-07-08T12:04:36.000Z</time>
        <extensions>
          <ns3:TrackPointExtension/>
        </extensions>
      </trkpt>
      <trkpt lat="31.9719219021499156951904296875" lon="118.829872123897075653076171875">
        <ele>5</ele>
        <time>2021-07-08T12:04:37.000Z</time>
        <extensions>
          <ns3:TrackPointExtension/>
        </extensions>
      </trkpt>
      <trkpt lat="31.9719467125833034515380859375" lon="118.829872123897075653076171875">
        <ele>5</ele>
        <time>2021-07-08T12:04:38.000Z</time>
        <extensions>
          <ns3:TrackPointExtension/>
        </extensions>
      </trkpt>
      <trkpt lat="31.97196959517896175384521484375" lon="118.829872123897075653076171875">
        <ele>5</ele>
        <time>2021-07-08T12:04:39.000Z</time>
        <extensions>
          <ns3:TrackPointExtension/>
        </extensions>
      </trkpt>
      <trkpt lat="31.9719943217933177947998046875" lon="118.82987975142896175384521484375">
        <ele>5</ele>
        <time>2021-07-08T12:04:40.000Z</time>
        <extensions>
          <ns3:TrackPointExtension>
            <ns3:hr>173</ns3:hr>
            <ns3:cad>77</ns3:cad>
          </ns3:TrackPointExtension>
        </extensions>
      </trkpt>
      <trkpt lat="31.9720191322267055511474609375" lon="118.82987975142896175384521484375">
        <ele>5</ele>
        <time>2021-07-08T12:04:41.000Z</time>
        <extensions>
          <ns3:TrackPointExtension/>
        </extensions>
      </trkpt>
      <trkpt lat="31.97204201482236385345458984375" lon="118.8298873789608478546142578125">
        <ele>5</ele>
        <time>2021-07-08T12:04:42.000Z</time>
        <extensions>
          <ns3:TrackPointExtension/>
        </extensions>
      </trkpt>
      <trkpt lat="31.97206682525575160980224609375" lon="118.82989500649273395538330078125">
        <ele>5</ele>
        <time>2021-07-08T12:04:43.000Z</time>
        <extensions>
          <ns3:TrackPointExtension/>
        </extensions>
      </trkpt>
      <trkpt lat="31.97209163568913936614990234375" lon="118.82989500649273395538330078125">
        <ele>5.19999980926513671875</ele>
        <time>2021-07-08T12:04:44.000Z</time>
        <extensions>
          <ns3:TrackPointExtension/>
        </extensions>
      </trkpt>
      <trkpt lat="31.97211451828479766845703125" lon="118.82990263402462005615234375">
        <ele>5.400000095367431640625</ele>
        <time>2021-07-08T12:04:45.000Z</time>
        <extensions>
          <ns3:TrackPointExtension>
            <ns3:hr>172</ns3:hr>
            <ns3:cad>77</ns3:cad>
          </ns3:TrackPointExtension>
        </extensions>
      </trkpt>
      <trkpt lat="31.9721393287181854248046875" lon="118.82990263402462005615234375">
        <ele>5.599999904632568359375</ele>
        <time>2021-07-08T12:04:46.000Z</time>
        <extensions>
          <ns3:TrackPointExtension/>
        </extensions>
      </trkpt>
      <trkpt lat="31.97216221131384372711181640625" lon="118.82991026155650615692138671875">
        <ele>6</ele>
        <time>2021-07-08T12:04:47.000Z</time>
        <extensions>
          <ns3:TrackPointExtension/>
        </extensions>
      </trkpt>
      <trkpt lat="31.97218702174723148345947265625" lon="118.82991026155650615692138671875">
        <ele>6.19999980926513671875</ele>
        <time>2021-07-08T12:04:48.000Z</time>
        <extensions>
          <ns3:TrackPointExtension/>
        </extensions>
      </trkpt>
      <trkpt lat="31.97221183218061923980712890625" lon="118.8299178890883922576904296875">
        <ele>6.400000095367431640625</ele>
        <time>2021-07-08T12:04:49.000Z</time>
        <extensions>
          <ns3:TrackPointExtension/>
        </extensions>
      </trkpt>
      <trkpt lat="31.97223848663270473480224609375" lon="118.8299178890883922576904296875">
        <ele>6.599999904632568359375</ele>
        <time>2021-07-08T12:04:50.000Z</time>
        <extensions>
          <ns3:TrackPointExtension>
            <ns3:hr>172</ns3:hr>
            <ns3:cad>77</ns3:cad>
          </ns3:TrackPointExtension>
        </extensions>
      </trkpt>
      <trkpt lat="31.97226329706609249114990234375" lon="118.8299178890883922576904296875">
        <ele>6.80000019073486328125</ele>
        <time>2021-07-08T12:04:51.000Z</time>
        <extensions>
          <ns3:TrackPointExtension/>
        </extensions>
      </trkpt>
      <trkpt lat="31.97228810749948024749755859375" lon="118.82992551662027835845947265625">
        <ele>7</ele>
        <time>2021-07-08T12:04:52.000Z</time>
        <extensions>
          <ns3:TrackPointExtension/>
        </extensions>
      </trkpt>
      <trkpt lat="31.97231476195156574249267578125" lon="118.82992551662027835845947265625">
        <ele>7.19999980926513671875</ele>
        <time>2021-07-08T12:04:53.000Z</time>
        <extensions>
          <ns3:TrackPointExtension/>
        </extensions>
      </trkpt>
      <trkpt lat="31.972341500222682952880859375" lon="118.82992551662027835845947265625">
        <ele>7.400000095367431640625</ele>
        <time>2021-07-08T12:04:54.000Z</time>
        <extensions>
          <ns3:TrackPointExtension/>
        </extensions>
      </trkpt>
      <trkpt lat="31.972366310656070709228515625" lon="118.82992551662027835845947265625">
        <ele>7.400000095367431640625</ele>
        <time>2021-07-08T12:04:55.000Z</time>
        <extensions>
          <ns3:TrackPointExtension>
            <ns3:hr>172</ns3:hr>
            <ns3:cad>77</ns3:cad>
          </ns3:TrackPointExtension>
        </extensions>
      </trkpt>
      <trkpt lat="31.9723929651081562042236328125" lon="118.829933144152164459228515625">
        <ele>7.599999904632568359375</ele>
        <time>2021-07-08T12:04:56.000Z</time>
        <extensions>
          <ns3:TrackPointExtension/>
        </extensions>
      </trkpt>
      <trkpt lat="31.97241970337927341461181640625" lon="118.829933144152164459228515625">
        <ele>7.599999904632568359375</ele>
        <time>2021-07-08T12:04:57.000Z</time>
        <extensions>
          <ns3:TrackPointExtension/>
        </extensions>
      </trkpt>
      <trkpt lat="31.97244451381266117095947265625" lon="118.829933144152164459228515625">
        <ele>7.80000019073486328125</ele>
        <time>2021-07-08T12:04:58.000Z</time>
        <extensions>
          <ns3:TrackPointExtension/>
        </extensions>
      </trkpt>
      <trkpt lat="31.97247116826474666595458984375" lon="118.829933144152164459228515625">
        <ele>7.80000019073486328125</ele>
        <time>2021-07-08T12:04:59.000Z</time>
        <extensions>
          <ns3:TrackPointExtension/>
        </extensions>
      </trkpt>
      <trkpt lat="31.9724979065358638763427734375" lon="118.829933144152164459228515625">
        <ele>8</ele>
        <time>2021-07-08T12:05:00.000Z</time>
        <extensions>
          <ns3:TrackPointExtension>
            <ns3:hr>175</ns3:hr>
            <ns3:cad>77</ns3:cad>
          </ns3:TrackPointExtension>
        </extensions>
      </trkpt>
      <trkpt lat="31.9725227169692516326904296875" lon="118.829933144152164459228515625">
        <ele>8.19999980926513671875</ele>
        <time>2021-07-08T12:05:01.000Z</time>
        <extensions>
          <ns3:TrackPointExtension/>
        </extensions>
      </trkpt>
      <trkpt lat="31.9725475274026393890380859375" lon="118.82994077168405055999755859375">
        <ele>8.3999996185302734375</ele>
        <time>2021-07-08T12:05:02.000Z</time>
        <extensions>
          <ns3:TrackPointExtension/>
        </extensions>
      </trkpt>
      <trkpt lat="31.97257225401699542999267578125" lon="118.82994077168405055999755859375">
        <ele>8.6000003814697265625</ele>
        <time>2021-07-08T12:05:03.000Z</time>
        <extensions>
          <ns3:TrackPointExtension/>
        </extensions>
      </trkpt>
      <trkpt lat="31.97259706445038318634033203125" lon="118.82994077168405055999755859375">
        <ele>8.80000019073486328125</ele>
        <time>2021-07-08T12:05:04.000Z</time>
        <extensions>
          <ns3:TrackPointExtension/>
        </extensions>
      </trkpt>
      <trkpt lat="31.97262187488377094268798828125" lon="118.8299483992159366607666015625">
        <ele>9</ele>
        <time>2021-07-08T12:05:05.000Z</time>
        <extensions>
          <ns3:TrackPointExtension>
            <ns3:hr>173</ns3:hr>
            <ns3:cad>77</ns3:cad>
          </ns3:TrackPointExtension>
        </extensions>
      </trkpt>
      <trkpt lat="31.97264668531715869903564453125" lon="118.8299483992159366607666015625">
        <ele>8.80000019073486328125</ele>
        <time>2021-07-08T12:05:06.000Z</time>
        <extensions>
          <ns3:TrackPointExtension/>
        </extensions>
      </trkpt>
      <trkpt lat="31.9726695679128170013427734375" lon="118.8299483992159366607666015625">
        <ele>8.6000003814697265625</ele>
        <time>2021-07-08T12:05:07.000Z</time>
        <extensions>
          <ns3:TrackPointExtension/>
        </extensions>
      </trkpt>
      <trkpt lat="31.9726943783462047576904296875" lon="118.82995602674782276153564453125">
        <ele>8.3999996185302734375</ele>
        <time>2021-07-08T12:05:08.000Z</time>
        <extensions>
          <ns3:TrackPointExtension/>
        </extensions>
      </trkpt>
      <trkpt lat="31.9727191887795925140380859375" lon="118.82995602674782276153564453125">
        <ele>8</ele>
        <time>2021-07-08T12:05:09.000Z</time>
        <extensions>
          <ns3:TrackPointExtension/>
        </extensions>
      </trkpt>
      <trkpt lat="31.97274391539394855499267578125" lon="118.82995602674782276153564453125">
        <ele>7.80000019073486328125</ele>
        <time>2021-07-08T12:05:10.000Z</time>
        <extensions>
          <ns3:TrackPointExtension>
            <ns3:hr>175</ns3:hr>
            <ns3:cad>76</ns3:cad>
          </ns3:TrackPointExtension>
        </extensions>
      </trkpt>
      <trkpt lat="31.9727667979896068572998046875" lon="118.82995602674782276153564453125">
        <ele>7.599999904632568359375</ele>
        <time>2021-07-08T12:05:11.000Z</time>
        <extensions>
          <ns3:TrackPointExtension/>
        </extensions>
      </trkpt>
      <trkpt lat="31.9727916084229946136474609375" lon="118.8299636542797088623046875">
        <ele>7.19999980926513671875</ele>
        <time>2021-07-08T12:05:12.000Z</time>
        <extensions>
          <ns3:TrackPointExtension/>
        </extensions>
      </trkpt>
      <trkpt lat="31.9728164188563823699951171875" lon="118.8299636542797088623046875">
        <ele>7</ele>
        <time>2021-07-08T12:05:13.000Z</time>
        <extensions>
          <ns3:TrackPointExtension/>
        </extensions>
      </trkpt>
      <trkpt lat="31.97284315712749958038330078125" lon="118.8299636542797088623046875">
        <ele>6.80000019073486328125</ele>
        <time>2021-07-08T12:05:14.000Z</time>
        <extensions>
          <ns3:TrackPointExtension/>
        </extensions>
      </trkpt>
      <trkpt lat="31.972867883741855621337890625" lon="118.8299636542797088623046875">
        <ele>6.400000095367431640625</ele>
        <time>2021-07-08T12:05:15.000Z</time>
        <extensions>
          <ns3:TrackPointExtension>
            <ns3:hr>174</ns3:hr>
            <ns3:cad>77</ns3:cad>
          </ns3:TrackPointExtension>
        </extensions>
      </trkpt>
      <trkpt lat="31.972892694175243377685546875" lon="118.82997128181159496307373046875">
        <ele>6.19999980926513671875</ele>
        <time>2021-07-08T12:05:16.000Z</time>
        <extensions>
          <ns3:TrackPointExtension/>
        </extensions>
      </trkpt>
      <trkpt lat="31.972917504608631134033203125" lon="118.82997128181159496307373046875">
        <ele>6</ele>
        <time>2021-07-08T12:05:17.000Z</time>
        <extensions>
          <ns3:TrackPointExtension/>
        </extensions>
      </trkpt>
      <trkpt lat="31.97294424287974834442138671875" lon="118.82997128181159496307373046875">
        <ele>5.80000019073486328125</ele>
        <time>2021-07-08T12:05:18.000Z</time>
        <extensions>
          <ns3:TrackPointExtension/>
        </extensions>
      </trkpt>
      <trkpt lat="31.97296905331313610076904296875" lon="118.8299789093434810638427734375">
        <ele>5.599999904632568359375</ele>
        <time>2021-07-08T12:05:19.000Z</time>
        <extensions>
          <ns3:TrackPointExtension/>
        </extensions>
      </trkpt>
      <trkpt lat="31.9729937799274921417236328125" lon="118.8299789093434810638427734375">
        <ele>5.400000095367431640625</ele>
        <time>2021-07-08T12:05:20.000Z</time>
        <extensions>
          <ns3:TrackPointExtension>
            <ns3:hr>174</ns3:hr>
            <ns3:cad>77</ns3:cad>
          </ns3:TrackPointExtension>
        </extensions>
      </trkpt>
      <trkpt lat="31.9730185903608798980712890625" lon="118.82998653687536716461181640625">
        <ele>5.19999980926513671875</ele>
        <time>2021-07-08T12:05:21.000Z</time>
        <extensions>
          <ns3:TrackPointExtension/>
        </extensions>
      </trkpt>
      <trkpt lat="31.97304532863199710845947265625" lon="118.82998653687536716461181640625">
        <ele>5</ele>
        <time>2021-07-08T12:05:22.000Z</time>
        <extensions>
          <ns3:TrackPointExtension/>
        </extensions>
      </trkpt>
      <trkpt lat="31.97307198308408260345458984375" lon="118.829994164407253265380859375">
        <ele>4.80000019073486328125</ele>
        <time>2021-07-08T12:05:23.000Z</time>
        <extensions>
          <ns3:TrackPointExtension/>
        </extensions>
      </trkpt>
      <trkpt lat="31.97309679351747035980224609375" lon="118.829994164407253265380859375">
        <ele>4.599999904632568359375</ele>
        <time>2021-07-08T12:05:24.000Z</time>
        <extensions>
          <ns3:TrackPointExtension/>
        </extensions>
      </trkpt>
      <trkpt lat="31.9731235317885875701904296875" lon="118.83000179193913936614990234375">
        <ele>4.400000095367431640625</ele>
        <time>2021-07-08T12:05:25.000Z</time>
        <extensions>
          <ns3:TrackPointExtension>
            <ns3:hr>171</ns3:hr>
            <ns3:cad>76</ns3:cad>
          </ns3:TrackPointExtension>
        </extensions>
      </trkpt>
      <trkpt lat="31.973150186240673065185546875" lon="118.8300094194710254669189453125">
        <ele>4.19999980926513671875</ele>
        <time>2021-07-08T12:05:26.000Z</time>
        <extensions>
          <ns3:TrackPointExtension/>
        </extensions>
      </trkpt>
      <trkpt lat="31.97317692451179027557373046875" lon="118.8300094194710254669189453125">
        <ele>3.7999999523162841796875</ele>
        <time>2021-07-08T12:05:27.000Z</time>
        <extensions>
          <ns3:TrackPointExtension/>
        </extensions>
      </trkpt>
      <trkpt lat="31.97320357896387577056884765625" lon="118.83001704700291156768798828125">
        <ele>3.7999999523162841796875</ele>
        <time>2021-07-08T12:05:28.000Z</time>
        <extensions>
          <ns3:TrackPointExtension/>
        </extensions>
      </trkpt>
      <trkpt lat="31.97323224507272243499755859375" lon="118.83001704700291156768798828125">
        <ele>3.7999999523162841796875</ele>
        <time>2021-07-08T12:05:29.000Z</time>
        <extensions>
          <ns3:TrackPointExtension/>
        </extensions>
      </trkpt>
      <trkpt lat="31.97325889952480792999267578125" lon="118.83002467453479766845703125">
        <ele>3.7999999523162841796875</ele>
        <time>2021-07-08T12:05:30.000Z</time>
        <extensions>
          <ns3:TrackPointExtension>
            <ns3:hr>175</ns3:hr>
            <ns3:cad>76</ns3:cad>
          </ns3:TrackPointExtension>
        </extensions>
      </trkpt>
      <trkpt lat="31.973285637795925140380859375" lon="118.83003230206668376922607421875">
        <ele>3.7999999523162841796875</ele>
        <time>2021-07-08T12:05:31.000Z</time>
        <extensions>
          <ns3:TrackPointExtension/>
        </extensions>
      </trkpt>
      <trkpt lat="31.97331422008574008941650390625" lon="118.83003230206668376922607421875">
        <ele>3.7999999523162841796875</ele>
        <time>2021-07-08T12:05:32.000Z</time>
        <extensions>
          <ns3:TrackPointExtension/>
        </extensions>
      </trkpt>
      <trkpt lat="31.9733409583568572998046875" lon="118.8300399295985698699951171875">
        <ele>3.7999999523162841796875</ele>
        <time>2021-07-08T12:05:33.000Z</time>
        <extensions>
          <ns3:TrackPointExtension/>
        </extensions>
      </trkpt>
      <trkpt lat="31.9733676128089427947998046875" lon="118.83004755713045597076416015625">
        <ele>3.7999999523162841796875</ele>
        <time>2021-07-08T12:05:34.000Z</time>
        <extensions>
          <ns3:TrackPointExtension/>
        </extensions>
      </trkpt>
      <trkpt lat="31.97339435108006000518798828125" lon="118.830055184662342071533203125">
        <ele>3.7999999523162841796875</ele>
        <time>2021-07-08T12:05:35.000Z</time>
        <extensions>
          <ns3:TrackPointExtension>
            <ns3:hr>173</ns3:hr>
            <ns3:cad>76</ns3:cad>
          </ns3:TrackPointExtension>
        </extensions>
      </trkpt>
      <trkpt lat="31.97341916151344776153564453125" lon="118.83006281219422817230224609375">
        <ele>3.7999999523162841796875</ele>
        <time>2021-07-08T12:05:36.000Z</time>
        <extensions>
          <ns3:TrackPointExtension/>
        </extensions>
      </trkpt>
      <trkpt lat="31.97344397194683551788330078125" lon="118.8300704397261142730712890625">
        <ele>4</ele>
        <time>2021-07-08T12:05:37.000Z</time>
        <extensions>
          <ns3:TrackPointExtension/>
        </extensions>
      </trkpt>
      <trkpt lat="31.973468698561191558837890625" lon="118.83007806725800037384033203125">
        <ele>4</ele>
        <time>2021-07-08T12:05:38.000Z</time>
        <extensions>
          <ns3:TrackPointExtension/>
        </extensions>
      </trkpt>
      <trkpt lat="31.97349543683230876922607421875" lon="118.830085694789886474609375">
        <ele>4</ele>
        <time>2021-07-08T12:05:39.000Z</time>
        <extensions>
          <ns3:TrackPointExtension/>
        </extensions>
      </trkpt>
      <trkpt lat="31.973518319427967071533203125" lon="118.83009332232177257537841796875">
        <ele>4</ele>
        <time>2021-07-08T12:05:40.000Z</time>
        <extensions>
          <ns3:TrackPointExtension>
            <ns3:hr>175</ns3:hr>
            <ns3:cad>76</ns3:cad>
          </ns3:TrackPointExtension>
        </extensions>
      </trkpt>
      <trkpt lat="31.973543129861354827880859375" lon="118.8301009498536586761474609375">
        <ele>4</ele>
        <time>2021-07-08T12:05:41.000Z</time>
        <extensions>
          <ns3:TrackPointExtension/>
        </extensions>
      </trkpt>
      <trkpt lat="31.97356601245701313018798828125" lon="118.83010857738554477691650390625">
        <ele>4</ele>
        <time>2021-07-08T12:05:42.000Z</time>
        <extensions>
          <ns3:TrackPointExtension/>
        </extensions>
      </trkpt>
      <trkpt lat="31.9735888950526714324951171875" lon="118.830116204917430877685546875">
        <ele>4</ele>
        <time>2021-07-08T12:05:43.000Z</time>
        <extensions>
          <ns3:TrackPointExtension/>
        </extensions>
      </trkpt>
      <trkpt lat="31.97361177764832973480224609375" lon="118.83012383244931697845458984375">
        <ele>4.19999980926513671875</ele>
        <time>2021-07-08T12:05:44.000Z</time>
        <extensions>
          <ns3:TrackPointExtension/>
        </extensions>
      </trkpt>
      <trkpt lat="31.97363658808171749114990234375" lon="118.8301314599812030792236328125">
        <ele>4.19999980926513671875</ele>
        <time>2021-07-08T12:05:45.000Z</time>
        <extensions>
          <ns3:TrackPointExtension>
            <ns3:hr>175</ns3:hr>
            <ns3:cad>76</ns3:cad>
          </ns3:TrackPointExtension>
        </extensions>
      </trkpt>
      <trkpt lat="31.97365947067737579345703125" lon="118.83013908751308917999267578125">
        <ele>4.19999980926513671875</ele>
        <time>2021-07-08T12:05:46.000Z</time>
        <extensions>
          <ns3:TrackPointExtension/>
        </extensions>
      </trkpt>
      <trkpt lat="31.97368235327303409576416015625" lon="118.83014671504497528076171875">
        <ele>4.19999980926513671875</ele>
        <time>2021-07-08T12:05:47.000Z</time>
        <extensions>
          <ns3:TrackPointExtension/>
        </extensions>
      </trkpt>
      <trkpt lat="31.9737052358686923980712890625" lon="118.83015434257686138153076171875">
        <ele>4.19999980926513671875</ele>
        <time>2021-07-08T12:05:48.000Z</time>
        <extensions>
          <ns3:TrackPointExtension/>
        </extensions>
      </trkpt>
      <trkpt lat="31.97372811846435070037841796875" lon="118.8301619701087474822998046875">
        <ele>4.19999980926513671875</ele>
        <time>2021-07-08T12:05:49.000Z</time>
        <extensions>
          <ns3:TrackPointExtension/>
        </extensions>
      </trkpt>
      <trkpt lat="31.973751001060009002685546875" lon="118.8301619701087474822998046875">
        <ele>4.19999980926513671875</ele>
        <time>2021-07-08T12:05:50.000Z</time>
        <extensions>
          <ns3:TrackPointExtension>
            <ns3:hr>176</ns3:hr>
            <ns3:cad>76</ns3:cad>
          </ns3:TrackPointExtension>
        </extensions>
      </trkpt>
      <trkpt lat="31.97377388365566730499267578125" lon="118.830177225172519683837890625">
        <ele>4.400000095367431640625</ele>
        <time>2021-07-08T12:05:51.000Z</time>
        <extensions>
          <ns3:TrackPointExtension/>
        </extensions>
      </trkpt>
      <trkpt lat="31.9737967662513256072998046875" lon="118.8301849365234375">
        <ele>4.400000095367431640625</ele>
        <time>2021-07-08T12:05:52.000Z</time>
        <extensions>
          <ns3:TrackPointExtension/>
        </extensions>
      </trkpt>
      <trkpt lat="31.97381394915282726287841796875" lon="118.83019256405532360076904296875">
        <ele>4.400000095367431640625</ele>
        <time>2021-07-08T12:05:53.000Z</time>
        <extensions>
          <ns3:TrackPointExtension/>
        </extensions>
      </trkpt>
      <trkpt lat="31.97382736019790172576904296875" lon="118.8302001915872097015380859375">
        <ele>4.400000095367431640625</ele>
        <time>2021-07-08T12:05:54.000Z</time>
        <extensions>
          <ns3:TrackPointExtension/>
        </extensions>
      </trkpt>
      <trkpt lat="31.97383875958621501922607421875" lon="118.83020781911909580230712890625">
        <ele>4.400000095367431640625</ele>
        <time>2021-07-08T12:05:55.000Z</time>
        <extensions>
          <ns3:TrackPointExtension>
            <ns3:hr>175</ns3:hr>
            <ns3:cad>76</ns3:cad>
          </ns3:TrackPointExtension>
        </extensions>
      </trkpt>
      <trkpt lat="31.97384261526167392730712890625" lon="118.830215446650981903076171875">
        <ele>4.400000095367431640625</ele>
        <time>2021-07-08T12:05:56.000Z</time>
        <extensions>
          <ns3:TrackPointExtension/>
        </extensions>
      </trkpt>
      <trkpt lat="31.97384445928037166595458984375" lon="118.83022307418286800384521484375">
        <ele>4.400000095367431640625</ele>
        <time>2021-07-08T12:05:57.000Z</time>
        <extensions>
          <ns3:TrackPointExtension/>
        </extensions>
      </trkpt>
      <trkpt lat="31.9738406874239444732666015625" lon="118.83022307418286800384521484375">
        <ele>4.400000095367431640625</ele>
        <time>2021-07-08T12:05:58.000Z</time>
        <extensions>
          <ns3:TrackPointExtension/>
        </extensions>
      </trkpt>
      <trkpt lat="31.97383113205432891845703125" lon="118.8302307017147541046142578125">
        <ele>4.599999904632568359375</ele>
        <time>2021-07-08T12:05:59.000Z</time>
        <extensions>
          <ns3:TrackPointExtension/>
        </extensions>
      </trkpt>
      <trkpt lat="31.97381780482828617095947265625" lon="118.8302307017147541046142578125">
        <ele>4.599999904632568359375</ele>
        <time>2021-07-08T12:06:00.000Z</time>
        <extensions>
          <ns3:TrackPointExtension>
            <ns3:hr>176</ns3:hr>
            <ns3:cad>76</ns3:cad>
          </ns3:TrackPointExtension>
        </extensions>
      </trkpt>
      <trkpt lat="31.973800621926784515380859375" lon="118.8302307017147541046142578125">
        <ele>4.599999904632568359375</ele>
        <time>2021-07-08T12:06:01.000Z</time>
        <extensions>
          <ns3:TrackPointExtension/>
        </extensions>
      </trkpt>
      <trkpt lat="31.97377773933112621307373046875" lon="118.8302307017147541046142578125">
        <ele>4.599999904632568359375</ele>
        <time>2021-07-08T12:06:02.000Z</time>
        <extensions>
          <ns3:TrackPointExtension/>
        </extensions>
      </trkpt>
      <trkpt lat="31.973751001060009002685546875" lon="118.8302307017147541046142578125">
        <ele>4.599999904632568359375</ele>
        <time>2021-07-08T12:06:03.000Z</time>
        <extensions>
          <ns3:TrackPointExtension/>
        </extensions>
      </trkpt>
      <trkpt lat="31.97372241877019405364990234375" lon="118.83022307418286800384521484375">
        <ele>4.400000095367431640625</ele>
        <time>2021-07-08T12:06:04.000Z</time>
        <extensions>
          <ns3:TrackPointExtension/>
        </extensions>
      </trkpt>
      <trkpt lat="31.97369568049907684326171875" lon="118.830215446650981903076171875">
        <ele>4.400000095367431640625</ele>
        <time>2021-07-08T12:06:05.000Z</time>
        <extensions>
          <ns3:TrackPointExtension>
            <ns3:hr>177</ns3:hr>
            <ns3:cad>76</ns3:cad>
          </ns3:TrackPointExtension>
        </extensions>
      </trkpt>
      <trkpt lat="31.973665170371532440185546875" lon="118.830215446650981903076171875">
        <ele>4.400000095367431640625</ele>
        <time>2021-07-08T12:06:06.000Z</time>
        <extensions>
          <ns3:TrackPointExtension/>
        </extensions>
      </trkpt>
      <trkpt lat="31.97363658808171749114990234375" lon="118.83020781911909580230712890625">
        <ele>4.400000095367431640625</ele>
        <time>2021-07-08T12:06:07.000Z</time>
        <extensions>
          <ns3:TrackPointExtension/>
        </extensions>
      </trkpt>
      <trkpt lat="31.97360607795417308807373046875" lon="118.8302001915872097015380859375">
        <ele>4.400000095367431640625</ele>
        <time>2021-07-08T12:06:08.000Z</time>
        <extensions>
          <ns3:TrackPointExtension/>
        </extensions>
      </trkpt>
      <trkpt lat="31.9735774956643581390380859375" lon="118.83019256405532360076904296875">
        <ele>4.400000095367431640625</ele>
        <time>2021-07-08T12:06:09.000Z</time>
        <extensions>
          <ns3:TrackPointExtension/>
        </extensions>
      </trkpt>
      <trkpt lat="31.973548829555511474609375" lon="118.83019256405532360076904296875">
        <ele>4.400000095367431640625</ele>
        <time>2021-07-08T12:06:10.000Z</time>
        <extensions>
          <ns3:TrackPointExtension>
            <ns3:hr>178</ns3:hr>
            <ns3:cad>76</ns3:cad>
          </ns3:TrackPointExtension>
        </extensions>
      </trkpt>
      <trkpt lat="31.97352024726569652557373046875" lon="118.8301849365234375">
        <ele>4.400000095367431640625</ele>
        <time>2021-07-08T12:06:11.000Z</time>
        <extensions>
          <ns3:TrackPointExtension/>
        </extensions>
      </trkpt>
      <trkpt lat="31.9734916649758815765380859375" lon="118.830177225172519683837890625">
        <ele>4.400000095367431640625</ele>
        <time>2021-07-08T12:06:12.000Z</time>
        <extensions>
          <ns3:TrackPointExtension/>
        </extensions>
      </trkpt>
      <trkpt lat="31.97346492670476436614990234375" lon="118.83016959764063358306884765625">
        <ele>4.19999980926513671875</ele>
        <time>2021-07-08T12:06:13.000Z</time>
        <extensions>
          <ns3:TrackPointExtension/>
        </extensions>
      </trkpt>
      <trkpt lat="31.97343818843364715576171875" lon="118.8301619701087474822998046875">
        <ele>4.19999980926513671875</ele>
        <time>2021-07-08T12:06:14.000Z</time>
        <extensions>
          <ns3:TrackPointExtension/>
        </extensions>
      </trkpt>
      <trkpt lat="31.9734115339815616607666015625" lon="118.83015434257686138153076171875">
        <ele>4.19999980926513671875</ele>
        <time>2021-07-08T12:06:15.000Z</time>
        <extensions>
          <ns3:TrackPointExtension>
            <ns3:hr>176</ns3:hr>
            <ns3:cad>76</ns3:cad>
          </ns3:TrackPointExtension>
        </extensions>
      </trkpt>
      <trkpt lat="31.9733867235481739044189453125" lon="118.83015434257686138153076171875">
        <ele>4.19999980926513671875</ele>
        <time>2021-07-08T12:06:16.000Z</time>
        <extensions>
          <ns3:TrackPointExtension/>
        </extensions>
      </trkpt>
      <trkpt lat="31.9733619131147861480712890625" lon="118.83014671504497528076171875">
        <ele>4.19999980926513671875</ele>
        <time>2021-07-08T12:06:17.000Z</time>
        <extensions>
          <ns3:TrackPointExtension/>
        </extensions>
      </trkpt>
      <trkpt lat="31.9733371026813983917236328125" lon="118.83013908751308917999267578125">
        <ele>4.19999980926513671875</ele>
        <time>2021-07-08T12:06:18.000Z</time>
        <extensions>
          <ns3:TrackPointExtension/>
        </extensions>
      </trkpt>
      <trkpt lat="31.97331237606704235076904296875" lon="118.8301314599812030792236328125">
        <ele>4.19999980926513671875</ele>
        <time>2021-07-08T12:06:19.000Z</time>
        <extensions>
          <ns3:TrackPointExtension/>
        </extensions>
      </trkpt>
      <trkpt lat="31.97328756563365459442138671875" lon="118.8301314599812030792236328125">
        <ele>4.19999980926513671875</ele>
        <time>2021-07-08T12:06:20.000Z</time>
        <extensions>
          <ns3:TrackPointExtension>
            <ns3:hr>174</ns3:hr>
            <ns3:cad>76</ns3:cad>
          </ns3:TrackPointExtension>
        </extensions>
      </trkpt>
      <trkpt lat="31.97326275520026683807373046875" lon="118.83012383244931697845458984375">
        <ele>4.19999980926513671875</ele>
        <time>2021-07-08T12:06:21.000Z</time>
        <extensions>
          <ns3:TrackPointExtension/>
        </extensions>
      </trkpt>
      <trkpt lat="31.9732398726046085357666015625" lon="118.830116204917430877685546875">
        <ele>4</ele>
        <time>2021-07-08T12:06:22.000Z</time>
        <extensions>
          <ns3:TrackPointExtension/>
        </extensions>
      </trkpt>
      <trkpt lat="31.9732150621712207794189453125" lon="118.830116204917430877685546875">
        <ele>4</ele>
        <time>2021-07-08T12:06:23.000Z</time>
        <extensions>
          <ns3:TrackPointExtension/>
        </extensions>
      </trkpt>
      <trkpt lat="31.9731902517378330230712890625" lon="118.83010857738554477691650390625">
        <ele>4.19999980926513671875</ele>
        <time>2021-07-08T12:06:24.000Z</time>
        <extensions>
          <ns3:TrackPointExtension/>
        </extensions>
      </trkpt>
      <trkpt lat="31.9731654413044452667236328125" lon="118.8301009498536586761474609375">
        <ele>4.19999980926513671875</ele>
        <time>2021-07-08T12:06:25.000Z</time>
        <extensions>
          <ns3:TrackPointExtension>
            <ns3:hr>175</ns3:hr>
            <ns3:cad>77</ns3:cad>
          </ns3:TrackPointExtension>
        </extensions>
      </trkpt>
      <trkpt lat="31.97314071469008922576904296875" lon="118.8301009498536586761474609375">
        <ele>4.400000095367431640625</ele>
        <time>2021-07-08T12:06:26.000Z</time>
        <extensions>
          <ns3:TrackPointExtension/>
        </extensions>
      </trkpt>
      <trkpt lat="31.973113976418972015380859375" lon="118.83009332232177257537841796875">
        <ele>4.599999904632568359375</ele>
        <time>2021-07-08T12:06:27.000Z</time>
        <extensions>
          <ns3:TrackPointExtension/>
        </extensions>
      </trkpt>
      <trkpt lat="31.973089165985584259033203125" lon="118.83009332232177257537841796875">
        <ele>4.80000019073486328125</ele>
        <time>2021-07-08T12:06:28.000Z</time>
        <extensions>
          <ns3:TrackPointExtension/>
        </extensions>
      </trkpt>
      <trkpt lat="31.973064355552196502685546875" lon="118.830085694789886474609375">
        <ele>4.80000019073486328125</ele>
        <time>2021-07-08T12:06:29.000Z</time>
        <extensions>
          <ns3:TrackPointExtension/>
        </extensions>
      </trkpt>
      <trkpt lat="31.9730377011001110076904296875" lon="118.830085694789886474609375">
        <ele>5</ele>
        <time>2021-07-08T12:06:30.000Z</time>
        <extensions>
          <ns3:TrackPointExtension>
            <ns3:hr>175</ns3:hr>
            <ns3:cad>77</ns3:cad>
          </ns3:TrackPointExtension>
        </extensions>
      </trkpt>
      <trkpt lat="31.9730128906667232513427734375" lon="118.83007806725800037384033203125">
        <ele>5.19999980926513671875</ele>
        <time>2021-07-08T12:06:31.000Z</time>
        <extensions>
          <ns3:TrackPointExtension/>
        </extensions>
      </trkpt>
      <trkpt lat="31.9729880802333354949951171875" lon="118.83007806725800037384033203125">
        <ele>5.400000095367431640625</ele>
        <time>2021-07-08T12:06:32.000Z</time>
        <extensions>
          <ns3:TrackPointExtension/>
        </extensions>
      </trkpt>
      <trkpt lat="31.9729632697999477386474609375" lon="118.83007806725800037384033203125">
        <ele>5.599999904632568359375</ele>
        <time>2021-07-08T12:06:33.000Z</time>
        <extensions>
          <ns3:TrackPointExtension/>
        </extensions>
      </trkpt>
      <trkpt lat="31.97293661534786224365234375" lon="118.8300704397261142730712890625">
        <ele>5.80000019073486328125</ele>
        <time>2021-07-08T12:06:34.000Z</time>
        <extensions>
          <ns3:TrackPointExtension/>
        </extensions>
      </trkpt>
      <trkpt lat="31.9729118049144744873046875" lon="118.8300704397261142730712890625">
        <ele>6</ele>
        <time>2021-07-08T12:06:35.000Z</time>
        <extensions>
          <ns3:TrackPointExtension>
            <ns3:hr>178</ns3:hr>
            <ns3:cad>76</ns3:cad>
          </ns3:TrackPointExtension>
        </extensions>
      </trkpt>
      <trkpt lat="31.97288699448108673095703125" lon="118.83006281219422817230224609375">
        <ele>6.19999980926513671875</ele>
        <time>2021-07-08T12:06:36.000Z</time>
        <extensions>
          <ns3:TrackPointExtension/>
        </extensions>
      </trkpt>
      <trkpt lat="31.972862184047698974609375" lon="118.83006281219422817230224609375">
        <ele>6.599999904632568359375</ele>
        <time>2021-07-08T12:06:37.000Z</time>
        <extensions>
          <ns3:TrackPointExtension/>
        </extensions>
      </trkpt>
      <trkpt lat="31.97283737361431121826171875" lon="118.830055184662342071533203125">
        <ele>6.80000019073486328125</ele>
        <time>2021-07-08T12:06:38.000Z</time>
        <extensions>
          <ns3:TrackPointExtension/>
        </extensions>
      </trkpt>
      <trkpt lat="31.97281264699995517730712890625" lon="118.830055184662342071533203125">
        <ele>7</ele>
        <time>2021-07-08T12:06:39.000Z</time>
        <extensions>
          <ns3:TrackPointExtension/>
        </extensions>
      </trkpt>
      <trkpt lat="31.97278783656656742095947265625" lon="118.83004755713045597076416015625">
        <ele>7.400000095367431640625</ele>
        <time>2021-07-08T12:06:40.000Z</time>
        <extensions>
          <ns3:TrackPointExtension>
            <ns3:hr>175</ns3:hr>
            <ns3:cad>76</ns3:cad>
          </ns3:TrackPointExtension>
        </extensions>
      </trkpt>
      <trkpt lat="31.97276495397090911865234375" lon="118.83004755713045597076416015625">
        <ele>7.599999904632568359375</ele>
        <time>2021-07-08T12:06:41.000Z</time>
        <extensions>
          <ns3:TrackPointExtension/>
        </extensions>
      </trkpt>
      <trkpt lat="31.97274207137525081634521484375" lon="118.8300399295985698699951171875">
        <ele>7.80000019073486328125</ele>
        <time>2021-07-08T12:06:42.000Z</time>
        <extensions>
          <ns3:TrackPointExtension/>
        </extensions>
      </trkpt>
      <trkpt lat="31.97271726094186305999755859375" lon="118.83003230206668376922607421875">
        <ele>8</ele>
        <time>2021-07-08T12:06:43.000Z</time>
        <extensions>
          <ns3:TrackPointExtension/>
        </extensions>
      </trkpt>
      <trkpt lat="31.97269245050847530364990234375" lon="118.83003230206668376922607421875">
        <ele>8.3999996185302734375</ele>
        <time>2021-07-08T12:06:44.000Z</time>
        <extensions>
          <ns3:TrackPointExtension/>
        </extensions>
      </trkpt>
      <trkpt lat="31.9726695679128170013427734375" lon="118.83002467453479766845703125">
        <ele>8.6000003814697265625</ele>
        <time>2021-07-08T12:06:45.000Z</time>
        <extensions>
          <ns3:TrackPointExtension>
            <ns3:hr>174</ns3:hr>
            <ns3:cad>76</ns3:cad>
          </ns3:TrackPointExtension>
        </extensions>
      </trkpt>
      <trkpt lat="31.97264668531715869903564453125" lon="118.83001704700291156768798828125">
        <ele>8.80000019073486328125</ele>
        <time>2021-07-08T12:06:46.000Z</time>
        <extensions>
          <ns3:TrackPointExtension/>
        </extensions>
      </trkpt>
      <trkpt lat="31.972623802721500396728515625" lon="118.83001704700291156768798828125">
        <ele>9</ele>
        <time>2021-07-08T12:06:47.000Z</time>
        <extensions>
          <ns3:TrackPointExtension/>
        </extensions>
      </trkpt>
      <trkpt lat="31.97260092012584209442138671875" lon="118.8300094194710254669189453125">
        <ele>8.80000019073486328125</ele>
        <time>2021-07-08T12:06:48.000Z</time>
        <extensions>
          <ns3:TrackPointExtension/>
        </extensions>
      </trkpt>
      <trkpt lat="31.9725780375301837921142578125" lon="118.83000179193913936614990234375">
        <ele>8.6000003814697265625</ele>
        <time>2021-07-08T12:06:49.000Z</time>
        <extensions>
          <ns3:TrackPointExtension/>
        </extensions>
      </trkpt>
      <trkpt lat="31.9725532270967960357666015625" lon="118.83000179193913936614990234375">
        <ele>8.3999996185302734375</ele>
        <time>2021-07-08T12:06:50.000Z</time>
        <extensions>
          <ns3:TrackPointExtension>
            <ns3:hr>174</ns3:hr>
            <ns3:cad>77</ns3:cad>
          </ns3:TrackPointExtension>
        </extensions>
      </trkpt>
      <trkpt lat="31.97253034450113773345947265625" lon="118.829994164407253265380859375">
        <ele>8.19999980926513671875</ele>
        <time>2021-07-08T12:06:51.000Z</time>
        <extensions>
          <ns3:TrackPointExtension/>
        </extensions>
      </trkpt>
      <trkpt lat="31.97250746190547943115234375" lon="118.829994164407253265380859375">
        <ele>8.19999980926513671875</ele>
        <time>2021-07-08T12:06:52.000Z</time>
        <extensions>
          <ns3:TrackPointExtension/>
        </extensions>
      </trkpt>
      <trkpt lat="31.9724826514720916748046875" lon="118.82998653687536716461181640625">
        <ele>8</ele>
        <time>2021-07-08T12:06:53.000Z</time>
        <extensions>
          <ns3:TrackPointExtension/>
        </extensions>
      </trkpt>
      <trkpt lat="31.97245976887643337249755859375" lon="118.8299789093434810638427734375">
        <ele>8</ele>
        <time>2021-07-08T12:06:54.000Z</time>
        <extensions>
          <ns3:TrackPointExtension/>
        </extensions>
      </trkpt>
      <trkpt lat="31.9724368862807750701904296875" lon="118.8299789093434810638427734375">
        <ele>7.80000019073486328125</ele>
        <time>2021-07-08T12:06:55.000Z</time>
        <extensions>
          <ns3:TrackPointExtension>
            <ns3:hr>175</ns3:hr>
            <ns3:cad>77</ns3:cad>
          </ns3:TrackPointExtension>
        </extensions>
      </trkpt>
      <trkpt lat="31.97241400368511676788330078125" lon="118.82997128181159496307373046875">
        <ele>7.80000019073486328125</ele>
        <time>2021-07-08T12:06:56.000Z</time>
        <extensions>
          <ns3:TrackPointExtension/>
        </extensions>
      </trkpt>
      <trkpt lat="31.972391121089458465576171875" lon="118.82997128181159496307373046875">
        <ele>7.80000019073486328125</ele>
        <time>2021-07-08T12:06:57.000Z</time>
        <extensions>
          <ns3:TrackPointExtension/>
        </extensions>
      </trkpt>
      <trkpt lat="31.97236823849380016326904296875" lon="118.8299636542797088623046875">
        <ele>7.599999904632568359375</ele>
        <time>2021-07-08T12:06:58.000Z</time>
        <extensions>
          <ns3:TrackPointExtension/>
        </extensions>
      </trkpt>
      <trkpt lat="31.97234527207911014556884765625" lon="118.8299636542797088623046875">
        <ele>7.400000095367431640625</ele>
        <time>2021-07-08T12:06:59.000Z</time>
        <extensions>
          <ns3:TrackPointExtension/>
        </extensions>
      </trkpt>
      <trkpt lat="31.97232238948345184326171875" lon="118.82995602674782276153564453125">
        <ele>7.19999980926513671875</ele>
        <time>2021-07-08T12:07:00.000Z</time>
        <extensions>
          <ns3:TrackPointExtension>
            <ns3:hr>174</ns3:hr>
            <ns3:cad>77</ns3:cad>
          </ns3:TrackPointExtension>
        </extensions>
      </trkpt>
      <trkpt lat="31.97229950688779354095458984375" lon="118.82995602674782276153564453125">
        <ele>7.19999980926513671875</ele>
        <time>2021-07-08T12:07:01.000Z</time>
        <extensions>
          <ns3:TrackPointExtension/>
        </extensions>
      </trkpt>
      <trkpt lat="31.9722766242921352386474609375" lon="118.8299483992159366607666015625">
        <ele>7</ele>
        <time>2021-07-08T12:07:02.000Z</time>
        <extensions>
          <ns3:TrackPointExtension/>
        </extensions>
      </trkpt>
      <trkpt lat="31.97225374169647693634033203125" lon="118.8299483992159366607666015625">
        <ele>6.80000019073486328125</ele>
        <time>2021-07-08T12:07:03.000Z</time>
        <extensions>
          <ns3:TrackPointExtension/>
        </extensions>
      </trkpt>
      <trkpt lat="31.972230859100818634033203125" lon="118.82994077168405055999755859375">
        <ele>6.599999904632568359375</ele>
        <time>2021-07-08T12:07:04.000Z</time>
        <extensions>
          <ns3:TrackPointExtension/>
        </extensions>
      </trkpt>
      <trkpt lat="31.97220797650516033172607421875" lon="118.829933144152164459228515625">
        <ele>6.400000095367431640625</ele>
        <time>2021-07-08T12:07:05.000Z</time>
        <extensions>
          <ns3:TrackPointExtension>
            <ns3:hr>176</ns3:hr>
            <ns3:cad>77</ns3:cad>
          </ns3:TrackPointExtension>
        </extensions>
      </trkpt>
      <trkpt lat="31.9721850939095020294189453125" lon="118.829933144152164459228515625">
        <ele>6.19999980926513671875</ele>
        <time>2021-07-08T12:07:06.000Z</time>
        <extensions>
          <ns3:TrackPointExtension/>
        </extensions>
      </trkpt>
      <trkpt lat="31.97216221131384372711181640625" lon="118.82992551662027835845947265625">
        <ele>6</ele>
        <time>2021-07-08T12:07:07.000Z</time>
        <extensions>
          <ns3:TrackPointExtension/>
        </extensions>
      </trkpt>
      <trkpt lat="31.9721393287181854248046875" lon="118.82992551662027835845947265625">
        <ele>5.599999904632568359375</ele>
        <time>2021-07-08T12:07:08.000Z</time>
        <extensions>
          <ns3:TrackPointExtension/>
        </extensions>
      </trkpt>
      <trkpt lat="31.97211644612252712249755859375" lon="118.8299178890883922576904296875">
        <ele>5.400000095367431640625</ele>
        <time>2021-07-08T12:07:09.000Z</time>
        <extensions>
          <ns3:TrackPointExtension/>
        </extensions>
      </trkpt>
      <trkpt lat="31.972095407545566558837890625" lon="118.8299178890883922576904296875">
        <ele>5.19999980926513671875</ele>
        <time>2021-07-08T12:07:10.000Z</time>
        <extensions>
          <ns3:TrackPointExtension>
            <ns3:hr>173</ns3:hr>
            <ns3:cad>77</ns3:cad>
          </ns3:TrackPointExtension>
        </extensions>
      </trkpt>
      <trkpt lat="31.97207252494990825653076171875" lon="118.82991026155650615692138671875">
        <ele>5</ele>
        <time>2021-07-08T12:07:11.000Z</time>
        <extensions>
          <ns3:TrackPointExtension/>
        </extensions>
      </trkpt>
      <trkpt lat="31.9720496423542499542236328125" lon="118.82990263402462005615234375">
        <ele>5</ele>
        <time>2021-07-08T12:07:12.000Z</time>
        <extensions>
          <ns3:TrackPointExtension/>
        </extensions>
      </trkpt>
      <trkpt lat="31.97202675975859165191650390625" lon="118.82990263402462005615234375">
        <ele>5</ele>
        <time>2021-07-08T12:07:13.000Z</time>
        <extensions>
          <ns3:TrackPointExtension/>
        </extensions>
      </trkpt>
      <trkpt lat="31.97200580500066280364990234375" lon="118.82989500649273395538330078125">
        <ele>5</ele>
        <time>2021-07-08T12:07:14.000Z</time>
        <extensions>
          <ns3:TrackPointExtension/>
        </extensions>
      </trkpt>
      <trkpt lat="31.9719829224050045013427734375" lon="118.82989500649273395538330078125">
        <ele>5</ele>
        <time>2021-07-08T12:07:15.000Z</time>
        <extensions>
          <ns3:TrackPointExtension>
            <ns3:hr>173</ns3:hr>
            <ns3:cad>77</ns3:cad>
          </ns3:TrackPointExtension>
        </extensions>
      </trkpt>
      <trkpt lat="31.97196003980934619903564453125" lon="118.8298873789608478546142578125">
        <ele>5</ele>
        <time>2021-07-08T12:07:16.000Z</time>
        <extensions>
          <ns3:TrackPointExtension/>
        </extensions>
      </trkpt>
      <trkpt lat="31.971937157213687896728515625" lon="118.8298873789608478546142578125">
        <ele>5</ele>
        <time>2021-07-08T12:07:17.000Z</time>
        <extensions>
          <ns3:TrackPointExtension/>
        </extensions>
      </trkpt>
      <trkpt lat="31.97191427461802959442138671875" lon="118.82987975142896175384521484375">
        <ele>5</ele>
        <time>2021-07-08T12:07:18.000Z</time>
        <extensions>
          <ns3:TrackPointExtension/>
        </extensions>
      </trkpt>
      <trkpt lat="31.97189323604106903076171875" lon="118.82987975142896175384521484375">
        <ele>5</ele>
        <time>2021-07-08T12:07:19.000Z</time>
        <extensions>
          <ns3:TrackPointExtension/>
        </extensions>
      </trkpt>
      <trkpt lat="31.97187035344541072845458984375" lon="118.829872123897075653076171875">
        <ele>5</ele>
        <time>2021-07-08T12:07:20.000Z</time>
        <extensions>
          <ns3:TrackPointExtension>
            <ns3:hr>173</ns3:hr>
            <ns3:cad>77</ns3:cad>
          </ns3:TrackPointExtension>
        </extensions>
      </trkpt>
      <trkpt lat="31.97184939868748188018798828125" lon="118.829872123897075653076171875">
        <ele>5</ele>
        <time>2021-07-08T12:07:21.000Z</time>
        <extensions>
          <ns3:TrackPointExtension/>
        </extensions>
      </trkpt>
      <trkpt lat="31.97182844392955303192138671875" lon="118.829872123897075653076171875">
        <ele>5</ele>
        <time>2021-07-08T12:07:22.000Z</time>
        <extensions>
          <ns3:TrackPointExtension/>
        </extensions>
      </trkpt>
      <trkpt lat="31.9718055613338947296142578125" lon="118.82986449636518955230712890625">
        <ele>5.19999980926513671875</ele>
        <time>2021-07-08T12:07:23.000Z</time>
        <extensions>
          <ns3:TrackPointExtension/>
        </extensions>
      </trkpt>
      <trkpt lat="31.97178452275693416595458984375" lon="118.82986449636518955230712890625">
        <ele>5.400000095367431640625</ele>
        <time>2021-07-08T12:07:24.000Z</time>
        <extensions>
          <ns3:TrackPointExtension/>
        </extensions>
      </trkpt>
      <trkpt lat="31.97176356799900531768798828125" lon="118.82986449636518955230712890625">
        <ele>5.599999904632568359375</ele>
        <time>2021-07-08T12:07:25.000Z</time>
        <extensions>
          <ns3:TrackPointExtension>
            <ns3:hr>173</ns3:hr>
            <ns3:cad>77</ns3:cad>
          </ns3:TrackPointExtension>
        </extensions>
      </trkpt>
      <trkpt lat="31.971740685403347015380859375" lon="118.82986449636518955230712890625">
        <ele>6</ele>
        <time>2021-07-08T12:07:26.000Z</time>
        <extensions>
          <ns3:TrackPointExtension/>
        </extensions>
      </trkpt>
      <trkpt lat="31.9717197306454181671142578125" lon="118.82986449636518955230712890625">
        <ele>6.400000095367431640625</ele>
        <time>2021-07-08T12:07:27.000Z</time>
        <extensions>
          <ns3:TrackPointExtension/>
        </extensions>
      </trkpt>
      <trkpt lat="31.9717006199061870574951171875" lon="118.82986449636518955230712890625">
        <ele>6.599999904632568359375</ele>
        <time>2021-07-08T12:07:28.000Z</time>
        <extensions>
          <ns3:TrackPointExtension/>
        </extensions>
      </trkpt>
      <trkpt lat="31.971679665148258209228515625" lon="118.82986449636518955230712890625">
        <ele>6.80000019073486328125</ele>
        <time>2021-07-08T12:07:29.000Z</time>
        <extensions>
          <ns3:TrackPointExtension/>
        </extensions>
      </trkpt>
      <trkpt lat="31.97165862657129764556884765625" lon="118.829872123897075653076171875">
        <ele>7.19999980926513671875</ele>
        <time>2021-07-08T12:07:30.000Z</time>
        <extensions>
          <ns3:TrackPointExtension>
            <ns3:hr>174</ns3:hr>
            <ns3:cad>77</ns3:cad>
          </ns3:TrackPointExtension>
        </extensions>
      </trkpt>
      <trkpt lat="31.9716395996510982513427734375" lon="118.829872123897075653076171875">
        <ele>7.400000095367431640625</ele>
        <time>2021-07-08T12:07:31.000Z</time>
        <extensions>
          <ns3:TrackPointExtension/>
        </extensions>
      </trkpt>
      <trkpt lat="31.9716204889118671417236328125" lon="118.82987975142896175384521484375">
        <ele>7.80000019073486328125</ele>
        <time>2021-07-08T12:07:32.000Z</time>
        <extensions>
          <ns3:TrackPointExtension/>
        </extensions>
      </trkpt>
      <trkpt lat="31.97160146199166774749755859375" lon="118.82987975142896175384521484375">
        <ele>8</ele>
        <time>2021-07-08T12:07:33.000Z</time>
        <extensions>
          <ns3:TrackPointExtension/>
        </extensions>
      </trkpt>
      <trkpt lat="31.9715842790901660919189453125" lon="118.8298873789608478546142578125">
        <ele>8.19999980926513671875</ele>
        <time>2021-07-08T12:07:34.000Z</time>
        <extensions>
          <ns3:TrackPointExtension/>
        </extensions>
      </trkpt>
      <trkpt lat="31.9715651683509349822998046875" lon="118.82989500649273395538330078125">
        <ele>8.19999980926513671875</ele>
        <time>2021-07-08T12:07:35.000Z</time>
        <extensions>
          <ns3:TrackPointExtension>
            <ns3:hr>173</ns3:hr>
            <ns3:cad>77</ns3:cad>
          </ns3:TrackPointExtension>
        </extensions>
      </trkpt>
      <trkpt lat="31.9715480692684650421142578125" lon="118.82990263402462005615234375">
        <ele>8.19999980926513671875</ele>
        <time>2021-07-08T12:07:36.000Z</time>
        <extensions>
          <ns3:TrackPointExtension/>
        </extensions>
      </trkpt>
      <trkpt lat="31.97153088636696338653564453125" lon="118.82991026155650615692138671875">
        <ele>8.19999980926513671875</ele>
        <time>2021-07-08T12:07:37.000Z</time>
        <extensions>
          <ns3:TrackPointExtension/>
        </extensions>
      </trkpt>
      <trkpt lat="31.97151370346546173095703125" lon="118.8299178890883922576904296875">
        <ele>8.19999980926513671875</ele>
        <time>2021-07-08T12:07:38.000Z</time>
        <extensions>
          <ns3:TrackPointExtension/>
        </extensions>
      </trkpt>
      <trkpt lat="31.97149652056396007537841796875" lon="118.82992551662027835845947265625">
        <ele>8.19999980926513671875</ele>
        <time>2021-07-08T12:07:39.000Z</time>
        <extensions>
          <ns3:TrackPointExtension/>
        </extensions>
      </trkpt>
      <trkpt lat="31.9714793376624584197998046875" lon="118.829933144152164459228515625">
        <ele>8.19999980926513671875</ele>
        <time>2021-07-08T12:07:40.000Z</time>
        <extensions>
          <ns3:TrackPointExtension>
            <ns3:hr>173</ns3:hr>
            <ns3:cad>77</ns3:cad>
          </ns3:TrackPointExtension>
        </extensions>
      </trkpt>
      <trkpt lat="31.97146408259868621826171875" lon="118.82994077168405055999755859375">
        <ele>8</ele>
        <time>2021-07-08T12:07:41.000Z</time>
        <extensions>
          <ns3:TrackPointExtension/>
        </extensions>
      </trkpt>
      <trkpt lat="31.971446983516216278076171875" lon="118.8299483992159366607666015625">
        <ele>8</ele>
        <time>2021-07-08T12:07:42.000Z</time>
        <extensions>
          <ns3:TrackPointExtension/>
        </extensions>
      </trkpt>
      <trkpt lat="31.97142980061471462249755859375" lon="118.8299636542797088623046875">
        <ele>8</ele>
        <time>2021-07-08T12:07:43.000Z</time>
        <extensions>
          <ns3:TrackPointExtension/>
        </extensions>
      </trkpt>
      <trkpt lat="31.9714126177132129669189453125" lon="118.82997128181159496307373046875">
        <ele>7.80000019073486328125</ele>
        <time>2021-07-08T12:07:44.000Z</time>
        <extensions>
          <ns3:TrackPointExtension/>
        </extensions>
      </trkpt>
      <trkpt lat="31.9713935069739818572998046875" lon="118.8299789093434810638427734375">
        <ele>7.80000019073486328125</ele>
        <time>2021-07-08T12:07:45.000Z</time>
        <extensions>
          <ns3:TrackPointExtension>
            <ns3:hr>172</ns3:hr>
            <ns3:cad>77</ns3:cad>
          </ns3:TrackPointExtension>
        </extensions>
      </trkpt>
      <trkpt lat="31.9713764078915119171142578125" lon="118.829994164407253265380859375">
        <ele>7.80000019073486328125</ele>
        <time>2021-07-08T12:07:46.000Z</time>
        <extensions>
          <ns3:TrackPointExtension/>
        </extensions>
      </trkpt>
      <trkpt lat="31.9713572971522808074951171875" lon="118.83000179193913936614990234375">
        <ele>8</ele>
        <time>2021-07-08T12:07:47.000Z</time>
        <extensions>
          <ns3:TrackPointExtension/>
        </extensions>
      </trkpt>
      <trkpt lat="31.97133827023208141326904296875" lon="118.8300094194710254669189453125">
        <ele>8</ele>
        <time>2021-07-08T12:07:48.000Z</time>
        <extensions>
          <ns3:TrackPointExtension/>
        </extensions>
      </trkpt>
      <trkpt lat="31.97131915949285030364990234375" lon="118.83001704700291156768798828125">
        <ele>8</ele>
        <time>2021-07-08T12:07:49.000Z</time>
        <extensions>
          <ns3:TrackPointExtension/>
        </extensions>
      </trkpt>
      <trkpt lat="31.97129820473492145538330078125" lon="118.83002467453479766845703125">
        <ele>8</ele>
        <time>2021-07-08T12:07:50.000Z</time>
        <extensions>
          <ns3:TrackPointExtension>
            <ns3:hr>169</ns3:hr>
            <ns3:cad>77</ns3:cad>
          </ns3:TrackPointExtension>
        </extensions>
      </trkpt>
      <trkpt lat="31.97127909399569034576416015625" lon="118.83003230206668376922607421875">
        <ele>8</ele>
        <time>2021-07-08T12:07:51.000Z</time>
        <extensions>
          <ns3:TrackPointExtension/>
        </extensions>
      </trkpt>
      <trkpt lat="31.97125813923776149749755859375" lon="118.83003230206668376922607421875">
        <ele>8.19999980926513671875</ele>
        <time>2021-07-08T12:07:52.000Z</time>
        <extensions>
          <ns3:TrackPointExtension/>
        </extensions>
      </trkpt>
      <trkpt lat="31.971237100660800933837890625" lon="118.8300399295985698699951171875">
        <ele>8.19999980926513671875</ele>
        <time>2021-07-08T12:07:53.000Z</time>
        <extensions>
          <ns3:TrackPointExtension/>
        </extensions>
      </trkpt>
      <trkpt lat="31.97121421806514263153076171875" lon="118.8300399295985698699951171875">
        <ele>8.19999980926513671875</ele>
        <time>2021-07-08T12:07:54.000Z</time>
        <extensions>
          <ns3:TrackPointExtension/>
        </extensions>
      </trkpt>
      <trkpt lat="31.97119326330721378326416015625" lon="118.83004755713045597076416015625">
        <ele>8.3999996185302734375</ele>
        <time>2021-07-08T12:07:55.000Z</time>
        <extensions>
          <ns3:TrackPointExtension>
            <ns3:hr>168</ns3:hr>
            <ns3:cad>77</ns3:cad>
          </ns3:TrackPointExtension>
        </extensions>
      </trkpt>
      <trkpt lat="31.97117230854928493499755859375" lon="118.83004755713045597076416015625">
        <ele>8.3999996185302734375</ele>
        <time>2021-07-08T12:07:56.000Z</time>
        <extensions>
          <ns3:TrackPointExtension/>
        </extensions>
      </trkpt>
      <trkpt lat="31.97115319781005382537841796875" lon="118.830055184662342071533203125">
        <ele>8.19999980926513671875</ele>
        <time>2021-07-08T12:07:57.000Z</time>
        <extensions>
          <ns3:TrackPointExtension/>
        </extensions>
      </trkpt>
      <trkpt lat="31.97113224305212497711181640625" lon="118.83006281219422817230224609375">
        <ele>8.19999980926513671875</ele>
        <time>2021-07-08T12:07:58.000Z</time>
        <extensions>
          <ns3:TrackPointExtension/>
        </extensions>
      </trkpt>
      <trkpt lat="31.97111313231289386749267578125" lon="118.8300704397261142730712890625">
        <ele>8.19999980926513671875</ele>
        <time>2021-07-08T12:07:59.000Z</time>
        <extensions>
          <ns3:TrackPointExtension/>
        </extensions>
      </trkpt>
      <trkpt lat="31.97109217755496501922607421875" lon="118.83007806725800037384033203125">
        <ele>8</ele>
        <time>2021-07-08T12:08:00.000Z</time>
        <extensions>
          <ns3:TrackPointExtension>
            <ns3:hr>171</ns3:hr>
            <ns3:cad>77</ns3:cad>
          </ns3:TrackPointExtension>
        </extensions>
      </trkpt>
      <trkpt lat="31.97107122279703617095947265625" lon="118.83009332232177257537841796875">
        <ele>8</ele>
        <time>2021-07-08T12:08:01.000Z</time>
        <extensions>
          <ns3:TrackPointExtension/>
        </extensions>
      </trkpt>
      <trkpt lat="31.9710501842200756072998046875" lon="118.8301009498536586761474609375">
        <ele>8</ele>
        <time>2021-07-08T12:08:02.000Z</time>
        <extensions>
          <ns3:TrackPointExtension/>
        </extensions>
      </trkpt>
      <trkpt lat="31.971029229462146759033203125" lon="118.830116204917430877685546875">
        <ele>8</ele>
        <time>2021-07-08T12:08:03.000Z</time>
        <extensions>
          <ns3:TrackPointExtension/>
        </extensions>
      </trkpt>
      <trkpt lat="31.9710082747042179107666015625" lon="118.8301314599812030792236328125">
        <ele>7.80000019073486328125</ele>
        <time>2021-07-08T12:08:04.000Z</time>
        <extensions>
          <ns3:TrackPointExtension/>
        </extensions>
      </trkpt>
      <trkpt lat="31.9709873199462890625" lon="118.83014671504497528076171875">
        <ele>7.80000019073486328125</ele>
        <time>2021-07-08T12:08:05.000Z</time>
        <extensions>
          <ns3:TrackPointExtension>
            <ns3:hr>176</ns3:hr>
            <ns3:cad>77</ns3:cad>
          </ns3:TrackPointExtension>
        </extensions>
      </trkpt>
      <trkpt lat="31.9709643535315990447998046875" lon="118.8301619701087474822998046875">
        <ele>7.80000019073486328125</ele>
        <time>2021-07-08T12:08:06.000Z</time>
        <extensions>
          <ns3:TrackPointExtension/>
        </extensions>
      </trkpt>
      <trkpt lat="31.970943398773670196533203125" lon="118.830177225172519683837890625">
        <ele>7.599999904632568359375</ele>
        <time>2021-07-08T12:08:07.000Z</time>
        <extensions>
          <ns3:TrackPointExtension/>
        </extensions>
      </trkpt>
      <trkpt lat="31.97092051617801189422607421875" lon="118.83019256405532360076904296875">
        <ele>7.400000095367431640625</ele>
        <time>2021-07-08T12:08:08.000Z</time>
        <extensions>
          <ns3:TrackPointExtension/>
        </extensions>
      </trkpt>
      <trkpt lat="31.9708976335823535919189453125" lon="118.8302001915872097015380859375">
        <ele>7.400000095367431640625</ele>
        <time>2021-07-08T12:08:09.000Z</time>
        <extensions>
          <ns3:TrackPointExtension/>
        </extensions>
      </trkpt>
      <trkpt lat="31.97087475098669528961181640625" lon="118.83020781911909580230712890625">
        <ele>7.19999980926513671875</ele>
        <time>2021-07-08T12:08:10.000Z</time>
        <extensions>
          <ns3:TrackPointExtension>
            <ns3:hr>176</ns3:hr>
            <ns3:cad>77</ns3:cad>
          </ns3:TrackPointExtension>
        </extensions>
      </trkpt>
      <trkpt lat="31.9708518683910369873046875" lon="118.83022307418286800384521484375">
        <ele>7.19999980926513671875</ele>
        <time>2021-07-08T12:08:11.000Z</time>
        <extensions>
          <ns3:TrackPointExtension/>
        </extensions>
      </trkpt>
      <trkpt lat="31.97082898579537868499755859375" lon="118.8302307017147541046142578125">
        <ele>7</ele>
        <time>2021-07-08T12:08:12.000Z</time>
        <extensions>
          <ns3:TrackPointExtension/>
        </extensions>
      </trkpt>
      <trkpt lat="31.9708061031997203826904296875" lon="118.83023832924664020538330078125">
        <ele>7</ele>
        <time>2021-07-08T12:08:13.000Z</time>
        <extensions>
          <ns3:TrackPointExtension/>
        </extensions>
      </trkpt>
      <trkpt lat="31.97078322060406208038330078125" lon="118.83024595677852630615234375">
        <ele>6.80000019073486328125</ele>
        <time>2021-07-08T12:08:14.000Z</time>
        <extensions>
          <ns3:TrackPointExtension/>
        </extensions>
      </trkpt>
      <trkpt lat="31.97075841017067432403564453125" lon="118.83025358431041240692138671875">
        <ele>6.599999904632568359375</ele>
        <time>2021-07-08T12:08:15.000Z</time>
        <extensions>
          <ns3:TrackPointExtension>
            <ns3:hr>175</ns3:hr>
            <ns3:cad>77</ns3:cad>
          </ns3:TrackPointExtension>
        </extensions>
      </trkpt>
      <trkpt lat="31.97073745541274547576904296875" lon="118.83025358431041240692138671875">
        <ele>6.599999904632568359375</ele>
        <time>2021-07-08T12:08:16.000Z</time>
        <extensions>
          <ns3:TrackPointExtension/>
        </extensions>
      </trkpt>
      <trkpt lat="31.97071448899805545806884765625" lon="118.83025358431041240692138671875">
        <ele>6.599999904632568359375</ele>
        <time>2021-07-08T12:08:17.000Z</time>
        <extensions>
          <ns3:TrackPointExtension/>
        </extensions>
      </trkpt>
      <trkpt lat="31.97069160640239715576171875" lon="118.83025358431041240692138671875">
        <ele>6.400000095367431640625</ele>
        <time>2021-07-08T12:08:18.000Z</time>
        <extensions>
          <ns3:TrackPointExtension/>
        </extensions>
      </trkpt>
      <trkpt lat="31.9706706516444683074951171875" lon="118.83025358431041240692138671875">
        <ele>6.400000095367431640625</ele>
        <time>2021-07-08T12:08:19.000Z</time>
        <extensions>
          <ns3:TrackPointExtension/>
        </extensions>
      </trkpt>
      <trkpt lat="31.97064776904881000518798828125" lon="118.83025358431041240692138671875">
        <ele>6.19999980926513671875</ele>
        <time>2021-07-08T12:08:20.000Z</time>
        <extensions>
          <ns3:TrackPointExtension>
            <ns3:hr>173</ns3:hr>
            <ns3:cad>77</ns3:cad>
          </ns3:TrackPointExtension>
        </extensions>
      </trkpt>
      <trkpt lat="31.970624886453151702880859375" lon="118.83025358431041240692138671875">
        <ele>6</ele>
        <time>2021-07-08T12:08:21.000Z</time>
        <extensions>
          <ns3:TrackPointExtension/>
        </extensions>
      </trkpt>
      <trkpt lat="31.9706039316952228546142578125" lon="118.83025358431041240692138671875">
        <ele>5.80000019073486328125</ele>
        <time>2021-07-08T12:08:22.000Z</time>
        <extensions>
          <ns3:TrackPointExtension/>
        </extensions>
      </trkpt>
      <trkpt lat="31.97058104909956455230712890625" lon="118.83024595677852630615234375">
        <ele>5.599999904632568359375</ele>
        <time>2021-07-08T12:08:23.000Z</time>
        <extensions>
          <ns3:TrackPointExtension/>
        </extensions>
      </trkpt>
      <trkpt lat="31.9705600105226039886474609375" lon="118.83024595677852630615234375">
        <ele>5.599999904632568359375</ele>
        <time>2021-07-08T12:08:24.000Z</time>
        <extensions>
          <ns3:TrackPointExtension/>
        </extensions>
      </trkpt>
      <trkpt lat="31.97053712792694568634033203125" lon="118.83024595677852630615234375">
        <ele>5.599999904632568359375</ele>
        <time>2021-07-08T12:08:25.000Z</time>
        <extensions>
          <ns3:TrackPointExtension>
            <ns3:hr>174</ns3:hr>
            <ns3:cad>77</ns3:cad>
          </ns3:TrackPointExtension>
        </extensions>
      </trkpt>
      <trkpt lat="31.970514245331287384033203125" lon="118.83024595677852630615234375">
        <ele>5.599999904632568359375</ele>
        <time>2021-07-08T12:08:26.000Z</time>
        <extensions>
          <ns3:TrackPointExtension/>
        </extensions>
      </trkpt>
      <trkpt lat="31.97049136273562908172607421875" lon="118.83023832924664020538330078125">
        <ele>5.599999904632568359375</ele>
        <time>2021-07-08T12:08:27.000Z</time>
        <extensions>
          <ns3:TrackPointExtension/>
        </extensions>
      </trkpt>
      <trkpt lat="31.9704684801399707794189453125" lon="118.83023832924664020538330078125">
        <ele>5.599999904632568359375</ele>
        <time>2021-07-08T12:08:28.000Z</time>
        <extensions>
          <ns3:TrackPointExtension/>
        </extensions>
      </trkpt>
      <trkpt lat="31.97044559754431247711181640625" lon="118.83023832924664020538330078125">
        <ele>5.599999904632568359375</ele>
        <time>2021-07-08T12:08:29.000Z</time>
        <extensions>
          <ns3:TrackPointExtension/>
        </extensions>
      </trkpt>
      <trkpt lat="31.97042078711092472076416015625" lon="118.83023832924664020538330078125">
        <ele>5.599999904632568359375</ele>
        <time>2021-07-08T12:08:30.000Z</time>
        <extensions>
          <ns3:TrackPointExtension>
            <ns3:hr>176</ns3:hr>
            <ns3:cad>77</ns3:cad>
          </ns3:TrackPointExtension>
        </extensions>
      </trkpt>
      <trkpt lat="31.97039790451526641845703125" lon="118.83023832924664020538330078125">
        <ele>5.599999904632568359375</ele>
        <time>2021-07-08T12:08:31.000Z</time>
        <extensions>
          <ns3:TrackPointExtension/>
        </extensions>
      </trkpt>
      <trkpt lat="31.97037502191960811614990234375" lon="118.83023832924664020538330078125">
        <ele>5.599999904632568359375</ele>
        <time>2021-07-08T12:08:32.000Z</time>
        <extensions>
          <ns3:TrackPointExtension/>
        </extensions>
      </trkpt>
      <trkpt lat="31.97035021148622035980224609375" lon="118.83023832924664020538330078125">
        <ele>5.80000019073486328125</ele>
        <time>2021-07-08T12:08:33.000Z</time>
        <extensions>
          <ns3:TrackPointExtension/>
        </extensions>
      </trkpt>
      <trkpt lat="31.9703273288905620574951171875" lon="118.83023832924664020538330078125">
        <ele>5.80000019073486328125</ele>
        <time>2021-07-08T12:08:34.000Z</time>
        <extensions>
          <ns3:TrackPointExtension/>
        </extensions>
      </trkpt>
      <trkpt lat="31.97030444629490375518798828125" lon="118.83023832924664020538330078125">
        <ele>6</ele>
        <time>2021-07-08T12:08:35.000Z</time>
        <extensions>
          <ns3:TrackPointExtension>
            <ns3:hr>178</ns3:hr>
            <ns3:cad>77</ns3:cad>
          </ns3:TrackPointExtension>
        </extensions>
      </trkpt>
      <trkpt lat="31.970281563699245452880859375" lon="118.83023832924664020538330078125">
        <ele>6</ele>
        <time>2021-07-08T12:08:36.000Z</time>
        <extensions>
          <ns3:TrackPointExtension/>
        </extensions>
      </trkpt>
      <trkpt lat="31.97025868110358715057373046875" lon="118.83023832924664020538330078125">
        <ele>6</ele>
        <time>2021-07-08T12:08:37.000Z</time>
        <extensions>
          <ns3:TrackPointExtension/>
        </extensions>
      </trkpt>
      <trkpt lat="31.97023387067019939422607421875" lon="118.83023832924664020538330078125">
        <ele>6.19999980926513671875</ele>
        <time>2021-07-08T12:08:38.000Z</time>
        <extensions>
          <ns3:TrackPointExtension/>
        </extensions>
      </trkpt>
      <trkpt lat="31.9702109880745410919189453125" lon="118.83023832924664020538330078125">
        <ele>6.19999980926513671875</ele>
        <time>2021-07-08T12:08:39.000Z</time>
        <extensions>
          <ns3:TrackPointExtension/>
        </extensions>
      </trkpt>
      <trkpt lat="31.97018810547888278961181640625" lon="118.83023832924664020538330078125">
        <ele>6.400000095367431640625</ele>
        <time>2021-07-08T12:08:40.000Z</time>
        <extensions>
          <ns3:TrackPointExtension>
            <ns3:hr>176</ns3:hr>
            <ns3:cad>77</ns3:cad>
          </ns3:TrackPointExtension>
        </extensions>
      </trkpt>
      <trkpt lat="31.9701652228832244873046875" lon="118.83023832924664020538330078125">
        <ele>6.400000095367431640625</ele>
        <time>2021-07-08T12:08:41.000Z</time>
        <extensions>
          <ns3:TrackPointExtension/>
        </extensions>
      </trkpt>
      <trkpt lat="31.9701442681252956390380859375" lon="118.83023832924664020538330078125">
        <ele>6.400000095367431640625</ele>
        <time>2021-07-08T12:08:42.000Z</time>
        <extensions>
          <ns3:TrackPointExtension/>
        </extensions>
      </trkpt>
      <trkpt lat="31.970121301710605621337890625" lon="118.83023832924664020538330078125">
        <ele>6.599999904632568359375</ele>
        <time>2021-07-08T12:08:43.000Z</time>
        <extensions>
          <ns3:TrackPointExtension/>
        </extensions>
      </trkpt>
      <trkpt lat="31.97009841911494731903076171875" lon="118.83023832924664020538330078125">
        <ele>6.599999904632568359375</ele>
        <time>2021-07-08T12:08:44.000Z</time>
        <extensions>
          <ns3:TrackPointExtension/>
        </extensions>
      </trkpt>
      <trkpt lat="31.9700755365192890167236328125" lon="118.83023832924664020538330078125">
        <ele>6.80000019073486328125</ele>
        <time>2021-07-08T12:08:45.000Z</time>
        <extensions>
          <ns3:TrackPointExtension>
            <ns3:hr>179</ns3:hr>
            <ns3:cad>77</ns3:cad>
          </ns3:TrackPointExtension>
        </extensions>
      </trkpt>
      <trkpt lat="31.97005458176136016845703125" lon="118.8302307017147541046142578125">
        <ele>6.80000019073486328125</ele>
        <time>2021-07-08T12:08:46.000Z</time>
        <extensions>
          <ns3:TrackPointExtension/>
        </extensions>
      </trkpt>
      <trkpt lat="31.970029771327972412109375" lon="118.8302307017147541046142578125">
        <ele>6.80000019073486328125</ele>
        <time>2021-07-08T12:08:47.000Z</time>
        <extensions>
          <ns3:TrackPointExtension/>
        </extensions>
      </trkpt>
      <trkpt lat="31.97000688873231410980224609375" lon="118.8302307017147541046142578125">
        <ele>7</ele>
        <time>2021-07-08T12:08:48.000Z</time>
        <extensions>
          <ns3:TrackPointExtension/>
        </extensions>
      </trkpt>
      <trkpt lat="31.9699840061366558074951171875" lon="118.83022307418286800384521484375">
        <ele>7</ele>
        <time>2021-07-08T12:08:49.000Z</time>
        <extensions>
          <ns3:TrackPointExtension/>
        </extensions>
      </trkpt>
      <trkpt lat="31.9699591957032680511474609375" lon="118.83022307418286800384521484375">
        <ele>7</ele>
        <time>2021-07-08T12:08:50.000Z</time>
        <extensions>
          <ns3:TrackPointExtension>
            <ns3:hr>175</ns3:hr>
            <ns3:cad>77</ns3:cad>
          </ns3:TrackPointExtension>
        </extensions>
      </trkpt>
      <trkpt lat="31.96993631310760974884033203125" lon="118.830215446650981903076171875">
        <ele>7</ele>
        <time>2021-07-08T12:08:51.000Z</time>
        <extensions>
          <ns3:TrackPointExtension/>
        </extensions>
      </trkpt>
      <trkpt lat="31.96991150267422199249267578125" lon="118.83020781911909580230712890625">
        <ele>7</ele>
        <time>2021-07-08T12:08:52.000Z</time>
        <extensions>
          <ns3:TrackPointExtension/>
        </extensions>
      </trkpt>
      <trkpt lat="31.9698867760598659515380859375" lon="118.83020781911909580230712890625">
        <ele>7</ele>
        <time>2021-07-08T12:08:53.000Z</time>
        <extensions>
          <ns3:TrackPointExtension/>
        </extensions>
      </trkpt>
      <trkpt lat="31.96986003778874874114990234375" lon="118.8302001915872097015380859375">
        <ele>7</ele>
        <time>2021-07-08T12:08:54.000Z</time>
        <extensions>
          <ns3:TrackPointExtension/>
        </extensions>
      </trkpt>
      <trkpt lat="31.96983522735536098480224609375" lon="118.8302001915872097015380859375">
        <ele>6.80000019073486328125</ele>
        <time>2021-07-08T12:08:55.000Z</time>
        <extensions>
          <ns3:TrackPointExtension>
            <ns3:hr>177</ns3:hr>
            <ns3:cad>77</ns3:cad>
          </ns3:TrackPointExtension>
        </extensions>
      </trkpt>
      <trkpt lat="31.96981041692197322845458984375" lon="118.83019256405532360076904296875">
        <ele>6.400000095367431640625</ele>
        <time>2021-07-08T12:08:56.000Z</time>
        <extensions>
          <ns3:TrackPointExtension/>
        </extensions>
      </trkpt>
      <trkpt lat="31.96978376246988773345947265625" lon="118.83019256405532360076904296875">
        <ele>6</ele>
        <time>2021-07-08T12:08:57.000Z</time>
        <extensions>
          <ns3:TrackPointExtension/>
        </extensions>
      </trkpt>
      <trkpt lat="31.9697570241987705230712890625" lon="118.8301849365234375">
        <ele>5.599999904632568359375</ele>
        <time>2021-07-08T12:08:58.000Z</time>
        <extensions>
          <ns3:TrackPointExtension/>
        </extensions>
      </trkpt>
      <trkpt lat="31.9697322137653827667236328125" lon="118.8301849365234375">
        <ele>5.19999980926513671875</ele>
        <time>2021-07-08T12:08:59.000Z</time>
        <extensions>
          <ns3:TrackPointExtension/>
        </extensions>
      </trkpt>
      <trkpt lat="31.96970748715102672576904296875" lon="118.830177225172519683837890625">
        <ele>5</ele>
        <time>2021-07-08T12:09:00.000Z</time>
        <extensions>
          <ns3:TrackPointExtension>
            <ns3:hr>174</ns3:hr>
            <ns3:cad>77</ns3:cad>
          </ns3:TrackPointExtension>
        </extensions>
      </trkpt>
      <trkpt lat="31.969680748879909515380859375" lon="118.830177225172519683837890625">
        <ele>4.599999904632568359375</ele>
        <time>2021-07-08T12:09:01.000Z</time>
        <extensions>
          <ns3:TrackPointExtension/>
        </extensions>
      </trkpt>
      <trkpt lat="31.969655938446521759033203125" lon="118.830177225172519683837890625">
        <ele>4.19999980926513671875</ele>
        <time>2021-07-08T12:09:02.000Z</time>
        <extensions>
          <ns3:TrackPointExtension/>
        </extensions>
      </trkpt>
      <trkpt lat="31.9696292839944362640380859375" lon="118.830177225172519683837890625">
        <ele>3.7999999523162841796875</ele>
        <time>2021-07-08T12:09:03.000Z</time>
        <extensions>
          <ns3:TrackPointExtension/>
        </extensions>
      </trkpt>
      <trkpt lat="31.9696044735610485076904296875" lon="118.830177225172519683837890625">
        <ele>3.599999904632568359375</ele>
        <time>2021-07-08T12:09:04.000Z</time>
        <extensions>
          <ns3:TrackPointExtension/>
        </extensions>
      </trkpt>
      <trkpt lat="31.9695796631276607513427734375" lon="118.83016959764063358306884765625">
        <ele>3.400000095367431640625</ele>
        <time>2021-07-08T12:09:05.000Z</time>
        <extensions>
          <ns3:TrackPointExtension>
            <ns3:hr>176</ns3:hr>
            <ns3:cad>77</ns3:cad>
          </ns3:TrackPointExtension>
        </extensions>
      </trkpt>
      <trkpt lat="31.9695548526942729949951171875" lon="118.83016959764063358306884765625">
        <ele>3</ele>
        <time>2021-07-08T12:09:06.000Z</time>
        <extensions>
          <ns3:TrackPointExtension/>
        </extensions>
      </trkpt>
      <trkpt lat="31.9695300422608852386474609375" lon="118.83016959764063358306884765625">
        <ele>2.7999999523162841796875</ele>
        <time>2021-07-08T12:09:07.000Z</time>
        <extensions>
          <ns3:TrackPointExtension/>
        </extensions>
      </trkpt>
      <trkpt lat="31.9695052318274974822998046875" lon="118.83016959764063358306884765625">
        <ele>2.599999904632568359375</ele>
        <time>2021-07-08T12:09:08.000Z</time>
        <extensions>
          <ns3:TrackPointExtension/>
        </extensions>
      </trkpt>
      <trkpt lat="31.96948050521314144134521484375" lon="118.83016959764063358306884765625">
        <ele>2.2000000476837158203125</ele>
        <time>2021-07-08T12:09:09.000Z</time>
        <extensions>
          <ns3:TrackPointExtension/>
        </extensions>
      </trkpt>
      <trkpt lat="31.96945569477975368499755859375" lon="118.83016959764063358306884765625">
        <ele>2</ele>
        <time>2021-07-08T12:09:10.000Z</time>
        <extensions>
          <ns3:TrackPointExtension>
            <ns3:hr>176</ns3:hr>
            <ns3:cad>77</ns3:cad>
          </ns3:TrackPointExtension>
        </extensions>
      </trkpt>
      <trkpt lat="31.96943088434636592864990234375" lon="118.83016959764063358306884765625">
        <ele>1.7999999523162841796875</ele>
        <time>2021-07-08T12:09:11.000Z</time>
        <extensions>
          <ns3:TrackPointExtension/>
        </extensions>
      </trkpt>
      <trkpt lat="31.96940607391297817230224609375" lon="118.83016959764063358306884765625">
        <ele>1.39999997615814208984375</ele>
        <time>2021-07-08T12:09:12.000Z</time>
        <extensions>
          <ns3:TrackPointExtension/>
        </extensions>
      </trkpt>
      <trkpt lat="31.9693831913173198699951171875" lon="118.83016959764063358306884765625">
        <ele>1.2000000476837158203125</ele>
        <time>2021-07-08T12:09:13.000Z</time>
        <extensions>
          <ns3:TrackPointExtension/>
        </extensions>
      </trkpt>
      <trkpt lat="31.9693583808839321136474609375" lon="118.8301619701087474822998046875">
        <ele>0.800000011920928955078125</ele>
        <time>2021-07-08T12:09:14.000Z</time>
        <extensions>
          <ns3:TrackPointExtension/>
        </extensions>
      </trkpt>
      <trkpt lat="31.96933549828827381134033203125" lon="118.8301619701087474822998046875">
        <ele>0.60000002384185791015625</ele>
        <time>2021-07-08T12:09:15.000Z</time>
        <extensions>
          <ns3:TrackPointExtension>
            <ns3:hr>177</ns3:hr>
            <ns3:cad>77</ns3:cad>
          </ns3:TrackPointExtension>
        </extensions>
      </trkpt>
      <trkpt lat="31.96931068785488605499267578125" lon="118.8301619701087474822998046875">
        <ele>0.20000000298023223876953125</ele>
        <time>2021-07-08T12:09:16.000Z</time>
        <extensions>
          <ns3:TrackPointExtension/>
        </extensions>
      </trkpt>
      <trkpt lat="31.9692859612405300140380859375" lon="118.83015434257686138153076171875">
        <ele>0</ele>
        <time>2021-07-08T12:09:17.000Z</time>
        <extensions>
          <ns3:TrackPointExtension/>
        </extensions>
      </trkpt>
      <trkpt lat="31.969262994825839996337890625" lon="118.83015434257686138153076171875">
        <ele>-0.20000000298023223876953125</ele>
        <time>2021-07-08T12:09:18.000Z</time>
        <extensions>
          <ns3:TrackPointExtension/>
        </extensions>
      </trkpt>
      <trkpt lat="31.96924011223018169403076171875" lon="118.83015434257686138153076171875">
        <ele>-0.20000000298023223876953125</ele>
        <time>2021-07-08T12:09:19.000Z</time>
        <extensions>
          <ns3:TrackPointExtension/>
        </extensions>
      </trkpt>
      <trkpt lat="31.969215385615825653076171875" lon="118.83014671504497528076171875">
        <ele>-0.20000000298023223876953125</ele>
        <time>2021-07-08T12:09:20.000Z</time>
        <extensions>
          <ns3:TrackPointExtension>
            <ns3:hr>175</ns3:hr>
            <ns3:cad>77</ns3:cad>
          </ns3:TrackPointExtension>
        </extensions>
      </trkpt>
      <trkpt lat="31.96919250302016735076904296875" lon="118.83014671504497528076171875">
        <ele>-0.4000000059604644775390625</ele>
        <time>2021-07-08T12:09:21.000Z</time>
        <extensions>
          <ns3:TrackPointExtension/>
        </extensions>
      </trkpt>
      <trkpt lat="31.96916769258677959442138671875" lon="118.83014671504497528076171875">
        <ele>-0.4000000059604644775390625</ele>
        <time>2021-07-08T12:09:22.000Z</time>
        <extensions>
          <ns3:TrackPointExtension/>
        </extensions>
      </trkpt>
      <trkpt lat="31.96914288215339183807373046875" lon="118.83013908751308917999267578125">
        <ele>-0.60000002384185791015625</ele>
        <time>2021-07-08T12:09:23.000Z</time>
        <extensions>
          <ns3:TrackPointExtension/>
        </extensions>
      </trkpt>
      <trkpt lat="31.96911807172000408172607421875" lon="118.83013908751308917999267578125">
        <ele>-0.60000002384185791015625</ele>
        <time>2021-07-08T12:09:24.000Z</time>
        <extensions>
          <ns3:TrackPointExtension/>
        </extensions>
      </trkpt>
      <trkpt lat="31.96909326128661632537841796875" lon="118.83013908751308917999267578125">
        <ele>-0.800000011920928955078125</ele>
        <time>2021-07-08T12:09:25.000Z</time>
        <extensions>
          <ns3:TrackPointExtension>
            <ns3:hr>174</ns3:hr>
            <ns3:cad>77</ns3:cad>
          </ns3:TrackPointExtension>
        </extensions>
      </trkpt>
      <trkpt lat="31.96906660683453083038330078125" lon="118.83013908751308917999267578125">
        <ele>-0.800000011920928955078125</ele>
        <time>2021-07-08T12:09:26.000Z</time>
        <extensions>
          <ns3:TrackPointExtension/>
        </extensions>
      </trkpt>
      <trkpt lat="31.96904179640114307403564453125" lon="118.83013908751308917999267578125">
        <ele>-0.800000011920928955078125</ele>
        <time>2021-07-08T12:09:27.000Z</time>
        <extensions>
          <ns3:TrackPointExtension/>
        </extensions>
      </trkpt>
      <trkpt lat="31.9690150581300258636474609375" lon="118.83013908751308917999267578125">
        <ele>-0.800000011920928955078125</ele>
        <time>2021-07-08T12:09:28.000Z</time>
        <extensions>
          <ns3:TrackPointExtension/>
        </extensions>
      </trkpt>
      <trkpt lat="31.9689902476966381072998046875" lon="118.83013908751308917999267578125">
        <ele>-0.60000002384185791015625</ele>
        <time>2021-07-08T12:09:29.000Z</time>
        <extensions>
          <ns3:TrackPointExtension/>
        </extensions>
      </trkpt>
      <trkpt lat="31.96896552108228206634521484375" lon="118.8301314599812030792236328125">
        <ele>-0.20000000298023223876953125</ele>
        <time>2021-07-08T12:09:30.000Z</time>
        <extensions>
          <ns3:TrackPointExtension>
            <ns3:hr>174</ns3:hr>
            <ns3:cad>77</ns3:cad>
          </ns3:TrackPointExtension>
        </extensions>
      </trkpt>
      <trkpt lat="31.96893878281116485595703125" lon="118.8301314599812030792236328125">
        <ele>0</ele>
        <time>2021-07-08T12:09:31.000Z</time>
        <extensions>
          <ns3:TrackPointExtension/>
        </extensions>
      </trkpt>
      <trkpt lat="31.968913972377777099609375" lon="118.8301314599812030792236328125">
        <ele>0.20000000298023223876953125</ele>
        <time>2021-07-08T12:09:32.000Z</time>
        <extensions>
          <ns3:TrackPointExtension/>
        </extensions>
      </trkpt>
      <trkpt lat="31.9688873179256916046142578125" lon="118.8301314599812030792236328125">
        <ele>0.60000002384185791015625</ele>
        <time>2021-07-08T12:09:33.000Z</time>
        <extensions>
          <ns3:TrackPointExtension/>
        </extensions>
      </trkpt>
      <trkpt lat="31.9688625074923038482666015625" lon="118.83012383244931697845458984375">
        <ele>0.800000011920928955078125</ele>
        <time>2021-07-08T12:09:34.000Z</time>
        <extensions>
          <ns3:TrackPointExtension/>
        </extensions>
      </trkpt>
      <trkpt lat="31.9688376970589160919189453125" lon="118.83012383244931697845458984375">
        <ele>1</ele>
        <time>2021-07-08T12:09:35.000Z</time>
        <extensions>
          <ns3:TrackPointExtension>
            <ns3:hr>174</ns3:hr>
            <ns3:cad>77</ns3:cad>
          </ns3:TrackPointExtension>
        </extensions>
      </trkpt>
      <trkpt lat="31.9688128866255283355712890625" lon="118.830116204917430877685546875">
        <ele>1.39999997615814208984375</ele>
        <time>2021-07-08T12:09:36.000Z</time>
        <extensions>
          <ns3:TrackPointExtension/>
        </extensions>
      </trkpt>
      <trkpt lat="31.96879000402987003326416015625" lon="118.830116204917430877685546875">
        <ele>1.60000002384185791015625</ele>
        <time>2021-07-08T12:09:37.000Z</time>
        <extensions>
          <ns3:TrackPointExtension/>
        </extensions>
      </trkpt>
      <trkpt lat="31.96876519359648227691650390625" lon="118.83010857738554477691650390625">
        <ele>1.7999999523162841796875</ele>
        <time>2021-07-08T12:09:38.000Z</time>
        <extensions>
          <ns3:TrackPointExtension/>
        </extensions>
      </trkpt>
      <trkpt lat="31.968742311000823974609375" lon="118.83010857738554477691650390625">
        <ele>2.2000000476837158203125</ele>
        <time>2021-07-08T12:09:39.000Z</time>
        <extensions>
          <ns3:TrackPointExtension/>
        </extensions>
      </trkpt>
      <trkpt lat="31.96871942840516567230224609375" lon="118.8301009498536586761474609375">
        <ele>2.400000095367431640625</ele>
        <time>2021-07-08T12:09:40.000Z</time>
        <extensions>
          <ns3:TrackPointExtension>
            <ns3:hr>174</ns3:hr>
            <ns3:cad>77</ns3:cad>
          </ns3:TrackPointExtension>
        </extensions>
      </trkpt>
      <trkpt lat="31.96869461797177791595458984375" lon="118.83009332232177257537841796875">
        <ele>2.599999904632568359375</ele>
        <time>2021-07-08T12:09:41.000Z</time>
        <extensions>
          <ns3:TrackPointExtension/>
        </extensions>
      </trkpt>
      <trkpt lat="31.9686717353761196136474609375" lon="118.830085694789886474609375">
        <ele>2.7999999523162841796875</ele>
        <time>2021-07-08T12:09:42.000Z</time>
        <extensions>
          <ns3:TrackPointExtension/>
        </extensions>
      </trkpt>
      <trkpt lat="31.96864885278046131134033203125" lon="118.83007806725800037384033203125">
        <ele>3</ele>
        <time>2021-07-08T12:09:43.000Z</time>
        <extensions>
          <ns3:TrackPointExtension/>
        </extensions>
      </trkpt>
      <trkpt lat="31.968625970184803009033203125" lon="118.8300704397261142730712890625">
        <ele>3.2000000476837158203125</ele>
        <time>2021-07-08T12:09:44.000Z</time>
        <extensions>
          <ns3:TrackPointExtension/>
        </extensions>
      </trkpt>
      <trkpt lat="31.96860308758914470672607421875" lon="118.8300704397261142730712890625">
        <ele>3.400000095367431640625</ele>
        <time>2021-07-08T12:09:45.000Z</time>
        <extensions>
          <ns3:TrackPointExtension>
            <ns3:hr>173</ns3:hr>
            <ns3:cad>77</ns3:cad>
          </ns3:TrackPointExtension>
        </extensions>
      </trkpt>
      <trkpt lat="31.96857827715575695037841796875" lon="118.83006281219422817230224609375">
        <ele>3.7999999523162841796875</ele>
        <time>2021-07-08T12:09:46.000Z</time>
        <extensions>
          <ns3:TrackPointExtension/>
        </extensions>
      </trkpt>
      <trkpt lat="31.96855346672236919403076171875" lon="118.830055184662342071533203125">
        <ele>4</ele>
        <time>2021-07-08T12:09:47.000Z</time>
        <extensions>
          <ns3:TrackPointExtension/>
        </extensions>
      </trkpt>
      <trkpt lat="31.9685305841267108917236328125" lon="118.83004755713045597076416015625">
        <ele>4.19999980926513671875</ele>
        <time>2021-07-08T12:09:48.000Z</time>
        <extensions>
          <ns3:TrackPointExtension/>
        </extensions>
      </trkpt>
      <trkpt lat="31.96850770153105258941650390625" lon="118.83003230206668376922607421875">
        <ele>4.599999904632568359375</ele>
        <time>2021-07-08T12:09:49.000Z</time>
        <extensions>
          <ns3:TrackPointExtension/>
        </extensions>
      </trkpt>
      <trkpt lat="31.96848289109766483306884765625" lon="118.83002467453479766845703125">
        <ele>4.80000019073486328125</ele>
        <time>2021-07-08T12:09:50.000Z</time>
        <extensions>
          <ns3:TrackPointExtension>
            <ns3:hr>173</ns3:hr>
            <ns3:cad>77</ns3:cad>
          </ns3:TrackPointExtension>
        </extensions>
      </trkpt>
      <trkpt lat="31.96846000850200653076171875" lon="118.8300094194710254669189453125">
        <ele>5</ele>
        <time>2021-07-08T12:09:51.000Z</time>
        <extensions>
          <ns3:TrackPointExtension/>
        </extensions>
      </trkpt>
      <trkpt lat="31.9684390537440776824951171875" lon="118.83000179193913936614990234375">
        <ele>5</ele>
        <time>2021-07-08T12:09:52.000Z</time>
        <extensions>
          <ns3:TrackPointExtension/>
        </extensions>
      </trkpt>
      <trkpt lat="31.968418098986148834228515625" lon="118.82998653687536716461181640625">
        <ele>5.19999980926513671875</ele>
        <time>2021-07-08T12:09:53.000Z</time>
        <extensions>
          <ns3:TrackPointExtension/>
        </extensions>
      </trkpt>
      <trkpt lat="31.96839706040918827056884765625" lon="118.8299636542797088623046875">
        <ele>5.19999980926513671875</ele>
        <time>2021-07-08T12:09:54.000Z</time>
        <extensions>
          <ns3:TrackPointExtension/>
        </extensions>
      </trkpt>
      <trkpt lat="31.96837996132671833038330078125" lon="118.82994077168405055999755859375">
        <ele>5.400000095367431640625</ele>
        <time>2021-07-08T12:09:55.000Z</time>
        <extensions>
          <ns3:TrackPointExtension>
            <ns3:hr>174</ns3:hr>
            <ns3:cad>77</ns3:cad>
          </ns3:TrackPointExtension>
        </extensions>
      </trkpt>
      <trkpt lat="31.96836470626294612884521484375" lon="118.8299178890883922576904296875">
        <ele>5.400000095367431640625</ele>
        <time>2021-07-08T12:09:56.000Z</time>
        <extensions>
          <ns3:TrackPointExtension/>
        </extensions>
      </trkpt>
      <trkpt lat="31.96835129521787166595458984375" lon="118.82989500649273395538330078125">
        <ele>5.400000095367431640625</ele>
        <time>2021-07-08T12:09:57.000Z</time>
        <extensions>
          <ns3:TrackPointExtension/>
        </extensions>
      </trkpt>
      <trkpt lat="31.9683418236672878265380859375" lon="118.82986449636518955230712890625">
        <ele>5.400000095367431640625</ele>
        <time>2021-07-08T12:09:58.000Z</time>
        <extensions>
          <ns3:TrackPointExtension/>
        </extensions>
      </trkpt>
      <trkpt lat="31.96833419613540172576904296875" lon="118.829833902418613433837890625">
        <ele>5.400000095367431640625</ele>
        <time>2021-07-08T12:09:59.000Z</time>
        <extensions>
          <ns3:TrackPointExtension/>
        </extensions>
      </trkpt>
      <trkpt lat="31.968332268297672271728515625" lon="118.82980339229106903076171875">
        <ele>5.599999904632568359375</ele>
        <time>2021-07-08T12:10:00.000Z</time>
        <extensions>
          <ns3:TrackPointExtension>
            <ns3:hr>175</ns3:hr>
            <ns3:cad>77</ns3:cad>
          </ns3:TrackPointExtension>
        </extensions>
      </trkpt>
      <trkpt lat="31.968332268297672271728515625" lon="118.829772882163524627685546875">
        <ele>5.599999904632568359375</ele>
        <time>2021-07-08T12:10:01.000Z</time>
        <extensions>
          <ns3:TrackPointExtension/>
        </extensions>
      </trkpt>
      <trkpt lat="31.96833604015409946441650390625" lon="118.829742372035980224609375">
        <ele>5.80000019073486328125</ele>
        <time>2021-07-08T12:10:02.000Z</time>
        <extensions>
          <ns3:TrackPointExtension/>
        </extensions>
      </trkpt>
      <trkpt lat="31.9683418236672878265380859375" lon="118.829711861908435821533203125">
        <ele>5.80000019073486328125</ele>
        <time>2021-07-08T12:10:03.000Z</time>
        <extensions>
          <ns3:TrackPointExtension/>
        </extensions>
      </trkpt>
      <trkpt lat="31.9683475233614444732666015625" lon="118.82967372424900531768798828125">
        <ele>6</ele>
        <time>2021-07-08T12:10:04.000Z</time>
        <extensions>
          <ns3:TrackPointExtension/>
        </extensions>
      </trkpt>
      <trkpt lat="31.96835515089333057403564453125" lon="118.829650841653347015380859375">
        <ele>6.19999980926513671875</ele>
        <time>2021-07-08T12:10:05.000Z</time>
        <extensions>
          <ns3:TrackPointExtension>
            <ns3:hr>175</ns3:hr>
            <ns3:cad>77</ns3:cad>
          </ns3:TrackPointExtension>
        </extensions>
      </trkpt>
      <trkpt lat="31.9683627784252166748046875" lon="118.8296203315258026123046875">
        <ele>6.400000095367431640625</ele>
        <time>2021-07-08T12:10:06.000Z</time>
        <extensions>
          <ns3:TrackPointExtension/>
        </extensions>
      </trkpt>
      <trkpt lat="31.96837040595710277557373046875" lon="118.829589821398258209228515625">
        <ele>6.599999904632568359375</ele>
        <time>2021-07-08T12:10:07.000Z</time>
        <extensions>
          <ns3:TrackPointExtension/>
        </extensions>
      </trkpt>
      <trkpt lat="31.9683780334889888763427734375" lon="118.82955931127071380615234375">
        <ele>6.80000019073486328125</ele>
        <time>2021-07-08T12:10:08.000Z</time>
        <extensions>
          <ns3:TrackPointExtension/>
        </extensions>
      </trkpt>
      <trkpt lat="31.9683837331831455230712890625" lon="118.829528801143169403076171875">
        <ele>7</ele>
        <time>2021-07-08T12:10:09.000Z</time>
        <extensions>
          <ns3:TrackPointExtension/>
        </extensions>
      </trkpt>
      <trkpt lat="31.9683894328773021697998046875" lon="118.82950591854751110076904296875">
        <ele>7.19999980926513671875</ele>
        <time>2021-07-08T12:10:10.000Z</time>
        <extensions>
          <ns3:TrackPointExtension>
            <ns3:hr>176</ns3:hr>
            <ns3:cad>77</ns3:cad>
          </ns3:TrackPointExtension>
        </extensions>
      </trkpt>
      <trkpt lat="31.96839521639049053192138671875" lon="118.8294753246009349822998046875">
        <ele>7.19999980926513671875</ele>
        <time>2021-07-08T12:10:11.000Z</time>
        <extensions>
          <ns3:TrackPointExtension/>
        </extensions>
      </trkpt>
      <trkpt lat="31.968398988246917724609375" lon="118.82945244200527667999267578125">
        <ele>7.400000095367431640625</ele>
        <time>2021-07-08T12:10:12.000Z</time>
        <extensions>
          <ns3:TrackPointExtension/>
        </extensions>
      </trkpt>
      <trkpt lat="31.96840091608464717864990234375" lon="118.82942193187773227691650390625">
        <ele>7.599999904632568359375</ele>
        <time>2021-07-08T12:10:13.000Z</time>
        <extensions>
          <ns3:TrackPointExtension/>
        </extensions>
      </trkpt>
      <trkpt lat="31.9684028439223766326904296875" lon="118.829399049282073974609375">
        <ele>7.80000019073486328125</ele>
        <time>2021-07-08T12:10:14.000Z</time>
        <extensions>
          <ns3:TrackPointExtension/>
        </extensions>
      </trkpt>
      <trkpt lat="31.968404687941074371337890625" lon="118.829368539154529571533203125">
        <ele>8</ele>
        <time>2021-07-08T12:10:15.000Z</time>
        <extensions>
          <ns3:TrackPointExtension>
            <ns3:hr>175</ns3:hr>
            <ns3:cad>77</ns3:cad>
          </ns3:TrackPointExtension>
        </extensions>
      </trkpt>
      <trkpt lat="31.96840661577880382537841796875" lon="118.82934565655887126922607421875">
        <ele>8.19999980926513671875</ele>
        <time>2021-07-08T12:10:16.000Z</time>
        <extensions>
          <ns3:TrackPointExtension/>
        </extensions>
      </trkpt>
      <trkpt lat="31.9684085436165332794189453125" lon="118.82931514643132686614990234375">
        <ele>8.3999996185302734375</ele>
        <time>2021-07-08T12:10:17.000Z</time>
        <extensions>
          <ns3:TrackPointExtension/>
        </extensions>
      </trkpt>
      <trkpt lat="31.9684123992919921875" lon="118.8292922638356685638427734375">
        <ele>8.6000003814697265625</ele>
        <time>2021-07-08T12:10:18.000Z</time>
        <extensions>
          <ns3:TrackPointExtension/>
        </extensions>
      </trkpt>
      <trkpt lat="31.9684142433106899261474609375" lon="118.8292617537081241607666015625">
        <ele>8.80000019073486328125</ele>
        <time>2021-07-08T12:10:19.000Z</time>
        <extensions>
          <ns3:TrackPointExtension/>
        </extensions>
      </trkpt>
      <trkpt lat="31.968418098986148834228515625" lon="118.82923887111246585845947265625">
        <ele>8.80000019073486328125</ele>
        <time>2021-07-08T12:10:20.000Z</time>
        <extensions>
          <ns3:TrackPointExtension>
            <ns3:hr>172</ns3:hr>
            <ns3:cad>77</ns3:cad>
          </ns3:TrackPointExtension>
        </extensions>
      </trkpt>
      <trkpt lat="31.96842187084257602691650390625" lon="118.82921598851680755615234375">
        <ele>8.80000019073486328125</ele>
        <time>2021-07-08T12:10:21.000Z</time>
        <extensions>
          <ns3:TrackPointExtension/>
        </extensions>
      </trkpt>
      <trkpt lat="31.9684276543557643890380859375" lon="118.829185478389263153076171875">
        <ele>8.80000019073486328125</ele>
        <time>2021-07-08T12:10:22.000Z</time>
        <extensions>
          <ns3:TrackPointExtension/>
        </extensions>
      </trkpt>
      <trkpt lat="31.96843142621219158172607421875" lon="118.82915496826171875">
        <ele>8.6000003814697265625</ele>
        <time>2021-07-08T12:10:23.000Z</time>
        <extensions>
          <ns3:TrackPointExtension/>
        </extensions>
      </trkpt>
      <trkpt lat="31.96843528188765048980712890625" lon="118.8291320018470287322998046875">
        <ele>8.6000003814697265625</ele>
        <time>2021-07-08T12:10:24.000Z</time>
        <extensions>
          <ns3:TrackPointExtension/>
        </extensions>
      </trkpt>
      <trkpt lat="31.96843712590634822845458984375" lon="118.8291014917194843292236328125">
        <ele>8.3999996185302734375</ele>
        <time>2021-07-08T12:10:25.000Z</time>
        <extensions>
          <ns3:TrackPointExtension>
            <ns3:hr>173</ns3:hr>
            <ns3:cad>77</ns3:cad>
          </ns3:TrackPointExtension>
        </extensions>
      </trkpt>
      <trkpt lat="31.9684390537440776824951171875" lon="118.8290709815919399261474609375">
        <ele>8.3999996185302734375</ele>
        <time>2021-07-08T12:10:26.000Z</time>
        <extensions>
          <ns3:TrackPointExtension/>
        </extensions>
      </trkpt>
      <trkpt lat="31.9684390537440776824951171875" lon="118.82904809899628162384033203125">
        <ele>8.19999980926513671875</ele>
        <time>2021-07-08T12:10:27.000Z</time>
        <extensions>
          <ns3:TrackPointExtension/>
        </extensions>
      </trkpt>
      <trkpt lat="31.9684390537440776824951171875" lon="118.82901758886873722076416015625">
        <ele>8.19999980926513671875</ele>
        <time>2021-07-08T12:10:28.000Z</time>
        <extensions>
          <ns3:TrackPointExtension/>
        </extensions>
      </trkpt>
      <trkpt lat="31.96843712590634822845458984375" lon="118.82899470627307891845703125">
        <ele>8</ele>
        <time>2021-07-08T12:10:29.000Z</time>
        <extensions>
          <ns3:TrackPointExtension/>
        </extensions>
      </trkpt>
      <trkpt lat="31.96843142621219158172607421875" lon="118.828964196145534515380859375">
        <ele>8</ele>
        <time>2021-07-08T12:10:30.000Z</time>
        <extensions>
          <ns3:TrackPointExtension>
            <ns3:hr>172</ns3:hr>
            <ns3:cad>77</ns3:cad>
          </ns3:TrackPointExtension>
        </extensions>
      </trkpt>
      <trkpt lat="31.96842572651803493499755859375" lon="118.82894131354987621307373046875">
        <ele>7.80000019073486328125</ele>
        <time>2021-07-08T12:10:31.000Z</time>
        <extensions>
          <ns3:TrackPointExtension/>
        </extensions>
      </trkpt>
      <trkpt lat="31.96841617114841938018798828125" lon="118.8289184309542179107666015625">
        <ele>7.80000019073486328125</ele>
        <time>2021-07-08T12:10:32.000Z</time>
        <extensions>
          <ns3:TrackPointExtension/>
        </extensions>
      </trkpt>
      <trkpt lat="31.968404687941074371337890625" lon="118.82889554835855960845947265625">
        <ele>7.599999904632568359375</ele>
        <time>2021-07-08T12:10:33.000Z</time>
        <extensions>
          <ns3:TrackPointExtension/>
        </extensions>
      </trkpt>
      <trkpt lat="31.968393288552761077880859375" lon="118.82887266576290130615234375">
        <ele>7.400000095367431640625</ele>
        <time>2021-07-08T12:10:34.000Z</time>
        <extensions>
          <ns3:TrackPointExtension/>
        </extensions>
      </trkpt>
      <trkpt lat="31.9683780334889888763427734375" lon="118.82884978316724300384521484375">
        <ele>7.400000095367431640625</ele>
        <time>2021-07-08T12:10:35.000Z</time>
        <extensions>
          <ns3:TrackPointExtension>
            <ns3:hr>173</ns3:hr>
            <ns3:cad>78</ns3:cad>
          </ns3:TrackPointExtension>
        </extensions>
      </trkpt>
      <trkpt lat="31.9683627784252166748046875" lon="118.8288269005715847015380859375">
        <ele>7.19999980926513671875</ele>
        <time>2021-07-08T12:10:36.000Z</time>
        <extensions>
          <ns3:TrackPointExtension/>
        </extensions>
      </trkpt>
      <trkpt lat="31.96834559552371501922607421875" lon="118.828803934156894683837890625">
        <ele>7.19999980926513671875</ele>
        <time>2021-07-08T12:10:37.000Z</time>
        <extensions>
          <ns3:TrackPointExtension/>
        </extensions>
      </trkpt>
      <trkpt lat="31.9683284126222133636474609375" lon="118.8287886790931224822998046875">
        <ele>7.19999980926513671875</ele>
        <time>2021-07-08T12:10:38.000Z</time>
        <extensions>
          <ns3:TrackPointExtension/>
        </extensions>
      </trkpt>
      <trkpt lat="31.96830938570201396942138671875" lon="118.82876579649746417999267578125">
        <ele>7</ele>
        <time>2021-07-08T12:10:39.000Z</time>
        <extensions>
          <ns3:TrackPointExtension/>
        </extensions>
      </trkpt>
      <trkpt lat="31.9682922028005123138427734375" lon="118.828742913901805877685546875">
        <ele>7</ele>
        <time>2021-07-08T12:10:40.000Z</time>
        <extensions>
          <ns3:TrackPointExtension>
            <ns3:hr>174</ns3:hr>
            <ns3:cad>78</ns3:cad>
          </ns3:TrackPointExtension>
        </extensions>
      </trkpt>
      <trkpt lat="31.9682730920612812042236328125" lon="118.8287276588380336761474609375">
        <ele>6.80000019073486328125</ele>
        <time>2021-07-08T12:10:41.000Z</time>
        <extensions>
          <ns3:TrackPointExtension/>
        </extensions>
      </trkpt>
      <trkpt lat="31.96825213730335235595703125" lon="118.82870477624237537384033203125">
        <ele>6.80000019073486328125</ele>
        <time>2021-07-08T12:10:42.000Z</time>
        <extensions>
          <ns3:TrackPointExtension/>
        </extensions>
      </trkpt>
      <trkpt lat="31.968233026564121246337890625" lon="118.82868952117860317230224609375">
        <ele>6.80000019073486328125</ele>
        <time>2021-07-08T12:10:43.000Z</time>
        <extensions>
          <ns3:TrackPointExtension/>
        </extensions>
      </trkpt>
      <trkpt lat="31.96821399964392185211181640625" lon="118.8286666385829448699951171875">
        <ele>6.80000019073486328125</ele>
        <time>2021-07-08T12:10:44.000Z</time>
        <extensions>
          <ns3:TrackPointExtension/>
        </extensions>
      </trkpt>
      <trkpt lat="31.96819488890469074249267578125" lon="118.82865138351917266845703125">
        <ele>6.80000019073486328125</ele>
        <time>2021-07-08T12:10:45.000Z</time>
        <extensions>
          <ns3:TrackPointExtension>
            <ns3:hr>174</ns3:hr>
            <ns3:cad>77</ns3:cad>
          </ns3:TrackPointExtension>
        </extensions>
      </trkpt>
      <trkpt lat="31.96817778982222080230712890625" lon="118.82862850092351436614990234375">
        <ele>6.80000019073486328125</ele>
        <time>2021-07-08T12:10:46.000Z</time>
        <extensions>
          <ns3:TrackPointExtension/>
        </extensions>
      </trkpt>
      <trkpt lat="31.96815867908298969268798828125" lon="118.8286056183278560638427734375">
        <ele>6.599999904632568359375</ele>
        <time>2021-07-08T12:10:47.000Z</time>
        <extensions>
          <ns3:TrackPointExtension/>
        </extensions>
      </trkpt>
      <trkpt lat="31.968141496181488037109375" lon="118.8285903632640838623046875">
        <ele>6.599999904632568359375</ele>
        <time>2021-07-08T12:10:48.000Z</time>
        <extensions>
          <ns3:TrackPointExtension/>
        </extensions>
      </trkpt>
      <trkpt lat="31.96812431327998638153076171875" lon="118.82856748066842555999755859375">
        <ele>6.599999904632568359375</ele>
        <time>2021-07-08T12:10:49.000Z</time>
        <extensions>
          <ns3:TrackPointExtension/>
        </extensions>
      </trkpt>
      <trkpt lat="31.96810721419751644134521484375" lon="118.82855222560465335845947265625">
        <ele>6.400000095367431640625</ele>
        <time>2021-07-08T12:10:50.000Z</time>
        <extensions>
          <ns3:TrackPointExtension>
            <ns3:hr>173</ns3:hr>
            <ns3:cad>77</ns3:cad>
          </ns3:TrackPointExtension>
        </extensions>
      </trkpt>
      <trkpt lat="31.9680900312960147857666015625" lon="118.82852934300899505615234375">
        <ele>6.400000095367431640625</ele>
        <time>2021-07-08T12:10:51.000Z</time>
        <extensions>
          <ns3:TrackPointExtension/>
        </extensions>
      </trkpt>
      <trkpt lat="31.968074776232242584228515625" lon="118.8285140879452228546142578125">
        <ele>6.400000095367431640625</ele>
        <time>2021-07-08T12:10:52.000Z</time>
        <extensions>
          <ns3:TrackPointExtension/>
        </extensions>
      </trkpt>
      <trkpt lat="31.96805759333074092864990234375" lon="118.82849120534956455230712890625">
        <ele>6.19999980926513671875</ele>
        <time>2021-07-08T12:10:53.000Z</time>
        <extensions>
          <ns3:TrackPointExtension/>
        </extensions>
      </trkpt>
      <trkpt lat="31.96804233826696872711181640625" lon="118.82846832275390625">
        <ele>6.19999980926513671875</ele>
        <time>2021-07-08T12:10:54.000Z</time>
        <extensions>
          <ns3:TrackPointExtension/>
        </extensions>
      </trkpt>
      <trkpt lat="31.968025155365467071533203125" lon="118.82845298387110233306884765625">
        <ele>6.19999980926513671875</ele>
        <time>2021-07-08T12:10:55.000Z</time>
        <extensions>
          <ns3:TrackPointExtension>
            <ns3:hr>171</ns3:hr>
            <ns3:cad>77</ns3:cad>
          </ns3:TrackPointExtension>
        </extensions>
      </trkpt>
      <trkpt lat="31.9680099003016948699951171875" lon="118.82843010127544403076171875">
        <ele>6</ele>
        <time>2021-07-08T12:10:56.000Z</time>
        <extensions>
          <ns3:TrackPointExtension/>
        </extensions>
      </trkpt>
      <trkpt lat="31.96799464523792266845703125" lon="118.8284148462116718292236328125">
        <ele>6</ele>
        <time>2021-07-08T12:10:57.000Z</time>
        <extensions>
          <ns3:TrackPointExtension/>
        </extensions>
      </trkpt>
      <trkpt lat="31.96797746233642101287841796875" lon="118.82839196361601352691650390625">
        <ele>6.19999980926513671875</ele>
        <time>2021-07-08T12:10:58.000Z</time>
        <extensions>
          <ns3:TrackPointExtension/>
        </extensions>
      </trkpt>
      <trkpt lat="31.96796220727264881134033203125" lon="118.828369081020355224609375">
        <ele>6.19999980926513671875</ele>
        <time>2021-07-08T12:10:59.000Z</time>
        <extensions>
          <ns3:TrackPointExtension/>
        </extensions>
      </trkpt>
      <trkpt lat="31.9679488800466060638427734375" lon="118.82834619842469692230224609375">
        <ele>6.19999980926513671875</ele>
        <time>2021-07-08T12:11:00.000Z</time>
        <extensions>
          <ns3:TrackPointExtension>
            <ns3:hr>173</ns3:hr>
            <ns3:cad>78</ns3:cad>
          </ns3:TrackPointExtension>
        </extensions>
      </trkpt>
      <trkpt lat="31.9679336249828338623046875" lon="118.8283233158290386199951171875">
        <ele>6.400000095367431640625</ele>
        <time>2021-07-08T12:11:01.000Z</time>
        <extensions>
          <ns3:TrackPointExtension/>
        </extensions>
      </trkpt>
      <trkpt lat="31.96792029775679111480712890625" lon="118.82830043323338031768798828125">
        <ele>6.400000095367431640625</ele>
        <time>2021-07-08T12:11:02.000Z</time>
        <extensions>
          <ns3:TrackPointExtension/>
        </extensions>
      </trkpt>
      <trkpt lat="31.96790881454944610595703125" lon="118.828277550637722015380859375">
        <ele>6.599999904632568359375</ele>
        <time>2021-07-08T12:11:03.000Z</time>
        <extensions>
          <ns3:TrackPointExtension/>
        </extensions>
      </trkpt>
      <trkpt lat="31.96789548732340335845947265625" lon="118.82825466804206371307373046875">
        <ele>6.599999904632568359375</ele>
        <time>2021-07-08T12:11:04.000Z</time>
        <extensions>
          <ns3:TrackPointExtension/>
        </extensions>
      </trkpt>
      <trkpt lat="31.967884004116058349609375" lon="118.82822415791451930999755859375">
        <ele>6.599999904632568359375</ele>
        <time>2021-07-08T12:11:05.000Z</time>
        <extensions>
          <ns3:TrackPointExtension>
            <ns3:hr>175</ns3:hr>
            <ns3:cad>78</ns3:cad>
          </ns3:TrackPointExtension>
        </extensions>
      </trkpt>
      <trkpt lat="31.9678744487464427947998046875" lon="118.8282012753188610076904296875">
        <ele>6.599999904632568359375</ele>
        <time>2021-07-08T12:11:06.000Z</time>
        <extensions>
          <ns3:TrackPointExtension/>
        </extensions>
      </trkpt>
      <trkpt lat="31.96786497719585895538330078125" lon="118.8281707651913166046142578125">
        <ele>6.80000019073486328125</ele>
        <time>2021-07-08T12:11:07.000Z</time>
        <extensions>
          <ns3:TrackPointExtension/>
        </extensions>
      </trkpt>
      <trkpt lat="31.9678573496639728546142578125" lon="118.8281402550637722015380859375">
        <ele>6.80000019073486328125</ele>
        <time>2021-07-08T12:11:08.000Z</time>
        <extensions>
          <ns3:TrackPointExtension/>
        </extensions>
      </trkpt>
      <trkpt lat="31.9678477942943572998046875" lon="118.82810966111719608306884765625">
        <ele>6.599999904632568359375</ele>
        <time>2021-07-08T12:11:09.000Z</time>
        <extensions>
          <ns3:TrackPointExtension/>
        </extensions>
      </trkpt>
      <trkpt lat="31.967842094600200653076171875" lon="118.82808677852153778076171875">
        <ele>6.599999904632568359375</ele>
        <time>2021-07-08T12:11:10.000Z</time>
        <extensions>
          <ns3:TrackPointExtension>
            <ns3:hr>175</ns3:hr>
            <ns3:cad>78</ns3:cad>
          </ns3:TrackPointExtension>
        </extensions>
      </trkpt>
      <trkpt lat="31.96783446706831455230712890625" lon="118.828056268393993377685546875">
        <ele>6.400000095367431640625</ele>
        <time>2021-07-08T12:11:11.000Z</time>
        <extensions>
          <ns3:TrackPointExtension/>
        </extensions>
      </trkpt>
      <trkpt lat="31.9678268395364284515380859375" lon="118.828025758266448974609375">
        <ele>6.400000095367431640625</ele>
        <time>2021-07-08T12:11:12.000Z</time>
        <extensions>
          <ns3:TrackPointExtension/>
        </extensions>
      </trkpt>
      <trkpt lat="31.96782105602324008941650390625" lon="118.827995248138904571533203125">
        <ele>6.400000095367431640625</ele>
        <time>2021-07-08T12:11:13.000Z</time>
        <extensions>
          <ns3:TrackPointExtension/>
        </extensions>
      </trkpt>
      <trkpt lat="31.9678134284913539886474609375" lon="118.82797236554324626922607421875">
        <ele>6.400000095367431640625</ele>
        <time>2021-07-08T12:11:14.000Z</time>
        <extensions>
          <ns3:TrackPointExtension/>
        </extensions>
      </trkpt>
      <trkpt lat="31.9678077287971973419189453125" lon="118.82794185541570186614990234375">
        <ele>6.19999980926513671875</ele>
        <time>2021-07-08T12:11:15.000Z</time>
        <extensions>
          <ns3:TrackPointExtension>
            <ns3:hr>175</ns3:hr>
            <ns3:cad>78</ns3:cad>
          </ns3:TrackPointExtension>
        </extensions>
      </trkpt>
      <trkpt lat="31.9678020291030406951904296875" lon="118.82791134528815746307373046875">
        <ele>6.19999980926513671875</ele>
        <time>2021-07-08T12:11:16.000Z</time>
        <extensions>
          <ns3:TrackPointExtension/>
        </extensions>
      </trkpt>
      <trkpt lat="31.96779624558985233306884765625" lon="118.8278884626924991607666015625">
        <ele>6.19999980926513671875</ele>
        <time>2021-07-08T12:11:17.000Z</time>
        <extensions>
          <ns3:TrackPointExtension/>
        </extensions>
      </trkpt>
      <trkpt lat="31.96779054589569568634033203125" lon="118.8278579525649547576904296875">
        <ele>6.19999980926513671875</ele>
        <time>2021-07-08T12:11:18.000Z</time>
        <extensions>
          <ns3:TrackPointExtension/>
        </extensions>
      </trkpt>
      <trkpt lat="31.96778677403926849365234375" lon="118.82783506996929645538330078125">
        <ele>6.19999980926513671875</ele>
        <time>2021-07-08T12:11:19.000Z</time>
        <extensions>
          <ns3:TrackPointExtension/>
        </extensions>
      </trkpt>
      <trkpt lat="31.96778099052608013153076171875" lon="118.827812187373638153076171875">
        <ele>6</ele>
        <time>2021-07-08T12:11:20.000Z</time>
        <extensions>
          <ns3:TrackPointExtension>
            <ns3:hr>174</ns3:hr>
            <ns3:cad>78</ns3:cad>
          </ns3:TrackPointExtension>
        </extensions>
      </trkpt>
      <trkpt lat="31.9677772186696529388427734375" lon="118.82778167724609375">
        <ele>6</ele>
        <time>2021-07-08T12:11:21.000Z</time>
        <extensions>
          <ns3:TrackPointExtension/>
        </extensions>
      </trkpt>
      <trkpt lat="31.96777336299419403076171875" lon="118.8277587108314037322998046875">
        <ele>6</ele>
        <time>2021-07-08T12:11:22.000Z</time>
        <extensions>
          <ns3:TrackPointExtension/>
        </extensions>
      </trkpt>
      <trkpt lat="31.96776959113776683807373046875" lon="118.82773582823574542999267578125">
        <ele>6</ele>
        <time>2021-07-08T12:11:23.000Z</time>
        <extensions>
          <ns3:TrackPointExtension/>
        </extensions>
      </trkpt>
      <trkpt lat="31.967767663300037384033203125" lon="118.82770531810820102691650390625">
        <ele>5.80000019073486328125</ele>
        <time>2021-07-08T12:11:24.000Z</time>
        <extensions>
          <ns3:TrackPointExtension/>
        </extensions>
      </trkpt>
      <trkpt lat="31.96776389144361019134521484375" lon="118.827682435512542724609375">
        <ele>5.599999904632568359375</ele>
        <time>2021-07-08T12:11:25.000Z</time>
        <extensions>
          <ns3:TrackPointExtension>
            <ns3:hr>177</ns3:hr>
            <ns3:cad>78</ns3:cad>
          </ns3:TrackPointExtension>
        </extensions>
      </trkpt>
      <trkpt lat="31.96776389144361019134521484375" lon="118.827651925384998321533203125">
        <ele>5.400000095367431640625</ele>
        <time>2021-07-08T12:11:26.000Z</time>
        <extensions>
          <ns3:TrackPointExtension/>
        </extensions>
      </trkpt>
      <trkpt lat="31.9677619636058807373046875" lon="118.82762904278934001922607421875">
        <ele>5.19999980926513671875</ele>
        <time>2021-07-08T12:11:27.000Z</time>
        <extensions>
          <ns3:TrackPointExtension/>
        </extensions>
      </trkpt>
      <trkpt lat="31.96776389144361019134521484375" lon="118.82759853266179561614990234375">
        <ele>5</ele>
        <time>2021-07-08T12:11:28.000Z</time>
        <extensions>
          <ns3:TrackPointExtension/>
        </extensions>
      </trkpt>
      <trkpt lat="31.96776573546230792999267578125" lon="118.8275756500661373138427734375">
        <ele>5</ele>
        <time>2021-07-08T12:11:29.000Z</time>
        <extensions>
          <ns3:TrackPointExtension/>
        </extensions>
      </trkpt>
      <trkpt lat="31.967767663300037384033203125" lon="118.8275451399385929107666015625">
        <ele>4.80000019073486328125</ele>
        <time>2021-07-08T12:11:30.000Z</time>
        <extensions>
          <ns3:TrackPointExtension>
            <ns3:hr>176</ns3:hr>
            <ns3:cad>78</ns3:cad>
          </ns3:TrackPointExtension>
        </extensions>
      </trkpt>
      <trkpt lat="31.9677715189754962921142578125" lon="118.8275146298110485076904296875">
        <ele>4.80000019073486328125</ele>
        <time>2021-07-08T12:11:31.000Z</time>
        <extensions>
          <ns3:TrackPointExtension/>
        </extensions>
      </trkpt>
      <trkpt lat="31.96777529083192348480224609375" lon="118.8274841196835041046142578125">
        <ele>4.599999904632568359375</ele>
        <time>2021-07-08T12:11:32.000Z</time>
        <extensions>
          <ns3:TrackPointExtension/>
        </extensions>
      </trkpt>
      <trkpt lat="31.96777914650738239288330078125" lon="118.82746123708784580230712890625">
        <ele>4.599999904632568359375</ele>
        <time>2021-07-08T12:11:33.000Z</time>
        <extensions>
          <ns3:TrackPointExtension/>
        </extensions>
      </trkpt>
      <trkpt lat="31.9677829183638095855712890625" lon="118.827430643141269683837890625">
        <ele>4.599999904632568359375</ele>
        <time>2021-07-08T12:11:34.000Z</time>
        <extensions>
          <ns3:TrackPointExtension/>
        </extensions>
      </trkpt>
      <trkpt lat="31.96778677403926849365234375" lon="118.82740013301372528076171875">
        <ele>4.599999904632568359375</ele>
        <time>2021-07-08T12:11:35.000Z</time>
        <extensions>
          <ns3:TrackPointExtension>
            <ns3:hr>175</ns3:hr>
            <ns3:cad>78</ns3:cad>
          </ns3:TrackPointExtension>
        </extensions>
      </trkpt>
      <trkpt lat="31.96779054589569568634033203125" lon="118.827369622886180877685546875">
        <ele>4.599999904632568359375</ele>
        <time>2021-07-08T12:11:36.000Z</time>
        <extensions>
          <ns3:TrackPointExtension/>
        </extensions>
      </trkpt>
      <trkpt lat="31.96779440157115459442138671875" lon="118.82734674029052257537841796875">
        <ele>4.599999904632568359375</ele>
        <time>2021-07-08T12:11:37.000Z</time>
        <extensions>
          <ns3:TrackPointExtension/>
        </extensions>
      </trkpt>
      <trkpt lat="31.967798173427581787109375" lon="118.82731623016297817230224609375">
        <ele>4.599999904632568359375</ele>
        <time>2021-07-08T12:11:38.000Z</time>
        <extensions>
          <ns3:TrackPointExtension/>
        </extensions>
      </trkpt>
      <trkpt lat="31.967803873121738433837890625" lon="118.82728572003543376922607421875">
        <ele>4.599999904632568359375</ele>
        <time>2021-07-08T12:11:39.000Z</time>
        <extensions>
          <ns3:TrackPointExtension/>
        </extensions>
      </trkpt>
      <trkpt lat="31.96780965663492679595947265625" lon="118.82725520990788936614990234375">
        <ele>4.599999904632568359375</ele>
        <time>2021-07-08T12:11:40.000Z</time>
        <extensions>
          <ns3:TrackPointExtension>
            <ns3:hr>175</ns3:hr>
            <ns3:cad>77</ns3:cad>
          </ns3:TrackPointExtension>
        </extensions>
      </trkpt>
      <trkpt lat="31.96781535632908344268798828125" lon="118.8272323273122310638427734375">
        <ele>4.599999904632568359375</ele>
        <time>2021-07-08T12:11:41.000Z</time>
        <extensions>
          <ns3:TrackPointExtension/>
        </extensions>
      </trkpt>
      <trkpt lat="31.96782105602324008941650390625" lon="118.8272018171846866607666015625">
        <ele>4.599999904632568359375</ele>
        <time>2021-07-08T12:11:42.000Z</time>
        <extensions>
          <ns3:TrackPointExtension/>
        </extensions>
      </trkpt>
      <trkpt lat="31.96783061139285564422607421875" lon="118.8271713070571422576904296875">
        <ele>4.80000019073486328125</ele>
        <time>2021-07-08T12:11:43.000Z</time>
        <extensions>
          <ns3:TrackPointExtension/>
        </extensions>
      </trkpt>
      <trkpt lat="31.9678382389247417449951171875" lon="118.8271407969295978546142578125">
        <ele>4.80000019073486328125</ele>
        <time>2021-07-08T12:11:44.000Z</time>
        <extensions>
          <ns3:TrackPointExtension/>
        </extensions>
      </trkpt>
      <trkpt lat="31.9678477942943572998046875" lon="118.8271102868020534515380859375">
        <ele>4.80000019073486328125</ele>
        <time>2021-07-08T12:11:45.000Z</time>
        <extensions>
          <ns3:TrackPointExtension>
            <ns3:hr>175</ns3:hr>
            <ns3:cad>78</ns3:cad>
          </ns3:TrackPointExtension>
        </extensions>
      </trkpt>
      <trkpt lat="31.96785919368267059326171875" lon="118.82707969285547733306884765625">
        <ele>4.80000019073486328125</ele>
        <time>2021-07-08T12:11:46.000Z</time>
        <extensions>
          <ns3:TrackPointExtension/>
        </extensions>
      </trkpt>
      <trkpt lat="31.9678687490522861480712890625" lon="118.82704918272793292999267578125">
        <ele>4.80000019073486328125</ele>
        <time>2021-07-08T12:11:47.000Z</time>
        <extensions>
          <ns3:TrackPointExtension/>
        </extensions>
      </trkpt>
      <trkpt lat="31.96788207627832889556884765625" lon="118.82701867260038852691650390625">
        <ele>4.80000019073486328125</ele>
        <time>2021-07-08T12:11:48.000Z</time>
        <extensions>
          <ns3:TrackPointExtension/>
        </extensions>
      </trkpt>
      <trkpt lat="31.9678935594856739044189453125" lon="118.82698816247284412384033203125">
        <ele>4.80000019073486328125</ele>
        <time>2021-07-08T12:11:49.000Z</time>
        <extensions>
          <ns3:TrackPointExtension/>
        </extensions>
      </trkpt>
      <trkpt lat="31.96790504269301891326904296875" lon="118.8269500248134136199951171875">
        <ele>4.599999904632568359375</ele>
        <time>2021-07-08T12:11:50.000Z</time>
        <extensions>
          <ns3:TrackPointExtension>
            <ns3:hr>176</ns3:hr>
            <ns3:cad>78</ns3:cad>
          </ns3:TrackPointExtension>
        </extensions>
      </trkpt>
      <trkpt lat="31.9679183699190616607666015625" lon="118.8269195146858692169189453125">
        <ele>4.599999904632568359375</ele>
        <time>2021-07-08T12:11:51.000Z</time>
        <extensions>
          <ns3:TrackPointExtension/>
        </extensions>
      </trkpt>
      <trkpt lat="31.9679297693073749542236328125" lon="118.8268890045583248138427734375">
        <ele>4.599999904632568359375</ele>
        <time>2021-07-08T12:11:52.000Z</time>
        <extensions>
          <ns3:TrackPointExtension/>
        </extensions>
      </trkpt>
      <trkpt lat="31.9679431803524494171142578125" lon="118.8268584944307804107666015625">
        <ele>4.400000095367431640625</ele>
        <time>2021-07-08T12:11:53.000Z</time>
        <extensions>
          <ns3:TrackPointExtension/>
        </extensions>
      </trkpt>
      <trkpt lat="31.9679545797407627105712890625" lon="118.82682035677134990692138671875">
        <ele>4.400000095367431640625</ele>
        <time>2021-07-08T12:11:54.000Z</time>
        <extensions>
          <ns3:TrackPointExtension/>
        </extensions>
      </trkpt>
      <trkpt lat="31.96796606294810771942138671875" lon="118.82678984664380550384521484375">
        <ele>4.400000095367431640625</ele>
        <time>2021-07-08T12:11:55.000Z</time>
        <extensions>
          <ns3:TrackPointExtension>
            <ns3:hr>172</ns3:hr>
            <ns3:cad>78</ns3:cad>
          </ns3:TrackPointExtension>
        </extensions>
      </trkpt>
      <trkpt lat="31.967975534498691558837890625" lon="118.82675933651626110076904296875">
        <ele>4.19999980926513671875</ele>
        <time>2021-07-08T12:11:56.000Z</time>
        <extensions>
          <ns3:TrackPointExtension/>
        </extensions>
      </trkpt>
      <trkpt lat="31.96798701770603656768798828125" lon="118.82672111503779888153076171875">
        <ele>4.400000095367431640625</ele>
        <time>2021-07-08T12:11:57.000Z</time>
        <extensions>
          <ns3:TrackPointExtension/>
        </extensions>
      </trkpt>
      <trkpt lat="31.9679985009133815765380859375" lon="118.82669060491025447845458984375">
        <ele>4.599999904632568359375</ele>
        <time>2021-07-08T12:11:58.000Z</time>
        <extensions>
          <ns3:TrackPointExtension/>
        </extensions>
      </trkpt>
      <trkpt lat="31.96800797246396541595458984375" lon="118.82666009478271007537841796875">
        <ele>4.80000019073486328125</ele>
        <time>2021-07-08T12:11:59.000Z</time>
        <extensions>
          <ns3:TrackPointExtension/>
        </extensions>
      </trkpt>
      <trkpt lat="31.96801752783358097076416015625" lon="118.826621957123279571533203125">
        <ele>4.80000019073486328125</ele>
        <time>2021-07-08T12:12:00.000Z</time>
        <extensions>
          <ns3:TrackPointExtension>
            <ns3:hr>174</ns3:hr>
            <ns3:cad>78</ns3:cad>
          </ns3:TrackPointExtension>
        </extensions>
      </trkpt>
      <trkpt lat="31.968025155365467071533203125" lon="118.82659144699573516845703125">
        <ele>5</ele>
        <time>2021-07-08T12:12:01.000Z</time>
        <extensions>
          <ns3:TrackPointExtension/>
        </extensions>
      </trkpt>
      <trkpt lat="31.96803085505962371826171875" lon="118.826560936868190765380859375">
        <ele>5.19999980926513671875</ele>
        <time>2021-07-08T12:12:02.000Z</time>
        <extensions>
          <ns3:TrackPointExtension/>
        </extensions>
      </trkpt>
      <trkpt lat="31.96803848259150981903076171875" lon="118.82652279920876026153564453125">
        <ele>5.400000095367431640625</ele>
        <time>2021-07-08T12:12:03.000Z</time>
        <extensions>
          <ns3:TrackPointExtension/>
        </extensions>
      </trkpt>
      <trkpt lat="31.96804426610469818115234375" lon="118.82649228908121585845947265625">
        <ele>5.400000095367431640625</ele>
        <time>2021-07-08T12:12:04.000Z</time>
        <extensions>
          <ns3:TrackPointExtension/>
        </extensions>
      </trkpt>
      <trkpt lat="31.968049965798854827880859375" lon="118.82646177895367145538330078125">
        <ele>5.80000019073486328125</ele>
        <time>2021-07-08T12:12:05.000Z</time>
        <extensions>
          <ns3:TrackPointExtension>
            <ns3:hr>175</ns3:hr>
            <ns3:cad>79</ns3:cad>
          </ns3:TrackPointExtension>
        </extensions>
      </trkpt>
      <trkpt lat="31.968055665493011474609375" lon="118.82643126882612705230712890625">
        <ele>6</ele>
        <time>2021-07-08T12:12:06.000Z</time>
        <extensions>
          <ns3:TrackPointExtension/>
        </extensions>
      </trkpt>
      <trkpt lat="31.968061365187168121337890625" lon="118.82639304734766483306884765625">
        <ele>6.400000095367431640625</ele>
        <time>2021-07-08T12:12:07.000Z</time>
        <extensions>
          <ns3:TrackPointExtension/>
        </extensions>
      </trkpt>
      <trkpt lat="31.9680690765380859375" lon="118.82636253722012042999267578125">
        <ele>6.80000019073486328125</ele>
        <time>2021-07-08T12:12:08.000Z</time>
        <extensions>
          <ns3:TrackPointExtension/>
        </extensions>
      </trkpt>
      <trkpt lat="31.968074776232242584228515625" lon="118.82633202709257602691650390625">
        <ele>7.400000095367431640625</ele>
        <time>2021-07-08T12:12:09.000Z</time>
        <extensions>
          <ns3:TrackPointExtension/>
        </extensions>
      </trkpt>
      <trkpt lat="31.96808240376412868499755859375" lon="118.82630151696503162384033203125">
        <ele>7.80000019073486328125</ele>
        <time>2021-07-08T12:12:10.000Z</time>
        <extensions>
          <ns3:TrackPointExtension>
            <ns3:hr>173</ns3:hr>
            <ns3:cad>78</ns3:cad>
          </ns3:TrackPointExtension>
        </extensions>
      </trkpt>
      <trkpt lat="31.96809195913374423980712890625" lon="118.82627100683748722076416015625">
        <ele>8.3999996185302734375</ele>
        <time>2021-07-08T12:12:11.000Z</time>
        <extensions>
          <ns3:TrackPointExtension/>
        </extensions>
      </trkpt>
      <trkpt lat="31.9681014306843280792236328125" lon="118.82624049670994281768798828125">
        <ele>8.80000019073486328125</ele>
        <time>2021-07-08T12:12:12.000Z</time>
        <extensions>
          <ns3:TrackPointExtension/>
        </extensions>
      </trkpt>
      <trkpt lat="31.96811291389167308807373046875" lon="118.826217614114284515380859375">
        <ele>9.19999980926513671875</ele>
        <time>2021-07-08T12:12:13.000Z</time>
        <extensions>
          <ns3:TrackPointExtension/>
        </extensions>
      </trkpt>
      <trkpt lat="31.96812246926128864288330078125" lon="118.8261871039867401123046875">
        <ele>9.6000003814697265625</ele>
        <time>2021-07-08T12:12:14.000Z</time>
        <extensions>
          <ns3:TrackPointExtension/>
        </extensions>
      </trkpt>
      <trkpt lat="31.9681319408118724822998046875" lon="118.826156593859195709228515625">
        <ele>10</ele>
        <time>2021-07-08T12:12:15.000Z</time>
        <extensions>
          <ns3:TrackPointExtension>
            <ns3:hr>175</ns3:hr>
            <ns3:cad>78</ns3:cad>
          </ns3:TrackPointExtension>
        </extensions>
      </trkpt>
      <trkpt lat="31.96814342401921749114990234375" lon="118.82612608373165130615234375">
        <ele>10.19999980926513671875</ele>
        <time>2021-07-08T12:12:16.000Z</time>
        <extensions>
          <ns3:TrackPointExtension/>
        </extensions>
      </trkpt>
      <trkpt lat="31.96815297938883304595947265625" lon="118.826095573604106903076171875">
        <ele>10.19999980926513671875</ele>
        <time>2021-07-08T12:12:17.000Z</time>
        <extensions>
          <ns3:TrackPointExtension/>
        </extensions>
      </trkpt>
      <trkpt lat="31.96816253475844860076904296875" lon="118.8260650634765625">
        <ele>10.3999996185302734375</ele>
        <time>2021-07-08T12:12:18.000Z</time>
        <extensions>
          <ns3:TrackPointExtension/>
        </extensions>
      </trkpt>
      <trkpt lat="31.968172006309032440185546875" lon="118.8260420970618724822998046875">
        <ele>10.6000003814697265625</ele>
        <time>2021-07-08T12:12:19.000Z</time>
        <extensions>
          <ns3:TrackPointExtension/>
        </extensions>
      </trkpt>
      <trkpt lat="31.9681815616786479949951171875" lon="118.8260115869343280792236328125">
        <ele>10.6000003814697265625</ele>
        <time>2021-07-08T12:12:20.000Z</time>
        <extensions>
          <ns3:TrackPointExtension>
            <ns3:hr>174</ns3:hr>
            <ns3:cad>78</ns3:cad>
          </ns3:TrackPointExtension>
        </extensions>
      </trkpt>
      <trkpt lat="31.96818918921053409576416015625" lon="118.8259810768067836761474609375">
        <ele>10.80000019073486328125</ele>
        <time>2021-07-08T12:12:21.000Z</time>
        <extensions>
          <ns3:TrackPointExtension/>
        </extensions>
      </trkpt>
      <trkpt lat="31.968196816742420196533203125" lon="118.8259505666792392730712890625">
        <ele>11</ele>
        <time>2021-07-08T12:12:22.000Z</time>
        <extensions>
          <ns3:TrackPointExtension/>
        </extensions>
      </trkpt>
      <trkpt lat="31.96820444427430629730224609375" lon="118.8259200565516948699951171875">
        <ele>11</ele>
        <time>2021-07-08T12:12:23.000Z</time>
        <extensions>
          <ns3:TrackPointExtension/>
        </extensions>
      </trkpt>
      <trkpt lat="31.9682120718061923980712890625" lon="118.8258895464241504669189453125">
        <ele>10.80000019073486328125</ele>
        <time>2021-07-08T12:12:24.000Z</time>
        <extensions>
          <ns3:TrackPointExtension/>
        </extensions>
      </trkpt>
      <trkpt lat="31.9682177715003490447998046875" lon="118.82586666382849216461181640625">
        <ele>10.80000019073486328125</ele>
        <time>2021-07-08T12:12:25.000Z</time>
        <extensions>
          <ns3:TrackPointExtension>
            <ns3:hr>175</ns3:hr>
            <ns3:cad>78</ns3:cad>
          </ns3:TrackPointExtension>
        </extensions>
      </trkpt>
      <trkpt lat="31.968227326869964599609375" lon="118.82583615370094776153564453125">
        <ele>10.6000003814697265625</ele>
        <time>2021-07-08T12:12:26.000Z</time>
        <extensions>
          <ns3:TrackPointExtension/>
        </extensions>
      </trkpt>
      <trkpt lat="31.96823495440185070037841796875" lon="118.82580564357340335845947265625">
        <ele>10.6000003814697265625</ele>
        <time>2021-07-08T12:12:27.000Z</time>
        <extensions>
          <ns3:TrackPointExtension/>
        </extensions>
      </trkpt>
      <trkpt lat="31.9682425819337368011474609375" lon="118.82578276097774505615234375">
        <ele>10.3999996185302734375</ele>
        <time>2021-07-08T12:12:28.000Z</time>
        <extensions>
          <ns3:TrackPointExtension/>
        </extensions>
      </trkpt>
      <trkpt lat="31.96825213730335235595703125" lon="118.825752250850200653076171875">
        <ele>10.3999996185302734375</ele>
        <time>2021-07-08T12:12:29.000Z</time>
        <extensions>
          <ns3:TrackPointExtension/>
        </extensions>
      </trkpt>
      <trkpt lat="31.9682616926729679107666015625" lon="118.82572174072265625">
        <ele>10.19999980926513671875</ele>
        <time>2021-07-08T12:12:30.000Z</time>
        <extensions>
          <ns3:TrackPointExtension>
            <ns3:hr>179</ns3:hr>
            <ns3:cad>78</ns3:cad>
          </ns3:TrackPointExtension>
        </extensions>
      </trkpt>
      <trkpt lat="31.96826932020485401153564453125" lon="118.8256987743079662322998046875">
        <ele>10.19999980926513671875</ele>
        <time>2021-07-08T12:12:31.000Z</time>
        <extensions>
          <ns3:TrackPointExtension/>
        </extensions>
      </trkpt>
      <trkpt lat="31.96828071959316730499267578125" lon="118.8256682641804218292236328125">
        <ele>10</ele>
        <time>2021-07-08T12:12:32.000Z</time>
        <extensions>
          <ns3:TrackPointExtension/>
        </extensions>
      </trkpt>
      <trkpt lat="31.96828834712505340576171875" lon="118.8256377540528774261474609375">
        <ele>9.80000019073486328125</ele>
        <time>2021-07-08T12:12:33.000Z</time>
        <extensions>
          <ns3:TrackPointExtension/>
        </extensions>
      </trkpt>
      <trkpt lat="31.96829983033239841461181640625" lon="118.82561487145721912384033203125">
        <ele>9.6000003814697265625</ele>
        <time>2021-07-08T12:12:34.000Z</time>
        <extensions>
          <ns3:TrackPointExtension/>
        </extensions>
      </trkpt>
      <trkpt lat="31.96830938570201396942138671875" lon="118.82558436132967472076416015625">
        <ele>9.19999980926513671875</ele>
        <time>2021-07-08T12:12:35.000Z</time>
        <extensions>
          <ns3:TrackPointExtension>
            <ns3:hr>178</ns3:hr>
            <ns3:cad>78</ns3:cad>
          </ns3:TrackPointExtension>
        </extensions>
      </trkpt>
      <trkpt lat="31.968318857252597808837890625" lon="118.82555385120213031768798828125">
        <ele>8.6000003814697265625</ele>
        <time>2021-07-08T12:12:36.000Z</time>
        <extensions>
          <ns3:TrackPointExtension/>
        </extensions>
      </trkpt>
      <trkpt lat="31.9683284126222133636474609375" lon="118.82552334107458591461181640625">
        <ele>8.19999980926513671875</ele>
        <time>2021-07-08T12:12:37.000Z</time>
        <extensions>
          <ns3:TrackPointExtension/>
        </extensions>
      </trkpt>
      <trkpt lat="31.96833796799182891845703125" lon="118.8255004584789276123046875">
        <ele>8</ele>
        <time>2021-07-08T12:12:38.000Z</time>
        <extensions>
          <ns3:TrackPointExtension/>
        </extensions>
      </trkpt>
      <trkpt lat="31.96834945119917392730712890625" lon="118.825469948351383209228515625">
        <ele>7.400000095367431640625</ele>
        <time>2021-07-08T12:12:39.000Z</time>
        <extensions>
          <ns3:TrackPointExtension/>
        </extensions>
      </trkpt>
      <trkpt lat="31.9683589227497577667236328125" lon="118.82543943822383880615234375">
        <ele>7</ele>
        <time>2021-07-08T12:12:40.000Z</time>
        <extensions>
          <ns3:TrackPointExtension>
            <ns3:hr>175</ns3:hr>
            <ns3:cad>78</ns3:cad>
          </ns3:TrackPointExtension>
        </extensions>
      </trkpt>
      <trkpt lat="31.96837040595710277557373046875" lon="118.825408928096294403076171875">
        <ele>6.599999904632568359375</ele>
        <time>2021-07-08T12:12:41.000Z</time>
        <extensions>
          <ns3:TrackPointExtension/>
        </extensions>
      </trkpt>
      <trkpt lat="31.96837996132671833038330078125" lon="118.82537841796875">
        <ele>6.19999980926513671875</ele>
        <time>2021-07-08T12:12:42.000Z</time>
        <extensions>
          <ns3:TrackPointExtension/>
        </extensions>
      </trkpt>
      <trkpt lat="31.9683894328773021697998046875" lon="118.8253554515540599822998046875">
        <ele>6</ele>
        <time>2021-07-08T12:12:43.000Z</time>
        <extensions>
          <ns3:TrackPointExtension/>
        </extensions>
      </trkpt>
      <trkpt lat="31.968398988246917724609375" lon="118.8253249414265155792236328125">
        <ele>5.599999904632568359375</ele>
        <time>2021-07-08T12:12:44.000Z</time>
        <extensions>
          <ns3:TrackPointExtension/>
        </extensions>
      </trkpt>
      <trkpt lat="31.9684085436165332794189453125" lon="118.8252944312989711761474609375">
        <ele>5.599999904632568359375</ele>
        <time>2021-07-08T12:12:45.000Z</time>
        <extensions>
          <ns3:TrackPointExtension>
            <ns3:hr>171</ns3:hr>
            <ns3:cad>79</ns3:cad>
          </ns3:TrackPointExtension>
        </extensions>
      </trkpt>
      <trkpt lat="31.968418098986148834228515625" lon="118.8252639211714267730712890625">
        <ele>5.400000095367431640625</ele>
        <time>2021-07-08T12:12:46.000Z</time>
        <extensions>
          <ns3:TrackPointExtension/>
        </extensions>
      </trkpt>
      <trkpt lat="31.96842572651803493499755859375" lon="118.8252334110438823699951171875">
        <ele>5.400000095367431640625</ele>
        <time>2021-07-08T12:12:47.000Z</time>
        <extensions>
          <ns3:TrackPointExtension/>
        </extensions>
      </trkpt>
      <trkpt lat="31.9684333540499210357666015625" lon="118.8252029009163379669189453125">
        <ele>5.19999980926513671875</ele>
        <time>2021-07-08T12:12:48.000Z</time>
        <extensions>
          <ns3:TrackPointExtension/>
        </extensions>
      </trkpt>
      <trkpt lat="31.96844098158180713653564453125" lon="118.8251723907887935638427734375">
        <ele>5.19999980926513671875</ele>
        <time>2021-07-08T12:12:49.000Z</time>
        <extensions>
          <ns3:TrackPointExtension/>
        </extensions>
      </trkpt>
      <trkpt lat="31.96844668127596378326416015625" lon="118.82514950819313526153564453125">
        <ele>5.19999980926513671875</ele>
        <time>2021-07-08T12:12:50.000Z</time>
        <extensions>
          <ns3:TrackPointExtension>
            <ns3:hr>172</ns3:hr>
            <ns3:cad>79</ns3:cad>
          </ns3:TrackPointExtension>
        </extensions>
      </trkpt>
      <trkpt lat="31.96845238097012042999267578125" lon="118.82511899806559085845947265625">
        <ele>5</ele>
        <time>2021-07-08T12:12:51.000Z</time>
        <extensions>
          <ns3:TrackPointExtension/>
        </extensions>
      </trkpt>
      <trkpt lat="31.96846000850200653076171875" lon="118.82508848793804645538330078125">
        <ele>5</ele>
        <time>2021-07-08T12:12:52.000Z</time>
        <extensions>
          <ns3:TrackPointExtension/>
        </extensions>
      </trkpt>
      <trkpt lat="31.96846579201519489288330078125" lon="118.82505797781050205230712890625">
        <ele>5.400000095367431640625</ele>
        <time>2021-07-08T12:12:53.000Z</time>
        <extensions>
          <ns3:TrackPointExtension/>
        </extensions>
      </trkpt>
      <trkpt lat="31.96847149170935153961181640625" lon="118.82503509521484375">
        <ele>5.599999904632568359375</ele>
        <time>2021-07-08T12:12:54.000Z</time>
        <extensions>
          <ns3:TrackPointExtension/>
        </extensions>
      </trkpt>
      <trkpt lat="31.96847719140350818634033203125" lon="118.82500450126826763153076171875">
        <ele>6</ele>
        <time>2021-07-08T12:12:55.000Z</time>
        <extensions>
          <ns3:TrackPointExtension>
            <ns3:hr>171</ns3:hr>
            <ns3:cad>79</ns3:cad>
          </ns3:TrackPointExtension>
        </extensions>
      </trkpt>
      <trkpt lat="31.968484818935394287109375" lon="118.82497399114072322845458984375">
        <ele>6.400000095367431640625</ele>
        <time>2021-07-08T12:12:56.000Z</time>
        <extensions>
          <ns3:TrackPointExtension/>
        </extensions>
      </trkpt>
      <trkpt lat="31.96849244646728038787841796875" lon="118.82494348101317882537841796875">
        <ele>6.599999904632568359375</ele>
        <time>2021-07-08T12:12:57.000Z</time>
        <extensions>
          <ns3:TrackPointExtension/>
        </extensions>
      </trkpt>
      <trkpt lat="31.9685000739991664886474609375" lon="118.8249205984175205230712890625">
        <ele>7</ele>
        <time>2021-07-08T12:12:58.000Z</time>
        <extensions>
          <ns3:TrackPointExtension/>
        </extensions>
      </trkpt>
      <trkpt lat="31.96850585751235485076904296875" lon="118.8248900882899761199951171875">
        <ele>7.400000095367431640625</ele>
        <time>2021-07-08T12:12:59.000Z</time>
        <extensions>
          <ns3:TrackPointExtension/>
        </extensions>
      </trkpt>
      <trkpt lat="31.968515329062938690185546875" lon="118.82486720569431781768798828125">
        <ele>7.599999904632568359375</ele>
        <time>2021-07-08T12:13:00.000Z</time>
        <extensions>
          <ns3:TrackPointExtension>
            <ns3:hr>171</ns3:hr>
            <ns3:cad>79</ns3:cad>
          </ns3:TrackPointExtension>
        </extensions>
      </trkpt>
      <trkpt lat="31.96852295659482479095458984375" lon="118.82483669556677341461181640625">
        <ele>7.599999904632568359375</ele>
        <time>2021-07-08T12:13:01.000Z</time>
        <extensions>
          <ns3:TrackPointExtension/>
        </extensions>
      </trkpt>
      <trkpt lat="31.9685305841267108917236328125" lon="118.82480618543922901153564453125">
        <ele>7.599999904632568359375</ele>
        <time>2021-07-08T12:13:02.000Z</time>
        <extensions>
          <ns3:TrackPointExtension/>
        </extensions>
      </trkpt>
      <trkpt lat="31.96853821165859699249267578125" lon="118.82477567531168460845947265625">
        <ele>7.400000095367431640625</ele>
        <time>2021-07-08T12:13:03.000Z</time>
        <extensions>
          <ns3:TrackPointExtension/>
        </extensions>
      </trkpt>
      <trkpt lat="31.96854583919048309326171875" lon="118.82474516518414020538330078125">
        <ele>7.400000095367431640625</ele>
        <time>2021-07-08T12:13:04.000Z</time>
        <extensions>
          <ns3:TrackPointExtension/>
        </extensions>
      </trkpt>
      <trkpt lat="31.96855346672236919403076171875" lon="118.824722282588481903076171875">
        <ele>7.400000095367431640625</ele>
        <time>2021-07-08T12:13:05.000Z</time>
        <extensions>
          <ns3:TrackPointExtension>
            <ns3:hr>171</ns3:hr>
            <ns3:cad>78</ns3:cad>
          </ns3:TrackPointExtension>
        </extensions>
      </trkpt>
      <trkpt lat="31.9685610942542552947998046875" lon="118.824684061110019683837890625">
        <ele>7.19999980926513671875</ele>
        <time>2021-07-08T12:13:06.000Z</time>
        <extensions>
          <ns3:TrackPointExtension/>
        </extensions>
      </trkpt>
      <trkpt lat="31.96856872178614139556884765625" lon="118.82466117851436138153076171875">
        <ele>7.19999980926513671875</ele>
        <time>2021-07-08T12:13:07.000Z</time>
        <extensions>
          <ns3:TrackPointExtension/>
        </extensions>
      </trkpt>
      <trkpt lat="31.9685745052993297576904296875" lon="118.82463066838681697845458984375">
        <ele>7.19999980926513671875</ele>
        <time>2021-07-08T12:13:08.000Z</time>
        <extensions>
          <ns3:TrackPointExtension/>
        </extensions>
      </trkpt>
      <trkpt lat="31.96858213283121585845947265625" lon="118.82460015825927257537841796875">
        <ele>7.400000095367431640625</ele>
        <time>2021-07-08T12:13:09.000Z</time>
        <extensions>
          <ns3:TrackPointExtension/>
        </extensions>
      </trkpt>
      <trkpt lat="31.968589760363101959228515625" lon="118.82456964813172817230224609375">
        <ele>7.400000095367431640625</ele>
        <time>2021-07-08T12:13:10.000Z</time>
        <extensions>
          <ns3:TrackPointExtension>
            <ns3:hr>171</ns3:hr>
            <ns3:cad>78</ns3:cad>
          </ns3:TrackPointExtension>
        </extensions>
      </trkpt>
      <trkpt lat="31.96859738789498805999755859375" lon="118.82453913800418376922607421875">
        <ele>7.599999904632568359375</ele>
        <time>2021-07-08T12:13:11.000Z</time>
        <extensions>
          <ns3:TrackPointExtension/>
        </extensions>
      </trkpt>
      <trkpt lat="31.96860694326460361480712890625" lon="118.824501000344753265380859375">
        <ele>7.400000095367431640625</ele>
        <time>2021-07-08T12:13:12.000Z</time>
        <extensions>
          <ns3:TrackPointExtension/>
        </extensions>
      </trkpt>
      <trkpt lat="31.968614570796489715576171875" lon="118.8244704902172088623046875">
        <ele>7.400000095367431640625</ele>
        <time>2021-07-08T12:13:13.000Z</time>
        <extensions>
          <ns3:TrackPointExtension/>
        </extensions>
      </trkpt>
      <trkpt lat="31.96862404234707355499267578125" lon="118.824439980089664459228515625">
        <ele>7.400000095367431640625</ele>
        <time>2021-07-08T12:13:14.000Z</time>
        <extensions>
          <ns3:TrackPointExtension/>
        </extensions>
      </trkpt>
      <trkpt lat="31.96863359771668910980224609375" lon="118.82440946996212005615234375">
        <ele>7.400000095367431640625</ele>
        <time>2021-07-08T12:13:15.000Z</time>
        <extensions>
          <ns3:TrackPointExtension>
            <ns3:hr>170</ns3:hr>
            <ns3:cad>78</ns3:cad>
          </ns3:TrackPointExtension>
        </extensions>
      </trkpt>
      <trkpt lat="31.96864315308630466461181640625" lon="118.824378959834575653076171875">
        <ele>7.19999980926513671875</ele>
        <time>2021-07-08T12:13:16.000Z</time>
        <extensions>
          <ns3:TrackPointExtension/>
        </extensions>
      </trkpt>
      <trkpt lat="31.96865270845592021942138671875" lon="118.82434844970703125">
        <ele>7</ele>
        <time>2021-07-08T12:13:17.000Z</time>
        <extensions>
          <ns3:TrackPointExtension/>
        </extensions>
      </trkpt>
      <trkpt lat="31.96866410784423351287841796875" lon="118.82431785576045513153076171875">
        <ele>6.80000019073486328125</ele>
        <time>2021-07-08T12:13:18.000Z</time>
        <extensions>
          <ns3:TrackPointExtension/>
        </extensions>
      </trkpt>
      <trkpt lat="31.968675591051578521728515625" lon="118.82428734563291072845458984375">
        <ele>6.599999904632568359375</ele>
        <time>2021-07-08T12:13:19.000Z</time>
        <extensions>
          <ns3:TrackPointExtension/>
        </extensions>
      </trkpt>
      <trkpt lat="31.96868891827762126922607421875" lon="118.82425683550536632537841796875">
        <ele>6.400000095367431640625</ele>
        <time>2021-07-08T12:13:20.000Z</time>
        <extensions>
          <ns3:TrackPointExtension>
            <ns3:hr>175</ns3:hr>
            <ns3:cad>78</ns3:cad>
          </ns3:TrackPointExtension>
        </extensions>
      </trkpt>
      <trkpt lat="31.968700401484966278076171875" lon="118.82422632537782192230224609375">
        <ele>6.19999980926513671875</ele>
        <time>2021-07-08T12:13:21.000Z</time>
        <extensions>
          <ns3:TrackPointExtension/>
        </extensions>
      </trkpt>
      <trkpt lat="31.968711800873279571533203125" lon="118.82419581525027751922607421875">
        <ele>6.19999980926513671875</ele>
        <time>2021-07-08T12:13:22.000Z</time>
        <extensions>
          <ns3:TrackPointExtension/>
        </extensions>
      </trkpt>
      <trkpt lat="31.96872512809932231903076171875" lon="118.824157677590847015380859375">
        <ele>6</ele>
        <time>2021-07-08T12:13:23.000Z</time>
        <extensions>
          <ns3:TrackPointExtension/>
        </extensions>
      </trkpt>
      <trkpt lat="31.96873853914439678192138671875" lon="118.8241271674633026123046875">
        <ele>6</ele>
        <time>2021-07-08T12:13:24.000Z</time>
        <extensions>
          <ns3:TrackPointExtension/>
        </extensions>
      </trkpt>
      <trkpt lat="31.96874993853271007537841796875" lon="118.824096657335758209228515625">
        <ele>6</ele>
        <time>2021-07-08T12:13:25.000Z</time>
        <extensions>
          <ns3:TrackPointExtension>
            <ns3:hr>175</ns3:hr>
            <ns3:cad>77</ns3:cad>
          </ns3:TrackPointExtension>
        </extensions>
      </trkpt>
      <trkpt lat="31.96876334957778453826904296875" lon="118.82406614720821380615234375">
        <ele>6</ele>
        <time>2021-07-08T12:13:26.000Z</time>
        <extensions>
          <ns3:TrackPointExtension/>
        </extensions>
      </trkpt>
      <trkpt lat="31.96877474896609783172607421875" lon="118.824035637080669403076171875">
        <ele>5.80000019073486328125</ele>
        <time>2021-07-08T12:13:27.000Z</time>
        <extensions>
          <ns3:TrackPointExtension/>
        </extensions>
      </trkpt>
      <trkpt lat="31.968786232173442840576171875" lon="118.823997415602207183837890625">
        <ele>5.80000019073486328125</ele>
        <time>2021-07-08T12:13:28.000Z</time>
        <extensions>
          <ns3:TrackPointExtension/>
        </extensions>
      </trkpt>
      <trkpt lat="31.968797631561756134033203125" lon="118.82396690547466278076171875">
        <ele>5.80000019073486328125</ele>
        <time>2021-07-08T12:13:29.000Z</time>
        <extensions>
          <ns3:TrackPointExtension/>
        </extensions>
      </trkpt>
      <trkpt lat="31.9688071869313716888427734375" lon="118.823936395347118377685546875">
        <ele>6</ele>
        <time>2021-07-08T12:13:30.000Z</time>
        <extensions>
          <ns3:TrackPointExtension>
            <ns3:hr>179</ns3:hr>
            <ns3:cad>78</ns3:cad>
          </ns3:TrackPointExtension>
        </extensions>
      </trkpt>
      <trkpt lat="31.96881481446325778961181640625" lon="118.823905885219573974609375">
        <ele>6</ele>
        <time>2021-07-08T12:13:31.000Z</time>
        <extensions>
          <ns3:TrackPointExtension/>
        </extensions>
      </trkpt>
      <trkpt lat="31.968822441995143890380859375" lon="118.823875375092029571533203125">
        <ele>6</ele>
        <time>2021-07-08T12:13:32.000Z</time>
        <extensions>
          <ns3:TrackPointExtension/>
        </extensions>
      </trkpt>
      <trkpt lat="31.968828141689300537109375" lon="118.82384486496448516845703125">
        <ele>6.19999980926513671875</ele>
        <time>2021-07-08T12:13:33.000Z</time>
        <extensions>
          <ns3:TrackPointExtension/>
        </extensions>
      </trkpt>
      <trkpt lat="31.968833841383457183837890625" lon="118.823814354836940765380859375">
        <ele>6.19999980926513671875</ele>
        <time>2021-07-08T12:13:34.000Z</time>
        <extensions>
          <ns3:TrackPointExtension/>
        </extensions>
      </trkpt>
      <trkpt lat="31.96883962489664554595947265625" lon="118.8237838447093963623046875">
        <ele>6.19999980926513671875</ele>
        <time>2021-07-08T12:13:35.000Z</time>
        <extensions>
          <ns3:TrackPointExtension>
            <ns3:hr>178</ns3:hr>
            <ns3:cad>78</ns3:cad>
          </ns3:TrackPointExtension>
        </extensions>
      </trkpt>
      <trkpt lat="31.96883962489664554595947265625" lon="118.823753334581851959228515625">
        <ele>6.19999980926513671875</ele>
        <time>2021-07-08T12:13:36.000Z</time>
        <extensions>
          <ns3:TrackPointExtension/>
        </extensions>
      </trkpt>
      <trkpt lat="31.9688433967530727386474609375" lon="118.82373045198619365692138671875">
        <ele>6.19999980926513671875</ele>
        <time>2021-07-08T12:13:37.000Z</time>
        <extensions>
          <ns3:TrackPointExtension/>
        </extensions>
      </trkpt>
      <trkpt lat="31.968847252428531646728515625" lon="118.82369994185864925384521484375">
        <ele>6.19999980926513671875</ele>
        <time>2021-07-08T12:13:38.000Z</time>
        <extensions>
          <ns3:TrackPointExtension/>
        </extensions>
      </trkpt>
      <trkpt lat="31.96885102428495883941650390625" lon="118.82366943173110485076904296875">
        <ele>6.19999980926513671875</ele>
        <time>2021-07-08T12:13:39.000Z</time>
        <extensions>
          <ns3:TrackPointExtension/>
        </extensions>
      </trkpt>
      <trkpt lat="31.9688568077981472015380859375" lon="118.8236388377845287322998046875">
        <ele>6.19999980926513671875</ele>
        <time>2021-07-08T12:13:40.000Z</time>
        <extensions>
          <ns3:TrackPointExtension>
            <ns3:hr>177</ns3:hr>
            <ns3:cad>78</ns3:cad>
          </ns3:TrackPointExtension>
        </extensions>
      </trkpt>
      <trkpt lat="31.96886443533003330230712890625" lon="118.8236083276569843292236328125">
        <ele>6.19999980926513671875</ele>
        <time>2021-07-08T12:13:41.000Z</time>
        <extensions>
          <ns3:TrackPointExtension/>
        </extensions>
      </trkpt>
      <trkpt lat="31.968872062861919403076171875" lon="118.8235778175294399261474609375">
        <ele>6</ele>
        <time>2021-07-08T12:13:42.000Z</time>
        <extensions>
          <ns3:TrackPointExtension/>
        </extensions>
      </trkpt>
      <trkpt lat="31.96887969039380550384521484375" lon="118.8235473074018955230712890625">
        <ele>6</ele>
        <time>2021-07-08T12:13:43.000Z</time>
        <extensions>
          <ns3:TrackPointExtension/>
        </extensions>
      </trkpt>
      <trkpt lat="31.96888916194438934326171875" lon="118.8235167972743511199951171875">
        <ele>6</ele>
        <time>2021-07-08T12:13:44.000Z</time>
        <extensions>
          <ns3:TrackPointExtension/>
        </extensions>
      </trkpt>
      <trkpt lat="31.96889678947627544403076171875" lon="118.8234862871468067169189453125">
        <ele>5.80000019073486328125</ele>
        <time>2021-07-08T12:13:45.000Z</time>
        <extensions>
          <ns3:TrackPointExtension>
            <ns3:hr>176</ns3:hr>
            <ns3:cad>77</ns3:cad>
          </ns3:TrackPointExtension>
        </extensions>
      </trkpt>
      <trkpt lat="31.968908272683620452880859375" lon="118.8234557770192623138427734375">
        <ele>5.80000019073486328125</ele>
        <time>2021-07-08T12:13:46.000Z</time>
        <extensions>
          <ns3:TrackPointExtension/>
        </extensions>
      </trkpt>
      <trkpt lat="31.968913972377777099609375" lon="118.8234252668917179107666015625">
        <ele>5.80000019073486328125</ele>
        <time>2021-07-08T12:13:47.000Z</time>
        <extensions>
          <ns3:TrackPointExtension/>
        </extensions>
      </trkpt>
      <trkpt lat="31.968919672071933746337890625" lon="118.8233947567641735076904296875">
        <ele>5.400000095367431640625</ele>
        <time>2021-07-08T12:13:48.000Z</time>
        <extensions>
          <ns3:TrackPointExtension/>
        </extensions>
      </trkpt>
      <trkpt lat="31.96892545558512210845947265625" lon="118.8233642466366291046142578125">
        <ele>5</ele>
        <time>2021-07-08T12:13:49.000Z</time>
        <extensions>
          <ns3:TrackPointExtension/>
        </extensions>
      </trkpt>
      <trkpt lat="31.9689292274415493011474609375" lon="118.8233337365090847015380859375">
        <ele>4.599999904632568359375</ele>
        <time>2021-07-08T12:13:50.000Z</time>
        <extensions>
          <ns3:TrackPointExtension>
            <ns3:hr>174</ns3:hr>
            <ns3:cad>77</ns3:cad>
          </ns3:TrackPointExtension>
        </extensions>
      </trkpt>
      <trkpt lat="31.968933083117008209228515625" lon="118.82330314256250858306884765625">
        <ele>4.599999904632568359375</ele>
        <time>2021-07-08T12:13:51.000Z</time>
        <extensions>
          <ns3:TrackPointExtension/>
        </extensions>
      </trkpt>
      <trkpt lat="31.96893501095473766326904296875" lon="118.82327263243496417999267578125">
        <ele>4.400000095367431640625</ele>
        <time>2021-07-08T12:13:52.000Z</time>
        <extensions>
          <ns3:TrackPointExtension/>
        </extensions>
      </trkpt>
      <trkpt lat="31.96893685497343540191650390625" lon="118.82324212230741977691650390625">
        <ele>4.400000095367431640625</ele>
        <time>2021-07-08T12:13:53.000Z</time>
        <extensions>
          <ns3:TrackPointExtension/>
        </extensions>
      </trkpt>
      <trkpt lat="31.96893878281116485595703125" lon="118.823219239711761474609375">
        <ele>4.19999980926513671875</ele>
        <time>2021-07-08T12:13:54.000Z</time>
        <extensions>
          <ns3:TrackPointExtension/>
        </extensions>
      </trkpt>
      <trkpt lat="31.96893878281116485595703125" lon="118.823188729584217071533203125">
        <ele>4.19999980926513671875</ele>
        <time>2021-07-08T12:13:55.000Z</time>
        <extensions>
          <ns3:TrackPointExtension>
            <ns3:hr>176</ns3:hr>
            <ns3:cad>77</ns3:cad>
          </ns3:TrackPointExtension>
        </extensions>
      </trkpt>
      <trkpt lat="31.96893878281116485595703125" lon="118.82315821945667266845703125">
        <ele>4</ele>
        <time>2021-07-08T12:13:56.000Z</time>
        <extensions>
          <ns3:TrackPointExtension/>
        </extensions>
      </trkpt>
      <trkpt lat="31.96893685497343540191650390625" lon="118.823127709329128265380859375">
        <ele>4</ele>
        <time>2021-07-08T12:13:57.000Z</time>
        <extensions>
          <ns3:TrackPointExtension/>
        </extensions>
      </trkpt>
      <trkpt lat="31.96893501095473766326904296875" lon="118.82310482673346996307373046875">
        <ele>4</ele>
        <time>2021-07-08T12:13:58.000Z</time>
        <extensions>
          <ns3:TrackPointExtension/>
        </extensions>
      </trkpt>
      <trkpt lat="31.968933083117008209228515625" lon="118.82307431660592555999755859375">
        <ele>4</ele>
        <time>2021-07-08T12:13:59.000Z</time>
        <extensions>
          <ns3:TrackPointExtension/>
        </extensions>
      </trkpt>
      <trkpt lat="31.9689292274415493011474609375" lon="118.82304380647838115692138671875">
        <ele>4</ele>
        <time>2021-07-08T12:14:00.000Z</time>
        <extensions>
          <ns3:TrackPointExtension>
            <ns3:hr>177</ns3:hr>
            <ns3:cad>77</ns3:cad>
          </ns3:TrackPointExtension>
        </extensions>
      </trkpt>
      <trkpt lat="31.96892545558512210845947265625" lon="118.8230209238827228546142578125">
        <ele>4.19999980926513671875</ele>
        <time>2021-07-08T12:14:01.000Z</time>
        <extensions>
          <ns3:TrackPointExtension/>
        </extensions>
      </trkpt>
      <trkpt lat="31.968919672071933746337890625" lon="118.8229904137551784515380859375">
        <ele>4.19999980926513671875</ele>
        <time>2021-07-08T12:14:02.000Z</time>
        <extensions>
          <ns3:TrackPointExtension/>
        </extensions>
      </trkpt>
      <trkpt lat="31.96891204454004764556884765625" lon="118.822967447340488433837890625">
        <ele>4.19999980926513671875</ele>
        <time>2021-07-08T12:14:03.000Z</time>
        <extensions>
          <ns3:TrackPointExtension/>
        </extensions>
      </trkpt>
      <trkpt lat="31.96890257298946380615234375" lon="118.82293693721294403076171875">
        <ele>4.400000095367431640625</ele>
        <time>2021-07-08T12:14:04.000Z</time>
        <extensions>
          <ns3:TrackPointExtension/>
        </extensions>
      </trkpt>
      <trkpt lat="31.9688930176198482513427734375" lon="118.82291405461728572845458984375">
        <ele>4.400000095367431640625</ele>
        <time>2021-07-08T12:14:05.000Z</time>
        <extensions>
          <ns3:TrackPointExtension>
            <ns3:hr>174</ns3:hr>
            <ns3:cad>77</ns3:cad>
          </ns3:TrackPointExtension>
        </extensions>
      </trkpt>
      <trkpt lat="31.96888153441250324249267578125" lon="118.82288354448974132537841796875">
        <ele>4.400000095367431640625</ele>
        <time>2021-07-08T12:14:06.000Z</time>
        <extensions>
          <ns3:TrackPointExtension/>
        </extensions>
      </trkpt>
      <trkpt lat="31.96887013502418994903564453125" lon="118.8228606618940830230712890625">
        <ele>4.599999904632568359375</ele>
        <time>2021-07-08T12:14:07.000Z</time>
        <extensions>
          <ns3:TrackPointExtension/>
        </extensions>
      </trkpt>
      <trkpt lat="31.968858651816844940185546875" lon="118.8228301517665386199951171875">
        <ele>4.599999904632568359375</ele>
        <time>2021-07-08T12:14:08.000Z</time>
        <extensions>
          <ns3:TrackPointExtension/>
        </extensions>
      </trkpt>
      <trkpt lat="31.96884532459080219268798828125" lon="118.82280726917088031768798828125">
        <ele>4.80000019073486328125</ele>
        <time>2021-07-08T12:14:09.000Z</time>
        <extensions>
          <ns3:TrackPointExtension/>
        </extensions>
      </trkpt>
      <trkpt lat="31.9688319973647594451904296875" lon="118.822784386575222015380859375">
        <ele>5</ele>
        <time>2021-07-08T12:14:10.000Z</time>
        <extensions>
          <ns3:TrackPointExtension>
            <ns3:hr>178</ns3:hr>
            <ns3:cad>77</ns3:cad>
          </ns3:TrackPointExtension>
        </extensions>
      </trkpt>
      <trkpt lat="31.9688185863196849822998046875" lon="118.8227538764476776123046875">
        <ele>5</ele>
        <time>2021-07-08T12:14:11.000Z</time>
        <extensions>
          <ns3:TrackPointExtension/>
        </extensions>
      </trkpt>
      <trkpt lat="31.96880333125591278076171875" lon="118.82273099385201930999755859375">
        <ele>5.19999980926513671875</ele>
        <time>2021-07-08T12:14:12.000Z</time>
        <extensions>
          <ns3:TrackPointExtension/>
        </extensions>
      </trkpt>
      <trkpt lat="31.9687880761921405792236328125" lon="118.82270048372447490692138671875">
        <ele>5.400000095367431640625</ele>
        <time>2021-07-08T12:14:13.000Z</time>
        <extensions>
          <ns3:TrackPointExtension/>
        </extensions>
      </trkpt>
      <trkpt lat="31.968772821128368377685546875" lon="118.8226776011288166046142578125">
        <ele>5.400000095367431640625</ele>
        <time>2021-07-08T12:14:14.000Z</time>
        <extensions>
          <ns3:TrackPointExtension/>
        </extensions>
      </trkpt>
      <trkpt lat="31.9687557220458984375" lon="118.82265471853315830230712890625">
        <ele>5.599999904632568359375</ele>
        <time>2021-07-08T12:14:15.000Z</time>
        <extensions>
          <ns3:TrackPointExtension>
            <ns3:hr>176</ns3:hr>
            <ns3:cad>77</ns3:cad>
          </ns3:TrackPointExtension>
        </extensions>
      </trkpt>
      <trkpt lat="31.96874038316309452056884765625" lon="118.8226318359375">
        <ele>5.599999904632568359375</ele>
        <time>2021-07-08T12:14:16.000Z</time>
        <extensions>
          <ns3:TrackPointExtension/>
        </extensions>
      </trkpt>
      <trkpt lat="31.96872512809932231903076171875" lon="118.8226088695228099822998046875">
        <ele>5.599999904632568359375</ele>
        <time>2021-07-08T12:14:17.000Z</time>
        <extensions>
          <ns3:TrackPointExtension/>
        </extensions>
      </trkpt>
      <trkpt lat="31.96870987303555011749267578125" lon="118.82258598692715167999267578125">
        <ele>5.599999904632568359375</ele>
        <time>2021-07-08T12:14:18.000Z</time>
        <extensions>
          <ns3:TrackPointExtension/>
        </extensions>
      </trkpt>
      <trkpt lat="31.96869461797177791595458984375" lon="118.82257073186337947845458984375">
        <ele>5.599999904632568359375</ele>
        <time>2021-07-08T12:14:19.000Z</time>
        <extensions>
          <ns3:TrackPointExtension/>
        </extensions>
      </trkpt>
      <trkpt lat="31.96867366321384906768798828125" lon="118.8225478492677211761474609375">
        <ele>5.599999904632568359375</ele>
        <time>2021-07-08T12:14:20.000Z</time>
        <extensions>
          <ns3:TrackPointExtension>
            <ns3:hr>172</ns3:hr>
            <ns3:cad>77</ns3:cad>
          </ns3:TrackPointExtension>
        </extensions>
      </trkpt>
      <trkpt lat="31.96865840815007686614990234375" lon="118.82252496667206287384033203125">
        <ele>5.599999904632568359375</ele>
        <time>2021-07-08T12:14:21.000Z</time>
        <extensions>
          <ns3:TrackPointExtension/>
        </extensions>
      </trkpt>
      <trkpt lat="31.9686469249427318572998046875" lon="118.8225173391401767730712890625">
        <ele>5.599999904632568359375</ele>
        <time>2021-07-08T12:14:22.000Z</time>
        <extensions>
          <ns3:TrackPointExtension/>
        </extensions>
      </trkpt>
      <trkpt lat="31.9686355255544185638427734375" lon="118.82249445654451847076416015625">
        <ele>5.599999904632568359375</ele>
        <time>2021-07-08T12:14:23.000Z</time>
        <extensions>
          <ns3:TrackPointExtension/>
        </extensions>
      </trkpt>
      <trkpt lat="31.96861834265291690826416015625" lon="118.82249445654451847076416015625">
        <ele>5.400000095367431640625</ele>
        <time>2021-07-08T12:14:24.000Z</time>
        <extensions>
          <ns3:TrackPointExtension/>
        </extensions>
      </trkpt>
    </trkseg>
  </trk>
</gpx>
