<gpx xmlns:ns3="http://www.garmin.com/xmlschemas/TrackPointExtension/v1" xmlns="http://www.topografix.com/GPX/1/1" xmlns:xsi="http://www.w3.org/2001/XMLSchema-instance" xmlns:ns2="http://www.garmin.com/xmlschemas/GpxExtensions/v3" creator="Garmin Connect" version="1.1" xsi:schemaLocation="http://www.topografix.com/GPX/1/1 http://www.topografix.com/GPX/11.xsd">
  <extensions>
<distance>4770.16</distance>
<average_hr>153.0</average_hr>
<average_speed>2.755000114440918</average_speed>
<start_time>2024-06-23T11:40:59+00:00</start_time>
<end_time>2024-06-23T12:09:50.445000+00:00</end_time>
<moving_time>1678.944</moving_time>
<elapsed_time>1842.263</elapsed_time>
</extensions>
<metadata>
    <link href="connect.garmin.com">
      <text>Garmin Connect</text>
    </link>
    <time>2024-06-23T11:40:59.000Z</time>
  </metadata>
  <trk>
    <name>南京市 - 间歇路跑8个800米</name>
    <type>running</type>
    <trkseg>
      <trkpt lat="31.9794156588613986968994140625" lon="118.83266187272965908050537109375">
        <ele>7</ele>
        <time>2024-06-23T11:40:59.000Z</time>
        <extensions>
          <ns3:TrackPointExtension>
            <ns3:hr>93</ns3:hr>
            <ns3:cad>55</ns3:cad>
          </ns3:TrackPointExtension>
        </extensions>
      </trkpt>
      <trkpt lat="31.97940685786306858062744140625" lon="118.8326567597687244415283203125">
        <ele>7</ele>
        <time>2024-06-23T11:41:00.000Z</time>
        <extensions>
          <ns3:TrackPointExtension>
            <ns3:hr>93</ns3:hr>
            <ns3:cad>53</ns3:cad>
          </ns3:TrackPointExtension>
        </extensions>
      </trkpt>
      <trkpt lat="31.979397051036357879638671875" lon="118.832650892436504364013671875">
        <ele>7</ele>
        <time>2024-06-23T11:41:01.000Z</time>
        <extensions>
          <ns3:TrackPointExtension>
            <ns3:hr>93</ns3:hr>
            <ns3:cad>53</ns3:cad>
          </ns3:TrackPointExtension>
        </extensions>
      </trkpt>
      <trkpt lat="31.9793866574764251708984375" lon="118.8326477073132991790771484375">
        <ele>7</ele>
        <time>2024-06-23T11:41:02.000Z</time>
        <extensions>
          <ns3:TrackPointExtension>
            <ns3:hr>93</ns3:hr>
            <ns3:cad>53</ns3:cad>
          </ns3:TrackPointExtension>
        </extensions>
      </trkpt>
      <trkpt lat="31.97937802411615848541259765625" lon="118.83264376781880855560302734375">
        <ele>7</ele>
        <time>2024-06-23T11:41:03.000Z</time>
        <extensions>
          <ns3:TrackPointExtension>
            <ns3:hr>93</ns3:hr>
            <ns3:cad>0</ns3:cad>
          </ns3:TrackPointExtension>
        </extensions>
      </trkpt>
      <trkpt lat="31.97936645708978176116943359375" lon="118.83264393545687198638916015625">
        <ele>7</ele>
        <time>2024-06-23T11:41:04.000Z</time>
        <extensions>
          <ns3:TrackPointExtension>
            <ns3:hr>93</ns3:hr>
            <ns3:cad>0</ns3:cad>
          </ns3:TrackPointExtension>
        </extensions>
      </trkpt>
      <trkpt lat="31.9793553091585636138916015625" lon="118.83263454772531986236572265625">
        <ele>7</ele>
        <time>2024-06-23T11:41:05.000Z</time>
        <extensions>
          <ns3:TrackPointExtension>
            <ns3:hr>93</ns3:hr>
            <ns3:cad>0</ns3:cad>
          </ns3:TrackPointExtension>
        </extensions>
      </trkpt>
      <trkpt lat="31.979343406856060028076171875" lon="118.83262616582214832305908203125">
        <ele>7</ele>
        <time>2024-06-23T11:41:06.000Z</time>
        <extensions>
          <ns3:TrackPointExtension>
            <ns3:hr>93</ns3:hr>
            <ns3:cad>0</ns3:cad>
          </ns3:TrackPointExtension>
        </extensions>
      </trkpt>
      <trkpt lat="31.97933309711515903472900390625" lon="118.832613341510295867919921875">
        <ele>7</ele>
        <time>2024-06-23T11:41:07.000Z</time>
        <extensions>
          <ns3:TrackPointExtension>
            <ns3:hr>93</ns3:hr>
            <ns3:cad>0</ns3:cad>
          </ns3:TrackPointExtension>
        </extensions>
      </trkpt>
      <trkpt lat="31.97932471521198749542236328125" lon="118.83260437287390232086181640625">
        <ele>7</ele>
        <time>2024-06-23T11:41:08.000Z</time>
        <extensions>
          <ns3:TrackPointExtension>
            <ns3:hr>94</ns3:hr>
            <ns3:cad>0</ns3:cad>
          </ns3:TrackPointExtension>
        </extensions>
      </trkpt>
      <trkpt lat="31.9793142378330230712890625" lon="118.83260118775069713592529296875">
        <ele>7</ele>
        <time>2024-06-23T11:41:09.000Z</time>
        <extensions>
          <ns3:TrackPointExtension>
            <ns3:hr>94</ns3:hr>
            <ns3:cad>55</ns3:cad>
          </ns3:TrackPointExtension>
        </extensions>
      </trkpt>
      <trkpt lat="31.9793046824634075164794921875" lon="118.83259582333266735076904296875">
        <ele>7.19999980926513671875</ele>
        <time>2024-06-23T11:41:10.000Z</time>
        <extensions>
          <ns3:TrackPointExtension>
            <ns3:hr>95</ns3:hr>
            <ns3:cad>56</ns3:cad>
          </ns3:TrackPointExtension>
        </extensions>
      </trkpt>
      <trkpt lat="31.97929420508444309234619140625" lon="118.8325930573046207427978515625">
        <ele>7.19999980926513671875</ele>
        <time>2024-06-23T11:41:11.000Z</time>
        <extensions>
          <ns3:TrackPointExtension>
            <ns3:hr>98</ns3:hr>
            <ns3:cad>56</ns3:cad>
          </ns3:TrackPointExtension>
        </extensions>
      </trkpt>
      <trkpt lat="31.97928431443870067596435546875" lon="118.83259381167590618133544921875">
        <ele>7.19999980926513671875</ele>
        <time>2024-06-23T11:41:12.000Z</time>
        <extensions>
          <ns3:TrackPointExtension>
            <ns3:hr>99</ns3:hr>
            <ns3:cad>56</ns3:cad>
          </ns3:TrackPointExtension>
        </extensions>
      </trkpt>
      <trkpt lat="31.97927459143102169036865234375" lon="118.83259280584752559661865234375">
        <ele>7.19999980926513671875</ele>
        <time>2024-06-23T11:41:13.000Z</time>
        <extensions>
          <ns3:TrackPointExtension>
            <ns3:hr>99</ns3:hr>
            <ns3:cad>56</ns3:cad>
          </ns3:TrackPointExtension>
        </extensions>
      </trkpt>
      <trkpt lat="31.97926335968077182769775390625" lon="118.83258978836238384246826171875">
        <ele>7.19999980926513671875</ele>
        <time>2024-06-23T11:41:14.000Z</time>
        <extensions>
          <ns3:TrackPointExtension>
            <ns3:hr>100</ns3:hr>
            <ns3:cad>56</ns3:cad>
          </ns3:TrackPointExtension>
        </extensions>
      </trkpt>
      <trkpt lat="31.97925279848277568817138671875" lon="118.83258677087724208831787109375">
        <ele>7.19999980926513671875</ele>
        <time>2024-06-23T11:41:15.000Z</time>
        <extensions>
          <ns3:TrackPointExtension>
            <ns3:hr>100</ns3:hr>
            <ns3:cad>56</ns3:cad>
          </ns3:TrackPointExtension>
        </extensions>
      </trkpt>
      <trkpt lat="31.97923955507576465606689453125" lon="118.8325823284685611724853515625">
        <ele>7.19999980926513671875</ele>
        <time>2024-06-23T11:41:16.000Z</time>
        <extensions>
          <ns3:TrackPointExtension>
            <ns3:hr>99</ns3:hr>
            <ns3:cad>56</ns3:cad>
          </ns3:TrackPointExtension>
        </extensions>
      </trkpt>
      <trkpt lat="31.97922932915389537811279296875" lon="118.83257956244051456451416015625">
        <ele>7.19999980926513671875</ele>
        <time>2024-06-23T11:41:17.000Z</time>
        <extensions>
          <ns3:TrackPointExtension>
            <ns3:hr>99</ns3:hr>
            <ns3:cad>56</ns3:cad>
          </ns3:TrackPointExtension>
        </extensions>
      </trkpt>
      <trkpt lat="31.97921658866107463836669921875" lon="118.8325766287744045257568359375">
        <ele>7.19999980926513671875</ele>
        <time>2024-06-23T11:41:18.000Z</time>
        <extensions>
          <ns3:TrackPointExtension>
            <ns3:hr>98</ns3:hr>
            <ns3:cad>56</ns3:cad>
          </ns3:TrackPointExtension>
        </extensions>
      </trkpt>
      <trkpt lat="31.97919848375022411346435546875" lon="118.83257285691797733306884765625">
        <ele>7.19999980926513671875</ele>
        <time>2024-06-23T11:41:19.000Z</time>
        <extensions>
          <ns3:TrackPointExtension>
            <ns3:hr>99</ns3:hr>
            <ns3:cad>0</ns3:cad>
          </ns3:TrackPointExtension>
        </extensions>
      </trkpt>
      <trkpt lat="31.979180462658405303955078125" lon="118.83256740868091583251953125">
        <ele>7.19999980926513671875</ele>
        <time>2024-06-23T11:41:20.000Z</time>
        <extensions>
          <ns3:TrackPointExtension>
            <ns3:hr>99</ns3:hr>
            <ns3:cad>0</ns3:cad>
          </ns3:TrackPointExtension>
        </extensions>
      </trkpt>
      <trkpt lat="31.97916646488010883331298828125" lon="118.83256196044385433197021484375">
        <ele>7</ele>
        <time>2024-06-23T11:41:21.000Z</time>
        <extensions>
          <ns3:TrackPointExtension>
            <ns3:hr>99</ns3:hr>
            <ns3:cad>0</ns3:cad>
          </ns3:TrackPointExtension>
        </extensions>
      </trkpt>
      <trkpt lat="31.97914986871182918548583984375" lon="118.8325573503971099853515625">
        <ele>7</ele>
        <time>2024-06-23T11:41:22.000Z</time>
        <extensions>
          <ns3:TrackPointExtension>
            <ns3:hr>100</ns3:hr>
            <ns3:cad>0</ns3:cad>
          </ns3:TrackPointExtension>
        </extensions>
      </trkpt>
      <trkpt lat="31.979131512343883514404296875" lon="118.8325528241693973541259765625">
        <ele>7</ele>
        <time>2024-06-23T11:41:23.000Z</time>
        <extensions>
          <ns3:TrackPointExtension>
            <ns3:hr>101</ns3:hr>
            <ns3:cad>81</ns3:cad>
          </ns3:TrackPointExtension>
        </extensions>
      </trkpt>
      <trkpt lat="31.97911432944238185882568359375" lon="118.8325417600572109222412109375">
        <ele>7</ele>
        <time>2024-06-23T11:41:24.000Z</time>
        <extensions>
          <ns3:TrackPointExtension>
            <ns3:hr>101</ns3:hr>
            <ns3:cad>82</ns3:cad>
          </ns3:TrackPointExtension>
        </extensions>
      </trkpt>
      <trkpt lat="31.97909136302769184112548828125" lon="118.83253312669694423675537109375">
        <ele>7</ele>
        <time>2024-06-23T11:41:25.000Z</time>
        <extensions>
          <ns3:TrackPointExtension>
            <ns3:hr>103</ns3:hr>
            <ns3:cad>82</ns3:cad>
          </ns3:TrackPointExtension>
        </extensions>
      </trkpt>
      <trkpt lat="31.97906957007944583892822265625" lon="118.83251904509961605072021484375">
        <ele>7</ele>
        <time>2024-06-23T11:41:26.000Z</time>
        <extensions>
          <ns3:TrackPointExtension>
            <ns3:hr>105</ns3:hr>
            <ns3:cad>82</ns3:cad>
          </ns3:TrackPointExtension>
        </extensions>
      </trkpt>
      <trkpt lat="31.97904073633253574371337890625" lon="118.8325048796832561492919921875">
        <ele>7</ele>
        <time>2024-06-23T11:41:27.000Z</time>
        <extensions>
          <ns3:TrackPointExtension>
            <ns3:hr>105</ns3:hr>
            <ns3:cad>82</ns3:cad>
          </ns3:TrackPointExtension>
        </extensions>
      </trkpt>
      <trkpt lat="31.97901156730949878692626953125" lon="118.83249172009527683258056640625">
        <ele>7</ele>
        <time>2024-06-23T11:41:28.000Z</time>
        <extensions>
          <ns3:TrackPointExtension>
            <ns3:hr>106</ns3:hr>
            <ns3:cad>85</ns3:cad>
          </ns3:TrackPointExtension>
        </extensions>
      </trkpt>
      <trkpt lat="31.97898223064839839935302734375" lon="118.83248023688793182373046875">
        <ele>7</ele>
        <time>2024-06-23T11:41:29.000Z</time>
        <extensions>
          <ns3:TrackPointExtension>
            <ns3:hr>107</ns3:hr>
            <ns3:cad>85</ns3:cad>
          </ns3:TrackPointExtension>
        </extensions>
      </trkpt>
      <trkpt lat="31.9789476133882999420166015625" lon="118.83246707729995250701904296875">
        <ele>7</ele>
        <time>2024-06-23T11:41:30.000Z</time>
        <extensions>
          <ns3:TrackPointExtension>
            <ns3:hr>106</ns3:hr>
            <ns3:cad>85</ns3:cad>
          </ns3:TrackPointExtension>
        </extensions>
      </trkpt>
      <trkpt lat="31.97891450487077236175537109375" lon="118.83244964294135570526123046875">
        <ele>7</ele>
        <time>2024-06-23T11:41:31.000Z</time>
        <extensions>
          <ns3:TrackPointExtension>
            <ns3:hr>107</ns3:hr>
            <ns3:cad>85</ns3:cad>
          </ns3:TrackPointExtension>
        </extensions>
      </trkpt>
      <trkpt lat="31.97887946851551532745361328125" lon="118.8324368186295032501220703125">
        <ele>7</ele>
        <time>2024-06-23T11:41:32.000Z</time>
        <extensions>
          <ns3:TrackPointExtension>
            <ns3:hr>107</ns3:hr>
            <ns3:cad>85</ns3:cad>
          </ns3:TrackPointExtension>
        </extensions>
      </trkpt>
      <trkpt lat="31.97884040884673595428466796875" lon="118.8324190489947795867919921875">
        <ele>7</ele>
        <time>2024-06-23T11:41:33.000Z</time>
        <extensions>
          <ns3:TrackPointExtension>
            <ns3:hr>107</ns3:hr>
            <ns3:cad>87</ns3:cad>
          </ns3:TrackPointExtension>
        </extensions>
      </trkpt>
      <trkpt lat="31.978808976709842681884765625" lon="118.83240974508225917816162109375">
        <ele>7</ele>
        <time>2024-06-23T11:41:34.000Z</time>
        <extensions>
          <ns3:TrackPointExtension>
            <ns3:hr>107</ns3:hr>
            <ns3:cad>88</ns3:cad>
          </ns3:TrackPointExtension>
        </extensions>
      </trkpt>
      <trkpt lat="31.978772766888141632080078125" lon="118.83239331655204296112060546875">
        <ele>7</ele>
        <time>2024-06-23T11:41:35.000Z</time>
        <extensions>
          <ns3:TrackPointExtension>
            <ns3:hr>109</ns3:hr>
            <ns3:cad>87</ns3:cad>
          </ns3:TrackPointExtension>
        </extensions>
      </trkpt>
      <trkpt lat="31.9787437655031681060791015625" lon="118.83238376118242740631103515625">
        <ele>7</ele>
        <time>2024-06-23T11:41:36.000Z</time>
        <extensions>
          <ns3:TrackPointExtension>
            <ns3:hr>111</ns3:hr>
            <ns3:cad>88</ns3:cad>
          </ns3:TrackPointExtension>
        </extensions>
      </trkpt>
      <trkpt lat="31.978703029453754425048828125" lon="118.8323674164712429046630859375">
        <ele>6.80000019073486328125</ele>
        <time>2024-06-23T11:41:37.000Z</time>
        <extensions>
          <ns3:TrackPointExtension>
            <ns3:hr>113</ns3:hr>
            <ns3:cad>87</ns3:cad>
          </ns3:TrackPointExtension>
        </extensions>
      </trkpt>
      <trkpt lat="31.9786710105836391448974609375" lon="118.83235551416873931884765625">
        <ele>6.80000019073486328125</ele>
        <time>2024-06-23T11:41:38.000Z</time>
        <extensions>
          <ns3:TrackPointExtension>
            <ns3:hr>114</ns3:hr>
            <ns3:cad>88</ns3:cad>
          </ns3:TrackPointExtension>
        </extensions>
      </trkpt>
      <trkpt lat="31.97863161563873291015625" lon="118.8323399238288402557373046875">
        <ele>6.80000019073486328125</ele>
        <time>2024-06-23T11:41:39.000Z</time>
        <extensions>
          <ns3:TrackPointExtension>
            <ns3:hr>116</ns3:hr>
            <ns3:cad>88</ns3:cad>
          </ns3:TrackPointExtension>
        </extensions>
      </trkpt>
      <trkpt lat="31.97859699837863445281982421875" lon="118.83232391439378261566162109375">
        <ele>6.80000019073486328125</ele>
        <time>2024-06-23T11:41:40.000Z</time>
        <extensions>
          <ns3:TrackPointExtension>
            <ns3:hr>117</ns3:hr>
            <ns3:cad>88</ns3:cad>
          </ns3:TrackPointExtension>
        </extensions>
      </trkpt>
      <trkpt lat="31.97856347076594829559326171875" lon="118.83230857551097869873046875">
        <ele>6.80000019073486328125</ele>
        <time>2024-06-23T11:41:41.000Z</time>
        <extensions>
          <ns3:TrackPointExtension>
            <ns3:hr>118</ns3:hr>
            <ns3:cad>88</ns3:cad>
          </ns3:TrackPointExtension>
        </extensions>
      </trkpt>
      <trkpt lat="31.9785338826477527618408203125" lon="118.8322939909994602203369140625">
        <ele>7</ele>
        <time>2024-06-23T11:41:42.000Z</time>
        <extensions>
          <ns3:TrackPointExtension>
            <ns3:hr>120</ns3:hr>
            <ns3:cad>87</ns3:cad>
          </ns3:TrackPointExtension>
        </extensions>
      </trkpt>
      <trkpt lat="31.97850060649216175079345703125" lon="118.8322802446782588958740234375">
        <ele>7</ele>
        <time>2024-06-23T11:41:43.000Z</time>
        <extensions>
          <ns3:TrackPointExtension>
            <ns3:hr>120</ns3:hr>
            <ns3:cad>87</ns3:cad>
          </ns3:TrackPointExtension>
        </extensions>
      </trkpt>
      <trkpt lat="31.9784639775753021240234375" lon="118.832262642681598663330078125">
        <ele>7</ele>
        <time>2024-06-23T11:41:44.000Z</time>
        <extensions>
          <ns3:TrackPointExtension>
            <ns3:hr>121</ns3:hr>
            <ns3:cad>87</ns3:cad>
          </ns3:TrackPointExtension>
        </extensions>
      </trkpt>
      <trkpt lat="31.97842843830585479736328125" lon="118.83224830962717533111572265625">
        <ele>7.19999980926513671875</ele>
        <time>2024-06-23T11:41:45.000Z</time>
        <extensions>
          <ns3:TrackPointExtension>
            <ns3:hr>121</ns3:hr>
            <ns3:cad>87</ns3:cad>
          </ns3:TrackPointExtension>
        </extensions>
      </trkpt>
      <trkpt lat="31.97839130647480487823486328125" lon="118.8322301208972930908203125">
        <ele>7.19999980926513671875</ele>
        <time>2024-06-23T11:41:46.000Z</time>
        <extensions>
          <ns3:TrackPointExtension>
            <ns3:hr>123</ns3:hr>
            <ns3:cad>87</ns3:cad>
          </ns3:TrackPointExtension>
        </extensions>
      </trkpt>
      <trkpt lat="31.97835576720535755157470703125" lon="118.83221813477575778961181640625">
        <ele>7.19999980926513671875</ele>
        <time>2024-06-23T11:41:47.000Z</time>
        <extensions>
          <ns3:TrackPointExtension>
            <ns3:hr>125</ns3:hr>
            <ns3:cad>87</ns3:cad>
          </ns3:TrackPointExtension>
        </extensions>
      </trkpt>
      <trkpt lat="31.9783162884414196014404296875" lon="118.83219969458878040313720703125">
        <ele>7.400000095367431640625</ele>
        <time>2024-06-23T11:41:48.000Z</time>
        <extensions>
          <ns3:TrackPointExtension>
            <ns3:hr>126</ns3:hr>
            <ns3:cad>87</ns3:cad>
          </ns3:TrackPointExtension>
        </extensions>
      </trkpt>
      <trkpt lat="31.9782847724854946136474609375" lon="118.83218653500080108642578125">
        <ele>7.400000095367431640625</ele>
        <time>2024-06-23T11:41:49.000Z</time>
        <extensions>
          <ns3:TrackPointExtension>
            <ns3:hr>127</ns3:hr>
            <ns3:cad>87</ns3:cad>
          </ns3:TrackPointExtension>
        </extensions>
      </trkpt>
      <trkpt lat="31.9782488979399204254150390625" lon="118.8321722857654094696044921875">
        <ele>7.400000095367431640625</ele>
        <time>2024-06-23T11:41:50.000Z</time>
        <extensions>
          <ns3:TrackPointExtension>
            <ns3:hr>127</ns3:hr>
            <ns3:cad>87</ns3:cad>
          </ns3:TrackPointExtension>
        </extensions>
      </trkpt>
      <trkpt lat="31.97821260429918766021728515625" lon="118.8321608863770961761474609375">
        <ele>7.400000095367431640625</ele>
        <time>2024-06-23T11:41:51.000Z</time>
        <extensions>
          <ns3:TrackPointExtension>
            <ns3:hr>127</ns3:hr>
            <ns3:cad>87</ns3:cad>
          </ns3:TrackPointExtension>
        </extensions>
      </trkpt>
      <trkpt lat="31.978180669248104095458984375" lon="118.8321504928171634674072265625">
        <ele>7.400000095367431640625</ele>
        <time>2024-06-23T11:41:52.000Z</time>
        <extensions>
          <ns3:TrackPointExtension>
            <ns3:hr>129</ns3:hr>
            <ns3:cad>87</ns3:cad>
          </ns3:TrackPointExtension>
        </extensions>
      </trkpt>
      <trkpt lat="31.9781446270644664764404296875" lon="118.8321360759437084197998046875">
        <ele>7.400000095367431640625</ele>
        <time>2024-06-23T11:41:53.000Z</time>
        <extensions>
          <ns3:TrackPointExtension>
            <ns3:hr>129</ns3:hr>
            <ns3:cad>87</ns3:cad>
          </ns3:TrackPointExtension>
        </extensions>
      </trkpt>
      <trkpt lat="31.978110931813716888427734375" lon="118.83212459273636341094970703125">
        <ele>7.400000095367431640625</ele>
        <time>2024-06-23T11:41:54.000Z</time>
        <extensions>
          <ns3:TrackPointExtension>
            <ns3:hr>132</ns3:hr>
            <ns3:cad>87</ns3:cad>
          </ns3:TrackPointExtension>
        </extensions>
      </trkpt>
      <trkpt lat="31.978072710335254669189453125" lon="118.8321059010922908782958984375">
        <ele>7.400000095367431640625</ele>
        <time>2024-06-23T11:41:55.000Z</time>
        <extensions>
          <ns3:TrackPointExtension>
            <ns3:hr>132</ns3:hr>
            <ns3:cad>87</ns3:cad>
          </ns3:TrackPointExtension>
        </extensions>
      </trkpt>
      <trkpt lat="31.97804228402674198150634765625" lon="118.832095004618167877197265625">
        <ele>7.400000095367431640625</ele>
        <time>2024-06-23T11:41:56.000Z</time>
        <extensions>
          <ns3:TrackPointExtension>
            <ns3:hr>133</ns3:hr>
            <ns3:cad>87</ns3:cad>
          </ns3:TrackPointExtension>
        </extensions>
      </trkpt>
      <trkpt lat="31.97800557129085063934326171875" lon="118.83207664825022220611572265625">
        <ele>7.400000095367431640625</ele>
        <time>2024-06-23T11:41:57.000Z</time>
        <extensions>
          <ns3:TrackPointExtension>
            <ns3:hr>134</ns3:hr>
            <ns3:cad>87</ns3:cad>
          </ns3:TrackPointExtension>
        </extensions>
      </trkpt>
      <trkpt lat="31.977977491915225982666015625" lon="118.8320646621286869049072265625">
        <ele>7.19999980926513671875</ele>
        <time>2024-06-23T11:41:58.000Z</time>
        <extensions>
          <ns3:TrackPointExtension>
            <ns3:hr>135</ns3:hr>
            <ns3:cad>87</ns3:cad>
          </ns3:TrackPointExtension>
        </extensions>
      </trkpt>
      <trkpt lat="31.9779374264180660247802734375" lon="118.83204764686524868011474609375">
        <ele>7.19999980926513671875</ele>
        <time>2024-06-23T11:41:59.000Z</time>
        <extensions>
          <ns3:TrackPointExtension>
            <ns3:hr>136</ns3:hr>
            <ns3:cad>87</ns3:cad>
          </ns3:TrackPointExtension>
        </extensions>
      </trkpt>
      <trkpt lat="31.9779033958911895751953125" lon="118.83203096687793731689453125">
        <ele>7.19999980926513671875</ele>
        <time>2024-06-23T11:42:00.000Z</time>
        <extensions>
          <ns3:TrackPointExtension>
            <ns3:hr>136</ns3:hr>
            <ns3:cad>87</ns3:cad>
          </ns3:TrackPointExtension>
        </extensions>
      </trkpt>
      <trkpt lat="31.9778650067746639251708984375" lon="118.8320123590528964996337890625">
        <ele>7.19999980926513671875</ele>
        <time>2024-06-23T11:42:01.000Z</time>
        <extensions>
          <ns3:TrackPointExtension>
            <ns3:hr>137</ns3:hr>
            <ns3:cad>87</ns3:cad>
          </ns3:TrackPointExtension>
        </extensions>
      </trkpt>
      <trkpt lat="31.97782938368618488311767578125" lon="118.83199148811399936676025390625">
        <ele>7.19999980926513671875</ele>
        <time>2024-06-23T11:42:02.000Z</time>
        <extensions>
          <ns3:TrackPointExtension>
            <ns3:hr>137</ns3:hr>
            <ns3:cad>87</ns3:cad>
          </ns3:TrackPointExtension>
        </extensions>
      </trkpt>
      <trkpt lat="31.977799795567989349365234375" lon="118.831975646317005157470703125">
        <ele>7.19999980926513671875</ele>
        <time>2024-06-23T11:42:03.000Z</time>
        <extensions>
          <ns3:TrackPointExtension>
            <ns3:hr>138</ns3:hr>
            <ns3:cad>87</ns3:cad>
          </ns3:TrackPointExtension>
        </extensions>
      </trkpt>
      <trkpt lat="31.977768950164318084716796875" lon="118.83195896632969379425048828125">
        <ele>7.19999980926513671875</ele>
        <time>2024-06-23T11:42:04.000Z</time>
        <extensions>
          <ns3:TrackPointExtension>
            <ns3:hr>138</ns3:hr>
            <ns3:cad>87</ns3:cad>
          </ns3:TrackPointExtension>
        </extensions>
      </trkpt>
      <trkpt lat="31.97773902676999568939208984375" lon="118.83194974623620510101318359375">
        <ele>7.19999980926513671875</ele>
        <time>2024-06-23T11:42:05.000Z</time>
        <extensions>
          <ns3:TrackPointExtension>
            <ns3:hr>140</ns3:hr>
            <ns3:cad>87</ns3:cad>
          </ns3:TrackPointExtension>
        </extensions>
      </trkpt>
      <trkpt lat="31.97770348750054836273193359375" lon="118.83193348534405231475830078125">
        <ele>7.19999980926513671875</ele>
        <time>2024-06-23T11:42:06.000Z</time>
        <extensions>
          <ns3:TrackPointExtension>
            <ns3:hr>140</ns3:hr>
            <ns3:cad>87</ns3:cad>
          </ns3:TrackPointExtension>
        </extensions>
      </trkpt>
      <trkpt lat="31.97767465375363826751708984375" lon="118.83191990666091442108154296875">
        <ele>7.19999980926513671875</ele>
        <time>2024-06-23T11:42:07.000Z</time>
        <extensions>
          <ns3:TrackPointExtension>
            <ns3:hr>140</ns3:hr>
            <ns3:cad>87</ns3:cad>
          </ns3:TrackPointExtension>
        </extensions>
      </trkpt>
      <trkpt lat="31.977638192474842071533203125" lon="118.83190163411200046539306640625">
        <ele>7.400000095367431640625</ele>
        <time>2024-06-23T11:42:08.000Z</time>
        <extensions>
          <ns3:TrackPointExtension>
            <ns3:hr>140</ns3:hr>
            <ns3:cad>87</ns3:cad>
          </ns3:TrackPointExtension>
        </extensions>
      </trkpt>
      <trkpt lat="31.9776075147092342376708984375" lon="118.83188151754438877105712890625">
        <ele>7.400000095367431640625</ele>
        <time>2024-06-23T11:42:09.000Z</time>
        <extensions>
          <ns3:TrackPointExtension>
            <ns3:hr>141</ns3:hr>
            <ns3:cad>87</ns3:cad>
          </ns3:TrackPointExtension>
        </extensions>
      </trkpt>
      <trkpt lat="31.97757759131491184234619140625" lon="118.8318671844899654388427734375">
        <ele>7.599999904632568359375</ele>
        <time>2024-06-23T11:42:10.000Z</time>
        <extensions>
          <ns3:TrackPointExtension>
            <ns3:hr>141</ns3:hr>
            <ns3:cad>87</ns3:cad>
          </ns3:TrackPointExtension>
        </extensions>
      </trkpt>
      <trkpt lat="31.97754188440740108489990234375" lon="118.83184857666492462158203125">
        <ele>7.80000019073486328125</ele>
        <time>2024-06-23T11:42:11.000Z</time>
        <extensions>
          <ns3:TrackPointExtension>
            <ns3:hr>142</ns3:hr>
            <ns3:cad>86</ns3:cad>
          </ns3:TrackPointExtension>
        </extensions>
      </trkpt>
      <trkpt lat="31.977511458098888397216796875" lon="118.83183340542018413543701171875">
        <ele>7.80000019073486328125</ele>
        <time>2024-06-23T11:42:12.000Z</time>
        <extensions>
          <ns3:TrackPointExtension>
            <ns3:hr>142</ns3:hr>
            <ns3:cad>86</ns3:cad>
          </ns3:TrackPointExtension>
        </extensions>
      </trkpt>
      <trkpt lat="31.97747449390590190887451171875" lon="118.83181362412869930267333984375">
        <ele>7.80000019073486328125</ele>
        <time>2024-06-23T11:42:13.000Z</time>
        <extensions>
          <ns3:TrackPointExtension>
            <ns3:hr>142</ns3:hr>
            <ns3:cad>86</ns3:cad>
          </ns3:TrackPointExtension>
        </extensions>
      </trkpt>
      <trkpt lat="31.97744348086416721343994140625" lon="118.83179853670299053192138671875">
        <ele>7.80000019073486328125</ele>
        <time>2024-06-23T11:42:14.000Z</time>
        <extensions>
          <ns3:TrackPointExtension>
            <ns3:hr>143</ns3:hr>
            <ns3:cad>86</ns3:cad>
          </ns3:TrackPointExtension>
        </extensions>
      </trkpt>
      <trkpt lat="31.977404169738292694091796875" lon="118.83178244344890117645263671875">
        <ele>8</ele>
        <time>2024-06-23T11:42:15.000Z</time>
        <extensions>
          <ns3:TrackPointExtension>
            <ns3:hr>143</ns3:hr>
            <ns3:cad>86</ns3:cad>
          </ns3:TrackPointExtension>
        </extensions>
      </trkpt>
      <trkpt lat="31.97736871428787708282470703125" lon="118.8317645899951457977294921875">
        <ele>7.80000019073486328125</ele>
        <time>2024-06-23T11:42:16.000Z</time>
        <extensions>
          <ns3:TrackPointExtension>
            <ns3:hr>143</ns3:hr>
            <ns3:cad>86</ns3:cad>
          </ns3:TrackPointExtension>
        </extensions>
      </trkpt>
      <trkpt lat="31.9773335941135883331298828125" lon="118.831748999655246734619140625">
        <ele>7.80000019073486328125</ele>
        <time>2024-06-23T11:42:17.000Z</time>
        <extensions>
          <ns3:TrackPointExtension>
            <ns3:hr>144</ns3:hr>
            <ns3:cad>86</ns3:cad>
          </ns3:TrackPointExtension>
        </extensions>
      </trkpt>
      <trkpt lat="31.977298893034458160400390625" lon="118.8317287154495716094970703125">
        <ele>7.80000019073486328125</ele>
        <time>2024-06-23T11:42:18.000Z</time>
        <extensions>
          <ns3:TrackPointExtension>
            <ns3:hr>144</ns3:hr>
            <ns3:cad>86</ns3:cad>
          </ns3:TrackPointExtension>
        </extensions>
      </trkpt>
      <trkpt lat="31.9772665388882160186767578125" lon="118.8317132927477359771728515625">
        <ele>7.80000019073486328125</ele>
        <time>2024-06-23T11:42:19.000Z</time>
        <extensions>
          <ns3:TrackPointExtension>
            <ns3:hr>144</ns3:hr>
            <ns3:cad>86</ns3:cad>
          </ns3:TrackPointExtension>
        </extensions>
      </trkpt>
      <trkpt lat="31.97723560966551303863525390625" lon="118.83169560693204402923583984375">
        <ele>7.599999904632568359375</ele>
        <time>2024-06-23T11:42:20.000Z</time>
        <extensions>
          <ns3:TrackPointExtension>
            <ns3:hr>145</ns3:hr>
            <ns3:cad>86</ns3:cad>
          </ns3:TrackPointExtension>
        </extensions>
      </trkpt>
      <trkpt lat="31.9772068597376346588134765625" lon="118.8316858001053333282470703125">
        <ele>7.599999904632568359375</ele>
        <time>2024-06-23T11:42:21.000Z</time>
        <extensions>
          <ns3:TrackPointExtension>
            <ns3:hr>145</ns3:hr>
            <ns3:cad>86</ns3:cad>
          </ns3:TrackPointExtension>
        </extensions>
      </trkpt>
      <trkpt lat="31.9771716557443141937255859375" lon="118.8316707126796245574951171875">
        <ele>7.599999904632568359375</ele>
        <time>2024-06-23T11:42:22.000Z</time>
        <extensions>
          <ns3:TrackPointExtension>
            <ns3:hr>145</ns3:hr>
            <ns3:cad>86</ns3:cad>
          </ns3:TrackPointExtension>
        </extensions>
      </trkpt>
      <trkpt lat="31.9771451689302921295166015625" lon="118.83166241459548473358154296875">
        <ele>7.599999904632568359375</ele>
        <time>2024-06-23T11:42:23.000Z</time>
        <extensions>
          <ns3:TrackPointExtension>
            <ns3:hr>146</ns3:hr>
            <ns3:cad>86</ns3:cad>
          </ns3:TrackPointExtension>
        </extensions>
      </trkpt>
      <trkpt lat="31.977110803127288818359375" lon="118.8316495902836322784423828125">
        <ele>7.599999904632568359375</ele>
        <time>2024-06-23T11:42:24.000Z</time>
        <extensions>
          <ns3:TrackPointExtension>
            <ns3:hr>147</ns3:hr>
            <ns3:cad>87</ns3:cad>
          </ns3:TrackPointExtension>
        </extensions>
      </trkpt>
      <trkpt lat="31.97707937099039554595947265625" lon="118.8316333293914794921875">
        <ele>7.599999904632568359375</ele>
        <time>2024-06-23T11:42:25.000Z</time>
        <extensions>
          <ns3:TrackPointExtension>
            <ns3:hr>147</ns3:hr>
            <ns3:cad>87</ns3:cad>
          </ns3:TrackPointExtension>
        </extensions>
      </trkpt>
      <trkpt lat="31.9770477712154388427734375" lon="118.83162084035575389862060546875">
        <ele>7.599999904632568359375</ele>
        <time>2024-06-23T11:42:26.000Z</time>
        <extensions>
          <ns3:TrackPointExtension>
            <ns3:hr>147</ns3:hr>
            <ns3:cad>86</ns3:cad>
          </ns3:TrackPointExtension>
        </extensions>
      </trkpt>
      <trkpt lat="31.977013237774372100830078125" lon="118.83160290308296680450439453125">
        <ele>7.80000019073486328125</ele>
        <time>2024-06-23T11:42:27.000Z</time>
        <extensions>
          <ns3:TrackPointExtension>
            <ns3:hr>147</ns3:hr>
            <ns3:cad>85</ns3:cad>
          </ns3:TrackPointExtension>
        </extensions>
      </trkpt>
      <trkpt lat="31.97698364965617656707763671875" lon="118.83158949203789234161376953125">
        <ele>7.80000019073486328125</ele>
        <time>2024-06-23T11:42:28.000Z</time>
        <extensions>
          <ns3:TrackPointExtension>
            <ns3:hr>147</ns3:hr>
            <ns3:cad>85</ns3:cad>
          </ns3:TrackPointExtension>
        </extensions>
      </trkpt>
      <trkpt lat="31.9769485294818878173828125" lon="118.831570632755756378173828125">
        <ele>7.80000019073486328125</ele>
        <time>2024-06-23T11:42:29.000Z</time>
        <extensions>
          <ns3:TrackPointExtension>
            <ns3:hr>148</ns3:hr>
            <ns3:cad>85</ns3:cad>
          </ns3:TrackPointExtension>
        </extensions>
      </trkpt>
      <trkpt lat="31.9769171811640262603759765625" lon="118.8315530307590961456298828125">
        <ele>7.80000019073486328125</ele>
        <time>2024-06-23T11:42:30.000Z</time>
        <extensions>
          <ns3:TrackPointExtension>
            <ns3:hr>148</ns3:hr>
            <ns3:cad>86</ns3:cad>
          </ns3:TrackPointExtension>
        </extensions>
      </trkpt>
      <trkpt lat="31.97688323445618152618408203125" lon="118.83153609931468963623046875">
        <ele>7.80000019073486328125</ele>
        <time>2024-06-23T11:42:31.000Z</time>
        <extensions>
          <ns3:TrackPointExtension>
            <ns3:hr>148</ns3:hr>
            <ns3:cad>86</ns3:cad>
          </ns3:TrackPointExtension>
        </extensions>
      </trkpt>
      <trkpt lat="31.97684836573898792266845703125" lon="118.8315191678702831268310546875">
        <ele>7.80000019073486328125</ele>
        <time>2024-06-23T11:42:32.000Z</time>
        <extensions>
          <ns3:TrackPointExtension>
            <ns3:hr>148</ns3:hr>
            <ns3:cad>86</ns3:cad>
          </ns3:TrackPointExtension>
        </extensions>
      </trkpt>
      <trkpt lat="31.97681349702179431915283203125" lon="118.83149988949298858642578125">
        <ele>7.80000019073486328125</ele>
        <time>2024-06-23T11:42:33.000Z</time>
        <extensions>
          <ns3:TrackPointExtension>
            <ns3:hr>148</ns3:hr>
            <ns3:cad>86</ns3:cad>
          </ns3:TrackPointExtension>
        </extensions>
      </trkpt>
      <trkpt lat="31.97678633965551853179931640625" lon="118.83148379623889923095703125">
        <ele>7.80000019073486328125</ele>
        <time>2024-06-23T11:42:34.000Z</time>
        <extensions>
          <ns3:TrackPointExtension>
            <ns3:hr>148</ns3:hr>
            <ns3:cad>86</ns3:cad>
          </ns3:TrackPointExtension>
        </extensions>
      </trkpt>
      <trkpt lat="31.976756416261196136474609375" lon="118.831475079059600830078125">
        <ele>8</ele>
        <time>2024-06-23T11:42:35.000Z</time>
        <extensions>
          <ns3:TrackPointExtension>
            <ns3:hr>149</ns3:hr>
            <ns3:cad>86</ns3:cad>
          </ns3:TrackPointExtension>
        </extensions>
      </trkpt>
      <trkpt lat="31.97672397829592227935791015625" lon="118.8314603269100189208984375">
        <ele>8</ele>
        <time>2024-06-23T11:42:36.000Z</time>
        <extensions>
          <ns3:TrackPointExtension>
            <ns3:hr>149</ns3:hr>
            <ns3:cad>86</ns3:cad>
          </ns3:TrackPointExtension>
        </extensions>
      </trkpt>
      <trkpt lat="31.97669506072998046875" lon="118.831448256969451904296875">
        <ele>8</ele>
        <time>2024-06-23T11:42:37.000Z</time>
        <extensions>
          <ns3:TrackPointExtension>
            <ns3:hr>149</ns3:hr>
            <ns3:cad>86</ns3:cad>
          </ns3:TrackPointExtension>
        </extensions>
      </trkpt>
      <trkpt lat="31.976659186184406280517578125" lon="118.83143124170601367950439453125">
        <ele>8</ele>
        <time>2024-06-23T11:42:38.000Z</time>
        <extensions>
          <ns3:TrackPointExtension>
            <ns3:hr>149</ns3:hr>
            <ns3:cad>86</ns3:cad>
          </ns3:TrackPointExtension>
        </extensions>
      </trkpt>
      <trkpt lat="31.9766298495233058929443359375" lon="118.83141682483255863189697265625">
        <ele>8</ele>
        <time>2024-06-23T11:42:39.000Z</time>
        <extensions>
          <ns3:TrackPointExtension>
            <ns3:hr>149</ns3:hr>
            <ns3:cad>88</ns3:cad>
          </ns3:TrackPointExtension>
        </extensions>
      </trkpt>
      <trkpt lat="31.97659506462514400482177734375" lon="118.83139939047396183013916015625">
        <ele>7.80000019073486328125</ele>
        <time>2024-06-23T11:42:40.000Z</time>
        <extensions>
          <ns3:TrackPointExtension>
            <ns3:hr>149</ns3:hr>
            <ns3:cad>88</ns3:cad>
          </ns3:TrackPointExtension>
        </extensions>
      </trkpt>
      <trkpt lat="31.97656623087823390960693359375" lon="118.83138698525726795196533203125">
        <ele>7.599999904632568359375</ele>
        <time>2024-06-23T11:42:41.000Z</time>
        <extensions>
          <ns3:TrackPointExtension>
            <ns3:hr>149</ns3:hr>
            <ns3:cad>88</ns3:cad>
          </ns3:TrackPointExtension>
        </extensions>
      </trkpt>
      <trkpt lat="31.9765332899987697601318359375" lon="118.83137458004057407379150390625">
        <ele>7.599999904632568359375</ele>
        <time>2024-06-23T11:42:42.000Z</time>
        <extensions>
          <ns3:TrackPointExtension>
            <ns3:hr>150</ns3:hr>
            <ns3:cad>86</ns3:cad>
          </ns3:TrackPointExtension>
        </extensions>
      </trkpt>
      <trkpt lat="31.9765024445950984954833984375" lon="118.831360079348087310791015625">
        <ele>7.599999904632568359375</ele>
        <time>2024-06-23T11:42:43.000Z</time>
        <extensions>
          <ns3:TrackPointExtension>
            <ns3:hr>150</ns3:hr>
            <ns3:cad>86</ns3:cad>
          </ns3:TrackPointExtension>
        </extensions>
      </trkpt>
      <trkpt lat="31.9764697551727294921875" lon="118.831348679959774017333984375">
        <ele>7.599999904632568359375</ele>
        <time>2024-06-23T11:42:44.000Z</time>
        <extensions>
          <ns3:TrackPointExtension>
            <ns3:hr>150</ns3:hr>
            <ns3:cad>86</ns3:cad>
          </ns3:TrackPointExtension>
        </extensions>
      </trkpt>
      <trkpt lat="31.97643731720745563507080078125" lon="118.8313342630863189697265625">
        <ele>7.599999904632568359375</ele>
        <time>2024-06-23T11:42:45.000Z</time>
        <extensions>
          <ns3:TrackPointExtension>
            <ns3:hr>150</ns3:hr>
            <ns3:cad>87</ns3:cad>
          </ns3:TrackPointExtension>
        </extensions>
      </trkpt>
      <trkpt lat="31.9764038734138011932373046875" lon="118.83132898248732089996337890625">
        <ele>7.599999904632568359375</ele>
        <time>2024-06-23T11:42:46.000Z</time>
        <extensions>
          <ns3:TrackPointExtension>
            <ns3:hr>150</ns3:hr>
            <ns3:cad>87</ns3:cad>
          </ns3:TrackPointExtension>
        </extensions>
      </trkpt>
      <trkpt lat="31.9763673283159732818603515625" lon="118.83131909184157848358154296875">
        <ele>7.80000019073486328125</ele>
        <time>2024-06-23T11:42:47.000Z</time>
        <extensions>
          <ns3:TrackPointExtension>
            <ns3:hr>150</ns3:hr>
            <ns3:cad>87</ns3:cad>
          </ns3:TrackPointExtension>
        </extensions>
      </trkpt>
      <trkpt lat="31.9763384945690631866455078125" lon="118.8313116319477558135986328125">
        <ele>7.80000019073486328125</ele>
        <time>2024-06-23T11:42:48.000Z</time>
        <extensions>
          <ns3:TrackPointExtension>
            <ns3:hr>150</ns3:hr>
            <ns3:cad>87</ns3:cad>
          </ns3:TrackPointExtension>
        </extensions>
      </trkpt>
      <trkpt lat="31.9763059727847576141357421875" lon="118.8312985561788082122802734375">
        <ele>7.599999904632568359375</ele>
        <time>2024-06-23T11:42:49.000Z</time>
        <extensions>
          <ns3:TrackPointExtension>
            <ns3:hr>150</ns3:hr>
            <ns3:cad>86</ns3:cad>
          </ns3:TrackPointExtension>
        </extensions>
      </trkpt>
      <trkpt lat="31.976273618638515472412109375" lon="118.831280954182147979736328125">
        <ele>7.599999904632568359375</ele>
        <time>2024-06-23T11:42:50.000Z</time>
        <extensions>
          <ns3:TrackPointExtension>
            <ns3:hr>151</ns3:hr>
            <ns3:cad>86</ns3:cad>
          </ns3:TrackPointExtension>
        </extensions>
      </trkpt>
      <trkpt lat="31.976240761578083038330078125" lon="118.831265531480312347412109375">
        <ele>7.599999904632568359375</ele>
        <time>2024-06-23T11:42:51.000Z</time>
        <extensions>
          <ns3:TrackPointExtension>
            <ns3:hr>151</ns3:hr>
            <ns3:cad>86</ns3:cad>
          </ns3:TrackPointExtension>
        </extensions>
      </trkpt>
      <trkpt lat="31.9762100838124752044677734375" lon="118.83124642074108123779296875">
        <ele>7.599999904632568359375</ele>
        <time>2024-06-23T11:42:52.000Z</time>
        <extensions>
          <ns3:TrackPointExtension>
            <ns3:hr>151</ns3:hr>
            <ns3:cad>86</ns3:cad>
          </ns3:TrackPointExtension>
        </extensions>
      </trkpt>
      <trkpt lat="31.97617781348526477813720703125" lon="118.8312298245728015899658203125">
        <ele>7.599999904632568359375</ele>
        <time>2024-06-23T11:42:53.000Z</time>
        <extensions>
          <ns3:TrackPointExtension>
            <ns3:hr>151</ns3:hr>
            <ns3:cad>86</ns3:cad>
          </ns3:TrackPointExtension>
        </extensions>
      </trkpt>
      <trkpt lat="31.976146884262561798095703125" lon="118.8312103785574436187744140625">
        <ele>7.599999904632568359375</ele>
        <time>2024-06-23T11:42:54.000Z</time>
        <extensions>
          <ns3:TrackPointExtension>
            <ns3:hr>151</ns3:hr>
            <ns3:cad>86</ns3:cad>
          </ns3:TrackPointExtension>
        </extensions>
      </trkpt>
      <trkpt lat="31.97611746378242969512939453125" lon="118.83119948208332061767578125">
        <ele>7.400000095367431640625</ele>
        <time>2024-06-23T11:42:55.000Z</time>
        <extensions>
          <ns3:TrackPointExtension>
            <ns3:hr>151</ns3:hr>
            <ns3:cad>86</ns3:cad>
          </ns3:TrackPointExtension>
        </extensions>
      </trkpt>
      <trkpt lat="31.97608427144587039947509765625" lon="118.831183053553104400634765625">
        <ele>7.599999904632568359375</ele>
        <time>2024-06-23T11:42:56.000Z</time>
        <extensions>
          <ns3:TrackPointExtension>
            <ns3:hr>151</ns3:hr>
            <ns3:cad>86</ns3:cad>
          </ns3:TrackPointExtension>
        </extensions>
      </trkpt>
      <trkpt lat="31.97605476714670658111572265625" lon="118.83116905577480792999267578125">
        <ele>7.599999904632568359375</ele>
        <time>2024-06-23T11:42:57.000Z</time>
        <extensions>
          <ns3:TrackPointExtension>
            <ns3:hr>151</ns3:hr>
            <ns3:cad>86</ns3:cad>
          </ns3:TrackPointExtension>
        </extensions>
      </trkpt>
      <trkpt lat="31.97602962143719196319580078125" lon="118.83115514181554317474365234375">
        <ele>7.599999904632568359375</ele>
        <time>2024-06-23T11:42:58.000Z</time>
        <extensions>
          <ns3:TrackPointExtension>
            <ns3:hr>151</ns3:hr>
            <ns3:cad>87</ns3:cad>
          </ns3:TrackPointExtension>
        </extensions>
      </trkpt>
      <trkpt lat="31.975998021662235260009765625" lon="118.83114106021821498870849609375">
        <ele>7.599999904632568359375</ele>
        <time>2024-06-23T11:42:59.000Z</time>
        <extensions>
          <ns3:TrackPointExtension>
            <ns3:hr>151</ns3:hr>
            <ns3:cad>87</ns3:cad>
          </ns3:TrackPointExtension>
        </extensions>
      </trkpt>
      <trkpt lat="31.97596809826791286468505859375" lon="118.83112647570669651031494140625">
        <ele>7.599999904632568359375</ele>
        <time>2024-06-23T11:43:00.000Z</time>
        <extensions>
          <ns3:TrackPointExtension>
            <ns3:hr>151</ns3:hr>
            <ns3:cad>87</ns3:cad>
          </ns3:TrackPointExtension>
        </extensions>
      </trkpt>
      <trkpt lat="31.975941024720668792724609375" lon="118.83111272938549518585205078125">
        <ele>7.599999904632568359375</ele>
        <time>2024-06-23T11:43:01.000Z</time>
        <extensions>
          <ns3:TrackPointExtension>
            <ns3:hr>152</ns3:hr>
            <ns3:cad>86</ns3:cad>
          </ns3:TrackPointExtension>
        </extensions>
      </trkpt>
      <trkpt lat="31.9759143702685832977294921875" lon="118.8310994021594524383544921875">
        <ele>7.599999904632568359375</ele>
        <time>2024-06-23T11:43:02.000Z</time>
        <extensions>
          <ns3:TrackPointExtension>
            <ns3:hr>152</ns3:hr>
            <ns3:cad>86</ns3:cad>
          </ns3:TrackPointExtension>
        </extensions>
      </trkpt>
      <trkpt lat="31.9758863747119903564453125" lon="118.8310839794576168060302734375">
        <ele>7.80000019073486328125</ele>
        <time>2024-06-23T11:43:03.000Z</time>
        <extensions>
          <ns3:TrackPointExtension>
            <ns3:hr>152</ns3:hr>
            <ns3:cad>86</ns3:cad>
          </ns3:TrackPointExtension>
        </extensions>
      </trkpt>
      <trkpt lat="31.97584949433803558349609375" lon="118.83106595836579799652099609375">
        <ele>7.599999904632568359375</ele>
        <time>2024-06-23T11:43:04.000Z</time>
        <extensions>
          <ns3:TrackPointExtension>
            <ns3:hr>152</ns3:hr>
            <ns3:cad>88</ns3:cad>
          </ns3:TrackPointExtension>
        </extensions>
      </trkpt>
      <trkpt lat="31.975814290344715118408203125" lon="118.831046260893344879150390625">
        <ele>7.80000019073486328125</ele>
        <time>2024-06-23T11:43:05.000Z</time>
        <extensions>
          <ns3:TrackPointExtension>
            <ns3:hr>152</ns3:hr>
            <ns3:cad>88</ns3:cad>
          </ns3:TrackPointExtension>
        </extensions>
      </trkpt>
      <trkpt lat="31.97578319348394870758056640625" lon="118.8310286588966846466064453125">
        <ele>8</ele>
        <time>2024-06-23T11:43:06.000Z</time>
        <extensions>
          <ns3:TrackPointExtension>
            <ns3:hr>152</ns3:hr>
            <ns3:cad>88</ns3:cad>
          </ns3:TrackPointExtension>
        </extensions>
      </trkpt>
      <trkpt lat="31.97575821541249752044677734375" lon="118.83101432584226131439208984375">
        <ele>8</ele>
        <time>2024-06-23T11:43:07.000Z</time>
        <extensions>
          <ns3:TrackPointExtension>
            <ns3:hr>152</ns3:hr>
            <ns3:cad>88</ns3:cad>
          </ns3:TrackPointExtension>
        </extensions>
      </trkpt>
      <trkpt lat="31.9757292978465557098388671875" lon="118.8310011662542819976806640625">
        <ele>8.19999980926513671875</ele>
        <time>2024-06-23T11:43:08.000Z</time>
        <extensions>
          <ns3:TrackPointExtension>
            <ns3:hr>152</ns3:hr>
            <ns3:cad>88</ns3:cad>
          </ns3:TrackPointExtension>
        </extensions>
      </trkpt>
      <trkpt lat="31.9756984524428844451904296875" lon="118.83098381571471691131591796875">
        <ele>8.19999980926513671875</ele>
        <time>2024-06-23T11:43:09.000Z</time>
        <extensions>
          <ns3:TrackPointExtension>
            <ns3:hr>152</ns3:hr>
            <ns3:cad>88</ns3:cad>
          </ns3:TrackPointExtension>
        </extensions>
      </trkpt>
      <trkpt lat="31.9756729714572429656982421875" lon="118.8309713266789913177490234375">
        <ele>8.19999980926513671875</ele>
        <time>2024-06-23T11:43:10.000Z</time>
        <extensions>
          <ns3:TrackPointExtension>
            <ns3:hr>152</ns3:hr>
            <ns3:cad>88</ns3:cad>
          </ns3:TrackPointExtension>
        </extensions>
      </trkpt>
      <trkpt lat="31.975639946758747100830078125" lon="118.8309574127197265625">
        <ele>8.19999980926513671875</ele>
        <time>2024-06-23T11:43:11.000Z</time>
        <extensions>
          <ns3:TrackPointExtension>
            <ns3:hr>152</ns3:hr>
            <ns3:cad>88</ns3:cad>
          </ns3:TrackPointExtension>
        </extensions>
      </trkpt>
      <trkpt lat="31.9756082631647586822509765625" lon="118.8309434987604618072509765625">
        <ele>8.19999980926513671875</ele>
        <time>2024-06-23T11:43:12.000Z</time>
        <extensions>
          <ns3:TrackPointExtension>
            <ns3:hr>152</ns3:hr>
            <ns3:cad>88</ns3:cad>
          </ns3:TrackPointExtension>
        </extensions>
      </trkpt>
      <trkpt lat="31.97557565756142139434814453125" lon="118.83092849515378475189208984375">
        <ele>8.19999980926513671875</ele>
        <time>2024-06-23T11:43:13.000Z</time>
        <extensions>
          <ns3:TrackPointExtension>
            <ns3:hr>153</ns3:hr>
            <ns3:cad>88</ns3:cad>
          </ns3:TrackPointExtension>
        </extensions>
      </trkpt>
      <trkpt lat="31.97554883547127246856689453125" lon="118.8309176824986934661865234375">
        <ele>8.19999980926513671875</ele>
        <time>2024-06-23T11:43:14.000Z</time>
        <extensions>
          <ns3:TrackPointExtension>
            <ns3:hr>153</ns3:hr>
            <ns3:cad>87</ns3:cad>
          </ns3:TrackPointExtension>
        </extensions>
      </trkpt>
      <trkpt lat="31.9755160622298717498779296875" lon="118.8309049420058727264404296875">
        <ele>8</ele>
        <time>2024-06-23T11:43:15.000Z</time>
        <extensions>
          <ns3:TrackPointExtension>
            <ns3:hr>153</ns3:hr>
            <ns3:cad>87</ns3:cad>
          </ns3:TrackPointExtension>
        </extensions>
      </trkpt>
      <trkpt lat="31.97548815049231052398681640625" lon="118.83089044131338596343994140625">
        <ele>8</ele>
        <time>2024-06-23T11:43:16.000Z</time>
        <extensions>
          <ns3:TrackPointExtension>
            <ns3:hr>153</ns3:hr>
            <ns3:cad>87</ns3:cad>
          </ns3:TrackPointExtension>
        </extensions>
      </trkpt>
      <trkpt lat="31.97545579634606838226318359375" lon="118.83088029921054840087890625">
        <ele>8</ele>
        <time>2024-06-23T11:43:17.000Z</time>
        <extensions>
          <ns3:TrackPointExtension>
            <ns3:hr>153</ns3:hr>
            <ns3:cad>87</ns3:cad>
          </ns3:TrackPointExtension>
        </extensions>
      </trkpt>
      <trkpt lat="31.9754221849143505096435546875" lon="118.8308660499751567840576171875">
        <ele>7.80000019073486328125</ele>
        <time>2024-06-23T11:43:18.000Z</time>
        <extensions>
          <ns3:TrackPointExtension>
            <ns3:hr>153</ns3:hr>
            <ns3:cad>87</ns3:cad>
          </ns3:TrackPointExtension>
        </extensions>
      </trkpt>
      <trkpt lat="31.97538974694907665252685546875" lon="118.83085758425295352935791015625">
        <ele>7.80000019073486328125</ele>
        <time>2024-06-23T11:43:19.000Z</time>
        <extensions>
          <ns3:TrackPointExtension>
            <ns3:hr>153</ns3:hr>
            <ns3:cad>87</ns3:cad>
          </ns3:TrackPointExtension>
        </extensions>
      </trkpt>
      <trkpt lat="31.9753539562225341796875" lon="118.830847106873989105224609375">
        <ele>7.80000019073486328125</ele>
        <time>2024-06-23T11:43:20.000Z</time>
        <extensions>
          <ns3:TrackPointExtension>
            <ns3:hr>153</ns3:hr>
            <ns3:cad>87</ns3:cad>
          </ns3:TrackPointExtension>
        </extensions>
      </trkpt>
      <trkpt lat="31.9753226079046726226806640625" lon="118.8308353722095489501953125">
        <ele>7.80000019073486328125</ele>
        <time>2024-06-23T11:43:21.000Z</time>
        <extensions>
          <ns3:TrackPointExtension>
            <ns3:hr>153</ns3:hr>
            <ns3:cad>86</ns3:cad>
          </ns3:TrackPointExtension>
        </extensions>
      </trkpt>
      <trkpt lat="31.97529067285358905792236328125" lon="118.83082422427833080291748046875">
        <ele>8</ele>
        <time>2024-06-23T11:43:22.000Z</time>
        <extensions>
          <ns3:TrackPointExtension>
            <ns3:hr>153</ns3:hr>
            <ns3:cad>86</ns3:cad>
          </ns3:TrackPointExtension>
        </extensions>
      </trkpt>
      <trkpt lat="31.97525781579315662384033203125" lon="118.83080829866230487823486328125">
        <ele>8</ele>
        <time>2024-06-23T11:43:23.000Z</time>
        <extensions>
          <ns3:TrackPointExtension>
            <ns3:hr>153</ns3:hr>
            <ns3:cad>86</ns3:cad>
          </ns3:TrackPointExtension>
        </extensions>
      </trkpt>
      <trkpt lat="31.9752240367233753204345703125" lon="118.83079438470304012298583984375">
        <ele>8</ele>
        <time>2024-06-23T11:43:24.000Z</time>
        <extensions>
          <ns3:TrackPointExtension>
            <ns3:hr>153</ns3:hr>
            <ns3:cad>86</ns3:cad>
          </ns3:TrackPointExtension>
        </extensions>
      </trkpt>
      <trkpt lat="31.97519076056778430938720703125" lon="118.8307765312492847442626953125">
        <ele>8</ele>
        <time>2024-06-23T11:43:25.000Z</time>
        <extensions>
          <ns3:TrackPointExtension>
            <ns3:hr>153</ns3:hr>
            <ns3:cad>87</ns3:cad>
          </ns3:TrackPointExtension>
        </extensions>
      </trkpt>
      <trkpt lat="31.975161172449588775634765625" lon="118.8307627849280834197998046875">
        <ele>8</ele>
        <time>2024-06-23T11:43:26.000Z</time>
        <extensions>
          <ns3:TrackPointExtension>
            <ns3:hr>153</ns3:hr>
            <ns3:cad>87</ns3:cad>
          </ns3:TrackPointExtension>
        </extensions>
      </trkpt>
      <trkpt lat="31.97512923739850521087646484375" lon="118.83074476383626461029052734375">
        <ele>8</ele>
        <time>2024-06-23T11:43:27.000Z</time>
        <extensions>
          <ns3:TrackPointExtension>
            <ns3:hr>153</ns3:hr>
            <ns3:cad>87</ns3:cad>
          </ns3:TrackPointExtension>
        </extensions>
      </trkpt>
      <trkpt lat="31.975097469985485076904296875" lon="118.830731771886348724365234375">
        <ele>7.80000019073486328125</ele>
        <time>2024-06-23T11:43:28.000Z</time>
        <extensions>
          <ns3:TrackPointExtension>
            <ns3:hr>154</ns3:hr>
            <ns3:cad>86</ns3:cad>
          </ns3:TrackPointExtension>
        </extensions>
      </trkpt>
      <trkpt lat="31.97506536729633808135986328125" lon="118.8307173550128936767578125">
        <ele>7.80000019073486328125</ele>
        <time>2024-06-23T11:43:29.000Z</time>
        <extensions>
          <ns3:TrackPointExtension>
            <ns3:hr>154</ns3:hr>
            <ns3:cad>86</ns3:cad>
          </ns3:TrackPointExtension>
        </extensions>
      </trkpt>
      <trkpt lat="31.97503502480685710906982421875" lon="118.8307057879865169525146484375">
        <ele>7.80000019073486328125</ele>
        <time>2024-06-23T11:43:30.000Z</time>
        <extensions>
          <ns3:TrackPointExtension>
            <ns3:hr>154</ns3:hr>
            <ns3:cad>86</ns3:cad>
          </ns3:TrackPointExtension>
        </extensions>
      </trkpt>
      <trkpt lat="31.97499898262321949005126953125" lon="118.83068986237049102783203125">
        <ele>7.80000019073486328125</ele>
        <time>2024-06-23T11:43:31.000Z</time>
        <extensions>
          <ns3:TrackPointExtension>
            <ns3:hr>154</ns3:hr>
            <ns3:cad>87</ns3:cad>
          </ns3:TrackPointExtension>
        </extensions>
      </trkpt>
      <trkpt lat="31.9749698974192142486572265625" lon="118.83067418821156024932861328125">
        <ele>7.80000019073486328125</ele>
        <time>2024-06-23T11:43:32.000Z</time>
        <extensions>
          <ns3:TrackPointExtension>
            <ns3:hr>154</ns3:hr>
            <ns3:cad>87</ns3:cad>
          </ns3:TrackPointExtension>
        </extensions>
      </trkpt>
      <trkpt lat="31.97493595071136951446533203125" lon="118.830659687519073486328125">
        <ele>7.80000019073486328125</ele>
        <time>2024-06-23T11:43:33.000Z</time>
        <extensions>
          <ns3:TrackPointExtension>
            <ns3:hr>154</ns3:hr>
            <ns3:cad>87</ns3:cad>
          </ns3:TrackPointExtension>
        </extensions>
      </trkpt>
      <trkpt lat="31.97490560822188854217529296875" lon="118.83064267225563526153564453125">
        <ele>7.80000019073486328125</ele>
        <time>2024-06-23T11:43:34.000Z</time>
        <extensions>
          <ns3:TrackPointExtension>
            <ns3:hr>154</ns3:hr>
            <ns3:cad>87</ns3:cad>
          </ns3:TrackPointExtension>
        </extensions>
      </trkpt>
      <trkpt lat="31.97487560100853443145751953125" lon="118.83063009940087795257568359375">
        <ele>7.80000019073486328125</ele>
        <time>2024-06-23T11:43:35.000Z</time>
        <extensions>
          <ns3:TrackPointExtension>
            <ns3:hr>154</ns3:hr>
            <ns3:cad>86</ns3:cad>
          </ns3:TrackPointExtension>
        </extensions>
      </trkpt>
      <trkpt lat="31.97484140284359455108642578125" lon="118.8306142576038837432861328125">
        <ele>7.599999904632568359375</ele>
        <time>2024-06-23T11:43:36.000Z</time>
        <extensions>
          <ns3:TrackPointExtension>
            <ns3:hr>154</ns3:hr>
            <ns3:cad>87</ns3:cad>
          </ns3:TrackPointExtension>
        </extensions>
      </trkpt>
      <trkpt lat="31.97480938397347927093505859375" lon="118.83060528896749019622802734375">
        <ele>7.599999904632568359375</ele>
        <time>2024-06-23T11:43:37.000Z</time>
        <extensions>
          <ns3:TrackPointExtension>
            <ns3:hr>154</ns3:hr>
            <ns3:cad>87</ns3:cad>
          </ns3:TrackPointExtension>
        </extensions>
      </trkpt>
      <trkpt lat="31.97477552108466625213623046875" lon="118.83059204556047916412353515625">
        <ele>7.599999904632568359375</ele>
        <time>2024-06-23T11:43:38.000Z</time>
        <extensions>
          <ns3:TrackPointExtension>
            <ns3:hr>154</ns3:hr>
            <ns3:cad>87</ns3:cad>
          </ns3:TrackPointExtension>
        </extensions>
      </trkpt>
      <trkpt lat="31.97474719025194644927978515625" lon="118.83058031089603900909423828125">
        <ele>7.599999904632568359375</ele>
        <time>2024-06-23T11:43:39.000Z</time>
        <extensions>
          <ns3:TrackPointExtension>
            <ns3:hr>154</ns3:hr>
            <ns3:cad>87</ns3:cad>
          </ns3:TrackPointExtension>
        </extensions>
      </trkpt>
      <trkpt lat="31.9747157581150531768798828125" lon="118.83056907914578914642333984375">
        <ele>7.80000019073486328125</ele>
        <time>2024-06-23T11:43:40.000Z</time>
        <extensions>
          <ns3:TrackPointExtension>
            <ns3:hr>154</ns3:hr>
            <ns3:cad>86</ns3:cad>
          </ns3:TrackPointExtension>
        </extensions>
      </trkpt>
      <trkpt lat="31.97468340396881103515625" lon="118.8305518962442874908447265625">
        <ele>7.80000019073486328125</ele>
        <time>2024-06-23T11:43:41.000Z</time>
        <extensions>
          <ns3:TrackPointExtension>
            <ns3:hr>154</ns3:hr>
            <ns3:cad>86</ns3:cad>
          </ns3:TrackPointExtension>
        </extensions>
      </trkpt>
      <trkpt lat="31.974651552736759185791015625" lon="118.83053555153310298919677734375">
        <ele>7.80000019073486328125</ele>
        <time>2024-06-23T11:43:42.000Z</time>
        <extensions>
          <ns3:TrackPointExtension>
            <ns3:hr>154</ns3:hr>
            <ns3:cad>86</ns3:cad>
          </ns3:TrackPointExtension>
        </extensions>
      </trkpt>
      <trkpt lat="31.9746178574860095977783203125" lon="118.83051551878452301025390625">
        <ele>7.80000019073486328125</ele>
        <time>2024-06-23T11:43:43.000Z</time>
        <extensions>
          <ns3:TrackPointExtension>
            <ns3:hr>154</ns3:hr>
            <ns3:cad>86</ns3:cad>
          </ns3:TrackPointExtension>
        </extensions>
      </trkpt>
      <trkpt lat="31.97458483278751373291015625" lon="118.83050219155848026275634765625">
        <ele>7.80000019073486328125</ele>
        <time>2024-06-23T11:43:44.000Z</time>
        <extensions>
          <ns3:TrackPointExtension>
            <ns3:hr>154</ns3:hr>
            <ns3:cad>86</ns3:cad>
          </ns3:TrackPointExtension>
        </extensions>
      </trkpt>
      <trkpt lat="31.9745514728128910064697265625" lon="118.83048643358051776885986328125">
        <ele>7.80000019073486328125</ele>
        <time>2024-06-23T11:43:45.000Z</time>
        <extensions>
          <ns3:TrackPointExtension>
            <ns3:hr>154</ns3:hr>
            <ns3:cad>86</ns3:cad>
          </ns3:TrackPointExtension>
        </extensions>
      </trkpt>
      <trkpt lat="31.9745169393718242645263671875" lon="118.8304744474589824676513671875">
        <ele>7.80000019073486328125</ele>
        <time>2024-06-23T11:43:46.000Z</time>
        <extensions>
          <ns3:TrackPointExtension>
            <ns3:hr>154</ns3:hr>
            <ns3:cad>87</ns3:cad>
          </ns3:TrackPointExtension>
        </extensions>
      </trkpt>
      <trkpt lat="31.97448559105396270751953125" lon="118.83046380244195461273193359375">
        <ele>7.80000019073486328125</ele>
        <time>2024-06-23T11:43:47.000Z</time>
        <extensions>
          <ns3:TrackPointExtension>
            <ns3:hr>154</ns3:hr>
            <ns3:cad>87</ns3:cad>
          </ns3:TrackPointExtension>
        </extensions>
      </trkpt>
      <trkpt lat="31.97445533238351345062255859375" lon="118.8304509781301021575927734375">
        <ele>7.80000019073486328125</ele>
        <time>2024-06-23T11:43:48.000Z</time>
        <extensions>
          <ns3:TrackPointExtension>
            <ns3:hr>154</ns3:hr>
            <ns3:cad>87</ns3:cad>
          </ns3:TrackPointExtension>
        </extensions>
      </trkpt>
      <trkpt lat="31.974424235522747039794921875" lon="118.83043865673243999481201171875">
        <ele>7.80000019073486328125</ele>
        <time>2024-06-23T11:43:49.000Z</time>
        <extensions>
          <ns3:TrackPointExtension>
            <ns3:hr>154</ns3:hr>
            <ns3:cad>86</ns3:cad>
          </ns3:TrackPointExtension>
        </extensions>
      </trkpt>
      <trkpt lat="31.9743959046900272369384765625" lon="118.830423653125762939453125">
        <ele>7.80000019073486328125</ele>
        <time>2024-06-23T11:43:50.000Z</time>
        <extensions>
          <ns3:TrackPointExtension>
            <ns3:hr>154</ns3:hr>
            <ns3:cad>86</ns3:cad>
          </ns3:TrackPointExtension>
        </extensions>
      </trkpt>
      <trkpt lat="31.97436757385730743408203125" lon="118.83041401393711566925048828125">
        <ele>7.80000019073486328125</ele>
        <time>2024-06-23T11:43:51.000Z</time>
        <extensions>
          <ns3:TrackPointExtension>
            <ns3:hr>155</ns3:hr>
            <ns3:cad>86</ns3:cad>
          </ns3:TrackPointExtension>
        </extensions>
      </trkpt>
      <trkpt lat="31.97433614172041416168212890625" lon="118.8304006867110729217529296875">
        <ele>7.80000019073486328125</ele>
        <time>2024-06-23T11:43:52.000Z</time>
        <extensions>
          <ns3:TrackPointExtension>
            <ns3:hr>155</ns3:hr>
            <ns3:cad>86</ns3:cad>
          </ns3:TrackPointExtension>
        </extensions>
      </trkpt>
      <trkpt lat="31.97430588304996490478515625" lon="118.830391466617584228515625">
        <ele>7.80000019073486328125</ele>
        <time>2024-06-23T11:43:53.000Z</time>
        <extensions>
          <ns3:TrackPointExtension>
            <ns3:hr>155</ns3:hr>
            <ns3:cad>86</ns3:cad>
          </ns3:TrackPointExtension>
        </extensions>
      </trkpt>
      <trkpt lat="31.9742695055902004241943359375" lon="118.83037914521992206573486328125">
        <ele>7.80000019073486328125</ele>
        <time>2024-06-23T11:43:54.000Z</time>
        <extensions>
          <ns3:TrackPointExtension>
            <ns3:hr>155</ns3:hr>
            <ns3:cad>86</ns3:cad>
          </ns3:TrackPointExtension>
        </extensions>
      </trkpt>
      <trkpt lat="31.97423480451107025146484375" lon="118.83036841638386249542236328125">
        <ele>7.80000019073486328125</ele>
        <time>2024-06-23T11:43:55.000Z</time>
        <extensions>
          <ns3:TrackPointExtension>
            <ns3:hr>155</ns3:hr>
            <ns3:cad>86</ns3:cad>
          </ns3:TrackPointExtension>
        </extensions>
      </trkpt>
      <trkpt lat="31.9741977564990520477294921875" lon="118.83035550825297832489013671875">
        <ele>7.80000019073486328125</ele>
        <time>2024-06-23T11:43:56.000Z</time>
        <extensions>
          <ns3:TrackPointExtension>
            <ns3:hr>155</ns3:hr>
            <ns3:cad>87</ns3:cad>
          </ns3:TrackPointExtension>
        </extensions>
      </trkpt>
      <trkpt lat="31.974165402352809906005859375" lon="118.83034695871174335479736328125">
        <ele>7.80000019073486328125</ele>
        <time>2024-06-23T11:43:57.000Z</time>
        <extensions>
          <ns3:TrackPointExtension>
            <ns3:hr>155</ns3:hr>
            <ns3:cad>87</ns3:cad>
          </ns3:TrackPointExtension>
        </extensions>
      </trkpt>
      <trkpt lat="31.974133551120758056640625" lon="118.8303386606276035308837890625">
        <ele>7.80000019073486328125</ele>
        <time>2024-06-23T11:43:58.000Z</time>
        <extensions>
          <ns3:TrackPointExtension>
            <ns3:hr>155</ns3:hr>
            <ns3:cad>87</ns3:cad>
          </ns3:TrackPointExtension>
        </extensions>
      </trkpt>
      <trkpt lat="31.9741005264222621917724609375" lon="118.830326758325099945068359375">
        <ele>7.80000019073486328125</ele>
        <time>2024-06-23T11:43:59.000Z</time>
        <extensions>
          <ns3:TrackPointExtension>
            <ns3:hr>155</ns3:hr>
            <ns3:cad>87</ns3:cad>
          </ns3:TrackPointExtension>
        </extensions>
      </trkpt>
      <trkpt lat="31.9740678369998931884765625" lon="118.83031695149838924407958984375">
        <ele>8</ele>
        <time>2024-06-23T11:44:00.000Z</time>
        <extensions>
          <ns3:TrackPointExtension>
            <ns3:hr>155</ns3:hr>
            <ns3:cad>87</ns3:cad>
          </ns3:TrackPointExtension>
        </extensions>
      </trkpt>
      <trkpt lat="31.9740334711968898773193359375" lon="118.83030538447201251983642578125">
        <ele>8</ele>
        <time>2024-06-23T11:44:01.000Z</time>
        <extensions>
          <ns3:TrackPointExtension>
            <ns3:hr>155</ns3:hr>
            <ns3:cad>87</ns3:cad>
          </ns3:TrackPointExtension>
        </extensions>
      </trkpt>
      <trkpt lat="31.97400254197418689727783203125" lon="118.8302987627685070037841796875">
        <ele>8</ele>
        <time>2024-06-23T11:44:02.000Z</time>
        <extensions>
          <ns3:TrackPointExtension>
            <ns3:hr>155</ns3:hr>
            <ns3:cad>87</ns3:cad>
          </ns3:TrackPointExtension>
        </extensions>
      </trkpt>
      <trkpt lat="31.973967254161834716796875" lon="118.8302903808653354644775390625">
        <ele>8</ele>
        <time>2024-06-23T11:44:03.000Z</time>
        <extensions>
          <ns3:TrackPointExtension>
            <ns3:hr>155</ns3:hr>
            <ns3:cad>87</ns3:cad>
          </ns3:TrackPointExtension>
        </extensions>
      </trkpt>
      <trkpt lat="31.9739362411201000213623046875" lon="118.8302850164473056793212890625">
        <ele>8</ele>
        <time>2024-06-23T11:44:04.000Z</time>
        <extensions>
          <ns3:TrackPointExtension>
            <ns3:hr>155</ns3:hr>
            <ns3:cad>86</ns3:cad>
          </ns3:TrackPointExtension>
        </extensions>
      </trkpt>
      <trkpt lat="31.9739007018506526947021484375" lon="118.8302766345441341400146484375">
        <ele>8</ele>
        <time>2024-06-23T11:44:05.000Z</time>
        <extensions>
          <ns3:TrackPointExtension>
            <ns3:hr>155</ns3:hr>
            <ns3:cad>86</ns3:cad>
          </ns3:TrackPointExtension>
        </extensions>
      </trkpt>
      <trkpt lat="31.97387061081826686859130859375" lon="118.830263726413249969482421875">
        <ele>8</ele>
        <time>2024-06-23T11:44:06.000Z</time>
        <extensions>
          <ns3:TrackPointExtension>
            <ns3:hr>155</ns3:hr>
            <ns3:cad>86</ns3:cad>
          </ns3:TrackPointExtension>
        </extensions>
      </trkpt>
      <trkpt lat="31.97384194470942020416259765625" lon="118.8302548415958881378173828125">
        <ele>7.80000019073486328125</ele>
        <time>2024-06-23T11:44:07.000Z</time>
        <extensions>
          <ns3:TrackPointExtension>
            <ns3:hr>155</ns3:hr>
            <ns3:cad>86</ns3:cad>
          </ns3:TrackPointExtension>
        </extensions>
      </trkpt>
      <trkpt lat="31.973812021315097808837890625" lon="118.83024436421692371368408203125">
        <ele>7.80000019073486328125</ele>
        <time>2024-06-23T11:44:08.000Z</time>
        <extensions>
          <ns3:TrackPointExtension>
            <ns3:hr>155</ns3:hr>
            <ns3:cad>86</ns3:cad>
          </ns3:TrackPointExtension>
        </extensions>
      </trkpt>
      <trkpt lat="31.973782517015933990478515625" lon="118.8302347250282764434814453125">
        <ele>7.80000019073486328125</ele>
        <time>2024-06-23T11:44:09.000Z</time>
        <extensions>
          <ns3:TrackPointExtension>
            <ns3:hr>155</ns3:hr>
            <ns3:cad>86</ns3:cad>
          </ns3:TrackPointExtension>
        </extensions>
      </trkpt>
      <trkpt lat="31.9737468101084232330322265625" lon="118.8302216492593288421630859375">
        <ele>7.599999904632568359375</ele>
        <time>2024-06-23T11:44:10.000Z</time>
        <extensions>
          <ns3:TrackPointExtension>
            <ns3:hr>155</ns3:hr>
            <ns3:cad>86</ns3:cad>
          </ns3:TrackPointExtension>
        </extensions>
      </trkpt>
      <trkpt lat="31.97371370159089565277099609375" lon="118.83021435700356960296630859375">
        <ele>7.599999904632568359375</ele>
        <time>2024-06-23T11:44:11.000Z</time>
        <extensions>
          <ns3:TrackPointExtension>
            <ns3:hr>155</ns3:hr>
            <ns3:cad>86</ns3:cad>
          </ns3:TrackPointExtension>
        </extensions>
      </trkpt>
      <trkpt lat="31.973675228655338287353515625" lon="118.8302005268633365631103515625">
        <ele>7.599999904632568359375</ele>
        <time>2024-06-23T11:44:12.000Z</time>
        <extensions>
          <ns3:TrackPointExtension>
            <ns3:hr>155</ns3:hr>
            <ns3:cad>86</ns3:cad>
          </ns3:TrackPointExtension>
        </extensions>
      </trkpt>
      <trkpt lat="31.97364580817520618438720703125" lon="118.83019155822694301605224609375">
        <ele>7.400000095367431640625</ele>
        <time>2024-06-23T11:44:13.000Z</time>
        <extensions>
          <ns3:TrackPointExtension>
            <ns3:hr>155</ns3:hr>
            <ns3:cad>86</ns3:cad>
          </ns3:TrackPointExtension>
        </extensions>
      </trkpt>
      <trkpt lat="31.97361127473413944244384765625" lon="118.8301817514002323150634765625">
        <ele>7.19999980926513671875</ele>
        <time>2024-06-23T11:44:14.000Z</time>
        <extensions>
          <ns3:TrackPointExtension>
            <ns3:hr>155</ns3:hr>
            <ns3:cad>86</ns3:cad>
          </ns3:TrackPointExtension>
        </extensions>
      </trkpt>
      <trkpt lat="31.9735796749591827392578125" lon="118.83017110638320446014404296875">
        <ele>7.19999980926513671875</ele>
        <time>2024-06-23T11:44:15.000Z</time>
        <extensions>
          <ns3:TrackPointExtension>
            <ns3:hr>155</ns3:hr>
            <ns3:cad>86</ns3:cad>
          </ns3:TrackPointExtension>
        </extensions>
      </trkpt>
      <trkpt lat="31.97354556061327457427978515625" lon="118.83016305975615978240966796875">
        <ele>7.19999980926513671875</ele>
        <time>2024-06-23T11:44:16.000Z</time>
        <extensions>
          <ns3:TrackPointExtension>
            <ns3:hr>155</ns3:hr>
            <ns3:cad>86</ns3:cad>
          </ns3:TrackPointExtension>
        </extensions>
      </trkpt>
      <trkpt lat="31.9735111109912395477294921875" lon="118.8301509059965610504150390625">
        <ele>7.19999980926513671875</ele>
        <time>2024-06-23T11:44:17.000Z</time>
        <extensions>
          <ns3:TrackPointExtension>
            <ns3:hr>155</ns3:hr>
            <ns3:cad>87</ns3:cad>
          </ns3:TrackPointExtension>
        </extensions>
      </trkpt>
      <trkpt lat="31.97347967885434627532958984375" lon="118.83014277555048465728759765625">
        <ele>7.19999980926513671875</ele>
        <time>2024-06-23T11:44:18.000Z</time>
        <extensions>
          <ns3:TrackPointExtension>
            <ns3:hr>155</ns3:hr>
            <ns3:cad>87</ns3:cad>
          </ns3:TrackPointExtension>
        </extensions>
      </trkpt>
      <trkpt lat="31.973446905612945556640625" lon="118.83013271726667881011962890625">
        <ele>7.19999980926513671875</ele>
        <time>2024-06-23T11:44:19.000Z</time>
        <extensions>
          <ns3:TrackPointExtension>
            <ns3:hr>156</ns3:hr>
            <ns3:cad>87</ns3:cad>
          </ns3:TrackPointExtension>
        </extensions>
      </trkpt>
      <trkpt lat="31.97341430000960826873779296875" lon="118.83012584410607814788818359375">
        <ele>7.19999980926513671875</ele>
        <time>2024-06-23T11:44:20.000Z</time>
        <extensions>
          <ns3:TrackPointExtension>
            <ns3:hr>156</ns3:hr>
            <ns3:cad>87</ns3:cad>
          </ns3:TrackPointExtension>
        </extensions>
      </trkpt>
      <trkpt lat="31.97337792254984378814697265625" lon="118.83011645637452602386474609375">
        <ele>7.19999980926513671875</ele>
        <time>2024-06-23T11:44:21.000Z</time>
        <extensions>
          <ns3:TrackPointExtension>
            <ns3:hr>156</ns3:hr>
            <ns3:cad>87</ns3:cad>
          </ns3:TrackPointExtension>
        </extensions>
      </trkpt>
      <trkpt lat="31.9733485020697116851806640625" lon="118.8301116786897182464599609375">
        <ele>7.19999980926513671875</ele>
        <time>2024-06-23T11:44:22.000Z</time>
        <extensions>
          <ns3:TrackPointExtension>
            <ns3:hr>156</ns3:hr>
            <ns3:cad>87</ns3:cad>
          </ns3:TrackPointExtension>
        </extensions>
      </trkpt>
      <trkpt lat="31.97331656701862812042236328125" lon="118.83010304532945156097412109375">
        <ele>7.19999980926513671875</ele>
        <time>2024-06-23T11:44:23.000Z</time>
        <extensions>
          <ns3:TrackPointExtension>
            <ns3:hr>156</ns3:hr>
            <ns3:cad>87</ns3:cad>
          </ns3:TrackPointExtension>
        </extensions>
      </trkpt>
      <trkpt lat="31.97328840382397174835205078125" lon="118.8300962559878826141357421875">
        <ele>7.19999980926513671875</ele>
        <time>2024-06-23T11:44:24.000Z</time>
        <extensions>
          <ns3:TrackPointExtension>
            <ns3:hr>156</ns3:hr>
            <ns3:cad>87</ns3:cad>
          </ns3:TrackPointExtension>
        </extensions>
      </trkpt>
      <trkpt lat="31.97325504384934902191162109375" lon="118.83009030483663082122802734375">
        <ele>7.19999980926513671875</ele>
        <time>2024-06-23T11:44:25.000Z</time>
        <extensions>
          <ns3:TrackPointExtension>
            <ns3:hr>156</ns3:hr>
            <ns3:cad>87</ns3:cad>
          </ns3:TrackPointExtension>
        </extensions>
      </trkpt>
      <trkpt lat="31.9732231087982654571533203125" lon="118.83008477278053760528564453125">
        <ele>7.19999980926513671875</ele>
        <time>2024-06-23T11:44:26.000Z</time>
        <extensions>
          <ns3:TrackPointExtension>
            <ns3:hr>156</ns3:hr>
            <ns3:cad>87</ns3:cad>
          </ns3:TrackPointExtension>
        </extensions>
      </trkpt>
      <trkpt lat="31.97320123203098773956298828125" lon="118.8300841860473155975341796875">
        <ele>7.19999980926513671875</ele>
        <time>2024-06-23T11:44:27.000Z</time>
        <extensions>
          <ns3:TrackPointExtension>
            <ns3:hr>157</ns3:hr>
            <ns3:cad>87</ns3:cad>
          </ns3:TrackPointExtension>
        </extensions>
      </trkpt>
      <trkpt lat="31.9731701351702213287353515625" lon="118.83008058182895183563232421875">
        <ele>7.19999980926513671875</ele>
        <time>2024-06-23T11:44:28.000Z</time>
        <extensions>
          <ns3:TrackPointExtension>
            <ns3:hr>157</ns3:hr>
            <ns3:cad>86</ns3:cad>
          </ns3:TrackPointExtension>
        </extensions>
      </trkpt>
      <trkpt lat="31.97314205579459667205810546875" lon="118.8300774805247783660888671875">
        <ele>7.19999980926513671875</ele>
        <time>2024-06-23T11:44:29.000Z</time>
        <extensions>
          <ns3:TrackPointExtension>
            <ns3:hr>157</ns3:hr>
            <ns3:cad>86</ns3:cad>
          </ns3:TrackPointExtension>
        </extensions>
      </trkpt>
      <trkpt lat="31.97310827672481536865234375" lon="118.830071277916431427001953125">
        <ele>7.19999980926513671875</ele>
        <time>2024-06-23T11:44:30.000Z</time>
        <extensions>
          <ns3:TrackPointExtension>
            <ns3:hr>157</ns3:hr>
            <ns3:cad>86</ns3:cad>
          </ns3:TrackPointExtension>
        </extensions>
      </trkpt>
      <trkpt lat="31.97307877242565155029296875" lon="118.83006582967936992645263671875">
        <ele>7.19999980926513671875</ele>
        <time>2024-06-23T11:44:31.000Z</time>
        <extensions>
          <ns3:TrackPointExtension>
            <ns3:hr>157</ns3:hr>
            <ns3:cad>86</ns3:cad>
          </ns3:TrackPointExtension>
        </extensions>
      </trkpt>
      <trkpt lat="31.9730472564697265625" lon="118.83006096817553043365478515625">
        <ele>7.400000095367431640625</ele>
        <time>2024-06-23T11:44:32.000Z</time>
        <extensions>
          <ns3:TrackPointExtension>
            <ns3:hr>157</ns3:hr>
            <ns3:cad>86</ns3:cad>
          </ns3:TrackPointExtension>
        </extensions>
      </trkpt>
      <trkpt lat="31.97301708161830902099609375" lon="118.8300509937107563018798828125">
        <ele>7.400000095367431640625</ele>
        <time>2024-06-23T11:44:33.000Z</time>
        <extensions>
          <ns3:TrackPointExtension>
            <ns3:hr>157</ns3:hr>
            <ns3:cad>86</ns3:cad>
          </ns3:TrackPointExtension>
        </extensions>
      </trkpt>
      <trkpt lat="31.9729843921959400177001953125" lon="118.83004319854080677032470703125">
        <ele>7.400000095367431640625</ele>
        <time>2024-06-23T11:44:34.000Z</time>
        <extensions>
          <ns3:TrackPointExtension>
            <ns3:hr>157</ns3:hr>
            <ns3:cad>86</ns3:cad>
          </ns3:TrackPointExtension>
        </extensions>
      </trkpt>
      <trkpt lat="31.97294927202165126800537109375" lon="118.83003531955182552337646484375">
        <ele>7.400000095367431640625</ele>
        <time>2024-06-23T11:44:35.000Z</time>
        <extensions>
          <ns3:TrackPointExtension>
            <ns3:hr>157</ns3:hr>
            <ns3:cad>86</ns3:cad>
          </ns3:TrackPointExtension>
        </extensions>
      </trkpt>
      <trkpt lat="31.97291524149477481842041015625" lon="118.83003012277185916900634765625">
        <ele>7.400000095367431640625</ele>
        <time>2024-06-23T11:44:36.000Z</time>
        <extensions>
          <ns3:TrackPointExtension>
            <ns3:hr>157</ns3:hr>
            <ns3:cad>86</ns3:cad>
          </ns3:TrackPointExtension>
        </extensions>
      </trkpt>
      <trkpt lat="31.9728797860443592071533203125" lon="118.83002576418220996856689453125">
        <ele>7.400000095367431640625</ele>
        <time>2024-06-23T11:44:37.000Z</time>
        <extensions>
          <ns3:TrackPointExtension>
            <ns3:hr>157</ns3:hr>
            <ns3:cad>86</ns3:cad>
          </ns3:TrackPointExtension>
        </extensions>
      </trkpt>
      <trkpt lat="31.97285036556422710418701171875" lon="118.83002509362995624542236328125">
        <ele>7.400000095367431640625</ele>
        <time>2024-06-23T11:44:38.000Z</time>
        <extensions>
          <ns3:TrackPointExtension>
            <ns3:hr>157</ns3:hr>
            <ns3:cad>86</ns3:cad>
          </ns3:TrackPointExtension>
        </extensions>
      </trkpt>
      <trkpt lat="31.9728197716176509857177734375" lon="118.83002324961125850677490234375">
        <ele>7.400000095367431640625</ele>
        <time>2024-06-23T11:44:39.000Z</time>
        <extensions>
          <ns3:TrackPointExtension>
            <ns3:hr>157</ns3:hr>
            <ns3:cad>86</ns3:cad>
          </ns3:TrackPointExtension>
        </extensions>
      </trkpt>
      <trkpt lat="31.972789429128170013427734375" lon="118.8300204835832118988037109375">
        <ele>7.599999904632568359375</ele>
        <time>2024-06-23T11:44:40.000Z</time>
        <extensions>
          <ns3:TrackPointExtension>
            <ns3:hr>157</ns3:hr>
            <ns3:cad>86</ns3:cad>
          </ns3:TrackPointExtension>
        </extensions>
      </trkpt>
      <trkpt lat="31.9727567397058010101318359375" lon="118.83001863956451416015625">
        <ele>7.599999904632568359375</ele>
        <time>2024-06-23T11:44:41.000Z</time>
        <extensions>
          <ns3:TrackPointExtension>
            <ns3:hr>157</ns3:hr>
            <ns3:cad>86</ns3:cad>
          </ns3:TrackPointExtension>
        </extensions>
      </trkpt>
      <trkpt lat="31.97272413410246372222900390625" lon="118.8300114311277866363525390625">
        <ele>7.400000095367431640625</ele>
        <time>2024-06-23T11:44:42.000Z</time>
        <extensions>
          <ns3:TrackPointExtension>
            <ns3:hr>157</ns3:hr>
            <ns3:cad>87</ns3:cad>
          </ns3:TrackPointExtension>
        </extensions>
      </trkpt>
      <trkpt lat="31.9726933725178241729736328125" lon="118.83000615052878856658935546875">
        <ele>7.400000095367431640625</ele>
        <time>2024-06-23T11:44:43.000Z</time>
        <extensions>
          <ns3:TrackPointExtension>
            <ns3:hr>157</ns3:hr>
            <ns3:cad>87</ns3:cad>
          </ns3:TrackPointExtension>
        </extensions>
      </trkpt>
      <trkpt lat="31.972661353647708892822265625" lon="118.82999994792044162750244140625">
        <ele>7.400000095367431640625</ele>
        <time>2024-06-23T11:44:44.000Z</time>
        <extensions>
          <ns3:TrackPointExtension>
            <ns3:hr>157</ns3:hr>
            <ns3:cad>87</ns3:cad>
          </ns3:TrackPointExtension>
        </extensions>
      </trkpt>
      <trkpt lat="31.97263084352016448974609375" lon="118.82999491877853870391845703125">
        <ele>7.19999980926513671875</ele>
        <time>2024-06-23T11:44:45.000Z</time>
        <extensions>
          <ns3:TrackPointExtension>
            <ns3:hr>157</ns3:hr>
            <ns3:cad>85</ns3:cad>
          </ns3:TrackPointExtension>
        </extensions>
      </trkpt>
      <trkpt lat="31.972597651183605194091796875" lon="118.82998871617019176483154296875">
        <ele>7.19999980926513671875</ele>
        <time>2024-06-23T11:44:46.000Z</time>
        <extensions>
          <ns3:TrackPointExtension>
            <ns3:hr>157</ns3:hr>
            <ns3:cad>85</ns3:cad>
          </ns3:TrackPointExtension>
        </extensions>
      </trkpt>
      <trkpt lat="31.9725684821605682373046875" lon="118.82998318411409854888916015625">
        <ele>7</ele>
        <time>2024-06-23T11:44:47.000Z</time>
        <extensions>
          <ns3:TrackPointExtension>
            <ns3:hr>157</ns3:hr>
            <ns3:cad>85</ns3:cad>
          </ns3:TrackPointExtension>
        </extensions>
      </trkpt>
      <trkpt lat="31.9725327752530574798583984375" lon="118.82997245527803897857666015625">
        <ele>7.19999980926513671875</ele>
        <time>2024-06-23T11:44:48.000Z</time>
        <extensions>
          <ns3:TrackPointExtension>
            <ns3:hr>157</ns3:hr>
            <ns3:cad>85</ns3:cad>
          </ns3:TrackPointExtension>
        </extensions>
      </trkpt>
      <trkpt lat="31.97250234894454479217529296875" lon="118.8299661688506603240966796875">
        <ele>7</ele>
        <time>2024-06-23T11:44:49.000Z</time>
        <extensions>
          <ns3:TrackPointExtension>
            <ns3:hr>157</ns3:hr>
            <ns3:cad>85</ns3:cad>
          </ns3:TrackPointExtension>
        </extensions>
      </trkpt>
      <trkpt lat="31.97247234173119068145751953125" lon="118.82995686493813991546630859375">
        <ele>7.19999980926513671875</ele>
        <time>2024-06-23T11:44:50.000Z</time>
        <extensions>
          <ns3:TrackPointExtension>
            <ns3:hr>157</ns3:hr>
            <ns3:cad>85</ns3:cad>
          </ns3:TrackPointExtension>
        </extensions>
      </trkpt>
      <trkpt lat="31.97243931703269481658935546875" lon="118.8299494050443172454833984375">
        <ele>7.19999980926513671875</ele>
        <time>2024-06-23T11:44:51.000Z</time>
        <extensions>
          <ns3:TrackPointExtension>
            <ns3:hr>158</ns3:hr>
            <ns3:cad>85</ns3:cad>
          </ns3:TrackPointExtension>
        </extensions>
      </trkpt>
      <trkpt lat="31.97240998037159442901611328125" lon="118.8299423642456531524658203125">
        <ele>7.19999980926513671875</ele>
        <time>2024-06-23T11:44:52.000Z</time>
        <extensions>
          <ns3:TrackPointExtension>
            <ns3:hr>158</ns3:hr>
            <ns3:cad>85</ns3:cad>
          </ns3:TrackPointExtension>
        </extensions>
      </trkpt>
      <trkpt lat="31.972374357283115386962890625" lon="118.82993523962795734405517578125">
        <ele>7.19999980926513671875</ele>
        <time>2024-06-23T11:44:53.000Z</time>
        <extensions>
          <ns3:TrackPointExtension>
            <ns3:hr>158</ns3:hr>
            <ns3:cad>86</ns3:cad>
          </ns3:TrackPointExtension>
        </extensions>
      </trkpt>
      <trkpt lat="31.9723487086594104766845703125" lon="118.82993121631443500518798828125">
        <ele>7.19999980926513671875</ele>
        <time>2024-06-23T11:44:54.000Z</time>
        <extensions>
          <ns3:TrackPointExtension>
            <ns3:hr>158</ns3:hr>
            <ns3:cad>85</ns3:cad>
          </ns3:TrackPointExtension>
        </extensions>
      </trkpt>
      <trkpt lat="31.97231568396091461181640625" lon="118.829927779734134674072265625">
        <ele>7.19999980926513671875</ele>
        <time>2024-06-23T11:44:55.000Z</time>
        <extensions>
          <ns3:TrackPointExtension>
            <ns3:hr>158</ns3:hr>
            <ns3:cad>85</ns3:cad>
          </ns3:TrackPointExtension>
        </extensions>
      </trkpt>
      <trkpt lat="31.9722970761358737945556640625" lon="118.8299225829541683197021484375">
        <ele>7.19999980926513671875</ele>
        <time>2024-06-23T11:44:56.000Z</time>
        <extensions>
          <ns3:TrackPointExtension>
            <ns3:hr>158</ns3:hr>
            <ns3:cad>85</ns3:cad>
          </ns3:TrackPointExtension>
        </extensions>
      </trkpt>
      <trkpt lat="31.97229045443236827850341796875" lon="118.82992467842996120452880859375">
        <ele>7.400000095367431640625</ele>
        <time>2024-06-23T11:44:57.000Z</time>
        <extensions>
          <ns3:TrackPointExtension>
            <ns3:hr>158</ns3:hr>
            <ns3:cad>86</ns3:cad>
          </ns3:TrackPointExtension>
        </extensions>
      </trkpt>
      <trkpt lat="31.9722809828817844390869140625" lon="118.82991881109774112701416015625">
        <ele>7.599999904632568359375</ele>
        <time>2024-06-23T11:44:58.000Z</time>
        <extensions>
          <ns3:TrackPointExtension>
            <ns3:hr>158</ns3:hr>
            <ns3:cad>86</ns3:cad>
          </ns3:TrackPointExtension>
        </extensions>
      </trkpt>
      <trkpt lat="31.972270421683788299560546875" lon="118.82991394959390163421630859375">
        <ele>7.599999904632568359375</ele>
        <time>2024-06-23T11:44:59.000Z</time>
        <extensions>
          <ns3:TrackPointExtension>
            <ns3:hr>158</ns3:hr>
            <ns3:cad>86</ns3:cad>
          </ns3:TrackPointExtension>
        </extensions>
      </trkpt>
      <trkpt lat="31.9722612015902996063232421875" lon="118.8299128599464893341064453125">
        <ele>7.80000019073486328125</ele>
        <time>2024-06-23T11:45:00.000Z</time>
        <extensions>
          <ns3:TrackPointExtension>
            <ns3:hr>158</ns3:hr>
            <ns3:cad>0</ns3:cad>
          </ns3:TrackPointExtension>
        </extensions>
      </trkpt>
      <trkpt lat="31.9722541607916355133056640625" lon="118.82991210557520389556884765625">
        <ele>7.80000019073486328125</ele>
        <time>2024-06-23T11:45:01.000Z</time>
        <extensions>
          <ns3:TrackPointExtension>
            <ns3:hr>158</ns3:hr>
            <ns3:cad>0</ns3:cad>
          </ns3:TrackPointExtension>
        </extensions>
      </trkpt>
      <trkpt lat="31.97224519215524196624755859375" lon="118.829909674823284149169921875">
        <ele>7.80000019073486328125</ele>
        <time>2024-06-23T11:45:02.000Z</time>
        <extensions>
          <ns3:TrackPointExtension>
            <ns3:hr>158</ns3:hr>
            <ns3:cad>0</ns3:cad>
          </ns3:TrackPointExtension>
        </extensions>
      </trkpt>
      <trkpt lat="31.97223312221467494964599609375" lon="118.8299078308045864105224609375">
        <ele>8</ele>
        <time>2024-06-23T11:45:03.000Z</time>
        <extensions>
          <ns3:TrackPointExtension>
            <ns3:hr>158</ns3:hr>
            <ns3:cad>0</ns3:cad>
          </ns3:TrackPointExtension>
        </extensions>
      </trkpt>
      <trkpt lat="31.97222105227410793304443359375" lon="118.82990590296685695648193359375">
        <ele>8</ele>
        <time>2024-06-23T11:45:04.000Z</time>
        <extensions>
          <ns3:TrackPointExtension>
            <ns3:hr>158</ns3:hr>
            <ns3:cad>54</ns3:cad>
          </ns3:TrackPointExtension>
        </extensions>
      </trkpt>
      <trkpt lat="31.9722112454473972320556640625" lon="118.829905651509761810302734375">
        <ele>8</ele>
        <time>2024-06-23T11:45:05.000Z</time>
        <extensions>
          <ns3:TrackPointExtension>
            <ns3:hr>158</ns3:hr>
            <ns3:cad>54</ns3:cad>
          </ns3:TrackPointExtension>
        </extensions>
      </trkpt>
      <trkpt lat="31.97220009751617908477783203125" lon="118.82990590296685695648193359375">
        <ele>8</ele>
        <time>2024-06-23T11:45:06.000Z</time>
        <extensions>
          <ns3:TrackPointExtension>
            <ns3:hr>158</ns3:hr>
            <ns3:cad>53</ns3:cad>
          </ns3:TrackPointExtension>
        </extensions>
      </trkpt>
      <trkpt lat="31.972191631793975830078125" lon="118.8299054838716983795166015625">
        <ele>8</ele>
        <time>2024-06-23T11:45:07.000Z</time>
        <extensions>
          <ns3:TrackPointExtension>
            <ns3:hr>157</ns3:hr>
            <ns3:cad>52</ns3:cad>
          </ns3:TrackPointExtension>
        </extensions>
      </trkpt>
      <trkpt lat="31.97218199260532855987548828125" lon="118.82990556769073009490966796875">
        <ele>8</ele>
        <time>2024-06-23T11:45:08.000Z</time>
        <extensions>
          <ns3:TrackPointExtension>
            <ns3:hr>157</ns3:hr>
            <ns3:cad>52</ns3:cad>
          </ns3:TrackPointExtension>
        </extensions>
      </trkpt>
      <trkpt lat="31.9721710123121738433837890625" lon="118.82990456186234951019287109375">
        <ele>7.80000019073486328125</ele>
        <time>2024-06-23T11:45:09.000Z</time>
        <extensions>
          <ns3:TrackPointExtension>
            <ns3:hr>156</ns3:hr>
            <ns3:cad>52</ns3:cad>
          </ns3:TrackPointExtension>
        </extensions>
      </trkpt>
      <trkpt lat="31.9721633009612560272216796875" lon="118.8299021311104297637939453125">
        <ele>7.80000019073486328125</ele>
        <time>2024-06-23T11:45:10.000Z</time>
        <extensions>
          <ns3:TrackPointExtension>
            <ns3:hr>156</ns3:hr>
            <ns3:cad>52</ns3:cad>
          </ns3:TrackPointExtension>
        </extensions>
      </trkpt>
      <trkpt lat="31.972157768905162811279296875" lon="118.8298984430730342864990234375">
        <ele>7.80000019073486328125</ele>
        <time>2024-06-23T11:45:11.000Z</time>
        <extensions>
          <ns3:TrackPointExtension>
            <ns3:hr>156</ns3:hr>
            <ns3:cad>51</ns3:cad>
          </ns3:TrackPointExtension>
        </extensions>
      </trkpt>
      <trkpt lat="31.97214578278362751007080078125" lon="118.82989651523530483245849609375">
        <ele>7.80000019073486328125</ele>
        <time>2024-06-23T11:45:12.000Z</time>
        <extensions>
          <ns3:TrackPointExtension>
            <ns3:hr>155</ns3:hr>
            <ns3:cad>50</ns3:cad>
          </ns3:TrackPointExtension>
        </extensions>
      </trkpt>
      <trkpt lat="31.9721348024904727935791015625" lon="118.8298944197595119476318359375">
        <ele>7.80000019073486328125</ele>
        <time>2024-06-23T11:45:13.000Z</time>
        <extensions>
          <ns3:TrackPointExtension>
            <ns3:hr>155</ns3:hr>
            <ns3:cad>50</ns3:cad>
          </ns3:TrackPointExtension>
        </extensions>
      </trkpt>
      <trkpt lat="31.97212717495858669281005859375" lon="118.82989282719790935516357421875">
        <ele>7.80000019073486328125</ele>
        <time>2024-06-23T11:45:14.000Z</time>
        <extensions>
          <ns3:TrackPointExtension>
            <ns3:hr>155</ns3:hr>
            <ns3:cad>0</ns3:cad>
          </ns3:TrackPointExtension>
        </extensions>
      </trkpt>
      <trkpt lat="31.97211946360766887664794921875" lon="118.82989131845533847808837890625">
        <ele>7.80000019073486328125</ele>
        <time>2024-06-23T11:45:15.000Z</time>
        <extensions>
          <ns3:TrackPointExtension>
            <ns3:hr>157</ns3:hr>
            <ns3:cad>47</ns3:cad>
          </ns3:TrackPointExtension>
        </extensions>
      </trkpt>
      <trkpt lat="31.97211141698062419891357421875" lon="118.82988922297954559326171875">
        <ele>7.80000019073486328125</ele>
        <time>2024-06-23T11:45:16.000Z</time>
        <extensions>
          <ns3:TrackPointExtension>
            <ns3:hr>164</ns3:hr>
            <ns3:cad>47</ns3:cad>
          </ns3:TrackPointExtension>
        </extensions>
      </trkpt>
      <trkpt lat="31.97210454382002353668212890625" lon="118.82988788187503814697265625">
        <ele>7.80000019073486328125</ele>
        <time>2024-06-23T11:45:17.000Z</time>
        <extensions>
          <ns3:TrackPointExtension>
            <ns3:hr>164</ns3:hr>
            <ns3:cad>47</ns3:cad>
          </ns3:TrackPointExtension>
        </extensions>
      </trkpt>
      <trkpt lat="31.9720942340791225433349609375" lon="118.829886876046657562255859375">
        <ele>7.80000019073486328125</ele>
        <time>2024-06-23T11:45:18.000Z</time>
        <extensions>
          <ns3:TrackPointExtension>
            <ns3:hr>164</ns3:hr>
            <ns3:cad>47</ns3:cad>
          </ns3:TrackPointExtension>
        </extensions>
      </trkpt>
      <trkpt lat="31.97208635509014129638671875" lon="118.8298860378563404083251953125">
        <ele>7.80000019073486328125</ele>
        <time>2024-06-23T11:45:19.000Z</time>
        <extensions>
          <ns3:TrackPointExtension>
            <ns3:hr>163</ns3:hr>
            <ns3:cad>47</ns3:cad>
          </ns3:TrackPointExtension>
        </extensions>
      </trkpt>
      <trkpt lat="31.97207671590149402618408203125" lon="118.82988519966602325439453125">
        <ele>7.80000019073486328125</ele>
        <time>2024-06-23T11:45:20.000Z</time>
        <extensions>
          <ns3:TrackPointExtension>
            <ns3:hr>163</ns3:hr>
            <ns3:cad>47</ns3:cad>
          </ns3:TrackPointExtension>
        </extensions>
      </trkpt>
      <trkpt lat="31.97206833399832248687744140625" lon="118.82988427765667438507080078125">
        <ele>7.80000019073486328125</ele>
        <time>2024-06-23T11:45:21.000Z</time>
        <extensions>
          <ns3:TrackPointExtension>
            <ns3:hr>162</ns3:hr>
            <ns3:cad>48</ns3:cad>
          </ns3:TrackPointExtension>
        </extensions>
      </trkpt>
      <trkpt lat="31.97206229902803897857666015625" lon="118.82988310419023036956787109375">
        <ele>7.80000019073486328125</ele>
        <time>2024-06-23T11:45:22.000Z</time>
        <extensions>
          <ns3:TrackPointExtension>
            <ns3:hr>162</ns3:hr>
            <ns3:cad>48</ns3:cad>
          </ns3:TrackPointExtension>
        </extensions>
      </trkpt>
      <trkpt lat="31.9720536656677722930908203125" lon="118.8298810087144374847412109375">
        <ele>7.80000019073486328125</ele>
        <time>2024-06-23T11:45:23.000Z</time>
        <extensions>
          <ns3:TrackPointExtension>
            <ns3:hr>161</ns3:hr>
            <ns3:cad>49</ns3:cad>
          </ns3:TrackPointExtension>
        </extensions>
      </trkpt>
      <trkpt lat="31.97204478085041046142578125" lon="118.82988042198121547698974609375">
        <ele>7.80000019073486328125</ele>
        <time>2024-06-23T11:45:24.000Z</time>
        <extensions>
          <ns3:TrackPointExtension>
            <ns3:hr>161</ns3:hr>
            <ns3:cad>49</ns3:cad>
          </ns3:TrackPointExtension>
        </extensions>
      </trkpt>
      <trkpt lat="31.972038410604000091552734375" lon="118.8298769854009151458740234375">
        <ele>7.80000019073486328125</ele>
        <time>2024-06-23T11:45:25.000Z</time>
        <extensions>
          <ns3:TrackPointExtension>
            <ns3:hr>160</ns3:hr>
            <ns3:cad>50</ns3:cad>
          </ns3:TrackPointExtension>
        </extensions>
      </trkpt>
      <trkpt lat="31.97202944196760654449462890625" lon="118.82987505756318569183349609375">
        <ele>7.80000019073486328125</ele>
        <time>2024-06-23T11:45:26.000Z</time>
        <extensions>
          <ns3:TrackPointExtension>
            <ns3:hr>159</ns3:hr>
            <ns3:cad>50</ns3:cad>
          </ns3:TrackPointExtension>
        </extensions>
      </trkpt>
      <trkpt lat="31.9720191322267055511474609375" lon="118.829872794449329376220703125">
        <ele>7.599999904632568359375</ele>
        <time>2024-06-23T11:45:27.000Z</time>
        <extensions>
          <ns3:TrackPointExtension>
            <ns3:hr>158</ns3:hr>
            <ns3:cad>50</ns3:cad>
          </ns3:TrackPointExtension>
        </extensions>
      </trkpt>
      <trkpt lat="31.97200831957161426544189453125" lon="118.82987069897353649139404296875">
        <ele>7.599999904632568359375</ele>
        <time>2024-06-23T11:45:28.000Z</time>
        <extensions>
          <ns3:TrackPointExtension>
            <ns3:hr>157</ns3:hr>
            <ns3:cad>50</ns3:cad>
          </ns3:TrackPointExtension>
        </extensions>
      </trkpt>
      <trkpt lat="31.9719983451068401336669921875" lon="118.82986776530742645263671875">
        <ele>7.599999904632568359375</ele>
        <time>2024-06-23T11:45:29.000Z</time>
        <extensions>
          <ns3:TrackPointExtension>
            <ns3:hr>155</ns3:hr>
            <ns3:cad>50</ns3:cad>
          </ns3:TrackPointExtension>
        </extensions>
      </trkpt>
      <trkpt lat="31.971988789737224578857421875" lon="118.82986483164131641387939453125">
        <ele>7.599999904632568359375</ele>
        <time>2024-06-23T11:45:30.000Z</time>
        <extensions>
          <ns3:TrackPointExtension>
            <ns3:hr>154</ns3:hr>
            <ns3:cad>50</ns3:cad>
          </ns3:TrackPointExtension>
        </extensions>
      </trkpt>
      <trkpt lat="31.97197906672954559326171875" lon="118.82986131124198436737060546875">
        <ele>7.599999904632568359375</ele>
        <time>2024-06-23T11:45:31.000Z</time>
        <extensions>
          <ns3:TrackPointExtension>
            <ns3:hr>153</ns3:hr>
            <ns3:cad>50</ns3:cad>
          </ns3:TrackPointExtension>
        </extensions>
      </trkpt>
      <trkpt lat="31.97196758352220058441162109375" lon="118.82985929958522319793701171875">
        <ele>7.599999904632568359375</ele>
        <time>2024-06-23T11:45:32.000Z</time>
        <extensions>
          <ns3:TrackPointExtension>
            <ns3:hr>153</ns3:hr>
            <ns3:cad>50</ns3:cad>
          </ns3:TrackPointExtension>
        </extensions>
      </trkpt>
      <trkpt lat="31.9719574414193630218505859375" lon="118.82985997013747692108154296875">
        <ele>7.599999904632568359375</ele>
        <time>2024-06-23T11:45:33.000Z</time>
        <extensions>
          <ns3:TrackPointExtension>
            <ns3:hr>153</ns3:hr>
            <ns3:cad>50</ns3:cad>
          </ns3:TrackPointExtension>
        </extensions>
      </trkpt>
      <trkpt lat="31.97194662876427173614501953125" lon="118.82986131124198436737060546875">
        <ele>7.400000095367431640625</ele>
        <time>2024-06-23T11:45:34.000Z</time>
        <extensions>
          <ns3:TrackPointExtension>
            <ns3:hr>153</ns3:hr>
            <ns3:cad>50</ns3:cad>
          </ns3:TrackPointExtension>
        </extensions>
      </trkpt>
      <trkpt lat="31.971937157213687896728515625" lon="118.82986315526068210601806640625">
        <ele>7.400000095367431640625</ele>
        <time>2024-06-23T11:45:35.000Z</time>
        <extensions>
          <ns3:TrackPointExtension>
            <ns3:hr>153</ns3:hr>
            <ns3:cad>50</ns3:cad>
          </ns3:TrackPointExtension>
        </extensions>
      </trkpt>
      <trkpt lat="31.971928440034389495849609375" lon="118.82986131124198436737060546875">
        <ele>7.599999904632568359375</ele>
        <time>2024-06-23T11:45:36.000Z</time>
        <extensions>
          <ns3:TrackPointExtension>
            <ns3:hr>153</ns3:hr>
            <ns3:cad>50</ns3:cad>
          </ns3:TrackPointExtension>
        </extensions>
      </trkpt>
      <trkpt lat="31.971916370093822479248046875" lon="118.82986064068973064422607421875">
        <ele>7.599999904632568359375</ele>
        <time>2024-06-23T11:45:37.000Z</time>
        <extensions>
          <ns3:TrackPointExtension>
            <ns3:hr>152</ns3:hr>
            <ns3:cad>50</ns3:cad>
          </ns3:TrackPointExtension>
        </extensions>
      </trkpt>
      <trkpt lat="31.9719068147242069244384765625" lon="118.82986248470842838287353515625">
        <ele>7.599999904632568359375</ele>
        <time>2024-06-23T11:45:38.000Z</time>
        <extensions>
          <ns3:TrackPointExtension>
            <ns3:hr>151</ns3:hr>
            <ns3:cad>50</ns3:cad>
          </ns3:TrackPointExtension>
        </extensions>
      </trkpt>
      <trkpt lat="31.97189432568848133087158203125" lon="118.82986097596585750579833984375">
        <ele>7.599999904632568359375</ele>
        <time>2024-06-23T11:45:39.000Z</time>
        <extensions>
          <ns3:TrackPointExtension>
            <ns3:hr>150</ns3:hr>
            <ns3:cad>50</ns3:cad>
          </ns3:TrackPointExtension>
        </extensions>
      </trkpt>
      <trkpt lat="31.9718830101191997528076171875" lon="118.8298605568706989288330078125">
        <ele>8</ele>
        <time>2024-06-23T11:45:40.000Z</time>
        <extensions>
          <ns3:TrackPointExtension>
            <ns3:hr>150</ns3:hr>
            <ns3:cad>50</ns3:cad>
          </ns3:TrackPointExtension>
        </extensions>
      </trkpt>
      <trkpt lat="31.9718737900257110595703125" lon="118.8298590481281280517578125">
        <ele>8</ele>
        <time>2024-06-23T11:45:41.000Z</time>
        <extensions>
          <ns3:TrackPointExtension>
            <ns3:hr>149</ns3:hr>
            <ns3:cad>49</ns3:cad>
          </ns3:TrackPointExtension>
        </extensions>
      </trkpt>
      <trkpt lat="31.97186348028481006622314453125" lon="118.82985510863363742828369140625">
        <ele>8.19999980926513671875</ele>
        <time>2024-06-23T11:45:42.000Z</time>
        <extensions>
          <ns3:TrackPointExtension>
            <ns3:hr>149</ns3:hr>
            <ns3:cad>49</ns3:cad>
          </ns3:TrackPointExtension>
        </extensions>
      </trkpt>
      <trkpt lat="31.97185275144875049591064453125" lon="118.829849660396575927734375">
        <ele>8.19999980926513671875</ele>
        <time>2024-06-23T11:45:43.000Z</time>
        <extensions>
          <ns3:TrackPointExtension>
            <ns3:hr>149</ns3:hr>
            <ns3:cad>50</ns3:cad>
          </ns3:TrackPointExtension>
        </extensions>
      </trkpt>
      <trkpt lat="31.9718444533646106719970703125" lon="118.8298464752733707427978515625">
        <ele>8.19999980926513671875</ele>
        <time>2024-06-23T11:45:44.000Z</time>
        <extensions>
          <ns3:TrackPointExtension>
            <ns3:hr>149</ns3:hr>
            <ns3:cad>51</ns3:cad>
          </ns3:TrackPointExtension>
        </extensions>
      </trkpt>
      <trkpt lat="31.97183397598564624786376953125" lon="118.8298447988927364349365234375">
        <ele>8.19999980926513671875</ele>
        <time>2024-06-23T11:45:45.000Z</time>
        <extensions>
          <ns3:TrackPointExtension>
            <ns3:hr>150</ns3:hr>
            <ns3:cad>51</ns3:cad>
          </ns3:TrackPointExtension>
        </extensions>
      </trkpt>
      <trkpt lat="31.97182349860668182373046875" lon="118.82984203286468982696533203125">
        <ele>8</ele>
        <time>2024-06-23T11:45:46.000Z</time>
        <extensions>
          <ns3:TrackPointExtension>
            <ns3:hr>153</ns3:hr>
            <ns3:cad>51</ns3:cad>
          </ns3:TrackPointExtension>
        </extensions>
      </trkpt>
      <trkpt lat="31.97181184776127338409423828125" lon="118.8298417814075946807861328125">
        <ele>8</ele>
        <time>2024-06-23T11:45:47.000Z</time>
        <extensions>
          <ns3:TrackPointExtension>
            <ns3:hr>153</ns3:hr>
            <ns3:cad>51</ns3:cad>
          </ns3:TrackPointExtension>
        </extensions>
      </trkpt>
      <trkpt lat="31.97180799208581447601318359375" lon="118.82984220050275325775146484375">
        <ele>7.80000019073486328125</ele>
        <time>2024-06-23T11:45:48.000Z</time>
        <extensions>
          <ns3:TrackPointExtension>
            <ns3:hr>154</ns3:hr>
            <ns3:cad>51</ns3:cad>
          </ns3:TrackPointExtension>
        </extensions>
      </trkpt>
      <trkpt lat="31.97181017138063907623291015625" lon="118.82984488271176815032958984375">
        <ele>7.80000019073486328125</ele>
        <time>2024-06-23T11:45:49.000Z</time>
        <extensions>
          <ns3:TrackPointExtension>
            <ns3:hr>154</ns3:hr>
            <ns3:cad>51</ns3:cad>
          </ns3:TrackPointExtension>
        </extensions>
      </trkpt>
      <trkpt lat="31.97182022966444492340087890625" lon="118.829847313463687896728515625">
        <ele>7.80000019073486328125</ele>
        <time>2024-06-23T11:45:50.000Z</time>
        <extensions>
          <ns3:TrackPointExtension>
            <ns3:hr>154</ns3:hr>
            <ns3:cad>51</ns3:cad>
          </ns3:TrackPointExtension>
        </extensions>
      </trkpt>
      <trkpt lat="31.97183162905275821685791015625" lon="118.8298483192920684814453125">
        <ele>7.80000019073486328125</ele>
        <time>2024-06-23T11:45:51.000Z</time>
        <extensions>
          <ns3:TrackPointExtension>
            <ns3:hr>154</ns3:hr>
            <ns3:cad>51</ns3:cad>
          </ns3:TrackPointExtension>
        </extensions>
      </trkpt>
      <trkpt lat="31.971840597689151763916015625" lon="118.82984790019690990447998046875">
        <ele>7.80000019073486328125</ele>
        <time>2024-06-23T11:45:52.000Z</time>
        <extensions>
          <ns3:TrackPointExtension>
            <ns3:hr>151</ns3:hr>
            <ns3:cad>51</ns3:cad>
          </ns3:TrackPointExtension>
        </extensions>
      </trkpt>
      <trkpt lat="31.9718511588871479034423828125" lon="118.82984957657754421234130859375">
        <ele>7.80000019073486328125</ele>
        <time>2024-06-23T11:45:53.000Z</time>
        <extensions>
          <ns3:TrackPointExtension>
            <ns3:hr>148</ns3:hr>
            <ns3:cad>51</ns3:cad>
          </ns3:TrackPointExtension>
        </extensions>
      </trkpt>
      <trkpt lat="31.97185702621936798095703125" lon="118.82985058240592479705810546875">
        <ele>7.80000019073486328125</ele>
        <time>2024-06-23T11:45:54.000Z</time>
        <extensions>
          <ns3:TrackPointExtension>
            <ns3:hr>148</ns3:hr>
            <ns3:cad>51</ns3:cad>
          </ns3:TrackPointExtension>
        </extensions>
      </trkpt>
      <trkpt lat="31.971867084503173828125" lon="118.8298504985868930816650390625">
        <ele>7.599999904632568359375</ele>
        <time>2024-06-23T11:45:55.000Z</time>
        <extensions>
          <ns3:TrackPointExtension>
            <ns3:hr>145</ns3:hr>
            <ns3:cad>51</ns3:cad>
          </ns3:TrackPointExtension>
        </extensions>
      </trkpt>
      <trkpt lat="31.971879489719867706298828125" lon="118.82985301315784454345703125">
        <ele>7.599999904632568359375</ele>
        <time>2024-06-23T11:45:56.000Z</time>
        <extensions>
          <ns3:TrackPointExtension>
            <ns3:hr>140</ns3:hr>
            <ns3:cad>51</ns3:cad>
          </ns3:TrackPointExtension>
        </extensions>
      </trkpt>
      <trkpt lat="31.97189030237495899200439453125" lon="118.8298531807959079742431640625">
        <ele>7.599999904632568359375</ele>
        <time>2024-06-23T11:45:57.000Z</time>
        <extensions>
          <ns3:TrackPointExtension>
            <ns3:hr>132</ns3:hr>
            <ns3:cad>51</ns3:cad>
          </ns3:TrackPointExtension>
        </extensions>
      </trkpt>
      <trkpt lat="31.9719006121158599853515625" lon="118.82985594682395458221435546875">
        <ele>7.599999904632568359375</ele>
        <time>2024-06-23T11:45:58.000Z</time>
        <extensions>
          <ns3:TrackPointExtension>
            <ns3:hr>127</ns3:hr>
            <ns3:cad>52</ns3:cad>
          </ns3:TrackPointExtension>
        </extensions>
      </trkpt>
      <trkpt lat="31.97191092185676097869873046875" lon="118.829860053956508636474609375">
        <ele>7.599999904632568359375</ele>
        <time>2024-06-23T11:45:59.000Z</time>
        <extensions>
          <ns3:TrackPointExtension>
            <ns3:hr>125</ns3:hr>
            <ns3:cad>52</ns3:cad>
          </ns3:TrackPointExtension>
        </extensions>
      </trkpt>
      <trkpt lat="31.97192416526377201080322265625" lon="118.8298644125461578369140625">
        <ele>7.599999904632568359375</ele>
        <time>2024-06-23T11:46:00.000Z</time>
        <extensions>
          <ns3:TrackPointExtension>
            <ns3:hr>125</ns3:hr>
            <ns3:cad>53</ns3:cad>
          </ns3:TrackPointExtension>
        </extensions>
      </trkpt>
      <trkpt lat="31.9719369895756244659423828125" lon="118.82986667566001415252685546875">
        <ele>7.599999904632568359375</ele>
        <time>2024-06-23T11:46:01.000Z</time>
        <extensions>
          <ns3:TrackPointExtension>
            <ns3:hr>125</ns3:hr>
            <ns3:cad>53</ns3:cad>
          </ns3:TrackPointExtension>
        </extensions>
      </trkpt>
      <trkpt lat="31.97194796986877918243408203125" lon="118.82987086661159992218017578125">
        <ele>7.599999904632568359375</ele>
        <time>2024-06-23T11:46:02.000Z</time>
        <extensions>
          <ns3:TrackPointExtension>
            <ns3:hr>124</ns3:hr>
            <ns3:cad>53</ns3:cad>
          </ns3:TrackPointExtension>
        </extensions>
      </trkpt>
      <trkpt lat="31.97195827960968017578125" lon="118.82987388409674167633056640625">
        <ele>7.599999904632568359375</ele>
        <time>2024-06-23T11:46:03.000Z</time>
        <extensions>
          <ns3:TrackPointExtension>
            <ns3:hr>124</ns3:hr>
            <ns3:cad>53</ns3:cad>
          </ns3:TrackPointExtension>
        </extensions>
      </trkpt>
      <trkpt lat="31.9719698466360569000244140625" lon="118.82987639866769313812255859375">
        <ele>7.599999904632568359375</ele>
        <time>2024-06-23T11:46:04.000Z</time>
        <extensions>
          <ns3:TrackPointExtension>
            <ns3:hr>123</ns3:hr>
            <ns3:cad>53</ns3:cad>
          </ns3:TrackPointExtension>
        </extensions>
      </trkpt>
      <trkpt lat="31.97197948582470417022705078125" lon="118.82987849414348602294921875">
        <ele>7.599999904632568359375</ele>
        <time>2024-06-23T11:46:05.000Z</time>
        <extensions>
          <ns3:TrackPointExtension>
            <ns3:hr>123</ns3:hr>
            <ns3:cad>53</ns3:cad>
          </ns3:TrackPointExtension>
        </extensions>
      </trkpt>
      <trkpt lat="31.9719889573752880096435546875" lon="118.829881511628627777099609375">
        <ele>7.599999904632568359375</ele>
        <time>2024-06-23T11:46:06.000Z</time>
        <extensions>
          <ns3:TrackPointExtension>
            <ns3:hr>121</ns3:hr>
            <ns3:cad>53</ns3:cad>
          </ns3:TrackPointExtension>
        </extensions>
      </trkpt>
      <trkpt lat="31.9719966687262058258056640625" lon="118.8298831880092620849609375">
        <ele>7.599999904632568359375</ele>
        <time>2024-06-23T11:46:07.000Z</time>
        <extensions>
          <ns3:TrackPointExtension>
            <ns3:hr>120</ns3:hr>
            <ns3:cad>53</ns3:cad>
          </ns3:TrackPointExtension>
        </extensions>
      </trkpt>
      <trkpt lat="31.97200588881969451904296875" lon="118.82988276891410350799560546875">
        <ele>7.599999904632568359375</ele>
        <time>2024-06-23T11:46:08.000Z</time>
        <extensions>
          <ns3:TrackPointExtension>
            <ns3:hr>119</ns3:hr>
            <ns3:cad>53</ns3:cad>
          </ns3:TrackPointExtension>
        </extensions>
      </trkpt>
      <trkpt lat="31.97201485745608806610107421875" lon="118.82988394238054752349853515625">
        <ele>7.599999904632568359375</ele>
        <time>2024-06-23T11:46:09.000Z</time>
        <extensions>
          <ns3:TrackPointExtension>
            <ns3:hr>118</ns3:hr>
            <ns3:cad>52</ns3:cad>
          </ns3:TrackPointExtension>
        </extensions>
      </trkpt>
      <trkpt lat="31.9720228202641010284423828125" lon="118.82988654077053070068359375">
        <ele>7.599999904632568359375</ele>
        <time>2024-06-23T11:46:10.000Z</time>
        <extensions>
          <ns3:TrackPointExtension>
            <ns3:hr>117</ns3:hr>
            <ns3:cad>51</ns3:cad>
          </ns3:TrackPointExtension>
        </extensions>
      </trkpt>
      <trkpt lat="31.9720312021672725677490234375" lon="118.82988922297954559326171875">
        <ele>7.599999904632568359375</ele>
        <time>2024-06-23T11:46:11.000Z</time>
        <extensions>
          <ns3:TrackPointExtension>
            <ns3:hr>117</ns3:hr>
            <ns3:cad>52</ns3:cad>
          </ns3:TrackPointExtension>
        </extensions>
      </trkpt>
      <trkpt lat="31.97204151190817356109619140625" lon="118.82989148609340190887451171875">
        <ele>7.599999904632568359375</ele>
        <time>2024-06-23T11:46:12.000Z</time>
        <extensions>
          <ns3:TrackPointExtension>
            <ns3:hr>117</ns3:hr>
            <ns3:cad>51</ns3:cad>
          </ns3:TrackPointExtension>
        </extensions>
      </trkpt>
      <trkpt lat="31.9720519892871379852294921875" lon="118.829892575740814208984375">
        <ele>7.599999904632568359375</ele>
        <time>2024-06-23T11:46:13.000Z</time>
        <extensions>
          <ns3:TrackPointExtension>
            <ns3:hr>117</ns3:hr>
            <ns3:cad>51</ns3:cad>
          </ns3:TrackPointExtension>
        </extensions>
      </trkpt>
      <trkpt lat="31.97206196375191211700439453125" lon="118.82989483885467052459716796875">
        <ele>7.599999904632568359375</ele>
        <time>2024-06-23T11:46:14.000Z</time>
        <extensions>
          <ns3:TrackPointExtension>
            <ns3:hr>117</ns3:hr>
            <ns3:cad>51</ns3:cad>
          </ns3:TrackPointExtension>
        </extensions>
      </trkpt>
      <trkpt lat="31.972070597112178802490234375" lon="118.829897940158843994140625">
        <ele>7.599999904632568359375</ele>
        <time>2024-06-23T11:46:15.000Z</time>
        <extensions>
          <ns3:TrackPointExtension>
            <ns3:hr>117</ns3:hr>
            <ns3:cad>51</ns3:cad>
          </ns3:TrackPointExtension>
        </extensions>
      </trkpt>
      <trkpt lat="31.97208107449114322662353515625" lon="118.82990087382495403289794921875">
        <ele>7.599999904632568359375</ele>
        <time>2024-06-23T11:46:16.000Z</time>
        <extensions>
          <ns3:TrackPointExtension>
            <ns3:hr>117</ns3:hr>
            <ns3:cad>51</ns3:cad>
          </ns3:TrackPointExtension>
        </extensions>
      </trkpt>
      <trkpt lat="31.97209264151751995086669921875" lon="118.8299017958343029022216796875">
        <ele>7.599999904632568359375</ele>
        <time>2024-06-23T11:46:17.000Z</time>
        <extensions>
          <ns3:TrackPointExtension>
            <ns3:hr>117</ns3:hr>
            <ns3:cad>52</ns3:cad>
          </ns3:TrackPointExtension>
        </extensions>
      </trkpt>
      <trkpt lat="31.9721012748777866363525390625" lon="118.82990120910108089447021484375">
        <ele>7.599999904632568359375</ele>
        <time>2024-06-23T11:46:18.000Z</time>
        <extensions>
          <ns3:TrackPointExtension>
            <ns3:hr>117</ns3:hr>
            <ns3:cad>51</ns3:cad>
          </ns3:TrackPointExtension>
        </extensions>
      </trkpt>
      <trkpt lat="31.972111500799655914306640625" lon="118.82990338839590549468994140625">
        <ele>7.599999904632568359375</ele>
        <time>2024-06-23T11:46:19.000Z</time>
        <extensions>
          <ns3:TrackPointExtension>
            <ns3:hr>117</ns3:hr>
            <ns3:cad>51</ns3:cad>
          </ns3:TrackPointExtension>
        </extensions>
      </trkpt>
      <trkpt lat="31.97211979888379573822021484375" lon="118.82990573532879352569580078125">
        <ele>7.599999904632568359375</ele>
        <time>2024-06-23T11:46:20.000Z</time>
        <extensions>
          <ns3:TrackPointExtension>
            <ns3:hr>116</ns3:hr>
            <ns3:cad>51</ns3:cad>
          </ns3:TrackPointExtension>
        </extensions>
      </trkpt>
      <trkpt lat="31.9721270911395549774169921875" lon="118.82990590296685695648193359375">
        <ele>7.599999904632568359375</ele>
        <time>2024-06-23T11:46:21.000Z</time>
        <extensions>
          <ns3:TrackPointExtension>
            <ns3:hr>116</ns3:hr>
            <ns3:cad>51</ns3:cad>
          </ns3:TrackPointExtension>
        </extensions>
      </trkpt>
      <trkpt lat="31.97213589213788509368896484375" lon="118.82990623824298381805419921875">
        <ele>7.599999904632568359375</ele>
        <time>2024-06-23T11:46:22.000Z</time>
        <extensions>
          <ns3:TrackPointExtension>
            <ns3:hr>116</ns3:hr>
            <ns3:cad>51</ns3:cad>
          </ns3:TrackPointExtension>
        </extensions>
      </trkpt>
      <trkpt lat="31.97214444167912006378173828125" lon="118.82990757934749126434326171875">
        <ele>7.599999904632568359375</ele>
        <time>2024-06-23T11:46:23.000Z</time>
        <extensions>
          <ns3:TrackPointExtension>
            <ns3:hr>115</ns3:hr>
            <ns3:cad>51</ns3:cad>
          </ns3:TrackPointExtension>
        </extensions>
      </trkpt>
      <trkpt lat="31.97215332649648189544677734375" lon="118.82990875281393527984619140625">
        <ele>7.599999904632568359375</ele>
        <time>2024-06-23T11:46:24.000Z</time>
        <extensions>
          <ns3:TrackPointExtension>
            <ns3:hr>115</ns3:hr>
            <ns3:cad>51</ns3:cad>
          </ns3:TrackPointExtension>
        </extensions>
      </trkpt>
      <trkpt lat="31.97216304950416088104248046875" lon="118.82990992628037929534912109375">
        <ele>7.599999904632568359375</ele>
        <time>2024-06-23T11:46:25.000Z</time>
        <extensions>
          <ns3:TrackPointExtension>
            <ns3:hr>115</ns3:hr>
            <ns3:cad>51</ns3:cad>
          </ns3:TrackPointExtension>
        </extensions>
      </trkpt>
      <trkpt lat="31.97217092849314212799072265625" lon="118.8299101777374744415283203125">
        <ele>7.599999904632568359375</ele>
        <time>2024-06-23T11:46:26.000Z</time>
        <extensions>
          <ns3:TrackPointExtension>
            <ns3:hr>114</ns3:hr>
            <ns3:cad>51</ns3:cad>
          </ns3:TrackPointExtension>
        </extensions>
      </trkpt>
      <trkpt lat="31.97218266315758228302001953125" lon="118.8299073278903961181640625">
        <ele>7.599999904632568359375</ele>
        <time>2024-06-23T11:46:27.000Z</time>
        <extensions>
          <ns3:TrackPointExtension>
            <ns3:hr>114</ns3:hr>
            <ns3:cad>51</ns3:cad>
          </ns3:TrackPointExtension>
        </extensions>
      </trkpt>
      <trkpt lat="31.9721958227455615997314453125" lon="118.82990925572812557220458984375">
        <ele>7.599999904632568359375</ele>
        <time>2024-06-23T11:46:28.000Z</time>
        <extensions>
          <ns3:TrackPointExtension>
            <ns3:hr>114</ns3:hr>
            <ns3:cad>51</ns3:cad>
          </ns3:TrackPointExtension>
        </extensions>
      </trkpt>
      <trkpt lat="31.97221065871417522430419921875" lon="118.8299138657748699188232421875">
        <ele>7.599999904632568359375</ele>
        <time>2024-06-23T11:46:29.000Z</time>
        <extensions>
          <ns3:TrackPointExtension>
            <ns3:hr>113</ns3:hr>
            <ns3:cad>51</ns3:cad>
          </ns3:TrackPointExtension>
        </extensions>
      </trkpt>
      <trkpt lat="31.97222121991217136383056640625" lon="118.82991294376552104949951171875">
        <ele>7.400000095367431640625</ele>
        <time>2024-06-23T11:46:30.000Z</time>
        <extensions>
          <ns3:TrackPointExtension>
            <ns3:hr>112</ns3:hr>
            <ns3:cad>51</ns3:cad>
          </ns3:TrackPointExtension>
        </extensions>
      </trkpt>
      <trkpt lat="31.97223119437694549560546875" lon="118.8299126923084259033203125">
        <ele>7.400000095367431640625</ele>
        <time>2024-06-23T11:46:31.000Z</time>
        <extensions>
          <ns3:TrackPointExtension>
            <ns3:hr>111</ns3:hr>
            <ns3:cad>51</ns3:cad>
          </ns3:TrackPointExtension>
        </extensions>
      </trkpt>
      <trkpt lat="31.97224284522235393524169921875" lon="118.82991344667971134185791015625">
        <ele>7.400000095367431640625</ele>
        <time>2024-06-23T11:46:32.000Z</time>
        <extensions>
          <ns3:TrackPointExtension>
            <ns3:hr>111</ns3:hr>
            <ns3:cad>51</ns3:cad>
          </ns3:TrackPointExtension>
        </extensions>
      </trkpt>
      <trkpt lat="31.9722538255155086517333984375" lon="118.82991227321326732635498046875">
        <ele>7.400000095367431640625</ele>
        <time>2024-06-23T11:46:33.000Z</time>
        <extensions>
          <ns3:TrackPointExtension>
            <ns3:hr>110</ns3:hr>
            <ns3:cad>51</ns3:cad>
          </ns3:TrackPointExtension>
        </extensions>
      </trkpt>
      <trkpt lat="31.9722632132470607757568359375" lon="118.829914033412933349609375">
        <ele>7.400000095367431640625</ele>
        <time>2024-06-23T11:46:34.000Z</time>
        <extensions>
          <ns3:TrackPointExtension>
            <ns3:hr>109</ns3:hr>
            <ns3:cad>51</ns3:cad>
          </ns3:TrackPointExtension>
        </extensions>
      </trkpt>
      <trkpt lat="31.972273103892803192138671875" lon="118.82991529069840908050537109375">
        <ele>7.400000095367431640625</ele>
        <time>2024-06-23T11:46:35.000Z</time>
        <extensions>
          <ns3:TrackPointExtension>
            <ns3:hr>108</ns3:hr>
            <ns3:cad>51</ns3:cad>
          </ns3:TrackPointExtension>
        </extensions>
      </trkpt>
      <trkpt lat="31.97228408418595790863037109375" lon="118.82991780526936054229736328125">
        <ele>7.400000095367431640625</ele>
        <time>2024-06-23T11:46:36.000Z</time>
        <extensions>
          <ns3:TrackPointExtension>
            <ns3:hr>107</ns3:hr>
            <ns3:cad>51</ns3:cad>
          </ns3:TrackPointExtension>
        </extensions>
      </trkpt>
      <trkpt lat="31.972295232117176055908203125" lon="118.82992208003997802734375">
        <ele>7.400000095367431640625</ele>
        <time>2024-06-23T11:46:37.000Z</time>
        <extensions>
          <ns3:TrackPointExtension>
            <ns3:hr>106</ns3:hr>
            <ns3:cad>52</ns3:cad>
          </ns3:TrackPointExtension>
        </extensions>
      </trkpt>
      <trkpt lat="31.972304619848728179931640625" lon="118.8299249298870563507080078125">
        <ele>7.400000095367431640625</ele>
        <time>2024-06-23T11:46:38.000Z</time>
        <extensions>
          <ns3:TrackPointExtension>
            <ns3:hr>107</ns3:hr>
            <ns3:cad>52</ns3:cad>
          </ns3:TrackPointExtension>
        </extensions>
      </trkpt>
      <trkpt lat="31.97231660597026348114013671875" lon="118.8299249298870563507080078125">
        <ele>7.400000095367431640625</ele>
        <time>2024-06-23T11:46:39.000Z</time>
        <extensions>
          <ns3:TrackPointExtension>
            <ns3:hr>109</ns3:hr>
            <ns3:cad>53</ns3:cad>
          </ns3:TrackPointExtension>
        </extensions>
      </trkpt>
      <trkpt lat="31.97232699953019618988037109375" lon="118.829925768077373504638671875">
        <ele>7.400000095367431640625</ele>
        <time>2024-06-23T11:46:40.000Z</time>
        <extensions>
          <ns3:TrackPointExtension>
            <ns3:hr>111</ns3:hr>
            <ns3:cad>53</ns3:cad>
          </ns3:TrackPointExtension>
        </extensions>
      </trkpt>
      <trkpt lat="31.9723389856517314910888671875" lon="118.82992752827703952789306640625">
        <ele>7.400000095367431640625</ele>
        <time>2024-06-23T11:46:41.000Z</time>
        <extensions>
          <ns3:TrackPointExtension>
            <ns3:hr>111</ns3:hr>
            <ns3:cad>53</ns3:cad>
          </ns3:TrackPointExtension>
        </extensions>
      </trkpt>
      <trkpt lat="31.972346194088459014892578125" lon="118.8299242593348026275634765625">
        <ele>7.400000095367431640625</ele>
        <time>2024-06-23T11:46:42.000Z</time>
        <extensions>
          <ns3:TrackPointExtension>
            <ns3:hr>110</ns3:hr>
            <ns3:cad>53</ns3:cad>
          </ns3:TrackPointExtension>
        </extensions>
      </trkpt>
      <trkpt lat="31.97235650382936000823974609375" lon="118.82992736063897609710693359375">
        <ele>7.400000095367431640625</ele>
        <time>2024-06-23T11:46:43.000Z</time>
        <extensions>
          <ns3:TrackPointExtension>
            <ns3:hr>110</ns3:hr>
            <ns3:cad>53</ns3:cad>
          </ns3:TrackPointExtension>
        </extensions>
      </trkpt>
      <trkpt lat="31.972366981208324432373046875" lon="118.82992752827703952789306640625">
        <ele>7.400000095367431640625</ele>
        <time>2024-06-23T11:46:44.000Z</time>
        <extensions>
          <ns3:TrackPointExtension>
            <ns3:hr>109</ns3:hr>
            <ns3:cad>53</ns3:cad>
          </ns3:TrackPointExtension>
        </extensions>
      </trkpt>
      <trkpt lat="31.97237930260598659515380859375" lon="118.82992953993380069732666015625">
        <ele>7.19999980926513671875</ele>
        <time>2024-06-23T11:46:45.000Z</time>
        <extensions>
          <ns3:TrackPointExtension>
            <ns3:hr>109</ns3:hr>
            <ns3:cad>53</ns3:cad>
          </ns3:TrackPointExtension>
        </extensions>
      </trkpt>
      <trkpt lat="31.97238902561366558074951171875" lon="118.82993423379957675933837890625">
        <ele>7.19999980926513671875</ele>
        <time>2024-06-23T11:46:46.000Z</time>
        <extensions>
          <ns3:TrackPointExtension>
            <ns3:hr>108</ns3:hr>
            <ns3:cad>0</ns3:cad>
          </ns3:TrackPointExtension>
        </extensions>
      </trkpt>
      <trkpt lat="31.97239925153553485870361328125" lon="118.829938508570194244384765625">
        <ele>7.19999980926513671875</ele>
        <time>2024-06-23T11:46:47.000Z</time>
        <extensions>
          <ns3:TrackPointExtension>
            <ns3:hr>108</ns3:hr>
            <ns3:cad>0</ns3:cad>
          </ns3:TrackPointExtension>
        </extensions>
      </trkpt>
      <trkpt lat="31.97240863926708698272705078125" lon="118.82994345389306545257568359375">
        <ele>7.400000095367431640625</ele>
        <time>2024-06-23T11:46:48.000Z</time>
        <extensions>
          <ns3:TrackPointExtension>
            <ns3:hr>108</ns3:hr>
            <ns3:cad>0</ns3:cad>
          </ns3:TrackPointExtension>
        </extensions>
      </trkpt>
      <trkpt lat="31.9724177755415439605712890625" lon="118.8299463875591754913330078125">
        <ele>7.400000095367431640625</ele>
        <time>2024-06-23T11:46:49.000Z</time>
        <extensions>
          <ns3:TrackPointExtension>
            <ns3:hr>107</ns3:hr>
            <ns3:cad>51</ns3:cad>
          </ns3:TrackPointExtension>
        </extensions>
      </trkpt>
      <trkpt lat="31.97242431342601776123046875" lon="118.829948566854000091552734375">
        <ele>7.599999904632568359375</ele>
        <time>2024-06-23T11:46:50.000Z</time>
        <extensions>
          <ns3:TrackPointExtension>
            <ns3:hr>107</ns3:hr>
            <ns3:cad>52</ns3:cad>
          </ns3:TrackPointExtension>
        </extensions>
      </trkpt>
      <trkpt lat="31.9724338687956333160400390625" lon="118.82995032705366611480712890625">
        <ele>7.599999904632568359375</ele>
        <time>2024-06-23T11:46:51.000Z</time>
        <extensions>
          <ns3:TrackPointExtension>
            <ns3:hr>107</ns3:hr>
            <ns3:cad>52</ns3:cad>
          </ns3:TrackPointExtension>
        </extensions>
      </trkpt>
      <trkpt lat="31.972445435822010040283203125" lon="118.8299520872533321380615234375">
        <ele>7.599999904632568359375</ele>
        <time>2024-06-23T11:46:52.000Z</time>
        <extensions>
          <ns3:TrackPointExtension>
            <ns3:hr>107</ns3:hr>
            <ns3:cad>52</ns3:cad>
          </ns3:TrackPointExtension>
        </extensions>
      </trkpt>
      <trkpt lat="31.97245792485773563385009765625" lon="118.8299544341862201690673828125">
        <ele>7.599999904632568359375</ele>
        <time>2024-06-23T11:46:53.000Z</time>
        <extensions>
          <ns3:TrackPointExtension>
            <ns3:hr>107</ns3:hr>
            <ns3:cad>52</ns3:cad>
          </ns3:TrackPointExtension>
        </extensions>
      </trkpt>
      <trkpt lat="31.97246949188411235809326171875" lon="118.829956613481044769287109375">
        <ele>7.599999904632568359375</ele>
        <time>2024-06-23T11:46:54.000Z</time>
        <extensions>
          <ns3:TrackPointExtension>
            <ns3:hr>106</ns3:hr>
            <ns3:cad>51</ns3:cad>
          </ns3:TrackPointExtension>
        </extensions>
      </trkpt>
      <trkpt lat="31.9724828191101551055908203125" lon="118.82995837368071079254150390625">
        <ele>7.599999904632568359375</ele>
        <time>2024-06-23T11:46:55.000Z</time>
        <extensions>
          <ns3:TrackPointExtension>
            <ns3:hr>106</ns3:hr>
            <ns3:cad>51</ns3:cad>
          </ns3:TrackPointExtension>
        </extensions>
      </trkpt>
      <trkpt lat="31.9724948890507221221923828125" lon="118.8299591280519962310791015625">
        <ele>7.400000095367431640625</ele>
        <time>2024-06-23T11:46:56.000Z</time>
        <extensions>
          <ns3:TrackPointExtension>
            <ns3:hr>107</ns3:hr>
            <ns3:cad>51</ns3:cad>
          </ns3:TrackPointExtension>
        </extensions>
      </trkpt>
      <trkpt lat="31.9725099764764308929443359375" lon="118.8299631513655185699462890625">
        <ele>7.400000095367431640625</ele>
        <time>2024-06-23T11:46:57.000Z</time>
        <extensions>
          <ns3:TrackPointExtension>
            <ns3:hr>107</ns3:hr>
            <ns3:cad>51</ns3:cad>
          </ns3:TrackPointExtension>
        </extensions>
      </trkpt>
      <trkpt lat="31.972529254853725433349609375" lon="118.82996499538421630859375">
        <ele>7.400000095367431640625</ele>
        <time>2024-06-23T11:46:58.000Z</time>
        <extensions>
          <ns3:TrackPointExtension>
            <ns3:hr>107</ns3:hr>
            <ns3:cad>0</ns3:cad>
          </ns3:TrackPointExtension>
        </extensions>
      </trkpt>
      <trkpt lat="31.97255750186741352081298828125" lon="118.829968683421611785888671875">
        <ele>7.400000095367431640625</ele>
        <time>2024-06-23T11:46:59.000Z</time>
        <extensions>
          <ns3:TrackPointExtension>
            <ns3:hr>107</ns3:hr>
            <ns3:cad>0</ns3:cad>
          </ns3:TrackPointExtension>
        </extensions>
      </trkpt>
      <trkpt lat="31.9725891016423702239990234375" lon="118.82997580803930759429931640625">
        <ele>7.400000095367431640625</ele>
        <time>2024-06-23T11:47:00.000Z</time>
        <extensions>
          <ns3:TrackPointExtension>
            <ns3:hr>108</ns3:hr>
            <ns3:cad>0</ns3:cad>
          </ns3:TrackPointExtension>
        </extensions>
      </trkpt>
      <trkpt lat="31.9726222939789295196533203125" lon="118.829985447227954864501953125">
        <ele>7.400000095367431640625</ele>
        <time>2024-06-23T11:47:01.000Z</time>
        <extensions>
          <ns3:TrackPointExtension>
            <ns3:hr>109</ns3:hr>
            <ns3:cad>0</ns3:cad>
          </ns3:TrackPointExtension>
        </extensions>
      </trkpt>
      <trkpt lat="31.9726517982780933380126953125" lon="118.82998569868505001068115234375">
        <ele>7.400000095367431640625</ele>
        <time>2024-06-23T11:47:02.000Z</time>
        <extensions>
          <ns3:TrackPointExtension>
            <ns3:hr>110</ns3:hr>
            <ns3:cad>0</ns3:cad>
          </ns3:TrackPointExtension>
        </extensions>
      </trkpt>
      <trkpt lat="31.9726843200623989105224609375" lon="118.82999206893146038055419921875">
        <ele>7.400000095367431640625</ele>
        <time>2024-06-23T11:47:03.000Z</time>
        <extensions>
          <ns3:TrackPointExtension>
            <ns3:hr>111</ns3:hr>
            <ns3:cad>90</ns3:cad>
          </ns3:TrackPointExtension>
        </extensions>
      </trkpt>
      <trkpt lat="31.97271323762834072113037109375" lon="118.829992152750492095947265625">
        <ele>7.400000095367431640625</ele>
        <time>2024-06-23T11:47:04.000Z</time>
        <extensions>
          <ns3:TrackPointExtension>
            <ns3:hr>112</ns3:hr>
            <ns3:cad>90</ns3:cad>
          </ns3:TrackPointExtension>
        </extensions>
      </trkpt>
      <trkpt lat="31.9727450050413608551025390625" lon="118.82999910973012447357177734375">
        <ele>7.19999980926513671875</ele>
        <time>2024-06-23T11:47:05.000Z</time>
        <extensions>
          <ns3:TrackPointExtension>
            <ns3:hr>112</ns3:hr>
            <ns3:cad>90</ns3:cad>
          </ns3:TrackPointExtension>
        </extensions>
      </trkpt>
      <trkpt lat="31.9727728329598903656005859375" lon="118.830001540482044219970703125">
        <ele>7.19999980926513671875</ele>
        <time>2024-06-23T11:47:06.000Z</time>
        <extensions>
          <ns3:TrackPointExtension>
            <ns3:hr>113</ns3:hr>
            <ns3:cad>90</ns3:cad>
          </ns3:TrackPointExtension>
        </extensions>
      </trkpt>
      <trkpt lat="31.97280384600162506103515625" lon="118.83001285605132579803466796875">
        <ele>7.19999980926513671875</ele>
        <time>2024-06-23T11:47:07.000Z</time>
        <extensions>
          <ns3:TrackPointExtension>
            <ns3:hr>114</ns3:hr>
            <ns3:cad>90</ns3:cad>
          </ns3:TrackPointExtension>
        </extensions>
      </trkpt>
      <trkpt lat="31.97283460758626461029052734375" lon="118.83001528680324554443359375">
        <ele>7.19999980926513671875</ele>
        <time>2024-06-23T11:47:08.000Z</time>
        <extensions>
          <ns3:TrackPointExtension>
            <ns3:hr>114</ns3:hr>
            <ns3:cad>90</ns3:cad>
          </ns3:TrackPointExtension>
        </extensions>
      </trkpt>
      <trkpt lat="31.972871907055377960205078125" lon="118.83002442307770252227783203125">
        <ele>7.19999980926513671875</ele>
        <time>2024-06-23T11:47:09.000Z</time>
        <extensions>
          <ns3:TrackPointExtension>
            <ns3:hr>115</ns3:hr>
            <ns3:cad>90</ns3:cad>
          </ns3:TrackPointExtension>
        </extensions>
      </trkpt>
      <trkpt lat="31.97290317155420780181884765625" lon="118.83002677001059055328369140625">
        <ele>7.400000095367431640625</ele>
        <time>2024-06-23T11:47:10.000Z</time>
        <extensions>
          <ns3:TrackPointExtension>
            <ns3:hr>115</ns3:hr>
            <ns3:cad>89</ns3:cad>
          </ns3:TrackPointExtension>
        </extensions>
      </trkpt>
      <trkpt lat="31.9729418121278285980224609375" lon="118.8300345651805400848388671875">
        <ele>7.400000095367431640625</ele>
        <time>2024-06-23T11:47:11.000Z</time>
        <extensions>
          <ns3:TrackPointExtension>
            <ns3:hr>116</ns3:hr>
            <ns3:cad>89</ns3:cad>
          </ns3:TrackPointExtension>
        </extensions>
      </trkpt>
      <trkpt lat="31.9729750044643878936767578125" lon="118.83003733120858669281005859375">
        <ele>7.400000095367431640625</ele>
        <time>2024-06-23T11:47:12.000Z</time>
        <extensions>
          <ns3:TrackPointExtension>
            <ns3:hr>117</ns3:hr>
            <ns3:cad>89</ns3:cad>
          </ns3:TrackPointExtension>
        </extensions>
      </trkpt>
      <trkpt lat="31.9730098731815814971923828125" lon="118.830049820244312286376953125">
        <ele>7.400000095367431640625</ele>
        <time>2024-06-23T11:47:13.000Z</time>
        <extensions>
          <ns3:TrackPointExtension>
            <ns3:hr>117</ns3:hr>
            <ns3:cad>89</ns3:cad>
          </ns3:TrackPointExtension>
        </extensions>
      </trkpt>
      <trkpt lat="31.97303879074752330780029296875" lon="118.83005359210073947906494140625">
        <ele>7.400000095367431640625</ele>
        <time>2024-06-23T11:47:14.000Z</time>
        <extensions>
          <ns3:TrackPointExtension>
            <ns3:hr>119</ns3:hr>
            <ns3:cad>89</ns3:cad>
          </ns3:TrackPointExtension>
        </extensions>
      </trkpt>
      <trkpt lat="31.9730695523321628570556640625" lon="118.8300590403378009796142578125">
        <ele>7.400000095367431640625</ele>
        <time>2024-06-23T11:47:15.000Z</time>
        <extensions>
          <ns3:TrackPointExtension>
            <ns3:hr>120</ns3:hr>
            <ns3:cad>89</ns3:cad>
          </ns3:TrackPointExtension>
        </extensions>
      </trkpt>
      <trkpt lat="31.97309461422264575958251953125" lon="118.8300553523004055023193359375">
        <ele>7.400000095367431640625</ele>
        <time>2024-06-23T11:47:16.000Z</time>
        <extensions>
          <ns3:TrackPointExtension>
            <ns3:hr>122</ns3:hr>
            <ns3:cad>89</ns3:cad>
          </ns3:TrackPointExtension>
        </extensions>
      </trkpt>
      <trkpt lat="31.97313107550144195556640625" lon="118.8300623930990695953369140625">
        <ele>7.400000095367431640625</ele>
        <time>2024-06-23T11:47:17.000Z</time>
        <extensions>
          <ns3:TrackPointExtension>
            <ns3:hr>123</ns3:hr>
            <ns3:cad>89</ns3:cad>
          </ns3:TrackPointExtension>
        </extensions>
      </trkpt>
      <trkpt lat="31.97316586039960384368896484375" lon="118.830065242946147918701171875">
        <ele>7.400000095367431640625</ele>
        <time>2024-06-23T11:47:18.000Z</time>
        <extensions>
          <ns3:TrackPointExtension>
            <ns3:hr>124</ns3:hr>
            <ns3:cad>89</ns3:cad>
          </ns3:TrackPointExtension>
        </extensions>
      </trkpt>
      <trkpt lat="31.973200477659702301025390625" lon="118.8300724513828754425048828125">
        <ele>7.400000095367431640625</ele>
        <time>2024-06-23T11:47:19.000Z</time>
        <extensions>
          <ns3:TrackPointExtension>
            <ns3:hr>125</ns3:hr>
            <ns3:cad>89</ns3:cad>
          </ns3:TrackPointExtension>
        </extensions>
      </trkpt>
      <trkpt lat="31.97323543019592761993408203125" lon="118.830082677304744720458984375">
        <ele>7.400000095367431640625</ele>
        <time>2024-06-23T11:47:20.000Z</time>
        <extensions>
          <ns3:TrackPointExtension>
            <ns3:hr>126</ns3:hr>
            <ns3:cad>90</ns3:cad>
          </ns3:TrackPointExtension>
        </extensions>
      </trkpt>
      <trkpt lat="31.97327264584600925445556640625" lon="118.83009281940758228302001953125">
        <ele>7.400000095367431640625</ele>
        <time>2024-06-23T11:47:21.000Z</time>
        <extensions>
          <ns3:TrackPointExtension>
            <ns3:hr>127</ns3:hr>
            <ns3:cad>90</ns3:cad>
          </ns3:TrackPointExtension>
        </extensions>
      </trkpt>
      <trkpt lat="31.9733072631061077117919921875" lon="118.83009583689272403717041015625">
        <ele>7.400000095367431640625</ele>
        <time>2024-06-23T11:47:22.000Z</time>
        <extensions>
          <ns3:TrackPointExtension>
            <ns3:hr>127</ns3:hr>
            <ns3:cad>90</ns3:cad>
          </ns3:TrackPointExtension>
        </extensions>
      </trkpt>
      <trkpt lat="31.97334573604166507720947265625" lon="118.8301046378910541534423828125">
        <ele>7.400000095367431640625</ele>
        <time>2024-06-23T11:47:23.000Z</time>
        <extensions>
          <ns3:TrackPointExtension>
            <ns3:hr>128</ns3:hr>
            <ns3:cad>90</ns3:cad>
          </ns3:TrackPointExtension>
        </extensions>
      </trkpt>
      <trkpt lat="31.9733853824436664581298828125" lon="118.8301093317568302154541015625">
        <ele>7.400000095367431640625</ele>
        <time>2024-06-23T11:47:24.000Z</time>
        <extensions>
          <ns3:TrackPointExtension>
            <ns3:hr>129</ns3:hr>
            <ns3:cad>90</ns3:cad>
          </ns3:TrackPointExtension>
        </extensions>
      </trkpt>
      <trkpt lat="31.97342117317020893096923828125" lon="118.83011897094547748565673828125">
        <ele>7.400000095367431640625</ele>
        <time>2024-06-23T11:47:25.000Z</time>
        <extensions>
          <ns3:TrackPointExtension>
            <ns3:hr>129</ns3:hr>
            <ns3:cad>90</ns3:cad>
          </ns3:TrackPointExtension>
        </extensions>
      </trkpt>
      <trkpt lat="31.9734557904303073883056640625" lon="118.83012718521058559417724609375">
        <ele>7.400000095367431640625</ele>
        <time>2024-06-23T11:47:26.000Z</time>
        <extensions>
          <ns3:TrackPointExtension>
            <ns3:hr>130</ns3:hr>
            <ns3:cad>92</ns3:cad>
          </ns3:TrackPointExtension>
        </extensions>
      </trkpt>
      <trkpt lat="31.9734889827668666839599609375" lon="118.8301379978656768798828125">
        <ele>7.400000095367431640625</ele>
        <time>2024-06-23T11:47:27.000Z</time>
        <extensions>
          <ns3:TrackPointExtension>
            <ns3:hr>131</ns3:hr>
            <ns3:cad>92</ns3:cad>
          </ns3:TrackPointExtension>
        </extensions>
      </trkpt>
      <trkpt lat="31.97351991198956966400146484375" lon="118.83014327846467494964599609375">
        <ele>7.400000095367431640625</ele>
        <time>2024-06-23T11:47:28.000Z</time>
        <extensions>
          <ns3:TrackPointExtension>
            <ns3:hr>131</ns3:hr>
            <ns3:cad>91</ns3:cad>
          </ns3:TrackPointExtension>
        </extensions>
      </trkpt>
      <trkpt lat="31.9735501706600189208984375" lon="118.83015350438654422760009765625">
        <ele>7.599999904632568359375</ele>
        <time>2024-06-23T11:47:29.000Z</time>
        <extensions>
          <ns3:TrackPointExtension>
            <ns3:hr>132</ns3:hr>
            <ns3:cad>90</ns3:cad>
          </ns3:TrackPointExtension>
        </extensions>
      </trkpt>
      <trkpt lat="31.9735818542540073394775390625" lon="118.830159790813922882080078125">
        <ele>7.599999904632568359375</ele>
        <time>2024-06-23T11:47:30.000Z</time>
        <extensions>
          <ns3:TrackPointExtension>
            <ns3:hr>133</ns3:hr>
            <ns3:cad>89</ns3:cad>
          </ns3:TrackPointExtension>
        </extensions>
      </trkpt>
      <trkpt lat="31.9736217521131038665771484375" lon="118.83017311803996562957763671875">
        <ele>7.599999904632568359375</ele>
        <time>2024-06-23T11:47:31.000Z</time>
        <extensions>
          <ns3:TrackPointExtension>
            <ns3:hr>133</ns3:hr>
            <ns3:cad>89</ns3:cad>
          </ns3:TrackPointExtension>
        </extensions>
      </trkpt>
      <trkpt lat="31.97365921922028064727783203125" lon="118.83018200285732746124267578125">
        <ele>7.599999904632568359375</ele>
        <time>2024-06-23T11:47:32.000Z</time>
        <extensions>
          <ns3:TrackPointExtension>
            <ns3:hr>134</ns3:hr>
            <ns3:cad>89</ns3:cad>
          </ns3:TrackPointExtension>
        </extensions>
      </trkpt>
      <trkpt lat="31.97369744069874286651611328125" lon="118.83019474335014820098876953125">
        <ele>7.599999904632568359375</ele>
        <time>2024-06-23T11:47:33.000Z</time>
        <extensions>
          <ns3:TrackPointExtension>
            <ns3:hr>134</ns3:hr>
            <ns3:cad>88</ns3:cad>
          </ns3:TrackPointExtension>
        </extensions>
      </trkpt>
      <trkpt lat="31.97373348288238048553466796875" lon="118.83020211942493915557861328125">
        <ele>7.599999904632568359375</ele>
        <time>2024-06-23T11:47:34.000Z</time>
        <extensions>
          <ns3:TrackPointExtension>
            <ns3:hr>135</ns3:hr>
            <ns3:cad>88</ns3:cad>
          </ns3:TrackPointExtension>
        </extensions>
      </trkpt>
      <trkpt lat="31.97377321310341358184814453125" lon="118.830213434994220733642578125">
        <ele>7.599999904632568359375</ele>
        <time>2024-06-23T11:47:35.000Z</time>
        <extensions>
          <ns3:TrackPointExtension>
            <ns3:hr>136</ns3:hr>
            <ns3:cad>88</ns3:cad>
          </ns3:TrackPointExtension>
        </extensions>
      </trkpt>
      <trkpt lat="31.9738071598112583160400390625" lon="118.83022340945899486541748046875">
        <ele>7.599999904632568359375</ele>
        <time>2024-06-23T11:47:36.000Z</time>
        <extensions>
          <ns3:TrackPointExtension>
            <ns3:hr>136</ns3:hr>
            <ns3:cad>89</ns3:cad>
          </ns3:TrackPointExtension>
        </extensions>
      </trkpt>
      <trkpt lat="31.973844207823276519775390625" lon="118.83023950271308422088623046875">
        <ele>7.599999904632568359375</ele>
        <time>2024-06-23T11:47:37.000Z</time>
        <extensions>
          <ns3:TrackPointExtension>
            <ns3:hr>137</ns3:hr>
            <ns3:cad>89</ns3:cad>
          </ns3:TrackPointExtension>
        </extensions>
      </trkpt>
      <trkpt lat="31.973876059055328369140625" lon="118.8302491419017314910888671875">
        <ele>7.599999904632568359375</ele>
        <time>2024-06-23T11:47:38.000Z</time>
        <extensions>
          <ns3:TrackPointExtension>
            <ns3:hr>138</ns3:hr>
            <ns3:cad>89</ns3:cad>
          </ns3:TrackPointExtension>
        </extensions>
      </trkpt>
      <trkpt lat="31.9739122688770294189453125" lon="118.83026263676583766937255859375">
        <ele>7.80000019073486328125</ele>
        <time>2024-06-23T11:47:39.000Z</time>
        <extensions>
          <ns3:TrackPointExtension>
            <ns3:hr>140</ns3:hr>
            <ns3:cad>88</ns3:cad>
          </ns3:TrackPointExtension>
        </extensions>
      </trkpt>
      <trkpt lat="31.97394269518554210662841796875" lon="118.8302672468125820159912109375">
        <ele>7.80000019073486328125</ele>
        <time>2024-06-23T11:47:40.000Z</time>
        <extensions>
          <ns3:TrackPointExtension>
            <ns3:hr>141</ns3:hr>
            <ns3:cad>88</ns3:cad>
          </ns3:TrackPointExtension>
        </extensions>
      </trkpt>
      <trkpt lat="31.97397957555949687957763671875" lon="118.83027722127735614776611328125">
        <ele>7.80000019073486328125</ele>
        <time>2024-06-23T11:47:41.000Z</time>
        <extensions>
          <ns3:TrackPointExtension>
            <ns3:hr>143</ns3:hr>
            <ns3:cad>88</ns3:cad>
          </ns3:TrackPointExtension>
        </extensions>
      </trkpt>
      <trkpt lat="31.9740110076963901519775390625" lon="118.83028426207602024078369140625">
        <ele>8</ele>
        <time>2024-06-23T11:47:42.000Z</time>
        <extensions>
          <ns3:TrackPointExtension>
            <ns3:hr>144</ns3:hr>
            <ns3:cad>88</ns3:cad>
          </ns3:TrackPointExtension>
        </extensions>
      </trkpt>
      <trkpt lat="31.97404663078486919403076171875" lon="118.83029163815081119537353515625">
        <ele>8</ele>
        <time>2024-06-23T11:47:43.000Z</time>
        <extensions>
          <ns3:TrackPointExtension>
            <ns3:hr>146</ns3:hr>
            <ns3:cad>88</ns3:cad>
          </ns3:TrackPointExtension>
        </extensions>
      </trkpt>
      <trkpt lat="31.97407697327435016632080078125" lon="118.83029901422560214996337890625">
        <ele>8</ele>
        <time>2024-06-23T11:47:44.000Z</time>
        <extensions>
          <ns3:TrackPointExtension>
            <ns3:hr>148</ns3:hr>
            <ns3:cad>88</ns3:cad>
          </ns3:TrackPointExtension>
        </extensions>
      </trkpt>
      <trkpt lat="31.97410932742059230804443359375" lon="118.830305971205234527587890625">
        <ele>8</ele>
        <time>2024-06-23T11:47:45.000Z</time>
        <extensions>
          <ns3:TrackPointExtension>
            <ns3:hr>149</ns3:hr>
            <ns3:cad>88</ns3:cad>
          </ns3:TrackPointExtension>
        </extensions>
      </trkpt>
      <trkpt lat="31.9741421006619930267333984375" lon="118.83031410165131092071533203125">
        <ele>8</ele>
        <time>2024-06-23T11:47:46.000Z</time>
        <extensions>
          <ns3:TrackPointExtension>
            <ns3:hr>151</ns3:hr>
            <ns3:cad>88</ns3:cad>
          </ns3:TrackPointExtension>
        </extensions>
      </trkpt>
      <trkpt lat="31.9741766341030597686767578125" lon="118.83032097481191158294677734375">
        <ele>7.80000019073486328125</ele>
        <time>2024-06-23T11:47:47.000Z</time>
        <extensions>
          <ns3:TrackPointExtension>
            <ns3:hr>153</ns3:hr>
            <ns3:cad>88</ns3:cad>
          </ns3:TrackPointExtension>
        </extensions>
      </trkpt>
      <trkpt lat="31.97420571930706501007080078125" lon="118.830334134399890899658203125">
        <ele>7.80000019073486328125</ele>
        <time>2024-06-23T11:47:48.000Z</time>
        <extensions>
          <ns3:TrackPointExtension>
            <ns3:hr>155</ns3:hr>
            <ns3:cad>87</ns3:cad>
          </ns3:TrackPointExtension>
        </extensions>
      </trkpt>
      <trkpt lat="31.97423120029270648956298828125" lon="118.8303467072546482086181640625">
        <ele>7.80000019073486328125</ele>
        <time>2024-06-23T11:47:49.000Z</time>
        <extensions>
          <ns3:TrackPointExtension>
            <ns3:hr>156</ns3:hr>
            <ns3:cad>87</ns3:cad>
          </ns3:TrackPointExtension>
        </extensions>
      </trkpt>
      <trkpt lat="31.97425718419253826141357421875" lon="118.83035601116716861724853515625">
        <ele>7.80000019073486328125</ele>
        <time>2024-06-23T11:47:50.000Z</time>
        <extensions>
          <ns3:TrackPointExtension>
            <ns3:hr>157</ns3:hr>
            <ns3:cad>87</ns3:cad>
          </ns3:TrackPointExtension>
        </extensions>
      </trkpt>
      <trkpt lat="31.97428576648235321044921875" lon="118.8303628005087375640869140625">
        <ele>7.80000019073486328125</ele>
        <time>2024-06-23T11:47:51.000Z</time>
        <extensions>
          <ns3:TrackPointExtension>
            <ns3:hr>157</ns3:hr>
            <ns3:cad>87</ns3:cad>
          </ns3:TrackPointExtension>
        </extensions>
      </trkpt>
      <trkpt lat="31.9743177853524684906005859375" lon="118.8303715176880359649658203125">
        <ele>7.80000019073486328125</ele>
        <time>2024-06-23T11:47:52.000Z</time>
        <extensions>
          <ns3:TrackPointExtension>
            <ns3:hr>158</ns3:hr>
            <ns3:cad>87</ns3:cad>
          </ns3:TrackPointExtension>
        </extensions>
      </trkpt>
      <trkpt lat="31.974349133670330047607421875" lon="118.8303845934569835662841796875">
        <ele>7.80000019073486328125</ele>
        <time>2024-06-23T11:47:53.000Z</time>
        <extensions>
          <ns3:TrackPointExtension>
            <ns3:hr>159</ns3:hr>
            <ns3:cad>86</ns3:cad>
          </ns3:TrackPointExtension>
        </extensions>
      </trkpt>
      <trkpt lat="31.974385343492031097412109375" lon="118.83039641194045543670654296875">
        <ele>7.80000019073486328125</ele>
        <time>2024-06-23T11:47:54.000Z</time>
        <extensions>
          <ns3:TrackPointExtension>
            <ns3:hr>159</ns3:hr>
            <ns3:cad>85</ns3:cad>
          </ns3:TrackPointExtension>
        </extensions>
      </trkpt>
      <trkpt lat="31.974418871104717254638671875" lon="118.830412589013576507568359375">
        <ele>7.80000019073486328125</ele>
        <time>2024-06-23T11:47:55.000Z</time>
        <extensions>
          <ns3:TrackPointExtension>
            <ns3:hr>159</ns3:hr>
            <ns3:cad>85</ns3:cad>
          </ns3:TrackPointExtension>
        </extensions>
      </trkpt>
      <trkpt lat="31.974453739821910858154296875" lon="118.83042792789638042449951171875">
        <ele>7.80000019073486328125</ele>
        <time>2024-06-23T11:47:56.000Z</time>
        <extensions>
          <ns3:TrackPointExtension>
            <ns3:hr>159</ns3:hr>
            <ns3:cad>86</ns3:cad>
          </ns3:TrackPointExtension>
        </extensions>
      </trkpt>
      <trkpt lat="31.97448684833943843841552734375" lon="118.830444775521755218505859375">
        <ele>7.80000019073486328125</ele>
        <time>2024-06-23T11:47:57.000Z</time>
        <extensions>
          <ns3:TrackPointExtension>
            <ns3:hr>159</ns3:hr>
            <ns3:cad>87</ns3:cad>
          </ns3:TrackPointExtension>
        </extensions>
      </trkpt>
      <trkpt lat="31.97452020831406116485595703125" lon="118.8304570131003856658935546875">
        <ele>7.80000019073486328125</ele>
        <time>2024-06-23T11:47:58.000Z</time>
        <extensions>
          <ns3:TrackPointExtension>
            <ns3:hr>160</ns3:hr>
            <ns3:cad>87</ns3:cad>
          </ns3:TrackPointExtension>
        </extensions>
      </trkpt>
      <trkpt lat="31.97455289773643016815185546875" lon="118.8304746150970458984375">
        <ele>7.80000019073486328125</ele>
        <time>2024-06-23T11:47:59.000Z</time>
        <extensions>
          <ns3:TrackPointExtension>
            <ns3:hr>160</ns3:hr>
            <ns3:cad>87</ns3:cad>
          </ns3:TrackPointExtension>
        </extensions>
      </trkpt>
      <trkpt lat="31.97458106093108654022216796875" lon="118.830487690865993499755859375">
        <ele>7.599999904632568359375</ele>
        <time>2024-06-23T11:48:00.000Z</time>
        <extensions>
          <ns3:TrackPointExtension>
            <ns3:hr>160</ns3:hr>
            <ns3:cad>88</ns3:cad>
          </ns3:TrackPointExtension>
        </extensions>
      </trkpt>
      <trkpt lat="31.9746104814112186431884765625" lon="118.83050336502492427825927734375">
        <ele>7.599999904632568359375</ele>
        <time>2024-06-23T11:48:01.000Z</time>
        <extensions>
          <ns3:TrackPointExtension>
            <ns3:hr>160</ns3:hr>
            <ns3:cad>87</ns3:cad>
          </ns3:TrackPointExtension>
        </extensions>
      </trkpt>
      <trkpt lat="31.974637806415557861328125" lon="118.83051711134612560272216796875">
        <ele>7.599999904632568359375</ele>
        <time>2024-06-23T11:48:02.000Z</time>
        <extensions>
          <ns3:TrackPointExtension>
            <ns3:hr>160</ns3:hr>
            <ns3:cad>87</ns3:cad>
          </ns3:TrackPointExtension>
        </extensions>
      </trkpt>
      <trkpt lat="31.974670998752117156982421875" lon="118.8305297680199146270751953125">
        <ele>7.599999904632568359375</ele>
        <time>2024-06-23T11:48:03.000Z</time>
        <extensions>
          <ns3:TrackPointExtension>
            <ns3:hr>160</ns3:hr>
            <ns3:cad>87</ns3:cad>
          </ns3:TrackPointExtension>
        </extensions>
      </trkpt>
      <trkpt lat="31.97470243088901042938232421875" lon="118.83054326288402080535888671875">
        <ele>7.599999904632568359375</ele>
        <time>2024-06-23T11:48:04.000Z</time>
        <extensions>
          <ns3:TrackPointExtension>
            <ns3:hr>160</ns3:hr>
            <ns3:cad>87</ns3:cad>
          </ns3:TrackPointExtension>
        </extensions>
      </trkpt>
      <trkpt lat="31.9747328571975231170654296875" lon="118.83055315352976322174072265625">
        <ele>7.599999904632568359375</ele>
        <time>2024-06-23T11:48:05.000Z</time>
        <extensions>
          <ns3:TrackPointExtension>
            <ns3:hr>160</ns3:hr>
            <ns3:cad>87</ns3:cad>
          </ns3:TrackPointExtension>
        </extensions>
      </trkpt>
      <trkpt lat="31.9747626967728137969970703125" lon="118.83056572638452053070068359375">
        <ele>7.599999904632568359375</ele>
        <time>2024-06-23T11:48:06.000Z</time>
        <extensions>
          <ns3:TrackPointExtension>
            <ns3:hr>160</ns3:hr>
            <ns3:cad>87</ns3:cad>
          </ns3:TrackPointExtension>
        </extensions>
      </trkpt>
      <trkpt lat="31.97479127906262874603271484375" lon="118.83057427592575550079345703125">
        <ele>7.80000019073486328125</ele>
        <time>2024-06-23T11:48:07.000Z</time>
        <extensions>
          <ns3:TrackPointExtension>
            <ns3:hr>161</ns3:hr>
            <ns3:cad>87</ns3:cad>
          </ns3:TrackPointExtension>
        </extensions>
      </trkpt>
      <trkpt lat="31.97482463903725147247314453125" lon="118.83058701641857624053955078125">
        <ele>7.80000019073486328125</ele>
        <time>2024-06-23T11:48:08.000Z</time>
        <extensions>
          <ns3:TrackPointExtension>
            <ns3:hr>161</ns3:hr>
            <ns3:cad>87</ns3:cad>
          </ns3:TrackPointExtension>
        </extensions>
      </trkpt>
      <trkpt lat="31.9748552329838275909423828125" lon="118.83059640415012836456298828125">
        <ele>7.80000019073486328125</ele>
        <time>2024-06-23T11:48:09.000Z</time>
        <extensions>
          <ns3:TrackPointExtension>
            <ns3:hr>162</ns3:hr>
            <ns3:cad>87</ns3:cad>
          </ns3:TrackPointExtension>
        </extensions>
      </trkpt>
      <trkpt lat="31.9748914428055286407470703125" lon="118.8306112401187419891357421875">
        <ele>7.80000019073486328125</ele>
        <time>2024-06-23T11:48:10.000Z</time>
        <extensions>
          <ns3:TrackPointExtension>
            <ns3:hr>162</ns3:hr>
            <ns3:cad>87</ns3:cad>
          </ns3:TrackPointExtension>
        </extensions>
      </trkpt>
      <trkpt lat="31.974923796951770782470703125" lon="118.830621130764484405517578125">
        <ele>7.80000019073486328125</ele>
        <time>2024-06-23T11:48:11.000Z</time>
        <extensions>
          <ns3:TrackPointExtension>
            <ns3:hr>163</ns3:hr>
            <ns3:cad>87</ns3:cad>
          </ns3:TrackPointExtension>
        </extensions>
      </trkpt>
      <trkpt lat="31.97496042586863040924072265625" lon="118.8306367211043834686279296875">
        <ele>7.80000019073486328125</ele>
        <time>2024-06-23T11:48:12.000Z</time>
        <extensions>
          <ns3:TrackPointExtension>
            <ns3:hr>163</ns3:hr>
            <ns3:cad>87</ns3:cad>
          </ns3:TrackPointExtension>
        </extensions>
      </trkpt>
      <trkpt lat="31.97499328292906284332275390625" lon="118.8306487910449504852294921875">
        <ele>7.80000019073486328125</ele>
        <time>2024-06-23T11:48:13.000Z</time>
        <extensions>
          <ns3:TrackPointExtension>
            <ns3:hr>163</ns3:hr>
            <ns3:cad>88</ns3:cad>
          </ns3:TrackPointExtension>
        </extensions>
      </trkpt>
      <trkpt lat="31.9750302471220493316650390625" lon="118.8306625373661518096923828125">
        <ele>7.599999904632568359375</ele>
        <time>2024-06-23T11:48:14.000Z</time>
        <extensions>
          <ns3:TrackPointExtension>
            <ns3:hr>164</ns3:hr>
            <ns3:cad>88</ns3:cad>
          </ns3:TrackPointExtension>
        </extensions>
      </trkpt>
      <trkpt lat="31.9750631041824817657470703125" lon="118.83067787624895572662353515625">
        <ele>7.599999904632568359375</ele>
        <time>2024-06-23T11:48:15.000Z</time>
        <extensions>
          <ns3:TrackPointExtension>
            <ns3:hr>164</ns3:hr>
            <ns3:cad>88</ns3:cad>
          </ns3:TrackPointExtension>
        </extensions>
      </trkpt>
      <trkpt lat="31.9750962965190410614013671875" lon="118.8306957297027111053466796875">
        <ele>7.599999904632568359375</ele>
        <time>2024-06-23T11:48:16.000Z</time>
        <extensions>
          <ns3:TrackPointExtension>
            <ns3:hr>164</ns3:hr>
            <ns3:cad>88</ns3:cad>
          </ns3:TrackPointExtension>
        </extensions>
      </trkpt>
      <trkpt lat="31.97512739337980747222900390625" lon="118.830716349184513092041015625">
        <ele>7.599999904632568359375</ele>
        <time>2024-06-23T11:48:17.000Z</time>
        <extensions>
          <ns3:TrackPointExtension>
            <ns3:hr>163</ns3:hr>
            <ns3:cad>88</ns3:cad>
          </ns3:TrackPointExtension>
        </extensions>
      </trkpt>
      <trkpt lat="31.97516008280217647552490234375" lon="118.8307349570095539093017578125">
        <ele>7.599999904632568359375</ele>
        <time>2024-06-23T11:48:18.000Z</time>
        <extensions>
          <ns3:TrackPointExtension>
            <ns3:hr>163</ns3:hr>
            <ns3:cad>88</ns3:cad>
          </ns3:TrackPointExtension>
        </extensions>
      </trkpt>
      <trkpt lat="31.97519679553806781768798828125" lon="118.83075348101556301116943359375">
        <ele>7.599999904632568359375</ele>
        <time>2024-06-23T11:48:19.000Z</time>
        <extensions>
          <ns3:TrackPointExtension>
            <ns3:hr>163</ns3:hr>
            <ns3:cad>88</ns3:cad>
          </ns3:TrackPointExtension>
        </extensions>
      </trkpt>
      <trkpt lat="31.97523300535976886749267578125" lon="118.83077301084995269775390625">
        <ele>7.599999904632568359375</ele>
        <time>2024-06-23T11:48:20.000Z</time>
        <extensions>
          <ns3:TrackPointExtension>
            <ns3:hr>164</ns3:hr>
            <ns3:cad>88</ns3:cad>
          </ns3:TrackPointExtension>
        </extensions>
      </trkpt>
      <trkpt lat="31.975259743630886077880859375" lon="118.8307879306375980377197265625">
        <ele>7.599999904632568359375</ele>
        <time>2024-06-23T11:48:21.000Z</time>
        <extensions>
          <ns3:TrackPointExtension>
            <ns3:hr>164</ns3:hr>
            <ns3:cad>89</ns3:cad>
          </ns3:TrackPointExtension>
        </extensions>
      </trkpt>
      <trkpt lat="31.97529151104390621185302734375" lon="118.83079287596046924591064453125">
        <ele>7.599999904632568359375</ele>
        <time>2024-06-23T11:48:22.000Z</time>
        <extensions>
          <ns3:TrackPointExtension>
            <ns3:hr>164</ns3:hr>
            <ns3:cad>89</ns3:cad>
          </ns3:TrackPointExtension>
        </extensions>
      </trkpt>
      <trkpt lat="31.97532244026660919189453125" lon="118.83080628700554370880126953125">
        <ele>7.80000019073486328125</ele>
        <time>2024-06-23T11:48:23.000Z</time>
        <extensions>
          <ns3:TrackPointExtension>
            <ns3:hr>165</ns3:hr>
            <ns3:cad>89</ns3:cad>
          </ns3:TrackPointExtension>
        </extensions>
      </trkpt>
      <trkpt lat="31.97535504586994647979736328125" lon="118.8308192789554595947265625">
        <ele>7.80000019073486328125</ele>
        <time>2024-06-23T11:48:24.000Z</time>
        <extensions>
          <ns3:TrackPointExtension>
            <ns3:hr>165</ns3:hr>
            <ns3:cad>89</ns3:cad>
          </ns3:TrackPointExtension>
        </extensions>
      </trkpt>
      <trkpt lat="31.9753906689584255218505859375" lon="118.8308353722095489501953125">
        <ele>7.80000019073486328125</ele>
        <time>2024-06-23T11:48:25.000Z</time>
        <extensions>
          <ns3:TrackPointExtension>
            <ns3:hr>165</ns3:hr>
            <ns3:cad>89</ns3:cad>
          </ns3:TrackPointExtension>
        </extensions>
      </trkpt>
      <trkpt lat="31.97542570531368255615234375" lon="118.83084635250270366668701171875">
        <ele>7.80000019073486328125</ele>
        <time>2024-06-23T11:48:26.000Z</time>
        <extensions>
          <ns3:TrackPointExtension>
            <ns3:hr>165</ns3:hr>
            <ns3:cad>89</ns3:cad>
          </ns3:TrackPointExtension>
        </extensions>
      </trkpt>
      <trkpt lat="31.975463926792144775390625" lon="118.83086730726063251495361328125">
        <ele>7.80000019073486328125</ele>
        <time>2024-06-23T11:48:27.000Z</time>
        <extensions>
          <ns3:TrackPointExtension>
            <ns3:hr>166</ns3:hr>
            <ns3:cad>89</ns3:cad>
          </ns3:TrackPointExtension>
        </extensions>
      </trkpt>
      <trkpt lat="31.9754972867667675018310546875" lon="118.8308841548860073089599609375">
        <ele>7.599999904632568359375</ele>
        <time>2024-06-23T11:48:28.000Z</time>
        <extensions>
          <ns3:TrackPointExtension>
            <ns3:hr>166</ns3:hr>
            <ns3:cad>89</ns3:cad>
          </ns3:TrackPointExtension>
        </extensions>
      </trkpt>
      <trkpt lat="31.97553525678813457489013671875" lon="118.8309059478342533111572265625">
        <ele>7.599999904632568359375</ele>
        <time>2024-06-23T11:48:29.000Z</time>
        <extensions>
          <ns3:TrackPointExtension>
            <ns3:hr>166</ns3:hr>
            <ns3:cad>87</ns3:cad>
          </ns3:TrackPointExtension>
        </extensions>
      </trkpt>
      <trkpt lat="31.975564174354076385498046875" lon="118.83091944269835948944091796875">
        <ele>7.599999904632568359375</ele>
        <time>2024-06-23T11:48:30.000Z</time>
        <extensions>
          <ns3:TrackPointExtension>
            <ns3:hr>167</ns3:hr>
            <ns3:cad>87</ns3:cad>
          </ns3:TrackPointExtension>
        </extensions>
      </trkpt>
      <trkpt lat="31.97559610940515995025634765625" lon="118.830936290323734283447265625">
        <ele>7.599999904632568359375</ele>
        <time>2024-06-23T11:48:31.000Z</time>
        <extensions>
          <ns3:TrackPointExtension>
            <ns3:hr>167</ns3:hr>
            <ns3:cad>87</ns3:cad>
          </ns3:TrackPointExtension>
        </extensions>
      </trkpt>
      <trkpt lat="31.975624859333038330078125" lon="118.83095297031104564666748046875">
        <ele>7.599999904632568359375</ele>
        <time>2024-06-23T11:48:32.000Z</time>
        <extensions>
          <ns3:TrackPointExtension>
            <ns3:hr>167</ns3:hr>
            <ns3:cad>87</ns3:cad>
          </ns3:TrackPointExtension>
        </extensions>
      </trkpt>
      <trkpt lat="31.975653357803821563720703125" lon="118.83096671663224697113037109375">
        <ele>7.599999904632568359375</ele>
        <time>2024-06-23T11:48:33.000Z</time>
        <extensions>
          <ns3:TrackPointExtension>
            <ns3:hr>167</ns3:hr>
            <ns3:cad>87</ns3:cad>
          </ns3:TrackPointExtension>
        </extensions>
      </trkpt>
      <trkpt lat="31.97568328119814395904541015625" lon="118.8309837318956851959228515625">
        <ele>7.599999904632568359375</ele>
        <time>2024-06-23T11:48:34.000Z</time>
        <extensions>
          <ns3:TrackPointExtension>
            <ns3:hr>168</ns3:hr>
            <ns3:cad>88</ns3:cad>
          </ns3:TrackPointExtension>
        </extensions>
      </trkpt>
      <trkpt lat="31.97571597062051296234130859375" lon="118.8309895992279052734375">
        <ele>7.599999904632568359375</ele>
        <time>2024-06-23T11:48:35.000Z</time>
        <extensions>
          <ns3:TrackPointExtension>
            <ns3:hr>168</ns3:hr>
            <ns3:cad>88</ns3:cad>
          </ns3:TrackPointExtension>
        </extensions>
      </trkpt>
      <trkpt lat="31.97574882768094539642333984375" lon="118.83100493811070919036865234375">
        <ele>7.599999904632568359375</ele>
        <time>2024-06-23T11:48:36.000Z</time>
        <extensions>
          <ns3:TrackPointExtension>
            <ns3:hr>168</ns3:hr>
            <ns3:cad>88</ns3:cad>
          </ns3:TrackPointExtension>
        </extensions>
      </trkpt>
      <trkpt lat="31.97577917017042636871337890625" lon="118.83101684041321277618408203125">
        <ele>7.599999904632568359375</ele>
        <time>2024-06-23T11:48:37.000Z</time>
        <extensions>
          <ns3:TrackPointExtension>
            <ns3:hr>169</ns3:hr>
            <ns3:cad>88</ns3:cad>
          </ns3:TrackPointExtension>
        </extensions>
      </trkpt>
      <trkpt lat="31.975811608135700225830078125" lon="118.83103108964860439300537109375">
        <ele>7.599999904632568359375</ele>
        <time>2024-06-23T11:48:38.000Z</time>
        <extensions>
          <ns3:TrackPointExtension>
            <ns3:hr>169</ns3:hr>
            <ns3:cad>87</ns3:cad>
          </ns3:TrackPointExtension>
        </extensions>
      </trkpt>
      <trkpt lat="31.97584371082484722137451171875" lon="118.8310403935611248016357421875">
        <ele>7.599999904632568359375</ele>
        <time>2024-06-23T11:48:39.000Z</time>
        <extensions>
          <ns3:TrackPointExtension>
            <ns3:hr>169</ns3:hr>
            <ns3:cad>87</ns3:cad>
          </ns3:TrackPointExtension>
        </extensions>
      </trkpt>
      <trkpt lat="31.97587631642818450927734375" lon="118.83105707354843616485595703125">
        <ele>7.599999904632568359375</ele>
        <time>2024-06-23T11:48:40.000Z</time>
        <extensions>
          <ns3:TrackPointExtension>
            <ns3:hr>170</ns3:hr>
            <ns3:cad>87</ns3:cad>
          </ns3:TrackPointExtension>
        </extensions>
      </trkpt>
      <trkpt lat="31.97590741328895092010498046875" lon="118.8310722447931766510009765625">
        <ele>7.80000019073486328125</ele>
        <time>2024-06-23T11:48:41.000Z</time>
        <extensions>
          <ns3:TrackPointExtension>
            <ns3:hr>170</ns3:hr>
            <ns3:cad>87</ns3:cad>
          </ns3:TrackPointExtension>
        </extensions>
      </trkpt>
      <trkpt lat="31.9759378395974636077880859375" lon="118.8310880027711391448974609375">
        <ele>7.599999904632568359375</ele>
        <time>2024-06-23T11:48:42.000Z</time>
        <extensions>
          <ns3:TrackPointExtension>
            <ns3:hr>170</ns3:hr>
            <ns3:cad>87</ns3:cad>
          </ns3:TrackPointExtension>
        </extensions>
      </trkpt>
      <trkpt lat="31.97596617043018341064453125" lon="118.83110552094876766204833984375">
        <ele>7.599999904632568359375</ele>
        <time>2024-06-23T11:48:43.000Z</time>
        <extensions>
          <ns3:TrackPointExtension>
            <ns3:hr>170</ns3:hr>
            <ns3:cad>87</ns3:cad>
          </ns3:TrackPointExtension>
        </extensions>
      </trkpt>
      <trkpt lat="31.97599559091031551361083984375" lon="118.8311215303838253021240234375">
        <ele>7.599999904632568359375</ele>
        <time>2024-06-23T11:48:44.000Z</time>
        <extensions>
          <ns3:TrackPointExtension>
            <ns3:hr>170</ns3:hr>
            <ns3:cad>87</ns3:cad>
          </ns3:TrackPointExtension>
        </extensions>
      </trkpt>
      <trkpt lat="31.97602643631398677825927734375" lon="118.83113988675177097320556640625">
        <ele>7.599999904632568359375</ele>
        <time>2024-06-23T11:48:45.000Z</time>
        <extensions>
          <ns3:TrackPointExtension>
            <ns3:hr>170</ns3:hr>
            <ns3:cad>87</ns3:cad>
          </ns3:TrackPointExtension>
        </extensions>
      </trkpt>
      <trkpt lat="31.97605744935572147369384765625" lon="118.83115178905427455902099609375">
        <ele>7.599999904632568359375</ele>
        <time>2024-06-23T11:48:46.000Z</time>
        <extensions>
          <ns3:TrackPointExtension>
            <ns3:hr>170</ns3:hr>
            <ns3:cad>87</ns3:cad>
          </ns3:TrackPointExtension>
        </extensions>
      </trkpt>
      <trkpt lat="31.97609223425388336181640625" lon="118.83116855286061763763427734375">
        <ele>7.599999904632568359375</ele>
        <time>2024-06-23T11:48:47.000Z</time>
        <extensions>
          <ns3:TrackPointExtension>
            <ns3:hr>170</ns3:hr>
            <ns3:cad>87</ns3:cad>
          </ns3:TrackPointExtension>
        </extensions>
      </trkpt>
      <trkpt lat="31.97612266056239604949951171875" lon="118.831179700791835784912109375">
        <ele>7.599999904632568359375</ele>
        <time>2024-06-23T11:48:48.000Z</time>
        <extensions>
          <ns3:TrackPointExtension>
            <ns3:hr>170</ns3:hr>
            <ns3:cad>87</ns3:cad>
          </ns3:TrackPointExtension>
        </extensions>
      </trkpt>
      <trkpt lat="31.97615660727024078369140625" lon="118.83119503967463970184326171875">
        <ele>7.599999904632568359375</ele>
        <time>2024-06-23T11:48:49.000Z</time>
        <extensions>
          <ns3:TrackPointExtension>
            <ns3:hr>170</ns3:hr>
            <ns3:cad>87</ns3:cad>
          </ns3:TrackPointExtension>
        </extensions>
      </trkpt>
      <trkpt lat="31.9761862792074680328369140625" lon="118.83120459504425525665283203125">
        <ele>7.599999904632568359375</ele>
        <time>2024-06-23T11:48:50.000Z</time>
        <extensions>
          <ns3:TrackPointExtension>
            <ns3:hr>170</ns3:hr>
            <ns3:cad>87</ns3:cad>
          </ns3:TrackPointExtension>
        </extensions>
      </trkpt>
      <trkpt lat="31.9762201420962810516357421875" lon="118.83121959865093231201171875">
        <ele>7.599999904632568359375</ele>
        <time>2024-06-23T11:48:51.000Z</time>
        <extensions>
          <ns3:TrackPointExtension>
            <ns3:hr>170</ns3:hr>
            <ns3:cad>87</ns3:cad>
          </ns3:TrackPointExtension>
        </extensions>
      </trkpt>
      <trkpt lat="31.97625023312866687774658203125" lon="118.8312348537147045135498046875">
        <ele>7.400000095367431640625</ele>
        <time>2024-06-23T11:48:52.000Z</time>
        <extensions>
          <ns3:TrackPointExtension>
            <ns3:hr>170</ns3:hr>
            <ns3:cad>87</ns3:cad>
          </ns3:TrackPointExtension>
        </extensions>
      </trkpt>
      <trkpt lat="31.9762811623513698577880859375" lon="118.831250779330730438232421875">
        <ele>7.400000095367431640625</ele>
        <time>2024-06-23T11:48:53.000Z</time>
        <extensions>
          <ns3:TrackPointExtension>
            <ns3:hr>170</ns3:hr>
            <ns3:cad>87</ns3:cad>
          </ns3:TrackPointExtension>
        </extensions>
      </trkpt>
      <trkpt lat="31.97631209157407283782958984375" lon="118.83126913569867610931396484375">
        <ele>7.400000095367431640625</ele>
        <time>2024-06-23T11:48:54.000Z</time>
        <extensions>
          <ns3:TrackPointExtension>
            <ns3:hr>170</ns3:hr>
            <ns3:cad>87</ns3:cad>
          </ns3:TrackPointExtension>
        </extensions>
      </trkpt>
      <trkpt lat="31.976343356072902679443359375" lon="118.83128170855343341827392578125">
        <ele>7.400000095367431640625</ele>
        <time>2024-06-23T11:48:55.000Z</time>
        <extensions>
          <ns3:TrackPointExtension>
            <ns3:hr>170</ns3:hr>
            <ns3:cad>87</ns3:cad>
          </ns3:TrackPointExtension>
        </extensions>
      </trkpt>
      <trkpt lat="31.9763750396668910980224609375" lon="118.8312982209026813507080078125">
        <ele>7.400000095367431640625</ele>
        <time>2024-06-23T11:48:56.000Z</time>
        <extensions>
          <ns3:TrackPointExtension>
            <ns3:hr>170</ns3:hr>
            <ns3:cad>87</ns3:cad>
          </ns3:TrackPointExtension>
        </extensions>
      </trkpt>
      <trkpt lat="31.9763995148241519927978515625" lon="118.83130836300551891326904296875">
        <ele>7.400000095367431640625</ele>
        <time>2024-06-23T11:48:57.000Z</time>
        <extensions>
          <ns3:TrackPointExtension>
            <ns3:hr>170</ns3:hr>
            <ns3:cad>87</ns3:cad>
          </ns3:TrackPointExtension>
        </extensions>
      </trkpt>
      <trkpt lat="31.97642591781914234161376953125" lon="118.83132630027830600738525390625">
        <ele>7.400000095367431640625</ele>
        <time>2024-06-23T11:48:58.000Z</time>
        <extensions>
          <ns3:TrackPointExtension>
            <ns3:hr>170</ns3:hr>
            <ns3:cad>87</ns3:cad>
          </ns3:TrackPointExtension>
        </extensions>
      </trkpt>
      <trkpt lat="31.9764491356909275054931640625" lon="118.8313441537320613861083984375">
        <ele>7.400000095367431640625</ele>
        <time>2024-06-23T11:48:59.000Z</time>
        <extensions>
          <ns3:TrackPointExtension>
            <ns3:hr>170</ns3:hr>
            <ns3:cad>87</ns3:cad>
          </ns3:TrackPointExtension>
        </extensions>
      </trkpt>
      <trkpt lat="31.97647889144718647003173828125" lon="118.831356056034564971923828125">
        <ele>7.400000095367431640625</ele>
        <time>2024-06-23T11:49:00.000Z</time>
        <extensions>
          <ns3:TrackPointExtension>
            <ns3:hr>170</ns3:hr>
            <ns3:cad>87</ns3:cad>
          </ns3:TrackPointExtension>
        </extensions>
      </trkpt>
      <trkpt lat="31.9765086472034454345703125" lon="118.83136904798448085784912109375">
        <ele>7.400000095367431640625</ele>
        <time>2024-06-23T11:49:01.000Z</time>
        <extensions>
          <ns3:TrackPointExtension>
            <ns3:hr>170</ns3:hr>
            <ns3:cad>87</ns3:cad>
          </ns3:TrackPointExtension>
        </extensions>
      </trkpt>
      <trkpt lat="31.97654175572097301483154296875" lon="118.83137709461152553558349609375">
        <ele>7.400000095367431640625</ele>
        <time>2024-06-23T11:49:02.000Z</time>
        <extensions>
          <ns3:TrackPointExtension>
            <ns3:hr>170</ns3:hr>
            <ns3:cad>87</ns3:cad>
          </ns3:TrackPointExtension>
        </extensions>
      </trkpt>
      <trkpt lat="31.97657209821045398712158203125" lon="118.83139452897012233734130859375">
        <ele>7.400000095367431640625</ele>
        <time>2024-06-23T11:49:03.000Z</time>
        <extensions>
          <ns3:TrackPointExtension>
            <ns3:hr>170</ns3:hr>
            <ns3:cad>87</ns3:cad>
          </ns3:TrackPointExtension>
        </extensions>
      </trkpt>
      <trkpt lat="31.97660227306187152862548828125" lon="118.83140911348164081573486328125">
        <ele>7.400000095367431640625</ele>
        <time>2024-06-23T11:49:04.000Z</time>
        <extensions>
          <ns3:TrackPointExtension>
            <ns3:hr>170</ns3:hr>
            <ns3:cad>87</ns3:cad>
          </ns3:TrackPointExtension>
        </extensions>
      </trkpt>
      <trkpt lat="31.976634375751018524169921875" lon="118.83142537437379360198974609375">
        <ele>7.400000095367431640625</ele>
        <time>2024-06-23T11:49:05.000Z</time>
        <extensions>
          <ns3:TrackPointExtension>
            <ns3:hr>170</ns3:hr>
            <ns3:cad>86</ns3:cad>
          </ns3:TrackPointExtension>
        </extensions>
      </trkpt>
      <trkpt lat="31.9766633771359920501708984375" lon="118.8314333371818065643310546875">
        <ele>7.400000095367431640625</ele>
        <time>2024-06-23T11:49:06.000Z</time>
        <extensions>
          <ns3:TrackPointExtension>
            <ns3:hr>170</ns3:hr>
            <ns3:cad>86</ns3:cad>
          </ns3:TrackPointExtension>
        </extensions>
      </trkpt>
      <trkpt lat="31.97669380344450473785400390625" lon="118.83144632913172245025634765625">
        <ele>7.400000095367431640625</ele>
        <time>2024-06-23T11:49:07.000Z</time>
        <extensions>
          <ns3:TrackPointExtension>
            <ns3:hr>170</ns3:hr>
            <ns3:cad>86</ns3:cad>
          </ns3:TrackPointExtension>
        </extensions>
      </trkpt>
      <trkpt lat="31.976723559200763702392578125" lon="118.83145655505359172821044921875">
        <ele>7.400000095367431640625</ele>
        <time>2024-06-23T11:49:08.000Z</time>
        <extensions>
          <ns3:TrackPointExtension>
            <ns3:hr>170</ns3:hr>
            <ns3:cad>86</ns3:cad>
          </ns3:TrackPointExtension>
        </extensions>
      </trkpt>
      <trkpt lat="31.97675482369959354400634765625" lon="118.8314682058990001678466796875">
        <ele>7.400000095367431640625</ele>
        <time>2024-06-23T11:49:09.000Z</time>
        <extensions>
          <ns3:TrackPointExtension>
            <ns3:hr>170</ns3:hr>
            <ns3:cad>86</ns3:cad>
          </ns3:TrackPointExtension>
        </extensions>
      </trkpt>
      <trkpt lat="31.97678533382713794708251953125" lon="118.83148086257278919219970703125">
        <ele>7.400000095367431640625</ele>
        <time>2024-06-23T11:49:10.000Z</time>
        <extensions>
          <ns3:TrackPointExtension>
            <ns3:hr>170</ns3:hr>
            <ns3:cad>87</ns3:cad>
          </ns3:TrackPointExtension>
        </extensions>
      </trkpt>
      <trkpt lat="31.97681852616369724273681640625" lon="118.83149343542754650115966796875">
        <ele>7.400000095367431640625</ele>
        <time>2024-06-23T11:49:11.000Z</time>
        <extensions>
          <ns3:TrackPointExtension>
            <ns3:hr>170</ns3:hr>
            <ns3:cad>87</ns3:cad>
          </ns3:TrackPointExtension>
        </extensions>
      </trkpt>
      <trkpt lat="31.9768491201102733612060546875" lon="118.8315084390342235565185546875">
        <ele>7.400000095367431640625</ele>
        <time>2024-06-23T11:49:12.000Z</time>
        <extensions>
          <ns3:TrackPointExtension>
            <ns3:hr>170</ns3:hr>
            <ns3:cad>87</ns3:cad>
          </ns3:TrackPointExtension>
        </extensions>
      </trkpt>
      <trkpt lat="31.976879127323627471923828125" lon="118.83151992224156856536865234375">
        <ele>7.400000095367431640625</ele>
        <time>2024-06-23T11:49:13.000Z</time>
        <extensions>
          <ns3:TrackPointExtension>
            <ns3:hr>170</ns3:hr>
            <ns3:cad>87</ns3:cad>
          </ns3:TrackPointExtension>
        </extensions>
      </trkpt>
      <trkpt lat="31.97690921835601329803466796875" lon="118.831535764038562774658203125">
        <ele>7.400000095367431640625</ele>
        <time>2024-06-23T11:49:14.000Z</time>
        <extensions>
          <ns3:TrackPointExtension>
            <ns3:hr>170</ns3:hr>
            <ns3:cad>87</ns3:cad>
          </ns3:TrackPointExtension>
        </extensions>
      </trkpt>
      <trkpt lat="31.97693872265517711639404296875" lon="118.831547163426876068115234375">
        <ele>7.400000095367431640625</ele>
        <time>2024-06-23T11:49:15.000Z</time>
        <extensions>
          <ns3:TrackPointExtension>
            <ns3:hr>170</ns3:hr>
            <ns3:cad>86</ns3:cad>
          </ns3:TrackPointExtension>
        </extensions>
      </trkpt>
      <trkpt lat="31.97697023861110210418701171875" lon="118.8315649330615997314453125">
        <ele>7.400000095367431640625</ele>
        <time>2024-06-23T11:49:16.000Z</time>
        <extensions>
          <ns3:TrackPointExtension>
            <ns3:hr>170</ns3:hr>
            <ns3:cad>86</ns3:cad>
          </ns3:TrackPointExtension>
        </extensions>
      </trkpt>
      <trkpt lat="31.97699789889156818389892578125" lon="118.83157574571669101715087890625">
        <ele>7.400000095367431640625</ele>
        <time>2024-06-23T11:49:17.000Z</time>
        <extensions>
          <ns3:TrackPointExtension>
            <ns3:hr>170</ns3:hr>
            <ns3:cad>87</ns3:cad>
          </ns3:TrackPointExtension>
        </extensions>
      </trkpt>
      <trkpt lat="31.97703025303781032562255859375" lon="118.83159284479916095733642578125">
        <ele>7.400000095367431640625</ele>
        <time>2024-06-23T11:49:18.000Z</time>
        <extensions>
          <ns3:TrackPointExtension>
            <ns3:hr>170</ns3:hr>
            <ns3:cad>87</ns3:cad>
          </ns3:TrackPointExtension>
        </extensions>
      </trkpt>
      <trkpt lat="31.9770610146224498748779296875" lon="118.83160608820617198944091796875">
        <ele>7.400000095367431640625</ele>
        <time>2024-06-23T11:49:19.000Z</time>
        <extensions>
          <ns3:TrackPointExtension>
            <ns3:hr>171</ns3:hr>
            <ns3:cad>87</ns3:cad>
          </ns3:TrackPointExtension>
        </extensions>
      </trkpt>
      <trkpt lat="31.97709177620708942413330078125" lon="118.83162151090800762176513671875">
        <ele>7.400000095367431640625</ele>
        <time>2024-06-23T11:49:20.000Z</time>
        <extensions>
          <ns3:TrackPointExtension>
            <ns3:hr>172</ns3:hr>
            <ns3:cad>87</ns3:cad>
          </ns3:TrackPointExtension>
        </extensions>
      </trkpt>
      <trkpt lat="31.9771196879446506500244140625" lon="118.83163827471435070037841796875">
        <ele>7.400000095367431640625</ele>
        <time>2024-06-23T11:49:21.000Z</time>
        <extensions>
          <ns3:TrackPointExtension>
            <ns3:hr>172</ns3:hr>
            <ns3:cad>87</ns3:cad>
          </ns3:TrackPointExtension>
        </extensions>
      </trkpt>
      <trkpt lat="31.97714793495833873748779296875" lon="118.8316536135971546173095703125">
        <ele>7.400000095367431640625</ele>
        <time>2024-06-23T11:49:22.000Z</time>
        <extensions>
          <ns3:TrackPointExtension>
            <ns3:hr>172</ns3:hr>
            <ns3:cad>88</ns3:cad>
          </ns3:TrackPointExtension>
        </extensions>
      </trkpt>
      <trkpt lat="31.97717827744781970977783203125" lon="118.83167213760316371917724609375">
        <ele>7.400000095367431640625</ele>
        <time>2024-06-23T11:49:23.000Z</time>
        <extensions>
          <ns3:TrackPointExtension>
            <ns3:hr>172</ns3:hr>
            <ns3:cad>88</ns3:cad>
          </ns3:TrackPointExtension>
        </extensions>
      </trkpt>
      <trkpt lat="31.97721004486083984375" lon="118.831683956086635589599609375">
        <ele>7.400000095367431640625</ele>
        <time>2024-06-23T11:49:24.000Z</time>
        <extensions>
          <ns3:TrackPointExtension>
            <ns3:hr>172</ns3:hr>
            <ns3:cad>86</ns3:cad>
          </ns3:TrackPointExtension>
        </extensions>
      </trkpt>
      <trkpt lat="31.9772444106638431549072265625" lon="118.83169845677912235260009765625">
        <ele>7.400000095367431640625</ele>
        <time>2024-06-23T11:49:25.000Z</time>
        <extensions>
          <ns3:TrackPointExtension>
            <ns3:hr>172</ns3:hr>
            <ns3:cad>86</ns3:cad>
          </ns3:TrackPointExtension>
        </extensions>
      </trkpt>
      <trkpt lat="31.97727768681943416595458984375" lon="118.83170650340616703033447265625">
        <ele>7.400000095367431640625</ele>
        <time>2024-06-23T11:49:26.000Z</time>
        <extensions>
          <ns3:TrackPointExtension>
            <ns3:hr>172</ns3:hr>
            <ns3:cad>86</ns3:cad>
          </ns3:TrackPointExtension>
        </extensions>
      </trkpt>
      <trkpt lat="31.9773133099079132080078125" lon="118.831718824803829193115234375">
        <ele>7.400000095367431640625</ele>
        <time>2024-06-23T11:49:27.000Z</time>
        <extensions>
          <ns3:TrackPointExtension>
            <ns3:hr>172</ns3:hr>
            <ns3:cad>87</ns3:cad>
          </ns3:TrackPointExtension>
        </extensions>
      </trkpt>
      <trkpt lat="31.97734214365482330322265625" lon="118.8317287154495716094970703125">
        <ele>7.400000095367431640625</ele>
        <time>2024-06-23T11:49:28.000Z</time>
        <extensions>
          <ns3:TrackPointExtension>
            <ns3:hr>172</ns3:hr>
            <ns3:cad>87</ns3:cad>
          </ns3:TrackPointExtension>
        </extensions>
      </trkpt>
      <trkpt lat="31.97737525217235088348388671875" lon="118.83174455724656581878662109375">
        <ele>7.400000095367431640625</ele>
        <time>2024-06-23T11:49:29.000Z</time>
        <extensions>
          <ns3:TrackPointExtension>
            <ns3:hr>172</ns3:hr>
            <ns3:cad>87</ns3:cad>
          </ns3:TrackPointExtension>
        </extensions>
      </trkpt>
      <trkpt lat="31.9774056784808635711669921875" lon="118.83175713010132312774658203125">
        <ele>7.400000095367431640625</ele>
        <time>2024-06-23T11:49:30.000Z</time>
        <extensions>
          <ns3:TrackPointExtension>
            <ns3:hr>172</ns3:hr>
            <ns3:cad>87</ns3:cad>
          </ns3:TrackPointExtension>
        </extensions>
      </trkpt>
      <trkpt lat="31.97743794880807399749755859375" lon="118.8317743130028247833251953125">
        <ele>7.400000095367431640625</ele>
        <time>2024-06-23T11:49:31.000Z</time>
        <extensions>
          <ns3:TrackPointExtension>
            <ns3:hr>172</ns3:hr>
            <ns3:cad>87</ns3:cad>
          </ns3:TrackPointExtension>
        </extensions>
      </trkpt>
      <trkpt lat="31.977468542754650115966796875" lon="118.83179401047527790069580078125">
        <ele>7.400000095367431640625</ele>
        <time>2024-06-23T11:49:32.000Z</time>
        <extensions>
          <ns3:TrackPointExtension>
            <ns3:hr>173</ns3:hr>
            <ns3:cad>87</ns3:cad>
          </ns3:TrackPointExtension>
        </extensions>
      </trkpt>
      <trkpt lat="31.9774978794157505035400390625" lon="118.8318078406155109405517578125">
        <ele>7.400000095367431640625</ele>
        <time>2024-06-23T11:49:33.000Z</time>
        <extensions>
          <ns3:TrackPointExtension>
            <ns3:hr>173</ns3:hr>
            <ns3:cad>87</ns3:cad>
          </ns3:TrackPointExtension>
        </extensions>
      </trkpt>
      <trkpt lat="31.97752587497234344482421875" lon="118.8318251073360443115234375">
        <ele>7.400000095367431640625</ele>
        <time>2024-06-23T11:49:34.000Z</time>
        <extensions>
          <ns3:TrackPointExtension>
            <ns3:hr>173</ns3:hr>
            <ns3:cad>87</ns3:cad>
          </ns3:TrackPointExtension>
        </extensions>
      </trkpt>
      <trkpt lat="31.977554373443126678466796875" lon="118.8318420387804508209228515625">
        <ele>7.400000095367431640625</ele>
        <time>2024-06-23T11:49:35.000Z</time>
        <extensions>
          <ns3:TrackPointExtension>
            <ns3:hr>173</ns3:hr>
            <ns3:cad>87</ns3:cad>
          </ns3:TrackPointExtension>
        </extensions>
      </trkpt>
      <trkpt lat="31.9775863923132419586181640625" lon="118.8318614847958087921142578125">
        <ele>7.400000095367431640625</ele>
        <time>2024-06-23T11:49:36.000Z</time>
        <extensions>
          <ns3:TrackPointExtension>
            <ns3:hr>173</ns3:hr>
            <ns3:cad>87</ns3:cad>
          </ns3:TrackPointExtension>
        </extensions>
      </trkpt>
      <trkpt lat="31.97761572897434234619140625" lon="118.8318775780498981475830078125">
        <ele>7.400000095367431640625</ele>
        <time>2024-06-23T11:49:37.000Z</time>
        <extensions>
          <ns3:TrackPointExtension>
            <ns3:hr>173</ns3:hr>
            <ns3:cad>87</ns3:cad>
          </ns3:TrackPointExtension>
        </extensions>
      </trkpt>
      <trkpt lat="31.977648921310901641845703125" lon="118.831898532807826995849609375">
        <ele>7.19999980926513671875</ele>
        <time>2024-06-23T11:49:38.000Z</time>
        <extensions>
          <ns3:TrackPointExtension>
            <ns3:hr>173</ns3:hr>
            <ns3:cad>88</ns3:cad>
          </ns3:TrackPointExtension>
        </extensions>
      </trkpt>
      <trkpt lat="31.977678425610065460205078125" lon="118.83191554807126522064208984375">
        <ele>7.19999980926513671875</ele>
        <time>2024-06-23T11:49:39.000Z</time>
        <extensions>
          <ns3:TrackPointExtension>
            <ns3:hr>173</ns3:hr>
            <ns3:cad>88</ns3:cad>
          </ns3:TrackPointExtension>
        </extensions>
      </trkpt>
      <trkpt lat="31.97771304287016391754150390625" lon="118.83193214423954486846923828125">
        <ele>7.19999980926513671875</ele>
        <time>2024-06-23T11:49:40.000Z</time>
        <extensions>
          <ns3:TrackPointExtension>
            <ns3:hr>173</ns3:hr>
            <ns3:cad>88</ns3:cad>
          </ns3:TrackPointExtension>
        </extensions>
      </trkpt>
      <trkpt lat="31.977745480835437774658203125" lon="118.83194672875106334686279296875">
        <ele>7.19999980926513671875</ele>
        <time>2024-06-23T11:49:41.000Z</time>
        <extensions>
          <ns3:TrackPointExtension>
            <ns3:hr>174</ns3:hr>
            <ns3:cad>86</ns3:cad>
          </ns3:TrackPointExtension>
        </extensions>
      </trkpt>
      <trkpt lat="31.97777875699102878570556640625" lon="118.8319603912532329559326171875">
        <ele>7</ele>
        <time>2024-06-23T11:49:42.000Z</time>
        <extensions>
          <ns3:TrackPointExtension>
            <ns3:hr>174</ns3:hr>
            <ns3:cad>86</ns3:cad>
          </ns3:TrackPointExtension>
        </extensions>
      </trkpt>
      <trkpt lat="31.97781228460371494293212890625" lon="118.83197589777410030364990234375">
        <ele>7</ele>
        <time>2024-06-23T11:49:43.000Z</time>
        <extensions>
          <ns3:TrackPointExtension>
            <ns3:hr>175</ns3:hr>
            <ns3:cad>87</ns3:cad>
          </ns3:TrackPointExtension>
        </extensions>
      </trkpt>
      <trkpt lat="31.97784447111189365386962890625" lon="118.8319875486195087432861328125">
        <ele>7</ele>
        <time>2024-06-23T11:49:44.000Z</time>
        <extensions>
          <ns3:TrackPointExtension>
            <ns3:hr>175</ns3:hr>
            <ns3:cad>87</ns3:cad>
          </ns3:TrackPointExtension>
        </extensions>
      </trkpt>
      <trkpt lat="31.97787766344845294952392578125" lon="118.8320033065974712371826171875">
        <ele>6.80000019073486328125</ele>
        <time>2024-06-23T11:49:45.000Z</time>
        <extensions>
          <ns3:TrackPointExtension>
            <ns3:hr>175</ns3:hr>
            <ns3:cad>87</ns3:cad>
          </ns3:TrackPointExtension>
        </extensions>
      </trkpt>
      <trkpt lat="31.9779095984995365142822265625" lon="118.8320140354335308074951171875">
        <ele>6.80000019073486328125</ele>
        <time>2024-06-23T11:49:46.000Z</time>
        <extensions>
          <ns3:TrackPointExtension>
            <ns3:hr>175</ns3:hr>
            <ns3:cad>87</ns3:cad>
          </ns3:TrackPointExtension>
        </extensions>
      </trkpt>
      <trkpt lat="31.9779468141496181488037109375" lon="118.832031302154064178466796875">
        <ele>6.80000019073486328125</ele>
        <time>2024-06-23T11:49:47.000Z</time>
        <extensions>
          <ns3:TrackPointExtension>
            <ns3:hr>174</ns3:hr>
            <ns3:cad>87</ns3:cad>
          </ns3:TrackPointExtension>
        </extensions>
      </trkpt>
      <trkpt lat="31.97798009030520915985107421875" lon="118.83204228244721889495849609375">
        <ele>6.80000019073486328125</ele>
        <time>2024-06-23T11:49:48.000Z</time>
        <extensions>
          <ns3:TrackPointExtension>
            <ns3:hr>174</ns3:hr>
            <ns3:cad>88</ns3:cad>
          </ns3:TrackPointExtension>
        </extensions>
      </trkpt>
      <trkpt lat="31.97801596485078334808349609375" lon="118.8320569507777690887451171875">
        <ele>6.80000019073486328125</ele>
        <time>2024-06-23T11:49:49.000Z</time>
        <extensions>
          <ns3:TrackPointExtension>
            <ns3:hr>174</ns3:hr>
            <ns3:cad>88</ns3:cad>
          </ns3:TrackPointExtension>
        </extensions>
      </trkpt>
      <trkpt lat="31.978045888245105743408203125" lon="118.8320713676512241363525390625">
        <ele>6.80000019073486328125</ele>
        <time>2024-06-23T11:49:50.000Z</time>
        <extensions>
          <ns3:TrackPointExtension>
            <ns3:hr>174</ns3:hr>
            <ns3:cad>87</ns3:cad>
          </ns3:TrackPointExtension>
        </extensions>
      </trkpt>
      <trkpt lat="31.97807706892490386962890625" lon="118.83208653889596462249755859375">
        <ele>6.80000019073486328125</ele>
        <time>2024-06-23T11:49:51.000Z</time>
        <extensions>
          <ns3:TrackPointExtension>
            <ns3:hr>173</ns3:hr>
            <ns3:cad>87</ns3:cad>
          </ns3:TrackPointExtension>
        </extensions>
      </trkpt>
      <trkpt lat="31.9781067408621311187744140625" lon="118.8321028836071491241455078125">
        <ele>6.80000019073486328125</ele>
        <time>2024-06-23T11:49:52.000Z</time>
        <extensions>
          <ns3:TrackPointExtension>
            <ns3:hr>173</ns3:hr>
            <ns3:cad>87</ns3:cad>
          </ns3:TrackPointExtension>
        </extensions>
      </trkpt>
      <trkpt lat="31.9781355746090412139892578125" lon="118.83211545646190643310546875">
        <ele>6.80000019073486328125</ele>
        <time>2024-06-23T11:49:53.000Z</time>
        <extensions>
          <ns3:TrackPointExtension>
            <ns3:hr>173</ns3:hr>
            <ns3:cad>86</ns3:cad>
          </ns3:TrackPointExtension>
        </extensions>
      </trkpt>
      <trkpt lat="31.9781667552888393402099609375" lon="118.832132555544376373291015625">
        <ele>6.80000019073486328125</ele>
        <time>2024-06-23T11:49:54.000Z</time>
        <extensions>
          <ns3:TrackPointExtension>
            <ns3:hr>173</ns3:hr>
            <ns3:cad>86</ns3:cad>
          </ns3:TrackPointExtension>
        </extensions>
      </trkpt>
      <trkpt lat="31.97819667868316173553466796875" lon="118.8321411050856113433837890625">
        <ele>6.80000019073486328125</ele>
        <time>2024-06-23T11:49:55.000Z</time>
        <extensions>
          <ns3:TrackPointExtension>
            <ns3:hr>174</ns3:hr>
            <ns3:cad>86</ns3:cad>
          </ns3:TrackPointExtension>
        </extensions>
      </trkpt>
      <trkpt lat="31.97822869755327701568603515625" lon="118.83215568959712982177734375">
        <ele>6.80000019073486328125</ele>
        <time>2024-06-23T11:49:56.000Z</time>
        <extensions>
          <ns3:TrackPointExtension>
            <ns3:hr>174</ns3:hr>
            <ns3:cad>87</ns3:cad>
          </ns3:TrackPointExtension>
        </extensions>
      </trkpt>
      <trkpt lat="31.97826038114726543426513671875" lon="118.83216465823352336883544921875">
        <ele>6.80000019073486328125</ele>
        <time>2024-06-23T11:49:57.000Z</time>
        <extensions>
          <ns3:TrackPointExtension>
            <ns3:hr>174</ns3:hr>
            <ns3:cad>87</ns3:cad>
          </ns3:TrackPointExtension>
        </extensions>
      </trkpt>
      <trkpt lat="31.9782949984073638916015625" lon="118.83217873983085155487060546875">
        <ele>6.80000019073486328125</ele>
        <time>2024-06-23T11:49:58.000Z</time>
        <extensions>
          <ns3:TrackPointExtension>
            <ns3:hr>174</ns3:hr>
            <ns3:cad>87</ns3:cad>
          </ns3:TrackPointExtension>
        </extensions>
      </trkpt>
      <trkpt lat="31.97832609526813030242919921875" lon="118.83219483308494091033935546875">
        <ele>6.80000019073486328125</ele>
        <time>2024-06-23T11:49:59.000Z</time>
        <extensions>
          <ns3:TrackPointExtension>
            <ns3:hr>175</ns3:hr>
            <ns3:cad>86</ns3:cad>
          </ns3:TrackPointExtension>
        </extensions>
      </trkpt>
      <trkpt lat="31.978361047804355621337890625" lon="118.83221159689128398895263671875">
        <ele>6.80000019073486328125</ele>
        <time>2024-06-23T11:50:00.000Z</time>
        <extensions>
          <ns3:TrackPointExtension>
            <ns3:hr>175</ns3:hr>
            <ns3:cad>87</ns3:cad>
          </ns3:TrackPointExtension>
        </extensions>
      </trkpt>
      <trkpt lat="31.97839063592255115509033203125" lon="118.8322282768785953521728515625">
        <ele>6.599999904632568359375</ele>
        <time>2024-06-23T11:50:01.000Z</time>
        <extensions>
          <ns3:TrackPointExtension>
            <ns3:hr>175</ns3:hr>
            <ns3:cad>86</ns3:cad>
          </ns3:TrackPointExtension>
        </extensions>
      </trkpt>
      <trkpt lat="31.9784222356975078582763671875" lon="118.83224152028560638427734375">
        <ele>6.599999904632568359375</ele>
        <time>2024-06-23T11:50:02.000Z</time>
        <extensions>
          <ns3:TrackPointExtension>
            <ns3:hr>175</ns3:hr>
            <ns3:cad>86</ns3:cad>
          </ns3:TrackPointExtension>
        </extensions>
      </trkpt>
      <trkpt lat="31.97845752350986003875732421875" lon="118.83226155303418636322021484375">
        <ele>6.599999904632568359375</ele>
        <time>2024-06-23T11:50:03.000Z</time>
        <extensions>
          <ns3:TrackPointExtension>
            <ns3:hr>175</ns3:hr>
            <ns3:cad>86</ns3:cad>
          </ns3:TrackPointExtension>
        </extensions>
      </trkpt>
      <trkpt lat="31.97848769836127758026123046875" lon="118.83227278478443622589111328125">
        <ele>6.599999904632568359375</ele>
        <time>2024-06-23T11:50:04.000Z</time>
        <extensions>
          <ns3:TrackPointExtension>
            <ns3:hr>175</ns3:hr>
            <ns3:cad>86</ns3:cad>
          </ns3:TrackPointExtension>
        </extensions>
      </trkpt>
      <trkpt lat="31.97852072305977344512939453125" lon="118.83228753693401813507080078125">
        <ele>6.80000019073486328125</ele>
        <time>2024-06-23T11:50:05.000Z</time>
        <extensions>
          <ns3:TrackPointExtension>
            <ns3:hr>175</ns3:hr>
            <ns3:cad>86</ns3:cad>
          </ns3:TrackPointExtension>
        </extensions>
      </trkpt>
      <trkpt lat="31.97854938916862010955810546875" lon="118.83229918777942657470703125">
        <ele>6.80000019073486328125</ele>
        <time>2024-06-23T11:50:06.000Z</time>
        <extensions>
          <ns3:TrackPointExtension>
            <ns3:hr>175</ns3:hr>
            <ns3:cad>86</ns3:cad>
          </ns3:TrackPointExtension>
        </extensions>
      </trkpt>
      <trkpt lat="31.97858073748648166656494140625" lon="118.8323107548058032989501953125">
        <ele>6.80000019073486328125</ele>
        <time>2024-06-23T11:50:07.000Z</time>
        <extensions>
          <ns3:TrackPointExtension>
            <ns3:hr>175</ns3:hr>
            <ns3:cad>86</ns3:cad>
          </ns3:TrackPointExtension>
        </extensions>
      </trkpt>
      <trkpt lat="31.9786126725375652313232421875" lon="118.83232441730797290802001953125">
        <ele>6.80000019073486328125</ele>
        <time>2024-06-23T11:50:08.000Z</time>
        <extensions>
          <ns3:TrackPointExtension>
            <ns3:hr>175</ns3:hr>
            <ns3:cad>86</ns3:cad>
          </ns3:TrackPointExtension>
        </extensions>
      </trkpt>
      <trkpt lat="31.97864527814090251922607421875" lon="118.83233782835304737091064453125">
        <ele>6.80000019073486328125</ele>
        <time>2024-06-23T11:50:09.000Z</time>
        <extensions>
          <ns3:TrackPointExtension>
            <ns3:hr>175</ns3:hr>
            <ns3:cad>86</ns3:cad>
          </ns3:TrackPointExtension>
        </extensions>
      </trkpt>
      <trkpt lat="31.97868190705776214599609375" lon="118.83235283195972442626953125">
        <ele>6.80000019073486328125</ele>
        <time>2024-06-23T11:50:10.000Z</time>
        <extensions>
          <ns3:TrackPointExtension>
            <ns3:hr>175</ns3:hr>
            <ns3:cad>86</ns3:cad>
          </ns3:TrackPointExtension>
        </extensions>
      </trkpt>
      <trkpt lat="31.9787139259278774261474609375" lon="118.83236297406256198883056640625">
        <ele>6.80000019073486328125</ele>
        <time>2024-06-23T11:50:11.000Z</time>
        <extensions>
          <ns3:TrackPointExtension>
            <ns3:hr>175</ns3:hr>
            <ns3:cad>86</ns3:cad>
          </ns3:TrackPointExtension>
        </extensions>
      </trkpt>
      <trkpt lat="31.9787481240928173065185546875" lon="118.83237923495471477508544921875">
        <ele>6.80000019073486328125</ele>
        <time>2024-06-23T11:50:12.000Z</time>
        <extensions>
          <ns3:TrackPointExtension>
            <ns3:hr>175</ns3:hr>
            <ns3:cad>85</ns3:cad>
          </ns3:TrackPointExtension>
        </extensions>
      </trkpt>
      <trkpt lat="31.978779137134552001953125" lon="118.832392729818820953369140625">
        <ele>6.80000019073486328125</ele>
        <time>2024-06-23T11:50:13.000Z</time>
        <extensions>
          <ns3:TrackPointExtension>
            <ns3:hr>175</ns3:hr>
            <ns3:cad>86</ns3:cad>
          </ns3:TrackPointExtension>
        </extensions>
      </trkpt>
      <trkpt lat="31.9788145087659358978271484375" lon="118.83241393603384494781494140625">
        <ele>6.80000019073486328125</ele>
        <time>2024-06-23T11:50:14.000Z</time>
        <extensions>
          <ns3:TrackPointExtension>
            <ns3:hr>175</ns3:hr>
            <ns3:cad>87</ns3:cad>
          </ns3:TrackPointExtension>
        </extensions>
      </trkpt>
      <trkpt lat="31.97884644381701946258544921875" lon="118.83243002928793430328369140625">
        <ele>6.80000019073486328125</ele>
        <time>2024-06-23T11:50:15.000Z</time>
        <extensions>
          <ns3:TrackPointExtension>
            <ns3:hr>175</ns3:hr>
            <ns3:cad>87</ns3:cad>
          </ns3:TrackPointExtension>
        </extensions>
      </trkpt>
      <trkpt lat="31.9788805581629276275634765625" lon="118.83244360797107219696044921875">
        <ele>6.80000019073486328125</ele>
        <time>2024-06-23T11:50:16.000Z</time>
        <extensions>
          <ns3:TrackPointExtension>
            <ns3:hr>175</ns3:hr>
            <ns3:cad>87</ns3:cad>
          </ns3:TrackPointExtension>
        </extensions>
      </trkpt>
      <trkpt lat="31.97891349904239177703857421875" lon="118.83246020413935184478759765625">
        <ele>6.80000019073486328125</ele>
        <time>2024-06-23T11:50:17.000Z</time>
        <extensions>
          <ns3:TrackPointExtension>
            <ns3:hr>175</ns3:hr>
            <ns3:cad>87</ns3:cad>
          </ns3:TrackPointExtension>
        </extensions>
      </trkpt>
      <trkpt lat="31.97894610464572906494140625" lon="118.83247160352766513824462890625">
        <ele>6.80000019073486328125</ele>
        <time>2024-06-23T11:50:18.000Z</time>
        <extensions>
          <ns3:TrackPointExtension>
            <ns3:hr>176</ns3:hr>
            <ns3:cad>86</ns3:cad>
          </ns3:TrackPointExtension>
        </extensions>
      </trkpt>
      <trkpt lat="31.97898323647677898406982421875" lon="118.8324901275336742401123046875">
        <ele>6.80000019073486328125</ele>
        <time>2024-06-23T11:50:19.000Z</time>
        <extensions>
          <ns3:TrackPointExtension>
            <ns3:hr>176</ns3:hr>
            <ns3:cad>86</ns3:cad>
          </ns3:TrackPointExtension>
        </extensions>
      </trkpt>
      <trkpt lat="31.97901056148111820220947265625" lon="118.8325001858174800872802734375">
        <ele>6.80000019073486328125</ele>
        <time>2024-06-23T11:50:20.000Z</time>
        <extensions>
          <ns3:TrackPointExtension>
            <ns3:hr>176</ns3:hr>
            <ns3:cad>87</ns3:cad>
          </ns3:TrackPointExtension>
        </extensions>
      </trkpt>
      <trkpt lat="31.9790458492934703826904296875" lon="118.83251954801380634307861328125">
        <ele>6.80000019073486328125</ele>
        <time>2024-06-23T11:50:21.000Z</time>
        <extensions>
          <ns3:TrackPointExtension>
            <ns3:hr>176</ns3:hr>
            <ns3:cad>87</ns3:cad>
          </ns3:TrackPointExtension>
        </extensions>
      </trkpt>
      <trkpt lat="31.9790756888687610626220703125" lon="118.83253522217273712158203125">
        <ele>6.80000019073486328125</ele>
        <time>2024-06-23T11:50:22.000Z</time>
        <extensions>
          <ns3:TrackPointExtension>
            <ns3:hr>176</ns3:hr>
            <ns3:cad>86</ns3:cad>
          </ns3:TrackPointExtension>
        </extensions>
      </trkpt>
      <trkpt lat="31.97911181487143039703369140625" lon="118.8325545005500316619873046875">
        <ele>6.80000019073486328125</ele>
        <time>2024-06-23T11:50:23.000Z</time>
        <extensions>
          <ns3:TrackPointExtension>
            <ns3:hr>176</ns3:hr>
            <ns3:cad>86</ns3:cad>
          </ns3:TrackPointExtension>
        </extensions>
      </trkpt>
      <trkpt lat="31.9791440851986408233642578125" lon="118.83255693130195140838623046875">
        <ele>6.80000019073486328125</ele>
        <time>2024-06-23T11:50:24.000Z</time>
        <extensions>
          <ns3:TrackPointExtension>
            <ns3:hr>176</ns3:hr>
            <ns3:cad>86</ns3:cad>
          </ns3:TrackPointExtension>
        </extensions>
      </trkpt>
      <trkpt lat="31.979175098240375518798828125" lon="118.83256472647190093994140625">
        <ele>6.80000019073486328125</ele>
        <time>2024-06-23T11:50:25.000Z</time>
        <extensions>
          <ns3:TrackPointExtension>
            <ns3:hr>176</ns3:hr>
            <ns3:cad>86</ns3:cad>
          </ns3:TrackPointExtension>
        </extensions>
      </trkpt>
      <trkpt lat="31.97920854203402996063232421875" lon="118.8325761258602142333984375">
        <ele>6.80000019073486328125</ele>
        <time>2024-06-23T11:50:26.000Z</time>
        <extensions>
          <ns3:TrackPointExtension>
            <ns3:hr>176</ns3:hr>
            <ns3:cad>86</ns3:cad>
          </ns3:TrackPointExtension>
        </extensions>
      </trkpt>
      <trkpt lat="31.97923921979963779449462890625" lon="118.83258744142949581146240234375">
        <ele>6.80000019073486328125</ele>
        <time>2024-06-23T11:50:27.000Z</time>
        <extensions>
          <ns3:TrackPointExtension>
            <ns3:hr>176</ns3:hr>
            <ns3:cad>86</ns3:cad>
          </ns3:TrackPointExtension>
        </extensions>
      </trkpt>
      <trkpt lat="31.97926998138427734375" lon="118.8326002657413482666015625">
        <ele>6.80000019073486328125</ele>
        <time>2024-06-23T11:50:28.000Z</time>
        <extensions>
          <ns3:TrackPointExtension>
            <ns3:hr>176</ns3:hr>
            <ns3:cad>86</ns3:cad>
          </ns3:TrackPointExtension>
        </extensions>
      </trkpt>
      <trkpt lat="31.97930258698761463165283203125" lon="118.8326064683496952056884765625">
        <ele>6.80000019073486328125</ele>
        <time>2024-06-23T11:50:29.000Z</time>
        <extensions>
          <ns3:TrackPointExtension>
            <ns3:hr>176</ns3:hr>
            <ns3:cad>86</ns3:cad>
          </ns3:TrackPointExtension>
        </extensions>
      </trkpt>
      <trkpt lat="31.97933770716190338134765625" lon="118.83262348361313343048095703125">
        <ele>7</ele>
        <time>2024-06-23T11:50:30.000Z</time>
        <extensions>
          <ns3:TrackPointExtension>
            <ns3:hr>176</ns3:hr>
            <ns3:cad>87</ns3:cad>
          </ns3:TrackPointExtension>
        </extensions>
      </trkpt>
      <trkpt lat="31.97936662472784519195556640625" lon="118.8326399959623813629150390625">
        <ele>7</ele>
        <time>2024-06-23T11:50:31.000Z</time>
        <extensions>
          <ns3:TrackPointExtension>
            <ns3:hr>176</ns3:hr>
            <ns3:cad>87</ns3:cad>
          </ns3:TrackPointExtension>
        </extensions>
      </trkpt>
      <trkpt lat="31.97940166108310222625732421875" lon="118.8326564244925975799560546875">
        <ele>7</ele>
        <time>2024-06-23T11:50:32.000Z</time>
        <extensions>
          <ns3:TrackPointExtension>
            <ns3:hr>176</ns3:hr>
            <ns3:cad>87</ns3:cad>
          </ns3:TrackPointExtension>
        </extensions>
      </trkpt>
      <trkpt lat="31.97941959835588932037353515625" lon="118.83266505785286426544189453125">
        <ele>7</ele>
        <time>2024-06-23T11:50:33.000Z</time>
        <extensions>
          <ns3:TrackPointExtension>
            <ns3:hr>176</ns3:hr>
            <ns3:cad>87</ns3:cad>
          </ns3:TrackPointExtension>
        </extensions>
      </trkpt>
      <trkpt lat="31.97943652980029582977294921875" lon="118.83267058990895748138427734375">
        <ele>7</ele>
        <time>2024-06-23T11:50:34.000Z</time>
        <extensions>
          <ns3:TrackPointExtension>
            <ns3:hr>176</ns3:hr>
            <ns3:cad>87</ns3:cad>
          </ns3:TrackPointExtension>
        </extensions>
      </trkpt>
      <trkpt lat="31.97944105602800846099853515625" lon="118.83267763070762157440185546875">
        <ele>7</ele>
        <time>2024-06-23T11:50:35.000Z</time>
        <extensions>
          <ns3:TrackPointExtension>
            <ns3:hr>176</ns3:hr>
            <ns3:cad>87</ns3:cad>
          </ns3:TrackPointExtension>
        </extensions>
      </trkpt>
      <trkpt lat="31.97944994084537029266357421875" lon="118.83268366567790508270263671875">
        <ele>7.19999980926513671875</ele>
        <time>2024-06-23T11:50:36.000Z</time>
        <extensions>
          <ns3:TrackPointExtension>
            <ns3:hr>176</ns3:hr>
            <ns3:cad>87</ns3:cad>
          </ns3:TrackPointExtension>
        </extensions>
      </trkpt>
      <trkpt lat="31.9794609211385250091552734375" lon="118.83269271813333034515380859375">
        <ele>7.19999980926513671875</ele>
        <time>2024-06-23T11:50:37.000Z</time>
        <extensions>
          <ns3:TrackPointExtension>
            <ns3:hr>176</ns3:hr>
            <ns3:cad>87</ns3:cad>
          </ns3:TrackPointExtension>
        </extensions>
      </trkpt>
      <trkpt lat="31.97947173379361629486083984375" lon="118.83269892074167728424072265625">
        <ele>7.19999980926513671875</ele>
        <time>2024-06-23T11:50:38.000Z</time>
        <extensions>
          <ns3:TrackPointExtension>
            <ns3:hr>176</ns3:hr>
            <ns3:cad>87</ns3:cad>
          </ns3:TrackPointExtension>
        </extensions>
      </trkpt>
      <trkpt lat="31.979481875896453857421875" lon="118.8327080570161342620849609375">
        <ele>7.19999980926513671875</ele>
        <time>2024-06-23T11:50:39.000Z</time>
        <extensions>
          <ns3:TrackPointExtension>
            <ns3:hr>176</ns3:hr>
            <ns3:cad>87</ns3:cad>
          </ns3:TrackPointExtension>
        </extensions>
      </trkpt>
      <trkpt lat="31.97948765940964221954345703125" lon="118.8327127508819103240966796875">
        <ele>7.19999980926513671875</ele>
        <time>2024-06-23T11:50:40.000Z</time>
        <extensions>
          <ns3:TrackPointExtension>
            <ns3:hr>176</ns3:hr>
            <ns3:cad>87</ns3:cad>
          </ns3:TrackPointExtension>
        </extensions>
      </trkpt>
      <trkpt lat="31.9794957898557186126708984375" lon="118.832715265452861785888671875">
        <ele>7.19999980926513671875</ele>
        <time>2024-06-23T11:50:41.000Z</time>
        <extensions>
          <ns3:TrackPointExtension>
            <ns3:hr>176</ns3:hr>
            <ns3:cad>58</ns3:cad>
          </ns3:TrackPointExtension>
        </extensions>
      </trkpt>
      <trkpt lat="31.97950090281665325164794921875" lon="118.8327144272625446319580078125">
        <ele>7.400000095367431640625</ele>
        <time>2024-06-23T11:50:42.000Z</time>
        <extensions>
          <ns3:TrackPointExtension>
            <ns3:hr>176</ns3:hr>
            <ns3:cad>58</ns3:cad>
          </ns3:TrackPointExtension>
        </extensions>
      </trkpt>
      <trkpt lat="31.9794988073408603668212890625" lon="118.83270822465419769287109375">
        <ele>7.400000095367431640625</ele>
        <time>2024-06-23T11:50:43.000Z</time>
        <extensions>
          <ns3:TrackPointExtension>
            <ns3:hr>175</ns3:hr>
            <ns3:cad>58</ns3:cad>
          </ns3:TrackPointExtension>
        </extensions>
      </trkpt>
      <trkpt lat="31.9794921018183231353759765625" lon="118.83270177058875560760498046875">
        <ele>7.400000095367431640625</ele>
        <time>2024-06-23T11:50:44.000Z</time>
        <extensions>
          <ns3:TrackPointExtension>
            <ns3:hr>175</ns3:hr>
            <ns3:cad>58</ns3:cad>
          </ns3:TrackPointExtension>
        </extensions>
      </trkpt>
      <trkpt lat="31.9794870726764202117919921875" lon="118.8326969929039478302001953125">
        <ele>7.400000095367431640625</ele>
        <time>2024-06-23T11:50:45.000Z</time>
        <extensions>
          <ns3:TrackPointExtension>
            <ns3:hr>174</ns3:hr>
            <ns3:cad>58</ns3:cad>
          </ns3:TrackPointExtension>
        </extensions>
      </trkpt>
      <trkpt lat="31.97947273962199687957763671875" lon="118.8326879404485225677490234375">
        <ele>7.400000095367431640625</ele>
        <time>2024-06-23T11:50:46.000Z</time>
        <extensions>
          <ns3:TrackPointExtension>
            <ns3:hr>174</ns3:hr>
            <ns3:cad>55</ns3:cad>
          </ns3:TrackPointExtension>
        </extensions>
      </trkpt>
      <trkpt lat="31.97946234606206417083740234375" lon="118.8326829113066196441650390625">
        <ele>7.400000095367431640625</ele>
        <time>2024-06-23T11:50:47.000Z</time>
        <extensions>
          <ns3:TrackPointExtension>
            <ns3:hr>174</ns3:hr>
            <ns3:cad>55</ns3:cad>
          </ns3:TrackPointExtension>
        </extensions>
      </trkpt>
      <trkpt lat="31.979447342455387115478515625" lon="118.83267712779343128204345703125">
        <ele>7.400000095367431640625</ele>
        <time>2024-06-23T11:50:48.000Z</time>
        <extensions>
          <ns3:TrackPointExtension>
            <ns3:hr>173</ns3:hr>
            <ns3:cad>55</ns3:cad>
          </ns3:TrackPointExtension>
        </extensions>
      </trkpt>
      <trkpt lat="31.97943837381899356842041015625" lon="118.83267159573733806610107421875">
        <ele>7.400000095367431640625</ele>
        <time>2024-06-23T11:50:49.000Z</time>
        <extensions>
          <ns3:TrackPointExtension>
            <ns3:hr>173</ns3:hr>
            <ns3:cad>0</ns3:cad>
          </ns3:TrackPointExtension>
        </extensions>
      </trkpt>
      <trkpt lat="31.979429237544536590576171875" lon="118.8326711766421794891357421875">
        <ele>7.19999980926513671875</ele>
        <time>2024-06-23T11:50:50.000Z</time>
        <extensions>
          <ns3:TrackPointExtension>
            <ns3:hr>173</ns3:hr>
            <ns3:cad>0</ns3:cad>
          </ns3:TrackPointExtension>
        </extensions>
      </trkpt>
      <trkpt lat="31.97942043654620647430419921875" lon="118.8326688297092914581298828125">
        <ele>7.19999980926513671875</ele>
        <time>2024-06-23T11:50:51.000Z</time>
        <extensions>
          <ns3:TrackPointExtension>
            <ns3:hr>173</ns3:hr>
            <ns3:cad>0</ns3:cad>
          </ns3:TrackPointExtension>
        </extensions>
      </trkpt>
      <trkpt lat="31.97941205464303493499755859375" lon="118.83266530930995941162109375">
        <ele>7.19999980926513671875</ele>
        <time>2024-06-23T11:50:52.000Z</time>
        <extensions>
          <ns3:TrackPointExtension>
            <ns3:hr>172</ns3:hr>
            <ns3:cad>57</ns3:cad>
          </ns3:TrackPointExtension>
        </extensions>
      </trkpt>
      <trkpt lat="31.97940266691148281097412109375" lon="118.83266103453934192657470703125">
        <ele>7.19999980926513671875</ele>
        <time>2024-06-23T11:50:53.000Z</time>
        <extensions>
          <ns3:TrackPointExtension>
            <ns3:hr>172</ns3:hr>
            <ns3:cad>57</ns3:cad>
          </ns3:TrackPointExtension>
        </extensions>
      </trkpt>
      <trkpt lat="31.97939512319862842559814453125" lon="118.832656256854534149169921875">
        <ele>7.19999980926513671875</ele>
        <time>2024-06-23T11:50:54.000Z</time>
        <extensions>
          <ns3:TrackPointExtension>
            <ns3:hr>172</ns3:hr>
            <ns3:cad>57</ns3:cad>
          </ns3:TrackPointExtension>
        </extensions>
      </trkpt>
      <trkpt lat="31.97938774712383747100830078125" lon="118.8326524011790752410888671875">
        <ele>7.19999980926513671875</ele>
        <time>2024-06-23T11:50:55.000Z</time>
        <extensions>
          <ns3:TrackPointExtension>
            <ns3:hr>172</ns3:hr>
            <ns3:cad>0</ns3:cad>
          </ns3:TrackPointExtension>
        </extensions>
      </trkpt>
      <trkpt lat="31.9793777726590633392333984375" lon="118.8326477073132991790771484375">
        <ele>7.19999980926513671875</ele>
        <time>2024-06-23T11:50:56.000Z</time>
        <extensions>
          <ns3:TrackPointExtension>
            <ns3:hr>171</ns3:hr>
            <ns3:cad>0</ns3:cad>
          </ns3:TrackPointExtension>
        </extensions>
      </trkpt>
      <trkpt lat="31.97936813347041606903076171875" lon="118.8326431810855865478515625">
        <ele>7.19999980926513671875</ele>
        <time>2024-06-23T11:50:57.000Z</time>
        <extensions>
          <ns3:TrackPointExtension>
            <ns3:hr>171</ns3:hr>
            <ns3:cad>54</ns3:cad>
          </ns3:TrackPointExtension>
        </extensions>
      </trkpt>
      <trkpt lat="31.9793569855391979217529296875" lon="118.83263790048658847808837890625">
        <ele>7.19999980926513671875</ele>
        <time>2024-06-23T11:50:58.000Z</time>
        <extensions>
          <ns3:TrackPointExtension>
            <ns3:hr>170</ns3:hr>
            <ns3:cad>54</ns3:cad>
          </ns3:TrackPointExtension>
        </extensions>
      </trkpt>
      <trkpt lat="31.97934566996991634368896484375" lon="118.83263153024017810821533203125">
        <ele>7.19999980926513671875</ele>
        <time>2024-06-23T11:50:59.000Z</time>
        <extensions>
          <ns3:TrackPointExtension>
            <ns3:hr>170</ns3:hr>
            <ns3:cad>54</ns3:cad>
          </ns3:TrackPointExtension>
        </extensions>
      </trkpt>
      <trkpt lat="31.97933527640998363494873046875" lon="118.83262616582214832305908203125">
        <ele>7.19999980926513671875</ele>
        <time>2024-06-23T11:51:00.000Z</time>
        <extensions>
          <ns3:TrackPointExtension>
            <ns3:hr>169</ns3:hr>
            <ns3:cad>53</ns3:cad>
          </ns3:TrackPointExtension>
        </extensions>
      </trkpt>
      <trkpt lat="31.97932429611682891845703125" lon="118.83262029848992824554443359375">
        <ele>7.19999980926513671875</ele>
        <time>2024-06-23T11:51:01.000Z</time>
        <extensions>
          <ns3:TrackPointExtension>
            <ns3:hr>169</ns3:hr>
            <ns3:cad>53</ns3:cad>
          </ns3:TrackPointExtension>
        </extensions>
      </trkpt>
      <trkpt lat="31.979315914213657379150390625" lon="118.83261426351964473724365234375">
        <ele>7.19999980926513671875</ele>
        <time>2024-06-23T11:51:02.000Z</time>
        <extensions>
          <ns3:TrackPointExtension>
            <ns3:hr>168</ns3:hr>
            <ns3:cad>53</ns3:cad>
          </ns3:TrackPointExtension>
        </extensions>
      </trkpt>
      <trkpt lat="31.9793160818517208099365234375" lon="118.8326088152825832366943359375">
        <ele>7.19999980926513671875</ele>
        <time>2024-06-23T11:51:03.000Z</time>
        <extensions>
          <ns3:TrackPointExtension>
            <ns3:hr>168</ns3:hr>
            <ns3:cad>53</ns3:cad>
          </ns3:TrackPointExtension>
        </extensions>
      </trkpt>
      <trkpt lat="31.97930686175823211669921875" lon="118.83260470815002918243408203125">
        <ele>7.19999980926513671875</ele>
        <time>2024-06-23T11:51:04.000Z</time>
        <extensions>
          <ns3:TrackPointExtension>
            <ns3:hr>167</ns3:hr>
            <ns3:cad>52</ns3:cad>
          </ns3:TrackPointExtension>
        </extensions>
      </trkpt>
      <trkpt lat="31.97929319925606250762939453125" lon="118.83259951137006282806396484375">
        <ele>7.19999980926513671875</ele>
        <time>2024-06-23T11:51:05.000Z</time>
        <extensions>
          <ns3:TrackPointExtension>
            <ns3:hr>167</ns3:hr>
            <ns3:cad>52</ns3:cad>
          </ns3:TrackPointExtension>
        </extensions>
      </trkpt>
      <trkpt lat="31.9792818836867809295654296875" lon="118.83259825408458709716796875">
        <ele>7.19999980926513671875</ele>
        <time>2024-06-23T11:51:06.000Z</time>
        <extensions>
          <ns3:TrackPointExtension>
            <ns3:hr>167</ns3:hr>
            <ns3:cad>52</ns3:cad>
          </ns3:TrackPointExtension>
        </extensions>
      </trkpt>
      <trkpt lat="31.9792714901268482208251953125" lon="118.83259867317974567413330078125">
        <ele>7.19999980926513671875</ele>
        <time>2024-06-23T11:51:07.000Z</time>
        <extensions>
          <ns3:TrackPointExtension>
            <ns3:hr>166</ns3:hr>
            <ns3:cad>52</ns3:cad>
          </ns3:TrackPointExtension>
        </extensions>
      </trkpt>
      <trkpt lat="31.97926118038594722747802734375" lon="118.8325990922749042510986328125">
        <ele>7.19999980926513671875</ele>
        <time>2024-06-23T11:51:08.000Z</time>
        <extensions>
          <ns3:TrackPointExtension>
            <ns3:hr>166</ns3:hr>
            <ns3:cad>52</ns3:cad>
          </ns3:TrackPointExtension>
        </extensions>
      </trkpt>
      <trkpt lat="31.9792557321488857269287109375" lon="118.83259749971330165863037109375">
        <ele>7.19999980926513671875</ele>
        <time>2024-06-23T11:51:09.000Z</time>
        <extensions>
          <ns3:TrackPointExtension>
            <ns3:hr>165</ns3:hr>
            <ns3:cad>52</ns3:cad>
          </ns3:TrackPointExtension>
        </extensions>
      </trkpt>
      <trkpt lat="31.979241482913494110107421875" lon="118.83259431459009647369384765625">
        <ele>7.19999980926513671875</ele>
        <time>2024-06-23T11:51:10.000Z</time>
        <extensions>
          <ns3:TrackPointExtension>
            <ns3:hr>164</ns3:hr>
            <ns3:cad>52</ns3:cad>
          </ns3:TrackPointExtension>
        </extensions>
      </trkpt>
      <trkpt lat="31.97922748513519763946533203125" lon="118.832589872181415557861328125">
        <ele>7.19999980926513671875</ele>
        <time>2024-06-23T11:51:11.000Z</time>
        <extensions>
          <ns3:TrackPointExtension>
            <ns3:hr>164</ns3:hr>
            <ns3:cad>52</ns3:cad>
          </ns3:TrackPointExtension>
        </extensions>
      </trkpt>
      <trkpt lat="31.97921776212751865386962890625" lon="118.8325819931924343109130859375">
        <ele>7.19999980926513671875</ele>
        <time>2024-06-23T11:51:12.000Z</time>
        <extensions>
          <ns3:TrackPointExtension>
            <ns3:hr>163</ns3:hr>
            <ns3:cad>52</ns3:cad>
          </ns3:TrackPointExtension>
        </extensions>
      </trkpt>
      <trkpt lat="31.97921030223369598388671875" lon="118.83257369510829448699951171875">
        <ele>7.19999980926513671875</ele>
        <time>2024-06-23T11:51:13.000Z</time>
        <extensions>
          <ns3:TrackPointExtension>
            <ns3:hr>161</ns3:hr>
            <ns3:cad>52</ns3:cad>
          </ns3:TrackPointExtension>
        </extensions>
      </trkpt>
      <trkpt lat="31.97920368053019046783447265625" lon="118.8325689174234867095947265625">
        <ele>7.19999980926513671875</ele>
        <time>2024-06-23T11:51:14.000Z</time>
        <extensions>
          <ns3:TrackPointExtension>
            <ns3:hr>160</ns3:hr>
            <ns3:cad>52</ns3:cad>
          </ns3:TrackPointExtension>
        </extensions>
      </trkpt>
      <trkpt lat="31.97919496335089206695556640625" lon="118.832564391195774078369140625">
        <ele>7.19999980926513671875</ele>
        <time>2024-06-23T11:51:15.000Z</time>
        <extensions>
          <ns3:TrackPointExtension>
            <ns3:hr>159</ns3:hr>
            <ns3:cad>52</ns3:cad>
          </ns3:TrackPointExtension>
        </extensions>
      </trkpt>
      <trkpt lat="31.9791859947144985198974609375" lon="118.83256070315837860107421875">
        <ele>7.400000095367431640625</ele>
        <time>2024-06-23T11:51:16.000Z</time>
        <extensions>
          <ns3:TrackPointExtension>
            <ns3:hr>158</ns3:hr>
            <ns3:cad>52</ns3:cad>
          </ns3:TrackPointExtension>
        </extensions>
      </trkpt>
      <trkpt lat="31.979178451001644134521484375" lon="118.83255676366388797760009765625">
        <ele>7.400000095367431640625</ele>
        <time>2024-06-23T11:51:17.000Z</time>
        <extensions>
          <ns3:TrackPointExtension>
            <ns3:hr>157</ns3:hr>
            <ns3:cad>52</ns3:cad>
          </ns3:TrackPointExtension>
        </extensions>
      </trkpt>
      <trkpt lat="31.97917233221232891082763671875" lon="118.83255810476839542388916015625">
        <ele>7.400000095367431640625</ele>
        <time>2024-06-23T11:51:18.000Z</time>
        <extensions>
          <ns3:TrackPointExtension>
            <ns3:hr>155</ns3:hr>
            <ns3:cad>52</ns3:cad>
          </ns3:TrackPointExtension>
        </extensions>
      </trkpt>
      <trkpt lat="31.97916529141366481781005859375" lon="118.83255793713033199310302734375">
        <ele>7.400000095367431640625</ele>
        <time>2024-06-23T11:51:19.000Z</time>
        <extensions>
          <ns3:TrackPointExtension>
            <ns3:hr>154</ns3:hr>
            <ns3:cad>52</ns3:cad>
          </ns3:TrackPointExtension>
        </extensions>
      </trkpt>
      <trkpt lat="31.97915188036859035491943359375" lon="118.83255475200712680816650390625">
        <ele>7.400000095367431640625</ele>
        <time>2024-06-23T11:51:20.000Z</time>
        <extensions>
          <ns3:TrackPointExtension>
            <ns3:hr>153</ns3:hr>
            <ns3:cad>52</ns3:cad>
          </ns3:TrackPointExtension>
        </extensions>
      </trkpt>
      <trkpt lat="31.97913922369480133056640625" lon="118.83255131542682647705078125">
        <ele>7.19999980926513671875</ele>
        <time>2024-06-23T11:51:21.000Z</time>
        <extensions>
          <ns3:TrackPointExtension>
            <ns3:hr>153</ns3:hr>
            <ns3:cad>52</ns3:cad>
          </ns3:TrackPointExtension>
        </extensions>
      </trkpt>
      <trkpt lat="31.9791266508400440216064453125" lon="118.83254637010395526885986328125">
        <ele>7.19999980926513671875</ele>
        <time>2024-06-23T11:51:22.000Z</time>
        <extensions>
          <ns3:TrackPointExtension>
            <ns3:hr>153</ns3:hr>
            <ns3:cad>52</ns3:cad>
          </ns3:TrackPointExtension>
        </extensions>
      </trkpt>
      <trkpt lat="31.979116089642047882080078125" lon="118.8325407542288303375244140625">
        <ele>7.19999980926513671875</ele>
        <time>2024-06-23T11:51:23.000Z</time>
        <extensions>
          <ns3:TrackPointExtension>
            <ns3:hr>153</ns3:hr>
            <ns3:cad>52</ns3:cad>
          </ns3:TrackPointExtension>
        </extensions>
      </trkpt>
      <trkpt lat="31.9791055284440517425537109375" lon="118.832531869411468505859375">
        <ele>7.19999980926513671875</ele>
        <time>2024-06-23T11:51:24.000Z</time>
        <extensions>
          <ns3:TrackPointExtension>
            <ns3:hr>153</ns3:hr>
            <ns3:cad>52</ns3:cad>
          </ns3:TrackPointExtension>
        </extensions>
      </trkpt>
      <trkpt lat="31.97909354232251644134521484375" lon="118.8325249962508678436279296875">
        <ele>7.19999980926513671875</ele>
        <time>2024-06-23T11:51:25.000Z</time>
        <extensions>
          <ns3:TrackPointExtension>
            <ns3:hr>152</ns3:hr>
            <ns3:cad>54</ns3:cad>
          </ns3:TrackPointExtension>
        </extensions>
      </trkpt>
      <trkpt lat="31.9790830649435520172119140625" lon="118.83252122439444065093994140625">
        <ele>7.19999980926513671875</ele>
        <time>2024-06-23T11:51:26.000Z</time>
        <extensions>
          <ns3:TrackPointExtension>
            <ns3:hr>153</ns3:hr>
            <ns3:cad>55</ns3:cad>
          </ns3:TrackPointExtension>
        </extensions>
      </trkpt>
      <trkpt lat="31.97907459922134876251220703125" lon="118.832516781985759735107421875">
        <ele>7.19999980926513671875</ele>
        <time>2024-06-23T11:51:27.000Z</time>
        <extensions>
          <ns3:TrackPointExtension>
            <ns3:hr>151</ns3:hr>
            <ns3:cad>55</ns3:cad>
          </ns3:TrackPointExtension>
        </extensions>
      </trkpt>
      <trkpt lat="31.97906487621366977691650390625" lon="118.83251116611063480377197265625">
        <ele>7.19999980926513671875</ele>
        <time>2024-06-23T11:51:28.000Z</time>
        <extensions>
          <ns3:TrackPointExtension>
            <ns3:hr>147</ns3:hr>
            <ns3:cad>55</ns3:cad>
          </ns3:TrackPointExtension>
        </extensions>
      </trkpt>
      <trkpt lat="31.97905515320599079132080078125" lon="118.8325072266161441802978515625">
        <ele>7.19999980926513671875</ele>
        <time>2024-06-23T11:51:29.000Z</time>
        <extensions>
          <ns3:TrackPointExtension>
            <ns3:hr>140</ns3:hr>
            <ns3:cad>55</ns3:cad>
          </ns3:TrackPointExtension>
        </extensions>
      </trkpt>
      <trkpt lat="31.97904660366475582122802734375" lon="118.8325045444071292877197265625">
        <ele>7.19999980926513671875</ele>
        <time>2024-06-23T11:51:30.000Z</time>
        <extensions>
          <ns3:TrackPointExtension>
            <ns3:hr>138</ns3:hr>
            <ns3:cad>55</ns3:cad>
          </ns3:TrackPointExtension>
        </extensions>
      </trkpt>
      <trkpt lat="31.979034282267093658447265625" lon="118.83249775506556034088134765625">
        <ele>7.19999980926513671875</ele>
        <time>2024-06-23T11:51:31.000Z</time>
        <extensions>
          <ns3:TrackPointExtension>
            <ns3:hr>137</ns3:hr>
            <ns3:cad>55</ns3:cad>
          </ns3:TrackPointExtension>
        </extensions>
      </trkpt>
      <trkpt lat="31.97902665473520755767822265625" lon="118.8324928097426891326904296875">
        <ele>7.19999980926513671875</ele>
        <time>2024-06-23T11:51:32.000Z</time>
        <extensions>
          <ns3:TrackPointExtension>
            <ns3:hr>136</ns3:hr>
            <ns3:cad>55</ns3:cad>
          </ns3:TrackPointExtension>
        </extensions>
      </trkpt>
      <trkpt lat="31.97901852428913116455078125" lon="118.8324867747724056243896484375">
        <ele>7.19999980926513671875</ele>
        <time>2024-06-23T11:51:33.000Z</time>
        <extensions>
          <ns3:TrackPointExtension>
            <ns3:hr>135</ns3:hr>
            <ns3:cad>55</ns3:cad>
          </ns3:TrackPointExtension>
        </extensions>
      </trkpt>
      <trkpt lat="31.97900989092886447906494140625" lon="118.832483254373073577880859375">
        <ele>7.19999980926513671875</ele>
        <time>2024-06-23T11:51:34.000Z</time>
        <extensions>
          <ns3:TrackPointExtension>
            <ns3:hr>135</ns3:hr>
            <ns3:cad>55</ns3:cad>
          </ns3:TrackPointExtension>
        </extensions>
      </trkpt>
      <trkpt lat="31.97900117374956607818603515625" lon="118.8324795663356781005859375">
        <ele>7.19999980926513671875</ele>
        <time>2024-06-23T11:51:35.000Z</time>
        <extensions>
          <ns3:TrackPointExtension>
            <ns3:hr>135</ns3:hr>
            <ns3:cad>53</ns3:cad>
          </ns3:TrackPointExtension>
        </extensions>
      </trkpt>
      <trkpt lat="31.97899295948445796966552734375" lon="118.8324747048318386077880859375">
        <ele>7.19999980926513671875</ele>
        <time>2024-06-23T11:51:36.000Z</time>
        <extensions>
          <ns3:TrackPointExtension>
            <ns3:hr>134</ns3:hr>
            <ns3:cad>53</ns3:cad>
          </ns3:TrackPointExtension>
        </extensions>
      </trkpt>
      <trkpt lat="31.978982985019683837890625" lon="118.83247043006122112274169921875">
        <ele>7.19999980926513671875</ele>
        <time>2024-06-23T11:51:37.000Z</time>
        <extensions>
          <ns3:TrackPointExtension>
            <ns3:hr>134</ns3:hr>
            <ns3:cad>53</ns3:cad>
          </ns3:TrackPointExtension>
        </extensions>
      </trkpt>
      <trkpt lat="31.978971920907497406005859375" lon="118.83246523328125476837158203125">
        <ele>7.19999980926513671875</ele>
        <time>2024-06-23T11:51:38.000Z</time>
        <extensions>
          <ns3:TrackPointExtension>
            <ns3:hr>134</ns3:hr>
            <ns3:cad>53</ns3:cad>
          </ns3:TrackPointExtension>
        </extensions>
      </trkpt>
      <trkpt lat="31.97896027006208896636962890625" lon="118.83246037177741527557373046875">
        <ele>7.19999980926513671875</ele>
        <time>2024-06-23T11:51:39.000Z</time>
        <extensions>
          <ns3:TrackPointExtension>
            <ns3:hr>133</ns3:hr>
            <ns3:cad>53</ns3:cad>
          </ns3:TrackPointExtension>
        </extensions>
      </trkpt>
      <trkpt lat="31.97894736193120479583740234375" lon="118.83245634846389293670654296875">
        <ele>7.19999980926513671875</ele>
        <time>2024-06-23T11:51:40.000Z</time>
        <extensions>
          <ns3:TrackPointExtension>
            <ns3:hr>132</ns3:hr>
            <ns3:cad>54</ns3:cad>
          </ns3:TrackPointExtension>
        </extensions>
      </trkpt>
      <trkpt lat="31.978942416608333587646484375" lon="118.83245685137808322906494140625">
        <ele>7.19999980926513671875</ele>
        <time>2024-06-23T11:51:41.000Z</time>
        <extensions>
          <ns3:TrackPointExtension>
            <ns3:hr>131</ns3:hr>
            <ns3:cad>54</ns3:cad>
          </ns3:TrackPointExtension>
        </extensions>
      </trkpt>
      <trkpt lat="31.97892867028713226318359375" lon="118.83245366625487804412841796875">
        <ele>7.19999980926513671875</ele>
        <time>2024-06-23T11:51:42.000Z</time>
        <extensions>
          <ns3:TrackPointExtension>
            <ns3:hr>130</ns3:hr>
            <ns3:cad>54</ns3:cad>
          </ns3:TrackPointExtension>
        </extensions>
      </trkpt>
      <trkpt lat="31.97891567833721637725830078125" lon="118.83244863711297512054443359375">
        <ele>7</ele>
        <time>2024-06-23T11:51:43.000Z</time>
        <extensions>
          <ns3:TrackPointExtension>
            <ns3:hr>129</ns3:hr>
            <ns3:cad>54</ns3:cad>
          </ns3:TrackPointExtension>
        </extensions>
      </trkpt>
      <trkpt lat="31.978909559547901153564453125" lon="118.832441680133342742919921875">
        <ele>7</ele>
        <time>2024-06-23T11:51:44.000Z</time>
        <extensions>
          <ns3:TrackPointExtension>
            <ns3:hr>128</ns3:hr>
            <ns3:cad>54</ns3:cad>
          </ns3:TrackPointExtension>
        </extensions>
      </trkpt>
      <trkpt lat="31.978898830711841583251953125" lon="118.8324361480772495269775390625">
        <ele>7</ele>
        <time>2024-06-23T11:51:45.000Z</time>
        <extensions>
          <ns3:TrackPointExtension>
            <ns3:hr>127</ns3:hr>
            <ns3:cad>54</ns3:cad>
          </ns3:TrackPointExtension>
        </extensions>
      </trkpt>
      <trkpt lat="31.97888717986643314361572265625" lon="118.8324317894876003265380859375">
        <ele>7</ele>
        <time>2024-06-23T11:51:46.000Z</time>
        <extensions>
          <ns3:TrackPointExtension>
            <ns3:hr>127</ns3:hr>
            <ns3:cad>54</ns3:cad>
          </ns3:TrackPointExtension>
        </extensions>
      </trkpt>
      <trkpt lat="31.97887343354523181915283203125" lon="118.83242617361247539520263671875">
        <ele>7</ele>
        <time>2024-06-23T11:51:47.000Z</time>
        <extensions>
          <ns3:TrackPointExtension>
            <ns3:hr>127</ns3:hr>
            <ns3:cad>54</ns3:cad>
          </ns3:TrackPointExtension>
        </extensions>
      </trkpt>
      <trkpt lat="31.978865973651409149169921875" lon="118.8324210606515407562255859375">
        <ele>7</ele>
        <time>2024-06-23T11:51:48.000Z</time>
        <extensions>
          <ns3:TrackPointExtension>
            <ns3:hr>126</ns3:hr>
            <ns3:cad>54</ns3:cad>
          </ns3:TrackPointExtension>
        </extensions>
      </trkpt>
      <trkpt lat="31.97885801084339618682861328125" lon="118.83241846226155757904052734375">
        <ele>7</ele>
        <time>2024-06-23T11:51:49.000Z</time>
        <extensions>
          <ns3:TrackPointExtension>
            <ns3:hr>126</ns3:hr>
            <ns3:cad>54</ns3:cad>
          </ns3:TrackPointExtension>
        </extensions>
      </trkpt>
      <trkpt lat="31.97884577326476573944091796875" lon="118.83241343311965465545654296875">
        <ele>7</ele>
        <time>2024-06-23T11:51:50.000Z</time>
        <extensions>
          <ns3:TrackPointExtension>
            <ns3:hr>125</ns3:hr>
            <ns3:cad>54</ns3:cad>
          </ns3:TrackPointExtension>
        </extensions>
      </trkpt>
      <trkpt lat="31.97883504442870616912841796875" lon="118.83240890689194202423095703125">
        <ele>7</ele>
        <time>2024-06-23T11:51:51.000Z</time>
        <extensions>
          <ns3:TrackPointExtension>
            <ns3:hr>125</ns3:hr>
            <ns3:cad>54</ns3:cad>
          </ns3:TrackPointExtension>
        </extensions>
      </trkpt>
      <trkpt lat="31.978826411068439483642578125" lon="118.83240438066422939300537109375">
        <ele>7</ele>
        <time>2024-06-23T11:51:52.000Z</time>
        <extensions>
          <ns3:TrackPointExtension>
            <ns3:hr>125</ns3:hr>
            <ns3:cad>48</ns3:cad>
          </ns3:TrackPointExtension>
        </extensions>
      </trkpt>
      <trkpt lat="31.978818364441394805908203125" lon="118.8323985971510410308837890625">
        <ele>7</ele>
        <time>2024-06-23T11:51:53.000Z</time>
        <extensions>
          <ns3:TrackPointExtension>
            <ns3:hr>126</ns3:hr>
            <ns3:cad>48</ns3:cad>
          </ns3:TrackPointExtension>
        </extensions>
      </trkpt>
      <trkpt lat="31.97880797088146209716796875" lon="118.8323942385613918304443359375">
        <ele>6.80000019073486328125</ele>
        <time>2024-06-23T11:51:54.000Z</time>
        <extensions>
          <ns3:TrackPointExtension>
            <ns3:hr>126</ns3:hr>
            <ns3:cad>53</ns3:cad>
          </ns3:TrackPointExtension>
        </extensions>
      </trkpt>
      <trkpt lat="31.9787992537021636962890625" lon="118.8323918916285037994384765625">
        <ele>6.80000019073486328125</ele>
        <time>2024-06-23T11:51:55.000Z</time>
        <extensions>
          <ns3:TrackPointExtension>
            <ns3:hr>126</ns3:hr>
            <ns3:cad>53</ns3:cad>
          </ns3:TrackPointExtension>
        </extensions>
      </trkpt>
      <trkpt lat="31.978791542351245880126953125" lon="118.83238845504820346832275390625">
        <ele>6.80000019073486328125</ele>
        <time>2024-06-23T11:51:56.000Z</time>
        <extensions>
          <ns3:TrackPointExtension>
            <ns3:hr>125</ns3:hr>
            <ns3:cad>53</ns3:cad>
          </ns3:TrackPointExtension>
        </extensions>
      </trkpt>
      <trkpt lat="31.97878257371485233306884765625" lon="118.83238594047725200653076171875">
        <ele>6.80000019073486328125</ele>
        <time>2024-06-23T11:51:57.000Z</time>
        <extensions>
          <ns3:TrackPointExtension>
            <ns3:hr>125</ns3:hr>
            <ns3:cad>53</ns3:cad>
          </ns3:TrackPointExtension>
        </extensions>
      </trkpt>
      <trkpt lat="31.97877452708780765533447265625" lon="118.832382000982761383056640625">
        <ele>6.80000019073486328125</ele>
        <time>2024-06-23T11:51:58.000Z</time>
        <extensions>
          <ns3:TrackPointExtension>
            <ns3:hr>124</ns3:hr>
            <ns3:cad>53</ns3:cad>
          </ns3:TrackPointExtension>
        </extensions>
      </trkpt>
      <trkpt lat="31.97876715101301670074462890625" lon="118.83238107897341251373291015625">
        <ele>7</ele>
        <time>2024-06-23T11:51:59.000Z</time>
        <extensions>
          <ns3:TrackPointExtension>
            <ns3:hr>124</ns3:hr>
            <ns3:cad>53</ns3:cad>
          </ns3:TrackPointExtension>
        </extensions>
      </trkpt>
      <trkpt lat="31.97875432670116424560546875" lon="118.83237755857408046722412109375">
        <ele>7</ele>
        <time>2024-06-23T11:52:00.000Z</time>
        <extensions>
          <ns3:TrackPointExtension>
            <ns3:hr>124</ns3:hr>
            <ns3:cad>54</ns3:cad>
          </ns3:TrackPointExtension>
        </extensions>
      </trkpt>
      <trkpt lat="31.97874217294156551361083984375" lon="118.8323741219937801361083984375">
        <ele>7</ele>
        <time>2024-06-23T11:52:01.000Z</time>
        <extensions>
          <ns3:TrackPointExtension>
            <ns3:hr>123</ns3:hr>
            <ns3:cad>54</ns3:cad>
          </ns3:TrackPointExtension>
        </extensions>
      </trkpt>
      <trkpt lat="31.97873211465775966644287109375" lon="118.83237169124186038970947265625">
        <ele>7</ele>
        <time>2024-06-23T11:52:02.000Z</time>
        <extensions>
          <ns3:TrackPointExtension>
            <ns3:hr>122</ns3:hr>
            <ns3:cad>54</ns3:cad>
          </ns3:TrackPointExtension>
        </extensions>
      </trkpt>
      <trkpt lat="31.978721804916858673095703125" lon="118.83236666209995746612548828125">
        <ele>7</ele>
        <time>2024-06-23T11:52:03.000Z</time>
        <extensions>
          <ns3:TrackPointExtension>
            <ns3:hr>122</ns3:hr>
            <ns3:cad>54</ns3:cad>
          </ns3:TrackPointExtension>
        </extensions>
      </trkpt>
      <trkpt lat="31.97871149517595767974853515625" lon="118.83236196823418140411376953125">
        <ele>7</ele>
        <time>2024-06-23T11:52:04.000Z</time>
        <extensions>
          <ns3:TrackPointExtension>
            <ns3:hr>122</ns3:hr>
            <ns3:cad>54</ns3:cad>
          </ns3:TrackPointExtension>
        </extensions>
      </trkpt>
      <trkpt lat="31.97870193980634212493896484375" lon="118.832357190549373626708984375">
        <ele>7</ele>
        <time>2024-06-23T11:52:05.000Z</time>
        <extensions>
          <ns3:TrackPointExtension>
            <ns3:hr>122</ns3:hr>
            <ns3:cad>54</ns3:cad>
          </ns3:TrackPointExtension>
        </extensions>
      </trkpt>
      <trkpt lat="31.978693306446075439453125" lon="118.8323533348739147186279296875">
        <ele>7</ele>
        <time>2024-06-23T11:52:06.000Z</time>
        <extensions>
          <ns3:TrackPointExtension>
            <ns3:hr>122</ns3:hr>
            <ns3:cad>54</ns3:cad>
          </ns3:TrackPointExtension>
        </extensions>
      </trkpt>
      <trkpt lat="31.978682242333889007568359375" lon="118.83234838955104351043701171875">
        <ele>7</ele>
        <time>2024-06-23T11:52:07.000Z</time>
        <extensions>
          <ns3:TrackPointExtension>
            <ns3:hr>121</ns3:hr>
            <ns3:cad>53</ns3:cad>
          </ns3:TrackPointExtension>
        </extensions>
      </trkpt>
      <trkpt lat="31.97867176495492458343505859375" lon="118.83234369568526744842529296875">
        <ele>7</ele>
        <time>2024-06-23T11:52:08.000Z</time>
        <extensions>
          <ns3:TrackPointExtension>
            <ns3:hr>121</ns3:hr>
            <ns3:cad>53</ns3:cad>
          </ns3:TrackPointExtension>
        </extensions>
      </trkpt>
      <trkpt lat="31.97865986265242099761962890625" lon="118.83233766071498394012451171875">
        <ele>7</ele>
        <time>2024-06-23T11:52:09.000Z</time>
        <extensions>
          <ns3:TrackPointExtension>
            <ns3:hr>121</ns3:hr>
            <ns3:cad>53</ns3:cad>
          </ns3:TrackPointExtension>
        </extensions>
      </trkpt>
      <trkpt lat="31.9786490499973297119140625" lon="118.83233414031565189361572265625">
        <ele>7</ele>
        <time>2024-06-23T11:52:10.000Z</time>
        <extensions>
          <ns3:TrackPointExtension>
            <ns3:hr>120</ns3:hr>
            <ns3:cad>53</ns3:cad>
          </ns3:TrackPointExtension>
        </extensions>
      </trkpt>
      <trkpt lat="31.9786394946277141571044921875" lon="118.83233045227825641632080078125">
        <ele>7</ele>
        <time>2024-06-23T11:52:11.000Z</time>
        <extensions>
          <ns3:TrackPointExtension>
            <ns3:hr>119</ns3:hr>
            <ns3:cad>53</ns3:cad>
          </ns3:TrackPointExtension>
        </extensions>
      </trkpt>
      <trkpt lat="31.97862884961068630218505859375" lon="118.83232726715505123138427734375">
        <ele>7</ele>
        <time>2024-06-23T11:52:12.000Z</time>
        <extensions>
          <ns3:TrackPointExtension>
            <ns3:hr>119</ns3:hr>
            <ns3:cad>53</ns3:cad>
          </ns3:TrackPointExtension>
        </extensions>
      </trkpt>
      <trkpt lat="31.978616528213024139404296875" lon="118.83232207037508487701416015625">
        <ele>7</ele>
        <time>2024-06-23T11:52:13.000Z</time>
        <extensions>
          <ns3:TrackPointExtension>
            <ns3:hr>120</ns3:hr>
            <ns3:cad>53</ns3:cad>
          </ns3:TrackPointExtension>
        </extensions>
      </trkpt>
      <trkpt lat="31.97860504500567913055419921875" lon="118.83231519721448421478271484375">
        <ele>7</ele>
        <time>2024-06-23T11:52:14.000Z</time>
        <extensions>
          <ns3:TrackPointExtension>
            <ns3:hr>120</ns3:hr>
            <ns3:cad>0</ns3:cad>
          </ns3:TrackPointExtension>
        </extensions>
      </trkpt>
      <trkpt lat="31.97859414853155612945556640625" lon="118.83230815641582012176513671875">
        <ele>7</ele>
        <time>2024-06-23T11:52:15.000Z</time>
        <extensions>
          <ns3:TrackPointExtension>
            <ns3:hr>120</ns3:hr>
            <ns3:cad>0</ns3:cad>
          </ns3:TrackPointExtension>
        </extensions>
      </trkpt>
      <trkpt lat="31.97858090512454509735107421875" lon="118.8322998583316802978515625">
        <ele>7</ele>
        <time>2024-06-23T11:52:16.000Z</time>
        <extensions>
          <ns3:TrackPointExtension>
            <ns3:hr>120</ns3:hr>
            <ns3:cad>0</ns3:cad>
          </ns3:TrackPointExtension>
        </extensions>
      </trkpt>
      <trkpt lat="31.978568248450756072998046875" lon="118.83229248225688934326171875">
        <ele>7</ele>
        <time>2024-06-23T11:52:17.000Z</time>
        <extensions>
          <ns3:TrackPointExtension>
            <ns3:hr>120</ns3:hr>
            <ns3:cad>0</ns3:cad>
          </ns3:TrackPointExtension>
        </extensions>
      </trkpt>
      <trkpt lat="31.9785583578050136566162109375" lon="118.8322886265814304351806640625">
        <ele>7</ele>
        <time>2024-06-23T11:52:18.000Z</time>
        <extensions>
          <ns3:TrackPointExtension>
            <ns3:hr>119</ns3:hr>
            <ns3:cad>53</ns3:cad>
          </ns3:TrackPointExtension>
        </extensions>
      </trkpt>
      <trkpt lat="31.9785503111779689788818359375" lon="118.8322864472866058349609375">
        <ele>7</ele>
        <time>2024-06-23T11:52:19.000Z</time>
        <extensions>
          <ns3:TrackPointExtension>
            <ns3:hr>119</ns3:hr>
            <ns3:cad>54</ns3:cad>
          </ns3:TrackPointExtension>
        </extensions>
      </trkpt>
      <trkpt lat="31.97854553349316120147705078125" lon="118.83228720165789127349853515625">
        <ele>7</ele>
        <time>2024-06-23T11:52:20.000Z</time>
        <extensions>
          <ns3:TrackPointExtension>
            <ns3:hr>118</ns3:hr>
            <ns3:cad>55</ns3:cad>
          </ns3:TrackPointExtension>
        </extensions>
      </trkpt>
      <trkpt lat="31.97853128425776958465576171875" lon="118.8322822563350200653076171875">
        <ele>7</ele>
        <time>2024-06-23T11:52:21.000Z</time>
        <extensions>
          <ns3:TrackPointExtension>
            <ns3:hr>118</ns3:hr>
            <ns3:cad>55</ns3:cad>
          </ns3:TrackPointExtension>
        </extensions>
      </trkpt>
      <trkpt lat="31.97852642275393009185791015625" lon="118.83228435181081295013427734375">
        <ele>7</ele>
        <time>2024-06-23T11:52:22.000Z</time>
        <extensions>
          <ns3:TrackPointExtension>
            <ns3:hr>118</ns3:hr>
            <ns3:cad>55</ns3:cad>
          </ns3:TrackPointExtension>
        </extensions>
      </trkpt>
      <trkpt lat="31.9785127602517604827880859375" lon="118.8322809152305126190185546875">
        <ele>7</ele>
        <time>2024-06-23T11:52:23.000Z</time>
        <extensions>
          <ns3:TrackPointExtension>
            <ns3:hr>118</ns3:hr>
            <ns3:cad>55</ns3:cad>
          </ns3:TrackPointExtension>
        </extensions>
      </trkpt>
      <trkpt lat="31.9784980081021785736083984375" lon="118.832275383174419403076171875">
        <ele>7</ele>
        <time>2024-06-23T11:52:24.000Z</time>
        <extensions>
          <ns3:TrackPointExtension>
            <ns3:hr>119</ns3:hr>
            <ns3:cad>55</ns3:cad>
          </ns3:TrackPointExtension>
        </extensions>
      </trkpt>
      <trkpt lat="31.97848786599934101104736328125" lon="118.8322703540325164794921875">
        <ele>7</ele>
        <time>2024-06-23T11:52:25.000Z</time>
        <extensions>
          <ns3:TrackPointExtension>
            <ns3:hr>119</ns3:hr>
            <ns3:cad>54</ns3:cad>
          </ns3:TrackPointExtension>
        </extensions>
      </trkpt>
      <trkpt lat="31.97847948409616947174072265625" lon="118.83226473815739154815673828125">
        <ele>7</ele>
        <time>2024-06-23T11:52:26.000Z</time>
        <extensions>
          <ns3:TrackPointExtension>
            <ns3:hr>118</ns3:hr>
            <ns3:cad>0</ns3:cad>
          </ns3:TrackPointExtension>
        </extensions>
      </trkpt>
      <trkpt lat="31.978467665612697601318359375" lon="118.8322581164538860321044921875">
        <ele>7</ele>
        <time>2024-06-23T11:52:27.000Z</time>
        <extensions>
          <ns3:TrackPointExtension>
            <ns3:hr>118</ns3:hr>
            <ns3:cad>0</ns3:cad>
          </ns3:TrackPointExtension>
        </extensions>
      </trkpt>
      <trkpt lat="31.9784584455192089080810546875" lon="118.83225266821682453155517578125">
        <ele>7</ele>
        <time>2024-06-23T11:52:28.000Z</time>
        <extensions>
          <ns3:TrackPointExtension>
            <ns3:hr>118</ns3:hr>
            <ns3:cad>52</ns3:cad>
          </ns3:TrackPointExtension>
        </extensions>
      </trkpt>
      <trkpt lat="31.9784477166831493377685546875" lon="118.83224629797041416168212890625">
        <ele>7</ele>
        <time>2024-06-23T11:52:29.000Z</time>
        <extensions>
          <ns3:TrackPointExtension>
            <ns3:hr>117</ns3:hr>
            <ns3:cad>52</ns3:cad>
          </ns3:TrackPointExtension>
        </extensions>
      </trkpt>
      <trkpt lat="31.97843782603740692138671875" lon="118.83224017918109893798828125">
        <ele>7</ele>
        <time>2024-06-23T11:52:30.000Z</time>
        <extensions>
          <ns3:TrackPointExtension>
            <ns3:hr>117</ns3:hr>
            <ns3:cad>52</ns3:cad>
          </ns3:TrackPointExtension>
        </extensions>
      </trkpt>
      <trkpt lat="31.978424079716205596923828125" lon="118.8322323001921176910400390625">
        <ele>7</ele>
        <time>2024-06-23T11:52:31.000Z</time>
        <extensions>
          <ns3:TrackPointExtension>
            <ns3:hr>117</ns3:hr>
            <ns3:cad>52</ns3:cad>
          </ns3:TrackPointExtension>
        </extensions>
      </trkpt>
      <trkpt lat="31.97840295732021331787109375" lon="118.83222249336540699005126953125">
        <ele>7</ele>
        <time>2024-06-23T11:52:32.000Z</time>
        <extensions>
          <ns3:TrackPointExtension>
            <ns3:hr>117</ns3:hr>
            <ns3:cad>52</ns3:cad>
          </ns3:TrackPointExtension>
        </extensions>
      </trkpt>
      <trkpt lat="31.97838409803807735443115234375" lon="118.83221603929996490478515625">
        <ele>7</ele>
        <time>2024-06-23T11:52:33.000Z</time>
        <extensions>
          <ns3:TrackPointExtension>
            <ns3:hr>117</ns3:hr>
            <ns3:cad>52</ns3:cad>
          </ns3:TrackPointExtension>
        </extensions>
      </trkpt>
      <trkpt lat="31.97835090570151805877685546875" lon="118.83220422081649303436279296875">
        <ele>7</ele>
        <time>2024-06-23T11:52:34.000Z</time>
        <extensions>
          <ns3:TrackPointExtension>
            <ns3:hr>117</ns3:hr>
            <ns3:cad>52</ns3:cad>
          </ns3:TrackPointExtension>
        </extensions>
      </trkpt>
      <trkpt lat="31.97831922210752964019775390625" lon="118.8321974314749240875244140625">
        <ele>6.80000019073486328125</ele>
        <time>2024-06-23T11:52:35.000Z</time>
        <extensions>
          <ns3:TrackPointExtension>
            <ns3:hr>118</ns3:hr>
            <ns3:cad>52</ns3:cad>
          </ns3:TrackPointExtension>
        </extensions>
      </trkpt>
      <trkpt lat="31.9782904721796512603759765625" lon="118.8321873731911182403564453125">
        <ele>6.80000019073486328125</ele>
        <time>2024-06-23T11:52:36.000Z</time>
        <extensions>
          <ns3:TrackPointExtension>
            <ns3:hr>118</ns3:hr>
            <ns3:cad>52</ns3:cad>
          </ns3:TrackPointExtension>
        </extensions>
      </trkpt>
      <trkpt lat="31.97825652547180652618408203125" lon="118.83217471651732921600341796875">
        <ele>6.80000019073486328125</ele>
        <time>2024-06-23T11:52:37.000Z</time>
        <extensions>
          <ns3:TrackPointExtension>
            <ns3:hr>118</ns3:hr>
            <ns3:cad>86</ns3:cad>
          </ns3:TrackPointExtension>
        </extensions>
      </trkpt>
      <trkpt lat="31.97822635062038898468017578125" lon="118.83216164074838161468505859375">
        <ele>6.80000019073486328125</ele>
        <time>2024-06-23T11:52:38.000Z</time>
        <extensions>
          <ns3:TrackPointExtension>
            <ns3:hr>120</ns3:hr>
            <ns3:cad>87</ns3:cad>
          </ns3:TrackPointExtension>
        </extensions>
      </trkpt>
      <trkpt lat="31.97819164954125881195068359375" lon="118.8321483135223388671875">
        <ele>6.599999904632568359375</ele>
        <time>2024-06-23T11:52:39.000Z</time>
        <extensions>
          <ns3:TrackPointExtension>
            <ns3:hr>120</ns3:hr>
            <ns3:cad>88</ns3:cad>
          </ns3:TrackPointExtension>
        </extensions>
      </trkpt>
      <trkpt lat="31.978161893784999847412109375" lon="118.83213196881115436553955078125">
        <ele>6.80000019073486328125</ele>
        <time>2024-06-23T11:52:40.000Z</time>
        <extensions>
          <ns3:TrackPointExtension>
            <ns3:hr>122</ns3:hr>
            <ns3:cad>89</ns3:cad>
          </ns3:TrackPointExtension>
        </extensions>
      </trkpt>
      <trkpt lat="31.97812878526747226715087890625" lon="118.83211503736674785614013671875">
        <ele>6.80000019073486328125</ele>
        <time>2024-06-23T11:52:41.000Z</time>
        <extensions>
          <ns3:TrackPointExtension>
            <ns3:hr>123</ns3:hr>
            <ns3:cad>89</ns3:cad>
          </ns3:TrackPointExtension>
        </extensions>
      </trkpt>
      <trkpt lat="31.97809877805411815643310546875" lon="118.832099027931690216064453125">
        <ele>6.80000019073486328125</ele>
        <time>2024-06-23T11:52:42.000Z</time>
        <extensions>
          <ns3:TrackPointExtension>
            <ns3:hr>125</ns3:hr>
            <ns3:cad>89</ns3:cad>
          </ns3:TrackPointExtension>
        </extensions>
      </trkpt>
      <trkpt lat="31.978073380887508392333984375" lon="118.8320852816104888916015625">
        <ele>6.80000019073486328125</ele>
        <time>2024-06-23T11:52:43.000Z</time>
        <extensions>
          <ns3:TrackPointExtension>
            <ns3:hr>126</ns3:hr>
            <ns3:cad>89</ns3:cad>
          </ns3:TrackPointExtension>
        </extensions>
      </trkpt>
      <trkpt lat="31.97804831899702548980712890625" lon="118.832072876393795013427734375">
        <ele>6.80000019073486328125</ele>
        <time>2024-06-23T11:52:44.000Z</time>
        <extensions>
          <ns3:TrackPointExtension>
            <ns3:hr>128</ns3:hr>
            <ns3:cad>89</ns3:cad>
          </ns3:TrackPointExtension>
        </extensions>
      </trkpt>
      <trkpt lat="31.9780215807259082794189453125" lon="118.83205921389162540435791015625">
        <ele>6.80000019073486328125</ele>
        <time>2024-06-23T11:52:45.000Z</time>
        <extensions>
          <ns3:TrackPointExtension>
            <ns3:hr>129</ns3:hr>
            <ns3:cad>89</ns3:cad>
          </ns3:TrackPointExtension>
        </extensions>
      </trkpt>
      <trkpt lat="31.97799216024577617645263671875" lon="118.83204546757042407989501953125">
        <ele>6.80000019073486328125</ele>
        <time>2024-06-23T11:52:46.000Z</time>
        <extensions>
          <ns3:TrackPointExtension>
            <ns3:hr>130</ns3:hr>
            <ns3:cad>89</ns3:cad>
          </ns3:TrackPointExtension>
        </extensions>
      </trkpt>
      <trkpt lat="31.97796215303242206573486328125" lon="118.83203322999179363250732421875">
        <ele>6.80000019073486328125</ele>
        <time>2024-06-23T11:52:47.000Z</time>
        <extensions>
          <ns3:TrackPointExtension>
            <ns3:hr>131</ns3:hr>
            <ns3:cad>88</ns3:cad>
          </ns3:TrackPointExtension>
        </extensions>
      </trkpt>
      <trkpt lat="31.977930553257465362548828125" lon="118.832017220556735992431640625">
        <ele>6.80000019073486328125</ele>
        <time>2024-06-23T11:52:48.000Z</time>
        <extensions>
          <ns3:TrackPointExtension>
            <ns3:hr>132</ns3:hr>
            <ns3:cad>86</ns3:cad>
          </ns3:TrackPointExtension>
        </extensions>
      </trkpt>
      <trkpt lat="31.97789895348250865936279296875" lon="118.83200305514037609100341796875">
        <ele>6.599999904632568359375</ele>
        <time>2024-06-23T11:52:49.000Z</time>
        <extensions>
          <ns3:TrackPointExtension>
            <ns3:hr>134</ns3:hr>
            <ns3:cad>86</ns3:cad>
          </ns3:TrackPointExtension>
        </extensions>
      </trkpt>
      <trkpt lat="31.97786676697432994842529296875" lon="118.8319882191717624664306640625">
        <ele>6.599999904632568359375</ele>
        <time>2024-06-23T11:52:50.000Z</time>
        <extensions>
          <ns3:TrackPointExtension>
            <ns3:hr>135</ns3:hr>
            <ns3:cad>88</ns3:cad>
          </ns3:TrackPointExtension>
        </extensions>
      </trkpt>
      <trkpt lat="31.97783659212291240692138671875" lon="118.8319779932498931884765625">
        <ele>6.599999904632568359375</ele>
        <time>2024-06-23T11:52:51.000Z</time>
        <extensions>
          <ns3:TrackPointExtension>
            <ns3:hr>135</ns3:hr>
            <ns3:cad>88</ns3:cad>
          </ns3:TrackPointExtension>
        </extensions>
      </trkpt>
      <trkpt lat="31.97780214250087738037109375" lon="118.831962235271930694580078125">
        <ele>6.599999904632568359375</ele>
        <time>2024-06-23T11:52:52.000Z</time>
        <extensions>
          <ns3:TrackPointExtension>
            <ns3:hr>136</ns3:hr>
            <ns3:cad>89</ns3:cad>
          </ns3:TrackPointExtension>
        </extensions>
      </trkpt>
      <trkpt lat="31.9777681119740009307861328125" lon="118.83194924332201480865478515625">
        <ele>6.400000095367431640625</ele>
        <time>2024-06-23T11:52:53.000Z</time>
        <extensions>
          <ns3:TrackPointExtension>
            <ns3:hr>137</ns3:hr>
            <ns3:cad>89</ns3:cad>
          </ns3:TrackPointExtension>
        </extensions>
      </trkpt>
      <trkpt lat="31.9777298904955387115478515625" lon="118.8319325633347034454345703125">
        <ele>6.400000095367431640625</ele>
        <time>2024-06-23T11:52:54.000Z</time>
        <extensions>
          <ns3:TrackPointExtension>
            <ns3:hr>139</ns3:hr>
            <ns3:cad>89</ns3:cad>
          </ns3:TrackPointExtension>
        </extensions>
      </trkpt>
      <trkpt lat="31.97769510559737682342529296875" lon="118.831919319927692413330078125">
        <ele>6.599999904632568359375</ele>
        <time>2024-06-23T11:52:55.000Z</time>
        <extensions>
          <ns3:TrackPointExtension>
            <ns3:hr>140</ns3:hr>
            <ns3:cad>89</ns3:cad>
          </ns3:TrackPointExtension>
        </extensions>
      </trkpt>
      <trkpt lat="31.97765705175697803497314453125" lon="118.83190046064555644989013671875">
        <ele>6.599999904632568359375</ele>
        <time>2024-06-23T11:52:56.000Z</time>
        <extensions>
          <ns3:TrackPointExtension>
            <ns3:hr>140</ns3:hr>
            <ns3:cad>89</ns3:cad>
          </ns3:TrackPointExtension>
        </extensions>
      </trkpt>
      <trkpt lat="31.9776242785155773162841796875" lon="118.831885121762752532958984375">
        <ele>6.599999904632568359375</ele>
        <time>2024-06-23T11:52:57.000Z</time>
        <extensions>
          <ns3:TrackPointExtension>
            <ns3:hr>141</ns3:hr>
            <ns3:cad>90</ns3:cad>
          </ns3:TrackPointExtension>
        </extensions>
      </trkpt>
      <trkpt lat="31.9775867275893688201904296875" lon="118.83186676539480686187744140625">
        <ele>6.80000019073486328125</ele>
        <time>2024-06-23T11:52:58.000Z</time>
        <extensions>
          <ns3:TrackPointExtension>
            <ns3:hr>142</ns3:hr>
            <ns3:cad>90</ns3:cad>
          </ns3:TrackPointExtension>
        </extensions>
      </trkpt>
      <trkpt lat="31.97755428962409496307373046875" lon="118.83185067214071750640869140625">
        <ele>6.80000019073486328125</ele>
        <time>2024-06-23T11:52:59.000Z</time>
        <extensions>
          <ns3:TrackPointExtension>
            <ns3:hr>142</ns3:hr>
            <ns3:cad>89</ns3:cad>
          </ns3:TrackPointExtension>
        </extensions>
      </trkpt>
      <trkpt lat="31.97751807980239391326904296875" lon="118.83182921446859836578369140625">
        <ele>6.80000019073486328125</ele>
        <time>2024-06-23T11:53:00.000Z</time>
        <extensions>
          <ns3:TrackPointExtension>
            <ns3:hr>143</ns3:hr>
            <ns3:cad>89</ns3:cad>
          </ns3:TrackPointExtension>
        </extensions>
      </trkpt>
      <trkpt lat="31.977487318217754364013671875" lon="118.831814043223857879638671875">
        <ele>7</ele>
        <time>2024-06-23T11:53:01.000Z</time>
        <extensions>
          <ns3:TrackPointExtension>
            <ns3:hr>144</ns3:hr>
            <ns3:cad>89</ns3:cad>
          </ns3:TrackPointExtension>
        </extensions>
      </trkpt>
      <trkpt lat="31.97745119221508502960205078125" lon="118.8317947648465633392333984375">
        <ele>7</ele>
        <time>2024-06-23T11:53:02.000Z</time>
        <extensions>
          <ns3:TrackPointExtension>
            <ns3:hr>146</ns3:hr>
            <ns3:cad>88</ns3:cad>
          </ns3:TrackPointExtension>
        </extensions>
      </trkpt>
      <trkpt lat="31.97742084972560405731201171875" lon="118.83178210817277431488037109375">
        <ele>7</ele>
        <time>2024-06-23T11:53:03.000Z</time>
        <extensions>
          <ns3:TrackPointExtension>
            <ns3:hr>146</ns3:hr>
            <ns3:cad>89</ns3:cad>
          </ns3:TrackPointExtension>
        </extensions>
      </trkpt>
      <trkpt lat="31.97738463990390300750732421875" lon="118.83176316507160663604736328125">
        <ele>7</ele>
        <time>2024-06-23T11:53:04.000Z</time>
        <extensions>
          <ns3:TrackPointExtension>
            <ns3:hr>147</ns3:hr>
            <ns3:cad>88</ns3:cad>
          </ns3:TrackPointExtension>
        </extensions>
      </trkpt>
      <trkpt lat="31.97735195048153400421142578125" lon="118.831749670207500457763671875">
        <ele>7</ele>
        <time>2024-06-23T11:53:05.000Z</time>
        <extensions>
          <ns3:TrackPointExtension>
            <ns3:hr>147</ns3:hr>
            <ns3:cad>88</ns3:cad>
          </ns3:TrackPointExtension>
        </extensions>
      </trkpt>
      <trkpt lat="31.97731289081275463104248046875" lon="118.8317317329347133636474609375">
        <ele>7</ele>
        <time>2024-06-23T11:53:06.000Z</time>
        <extensions>
          <ns3:TrackPointExtension>
            <ns3:hr>148</ns3:hr>
            <ns3:cad>88</ns3:cad>
          </ns3:TrackPointExtension>
        </extensions>
      </trkpt>
      <trkpt lat="31.977287828922271728515625" lon="118.831719495356082916259765625">
        <ele>7</ele>
        <time>2024-06-23T11:53:07.000Z</time>
        <extensions>
          <ns3:TrackPointExtension>
            <ns3:hr>149</ns3:hr>
            <ns3:cad>88</ns3:cad>
          </ns3:TrackPointExtension>
        </extensions>
      </trkpt>
      <trkpt lat="31.9772537983953952789306640625" lon="118.83170415647327899932861328125">
        <ele>7</ele>
        <time>2024-06-23T11:53:08.000Z</time>
        <extensions>
          <ns3:TrackPointExtension>
            <ns3:hr>150</ns3:hr>
            <ns3:cad>88</ns3:cad>
          </ns3:TrackPointExtension>
        </extensions>
      </trkpt>
      <trkpt lat="31.9772289879620075225830078125" lon="118.83169409818947315216064453125">
        <ele>7</ele>
        <time>2024-06-23T11:53:09.000Z</time>
        <extensions>
          <ns3:TrackPointExtension>
            <ns3:hr>150</ns3:hr>
            <ns3:cad>88</ns3:cad>
          </ns3:TrackPointExtension>
        </extensions>
      </trkpt>
      <trkpt lat="31.97719185613095760345458984375" lon="118.8316802680492401123046875">
        <ele>7</ele>
        <time>2024-06-23T11:53:10.000Z</time>
        <extensions>
          <ns3:TrackPointExtension>
            <ns3:hr>151</ns3:hr>
            <ns3:cad>89</ns3:cad>
          </ns3:TrackPointExtension>
        </extensions>
      </trkpt>
      <trkpt lat="31.97715966962277889251708984375" lon="118.83166627027094364166259765625">
        <ele>7</ele>
        <time>2024-06-23T11:53:11.000Z</time>
        <extensions>
          <ns3:TrackPointExtension>
            <ns3:hr>151</ns3:hr>
            <ns3:cad>89</ns3:cad>
          </ns3:TrackPointExtension>
        </extensions>
      </trkpt>
      <trkpt lat="31.97712547145783901214599609375" lon="118.83164942264556884765625">
        <ele>7.19999980926513671875</ele>
        <time>2024-06-23T11:53:12.000Z</time>
        <extensions>
          <ns3:TrackPointExtension>
            <ns3:hr>152</ns3:hr>
            <ns3:cad>89</ns3:cad>
          </ns3:TrackPointExtension>
        </extensions>
      </trkpt>
      <trkpt lat="31.97709060274064540863037109375" lon="118.83163006044924259185791015625">
        <ele>7</ele>
        <time>2024-06-23T11:53:13.000Z</time>
        <extensions>
          <ns3:TrackPointExtension>
            <ns3:hr>152</ns3:hr>
            <ns3:cad>89</ns3:cad>
          </ns3:TrackPointExtension>
        </extensions>
      </trkpt>
      <trkpt lat="31.97705673985183238983154296875" lon="118.83161430247128009796142578125">
        <ele>7</ele>
        <time>2024-06-23T11:53:14.000Z</time>
        <extensions>
          <ns3:TrackPointExtension>
            <ns3:hr>153</ns3:hr>
            <ns3:cad>89</ns3:cad>
          </ns3:TrackPointExtension>
        </extensions>
      </trkpt>
      <trkpt lat="31.97702354751527309417724609375" lon="118.8315966166555881500244140625">
        <ele>7</ele>
        <time>2024-06-23T11:53:15.000Z</time>
        <extensions>
          <ns3:TrackPointExtension>
            <ns3:hr>154</ns3:hr>
            <ns3:cad>89</ns3:cad>
          </ns3:TrackPointExtension>
        </extensions>
      </trkpt>
      <trkpt lat="31.97699404321610927581787109375" lon="118.8315811939537525177001953125">
        <ele>7</ele>
        <time>2024-06-23T11:53:16.000Z</time>
        <extensions>
          <ns3:TrackPointExtension>
            <ns3:hr>155</ns3:hr>
            <ns3:cad>88</ns3:cad>
          </ns3:TrackPointExtension>
        </extensions>
      </trkpt>
      <trkpt lat="31.9769607670605182647705078125" lon="118.8315630890429019927978515625">
        <ele>7</ele>
        <time>2024-06-23T11:53:17.000Z</time>
        <extensions>
          <ns3:TrackPointExtension>
            <ns3:hr>155</ns3:hr>
            <ns3:cad>88</ns3:cad>
          </ns3:TrackPointExtension>
        </extensions>
      </trkpt>
      <trkpt lat="31.97692782618105411529541015625" lon="118.83155227638781070709228515625">
        <ele>7</ele>
        <time>2024-06-23T11:53:18.000Z</time>
        <extensions>
          <ns3:TrackPointExtension>
            <ns3:hr>155</ns3:hr>
            <ns3:cad>88</ns3:cad>
          </ns3:TrackPointExtension>
        </extensions>
      </trkpt>
      <trkpt lat="31.9768922030925750732421875" lon="118.83153752423822879791259765625">
        <ele>6.80000019073486328125</ele>
        <time>2024-06-23T11:53:19.000Z</time>
        <extensions>
          <ns3:TrackPointExtension>
            <ns3:hr>156</ns3:hr>
            <ns3:cad>88</ns3:cad>
          </ns3:TrackPointExtension>
        </extensions>
      </trkpt>
      <trkpt lat="31.97685942985117435455322265625" lon="118.83152612484991550445556640625">
        <ele>7</ele>
        <time>2024-06-23T11:53:20.000Z</time>
        <extensions>
          <ns3:TrackPointExtension>
            <ns3:hr>156</ns3:hr>
            <ns3:cad>88</ns3:cad>
          </ns3:TrackPointExtension>
        </extensions>
      </trkpt>
      <trkpt lat="31.976822800934314727783203125" lon="118.831508271396160125732421875">
        <ele>7</ele>
        <time>2024-06-23T11:53:21.000Z</time>
        <extensions>
          <ns3:TrackPointExtension>
            <ns3:hr>156</ns3:hr>
            <ns3:cad>88</ns3:cad>
          </ns3:TrackPointExtension>
        </extensions>
      </trkpt>
      <trkpt lat="31.97678868658840656280517578125" lon="118.83149318397045135498046875">
        <ele>6.80000019073486328125</ele>
        <time>2024-06-23T11:53:22.000Z</time>
        <extensions>
          <ns3:TrackPointExtension>
            <ns3:hr>156</ns3:hr>
            <ns3:cad>88</ns3:cad>
          </ns3:TrackPointExtension>
        </extensions>
      </trkpt>
      <trkpt lat="31.9767500460147857666015625" lon="118.83147248066961765289306640625">
        <ele>7</ele>
        <time>2024-06-23T11:53:23.000Z</time>
        <extensions>
          <ns3:TrackPointExtension>
            <ns3:hr>157</ns3:hr>
            <ns3:cad>88</ns3:cad>
          </ns3:TrackPointExtension>
        </extensions>
      </trkpt>
      <trkpt lat="31.97671593166887760162353515625" lon="118.83145873434841632843017578125">
        <ele>7</ele>
        <time>2024-06-23T11:53:24.000Z</time>
        <extensions>
          <ns3:TrackPointExtension>
            <ns3:hr>157</ns3:hr>
            <ns3:cad>88</ns3:cad>
          </ns3:TrackPointExtension>
        </extensions>
      </trkpt>
      <trkpt lat="31.97667871601879596710205078125" lon="118.8314380310475826263427734375">
        <ele>7</ele>
        <time>2024-06-23T11:53:25.000Z</time>
        <extensions>
          <ns3:TrackPointExtension>
            <ns3:hr>157</ns3:hr>
            <ns3:cad>89</ns3:cad>
          </ns3:TrackPointExtension>
        </extensions>
      </trkpt>
      <trkpt lat="31.97664937935769557952880859375" lon="118.83142537437379360198974609375">
        <ele>7</ele>
        <time>2024-06-23T11:53:26.000Z</time>
        <extensions>
          <ns3:TrackPointExtension>
            <ns3:hr>158</ns3:hr>
            <ns3:cad>89</ns3:cad>
          </ns3:TrackPointExtension>
        </extensions>
      </trkpt>
      <trkpt lat="31.97661216370761394500732421875" lon="118.8314065150916576385498046875">
        <ele>7</ele>
        <time>2024-06-23T11:53:27.000Z</time>
        <extensions>
          <ns3:TrackPointExtension>
            <ns3:hr>158</ns3:hr>
            <ns3:cad>89</ns3:cad>
          </ns3:TrackPointExtension>
        </extensions>
      </trkpt>
      <trkpt lat="31.9765808992087841033935546875" lon="118.83139335550367832183837890625">
        <ele>7</ele>
        <time>2024-06-23T11:53:28.000Z</time>
        <extensions>
          <ns3:TrackPointExtension>
            <ns3:hr>160</ns3:hr>
            <ns3:cad>88</ns3:cad>
          </ns3:TrackPointExtension>
        </extensions>
      </trkpt>
      <trkpt lat="31.9765416719019412994384765625" lon="118.83137516677379608154296875">
        <ele>7</ele>
        <time>2024-06-23T11:53:29.000Z</time>
        <extensions>
          <ns3:TrackPointExtension>
            <ns3:hr>161</ns3:hr>
            <ns3:cad>88</ns3:cad>
          </ns3:TrackPointExtension>
        </extensions>
      </trkpt>
      <trkpt lat="31.97651091031730175018310546875" lon="118.83135966025292873382568359375">
        <ele>7</ele>
        <time>2024-06-23T11:53:30.000Z</time>
        <extensions>
          <ns3:TrackPointExtension>
            <ns3:hr>163</ns3:hr>
            <ns3:cad>88</ns3:cad>
          </ns3:TrackPointExtension>
        </extensions>
      </trkpt>
      <trkpt lat="31.97647771798074245452880859375" lon="118.8313458301126956939697265625">
        <ele>7.19999980926513671875</ele>
        <time>2024-06-23T11:53:31.000Z</time>
        <extensions>
          <ns3:TrackPointExtension>
            <ns3:hr>164</ns3:hr>
            <ns3:cad>88</ns3:cad>
          </ns3:TrackPointExtension>
        </extensions>
      </trkpt>
      <trkpt lat="31.9764471240341663360595703125" lon="118.8313315808773040771484375">
        <ele>7.19999980926513671875</ele>
        <time>2024-06-23T11:53:32.000Z</time>
        <extensions>
          <ns3:TrackPointExtension>
            <ns3:hr>165</ns3:hr>
            <ns3:cad>88</ns3:cad>
          </ns3:TrackPointExtension>
        </extensions>
      </trkpt>
      <trkpt lat="31.97641602717339992523193359375" lon="118.83131842128932476043701171875">
        <ele>7.19999980926513671875</ele>
        <time>2024-06-23T11:53:33.000Z</time>
        <extensions>
          <ns3:TrackPointExtension>
            <ns3:hr>166</ns3:hr>
            <ns3:cad>88</ns3:cad>
          </ns3:TrackPointExtension>
        </extensions>
      </trkpt>
      <trkpt lat="31.976381577551364898681640625" lon="118.8313012383878231048583984375">
        <ele>7</ele>
        <time>2024-06-23T11:53:34.000Z</time>
        <extensions>
          <ns3:TrackPointExtension>
            <ns3:hr>166</ns3:hr>
            <ns3:cad>87</ns3:cad>
          </ns3:TrackPointExtension>
        </extensions>
      </trkpt>
      <trkpt lat="31.97634796611964702606201171875" lon="118.83128958754241466522216796875">
        <ele>7</ele>
        <time>2024-06-23T11:53:35.000Z</time>
        <extensions>
          <ns3:TrackPointExtension>
            <ns3:hr>167</ns3:hr>
            <ns3:cad>87</ns3:cad>
          </ns3:TrackPointExtension>
        </extensions>
      </trkpt>
      <trkpt lat="31.9763113372027873992919921875" lon="118.83127198554575443267822265625">
        <ele>7</ele>
        <time>2024-06-23T11:53:36.000Z</time>
        <extensions>
          <ns3:TrackPointExtension>
            <ns3:hr>167</ns3:hr>
            <ns3:cad>87</ns3:cad>
          </ns3:TrackPointExtension>
        </extensions>
      </trkpt>
      <trkpt lat="31.9762808270752429962158203125" lon="118.83126025088131427764892578125">
        <ele>7</ele>
        <time>2024-06-23T11:53:37.000Z</time>
        <extensions>
          <ns3:TrackPointExtension>
            <ns3:hr>167</ns3:hr>
            <ns3:cad>87</ns3:cad>
          </ns3:TrackPointExtension>
        </extensions>
      </trkpt>
      <trkpt lat="31.97624486871063709259033203125" lon="118.83124373853206634521484375">
        <ele>7</ele>
        <time>2024-06-23T11:53:38.000Z</time>
        <extensions>
          <ns3:TrackPointExtension>
            <ns3:hr>168</ns3:hr>
            <ns3:cad>87</ns3:cad>
          </ns3:TrackPointExtension>
        </extensions>
      </trkpt>
      <trkpt lat="31.976213268935680389404296875" lon="118.83123493753373622894287109375">
        <ele>7</ele>
        <time>2024-06-23T11:53:39.000Z</time>
        <extensions>
          <ns3:TrackPointExtension>
            <ns3:hr>168</ns3:hr>
            <ns3:cad>88</ns3:cad>
          </ns3:TrackPointExtension>
        </extensions>
      </trkpt>
      <trkpt lat="31.97617538273334503173828125" lon="118.83121825754642486572265625">
        <ele>7</ele>
        <time>2024-06-23T11:53:40.000Z</time>
        <extensions>
          <ns3:TrackPointExtension>
            <ns3:hr>168</ns3:hr>
            <ns3:cad>88</ns3:cad>
          </ns3:TrackPointExtension>
        </extensions>
      </trkpt>
      <trkpt lat="31.97614177130162715911865234375" lon="118.83120694197714328765869140625">
        <ele>7</ele>
        <time>2024-06-23T11:53:41.000Z</time>
        <extensions>
          <ns3:TrackPointExtension>
            <ns3:hr>168</ns3:hr>
            <ns3:cad>88</ns3:cad>
          </ns3:TrackPointExtension>
        </extensions>
      </trkpt>
      <trkpt lat="31.9761051423847675323486328125" lon="118.831189759075641632080078125">
        <ele>7.19999980926513671875</ele>
        <time>2024-06-23T11:53:42.000Z</time>
        <extensions>
          <ns3:TrackPointExtension>
            <ns3:hr>169</ns3:hr>
            <ns3:cad>88</ns3:cad>
          </ns3:TrackPointExtension>
        </extensions>
      </trkpt>
      <trkpt lat="31.976074464619159698486328125" lon="118.8311738334596157073974609375">
        <ele>7.19999980926513671875</ele>
        <time>2024-06-23T11:53:43.000Z</time>
        <extensions>
          <ns3:TrackPointExtension>
            <ns3:hr>169</ns3:hr>
            <ns3:cad>88</ns3:cad>
          </ns3:TrackPointExtension>
        </extensions>
      </trkpt>
      <trkpt lat="31.97603967972099781036376953125" lon="118.831153213977813720703125">
        <ele>7.19999980926513671875</ele>
        <time>2024-06-23T11:53:44.000Z</time>
        <extensions>
          <ns3:TrackPointExtension>
            <ns3:hr>169</ns3:hr>
            <ns3:cad>88</ns3:cad>
          </ns3:TrackPointExtension>
        </extensions>
      </trkpt>
      <trkpt lat="31.97600866667926311492919921875" lon="118.83113787509500980377197265625">
        <ele>7.19999980926513671875</ele>
        <time>2024-06-23T11:53:45.000Z</time>
        <extensions>
          <ns3:TrackPointExtension>
            <ns3:hr>169</ns3:hr>
            <ns3:cad>89</ns3:cad>
          </ns3:TrackPointExtension>
        </extensions>
      </trkpt>
      <trkpt lat="31.97597547434270381927490234375" lon="118.83112161420285701751708984375">
        <ele>7.19999980926513671875</ele>
        <time>2024-06-23T11:53:46.000Z</time>
        <extensions>
          <ns3:TrackPointExtension>
            <ns3:hr>169</ns3:hr>
            <ns3:cad>89</ns3:cad>
          </ns3:TrackPointExtension>
        </extensions>
      </trkpt>
      <trkpt lat="31.9759453833103179931640625" lon="118.83110837079584598541259765625">
        <ele>7.19999980926513671875</ele>
        <time>2024-06-23T11:53:47.000Z</time>
        <extensions>
          <ns3:TrackPointExtension>
            <ns3:hr>170</ns3:hr>
            <ns3:cad>89</ns3:cad>
          </ns3:TrackPointExtension>
        </extensions>
      </trkpt>
      <trkpt lat="31.97591378353536128997802734375" lon="118.83109621703624725341796875">
        <ele>7</ele>
        <time>2024-06-23T11:53:48.000Z</time>
        <extensions>
          <ns3:TrackPointExtension>
            <ns3:hr>170</ns3:hr>
            <ns3:cad>89</ns3:cad>
          </ns3:TrackPointExtension>
        </extensions>
      </trkpt>
      <trkpt lat="31.975880675017833709716796875" lon="118.83107970468699932098388671875">
        <ele>7</ele>
        <time>2024-06-23T11:53:49.000Z</time>
        <extensions>
          <ns3:TrackPointExtension>
            <ns3:hr>170</ns3:hr>
            <ns3:cad>88</ns3:cad>
          </ns3:TrackPointExtension>
        </extensions>
      </trkpt>
      <trkpt lat="31.97584689594805240631103515625" lon="118.8310688920319080352783203125">
        <ele>7.19999980926513671875</ele>
        <time>2024-06-23T11:53:50.000Z</time>
        <extensions>
          <ns3:TrackPointExtension>
            <ns3:hr>170</ns3:hr>
            <ns3:cad>88</ns3:cad>
          </ns3:TrackPointExtension>
        </extensions>
      </trkpt>
      <trkpt lat="31.975813619792461395263671875" lon="118.831052966415882110595703125">
        <ele>7.19999980926513671875</ele>
        <time>2024-06-23T11:53:51.000Z</time>
        <extensions>
          <ns3:TrackPointExtension>
            <ns3:hr>170</ns3:hr>
            <ns3:cad>88</ns3:cad>
          </ns3:TrackPointExtension>
        </extensions>
      </trkpt>
      <trkpt lat="31.9757816009223461151123046875" lon="118.83103813044726848602294921875">
        <ele>7</ele>
        <time>2024-06-23T11:53:52.000Z</time>
        <extensions>
          <ns3:TrackPointExtension>
            <ns3:hr>170</ns3:hr>
            <ns3:cad>88</ns3:cad>
          </ns3:TrackPointExtension>
        </extensions>
      </trkpt>
      <trkpt lat="31.9757495820522308349609375" lon="118.83101918734610080718994140625">
        <ele>7</ele>
        <time>2024-06-23T11:53:53.000Z</time>
        <extensions>
          <ns3:TrackPointExtension>
            <ns3:hr>171</ns3:hr>
            <ns3:cad>88</ns3:cad>
          </ns3:TrackPointExtension>
        </extensions>
      </trkpt>
      <trkpt lat="31.97572074830532073974609375" lon="118.83100577630102634429931640625">
        <ele>7</ele>
        <time>2024-06-23T11:53:54.000Z</time>
        <extensions>
          <ns3:TrackPointExtension>
            <ns3:hr>171</ns3:hr>
            <ns3:cad>88</ns3:cad>
          </ns3:TrackPointExtension>
        </extensions>
      </trkpt>
      <trkpt lat="31.97568981908261775970458984375" lon="118.830989263951778411865234375">
        <ele>7.19999980926513671875</ele>
        <time>2024-06-23T11:53:55.000Z</time>
        <extensions>
          <ns3:TrackPointExtension>
            <ns3:hr>171</ns3:hr>
            <ns3:cad>88</ns3:cad>
          </ns3:TrackPointExtension>
        </extensions>
      </trkpt>
      <trkpt lat="31.97566098533570766448974609375" lon="118.83097711019217967987060546875">
        <ele>7</ele>
        <time>2024-06-23T11:53:56.000Z</time>
        <extensions>
          <ns3:TrackPointExtension>
            <ns3:hr>171</ns3:hr>
            <ns3:cad>88</ns3:cad>
          </ns3:TrackPointExtension>
        </extensions>
      </trkpt>
      <trkpt lat="31.975626535713672637939453125" lon="118.83095942437648773193359375">
        <ele>7</ele>
        <time>2024-06-23T11:53:57.000Z</time>
        <extensions>
          <ns3:TrackPointExtension>
            <ns3:hr>172</ns3:hr>
            <ns3:cad>88</ns3:cad>
          </ns3:TrackPointExtension>
        </extensions>
      </trkpt>
      <trkpt lat="31.975595690310001373291015625" lon="118.8309451751410961151123046875">
        <ele>7</ele>
        <time>2024-06-23T11:53:58.000Z</time>
        <extensions>
          <ns3:TrackPointExtension>
            <ns3:hr>172</ns3:hr>
            <ns3:cad>88</ns3:cad>
          </ns3:TrackPointExtension>
        </extensions>
      </trkpt>
      <trkpt lat="31.9755596481263637542724609375" lon="118.83092681877315044403076171875">
        <ele>7</ele>
        <time>2024-06-23T11:53:59.000Z</time>
        <extensions>
          <ns3:TrackPointExtension>
            <ns3:hr>172</ns3:hr>
            <ns3:cad>88</ns3:cad>
          </ns3:TrackPointExtension>
        </extensions>
      </trkpt>
      <trkpt lat="31.97552519850432872772216796875" lon="118.83091441355645656585693359375">
        <ele>7</ele>
        <time>2024-06-23T11:54:00.000Z</time>
        <extensions>
          <ns3:TrackPointExtension>
            <ns3:hr>172</ns3:hr>
            <ns3:cad>88</ns3:cad>
          </ns3:TrackPointExtension>
        </extensions>
      </trkpt>
      <trkpt lat="31.97548798285424709320068359375" lon="118.8308982364833354949951171875">
        <ele>7</ele>
        <time>2024-06-23T11:54:01.000Z</time>
        <extensions>
          <ns3:TrackPointExtension>
            <ns3:hr>172</ns3:hr>
            <ns3:cad>89</ns3:cad>
          </ns3:TrackPointExtension>
        </extensions>
      </trkpt>
      <trkpt lat="31.97546191513538360595703125" lon="118.830890357494354248046875">
        <ele>7</ele>
        <time>2024-06-23T11:54:02.000Z</time>
        <extensions>
          <ns3:TrackPointExtension>
            <ns3:hr>172</ns3:hr>
            <ns3:cad>89</ns3:cad>
          </ns3:TrackPointExtension>
        </extensions>
      </trkpt>
      <trkpt lat="31.97542713023722171783447265625" lon="118.8308720849454402923583984375">
        <ele>7</ele>
        <time>2024-06-23T11:54:03.000Z</time>
        <extensions>
          <ns3:TrackPointExtension>
            <ns3:hr>172</ns3:hr>
            <ns3:cad>89</ns3:cad>
          </ns3:TrackPointExtension>
        </extensions>
      </trkpt>
      <trkpt lat="31.9753987155854701995849609375" lon="118.8308590091764926910400390625">
        <ele>7</ele>
        <time>2024-06-23T11:54:04.000Z</time>
        <extensions>
          <ns3:TrackPointExtension>
            <ns3:hr>173</ns3:hr>
            <ns3:cad>89</ns3:cad>
          </ns3:TrackPointExtension>
        </extensions>
      </trkpt>
      <trkpt lat="31.9753618352115154266357421875" lon="118.830842077732086181640625">
        <ele>7.19999980926513671875</ele>
        <time>2024-06-23T11:54:05.000Z</time>
        <extensions>
          <ns3:TrackPointExtension>
            <ns3:hr>173</ns3:hr>
            <ns3:cad>89</ns3:cad>
          </ns3:TrackPointExtension>
        </extensions>
      </trkpt>
      <trkpt lat="31.9753279723227024078369140625" lon="118.8308288343250751495361328125">
        <ele>7</ele>
        <time>2024-06-23T11:54:06.000Z</time>
        <extensions>
          <ns3:TrackPointExtension>
            <ns3:hr>173</ns3:hr>
            <ns3:cad>90</ns3:cad>
          </ns3:TrackPointExtension>
        </extensions>
      </trkpt>
      <trkpt lat="31.97529201395809650421142578125" lon="118.8308110646903514862060546875">
        <ele>7</ele>
        <time>2024-06-23T11:54:07.000Z</time>
        <extensions>
          <ns3:TrackPointExtension>
            <ns3:hr>173</ns3:hr>
            <ns3:cad>90</ns3:cad>
          </ns3:TrackPointExtension>
        </extensions>
      </trkpt>
      <trkpt lat="31.97526334784924983978271484375" lon="118.8307993300259113311767578125">
        <ele>7</ele>
        <time>2024-06-23T11:54:08.000Z</time>
        <extensions>
          <ns3:TrackPointExtension>
            <ns3:hr>173</ns3:hr>
            <ns3:cad>90</ns3:cad>
          </ns3:TrackPointExtension>
        </extensions>
      </trkpt>
      <trkpt lat="31.9752280600368976593017578125" lon="118.83078365586698055267333984375">
        <ele>7</ele>
        <time>2024-06-23T11:54:09.000Z</time>
        <extensions>
          <ns3:TrackPointExtension>
            <ns3:hr>173</ns3:hr>
            <ns3:cad>90</ns3:cad>
          </ns3:TrackPointExtension>
        </extensions>
      </trkpt>
      <trkpt lat="31.97519796900451183319091796875" lon="118.8307741843163967132568359375">
        <ele>7</ele>
        <time>2024-06-23T11:54:10.000Z</time>
        <extensions>
          <ns3:TrackPointExtension>
            <ns3:hr>173</ns3:hr>
            <ns3:cad>89</ns3:cad>
          </ns3:TrackPointExtension>
        </extensions>
      </trkpt>
      <trkpt lat="31.975161843001842498779296875" lon="118.83075901307165622711181640625">
        <ele>7</ele>
        <time>2024-06-23T11:54:11.000Z</time>
        <extensions>
          <ns3:TrackPointExtension>
            <ns3:hr>173</ns3:hr>
            <ns3:cad>89</ns3:cad>
          </ns3:TrackPointExtension>
        </extensions>
      </trkpt>
      <trkpt lat="31.97513091377913951873779296875" lon="118.83074644021689891815185546875">
        <ele>7</ele>
        <time>2024-06-23T11:54:12.000Z</time>
        <extensions>
          <ns3:TrackPointExtension>
            <ns3:hr>173</ns3:hr>
            <ns3:cad>88</ns3:cad>
          </ns3:TrackPointExtension>
        </extensions>
      </trkpt>
      <trkpt lat="31.975096799433231353759765625" lon="118.830729424953460693359375">
        <ele>7</ele>
        <time>2024-06-23T11:54:13.000Z</time>
        <extensions>
          <ns3:TrackPointExtension>
            <ns3:hr>173</ns3:hr>
            <ns3:cad>88</ns3:cad>
          </ns3:TrackPointExtension>
        </extensions>
      </trkpt>
      <trkpt lat="31.9750667922198772430419921875" lon="118.830714337527751922607421875">
        <ele>6.80000019073486328125</ele>
        <time>2024-06-23T11:54:14.000Z</time>
        <extensions>
          <ns3:TrackPointExtension>
            <ns3:hr>173</ns3:hr>
            <ns3:cad>88</ns3:cad>
          </ns3:TrackPointExtension>
        </extensions>
      </trkpt>
      <trkpt lat="31.97503351606428623199462890625" lon="118.83069899864494800567626953125">
        <ele>6.80000019073486328125</ele>
        <time>2024-06-23T11:54:15.000Z</time>
        <extensions>
          <ns3:TrackPointExtension>
            <ns3:hr>173</ns3:hr>
            <ns3:cad>89</ns3:cad>
          </ns3:TrackPointExtension>
        </extensions>
      </trkpt>
      <trkpt lat="31.97500216774642467498779296875" lon="118.830682151019573211669921875">
        <ele>6.80000019073486328125</ele>
        <time>2024-06-23T11:54:16.000Z</time>
        <extensions>
          <ns3:TrackPointExtension>
            <ns3:hr>174</ns3:hr>
            <ns3:cad>89</ns3:cad>
          </ns3:TrackPointExtension>
        </extensions>
      </trkpt>
      <trkpt lat="31.97497081942856311798095703125" lon="118.830668069422245025634765625">
        <ele>6.599999904632568359375</ele>
        <time>2024-06-23T11:54:17.000Z</time>
        <extensions>
          <ns3:TrackPointExtension>
            <ns3:hr>174</ns3:hr>
            <ns3:cad>89</ns3:cad>
          </ns3:TrackPointExtension>
        </extensions>
      </trkpt>
      <trkpt lat="31.974938213825225830078125" lon="118.83065205998718738555908203125">
        <ele>6.599999904632568359375</ele>
        <time>2024-06-23T11:54:18.000Z</time>
        <extensions>
          <ns3:TrackPointExtension>
            <ns3:hr>174</ns3:hr>
            <ns3:cad>89</ns3:cad>
          </ns3:TrackPointExtension>
        </extensions>
      </trkpt>
      <trkpt lat="31.97490535676479339599609375" lon="118.83064032532274723052978515625">
        <ele>6.80000019073486328125</ele>
        <time>2024-06-23T11:54:19.000Z</time>
        <extensions>
          <ns3:TrackPointExtension>
            <ns3:hr>174</ns3:hr>
            <ns3:cad>88</ns3:cad>
          </ns3:TrackPointExtension>
        </extensions>
      </trkpt>
      <trkpt lat="31.97487241588532924652099609375" lon="118.83062322624027729034423828125">
        <ele>6.80000019073486328125</ele>
        <time>2024-06-23T11:54:20.000Z</time>
        <extensions>
          <ns3:TrackPointExtension>
            <ns3:hr>174</ns3:hr>
            <ns3:cad>87</ns3:cad>
          </ns3:TrackPointExtension>
        </extensions>
      </trkpt>
      <trkpt lat="31.974840648472309112548828125" lon="118.83060872554779052734375">
        <ele>6.80000019073486328125</ele>
        <time>2024-06-23T11:54:21.000Z</time>
        <extensions>
          <ns3:TrackPointExtension>
            <ns3:hr>174</ns3:hr>
            <ns3:cad>87</ns3:cad>
          </ns3:TrackPointExtension>
        </extensions>
      </trkpt>
      <trkpt lat="31.97480745613574981689453125" lon="118.83059171028435230255126953125">
        <ele>6.80000019073486328125</ele>
        <time>2024-06-23T11:54:22.000Z</time>
        <extensions>
          <ns3:TrackPointExtension>
            <ns3:hr>174</ns3:hr>
            <ns3:cad>88</ns3:cad>
          </ns3:TrackPointExtension>
        </extensions>
      </trkpt>
      <trkpt lat="31.97478122077882289886474609375" lon="118.83058181963860988616943359375">
        <ele>6.80000019073486328125</ele>
        <time>2024-06-23T11:54:23.000Z</time>
        <extensions>
          <ns3:TrackPointExtension>
            <ns3:hr>175</ns3:hr>
            <ns3:cad>88</ns3:cad>
          </ns3:TrackPointExtension>
        </extensions>
      </trkpt>
      <trkpt lat="31.97474786080420017242431640625" lon="118.83056488819420337677001953125">
        <ele>6.80000019073486328125</ele>
        <time>2024-06-23T11:54:24.000Z</time>
        <extensions>
          <ns3:TrackPointExtension>
            <ns3:hr>175</ns3:hr>
            <ns3:cad>88</ns3:cad>
          </ns3:TrackPointExtension>
        </extensions>
      </trkpt>
      <trkpt lat="31.97471936233341693878173828125" lon="118.830549716949462890625">
        <ele>6.80000019073486328125</ele>
        <time>2024-06-23T11:54:25.000Z</time>
        <extensions>
          <ns3:TrackPointExtension>
            <ns3:hr>175</ns3:hr>
            <ns3:cad>88</ns3:cad>
          </ns3:TrackPointExtension>
        </extensions>
      </trkpt>
      <trkpt lat="31.97469254024326801300048828125" lon="118.8305334560573101043701171875">
        <ele>6.80000019073486328125</ele>
        <time>2024-06-23T11:54:26.000Z</time>
        <extensions>
          <ns3:TrackPointExtension>
            <ns3:hr>175</ns3:hr>
            <ns3:cad>88</ns3:cad>
          </ns3:TrackPointExtension>
        </extensions>
      </trkpt>
      <trkpt lat="31.97467175312340259552001953125" lon="118.8305270858108997344970703125">
        <ele>7</ele>
        <time>2024-06-23T11:54:27.000Z</time>
        <extensions>
          <ns3:TrackPointExtension>
            <ns3:hr>176</ns3:hr>
            <ns3:cad>88</ns3:cad>
          </ns3:TrackPointExtension>
        </extensions>
      </trkpt>
      <trkpt lat="31.9746473617851734161376953125" lon="118.83051744662225246429443359375">
        <ele>7</ele>
        <time>2024-06-23T11:54:28.000Z</time>
        <extensions>
          <ns3:TrackPointExtension>
            <ns3:hr>176</ns3:hr>
            <ns3:cad>87</ns3:cad>
          </ns3:TrackPointExtension>
        </extensions>
      </trkpt>
      <trkpt lat="31.9746191985905170440673828125" lon="118.830502443015575408935546875">
        <ele>7</ele>
        <time>2024-06-23T11:54:29.000Z</time>
        <extensions>
          <ns3:TrackPointExtension>
            <ns3:hr>176</ns3:hr>
            <ns3:cad>87</ns3:cad>
          </ns3:TrackPointExtension>
        </extensions>
      </trkpt>
      <trkpt lat="31.97459153831005096435546875" lon="118.83049540221691131591796875">
        <ele>7</ele>
        <time>2024-06-23T11:54:30.000Z</time>
        <extensions>
          <ns3:TrackPointExtension>
            <ns3:hr>176</ns3:hr>
            <ns3:cad>87</ns3:cad>
          </ns3:TrackPointExtension>
        </extensions>
      </trkpt>
      <trkpt lat="31.97455893270671367645263671875" lon="118.8304813206195831298828125">
        <ele>7.19999980926513671875</ele>
        <time>2024-06-23T11:54:31.000Z</time>
        <extensions>
          <ns3:TrackPointExtension>
            <ns3:hr>176</ns3:hr>
            <ns3:cad>86</ns3:cad>
          </ns3:TrackPointExtension>
        </extensions>
      </trkpt>
      <trkpt lat="31.9745266623795032501220703125" lon="118.8304690830409526824951171875">
        <ele>7.19999980926513671875</ele>
        <time>2024-06-23T11:54:32.000Z</time>
        <extensions>
          <ns3:TrackPointExtension>
            <ns3:hr>176</ns3:hr>
            <ns3:cad>86</ns3:cad>
          </ns3:TrackPointExtension>
        </extensions>
      </trkpt>
      <trkpt lat="31.97448961436748504638671875" lon="118.83045474998652935028076171875">
        <ele>7.19999980926513671875</ele>
        <time>2024-06-23T11:54:33.000Z</time>
        <extensions>
          <ns3:TrackPointExtension>
            <ns3:hr>176</ns3:hr>
            <ns3:cad>86</ns3:cad>
          </ns3:TrackPointExtension>
        </extensions>
      </trkpt>
      <trkpt lat="31.97445784695446491241455078125" lon="118.83044335059821605682373046875">
        <ele>7.19999980926513671875</ele>
        <time>2024-06-23T11:54:34.000Z</time>
        <extensions>
          <ns3:TrackPointExtension>
            <ns3:hr>176</ns3:hr>
            <ns3:cad>86</ns3:cad>
          </ns3:TrackPointExtension>
        </extensions>
      </trkpt>
      <trkpt lat="31.97442197240889072418212890625" lon="118.830428682267665863037109375">
        <ele>7</ele>
        <time>2024-06-23T11:54:35.000Z</time>
        <extensions>
          <ns3:TrackPointExtension>
            <ns3:hr>176</ns3:hr>
            <ns3:cad>86</ns3:cad>
          </ns3:TrackPointExtension>
        </extensions>
      </trkpt>
      <trkpt lat="31.97439263574779033660888671875" lon="118.8304171152412891387939453125">
        <ele>7</ele>
        <time>2024-06-23T11:54:36.000Z</time>
        <extensions>
          <ns3:TrackPointExtension>
            <ns3:hr>176</ns3:hr>
            <ns3:cad>86</ns3:cad>
          </ns3:TrackPointExtension>
        </extensions>
      </trkpt>
      <trkpt lat="31.974360533058643341064453125" lon="118.83040311746299266815185546875">
        <ele>7.19999980926513671875</ele>
        <time>2024-06-23T11:54:37.000Z</time>
        <extensions>
          <ns3:TrackPointExtension>
            <ns3:hr>177</ns3:hr>
            <ns3:cad>86</ns3:cad>
          </ns3:TrackPointExtension>
        </extensions>
      </trkpt>
      <trkpt lat="31.97433178313076496124267578125" lon="118.830395154654979705810546875">
        <ele>7</ele>
        <time>2024-06-23T11:54:38.000Z</time>
        <extensions>
          <ns3:TrackPointExtension>
            <ns3:hr>177</ns3:hr>
            <ns3:cad>89</ns3:cad>
          </ns3:TrackPointExtension>
        </extensions>
      </trkpt>
      <trkpt lat="31.97429842315614223480224609375" lon="118.830384425818920135498046875">
        <ele>7</ele>
        <time>2024-06-23T11:54:39.000Z</time>
        <extensions>
          <ns3:TrackPointExtension>
            <ns3:hr>177</ns3:hr>
            <ns3:cad>89</ns3:cad>
          </ns3:TrackPointExtension>
        </extensions>
      </trkpt>
      <trkpt lat="31.974270008504390716552734375" lon="118.83037562482059001922607421875">
        <ele>7</ele>
        <time>2024-06-23T11:54:40.000Z</time>
        <extensions>
          <ns3:TrackPointExtension>
            <ns3:hr>177</ns3:hr>
            <ns3:cad>89</ns3:cad>
          </ns3:TrackPointExtension>
        </extensions>
      </trkpt>
      <trkpt lat="31.97423480451107025146484375" lon="118.83036523126065731048583984375">
        <ele>7</ele>
        <time>2024-06-23T11:54:41.000Z</time>
        <extensions>
          <ns3:TrackPointExtension>
            <ns3:hr>177</ns3:hr>
            <ns3:cad>89</ns3:cad>
          </ns3:TrackPointExtension>
        </extensions>
      </trkpt>
      <trkpt lat="31.97420186363160610198974609375" lon="118.83035601116716861724853515625">
        <ele>7</ele>
        <time>2024-06-23T11:54:42.000Z</time>
        <extensions>
          <ns3:TrackPointExtension>
            <ns3:hr>177</ns3:hr>
            <ns3:cad>89</ns3:cad>
          </ns3:TrackPointExtension>
        </extensions>
      </trkpt>
      <trkpt lat="31.9741638936102390289306640625" lon="118.83034385740756988525390625">
        <ele>7</ele>
        <time>2024-06-23T11:54:43.000Z</time>
        <extensions>
          <ns3:TrackPointExtension>
            <ns3:hr>177</ns3:hr>
            <ns3:cad>89</ns3:cad>
          </ns3:TrackPointExtension>
        </extensions>
      </trkpt>
      <trkpt lat="31.97413916699588298797607421875" lon="118.83033840917050838470458984375">
        <ele>7</ele>
        <time>2024-06-23T11:54:44.000Z</time>
        <extensions>
          <ns3:TrackPointExtension>
            <ns3:hr>177</ns3:hr>
            <ns3:cad>87</ns3:cad>
          </ns3:TrackPointExtension>
        </extensions>
      </trkpt>
      <trkpt lat="31.9741075672209262847900390625" lon="118.83033036254346370697021484375">
        <ele>7</ele>
        <time>2024-06-23T11:54:45.000Z</time>
        <extensions>
          <ns3:TrackPointExtension>
            <ns3:hr>177</ns3:hr>
            <ns3:cad>87</ns3:cad>
          </ns3:TrackPointExtension>
        </extensions>
      </trkpt>
      <trkpt lat="31.974076218903064727783203125" lon="118.83032265119254589080810546875">
        <ele>7</ele>
        <time>2024-06-23T11:54:46.000Z</time>
        <extensions>
          <ns3:TrackPointExtension>
            <ns3:hr>177</ns3:hr>
            <ns3:cad>88</ns3:cad>
          </ns3:TrackPointExtension>
        </extensions>
      </trkpt>
      <trkpt lat="31.97404009290039539337158203125" lon="118.83031527511775493621826171875">
        <ele>7</ele>
        <time>2024-06-23T11:54:47.000Z</time>
        <extensions>
          <ns3:TrackPointExtension>
            <ns3:hr>177</ns3:hr>
            <ns3:cad>88</ns3:cad>
          </ns3:TrackPointExtension>
        </extensions>
      </trkpt>
      <trkpt lat="31.97400748729705810546875" lon="118.83031141944229602813720703125">
        <ele>7</ele>
        <time>2024-06-23T11:54:48.000Z</time>
        <extensions>
          <ns3:TrackPointExtension>
            <ns3:hr>177</ns3:hr>
            <ns3:cad>88</ns3:cad>
          </ns3:TrackPointExtension>
        </extensions>
      </trkpt>
      <trkpt lat="31.97397890500724315643310546875" lon="118.83030538447201251983642578125">
        <ele>7</ele>
        <time>2024-06-23T11:54:49.000Z</time>
        <extensions>
          <ns3:TrackPointExtension>
            <ns3:hr>177</ns3:hr>
            <ns3:cad>88</ns3:cad>
          </ns3:TrackPointExtension>
        </extensions>
      </trkpt>
      <trkpt lat="31.9739543460309505462646484375" lon="118.83029683493077754974365234375">
        <ele>7</ele>
        <time>2024-06-23T11:54:50.000Z</time>
        <extensions>
          <ns3:TrackPointExtension>
            <ns3:hr>177</ns3:hr>
            <ns3:cad>88</ns3:cad>
          </ns3:TrackPointExtension>
        </extensions>
      </trkpt>
      <trkpt lat="31.97392492555081844329833984375" lon="118.83028476499021053314208984375">
        <ele>7</ele>
        <time>2024-06-23T11:54:51.000Z</time>
        <extensions>
          <ns3:TrackPointExtension>
            <ns3:hr>177</ns3:hr>
            <ns3:cad>87</ns3:cad>
          </ns3:TrackPointExtension>
        </extensions>
      </trkpt>
      <trkpt lat="31.97389282286167144775390625" lon="118.830269090831279754638671875">
        <ele>7</ele>
        <time>2024-06-23T11:54:52.000Z</time>
        <extensions>
          <ns3:TrackPointExtension>
            <ns3:hr>177</ns3:hr>
            <ns3:cad>87</ns3:cad>
          </ns3:TrackPointExtension>
        </extensions>
      </trkpt>
      <trkpt lat="31.97386038489639759063720703125" lon="118.8302592001855373382568359375">
        <ele>7</ele>
        <time>2024-06-23T11:54:53.000Z</time>
        <extensions>
          <ns3:TrackPointExtension>
            <ns3:hr>177</ns3:hr>
            <ns3:cad>87</ns3:cad>
          </ns3:TrackPointExtension>
        </extensions>
      </trkpt>
      <trkpt lat="31.97382434271275997161865234375" lon="118.83024469949305057525634765625">
        <ele>7</ele>
        <time>2024-06-23T11:54:54.000Z</time>
        <extensions>
          <ns3:TrackPointExtension>
            <ns3:hr>177</ns3:hr>
            <ns3:cad>87</ns3:cad>
          </ns3:TrackPointExtension>
        </extensions>
      </trkpt>
      <trkpt lat="31.973791234195232391357421875" lon="118.83023464120924472808837890625">
        <ele>7</ele>
        <time>2024-06-23T11:54:55.000Z</time>
        <extensions>
          <ns3:TrackPointExtension>
            <ns3:hr>177</ns3:hr>
            <ns3:cad>87</ns3:cad>
          </ns3:TrackPointExtension>
        </extensions>
      </trkpt>
      <trkpt lat="31.97375292889773845672607421875" lon="118.8302226550877094268798828125">
        <ele>7</ele>
        <time>2024-06-23T11:54:56.000Z</time>
        <extensions>
          <ns3:TrackPointExtension>
            <ns3:hr>177</ns3:hr>
            <ns3:cad>87</ns3:cad>
          </ns3:TrackPointExtension>
        </extensions>
      </trkpt>
      <trkpt lat="31.97371236048638820648193359375" lon="118.83021469227969646453857421875">
        <ele>7</ele>
        <time>2024-06-23T11:54:57.000Z</time>
        <extensions>
          <ns3:TrackPointExtension>
            <ns3:hr>177</ns3:hr>
            <ns3:cad>87</ns3:cad>
          </ns3:TrackPointExtension>
        </extensions>
      </trkpt>
      <trkpt lat="31.9736817665398120880126953125" lon="118.83020530454814434051513671875">
        <ele>7</ele>
        <time>2024-06-23T11:54:58.000Z</time>
        <extensions>
          <ns3:TrackPointExtension>
            <ns3:hr>177</ns3:hr>
            <ns3:cad>87</ns3:cad>
          </ns3:TrackPointExtension>
        </extensions>
      </trkpt>
      <trkpt lat="31.9736495800316333770751953125" lon="118.8301971741020679473876953125">
        <ele>6.80000019073486328125</ele>
        <time>2024-06-23T11:54:59.000Z</time>
        <extensions>
          <ns3:TrackPointExtension>
            <ns3:hr>177</ns3:hr>
            <ns3:cad>87</ns3:cad>
          </ns3:TrackPointExtension>
        </extensions>
      </trkpt>
      <trkpt lat="31.97361244820058345794677734375" lon="118.83019004948437213897705078125">
        <ele>6.80000019073486328125</ele>
        <time>2024-06-23T11:55:00.000Z</time>
        <extensions>
          <ns3:TrackPointExtension>
            <ns3:hr>177</ns3:hr>
            <ns3:cad>87</ns3:cad>
          </ns3:TrackPointExtension>
        </extensions>
      </trkpt>
      <trkpt lat="31.97357791475951671600341796875" lon="118.83018032647669315338134765625">
        <ele>6.80000019073486328125</ele>
        <time>2024-06-23T11:55:01.000Z</time>
        <extensions>
          <ns3:TrackPointExtension>
            <ns3:hr>177</ns3:hr>
            <ns3:cad>87</ns3:cad>
          </ns3:TrackPointExtension>
        </extensions>
      </trkpt>
      <trkpt lat="31.97354086674749851226806640625" lon="118.830170519649982452392578125">
        <ele>6.599999904632568359375</ele>
        <time>2024-06-23T11:55:02.000Z</time>
        <extensions>
          <ns3:TrackPointExtension>
            <ns3:hr>177</ns3:hr>
            <ns3:cad>87</ns3:cad>
          </ns3:TrackPointExtension>
        </extensions>
      </trkpt>
      <trkpt lat="31.97350633330643177032470703125" lon="118.83015886880457401275634765625">
        <ele>6.599999904632568359375</ele>
        <time>2024-06-23T11:55:03.000Z</time>
        <extensions>
          <ns3:TrackPointExtension>
            <ns3:hr>177</ns3:hr>
            <ns3:cad>87</ns3:cad>
          </ns3:TrackPointExtension>
        </extensions>
      </trkpt>
      <trkpt lat="31.97347615845501422882080078125" lon="118.83015031926333904266357421875">
        <ele>6.599999904632568359375</ele>
        <time>2024-06-23T11:55:04.000Z</time>
        <extensions>
          <ns3:TrackPointExtension>
            <ns3:hr>177</ns3:hr>
            <ns3:cad>87</ns3:cad>
          </ns3:TrackPointExtension>
        </extensions>
      </trkpt>
      <trkpt lat="31.973444558680057525634765625" lon="118.83013841696083545684814453125">
        <ele>6.599999904632568359375</ele>
        <time>2024-06-23T11:55:05.000Z</time>
        <extensions>
          <ns3:TrackPointExtension>
            <ns3:hr>177</ns3:hr>
            <ns3:cad>87</ns3:cad>
          </ns3:TrackPointExtension>
        </extensions>
      </trkpt>
      <trkpt lat="31.97341664694249629974365234375" lon="118.83013037033379077911376953125">
        <ele>6.599999904632568359375</ele>
        <time>2024-06-23T11:55:06.000Z</time>
        <extensions>
          <ns3:TrackPointExtension>
            <ns3:hr>177</ns3:hr>
            <ns3:cad>87</ns3:cad>
          </ns3:TrackPointExtension>
        </extensions>
      </trkpt>
      <trkpt lat="31.9733798503875732421875" lon="118.8301180489361286163330078125">
        <ele>6.599999904632568359375</ele>
        <time>2024-06-23T11:55:07.000Z</time>
        <extensions>
          <ns3:TrackPointExtension>
            <ns3:hr>177</ns3:hr>
            <ns3:cad>88</ns3:cad>
          </ns3:TrackPointExtension>
        </extensions>
      </trkpt>
      <trkpt lat="31.97334623895585536956787109375" lon="118.8301093317568302154541015625">
        <ele>6.599999904632568359375</ele>
        <time>2024-06-23T11:55:08.000Z</time>
        <extensions>
          <ns3:TrackPointExtension>
            <ns3:hr>177</ns3:hr>
            <ns3:cad>88</ns3:cad>
          </ns3:TrackPointExtension>
        </extensions>
      </trkpt>
      <trkpt lat="31.9733079336583614349365234375" lon="118.8300986029207706451416015625">
        <ele>6.400000095367431640625</ele>
        <time>2024-06-23T11:55:09.000Z</time>
        <extensions>
          <ns3:TrackPointExtension>
            <ns3:hr>177</ns3:hr>
            <ns3:cad>88</ns3:cad>
          </ns3:TrackPointExtension>
        </extensions>
      </trkpt>
      <trkpt lat="31.9732765853404998779296875" lon="118.83009231649339199066162109375">
        <ele>6.599999904632568359375</ele>
        <time>2024-06-23T11:55:10.000Z</time>
        <extensions>
          <ns3:TrackPointExtension>
            <ns3:hr>177</ns3:hr>
            <ns3:cad>87</ns3:cad>
          </ns3:TrackPointExtension>
        </extensions>
      </trkpt>
      <trkpt lat="31.97324196808040142059326171875" lon="118.8300878740847110748291015625">
        <ele>6.599999904632568359375</ele>
        <time>2024-06-23T11:55:11.000Z</time>
        <extensions>
          <ns3:TrackPointExtension>
            <ns3:hr>177</ns3:hr>
            <ns3:cad>86</ns3:cad>
          </ns3:TrackPointExtension>
        </extensions>
      </trkpt>
      <trkpt lat="31.97320760227739810943603515625" lon="118.83008209057152271270751953125">
        <ele>6.599999904632568359375</ele>
        <time>2024-06-23T11:55:12.000Z</time>
        <extensions>
          <ns3:TrackPointExtension>
            <ns3:hr>177</ns3:hr>
            <ns3:cad>86</ns3:cad>
          </ns3:TrackPointExtension>
        </extensions>
      </trkpt>
      <trkpt lat="31.973172985017299652099609375" lon="118.83007722906768321990966796875">
        <ele>6.599999904632568359375</ele>
        <time>2024-06-23T11:55:13.000Z</time>
        <extensions>
          <ns3:TrackPointExtension>
            <ns3:hr>177</ns3:hr>
            <ns3:cad>86</ns3:cad>
          </ns3:TrackPointExtension>
        </extensions>
      </trkpt>
      <trkpt lat="31.9731379486620426177978515625" lon="118.83006901480257511138916015625">
        <ele>6.599999904632568359375</ele>
        <time>2024-06-23T11:55:14.000Z</time>
        <extensions>
          <ns3:TrackPointExtension>
            <ns3:hr>178</ns3:hr>
            <ns3:cad>86</ns3:cad>
          </ns3:TrackPointExtension>
        </extensions>
      </trkpt>
      <trkpt lat="31.97310500778257846832275390625" lon="118.83006155490875244140625">
        <ele>6.400000095367431640625</ele>
        <time>2024-06-23T11:55:15.000Z</time>
        <extensions>
          <ns3:TrackPointExtension>
            <ns3:hr>178</ns3:hr>
            <ns3:cad>86</ns3:cad>
          </ns3:TrackPointExtension>
        </extensions>
      </trkpt>
      <trkpt lat="31.9730708934366703033447265625" lon="118.830054514110088348388671875">
        <ele>6.599999904632568359375</ele>
        <time>2024-06-23T11:55:16.000Z</time>
        <extensions>
          <ns3:TrackPointExtension>
            <ns3:hr>178</ns3:hr>
            <ns3:cad>86</ns3:cad>
          </ns3:TrackPointExtension>
        </extensions>
      </trkpt>
      <trkpt lat="31.97304122149944305419921875" lon="118.83005141280591487884521484375">
        <ele>6.599999904632568359375</ele>
        <time>2024-06-23T11:55:17.000Z</time>
        <extensions>
          <ns3:TrackPointExtension>
            <ns3:hr>178</ns3:hr>
            <ns3:cad>87</ns3:cad>
          </ns3:TrackPointExtension>
        </extensions>
      </trkpt>
      <trkpt lat="31.9730056822299957275390625" lon="118.83004772476851940155029296875">
        <ele>6.599999904632568359375</ele>
        <time>2024-06-23T11:55:18.000Z</time>
        <extensions>
          <ns3:TrackPointExtension>
            <ns3:hr>178</ns3:hr>
            <ns3:cad>88</ns3:cad>
          </ns3:TrackPointExtension>
        </extensions>
      </trkpt>
      <trkpt lat="31.9729716517031192779541015625" lon="118.8300449587404727935791015625">
        <ele>6.599999904632568359375</ele>
        <time>2024-06-23T11:55:19.000Z</time>
        <extensions>
          <ns3:TrackPointExtension>
            <ns3:hr>178</ns3:hr>
            <ns3:cad>88</ns3:cad>
          </ns3:TrackPointExtension>
        </extensions>
      </trkpt>
      <trkpt lat="31.9729386270046234130859375" lon="118.83004076778888702392578125">
        <ele>6.599999904632568359375</ele>
        <time>2024-06-23T11:55:20.000Z</time>
        <extensions>
          <ns3:TrackPointExtension>
            <ns3:hr>179</ns3:hr>
            <ns3:cad>87</ns3:cad>
          </ns3:TrackPointExtension>
        </extensions>
      </trkpt>
      <trkpt lat="31.9729149900376796722412109375" lon="118.83004068396985530853271484375">
        <ele>6.599999904632568359375</ele>
        <time>2024-06-23T11:55:21.000Z</time>
        <extensions>
          <ns3:TrackPointExtension>
            <ns3:hr>179</ns3:hr>
            <ns3:cad>87</ns3:cad>
          </ns3:TrackPointExtension>
        </extensions>
      </trkpt>
      <trkpt lat="31.97288221679627895355224609375" lon="118.83003917522728443145751953125">
        <ele>6.599999904632568359375</ele>
        <time>2024-06-23T11:55:22.000Z</time>
        <extensions>
          <ns3:TrackPointExtension>
            <ns3:hr>179</ns3:hr>
            <ns3:cad>87</ns3:cad>
          </ns3:TrackPointExtension>
        </extensions>
      </trkpt>
      <trkpt lat="31.9728527963161468505859375" lon="118.83003280498087406158447265625">
        <ele>6.599999904632568359375</ele>
        <time>2024-06-23T11:55:23.000Z</time>
        <extensions>
          <ns3:TrackPointExtension>
            <ns3:hr>179</ns3:hr>
            <ns3:cad>87</ns3:cad>
          </ns3:TrackPointExtension>
        </extensions>
      </trkpt>
      <trkpt lat="31.9728184305131435394287109375" lon="118.83002643473446369171142578125">
        <ele>6.400000095367431640625</ele>
        <time>2024-06-23T11:55:24.000Z</time>
        <extensions>
          <ns3:TrackPointExtension>
            <ns3:hr>179</ns3:hr>
            <ns3:cad>87</ns3:cad>
          </ns3:TrackPointExtension>
        </extensions>
      </trkpt>
      <trkpt lat="31.972786746919155120849609375" lon="118.83001738227903842926025390625">
        <ele>6.400000095367431640625</ele>
        <time>2024-06-23T11:55:25.000Z</time>
        <extensions>
          <ns3:TrackPointExtension>
            <ns3:hr>179</ns3:hr>
            <ns3:cad>87</ns3:cad>
          </ns3:TrackPointExtension>
        </extensions>
      </trkpt>
      <trkpt lat="31.972756572067737579345703125" lon="118.830008916556835174560546875">
        <ele>6.400000095367431640625</ele>
        <time>2024-06-23T11:55:26.000Z</time>
        <extensions>
          <ns3:TrackPointExtension>
            <ns3:hr>179</ns3:hr>
            <ns3:cad>87</ns3:cad>
          </ns3:TrackPointExtension>
        </extensions>
      </trkpt>
      <trkpt lat="31.97272296063601970672607421875" lon="118.83000095374882221221923828125">
        <ele>6.19999980926513671875</ele>
        <time>2024-06-23T11:55:27.000Z</time>
        <extensions>
          <ns3:TrackPointExtension>
            <ns3:hr>179</ns3:hr>
            <ns3:cad>87</ns3:cad>
          </ns3:TrackPointExtension>
        </extensions>
      </trkpt>
      <trkpt lat="31.97268851101398468017578125" lon="118.82999659515917301177978515625">
        <ele>6.19999980926513671875</ele>
        <time>2024-06-23T11:55:28.000Z</time>
        <extensions>
          <ns3:TrackPointExtension>
            <ns3:hr>179</ns3:hr>
            <ns3:cad>88</ns3:cad>
          </ns3:TrackPointExtension>
        </extensions>
      </trkpt>
      <trkpt lat="31.9726551510393619537353515625" lon="118.82998972199857234954833984375">
        <ele>6.19999980926513671875</ele>
        <time>2024-06-23T11:55:29.000Z</time>
        <extensions>
          <ns3:TrackPointExtension>
            <ns3:hr>179</ns3:hr>
            <ns3:cad>88</ns3:cad>
          </ns3:TrackPointExtension>
        </extensions>
      </trkpt>
      <trkpt lat="31.97263176552951335906982421875" lon="118.82998871617019176483154296875">
        <ele>6.19999980926513671875</ele>
        <time>2024-06-23T11:55:30.000Z</time>
        <extensions>
          <ns3:TrackPointExtension>
            <ns3:hr>179</ns3:hr>
            <ns3:cad>87</ns3:cad>
          </ns3:TrackPointExtension>
        </extensions>
      </trkpt>
      <trkpt lat="31.97259865701198577880859375" lon="118.82998502813279628753662109375">
        <ele>6.19999980926513671875</ele>
        <time>2024-06-23T11:55:31.000Z</time>
        <extensions>
          <ns3:TrackPointExtension>
            <ns3:hr>179</ns3:hr>
            <ns3:cad>87</ns3:cad>
          </ns3:TrackPointExtension>
        </extensions>
      </trkpt>
      <trkpt lat="31.97257040999829769134521484375" lon="118.82998016662895679473876953125">
        <ele>6.19999980926513671875</ele>
        <time>2024-06-23T11:55:32.000Z</time>
        <extensions>
          <ns3:TrackPointExtension>
            <ns3:hr>179</ns3:hr>
            <ns3:cad>87</ns3:cad>
          </ns3:TrackPointExtension>
        </extensions>
      </trkpt>
      <trkpt lat="31.97253453545272350311279296875" lon="118.82997664622962474822998046875">
        <ele>6.19999980926513671875</ele>
        <time>2024-06-23T11:55:33.000Z</time>
        <extensions>
          <ns3:TrackPointExtension>
            <ns3:hr>179</ns3:hr>
            <ns3:cad>87</ns3:cad>
          </ns3:TrackPointExtension>
        </extensions>
      </trkpt>
      <trkpt lat="31.97250016964972019195556640625" lon="118.82997103035449981689453125">
        <ele>6.19999980926513671875</ele>
        <time>2024-06-23T11:55:34.000Z</time>
        <extensions>
          <ns3:TrackPointExtension>
            <ns3:hr>179</ns3:hr>
            <ns3:cad>87</ns3:cad>
          </ns3:TrackPointExtension>
        </extensions>
      </trkpt>
      <trkpt lat="31.97246697731316089630126953125" lon="118.82996625266969203948974609375">
        <ele>6.19999980926513671875</ele>
        <time>2024-06-23T11:55:35.000Z</time>
        <extensions>
          <ns3:TrackPointExtension>
            <ns3:hr>179</ns3:hr>
            <ns3:cad>87</ns3:cad>
          </ns3:TrackPointExtension>
        </extensions>
      </trkpt>
      <trkpt lat="31.9724342040717601776123046875" lon="118.82995904423296451568603515625">
        <ele>6.19999980926513671875</ele>
        <time>2024-06-23T11:55:36.000Z</time>
        <extensions>
          <ns3:TrackPointExtension>
            <ns3:hr>179</ns3:hr>
            <ns3:cad>87</ns3:cad>
          </ns3:TrackPointExtension>
        </extensions>
      </trkpt>
      <trkpt lat="31.97240629233419895172119140625" lon="118.82995384745299816131591796875">
        <ele>6.19999980926513671875</ele>
        <time>2024-06-23T11:55:37.000Z</time>
        <extensions>
          <ns3:TrackPointExtension>
            <ns3:hr>179</ns3:hr>
            <ns3:cad>87</ns3:cad>
          </ns3:TrackPointExtension>
        </extensions>
      </trkpt>
      <trkpt lat="31.972372345626354217529296875" lon="118.82994663901627063751220703125">
        <ele>6.19999980926513671875</ele>
        <time>2024-06-23T11:55:38.000Z</time>
        <extensions>
          <ns3:TrackPointExtension>
            <ns3:hr>179</ns3:hr>
            <ns3:cad>87</ns3:cad>
          </ns3:TrackPointExtension>
        </extensions>
      </trkpt>
      <trkpt lat="31.9723399914801120758056640625" lon="118.8299416936933994293212890625">
        <ele>6.19999980926513671875</ele>
        <time>2024-06-23T11:55:39.000Z</time>
        <extensions>
          <ns3:TrackPointExtension>
            <ns3:hr>179</ns3:hr>
            <ns3:cad>87</ns3:cad>
          </ns3:TrackPointExtension>
        </extensions>
      </trkpt>
      <trkpt lat="31.97230570949614048004150390625" lon="118.82993641309440135955810546875">
        <ele>6.19999980926513671875</ele>
        <time>2024-06-23T11:55:40.000Z</time>
        <extensions>
          <ns3:TrackPointExtension>
            <ns3:hr>179</ns3:hr>
            <ns3:cad>87</ns3:cad>
          </ns3:TrackPointExtension>
        </extensions>
      </trkpt>
      <trkpt lat="31.97227679193019866943359375" lon="118.8299333117902278900146484375">
        <ele>6.19999980926513671875</ele>
        <time>2024-06-23T11:55:41.000Z</time>
        <extensions>
          <ns3:TrackPointExtension>
            <ns3:hr>179</ns3:hr>
            <ns3:cad>87</ns3:cad>
          </ns3:TrackPointExtension>
        </extensions>
      </trkpt>
      <trkpt lat="31.97224133647978305816650390625" lon="118.8299282826483249664306640625">
        <ele>6.19999980926513671875</ele>
        <time>2024-06-23T11:55:42.000Z</time>
        <extensions>
          <ns3:TrackPointExtension>
            <ns3:hr>179</ns3:hr>
            <ns3:cad>87</ns3:cad>
          </ns3:TrackPointExtension>
        </extensions>
      </trkpt>
      <trkpt lat="31.972208730876445770263671875" lon="118.8299232535064220428466796875">
        <ele>6.400000095367431640625</ele>
        <time>2024-06-23T11:55:43.000Z</time>
        <extensions>
          <ns3:TrackPointExtension>
            <ns3:hr>179</ns3:hr>
            <ns3:cad>87</ns3:cad>
          </ns3:TrackPointExtension>
        </extensions>
      </trkpt>
      <trkpt lat="31.9721726886928081512451171875" lon="118.82991696707904338836669921875">
        <ele>6.400000095367431640625</ele>
        <time>2024-06-23T11:55:44.000Z</time>
        <extensions>
          <ns3:TrackPointExtension>
            <ns3:hr>179</ns3:hr>
            <ns3:cad>88</ns3:cad>
          </ns3:TrackPointExtension>
        </extensions>
      </trkpt>
      <trkpt lat="31.97214008308947086334228515625" lon="118.82991361431777477264404296875">
        <ele>6.400000095367431640625</ele>
        <time>2024-06-23T11:55:45.000Z</time>
        <extensions>
          <ns3:TrackPointExtension>
            <ns3:hr>180</ns3:hr>
            <ns3:cad>88</ns3:cad>
          </ns3:TrackPointExtension>
        </extensions>
      </trkpt>
      <trkpt lat="31.97211225517094135284423828125" lon="118.82991512306034564971923828125">
        <ele>6.400000095367431640625</ele>
        <time>2024-06-23T11:55:46.000Z</time>
        <extensions>
          <ns3:TrackPointExtension>
            <ns3:hr>180</ns3:hr>
            <ns3:cad>88</ns3:cad>
          </ns3:TrackPointExtension>
        </extensions>
      </trkpt>
      <trkpt lat="31.97207990102469921112060546875" lon="118.8299142010509967803955078125">
        <ele>6.400000095367431640625</ele>
        <time>2024-06-23T11:55:47.000Z</time>
        <extensions>
          <ns3:TrackPointExtension>
            <ns3:hr>180</ns3:hr>
            <ns3:cad>87</ns3:cad>
          </ns3:TrackPointExtension>
        </extensions>
      </trkpt>
      <trkpt lat="31.97204880416393280029296875" lon="118.82991109974682331085205078125">
        <ele>6.19999980926513671875</ele>
        <time>2024-06-23T11:55:48.000Z</time>
        <extensions>
          <ns3:TrackPointExtension>
            <ns3:hr>180</ns3:hr>
            <ns3:cad>87</ns3:cad>
          </ns3:TrackPointExtension>
        </extensions>
      </trkpt>
      <trkpt lat="31.9720130972564220428466796875" lon="118.829903304576873779296875">
        <ele>6.19999980926513671875</ele>
        <time>2024-06-23T11:55:49.000Z</time>
        <extensions>
          <ns3:TrackPointExtension>
            <ns3:hr>180</ns3:hr>
            <ns3:cad>87</ns3:cad>
          </ns3:TrackPointExtension>
        </extensions>
      </trkpt>
      <trkpt lat="31.97198116220533847808837890625" lon="118.82989601232111454010009765625">
        <ele>6.19999980926513671875</ele>
        <time>2024-06-23T11:55:50.000Z</time>
        <extensions>
          <ns3:TrackPointExtension>
            <ns3:hr>180</ns3:hr>
            <ns3:cad>86</ns3:cad>
          </ns3:TrackPointExtension>
        </extensions>
      </trkpt>
      <trkpt lat="31.9719483889639377593994140625" lon="118.82988897152245044708251953125">
        <ele>6.19999980926513671875</ele>
        <time>2024-06-23T11:55:51.000Z</time>
        <extensions>
          <ns3:TrackPointExtension>
            <ns3:hr>180</ns3:hr>
            <ns3:cad>86</ns3:cad>
          </ns3:TrackPointExtension>
        </extensions>
      </trkpt>
      <trkpt lat="31.97191737592220306396484375" lon="118.82988159544765949249267578125">
        <ele>6.19999980926513671875</ele>
        <time>2024-06-23T11:55:52.000Z</time>
        <extensions>
          <ns3:TrackPointExtension>
            <ns3:hr>180</ns3:hr>
            <ns3:cad>86</ns3:cad>
          </ns3:TrackPointExtension>
        </extensions>
      </trkpt>
      <trkpt lat="31.97188158519566059112548828125" lon="118.8298769854009151458740234375">
        <ele>6.19999980926513671875</ele>
        <time>2024-06-23T11:55:53.000Z</time>
        <extensions>
          <ns3:TrackPointExtension>
            <ns3:hr>180</ns3:hr>
            <ns3:cad>86</ns3:cad>
          </ns3:TrackPointExtension>
        </extensions>
      </trkpt>
      <trkpt lat="31.971847303211688995361328125" lon="118.829870782792568206787109375">
        <ele>6.19999980926513671875</ele>
        <time>2024-06-23T11:55:54.000Z</time>
        <extensions>
          <ns3:TrackPointExtension>
            <ns3:hr>180</ns3:hr>
            <ns3:cad>86</ns3:cad>
          </ns3:TrackPointExtension>
        </extensions>
      </trkpt>
      <trkpt lat="31.9718169607222080230712890625" lon="118.82986650802195072174072265625">
        <ele>6.400000095367431640625</ele>
        <time>2024-06-23T11:55:55.000Z</time>
        <extensions>
          <ns3:TrackPointExtension>
            <ns3:hr>180</ns3:hr>
            <ns3:cad>86</ns3:cad>
          </ns3:TrackPointExtension>
        </extensions>
      </trkpt>
      <trkpt lat="31.9717852771282196044921875" lon="118.82986013777554035186767578125">
        <ele>6.19999980926513671875</ele>
        <time>2024-06-23T11:55:56.000Z</time>
        <extensions>
          <ns3:TrackPointExtension>
            <ns3:hr>180</ns3:hr>
            <ns3:cad>86</ns3:cad>
          </ns3:TrackPointExtension>
        </extensions>
      </trkpt>
      <trkpt lat="31.97175719775259494781494140625" lon="118.82985762320458889007568359375">
        <ele>6.19999980926513671875</ele>
        <time>2024-06-23T11:55:57.000Z</time>
        <extensions>
          <ns3:TrackPointExtension>
            <ns3:hr>179</ns3:hr>
            <ns3:cad>86</ns3:cad>
          </ns3:TrackPointExtension>
        </extensions>
      </trkpt>
      <trkpt lat="31.97172601707279682159423828125" lon="118.82985393516719341278076171875">
        <ele>6.19999980926513671875</ele>
        <time>2024-06-23T11:55:58.000Z</time>
        <extensions>
          <ns3:TrackPointExtension>
            <ns3:hr>179</ns3:hr>
            <ns3:cad>86</ns3:cad>
          </ns3:TrackPointExtension>
        </extensions>
      </trkpt>
      <trkpt lat="31.9716972671449184417724609375" lon="118.82984136231243610382080078125">
        <ele>6.19999980926513671875</ele>
        <time>2024-06-23T11:55:59.000Z</time>
        <extensions>
          <ns3:TrackPointExtension>
            <ns3:hr>179</ns3:hr>
            <ns3:cad>86</ns3:cad>
          </ns3:TrackPointExtension>
        </extensions>
      </trkpt>
      <trkpt lat="31.97167874313890933990478515625" lon="118.829838931560516357421875">
        <ele>6.19999980926513671875</ele>
        <time>2024-06-23T11:56:00.000Z</time>
        <extensions>
          <ns3:TrackPointExtension>
            <ns3:hr>179</ns3:hr>
            <ns3:cad>85</ns3:cad>
          </ns3:TrackPointExtension>
        </extensions>
      </trkpt>
      <trkpt lat="31.9716536812484264373779296875" lon="118.82983884774148464202880859375">
        <ele>6.19999980926513671875</ele>
        <time>2024-06-23T11:56:01.000Z</time>
        <extensions>
          <ns3:TrackPointExtension>
            <ns3:hr>179</ns3:hr>
            <ns3:cad>85</ns3:cad>
          </ns3:TrackPointExtension>
        </extensions>
      </trkpt>
      <trkpt lat="31.97163172066211700439453125" lon="118.82984220050275325775146484375">
        <ele>6.19999980926513671875</ele>
        <time>2024-06-23T11:56:02.000Z</time>
        <extensions>
          <ns3:TrackPointExtension>
            <ns3:hr>179</ns3:hr>
            <ns3:cad>85</ns3:cad>
          </ns3:TrackPointExtension>
        </extensions>
      </trkpt>
      <trkpt lat="31.97160230018198490142822265625" lon="118.82984739728271961212158203125">
        <ele>6.400000095367431640625</ele>
        <time>2024-06-23T11:56:03.000Z</time>
        <extensions>
          <ns3:TrackPointExtension>
            <ns3:hr>179</ns3:hr>
            <ns3:cad>84</ns3:cad>
          </ns3:TrackPointExtension>
        </extensions>
      </trkpt>
      <trkpt lat="31.971573717892169952392578125" lon="118.8298510015010833740234375">
        <ele>6.599999904632568359375</ele>
        <time>2024-06-23T11:56:04.000Z</time>
        <extensions>
          <ns3:TrackPointExtension>
            <ns3:hr>179</ns3:hr>
            <ns3:cad>84</ns3:cad>
          </ns3:TrackPointExtension>
        </extensions>
      </trkpt>
      <trkpt lat="31.9715460576117038726806640625" lon="118.82986240088939666748046875">
        <ele>6.599999904632568359375</ele>
        <time>2024-06-23T11:56:05.000Z</time>
        <extensions>
          <ns3:TrackPointExtension>
            <ns3:hr>179</ns3:hr>
            <ns3:cad>83</ns3:cad>
          </ns3:TrackPointExtension>
        </extensions>
      </trkpt>
      <trkpt lat="31.97151663713157176971435546875" lon="118.8298751413822174072265625">
        <ele>6.80000019073486328125</ele>
        <time>2024-06-23T11:56:06.000Z</time>
        <extensions>
          <ns3:TrackPointExtension>
            <ns3:hr>179</ns3:hr>
            <ns3:cad>83</ns3:cad>
          </ns3:TrackPointExtension>
        </extensions>
      </trkpt>
      <trkpt lat="31.97149434126913547515869140625" lon="118.82988612167537212371826171875">
        <ele>7.400000095367431640625</ele>
        <time>2024-06-23T11:56:07.000Z</time>
        <extensions>
          <ns3:TrackPointExtension>
            <ns3:hr>179</ns3:hr>
            <ns3:cad>83</ns3:cad>
          </ns3:TrackPointExtension>
        </extensions>
      </trkpt>
      <trkpt lat="31.97147908620536327362060546875" lon="118.82989081554114818572998046875">
        <ele>7.80000019073486328125</ele>
        <time>2024-06-23T11:56:08.000Z</time>
        <extensions>
          <ns3:TrackPointExtension>
            <ns3:hr>179</ns3:hr>
            <ns3:cad>84</ns3:cad>
          </ns3:TrackPointExtension>
        </extensions>
      </trkpt>
      <trkpt lat="31.9714634120464324951171875" lon="118.82989584468305110931396484375">
        <ele>8.19999980926513671875</ele>
        <time>2024-06-23T11:56:09.000Z</time>
        <extensions>
          <ns3:TrackPointExtension>
            <ns3:hr>179</ns3:hr>
            <ns3:cad>84</ns3:cad>
          </ns3:TrackPointExtension>
        </extensions>
      </trkpt>
      <trkpt lat="31.97145075537264347076416015625" lon="118.82990372367203235626220703125">
        <ele>8.3999996185302734375</ele>
        <time>2024-06-23T11:56:10.000Z</time>
        <extensions>
          <ns3:TrackPointExtension>
            <ns3:hr>179</ns3:hr>
            <ns3:cad>84</ns3:cad>
          </ns3:TrackPointExtension>
        </extensions>
      </trkpt>
      <trkpt lat="31.971442289650440216064453125" lon="118.82990690879523754119873046875">
        <ele>8.6000003814697265625</ele>
        <time>2024-06-23T11:56:11.000Z</time>
        <extensions>
          <ns3:TrackPointExtension>
            <ns3:hr>179</ns3:hr>
            <ns3:cad>84</ns3:cad>
          </ns3:TrackPointExtension>
        </extensions>
      </trkpt>
      <trkpt lat="31.9714256934821605682373046875" lon="118.82990892045199871063232421875">
        <ele>9</ele>
        <time>2024-06-23T11:56:12.000Z</time>
        <extensions>
          <ns3:TrackPointExtension>
            <ns3:hr>179</ns3:hr>
            <ns3:cad>84</ns3:cad>
          </ns3:TrackPointExtension>
        </extensions>
      </trkpt>
      <trkpt lat="31.97141136042773723602294921875" lon="118.8299125246703624725341796875">
        <ele>9.19999980926513671875</ele>
        <time>2024-06-23T11:56:13.000Z</time>
        <extensions>
          <ns3:TrackPointExtension>
            <ns3:hr>179</ns3:hr>
            <ns3:cad>84</ns3:cad>
          </ns3:TrackPointExtension>
        </extensions>
      </trkpt>
      <trkpt lat="31.97139702737331390380859375" lon="118.82991679944097995758056640625">
        <ele>9.6000003814697265625</ele>
        <time>2024-06-23T11:56:14.000Z</time>
        <extensions>
          <ns3:TrackPointExtension>
            <ns3:hr>179</ns3:hr>
            <ns3:cad>84</ns3:cad>
          </ns3:TrackPointExtension>
        </extensions>
      </trkpt>
      <trkpt lat="31.9713871367275714874267578125" lon="118.82992099039256572723388671875">
        <ele>9.6000003814697265625</ele>
        <time>2024-06-23T11:56:15.000Z</time>
        <extensions>
          <ns3:TrackPointExtension>
            <ns3:hr>178</ns3:hr>
            <ns3:cad>84</ns3:cad>
          </ns3:TrackPointExtension>
        </extensions>
      </trkpt>
      <trkpt lat="31.97137632407248020172119140625" lon="118.829928450286388397216796875">
        <ele>9.80000019073486328125</ele>
        <time>2024-06-23T11:56:16.000Z</time>
        <extensions>
          <ns3:TrackPointExtension>
            <ns3:hr>178</ns3:hr>
            <ns3:cad>84</ns3:cad>
          </ns3:TrackPointExtension>
        </extensions>
      </trkpt>
      <trkpt lat="31.971370875835418701171875" lon="118.82993750274181365966796875">
        <ele>10</ele>
        <time>2024-06-23T11:56:17.000Z</time>
        <extensions>
          <ns3:TrackPointExtension>
            <ns3:hr>178</ns3:hr>
            <ns3:cad>84</ns3:cad>
          </ns3:TrackPointExtension>
        </extensions>
      </trkpt>
      <trkpt lat="31.97136886417865753173828125" lon="118.82994546554982662200927734375">
        <ele>10.3999996185302734375</ele>
        <time>2024-06-23T11:56:18.000Z</time>
        <extensions>
          <ns3:TrackPointExtension>
            <ns3:hr>177</ns3:hr>
            <ns3:cad>84</ns3:cad>
          </ns3:TrackPointExtension>
        </extensions>
      </trkpt>
      <trkpt lat="31.9713641703128814697265625" lon="118.82995787076652050018310546875">
        <ele>10.6000003814697265625</ele>
        <time>2024-06-23T11:56:19.000Z</time>
        <extensions>
          <ns3:TrackPointExtension>
            <ns3:hr>177</ns3:hr>
            <ns3:cad>84</ns3:cad>
          </ns3:TrackPointExtension>
        </extensions>
      </trkpt>
      <trkpt lat="31.9713515974581241607666015625" lon="118.8299663364887237548828125">
        <ele>10.80000019073486328125</ele>
        <time>2024-06-23T11:56:20.000Z</time>
        <extensions>
          <ns3:TrackPointExtension>
            <ns3:hr>177</ns3:hr>
            <ns3:cad>84</ns3:cad>
          </ns3:TrackPointExtension>
        </extensions>
      </trkpt>
      <trkpt lat="31.97133759967982769012451171875" lon="118.82997932843863964080810546875">
        <ele>10.80000019073486328125</ele>
        <time>2024-06-23T11:56:21.000Z</time>
        <extensions>
          <ns3:TrackPointExtension>
            <ns3:hr>177</ns3:hr>
            <ns3:cad>57</ns3:cad>
          </ns3:TrackPointExtension>
        </extensions>
      </trkpt>
      <trkpt lat="31.97132586501538753509521484375" lon="118.82998284883797168731689453125">
        <ele>10.80000019073486328125</ele>
        <time>2024-06-23T11:56:22.000Z</time>
        <extensions>
          <ns3:TrackPointExtension>
            <ns3:hr>177</ns3:hr>
            <ns3:cad>57</ns3:cad>
          </ns3:TrackPointExtension>
        </extensions>
      </trkpt>
      <trkpt lat="31.97131010703742504119873046875" lon="118.82998687215149402618408203125">
        <ele>11</ele>
        <time>2024-06-23T11:56:23.000Z</time>
        <extensions>
          <ns3:TrackPointExtension>
            <ns3:hr>177</ns3:hr>
            <ns3:cad>57</ns3:cad>
          </ns3:TrackPointExtension>
        </extensions>
      </trkpt>
      <trkpt lat="31.9712939299643039703369140625" lon="118.829990811645984649658203125">
        <ele>11</ele>
        <time>2024-06-23T11:56:24.000Z</time>
        <extensions>
          <ns3:TrackPointExtension>
            <ns3:hr>177</ns3:hr>
            <ns3:cad>57</ns3:cad>
          </ns3:TrackPointExtension>
        </extensions>
      </trkpt>
      <trkpt lat="31.97127825580537319183349609375" lon="118.8299953378736972808837890625">
        <ele>11</ele>
        <time>2024-06-23T11:56:25.000Z</time>
        <extensions>
          <ns3:TrackPointExtension>
            <ns3:hr>177</ns3:hr>
            <ns3:cad>57</ns3:cad>
          </ns3:TrackPointExtension>
        </extensions>
      </trkpt>
      <trkpt lat="31.9712593965232372283935546875" lon="118.8299956731498241424560546875">
        <ele>11</ele>
        <time>2024-06-23T11:56:26.000Z</time>
        <extensions>
          <ns3:TrackPointExtension>
            <ns3:hr>177</ns3:hr>
            <ns3:cad>58</ns3:cad>
          </ns3:TrackPointExtension>
        </extensions>
      </trkpt>
      <trkpt lat="31.97124682366847991943359375" lon="118.82999458350241184234619140625">
        <ele>11</ele>
        <time>2024-06-23T11:56:27.000Z</time>
        <extensions>
          <ns3:TrackPointExtension>
            <ns3:hr>177</ns3:hr>
            <ns3:cad>58</ns3:cad>
          </ns3:TrackPointExtension>
        </extensions>
      </trkpt>
      <trkpt lat="31.9712322391569614410400390625" lon="118.83000187575817108154296875">
        <ele>11</ele>
        <time>2024-06-23T11:56:28.000Z</time>
        <extensions>
          <ns3:TrackPointExtension>
            <ns3:hr>177</ns3:hr>
            <ns3:cad>58</ns3:cad>
          </ns3:TrackPointExtension>
        </extensions>
      </trkpt>
      <trkpt lat="31.97122025303542613983154296875" lon="118.8300065696239471435546875">
        <ele>11</ele>
        <time>2024-06-23T11:56:29.000Z</time>
        <extensions>
          <ns3:TrackPointExtension>
            <ns3:hr>176</ns3:hr>
            <ns3:cad>58</ns3:cad>
          </ns3:TrackPointExtension>
        </extensions>
      </trkpt>
      <trkpt lat="31.97121120058000087738037109375" lon="118.83001101203262805938720703125">
        <ele>11</ele>
        <time>2024-06-23T11:56:30.000Z</time>
        <extensions>
          <ns3:TrackPointExtension>
            <ns3:hr>176</ns3:hr>
            <ns3:cad>58</ns3:cad>
          </ns3:TrackPointExtension>
        </extensions>
      </trkpt>
      <trkpt lat="31.9712007232010364532470703125" lon="118.83000983856618404388427734375">
        <ele>11</ele>
        <time>2024-06-23T11:56:31.000Z</time>
        <extensions>
          <ns3:TrackPointExtension>
            <ns3:hr>176</ns3:hr>
            <ns3:cad>58</ns3:cad>
          </ns3:TrackPointExtension>
        </extensions>
      </trkpt>
      <trkpt lat="31.97119058109819889068603515625" lon="118.83000212721526622772216796875">
        <ele>11</ele>
        <time>2024-06-23T11:56:32.000Z</time>
        <extensions>
          <ns3:TrackPointExtension>
            <ns3:hr>175</ns3:hr>
            <ns3:cad>58</ns3:cad>
          </ns3:TrackPointExtension>
        </extensions>
      </trkpt>
      <trkpt lat="31.9711718894541263580322265625" lon="118.830012269318103790283203125">
        <ele>11</ele>
        <time>2024-06-23T11:56:33.000Z</time>
        <extensions>
          <ns3:TrackPointExtension>
            <ns3:hr>175</ns3:hr>
            <ns3:cad>58</ns3:cad>
          </ns3:TrackPointExtension>
        </extensions>
      </trkpt>
      <trkpt lat="31.97115487419068813323974609375" lon="118.83001394569873809814453125">
        <ele>11</ele>
        <time>2024-06-23T11:56:34.000Z</time>
        <extensions>
          <ns3:TrackPointExtension>
            <ns3:hr>175</ns3:hr>
            <ns3:cad>59</ns3:cad>
          </ns3:TrackPointExtension>
        </extensions>
      </trkpt>
      <trkpt lat="31.9711400382220745086669921875" lon="118.83001537062227725982666015625">
        <ele>11.19999980926513671875</ele>
        <time>2024-06-23T11:56:35.000Z</time>
        <extensions>
          <ns3:TrackPointExtension>
            <ns3:hr>175</ns3:hr>
            <ns3:cad>59</ns3:cad>
          </ns3:TrackPointExtension>
        </extensions>
      </trkpt>
      <trkpt lat="31.97112671099603176116943359375" lon="118.8300172984600067138671875">
        <ele>11.19999980926513671875</ele>
        <time>2024-06-23T11:56:36.000Z</time>
        <extensions>
          <ns3:TrackPointExtension>
            <ns3:hr>174</ns3:hr>
            <ns3:cad>59</ns3:cad>
          </ns3:TrackPointExtension>
        </extensions>
      </trkpt>
      <trkpt lat="31.971113719046115875244140625" lon="118.83001822046935558319091796875">
        <ele>11.19999980926513671875</ele>
        <time>2024-06-23T11:56:37.000Z</time>
        <extensions>
          <ns3:TrackPointExtension>
            <ns3:hr>174</ns3:hr>
            <ns3:cad>59</ns3:cad>
          </ns3:TrackPointExtension>
        </extensions>
      </trkpt>
      <trkpt lat="31.9710991345345973968505859375" lon="118.83002023212611675262451171875">
        <ele>11.19999980926513671875</ele>
        <time>2024-06-23T11:56:38.000Z</time>
        <extensions>
          <ns3:TrackPointExtension>
            <ns3:hr>173</ns3:hr>
            <ns3:cad>61</ns3:cad>
          </ns3:TrackPointExtension>
        </extensions>
      </trkpt>
      <trkpt lat="31.97108781896531581878662109375" lon="118.83002207614481449127197265625">
        <ele>11.19999980926513671875</ele>
        <time>2024-06-23T11:56:39.000Z</time>
        <extensions>
          <ns3:TrackPointExtension>
            <ns3:hr>173</ns3:hr>
            <ns3:cad>61</ns3:cad>
          </ns3:TrackPointExtension>
        </extensions>
      </trkpt>
      <trkpt lat="31.97107524611055850982666015625" lon="118.830023668706417083740234375">
        <ele>11.19999980926513671875</ele>
        <time>2024-06-23T11:56:40.000Z</time>
        <extensions>
          <ns3:TrackPointExtension>
            <ns3:hr>172</ns3:hr>
            <ns3:cad>61</ns3:cad>
          </ns3:TrackPointExtension>
        </extensions>
      </trkpt>
      <trkpt lat="31.97105102241039276123046875" lon="118.83002459071576595306396484375">
        <ele>11</ele>
        <time>2024-06-23T11:56:41.000Z</time>
        <extensions>
          <ns3:TrackPointExtension>
            <ns3:hr>171</ns3:hr>
            <ns3:cad>61</ns3:cad>
          </ns3:TrackPointExtension>
        </extensions>
      </trkpt>
      <trkpt lat="31.9710320793092250823974609375" lon="118.83002643473446369171142578125">
        <ele>11</ele>
        <time>2024-06-23T11:56:42.000Z</time>
        <extensions>
          <ns3:TrackPointExtension>
            <ns3:hr>171</ns3:hr>
            <ns3:cad>59</ns3:cad>
          </ns3:TrackPointExtension>
        </extensions>
      </trkpt>
      <trkpt lat="31.97101372294127941131591796875" lon="118.8300328887999057769775390625">
        <ele>10.80000019073486328125</ele>
        <time>2024-06-23T11:56:43.000Z</time>
        <extensions>
          <ns3:TrackPointExtension>
            <ns3:hr>170</ns3:hr>
            <ns3:cad>59</ns3:cad>
          </ns3:TrackPointExtension>
        </extensions>
      </trkpt>
      <trkpt lat="31.970988996326923370361328125" lon="118.83004185743629932403564453125">
        <ele>10.80000019073486328125</ele>
        <time>2024-06-23T11:56:44.000Z</time>
        <extensions>
          <ns3:TrackPointExtension>
            <ns3:hr>169</ns3:hr>
            <ns3:cad>59</ns3:cad>
          </ns3:TrackPointExtension>
        </extensions>
      </trkpt>
      <trkpt lat="31.97096795774996280670166015625" lon="118.83005912415683269500732421875">
        <ele>10.80000019073486328125</ele>
        <time>2024-06-23T11:56:45.000Z</time>
        <extensions>
          <ns3:TrackPointExtension>
            <ns3:hr>168</ns3:hr>
            <ns3:cad>59</ns3:cad>
          </ns3:TrackPointExtension>
        </extensions>
      </trkpt>
      <trkpt lat="31.97094599716365337371826171875" lon="118.83007873781025409698486328125">
        <ele>10.80000019073486328125</ele>
        <time>2024-06-23T11:56:46.000Z</time>
        <extensions>
          <ns3:TrackPointExtension>
            <ns3:hr>167</ns3:hr>
            <ns3:cad>90</ns3:cad>
          </ns3:TrackPointExtension>
        </extensions>
      </trkpt>
      <trkpt lat="31.970924623310565948486328125" lon="118.8301046378910541534423828125">
        <ele>10.80000019073486328125</ele>
        <time>2024-06-23T11:56:47.000Z</time>
        <extensions>
          <ns3:TrackPointExtension>
            <ns3:hr>167</ns3:hr>
            <ns3:cad>90</ns3:cad>
          </ns3:TrackPointExtension>
        </extensions>
      </trkpt>
      <trkpt lat="31.9709073565900325775146484375" lon="118.83012886159121990203857421875">
        <ele>10.80000019073486328125</ele>
        <time>2024-06-23T11:56:48.000Z</time>
        <extensions>
          <ns3:TrackPointExtension>
            <ns3:hr>167</ns3:hr>
            <ns3:cad>90</ns3:cad>
          </ns3:TrackPointExtension>
        </extensions>
      </trkpt>
      <trkpt lat="31.97088900022208690643310546875" lon="118.8301586173474788665771484375">
        <ele>10.80000019073486328125</ele>
        <time>2024-06-23T11:56:49.000Z</time>
        <extensions>
          <ns3:TrackPointExtension>
            <ns3:hr>166</ns3:hr>
            <ns3:cad>90</ns3:cad>
          </ns3:TrackPointExtension>
        </extensions>
      </trkpt>
      <trkpt lat="31.97086955420672893524169921875" lon="118.83018200285732746124267578125">
        <ele>10.80000019073486328125</ele>
        <time>2024-06-23T11:56:50.000Z</time>
        <extensions>
          <ns3:TrackPointExtension>
            <ns3:hr>165</ns3:hr>
            <ns3:cad>90</ns3:cad>
          </ns3:TrackPointExtension>
        </extensions>
      </trkpt>
      <trkpt lat="31.97084742598235607147216796875" lon="118.83020304143428802490234375">
        <ele>10.80000019073486328125</ele>
        <time>2024-06-23T11:56:51.000Z</time>
        <extensions>
          <ns3:TrackPointExtension>
            <ns3:hr>165</ns3:hr>
            <ns3:cad>90</ns3:cad>
          </ns3:TrackPointExtension>
        </extensions>
      </trkpt>
      <trkpt lat="31.970822699368000030517578125" lon="118.830215446650981903076171875">
        <ele>10.80000019073486328125</ele>
        <time>2024-06-23T11:56:52.000Z</time>
        <extensions>
          <ns3:TrackPointExtension>
            <ns3:hr>164</ns3:hr>
            <ns3:cad>90</ns3:cad>
          </ns3:TrackPointExtension>
        </extensions>
      </trkpt>
      <trkpt lat="31.970792524516582489013671875" lon="118.8302273489534854888916015625">
        <ele>10.80000019073486328125</ele>
        <time>2024-06-23T11:56:53.000Z</time>
        <extensions>
          <ns3:TrackPointExtension>
            <ns3:hr>164</ns3:hr>
            <ns3:cad>90</ns3:cad>
          </ns3:TrackPointExtension>
        </extensions>
      </trkpt>
      <trkpt lat="31.97076260112226009368896484375" lon="118.830228857696056365966796875">
        <ele>10.6000003814697265625</ele>
        <time>2024-06-23T11:56:54.000Z</time>
        <extensions>
          <ns3:TrackPointExtension>
            <ns3:hr>164</ns3:hr>
            <ns3:cad>89</ns3:cad>
          </ns3:TrackPointExtension>
        </extensions>
      </trkpt>
      <trkpt lat="31.97073628194630146026611328125" lon="118.83022709749639034271240234375">
        <ele>10.6000003814697265625</ele>
        <time>2024-06-23T11:56:55.000Z</time>
        <extensions>
          <ns3:TrackPointExtension>
            <ns3:hr>163</ns3:hr>
            <ns3:cad>89</ns3:cad>
          </ns3:TrackPointExtension>
        </extensions>
      </trkpt>
      <trkpt lat="31.9707075320184230804443359375" lon="118.8302236609160900115966796875">
        <ele>10.6000003814697265625</ele>
        <time>2024-06-23T11:56:56.000Z</time>
        <extensions>
          <ns3:TrackPointExtension>
            <ns3:hr>163</ns3:hr>
            <ns3:cad>89</ns3:cad>
          </ns3:TrackPointExtension>
        </extensions>
      </trkpt>
      <trkpt lat="31.9706793688237667083740234375" lon="118.83022156544029712677001953125">
        <ele>10.3999996185302734375</ele>
        <time>2024-06-23T11:56:57.000Z</time>
        <extensions>
          <ns3:TrackPointExtension>
            <ns3:hr>163</ns3:hr>
            <ns3:cad>89</ns3:cad>
          </ns3:TrackPointExtension>
        </extensions>
      </trkpt>
      <trkpt lat="31.9706512056291103363037109375" lon="118.830215446650981903076171875">
        <ele>10.3999996185302734375</ele>
        <time>2024-06-23T11:56:58.000Z</time>
        <extensions>
          <ns3:TrackPointExtension>
            <ns3:hr>162</ns3:hr>
            <ns3:cad>89</ns3:cad>
          </ns3:TrackPointExtension>
        </extensions>
      </trkpt>
      <trkpt lat="31.97062228806316852569580078125" lon="118.830210752785205841064453125">
        <ele>10.3999996185302734375</ele>
        <time>2024-06-23T11:56:59.000Z</time>
        <extensions>
          <ns3:TrackPointExtension>
            <ns3:hr>162</ns3:hr>
            <ns3:cad>89</ns3:cad>
          </ns3:TrackPointExtension>
        </extensions>
      </trkpt>
      <trkpt lat="31.9705898500978946685791015625" lon="118.83020580746233463287353515625">
        <ele>10.3999996185302734375</ele>
        <time>2024-06-23T11:57:00.000Z</time>
        <extensions>
          <ns3:TrackPointExtension>
            <ns3:hr>162</ns3:hr>
            <ns3:cad>89</ns3:cad>
          </ns3:TrackPointExtension>
        </extensions>
      </trkpt>
      <trkpt lat="31.97056344710290431976318359375" lon="118.830204047262668609619140625">
        <ele>10.3999996185302734375</ele>
        <time>2024-06-23T11:57:01.000Z</time>
        <extensions>
          <ns3:TrackPointExtension>
            <ns3:hr>162</ns3:hr>
            <ns3:cad>89</ns3:cad>
          </ns3:TrackPointExtension>
        </extensions>
      </trkpt>
      <trkpt lat="31.970530338585376739501953125" lon="118.83020178414881229400634765625">
        <ele>10.3999996185302734375</ele>
        <time>2024-06-23T11:57:02.000Z</time>
        <extensions>
          <ns3:TrackPointExtension>
            <ns3:hr>162</ns3:hr>
            <ns3:cad>89</ns3:cad>
          </ns3:TrackPointExtension>
        </extensions>
      </trkpt>
      <trkpt lat="31.97050075046718120574951171875" lon="118.8301981799304485321044921875">
        <ele>10.3999996185302734375</ele>
        <time>2024-06-23T11:57:03.000Z</time>
        <extensions>
          <ns3:TrackPointExtension>
            <ns3:hr>162</ns3:hr>
            <ns3:cad>88</ns3:cad>
          </ns3:TrackPointExtension>
        </extensions>
      </trkpt>
      <trkpt lat="31.97047526948153972625732421875" lon="118.8301921449601650238037109375">
        <ele>10.3999996185302734375</ele>
        <time>2024-06-23T11:57:04.000Z</time>
        <extensions>
          <ns3:TrackPointExtension>
            <ns3:hr>161</ns3:hr>
            <ns3:cad>87</ns3:cad>
          </ns3:TrackPointExtension>
        </extensions>
      </trkpt>
      <trkpt lat="31.970451213419437408447265625" lon="118.8301889598369598388671875">
        <ele>10.3999996185302734375</ele>
        <time>2024-06-23T11:57:05.000Z</time>
        <extensions>
          <ns3:TrackPointExtension>
            <ns3:hr>161</ns3:hr>
            <ns3:cad>87</ns3:cad>
          </ns3:TrackPointExtension>
        </extensions>
      </trkpt>
      <trkpt lat="31.970421373844146728515625" lon="118.83018619380891323089599609375">
        <ele>10.3999996185302734375</ele>
        <time>2024-06-23T11:57:06.000Z</time>
        <extensions>
          <ns3:TrackPointExtension>
            <ns3:hr>160</ns3:hr>
            <ns3:cad>87</ns3:cad>
          </ns3:TrackPointExtension>
        </extensions>
      </trkpt>
      <trkpt lat="31.97039480321109294891357421875" lon="118.83018384687602519989013671875">
        <ele>10.6000003814697265625</ele>
        <time>2024-06-23T11:57:07.000Z</time>
        <extensions>
          <ns3:TrackPointExtension>
            <ns3:hr>160</ns3:hr>
            <ns3:cad>87</ns3:cad>
          </ns3:TrackPointExtension>
        </extensions>
      </trkpt>
      <trkpt lat="31.970364041626453399658203125" lon="118.830181248486042022705078125">
        <ele>10.6000003814697265625</ele>
        <time>2024-06-23T11:57:08.000Z</time>
        <extensions>
          <ns3:TrackPointExtension>
            <ns3:hr>160</ns3:hr>
            <ns3:cad>87</ns3:cad>
          </ns3:TrackPointExtension>
        </extensions>
      </trkpt>
      <trkpt lat="31.9703353755176067352294921875" lon="118.83017647080123424530029296875">
        <ele>10.6000003814697265625</ele>
        <time>2024-06-23T11:57:09.000Z</time>
        <extensions>
          <ns3:TrackPointExtension>
            <ns3:hr>160</ns3:hr>
            <ns3:cad>87</ns3:cad>
          </ns3:TrackPointExtension>
        </extensions>
      </trkpt>
      <trkpt lat="31.9703020155429840087890625" lon="118.83017060346901416778564453125">
        <ele>10.80000019073486328125</ele>
        <time>2024-06-23T11:57:10.000Z</time>
        <extensions>
          <ns3:TrackPointExtension>
            <ns3:hr>160</ns3:hr>
            <ns3:cad>87</ns3:cad>
          </ns3:TrackPointExtension>
        </extensions>
      </trkpt>
      <trkpt lat="31.97027527727186679840087890625" lon="118.8301606290042400360107421875">
        <ele>10.80000019073486328125</ele>
        <time>2024-06-23T11:57:11.000Z</time>
        <extensions>
          <ns3:TrackPointExtension>
            <ns3:hr>160</ns3:hr>
            <ns3:cad>88</ns3:cad>
          </ns3:TrackPointExtension>
        </extensions>
      </trkpt>
      <trkpt lat="31.97024862281978130340576171875" lon="118.830156438052654266357421875">
        <ele>10.80000019073486328125</ele>
        <time>2024-06-23T11:57:12.000Z</time>
        <extensions>
          <ns3:TrackPointExtension>
            <ns3:hr>160</ns3:hr>
            <ns3:cad>88</ns3:cad>
          </ns3:TrackPointExtension>
        </extensions>
      </trkpt>
      <trkpt lat="31.9702207110822200775146484375" lon="118.8301492296159267425537109375">
        <ele>10.80000019073486328125</ele>
        <time>2024-06-23T11:57:13.000Z</time>
        <extensions>
          <ns3:TrackPointExtension>
            <ns3:hr>160</ns3:hr>
            <ns3:cad>88</ns3:cad>
          </ns3:TrackPointExtension>
        </extensions>
      </trkpt>
      <trkpt lat="31.97019313462078571319580078125" lon="118.83014780469238758087158203125">
        <ele>10.80000019073486328125</ele>
        <time>2024-06-23T11:57:14.000Z</time>
        <extensions>
          <ns3:TrackPointExtension>
            <ns3:hr>160</ns3:hr>
            <ns3:cad>88</ns3:cad>
          </ns3:TrackPointExtension>
        </extensions>
      </trkpt>
      <trkpt lat="31.97016480378806591033935546875" lon="118.83014403283596038818359375">
        <ele>10.80000019073486328125</ele>
        <time>2024-06-23T11:57:15.000Z</time>
        <extensions>
          <ns3:TrackPointExtension>
            <ns3:hr>160</ns3:hr>
            <ns3:cad>87</ns3:cad>
          </ns3:TrackPointExtension>
        </extensions>
      </trkpt>
      <trkpt lat="31.970138736069202423095703125" lon="118.8301462121307849884033203125">
        <ele>10.80000019073486328125</ele>
        <time>2024-06-23T11:57:16.000Z</time>
        <extensions>
          <ns3:TrackPointExtension>
            <ns3:hr>160</ns3:hr>
            <ns3:cad>87</ns3:cad>
          </ns3:TrackPointExtension>
        </extensions>
      </trkpt>
      <trkpt lat="31.97011082433164119720458984375" lon="118.83014529012143611907958984375">
        <ele>10.6000003814697265625</ele>
        <time>2024-06-23T11:57:17.000Z</time>
        <extensions>
          <ns3:TrackPointExtension>
            <ns3:hr>160</ns3:hr>
            <ns3:cad>87</ns3:cad>
          </ns3:TrackPointExtension>
        </extensions>
      </trkpt>
      <trkpt lat="31.9700852595269680023193359375" lon="118.83014562539756298065185546875">
        <ele>10.6000003814697265625</ele>
        <time>2024-06-23T11:57:18.000Z</time>
        <extensions>
          <ns3:TrackPointExtension>
            <ns3:hr>160</ns3:hr>
            <ns3:cad>88</ns3:cad>
          </ns3:TrackPointExtension>
        </extensions>
      </trkpt>
      <trkpt lat="31.97005785070359706878662109375" lon="118.830140344798564910888671875">
        <ele>10.6000003814697265625</ele>
        <time>2024-06-23T11:57:19.000Z</time>
        <extensions>
          <ns3:TrackPointExtension>
            <ns3:hr>160</ns3:hr>
            <ns3:cad>88</ns3:cad>
          </ns3:TrackPointExtension>
        </extensions>
      </trkpt>
      <trkpt lat="31.97003471665084362030029296875" lon="118.83014042861759662628173828125">
        <ele>10.6000003814697265625</ele>
        <time>2024-06-23T11:57:20.000Z</time>
        <extensions>
          <ns3:TrackPointExtension>
            <ns3:hr>160</ns3:hr>
            <ns3:cad>89</ns3:cad>
          </ns3:TrackPointExtension>
        </extensions>
      </trkpt>
      <trkpt lat="31.97000554762780666351318359375" lon="118.83014026097953319549560546875">
        <ele>10.6000003814697265625</ele>
        <time>2024-06-23T11:57:21.000Z</time>
        <extensions>
          <ns3:TrackPointExtension>
            <ns3:hr>160</ns3:hr>
            <ns3:cad>88</ns3:cad>
          </ns3:TrackPointExtension>
        </extensions>
      </trkpt>
      <trkpt lat="31.9699786417186260223388671875" lon="118.83013866841793060302734375">
        <ele>10.6000003814697265625</ele>
        <time>2024-06-23T11:57:22.000Z</time>
        <extensions>
          <ns3:TrackPointExtension>
            <ns3:hr>160</ns3:hr>
            <ns3:cad>88</ns3:cad>
          </ns3:TrackPointExtension>
        </extensions>
      </trkpt>
      <trkpt lat="31.96995140053331851959228515625" lon="118.8301351480185985565185546875">
        <ele>10.6000003814697265625</ele>
        <time>2024-06-23T11:57:23.000Z</time>
        <extensions>
          <ns3:TrackPointExtension>
            <ns3:hr>160</ns3:hr>
            <ns3:cad>88</ns3:cad>
          </ns3:TrackPointExtension>
        </extensions>
      </trkpt>
      <trkpt lat="31.9699265062808990478515625" lon="118.83012919686734676361083984375">
        <ele>10.80000019073486328125</ele>
        <time>2024-06-23T11:57:24.000Z</time>
        <extensions>
          <ns3:TrackPointExtension>
            <ns3:hr>160</ns3:hr>
            <ns3:cad>88</ns3:cad>
          </ns3:TrackPointExtension>
        </extensions>
      </trkpt>
      <trkpt lat="31.96990010328590869903564453125" lon="118.83012701757252216339111328125">
        <ele>10.80000019073486328125</ele>
        <time>2024-06-23T11:57:25.000Z</time>
        <extensions>
          <ns3:TrackPointExtension>
            <ns3:hr>160</ns3:hr>
            <ns3:cad>86</ns3:cad>
          </ns3:TrackPointExtension>
        </extensions>
      </trkpt>
      <trkpt lat="31.96987294591963291168212890625" lon="118.8301200605928897857666015625">
        <ele>10.80000019073486328125</ele>
        <time>2024-06-23T11:57:26.000Z</time>
        <extensions>
          <ns3:TrackPointExtension>
            <ns3:hr>159</ns3:hr>
            <ns3:cad>86</ns3:cad>
          </ns3:TrackPointExtension>
        </extensions>
      </trkpt>
      <trkpt lat="31.96984662674367427825927734375" lon="118.8301177136600017547607421875">
        <ele>10.80000019073486328125</ele>
        <time>2024-06-23T11:57:27.000Z</time>
        <extensions>
          <ns3:TrackPointExtension>
            <ns3:hr>159</ns3:hr>
            <ns3:cad>86</ns3:cad>
          </ns3:TrackPointExtension>
        </extensions>
      </trkpt>
      <trkpt lat="31.96981712244451045989990234375" lon="118.83011142723262310028076171875">
        <ele>10.80000019073486328125</ele>
        <time>2024-06-23T11:57:28.000Z</time>
        <extensions>
          <ns3:TrackPointExtension>
            <ns3:hr>159</ns3:hr>
            <ns3:cad>87</ns3:cad>
          </ns3:TrackPointExtension>
        </extensions>
      </trkpt>
      <trkpt lat="31.96979172527790069580078125" lon="118.830110840499401092529296875">
        <ele>10.80000019073486328125</ele>
        <time>2024-06-23T11:57:29.000Z</time>
        <extensions>
          <ns3:TrackPointExtension>
            <ns3:hr>159</ns3:hr>
            <ns3:cad>87</ns3:cad>
          </ns3:TrackPointExtension>
        </extensions>
      </trkpt>
      <trkpt lat="31.9697617180645465850830078125" lon="118.8301098346710205078125">
        <ele>10.80000019073486328125</ele>
        <time>2024-06-23T11:57:30.000Z</time>
        <extensions>
          <ns3:TrackPointExtension>
            <ns3:hr>159</ns3:hr>
            <ns3:cad>87</ns3:cad>
          </ns3:TrackPointExtension>
        </extensions>
      </trkpt>
      <trkpt lat="31.9697320461273193359375" lon="118.83010857738554477691650390625">
        <ele>10.80000019073486328125</ele>
        <time>2024-06-23T11:57:31.000Z</time>
        <extensions>
          <ns3:TrackPointExtension>
            <ns3:hr>159</ns3:hr>
            <ns3:cad>87</ns3:cad>
          </ns3:TrackPointExtension>
        </extensions>
      </trkpt>
      <trkpt lat="31.96969307027757167816162109375" lon="118.83011050522327423095703125">
        <ele>10.80000019073486328125</ele>
        <time>2024-06-23T11:57:32.000Z</time>
        <extensions>
          <ns3:TrackPointExtension>
            <ns3:hr>159</ns3:hr>
            <ns3:cad>87</ns3:cad>
          </ns3:TrackPointExtension>
        </extensions>
      </trkpt>
      <trkpt lat="31.96966574527323246002197265625" lon="118.83010924793779850006103515625">
        <ele>10.80000019073486328125</ele>
        <time>2024-06-23T11:57:33.000Z</time>
        <extensions>
          <ns3:TrackPointExtension>
            <ns3:hr>160</ns3:hr>
            <ns3:cad>87</ns3:cad>
          </ns3:TrackPointExtension>
        </extensions>
      </trkpt>
      <trkpt lat="31.969641856849193572998046875" lon="118.83009332232177257537841796875">
        <ele>10.80000019073486328125</ele>
        <time>2024-06-23T11:57:34.000Z</time>
        <extensions>
          <ns3:TrackPointExtension>
            <ns3:hr>160</ns3:hr>
            <ns3:cad>87</ns3:cad>
          </ns3:TrackPointExtension>
        </extensions>
      </trkpt>
      <trkpt lat="31.96961947716772556304931640625" lon="118.830091394484043121337890625">
        <ele>10.80000019073486328125</ele>
        <time>2024-06-23T11:57:35.000Z</time>
        <extensions>
          <ns3:TrackPointExtension>
            <ns3:hr>160</ns3:hr>
            <ns3:cad>87</ns3:cad>
          </ns3:TrackPointExtension>
        </extensions>
      </trkpt>
      <trkpt lat="31.9695907272398471832275390625" lon="118.830091394484043121337890625">
        <ele>10.80000019073486328125</ele>
        <time>2024-06-23T11:57:36.000Z</time>
        <extensions>
          <ns3:TrackPointExtension>
            <ns3:hr>160</ns3:hr>
            <ns3:cad>87</ns3:cad>
          </ns3:TrackPointExtension>
        </extensions>
      </trkpt>
      <trkpt lat="31.96956373751163482666015625" lon="118.8300908915698528289794921875">
        <ele>10.80000019073486328125</ele>
        <time>2024-06-23T11:57:37.000Z</time>
        <extensions>
          <ns3:TrackPointExtension>
            <ns3:hr>160</ns3:hr>
            <ns3:cad>87</ns3:cad>
          </ns3:TrackPointExtension>
        </extensions>
      </trkpt>
      <trkpt lat="31.969533227384090423583984375" lon="118.830091394484043121337890625">
        <ele>10.80000019073486328125</ele>
        <time>2024-06-23T11:57:38.000Z</time>
        <extensions>
          <ns3:TrackPointExtension>
            <ns3:hr>160</ns3:hr>
            <ns3:cad>87</ns3:cad>
          </ns3:TrackPointExtension>
        </extensions>
      </trkpt>
      <trkpt lat="31.9695048965513706207275390625" lon="118.830088041722774505615234375">
        <ele>10.80000019073486328125</ele>
        <time>2024-06-23T11:57:39.000Z</time>
        <extensions>
          <ns3:TrackPointExtension>
            <ns3:hr>160</ns3:hr>
            <ns3:cad>87</ns3:cad>
          </ns3:TrackPointExtension>
        </extensions>
      </trkpt>
      <trkpt lat="31.9694753922522068023681640625" lon="118.8300888799130916595458984375">
        <ele>10.80000019073486328125</ele>
        <time>2024-06-23T11:57:40.000Z</time>
        <extensions>
          <ns3:TrackPointExtension>
            <ns3:hr>160</ns3:hr>
            <ns3:cad>87</ns3:cad>
          </ns3:TrackPointExtension>
        </extensions>
      </trkpt>
      <trkpt lat="31.9694452174007892608642578125" lon="118.83008594624698162078857421875">
        <ele>10.80000019073486328125</ele>
        <time>2024-06-23T11:57:41.000Z</time>
        <extensions>
          <ns3:TrackPointExtension>
            <ns3:hr>160</ns3:hr>
            <ns3:cad>88</ns3:cad>
          </ns3:TrackPointExtension>
        </extensions>
      </trkpt>
      <trkpt lat="31.9694177247583866119384765625" lon="118.830085359513759613037109375">
        <ele>10.80000019073486328125</ele>
        <time>2024-06-23T11:57:42.000Z</time>
        <extensions>
          <ns3:TrackPointExtension>
            <ns3:hr>160</ns3:hr>
            <ns3:cad>88</ns3:cad>
          </ns3:TrackPointExtension>
        </extensions>
      </trkpt>
      <trkpt lat="31.969387717545032501220703125" lon="118.83008175529539585113525390625">
        <ele>10.80000019073486328125</ele>
        <time>2024-06-23T11:57:43.000Z</time>
        <extensions>
          <ns3:TrackPointExtension>
            <ns3:hr>160</ns3:hr>
            <ns3:cad>88</ns3:cad>
          </ns3:TrackPointExtension>
        </extensions>
      </trkpt>
      <trkpt lat="31.96936466731131076812744140625" lon="118.8300758041441440582275390625">
        <ele>10.80000019073486328125</ele>
        <time>2024-06-23T11:57:44.000Z</time>
        <extensions>
          <ns3:TrackPointExtension>
            <ns3:hr>160</ns3:hr>
            <ns3:cad>87</ns3:cad>
          </ns3:TrackPointExtension>
        </extensions>
      </trkpt>
      <trkpt lat="31.96933918632566928863525390625" lon="118.8300709426403045654296875">
        <ele>10.80000019073486328125</ele>
        <time>2024-06-23T11:57:45.000Z</time>
        <extensions>
          <ns3:TrackPointExtension>
            <ns3:hr>160</ns3:hr>
            <ns3:cad>87</ns3:cad>
          </ns3:TrackPointExtension>
        </extensions>
      </trkpt>
      <trkpt lat="31.96931286714971065521240234375" lon="118.830066584050655364990234375">
        <ele>10.80000019073486328125</ele>
        <time>2024-06-23T11:57:46.000Z</time>
        <extensions>
          <ns3:TrackPointExtension>
            <ns3:hr>160</ns3:hr>
            <ns3:cad>87</ns3:cad>
          </ns3:TrackPointExtension>
        </extensions>
      </trkpt>
      <trkpt lat="31.9692846201360225677490234375" lon="118.83006666786968708038330078125">
        <ele>10.80000019073486328125</ele>
        <time>2024-06-23T11:57:47.000Z</time>
        <extensions>
          <ns3:TrackPointExtension>
            <ns3:hr>160</ns3:hr>
            <ns3:cad>87</ns3:cad>
          </ns3:TrackPointExtension>
        </extensions>
      </trkpt>
      <trkpt lat="31.96925737895071506500244140625" lon="118.83006356656551361083984375">
        <ele>10.80000019073486328125</ele>
        <time>2024-06-23T11:57:48.000Z</time>
        <extensions>
          <ns3:TrackPointExtension>
            <ns3:hr>160</ns3:hr>
            <ns3:cad>87</ns3:cad>
          </ns3:TrackPointExtension>
        </extensions>
      </trkpt>
      <trkpt lat="31.96923441253602504730224609375" lon="118.830064237117767333984375">
        <ele>10.80000019073486328125</ele>
        <time>2024-06-23T11:57:49.000Z</time>
        <extensions>
          <ns3:TrackPointExtension>
            <ns3:hr>160</ns3:hr>
            <ns3:cad>86</ns3:cad>
          </ns3:TrackPointExtension>
        </extensions>
      </trkpt>
      <trkpt lat="31.96920842863619327545166015625" lon="118.8300600461661815643310546875">
        <ele>10.80000019073486328125</ele>
        <time>2024-06-23T11:57:50.000Z</time>
        <extensions>
          <ns3:TrackPointExtension>
            <ns3:hr>160</ns3:hr>
            <ns3:cad>86</ns3:cad>
          </ns3:TrackPointExtension>
        </extensions>
      </trkpt>
      <trkpt lat="31.9691813550889492034912109375" lon="118.83005694486200809478759765625">
        <ele>10.80000019073486328125</ele>
        <time>2024-06-23T11:57:51.000Z</time>
        <extensions>
          <ns3:TrackPointExtension>
            <ns3:hr>161</ns3:hr>
            <ns3:cad>86</ns3:cad>
          </ns3:TrackPointExtension>
        </extensions>
      </trkpt>
      <trkpt lat="31.96914908476173877716064453125" lon="118.83005158044397830963134765625">
        <ele>10.80000019073486328125</ele>
        <time>2024-06-23T11:57:52.000Z</time>
        <extensions>
          <ns3:TrackPointExtension>
            <ns3:hr>161</ns3:hr>
            <ns3:cad>86</ns3:cad>
          </ns3:TrackPointExtension>
        </extensions>
      </trkpt>
      <trkpt lat="31.96912226267158985137939453125" lon="118.8300459645688533782958984375">
        <ele>10.80000019073486328125</ele>
        <time>2024-06-23T11:57:53.000Z</time>
        <extensions>
          <ns3:TrackPointExtension>
            <ns3:hr>161</ns3:hr>
            <ns3:cad>86</ns3:cad>
          </ns3:TrackPointExtension>
        </extensions>
      </trkpt>
      <trkpt lat="31.96908957324922084808349609375" lon="118.830044455826282501220703125">
        <ele>10.80000019073486328125</ele>
        <time>2024-06-23T11:57:54.000Z</time>
        <extensions>
          <ns3:TrackPointExtension>
            <ns3:hr>161</ns3:hr>
            <ns3:cad>86</ns3:cad>
          </ns3:TrackPointExtension>
        </extensions>
      </trkpt>
      <trkpt lat="31.9690589793026447296142578125" lon="118.8300412707030773162841796875">
        <ele>10.80000019073486328125</ele>
        <time>2024-06-23T11:57:55.000Z</time>
        <extensions>
          <ns3:TrackPointExtension>
            <ns3:hr>161</ns3:hr>
            <ns3:cad>86</ns3:cad>
          </ns3:TrackPointExtension>
        </extensions>
      </trkpt>
      <trkpt lat="31.96902788244187831878662109375" lon="118.83004319854080677032470703125">
        <ele>10.6000003814697265625</ele>
        <time>2024-06-23T11:57:56.000Z</time>
        <extensions>
          <ns3:TrackPointExtension>
            <ns3:hr>161</ns3:hr>
            <ns3:cad>87</ns3:cad>
          </ns3:TrackPointExtension>
        </extensions>
      </trkpt>
      <trkpt lat="31.96899502538144588470458984375" lon="118.8300429470837116241455078125">
        <ele>10.6000003814697265625</ele>
        <time>2024-06-23T11:57:57.000Z</time>
        <extensions>
          <ns3:TrackPointExtension>
            <ns3:hr>161</ns3:hr>
            <ns3:cad>87</ns3:cad>
          </ns3:TrackPointExtension>
        </extensions>
      </trkpt>
      <trkpt lat="31.968966610729694366455078125" lon="118.8300432823598384857177734375">
        <ele>10.6000003814697265625</ele>
        <time>2024-06-23T11:57:58.000Z</time>
        <extensions>
          <ns3:TrackPointExtension>
            <ns3:hr>161</ns3:hr>
            <ns3:cad>87</ns3:cad>
          </ns3:TrackPointExtension>
        </extensions>
      </trkpt>
      <trkpt lat="31.968937776982784271240234375" lon="118.83003951050341129302978515625">
        <ele>10.6000003814697265625</ele>
        <time>2024-06-23T11:57:59.000Z</time>
        <extensions>
          <ns3:TrackPointExtension>
            <ns3:hr>161</ns3:hr>
            <ns3:cad>86</ns3:cad>
          </ns3:TrackPointExtension>
        </extensions>
      </trkpt>
      <trkpt lat="31.968910284340381622314453125" lon="118.83003666065633296966552734375">
        <ele>10.6000003814697265625</ele>
        <time>2024-06-23T11:58:00.000Z</time>
        <extensions>
          <ns3:TrackPointExtension>
            <ns3:hr>161</ns3:hr>
            <ns3:cad>86</ns3:cad>
          </ns3:TrackPointExtension>
        </extensions>
      </trkpt>
      <trkpt lat="31.96887885220348834991455078125" lon="118.830036409199237823486328125">
        <ele>10.6000003814697265625</ele>
        <time>2024-06-23T11:58:01.000Z</time>
        <extensions>
          <ns3:TrackPointExtension>
            <ns3:hr>161</ns3:hr>
            <ns3:cad>86</ns3:cad>
          </ns3:TrackPointExtension>
        </extensions>
      </trkpt>
      <trkpt lat="31.96884532459080219268798828125" lon="118.830036409199237823486328125">
        <ele>10.6000003814697265625</ele>
        <time>2024-06-23T11:58:02.000Z</time>
        <extensions>
          <ns3:TrackPointExtension>
            <ns3:hr>161</ns3:hr>
            <ns3:cad>86</ns3:cad>
          </ns3:TrackPointExtension>
        </extensions>
      </trkpt>
      <trkpt lat="31.96882202289998531341552734375" lon="118.8300332240760326385498046875">
        <ele>10.6000003814697265625</ele>
        <time>2024-06-23T11:58:03.000Z</time>
        <extensions>
          <ns3:TrackPointExtension>
            <ns3:hr>161</ns3:hr>
            <ns3:cad>86</ns3:cad>
          </ns3:TrackPointExtension>
        </extensions>
      </trkpt>
      <trkpt lat="31.96879436261951923370361328125" lon="118.83003012277185916900634765625">
        <ele>10.6000003814697265625</ele>
        <time>2024-06-23T11:58:04.000Z</time>
        <extensions>
          <ns3:TrackPointExtension>
            <ns3:hr>161</ns3:hr>
            <ns3:cad>86</ns3:cad>
          </ns3:TrackPointExtension>
        </extensions>
      </trkpt>
      <trkpt lat="31.968770138919353485107421875" lon="118.83002065122127532958984375">
        <ele>10.6000003814697265625</ele>
        <time>2024-06-23T11:58:05.000Z</time>
        <extensions>
          <ns3:TrackPointExtension>
            <ns3:hr>161</ns3:hr>
            <ns3:cad>86</ns3:cad>
          </ns3:TrackPointExtension>
        </extensions>
      </trkpt>
      <trkpt lat="31.9687377847731113433837890625" lon="118.83001352660357952117919921875">
        <ele>10.6000003814697265625</ele>
        <time>2024-06-23T11:58:06.000Z</time>
        <extensions>
          <ns3:TrackPointExtension>
            <ns3:hr>161</ns3:hr>
            <ns3:cad>87</ns3:cad>
          </ns3:TrackPointExtension>
        </extensions>
      </trkpt>
      <trkpt lat="31.96870903484523296356201171875" lon="118.8300104252994060516357421875">
        <ele>10.6000003814697265625</ele>
        <time>2024-06-23T11:58:07.000Z</time>
        <extensions>
          <ns3:TrackPointExtension>
            <ns3:hr>161</ns3:hr>
            <ns3:cad>87</ns3:cad>
          </ns3:TrackPointExtension>
        </extensions>
      </trkpt>
      <trkpt lat="31.9686777703464031219482421875" lon="118.83000749163329601287841796875">
        <ele>10.6000003814697265625</ele>
        <time>2024-06-23T11:58:08.000Z</time>
        <extensions>
          <ns3:TrackPointExtension>
            <ns3:hr>161</ns3:hr>
            <ns3:cad>87</ns3:cad>
          </ns3:TrackPointExtension>
        </extensions>
      </trkpt>
      <trkpt lat="31.96864918805658817291259765625" lon="118.83000380359590053558349609375">
        <ele>10.6000003814697265625</ele>
        <time>2024-06-23T11:58:09.000Z</time>
        <extensions>
          <ns3:TrackPointExtension>
            <ns3:hr>161</ns3:hr>
            <ns3:cad>87</ns3:cad>
          </ns3:TrackPointExtension>
        </extensions>
      </trkpt>
      <trkpt lat="31.968619264662265777587890625" lon="118.8299990259110927581787109375">
        <ele>10.6000003814697265625</ele>
        <time>2024-06-23T11:58:10.000Z</time>
        <extensions>
          <ns3:TrackPointExtension>
            <ns3:hr>160</ns3:hr>
            <ns3:cad>87</ns3:cad>
          </ns3:TrackPointExtension>
        </extensions>
      </trkpt>
      <trkpt lat="31.96859302930533885955810546875" lon="118.82999056018888950347900390625">
        <ele>10.6000003814697265625</ele>
        <time>2024-06-23T11:58:11.000Z</time>
        <extensions>
          <ns3:TrackPointExtension>
            <ns3:hr>160</ns3:hr>
            <ns3:cad>86</ns3:cad>
          </ns3:TrackPointExtension>
        </extensions>
      </trkpt>
      <trkpt lat="31.96856603957712650299072265625" lon="118.82998620159924030303955078125">
        <ele>10.6000003814697265625</ele>
        <time>2024-06-23T11:58:12.000Z</time>
        <extensions>
          <ns3:TrackPointExtension>
            <ns3:hr>159</ns3:hr>
            <ns3:cad>86</ns3:cad>
          </ns3:TrackPointExtension>
        </extensions>
      </trkpt>
      <trkpt lat="31.96853511035442352294921875" lon="118.8299782387912273406982421875">
        <ele>10.6000003814697265625</ele>
        <time>2024-06-23T11:58:13.000Z</time>
        <extensions>
          <ns3:TrackPointExtension>
            <ns3:hr>158</ns3:hr>
            <ns3:cad>86</ns3:cad>
          </ns3:TrackPointExtension>
        </extensions>
      </trkpt>
      <trkpt lat="31.9685040973126888275146484375" lon="118.82997547276318073272705078125">
        <ele>10.80000019073486328125</ele>
        <time>2024-06-23T11:58:14.000Z</time>
        <extensions>
          <ns3:TrackPointExtension>
            <ns3:hr>158</ns3:hr>
            <ns3:cad>86</ns3:cad>
          </ns3:TrackPointExtension>
        </extensions>
      </trkpt>
      <trkpt lat="31.96847400628030300140380859375" lon="118.82996826432645320892333984375">
        <ele>10.80000019073486328125</ele>
        <time>2024-06-23T11:58:15.000Z</time>
        <extensions>
          <ns3:TrackPointExtension>
            <ns3:hr>157</ns3:hr>
            <ns3:cad>86</ns3:cad>
          </ns3:TrackPointExtension>
        </extensions>
      </trkpt>
      <trkpt lat="31.968450285494327545166015625" lon="118.8299636542797088623046875">
        <ele>10.80000019073486328125</ele>
        <time>2024-06-23T11:58:16.000Z</time>
        <extensions>
          <ns3:TrackPointExtension>
            <ns3:hr>157</ns3:hr>
            <ns3:cad>86</ns3:cad>
          </ns3:TrackPointExtension>
        </extensions>
      </trkpt>
      <trkpt lat="31.96842270903289318084716796875" lon="118.82994982413947582244873046875">
        <ele>10.6000003814697265625</ele>
        <time>2024-06-23T11:58:17.000Z</time>
        <extensions>
          <ns3:TrackPointExtension>
            <ns3:hr>156</ns3:hr>
            <ns3:cad>87</ns3:cad>
          </ns3:TrackPointExtension>
        </extensions>
      </trkpt>
      <trkpt lat="31.9683978147804737091064453125" lon="118.8299353234469890594482421875">
        <ele>10.6000003814697265625</ele>
        <time>2024-06-23T11:58:18.000Z</time>
        <extensions>
          <ns3:TrackPointExtension>
            <ns3:hr>156</ns3:hr>
            <ns3:cad>87</ns3:cad>
          </ns3:TrackPointExtension>
        </extensions>
      </trkpt>
      <trkpt lat="31.96837551891803741455078125" lon="118.8299153745174407958984375">
        <ele>10.6000003814697265625</ele>
        <time>2024-06-23T11:58:19.000Z</time>
        <extensions>
          <ns3:TrackPointExtension>
            <ns3:hr>155</ns3:hr>
            <ns3:cad>87</ns3:cad>
          </ns3:TrackPointExtension>
        </extensions>
      </trkpt>
      <trkpt lat="31.9683587551116943359375" lon="118.8298877142369747161865234375">
        <ele>10.6000003814697265625</ele>
        <time>2024-06-23T11:58:20.000Z</time>
        <extensions>
          <ns3:TrackPointExtension>
            <ns3:hr>155</ns3:hr>
            <ns3:cad>87</ns3:cad>
          </ns3:TrackPointExtension>
        </extensions>
      </trkpt>
      <trkpt lat="31.9683418236672878265380859375" lon="118.82985745556652545928955078125">
        <ele>10.6000003814697265625</ele>
        <time>2024-06-23T11:58:21.000Z</time>
        <extensions>
          <ns3:TrackPointExtension>
            <ns3:hr>155</ns3:hr>
            <ns3:cad>87</ns3:cad>
          </ns3:TrackPointExtension>
        </extensions>
      </trkpt>
      <trkpt lat="31.9683287478983402252197265625" lon="118.82982610724866390228271484375">
        <ele>10.6000003814697265625</ele>
        <time>2024-06-23T11:58:22.000Z</time>
        <extensions>
          <ns3:TrackPointExtension>
            <ns3:hr>155</ns3:hr>
            <ns3:cad>87</ns3:cad>
          </ns3:TrackPointExtension>
        </extensions>
      </trkpt>
      <trkpt lat="31.9683163426816463470458984375" lon="118.82979936897754669189453125">
        <ele>10.6000003814697265625</ele>
        <time>2024-06-23T11:58:23.000Z</time>
        <extensions>
          <ns3:TrackPointExtension>
            <ns3:hr>155</ns3:hr>
            <ns3:cad>87</ns3:cad>
          </ns3:TrackPointExtension>
        </extensions>
      </trkpt>
      <trkpt lat="31.96830938570201396942138671875" lon="118.82976718246936798095703125">
        <ele>10.6000003814697265625</ele>
        <time>2024-06-23T11:58:24.000Z</time>
        <extensions>
          <ns3:TrackPointExtension>
            <ns3:hr>155</ns3:hr>
            <ns3:cad>86</ns3:cad>
          </ns3:TrackPointExtension>
        </extensions>
      </trkpt>
      <trkpt lat="31.96830469183623790740966796875" lon="118.829735331237316131591796875">
        <ele>10.3999996185302734375</ele>
        <time>2024-06-23T11:58:25.000Z</time>
        <extensions>
          <ns3:TrackPointExtension>
            <ns3:hr>155</ns3:hr>
            <ns3:cad>86</ns3:cad>
          </ns3:TrackPointExtension>
        </extensions>
      </trkpt>
      <trkpt lat="31.9683036021888256072998046875" lon="118.8297002948820590972900390625">
        <ele>10.3999996185302734375</ele>
        <time>2024-06-23T11:58:26.000Z</time>
        <extensions>
          <ns3:TrackPointExtension>
            <ns3:hr>155</ns3:hr>
            <ns3:cad>86</ns3:cad>
          </ns3:TrackPointExtension>
        </extensions>
      </trkpt>
      <trkpt lat="31.9683093018829822540283203125" lon="118.82966835983097553253173828125">
        <ele>10.3999996185302734375</ele>
        <time>2024-06-23T11:58:27.000Z</time>
        <extensions>
          <ns3:TrackPointExtension>
            <ns3:hr>155</ns3:hr>
            <ns3:cad>86</ns3:cad>
          </ns3:TrackPointExtension>
        </extensions>
      </trkpt>
      <trkpt lat="31.9683193601667881011962890625" lon="118.82963483221828937530517578125">
        <ele>10.3999996185302734375</ele>
        <time>2024-06-23T11:58:28.000Z</time>
        <extensions>
          <ns3:TrackPointExtension>
            <ns3:hr>155</ns3:hr>
            <ns3:cad>86</ns3:cad>
          </ns3:TrackPointExtension>
        </extensions>
      </trkpt>
      <trkpt lat="31.96833369322121143341064453125" lon="118.8296050764620304107666015625">
        <ele>10.3999996185302734375</ele>
        <time>2024-06-23T11:58:29.000Z</time>
        <extensions>
          <ns3:TrackPointExtension>
            <ns3:hr>155</ns3:hr>
            <ns3:cad>86</ns3:cad>
          </ns3:TrackPointExtension>
        </extensions>
      </trkpt>
      <trkpt lat="31.96834593079984188079833984375" lon="118.829576410353183746337890625">
        <ele>10.3999996185302734375</ele>
        <time>2024-06-23T11:58:30.000Z</time>
        <extensions>
          <ns3:TrackPointExtension>
            <ns3:hr>155</ns3:hr>
            <ns3:cad>86</ns3:cad>
          </ns3:TrackPointExtension>
        </extensions>
      </trkpt>
      <trkpt lat="31.9683585874736309051513671875" lon="118.8295484147965908050537109375">
        <ele>10.3999996185302734375</ele>
        <time>2024-06-23T11:58:31.000Z</time>
        <extensions>
          <ns3:TrackPointExtension>
            <ns3:hr>156</ns3:hr>
            <ns3:cad>86</ns3:cad>
          </ns3:TrackPointExtension>
        </extensions>
      </trkpt>
      <trkpt lat="31.968367807567119598388671875" lon="118.82952150888741016387939453125">
        <ele>10.3999996185302734375</ele>
        <time>2024-06-23T11:58:32.000Z</time>
        <extensions>
          <ns3:TrackPointExtension>
            <ns3:hr>156</ns3:hr>
            <ns3:cad>86</ns3:cad>
          </ns3:TrackPointExtension>
        </extensions>
      </trkpt>
      <trkpt lat="31.9683760218322277069091796875" lon="118.829487897455692291259765625">
        <ele>10.3999996185302734375</ele>
        <time>2024-06-23T11:58:33.000Z</time>
        <extensions>
          <ns3:TrackPointExtension>
            <ns3:hr>156</ns3:hr>
            <ns3:cad>86</ns3:cad>
          </ns3:TrackPointExtension>
        </extensions>
      </trkpt>
      <trkpt lat="31.96838356554508209228515625" lon="118.82945814169943332672119140625">
        <ele>10.3999996185302734375</ele>
        <time>2024-06-23T11:58:34.000Z</time>
        <extensions>
          <ns3:TrackPointExtension>
            <ns3:hr>157</ns3:hr>
            <ns3:cad>86</ns3:cad>
          </ns3:TrackPointExtension>
        </extensions>
      </trkpt>
      <trkpt lat="31.9683897681534290313720703125" lon="118.82942788302898406982421875">
        <ele>10.3999996185302734375</ele>
        <time>2024-06-23T11:58:35.000Z</time>
        <extensions>
          <ns3:TrackPointExtension>
            <ns3:hr>157</ns3:hr>
            <ns3:cad>86</ns3:cad>
          </ns3:TrackPointExtension>
        </extensions>
      </trkpt>
      <trkpt lat="31.96839739568531513214111328125" lon="118.82939745672047138214111328125">
        <ele>10.3999996185302734375</ele>
        <time>2024-06-23T11:58:36.000Z</time>
        <extensions>
          <ns3:TrackPointExtension>
            <ns3:hr>158</ns3:hr>
            <ns3:cad>86</ns3:cad>
          </ns3:TrackPointExtension>
        </extensions>
      </trkpt>
      <trkpt lat="31.9684030115604400634765625" lon="118.82936862297356128692626953125">
        <ele>10.3999996185302734375</ele>
        <time>2024-06-23T11:58:37.000Z</time>
        <extensions>
          <ns3:TrackPointExtension>
            <ns3:hr>159</ns3:hr>
            <ns3:cad>86</ns3:cad>
          </ns3:TrackPointExtension>
        </extensions>
      </trkpt>
      <trkpt lat="31.968408040702342987060546875" lon="118.8293415494263172149658203125">
        <ele>10.3999996185302734375</ele>
        <time>2024-06-23T11:58:38.000Z</time>
        <extensions>
          <ns3:TrackPointExtension>
            <ns3:hr>160</ns3:hr>
            <ns3:cad>86</ns3:cad>
          </ns3:TrackPointExtension>
        </extensions>
      </trkpt>
      <trkpt lat="31.96841030381619930267333984375" lon="118.82931782864034175872802734375">
        <ele>10.3999996185302734375</ele>
        <time>2024-06-23T11:58:39.000Z</time>
        <extensions>
          <ns3:TrackPointExtension>
            <ns3:hr>160</ns3:hr>
            <ns3:cad>85</ns3:cad>
          </ns3:TrackPointExtension>
        </extensions>
      </trkpt>
      <trkpt lat="31.9684112258255481719970703125" lon="118.829286061227321624755859375">
        <ele>10.3999996185302734375</ele>
        <time>2024-06-23T11:58:40.000Z</time>
        <extensions>
          <ns3:TrackPointExtension>
            <ns3:hr>161</ns3:hr>
            <ns3:cad>85</ns3:cad>
          </ns3:TrackPointExtension>
        </extensions>
      </trkpt>
      <trkpt lat="31.96841432712972164154052734375" lon="118.8292540423572063446044921875">
        <ele>10.3999996185302734375</ele>
        <time>2024-06-23T11:58:41.000Z</time>
        <extensions>
          <ns3:TrackPointExtension>
            <ns3:hr>161</ns3:hr>
            <ns3:cad>85</ns3:cad>
          </ns3:TrackPointExtension>
        </extensions>
      </trkpt>
      <trkpt lat="31.96841734461486339569091796875" lon="118.82921867072582244873046875">
        <ele>10.3999996185302734375</ele>
        <time>2024-06-23T11:58:42.000Z</time>
        <extensions>
          <ns3:TrackPointExtension>
            <ns3:hr>161</ns3:hr>
            <ns3:cad>86</ns3:cad>
          </ns3:TrackPointExtension>
        </extensions>
      </trkpt>
      <trkpt lat="31.96842354722321033477783203125" lon="118.82918640039861202239990234375">
        <ele>10.3999996185302734375</ele>
        <time>2024-06-23T11:58:43.000Z</time>
        <extensions>
          <ns3:TrackPointExtension>
            <ns3:hr>161</ns3:hr>
            <ns3:cad>87</ns3:cad>
          </ns3:TrackPointExtension>
        </extensions>
      </trkpt>
      <trkpt lat="31.9684259779751300811767578125" lon="118.82915354333817958831787109375">
        <ele>10.3999996185302734375</ele>
        <time>2024-06-23T11:58:44.000Z</time>
        <extensions>
          <ns3:TrackPointExtension>
            <ns3:hr>162</ns3:hr>
            <ns3:cad>87</ns3:cad>
          </ns3:TrackPointExtension>
        </extensions>
      </trkpt>
      <trkpt lat="31.9684296660125255584716796875" lon="118.82912336848676204681396484375">
        <ele>10.3999996185302734375</ele>
        <time>2024-06-23T11:58:45.000Z</time>
        <extensions>
          <ns3:TrackPointExtension>
            <ns3:hr>162</ns3:hr>
            <ns3:cad>87</ns3:cad>
          </ns3:TrackPointExtension>
        </extensions>
      </trkpt>
      <trkpt lat="31.9684313423931598663330078125" lon="118.82909663021564483642578125">
        <ele>10.3999996185302734375</ele>
        <time>2024-06-23T11:58:46.000Z</time>
        <extensions>
          <ns3:TrackPointExtension>
            <ns3:hr>162</ns3:hr>
            <ns3:cad>87</ns3:cad>
          </ns3:TrackPointExtension>
        </extensions>
      </trkpt>
      <trkpt lat="31.96843452751636505126953125" lon="118.82906444370746612548828125">
        <ele>10.3999996185302734375</ele>
        <time>2024-06-23T11:58:47.000Z</time>
        <extensions>
          <ns3:TrackPointExtension>
            <ns3:hr>162</ns3:hr>
            <ns3:cad>87</ns3:cad>
          </ns3:TrackPointExtension>
        </extensions>
      </trkpt>
      <trkpt lat="31.968438886106014251708984375" lon="118.8290317542850971221923828125">
        <ele>10.3999996185302734375</ele>
        <time>2024-06-23T11:58:48.000Z</time>
        <extensions>
          <ns3:TrackPointExtension>
            <ns3:hr>162</ns3:hr>
            <ns3:cad>87</ns3:cad>
          </ns3:TrackPointExtension>
        </extensions>
      </trkpt>
      <trkpt lat="31.96844316087663173675537109375" lon="118.829001076519489288330078125">
        <ele>10.3999996185302734375</ele>
        <time>2024-06-23T11:58:49.000Z</time>
        <extensions>
          <ns3:TrackPointExtension>
            <ns3:hr>162</ns3:hr>
            <ns3:cad>87</ns3:cad>
          </ns3:TrackPointExtension>
        </extensions>
      </trkpt>
      <trkpt lat="31.9684484414756298065185546875" lon="118.8289677165448665618896484375">
        <ele>10.3999996185302734375</ele>
        <time>2024-06-23T11:58:50.000Z</time>
        <extensions>
          <ns3:TrackPointExtension>
            <ns3:hr>162</ns3:hr>
            <ns3:cad>87</ns3:cad>
          </ns3:TrackPointExtension>
        </extensions>
      </trkpt>
      <trkpt lat="31.96844986639916896820068359375" lon="118.8289348594844341278076171875">
        <ele>10.19999980926513671875</ele>
        <time>2024-06-23T11:58:51.000Z</time>
        <extensions>
          <ns3:TrackPointExtension>
            <ns3:hr>162</ns3:hr>
            <ns3:cad>87</ns3:cad>
          </ns3:TrackPointExtension>
        </extensions>
      </trkpt>
      <trkpt lat="31.96844768710434436798095703125" lon="118.82890577428042888641357421875">
        <ele>10.19999980926513671875</ele>
        <time>2024-06-23T11:58:52.000Z</time>
        <extensions>
          <ns3:TrackPointExtension>
            <ns3:hr>162</ns3:hr>
            <ns3:cad>87</ns3:cad>
          </ns3:TrackPointExtension>
        </extensions>
      </trkpt>
      <trkpt lat="31.96844031102955341339111328125" lon="118.828880377113819122314453125">
        <ele>10.19999980926513671875</ele>
        <time>2024-06-23T11:58:53.000Z</time>
        <extensions>
          <ns3:TrackPointExtension>
            <ns3:hr>162</ns3:hr>
            <ns3:cad>87</ns3:cad>
          </ns3:TrackPointExtension>
        </extensions>
      </trkpt>
      <trkpt lat="31.96842740289866924285888671875" lon="118.82885657250881195068359375">
        <ele>10.19999980926513671875</ele>
        <time>2024-06-23T11:58:54.000Z</time>
        <extensions>
          <ns3:TrackPointExtension>
            <ns3:hr>163</ns3:hr>
            <ns3:cad>87</ns3:cad>
          </ns3:TrackPointExtension>
        </extensions>
      </trkpt>
      <trkpt lat="31.9684098847210407257080078125" lon="118.8288399763405323028564453125">
        <ele>10.19999980926513671875</ele>
        <time>2024-06-23T11:58:55.000Z</time>
        <extensions>
          <ns3:TrackPointExtension>
            <ns3:hr>163</ns3:hr>
            <ns3:cad>87</ns3:cad>
          </ns3:TrackPointExtension>
        </extensions>
      </trkpt>
      <trkpt lat="31.96838834322988986968994140625" lon="118.8288151659071445465087890625">
        <ele>10.19999980926513671875</ele>
        <time>2024-06-23T11:58:56.000Z</time>
        <extensions>
          <ns3:TrackPointExtension>
            <ns3:hr>163</ns3:hr>
            <ns3:cad>87</ns3:cad>
          </ns3:TrackPointExtension>
        </extensions>
      </trkpt>
      <trkpt lat="31.96836990304291248321533203125" lon="118.828793875873088836669921875">
        <ele>10.19999980926513671875</ele>
        <time>2024-06-23T11:58:57.000Z</time>
        <extensions>
          <ns3:TrackPointExtension>
            <ns3:hr>163</ns3:hr>
            <ns3:cad>87</ns3:cad>
          </ns3:TrackPointExtension>
        </extensions>
      </trkpt>
      <trkpt lat="31.96834760718047618865966796875" lon="118.8287722505629062652587890625">
        <ele>10.19999980926513671875</ele>
        <time>2024-06-23T11:58:58.000Z</time>
        <extensions>
          <ns3:TrackPointExtension>
            <ns3:hr>163</ns3:hr>
            <ns3:cad>86</ns3:cad>
          </ns3:TrackPointExtension>
        </extensions>
      </trkpt>
      <trkpt lat="31.96832564659416675567626953125" lon="118.8287539780139923095703125">
        <ele>10.19999980926513671875</ele>
        <time>2024-06-23T11:58:59.000Z</time>
        <extensions>
          <ns3:TrackPointExtension>
            <ns3:hr>163</ns3:hr>
            <ns3:cad>86</ns3:cad>
          </ns3:TrackPointExtension>
        </extensions>
      </trkpt>
      <trkpt lat="31.968303434550762176513671875" lon="118.82873729802668094635009765625">
        <ele>10.3999996185302734375</ele>
        <time>2024-06-23T11:59:00.000Z</time>
        <extensions>
          <ns3:TrackPointExtension>
            <ns3:hr>163</ns3:hr>
            <ns3:cad>86</ns3:cad>
          </ns3:TrackPointExtension>
        </extensions>
      </trkpt>
      <trkpt lat="31.96828164160251617431640625" lon="118.828715421259403228759765625">
        <ele>10.3999996185302734375</ele>
        <time>2024-06-23T11:59:01.000Z</time>
        <extensions>
          <ns3:TrackPointExtension>
            <ns3:hr>163</ns3:hr>
            <ns3:cad>86</ns3:cad>
          </ns3:TrackPointExtension>
        </extensions>
      </trkpt>
      <trkpt lat="31.96825808845460414886474609375" lon="118.82869706489145755767822265625">
        <ele>10.3999996185302734375</ele>
        <time>2024-06-23T11:59:02.000Z</time>
        <extensions>
          <ns3:TrackPointExtension>
            <ns3:hr>163</ns3:hr>
            <ns3:cad>86</ns3:cad>
          </ns3:TrackPointExtension>
        </extensions>
      </trkpt>
      <trkpt lat="31.968236379325389862060546875" lon="118.82867460139095783233642578125">
        <ele>10.3999996185302734375</ele>
        <time>2024-06-23T11:59:03.000Z</time>
        <extensions>
          <ns3:TrackPointExtension>
            <ns3:hr>163</ns3:hr>
            <ns3:cad>86</ns3:cad>
          </ns3:TrackPointExtension>
        </extensions>
      </trkpt>
      <trkpt lat="31.968216933310031890869140625" lon="118.82865398190915584564208984375">
        <ele>10.3999996185302734375</ele>
        <time>2024-06-23T11:59:04.000Z</time>
        <extensions>
          <ns3:TrackPointExtension>
            <ns3:hr>163</ns3:hr>
            <ns3:cad>86</ns3:cad>
          </ns3:TrackPointExtension>
        </extensions>
      </trkpt>
      <trkpt lat="31.96819639764726161956787109375" lon="118.82863202132284641265869140625">
        <ele>10.3999996185302734375</ele>
        <time>2024-06-23T11:59:05.000Z</time>
        <extensions>
          <ns3:TrackPointExtension>
            <ns3:hr>163</ns3:hr>
            <ns3:cad>86</ns3:cad>
          </ns3:TrackPointExtension>
        </extensions>
      </trkpt>
      <trkpt lat="31.968177370727062225341796875" lon="118.82861358113586902618408203125">
        <ele>10.3999996185302734375</ele>
        <time>2024-06-23T11:59:06.000Z</time>
        <extensions>
          <ns3:TrackPointExtension>
            <ns3:hr>163</ns3:hr>
            <ns3:cad>86</ns3:cad>
          </ns3:TrackPointExtension>
        </extensions>
      </trkpt>
      <trkpt lat="31.9681574217975139617919921875" lon="118.828593380749225616455078125">
        <ele>10.3999996185302734375</ele>
        <time>2024-06-23T11:59:07.000Z</time>
        <extensions>
          <ns3:TrackPointExtension>
            <ns3:hr>163</ns3:hr>
            <ns3:cad>86</ns3:cad>
          </ns3:TrackPointExtension>
        </extensions>
      </trkpt>
      <trkpt lat="31.9681374728679656982421875" lon="118.82857250981032848358154296875">
        <ele>10.3999996185302734375</ele>
        <time>2024-06-23T11:59:08.000Z</time>
        <extensions>
          <ns3:TrackPointExtension>
            <ns3:hr>163</ns3:hr>
            <ns3:cad>87</ns3:cad>
          </ns3:TrackPointExtension>
        </extensions>
      </trkpt>
      <trkpt lat="31.96811509318649768829345703125" lon="118.82855088450014591217041015625">
        <ele>10.3999996185302734375</ele>
        <time>2024-06-23T11:59:09.000Z</time>
        <extensions>
          <ns3:TrackPointExtension>
            <ns3:hr>163</ns3:hr>
            <ns3:cad>87</ns3:cad>
          </ns3:TrackPointExtension>
        </extensions>
      </trkpt>
      <trkpt lat="31.96809346787631511688232421875" lon="118.82852657698094844818115234375">
        <ele>10.3999996185302734375</ele>
        <time>2024-06-23T11:59:10.000Z</time>
        <extensions>
          <ns3:TrackPointExtension>
            <ns3:hr>163</ns3:hr>
            <ns3:cad>87</ns3:cad>
          </ns3:TrackPointExtension>
        </extensions>
      </trkpt>
      <trkpt lat="31.968071758747100830078125" lon="118.828506879508495330810546875">
        <ele>10.3999996185302734375</ele>
        <time>2024-06-23T11:59:11.000Z</time>
        <extensions>
          <ns3:TrackPointExtension>
            <ns3:hr>163</ns3:hr>
            <ns3:cad>87</ns3:cad>
          </ns3:TrackPointExtension>
        </extensions>
      </trkpt>
      <trkpt lat="31.968050301074981689453125" lon="118.82848374545574188232421875">
        <ele>10.3999996185302734375</ele>
        <time>2024-06-23T11:59:12.000Z</time>
        <extensions>
          <ns3:TrackPointExtension>
            <ns3:hr>163</ns3:hr>
            <ns3:cad>87</ns3:cad>
          </ns3:TrackPointExtension>
        </extensions>
      </trkpt>
      <trkpt lat="31.9680301845073699951171875" lon="118.82846488617360591888427734375">
        <ele>10.3999996185302734375</ele>
        <time>2024-06-23T11:59:13.000Z</time>
        <extensions>
          <ns3:TrackPointExtension>
            <ns3:hr>163</ns3:hr>
            <ns3:cad>87</ns3:cad>
          </ns3:TrackPointExtension>
        </extensions>
      </trkpt>
      <trkpt lat="31.9680099003016948699951171875" lon="118.82844074629247188568115234375">
        <ele>10.3999996185302734375</ele>
        <time>2024-06-23T11:59:14.000Z</time>
        <extensions>
          <ns3:TrackPointExtension>
            <ns3:hr>163</ns3:hr>
            <ns3:cad>87</ns3:cad>
          </ns3:TrackPointExtension>
        </extensions>
      </trkpt>
      <trkpt lat="31.9679901190102100372314453125" lon="118.8284198753535747528076171875">
        <ele>10.3999996185302734375</ele>
        <time>2024-06-23T11:59:15.000Z</time>
        <extensions>
          <ns3:TrackPointExtension>
            <ns3:hr>163</ns3:hr>
            <ns3:cad>87</ns3:cad>
          </ns3:TrackPointExtension>
        </extensions>
      </trkpt>
      <trkpt lat="31.96796975098550319671630859375" lon="118.8283970765769481658935546875">
        <ele>10.3999996185302734375</ele>
        <time>2024-06-23T11:59:16.000Z</time>
        <extensions>
          <ns3:TrackPointExtension>
            <ns3:hr>163</ns3:hr>
            <ns3:cad>86</ns3:cad>
          </ns3:TrackPointExtension>
        </extensions>
      </trkpt>
      <trkpt lat="31.96795147843658924102783203125" lon="118.8283762894570827484130859375">
        <ele>10.3999996185302734375</ele>
        <time>2024-06-23T11:59:17.000Z</time>
        <extensions>
          <ns3:TrackPointExtension>
            <ns3:hr>163</ns3:hr>
            <ns3:cad>86</ns3:cad>
          </ns3:TrackPointExtension>
        </extensions>
      </trkpt>
      <trkpt lat="31.96793069131672382354736328125" lon="118.828352652490139007568359375">
        <ele>10.3999996185302734375</ele>
        <time>2024-06-23T11:59:18.000Z</time>
        <extensions>
          <ns3:TrackPointExtension>
            <ns3:hr>163</ns3:hr>
            <ns3:cad>86</ns3:cad>
          </ns3:TrackPointExtension>
        </extensions>
      </trkpt>
      <trkpt lat="31.96791375987231731414794921875" lon="118.828326500952243804931640625">
        <ele>10.3999996185302734375</ele>
        <time>2024-06-23T11:59:19.000Z</time>
        <extensions>
          <ns3:TrackPointExtension>
            <ns3:hr>163</ns3:hr>
            <ns3:cad>86</ns3:cad>
          </ns3:TrackPointExtension>
        </extensions>
      </trkpt>
      <trkpt lat="31.96789515204727649688720703125" lon="118.82830579765141010284423828125">
        <ele>10.3999996185302734375</ele>
        <time>2024-06-23T11:59:20.000Z</time>
        <extensions>
          <ns3:TrackPointExtension>
            <ns3:hr>162</ns3:hr>
            <ns3:cad>86</ns3:cad>
          </ns3:TrackPointExtension>
        </extensions>
      </trkpt>
      <trkpt lat="31.9678778015077114105224609375" lon="118.8282814063131809234619140625">
        <ele>10.3999996185302734375</ele>
        <time>2024-06-23T11:59:21.000Z</time>
        <extensions>
          <ns3:TrackPointExtension>
            <ns3:hr>162</ns3:hr>
            <ns3:cad>86</ns3:cad>
          </ns3:TrackPointExtension>
        </extensions>
      </trkpt>
      <trkpt lat="31.96786128915846347808837890625" lon="118.828260116279125213623046875">
        <ele>10.6000003814697265625</ele>
        <time>2024-06-23T11:59:22.000Z</time>
        <extensions>
          <ns3:TrackPointExtension>
            <ns3:hr>162</ns3:hr>
            <ns3:cad>86</ns3:cad>
          </ns3:TrackPointExtension>
        </extensions>
      </trkpt>
      <trkpt lat="31.96784351952373981475830078125" lon="118.82823773659765720367431640625">
        <ele>10.6000003814697265625</ele>
        <time>2024-06-23T11:59:23.000Z</time>
        <extensions>
          <ns3:TrackPointExtension>
            <ns3:hr>162</ns3:hr>
            <ns3:cad>86</ns3:cad>
          </ns3:TrackPointExtension>
        </extensions>
      </trkpt>
      <trkpt lat="31.96782960556447505950927734375" lon="118.82821309380233287811279296875">
        <ele>10.6000003814697265625</ele>
        <time>2024-06-23T11:59:24.000Z</time>
        <extensions>
          <ns3:TrackPointExtension>
            <ns3:hr>162</ns3:hr>
            <ns3:cad>86</ns3:cad>
          </ns3:TrackPointExtension>
        </extensions>
      </trkpt>
      <trkpt lat="31.96782021783292293548583984375" lon="118.82818861864507198333740234375">
        <ele>10.6000003814697265625</ele>
        <time>2024-06-23T11:59:25.000Z</time>
        <extensions>
          <ns3:TrackPointExtension>
            <ns3:hr>162</ns3:hr>
            <ns3:cad>86</ns3:cad>
          </ns3:TrackPointExtension>
        </extensions>
      </trkpt>
      <trkpt lat="31.96781200356781482696533203125" lon="118.8281597010791301727294921875">
        <ele>10.6000003814697265625</ele>
        <time>2024-06-23T11:59:26.000Z</time>
        <extensions>
          <ns3:TrackPointExtension>
            <ns3:hr>162</ns3:hr>
            <ns3:cad>86</ns3:cad>
          </ns3:TrackPointExtension>
        </extensions>
      </trkpt>
      <trkpt lat="31.9678016938269138336181640625" lon="118.828132711350917816162109375">
        <ele>10.6000003814697265625</ele>
        <time>2024-06-23T11:59:27.000Z</time>
        <extensions>
          <ns3:TrackPointExtension>
            <ns3:hr>162</ns3:hr>
            <ns3:cad>86</ns3:cad>
          </ns3:TrackPointExtension>
        </extensions>
      </trkpt>
      <trkpt lat="31.967790462076663970947265625" lon="118.82810287177562713623046875">
        <ele>10.6000003814697265625</ele>
        <time>2024-06-23T11:59:28.000Z</time>
        <extensions>
          <ns3:TrackPointExtension>
            <ns3:hr>162</ns3:hr>
            <ns3:cad>86</ns3:cad>
          </ns3:TrackPointExtension>
        </extensions>
      </trkpt>
      <trkpt lat="31.967780403792858123779296875" lon="118.8280711881816387176513671875">
        <ele>10.3999996185302734375</ele>
        <time>2024-06-23T11:59:29.000Z</time>
        <extensions>
          <ns3:TrackPointExtension>
            <ns3:hr>162</ns3:hr>
            <ns3:cad>86</ns3:cad>
          </ns3:TrackPointExtension>
        </extensions>
      </trkpt>
      <trkpt lat="31.9677705131471157073974609375" lon="118.8280390016734600067138671875">
        <ele>10.3999996185302734375</ele>
        <time>2024-06-23T11:59:30.000Z</time>
        <extensions>
          <ns3:TrackPointExtension>
            <ns3:hr>162</ns3:hr>
            <ns3:cad>86</ns3:cad>
          </ns3:TrackPointExtension>
        </extensions>
      </trkpt>
      <trkpt lat="31.96776263415813446044921875" lon="118.82800790481269359588623046875">
        <ele>10.3999996185302734375</ele>
        <time>2024-06-23T11:59:31.000Z</time>
        <extensions>
          <ns3:TrackPointExtension>
            <ns3:hr>162</ns3:hr>
            <ns3:cad>86</ns3:cad>
          </ns3:TrackPointExtension>
        </extensions>
      </trkpt>
      <trkpt lat="31.9677557609975337982177734375" lon="118.82797488011419773101806640625">
        <ele>10.3999996185302734375</ele>
        <time>2024-06-23T11:59:32.000Z</time>
        <extensions>
          <ns3:TrackPointExtension>
            <ns3:hr>162</ns3:hr>
            <ns3:cad>86</ns3:cad>
          </ns3:TrackPointExtension>
        </extensions>
      </trkpt>
      <trkpt lat="31.9677517376840114593505859375" lon="118.82794118486344814300537109375">
        <ele>10.3999996185302734375</ele>
        <time>2024-06-23T11:59:33.000Z</time>
        <extensions>
          <ns3:TrackPointExtension>
            <ns3:hr>162</ns3:hr>
            <ns3:cad>86</ns3:cad>
          </ns3:TrackPointExtension>
        </extensions>
      </trkpt>
      <trkpt lat="31.96774612180888652801513671875" lon="118.82791000418365001678466796875">
        <ele>10.3999996185302734375</ele>
        <time>2024-06-23T11:59:34.000Z</time>
        <extensions>
          <ns3:TrackPointExtension>
            <ns3:hr>162</ns3:hr>
            <ns3:cad>86</ns3:cad>
          </ns3:TrackPointExtension>
        </extensions>
      </trkpt>
      <trkpt lat="31.96774343959987163543701171875" lon="118.82787865586578845977783203125">
        <ele>10.3999996185302734375</ele>
        <time>2024-06-23T11:59:35.000Z</time>
        <extensions>
          <ns3:TrackPointExtension>
            <ns3:hr>162</ns3:hr>
            <ns3:cad>86</ns3:cad>
          </ns3:TrackPointExtension>
        </extensions>
      </trkpt>
      <trkpt lat="31.96774042211472988128662109375" lon="118.8278475590050220489501953125">
        <ele>10.3999996185302734375</ele>
        <time>2024-06-23T11:59:36.000Z</time>
        <extensions>
          <ns3:TrackPointExtension>
            <ns3:hr>163</ns3:hr>
            <ns3:cad>86</ns3:cad>
          </ns3:TrackPointExtension>
        </extensions>
      </trkpt>
      <trkpt lat="31.96773958392441272735595703125" lon="118.827818222343921661376953125">
        <ele>10.3999996185302734375</ele>
        <time>2024-06-23T11:59:37.000Z</time>
        <extensions>
          <ns3:TrackPointExtension>
            <ns3:hr>163</ns3:hr>
            <ns3:cad>86</ns3:cad>
          </ns3:TrackPointExtension>
        </extensions>
      </trkpt>
      <trkpt lat="31.96773656643927097320556640625" lon="118.8277915678918361663818359375">
        <ele>10.3999996185302734375</ele>
        <time>2024-06-23T11:59:38.000Z</time>
        <extensions>
          <ns3:TrackPointExtension>
            <ns3:hr>163</ns3:hr>
            <ns3:cad>86</ns3:cad>
          </ns3:TrackPointExtension>
        </extensions>
      </trkpt>
      <trkpt lat="31.96773438714444637298583984375" lon="118.827762901782989501953125">
        <ele>10.3999996185302734375</ele>
        <time>2024-06-23T11:59:39.000Z</time>
        <extensions>
          <ns3:TrackPointExtension>
            <ns3:hr>163</ns3:hr>
            <ns3:cad>86</ns3:cad>
          </ns3:TrackPointExtension>
        </extensions>
      </trkpt>
      <trkpt lat="31.96773304603993892669677734375" lon="118.82773348130285739898681640625">
        <ele>10.3999996185302734375</ele>
        <time>2024-06-23T11:59:40.000Z</time>
        <extensions>
          <ns3:TrackPointExtension>
            <ns3:hr>164</ns3:hr>
            <ns3:cad>86</ns3:cad>
          </ns3:TrackPointExtension>
        </extensions>
      </trkpt>
      <trkpt lat="31.967732794582843780517578125" lon="118.8277020491659641265869140625">
        <ele>10.3999996185302734375</ele>
        <time>2024-06-23T11:59:41.000Z</time>
        <extensions>
          <ns3:TrackPointExtension>
            <ns3:hr>164</ns3:hr>
            <ns3:cad>86</ns3:cad>
          </ns3:TrackPointExtension>
        </extensions>
      </trkpt>
      <trkpt lat="31.9677322916686534881591796875" lon="118.82766592316329479217529296875">
        <ele>10.3999996185302734375</ele>
        <time>2024-06-23T11:59:42.000Z</time>
        <extensions>
          <ns3:TrackPointExtension>
            <ns3:hr>164</ns3:hr>
            <ns3:cad>86</ns3:cad>
          </ns3:TrackPointExtension>
        </extensions>
      </trkpt>
      <trkpt lat="31.96773254312574863433837890625" lon="118.827633149921894073486328125">
        <ele>10.3999996185302734375</ele>
        <time>2024-06-23T11:59:43.000Z</time>
        <extensions>
          <ns3:TrackPointExtension>
            <ns3:hr>164</ns3:hr>
            <ns3:cad>86</ns3:cad>
          </ns3:TrackPointExtension>
        </extensions>
      </trkpt>
      <trkpt lat="31.96773204021155834197998046875" lon="118.82759937085211277008056640625">
        <ele>10.3999996185302734375</ele>
        <time>2024-06-23T11:59:44.000Z</time>
        <extensions>
          <ns3:TrackPointExtension>
            <ns3:hr>164</ns3:hr>
            <ns3:cad>86</ns3:cad>
          </ns3:TrackPointExtension>
        </extensions>
      </trkpt>
      <trkpt lat="31.9677324593067169189453125" lon="118.82757254876196384429931640625">
        <ele>10.3999996185302734375</ele>
        <time>2024-06-23T11:59:45.000Z</time>
        <extensions>
          <ns3:TrackPointExtension>
            <ns3:hr>164</ns3:hr>
            <ns3:cad>86</ns3:cad>
          </ns3:TrackPointExtension>
        </extensions>
      </trkpt>
      <trkpt lat="31.96773606352508068084716796875" lon="118.8275468163192272186279296875">
        <ele>10.3999996185302734375</ele>
        <time>2024-06-23T11:59:46.000Z</time>
        <extensions>
          <ns3:TrackPointExtension>
            <ns3:hr>164</ns3:hr>
            <ns3:cad>86</ns3:cad>
          </ns3:TrackPointExtension>
        </extensions>
      </trkpt>
      <trkpt lat="31.967738829553127288818359375" lon="118.82751991041004657745361328125">
        <ele>10.3999996185302734375</ele>
        <time>2024-06-23T11:59:47.000Z</time>
        <extensions>
          <ns3:TrackPointExtension>
            <ns3:hr>164</ns3:hr>
            <ns3:cad>86</ns3:cad>
          </ns3:TrackPointExtension>
        </extensions>
      </trkpt>
      <trkpt lat="31.96774176321923732757568359375" lon="118.827492333948612213134765625">
        <ele>10.3999996185302734375</ele>
        <time>2024-06-23T11:59:48.000Z</time>
        <extensions>
          <ns3:TrackPointExtension>
            <ns3:hr>164</ns3:hr>
            <ns3:cad>86</ns3:cad>
          </ns3:TrackPointExtension>
        </extensions>
      </trkpt>
      <trkpt lat="31.9677446968853473663330078125" lon="118.82746391929686069488525390625">
        <ele>10.3999996185302734375</ele>
        <time>2024-06-23T11:59:49.000Z</time>
        <extensions>
          <ns3:TrackPointExtension>
            <ns3:hr>164</ns3:hr>
            <ns3:cad>86</ns3:cad>
          </ns3:TrackPointExtension>
        </extensions>
      </trkpt>
      <trkpt lat="31.96774846874177455902099609375" lon="118.82743609137833118438720703125">
        <ele>10.3999996185302734375</ele>
        <time>2024-06-23T11:59:50.000Z</time>
        <extensions>
          <ns3:TrackPointExtension>
            <ns3:hr>164</ns3:hr>
            <ns3:cad>86</ns3:cad>
          </ns3:TrackPointExtension>
        </extensions>
      </trkpt>
      <trkpt lat="31.96775324642658233642578125" lon="118.8274160586297512054443359375">
        <ele>10.3999996185302734375</ele>
        <time>2024-06-23T11:59:51.000Z</time>
        <extensions>
          <ns3:TrackPointExtension>
            <ns3:hr>164</ns3:hr>
            <ns3:cad>86</ns3:cad>
          </ns3:TrackPointExtension>
        </extensions>
      </trkpt>
      <trkpt lat="31.96776087395846843719482421875" lon="118.827387392520904541015625">
        <ele>10.3999996185302734375</ele>
        <time>2024-06-23T11:59:52.000Z</time>
        <extensions>
          <ns3:TrackPointExtension>
            <ns3:hr>164</ns3:hr>
            <ns3:cad>86</ns3:cad>
          </ns3:TrackPointExtension>
        </extensions>
      </trkpt>
      <trkpt lat="31.96777244098484516143798828125" lon="118.8273583911359310150146484375">
        <ele>10.3999996185302734375</ele>
        <time>2024-06-23T11:59:53.000Z</time>
        <extensions>
          <ns3:TrackPointExtension>
            <ns3:hr>164</ns3:hr>
            <ns3:cad>87</ns3:cad>
          </ns3:TrackPointExtension>
        </extensions>
      </trkpt>
      <trkpt lat="31.96778140962123870849609375" lon="118.82733232341706752777099609375">
        <ele>10.3999996185302734375</ele>
        <time>2024-06-23T11:59:54.000Z</time>
        <extensions>
          <ns3:TrackPointExtension>
            <ns3:hr>164</ns3:hr>
            <ns3:cad>87</ns3:cad>
          </ns3:TrackPointExtension>
        </extensions>
      </trkpt>
      <trkpt lat="31.9677899591624736785888671875" lon="118.82730231620371341705322265625">
        <ele>10.3999996185302734375</ele>
        <time>2024-06-23T11:59:55.000Z</time>
        <extensions>
          <ns3:TrackPointExtension>
            <ns3:hr>164</ns3:hr>
            <ns3:cad>87</ns3:cad>
          </ns3:TrackPointExtension>
        </extensions>
      </trkpt>
      <trkpt lat="31.96779624558985233306884765625" lon="118.82727675139904022216796875">
        <ele>10.3999996185302734375</ele>
        <time>2024-06-23T11:59:56.000Z</time>
        <extensions>
          <ns3:TrackPointExtension>
            <ns3:hr>164</ns3:hr>
            <ns3:cad>87</ns3:cad>
          </ns3:TrackPointExtension>
        </extensions>
      </trkpt>
      <trkpt lat="31.9678020291030406951904296875" lon="118.82724548690021038055419921875">
        <ele>10.19999980926513671875</ele>
        <time>2024-06-23T11:59:57.000Z</time>
        <extensions>
          <ns3:TrackPointExtension>
            <ns3:hr>164</ns3:hr>
            <ns3:cad>86</ns3:cad>
          </ns3:TrackPointExtension>
        </extensions>
      </trkpt>
      <trkpt lat="31.9678087346255779266357421875" lon="118.8272175751626491546630859375">
        <ele>10.19999980926513671875</ele>
        <time>2024-06-23T11:59:58.000Z</time>
        <extensions>
          <ns3:TrackPointExtension>
            <ns3:hr>164</ns3:hr>
            <ns3:cad>86</ns3:cad>
          </ns3:TrackPointExtension>
        </extensions>
      </trkpt>
      <trkpt lat="31.96781552396714687347412109375" lon="118.8271904177963733673095703125">
        <ele>10.19999980926513671875</ele>
        <time>2024-06-23T11:59:59.000Z</time>
        <extensions>
          <ns3:TrackPointExtension>
            <ns3:hr>164</ns3:hr>
            <ns3:cad>86</ns3:cad>
          </ns3:TrackPointExtension>
        </extensions>
      </trkpt>
      <trkpt lat="31.967823319137096405029296875" lon="118.82716007530689239501953125">
        <ele>10.19999980926513671875</ele>
        <time>2024-06-23T12:00:00.000Z</time>
        <extensions>
          <ns3:TrackPointExtension>
            <ns3:hr>164</ns3:hr>
            <ns3:cad>87</ns3:cad>
          </ns3:TrackPointExtension>
        </extensions>
      </trkpt>
      <trkpt lat="31.967830695211887359619140625" lon="118.8271320797502994537353515625">
        <ele>10.19999980926513671875</ele>
        <time>2024-06-23T12:00:01.000Z</time>
        <extensions>
          <ns3:TrackPointExtension>
            <ns3:hr>164</ns3:hr>
            <ns3:cad>87</ns3:cad>
          </ns3:TrackPointExtension>
        </extensions>
      </trkpt>
      <trkpt lat="31.9678368978202342987060546875" lon="118.82710165344178676605224609375">
        <ele>10.19999980926513671875</ele>
        <time>2024-06-23T12:00:02.000Z</time>
        <extensions>
          <ns3:TrackPointExtension>
            <ns3:hr>164</ns3:hr>
            <ns3:cad>87</ns3:cad>
          </ns3:TrackPointExtension>
        </extensions>
      </trkpt>
      <trkpt lat="31.96784066967666149139404296875" lon="118.82707265205681324005126953125">
        <ele>10.19999980926513671875</ele>
        <time>2024-06-23T12:00:03.000Z</time>
        <extensions>
          <ns3:TrackPointExtension>
            <ns3:hr>164</ns3:hr>
            <ns3:cad>87</ns3:cad>
          </ns3:TrackPointExtension>
        </extensions>
      </trkpt>
      <trkpt lat="31.96784435771405696868896484375" lon="118.82704499177634716033935546875">
        <ele>10.19999980926513671875</ele>
        <time>2024-06-23T12:00:04.000Z</time>
        <extensions>
          <ns3:TrackPointExtension>
            <ns3:hr>164</ns3:hr>
            <ns3:cad>86</ns3:cad>
          </ns3:TrackPointExtension>
        </extensions>
      </trkpt>
      <trkpt lat="31.96784955449402332305908203125" lon="118.82702252827584743499755859375">
        <ele>10.19999980926513671875</ele>
        <time>2024-06-23T12:00:05.000Z</time>
        <extensions>
          <ns3:TrackPointExtension>
            <ns3:hr>164</ns3:hr>
            <ns3:cad>86</ns3:cad>
          </ns3:TrackPointExtension>
        </extensions>
      </trkpt>
      <trkpt lat="31.9678560085594654083251953125" lon="118.82699604146182537078857421875">
        <ele>10.19999980926513671875</ele>
        <time>2024-06-23T12:00:06.000Z</time>
        <extensions>
          <ns3:TrackPointExtension>
            <ns3:hr>164</ns3:hr>
            <ns3:cad>87</ns3:cad>
          </ns3:TrackPointExtension>
        </extensions>
      </trkpt>
      <trkpt lat="31.9678633846342563629150390625" lon="118.82696905173361301422119140625">
        <ele>10.19999980926513671875</ele>
        <time>2024-06-23T12:00:07.000Z</time>
        <extensions>
          <ns3:TrackPointExtension>
            <ns3:hr>164</ns3:hr>
            <ns3:cad>87</ns3:cad>
          </ns3:TrackPointExtension>
        </extensions>
      </trkpt>
      <trkpt lat="31.967871598899364471435546875" lon="118.82693904452025890350341796875">
        <ele>10.19999980926513671875</ele>
        <time>2024-06-23T12:00:08.000Z</time>
        <extensions>
          <ns3:TrackPointExtension>
            <ns3:hr>163</ns3:hr>
            <ns3:cad>87</ns3:cad>
          </ns3:TrackPointExtension>
        </extensions>
      </trkpt>
      <trkpt lat="31.96788174100220203399658203125" lon="118.8269139826297760009765625">
        <ele>10.19999980926513671875</ele>
        <time>2024-06-23T12:00:09.000Z</time>
        <extensions>
          <ns3:TrackPointExtension>
            <ns3:hr>163</ns3:hr>
            <ns3:cad>86</ns3:cad>
          </ns3:TrackPointExtension>
        </extensions>
      </trkpt>
      <trkpt lat="31.9678885303437709808349609375" lon="118.82688757963478565216064453125">
        <ele>10.19999980926513671875</ele>
        <time>2024-06-23T12:00:10.000Z</time>
        <extensions>
          <ns3:TrackPointExtension>
            <ns3:hr>163</ns3:hr>
            <ns3:cad>86</ns3:cad>
          </ns3:TrackPointExtension>
        </extensions>
      </trkpt>
      <trkpt lat="31.96789833717048168182373046875" lon="118.82685623131692409515380859375">
        <ele>10.19999980926513671875</ele>
        <time>2024-06-23T12:00:11.000Z</time>
        <extensions>
          <ns3:TrackPointExtension>
            <ns3:hr>163</ns3:hr>
            <ns3:cad>86</ns3:cad>
          </ns3:TrackPointExtension>
        </extensions>
      </trkpt>
      <trkpt lat="31.96790370158851146697998046875" lon="118.82683175615966320037841796875">
        <ele>10.19999980926513671875</ele>
        <time>2024-06-23T12:00:12.000Z</time>
        <extensions>
          <ns3:TrackPointExtension>
            <ns3:hr>162</ns3:hr>
            <ns3:cad>86</ns3:cad>
          </ns3:TrackPointExtension>
        </extensions>
      </trkpt>
      <trkpt lat="31.967914514243602752685546875" lon="118.8267984800040721893310546875">
        <ele>10.19999980926513671875</ele>
        <time>2024-06-23T12:00:13.000Z</time>
        <extensions>
          <ns3:TrackPointExtension>
            <ns3:hr>162</ns3:hr>
            <ns3:cad>86</ns3:cad>
          </ns3:TrackPointExtension>
        </extensions>
      </trkpt>
      <trkpt lat="31.96792356669902801513671875" lon="118.8267706520855426788330078125">
        <ele>10.19999980926513671875</ele>
        <time>2024-06-23T12:00:14.000Z</time>
        <extensions>
          <ns3:TrackPointExtension>
            <ns3:hr>162</ns3:hr>
            <ns3:cad>86</ns3:cad>
          </ns3:TrackPointExtension>
        </extensions>
      </trkpt>
      <trkpt lat="31.96793220005929470062255859375" lon="118.82674542255699634552001953125">
        <ele>10.19999980926513671875</ele>
        <time>2024-06-23T12:00:15.000Z</time>
        <extensions>
          <ns3:TrackPointExtension>
            <ns3:hr>161</ns3:hr>
            <ns3:cad>86</ns3:cad>
          </ns3:TrackPointExtension>
        </extensions>
      </trkpt>
      <trkpt lat="31.96794100105762481689453125" lon="118.82672228850424289703369140625">
        <ele>10.19999980926513671875</ele>
        <time>2024-06-23T12:00:16.000Z</time>
        <extensions>
          <ns3:TrackPointExtension>
            <ns3:hr>161</ns3:hr>
            <ns3:cad>86</ns3:cad>
          </ns3:TrackPointExtension>
        </extensions>
      </trkpt>
      <trkpt lat="31.96794980205595493316650390625" lon="118.82669613696634769439697265625">
        <ele>10.19999980926513671875</ele>
        <time>2024-06-23T12:00:17.000Z</time>
        <extensions>
          <ns3:TrackPointExtension>
            <ns3:hr>161</ns3:hr>
            <ns3:cad>86</ns3:cad>
          </ns3:TrackPointExtension>
        </extensions>
      </trkpt>
      <trkpt lat="31.967958770692348480224609375" lon="118.826673924922943115234375">
        <ele>10.19999980926513671875</ele>
        <time>2024-06-23T12:00:18.000Z</time>
        <extensions>
          <ns3:TrackPointExtension>
            <ns3:hr>160</ns3:hr>
            <ns3:cad>86</ns3:cad>
          </ns3:TrackPointExtension>
        </extensions>
      </trkpt>
      <trkpt lat="31.9679659791290760040283203125" lon="118.82665087468922138214111328125">
        <ele>10.19999980926513671875</ele>
        <time>2024-06-23T12:00:19.000Z</time>
        <extensions>
          <ns3:TrackPointExtension>
            <ns3:hr>160</ns3:hr>
            <ns3:cad>86</ns3:cad>
          </ns3:TrackPointExtension>
        </extensions>
      </trkpt>
      <trkpt lat="31.96797528304159641265869140625" lon="118.82662606425583362579345703125">
        <ele>10.19999980926513671875</ele>
        <time>2024-06-23T12:00:20.000Z</time>
        <extensions>
          <ns3:TrackPointExtension>
            <ns3:hr>160</ns3:hr>
            <ns3:cad>86</ns3:cad>
          </ns3:TrackPointExtension>
        </extensions>
      </trkpt>
      <trkpt lat="31.96798047982156276702880859375" lon="118.8266053609549999237060546875">
        <ele>10.19999980926513671875</ele>
        <time>2024-06-23T12:00:21.000Z</time>
        <extensions>
          <ns3:TrackPointExtension>
            <ns3:hr>160</ns3:hr>
            <ns3:cad>86</ns3:cad>
          </ns3:TrackPointExtension>
        </extensions>
      </trkpt>
      <trkpt lat="31.9679877720773220062255859375" lon="118.82657627575099468231201171875">
        <ele>10.19999980926513671875</ele>
        <time>2024-06-23T12:00:22.000Z</time>
        <extensions>
          <ns3:TrackPointExtension>
            <ns3:hr>159</ns3:hr>
            <ns3:cad>86</ns3:cad>
          </ns3:TrackPointExtension>
        </extensions>
      </trkpt>
      <trkpt lat="31.96799221448600292205810546875" lon="118.82655314169824123382568359375">
        <ele>10.19999980926513671875</ele>
        <time>2024-06-23T12:00:23.000Z</time>
        <extensions>
          <ns3:TrackPointExtension>
            <ns3:hr>159</ns3:hr>
            <ns3:cad>86</ns3:cad>
          </ns3:TrackPointExtension>
        </extensions>
      </trkpt>
      <trkpt lat="31.967999674379825592041015625" lon="118.82652849890291690826416015625">
        <ele>10.19999980926513671875</ele>
        <time>2024-06-23T12:00:24.000Z</time>
        <extensions>
          <ns3:TrackPointExtension>
            <ns3:hr>159</ns3:hr>
            <ns3:cad>86</ns3:cad>
          </ns3:TrackPointExtension>
        </extensions>
      </trkpt>
      <trkpt lat="31.96800797246396541595458984375" lon="118.826503939926624298095703125">
        <ele>10.19999980926513671875</ele>
        <time>2024-06-23T12:00:25.000Z</time>
        <extensions>
          <ns3:TrackPointExtension>
            <ns3:hr>159</ns3:hr>
            <ns3:cad>86</ns3:cad>
          </ns3:TrackPointExtension>
        </extensions>
      </trkpt>
      <trkpt lat="31.96801417507231235504150390625" lon="118.826481141149997711181640625">
        <ele>10.19999980926513671875</ele>
        <time>2024-06-23T12:00:26.000Z</time>
        <extensions>
          <ns3:TrackPointExtension>
            <ns3:hr>159</ns3:hr>
            <ns3:cad>86</ns3:cad>
          </ns3:TrackPointExtension>
        </extensions>
      </trkpt>
      <trkpt lat="31.9680221378803253173828125" lon="118.82645473815500736236572265625">
        <ele>10.19999980926513671875</ele>
        <time>2024-06-23T12:00:27.000Z</time>
        <extensions>
          <ns3:TrackPointExtension>
            <ns3:hr>159</ns3:hr>
            <ns3:cad>86</ns3:cad>
          </ns3:TrackPointExtension>
        </extensions>
      </trkpt>
      <trkpt lat="31.96803093887865543365478515625" lon="118.82642892189323902130126953125">
        <ele>10.19999980926513671875</ele>
        <time>2024-06-23T12:00:28.000Z</time>
        <extensions>
          <ns3:TrackPointExtension>
            <ns3:hr>159</ns3:hr>
            <ns3:cad>86</ns3:cad>
          </ns3:TrackPointExtension>
        </extensions>
      </trkpt>
      <trkpt lat="31.96804225444793701171875" lon="118.8263981603085994720458984375">
        <ele>10.19999980926513671875</ele>
        <time>2024-06-23T12:00:29.000Z</time>
        <extensions>
          <ns3:TrackPointExtension>
            <ns3:hr>159</ns3:hr>
            <ns3:cad>86</ns3:cad>
          </ns3:TrackPointExtension>
        </extensions>
      </trkpt>
      <trkpt lat="31.9680518098175525665283203125" lon="118.82637108676135540008544921875">
        <ele>10.19999980926513671875</ele>
        <time>2024-06-23T12:00:30.000Z</time>
        <extensions>
          <ns3:TrackPointExtension>
            <ns3:hr>159</ns3:hr>
            <ns3:cad>86</ns3:cad>
          </ns3:TrackPointExtension>
        </extensions>
      </trkpt>
      <trkpt lat="31.96806379593908786773681640625" lon="118.82634334266185760498046875">
        <ele>10.19999980926513671875</ele>
        <time>2024-06-23T12:00:31.000Z</time>
        <extensions>
          <ns3:TrackPointExtension>
            <ns3:hr>159</ns3:hr>
            <ns3:cad>86</ns3:cad>
          </ns3:TrackPointExtension>
        </extensions>
      </trkpt>
      <trkpt lat="31.96807301603257656097412109375" lon="118.8263190351426601409912109375">
        <ele>10.19999980926513671875</ele>
        <time>2024-06-23T12:00:32.000Z</time>
        <extensions>
          <ns3:TrackPointExtension>
            <ns3:hr>159</ns3:hr>
            <ns3:cad>86</ns3:cad>
          </ns3:TrackPointExtension>
        </extensions>
      </trkpt>
      <trkpt lat="31.968081481754779815673828125" lon="118.826292715966701507568359375">
        <ele>10.19999980926513671875</ele>
        <time>2024-06-23T12:00:33.000Z</time>
        <extensions>
          <ns3:TrackPointExtension>
            <ns3:hr>159</ns3:hr>
            <ns3:cad>86</ns3:cad>
          </ns3:TrackPointExtension>
        </extensions>
      </trkpt>
      <trkpt lat="31.96809078566730022430419921875" lon="118.82626748643815517425537109375">
        <ele>10.19999980926513671875</ele>
        <time>2024-06-23T12:00:34.000Z</time>
        <extensions>
          <ns3:TrackPointExtension>
            <ns3:hr>159</ns3:hr>
            <ns3:cad>86</ns3:cad>
          </ns3:TrackPointExtension>
        </extensions>
      </trkpt>
      <trkpt lat="31.9680964015424251556396484375" lon="118.82624267600476741790771484375">
        <ele>10.19999980926513671875</ele>
        <time>2024-06-23T12:00:35.000Z</time>
        <extensions>
          <ns3:TrackPointExtension>
            <ns3:hr>159</ns3:hr>
            <ns3:cad>87</ns3:cad>
          </ns3:TrackPointExtension>
        </extensions>
      </trkpt>
      <trkpt lat="31.968101598322391510009765625" lon="118.82621903903782367706298828125">
        <ele>10.19999980926513671875</ele>
        <time>2024-06-23T12:00:36.000Z</time>
        <extensions>
          <ns3:TrackPointExtension>
            <ns3:hr>159</ns3:hr>
            <ns3:cad>87</ns3:cad>
          </ns3:TrackPointExtension>
        </extensions>
      </trkpt>
      <trkpt lat="31.9681041128933429718017578125" lon="118.826195485889911651611328125">
        <ele>10.19999980926513671875</ele>
        <time>2024-06-23T12:00:37.000Z</time>
        <extensions>
          <ns3:TrackPointExtension>
            <ns3:hr>159</ns3:hr>
            <ns3:cad>87</ns3:cad>
          </ns3:TrackPointExtension>
        </extensions>
      </trkpt>
      <trkpt lat="31.96811132133007049560546875" lon="118.8261648081243038177490234375">
        <ele>10.19999980926513671875</ele>
        <time>2024-06-23T12:00:38.000Z</time>
        <extensions>
          <ns3:TrackPointExtension>
            <ns3:hr>159</ns3:hr>
            <ns3:cad>87</ns3:cad>
          </ns3:TrackPointExtension>
        </extensions>
      </trkpt>
      <trkpt lat="31.96811727248132228851318359375" lon="118.8261361420154571533203125">
        <ele>10.19999980926513671875</ele>
        <time>2024-06-23T12:00:39.000Z</time>
        <extensions>
          <ns3:TrackPointExtension>
            <ns3:hr>159</ns3:hr>
            <ns3:cad>86</ns3:cad>
          </ns3:TrackPointExtension>
        </extensions>
      </trkpt>
      <trkpt lat="31.9681255705654621124267578125" lon="118.82610538043081760406494140625">
        <ele>10.19999980926513671875</ele>
        <time>2024-06-23T12:00:40.000Z</time>
        <extensions>
          <ns3:TrackPointExtension>
            <ns3:hr>159</ns3:hr>
            <ns3:cad>86</ns3:cad>
          </ns3:TrackPointExtension>
        </extensions>
      </trkpt>
      <trkpt lat="31.9681349582970142364501953125" lon="118.826080821454524993896484375">
        <ele>10.19999980926513671875</ele>
        <time>2024-06-23T12:00:41.000Z</time>
        <extensions>
          <ns3:TrackPointExtension>
            <ns3:hr>158</ns3:hr>
            <ns3:cad>86</ns3:cad>
          </ns3:TrackPointExtension>
        </extensions>
      </trkpt>
      <trkpt lat="31.96814476512372493743896484375" lon="118.82605156861245632171630859375">
        <ele>10.19999980926513671875</ele>
        <time>2024-06-23T12:00:42.000Z</time>
        <extensions>
          <ns3:TrackPointExtension>
            <ns3:hr>158</ns3:hr>
            <ns3:cad>86</ns3:cad>
          </ns3:TrackPointExtension>
        </extensions>
      </trkpt>
      <trkpt lat="31.96815415285527706146240234375" lon="118.82602273486554622650146484375">
        <ele>10.19999980926513671875</ele>
        <time>2024-06-23T12:00:43.000Z</time>
        <extensions>
          <ns3:TrackPointExtension>
            <ns3:hr>158</ns3:hr>
            <ns3:cad>86</ns3:cad>
          </ns3:TrackPointExtension>
        </extensions>
      </trkpt>
      <trkpt lat="31.96816052310168743133544921875" lon="118.82599331438541412353515625">
        <ele>10.19999980926513671875</ele>
        <time>2024-06-23T12:00:44.000Z</time>
        <extensions>
          <ns3:TrackPointExtension>
            <ns3:hr>158</ns3:hr>
            <ns3:cad>87</ns3:cad>
          </ns3:TrackPointExtension>
        </extensions>
      </trkpt>
      <trkpt lat="31.96816898882389068603515625" lon="118.8259649835526943206787109375">
        <ele>10</ele>
        <time>2024-06-23T12:00:45.000Z</time>
        <extensions>
          <ns3:TrackPointExtension>
            <ns3:hr>158</ns3:hr>
            <ns3:cad>87</ns3:cad>
          </ns3:TrackPointExtension>
        </extensions>
      </trkpt>
      <trkpt lat="31.96817678399384021759033203125" lon="118.82593757472932338714599609375">
        <ele>10</ele>
        <time>2024-06-23T12:00:46.000Z</time>
        <extensions>
          <ns3:TrackPointExtension>
            <ns3:hr>157</ns3:hr>
            <ns3:cad>87</ns3:cad>
          </ns3:TrackPointExtension>
        </extensions>
      </trkpt>
      <trkpt lat="31.96818801574409008026123046875" lon="118.8259083218872547149658203125">
        <ele>10</ele>
        <time>2024-06-23T12:00:47.000Z</time>
        <extensions>
          <ns3:TrackPointExtension>
            <ns3:hr>157</ns3:hr>
            <ns3:cad>87</ns3:cad>
          </ns3:TrackPointExtension>
        </extensions>
      </trkpt>
      <trkpt lat="31.96819472126662731170654296875" lon="118.82588443346321582794189453125">
        <ele>10</ele>
        <time>2024-06-23T12:00:48.000Z</time>
        <extensions>
          <ns3:TrackPointExtension>
            <ns3:hr>157</ns3:hr>
            <ns3:cad>86</ns3:cad>
          </ns3:TrackPointExtension>
        </extensions>
      </trkpt>
      <trkpt lat="31.96820276789367198944091796875" lon="118.8258580304682254791259765625">
        <ele>10</ele>
        <time>2024-06-23T12:00:49.000Z</time>
        <extensions>
          <ns3:TrackPointExtension>
            <ns3:hr>157</ns3:hr>
            <ns3:cad>87</ns3:cad>
          </ns3:TrackPointExtension>
        </extensions>
      </trkpt>
      <trkpt lat="31.96821047924458980560302734375" lon="118.82583363912999629974365234375">
        <ele>10</ele>
        <time>2024-06-23T12:00:50.000Z</time>
        <extensions>
          <ns3:TrackPointExtension>
            <ns3:hr>157</ns3:hr>
            <ns3:cad>87</ns3:cad>
          </ns3:TrackPointExtension>
        </extensions>
      </trkpt>
      <trkpt lat="31.96821852587163448333740234375" lon="118.82580731995403766632080078125">
        <ele>10</ele>
        <time>2024-06-23T12:00:51.000Z</time>
        <extensions>
          <ns3:TrackPointExtension>
            <ns3:hr>157</ns3:hr>
            <ns3:cad>87</ns3:cad>
          </ns3:TrackPointExtension>
        </extensions>
      </trkpt>
      <trkpt lat="31.96822757832705974578857421875" lon="118.8257805816829204559326171875">
        <ele>10</ele>
        <time>2024-06-23T12:00:52.000Z</time>
        <extensions>
          <ns3:TrackPointExtension>
            <ns3:hr>157</ns3:hr>
            <ns3:cad>87</ns3:cad>
          </ns3:TrackPointExtension>
        </extensions>
      </trkpt>
      <trkpt lat="31.96823461912572383880615234375" lon="118.825752921402454376220703125">
        <ele>10</ele>
        <time>2024-06-23T12:00:53.000Z</time>
        <extensions>
          <ns3:TrackPointExtension>
            <ns3:hr>157</ns3:hr>
            <ns3:cad>87</ns3:cad>
          </ns3:TrackPointExtension>
        </extensions>
      </trkpt>
      <trkpt lat="31.96824149228632450103759765625" lon="118.8257262669503688812255859375">
        <ele>10</ele>
        <time>2024-06-23T12:00:54.000Z</time>
        <extensions>
          <ns3:TrackPointExtension>
            <ns3:hr>157</ns3:hr>
            <ns3:cad>86</ns3:cad>
          </ns3:TrackPointExtension>
        </extensions>
      </trkpt>
      <trkpt lat="31.96824610233306884765625" lon="118.82570095360279083251953125">
        <ele>10</ele>
        <time>2024-06-23T12:00:55.000Z</time>
        <extensions>
          <ns3:TrackPointExtension>
            <ns3:hr>157</ns3:hr>
            <ns3:cad>86</ns3:cad>
          </ns3:TrackPointExtension>
        </extensions>
      </trkpt>
      <trkpt lat="31.9682539813220500946044921875" lon="118.82567337714135646820068359375">
        <ele>10</ele>
        <time>2024-06-23T12:00:56.000Z</time>
        <extensions>
          <ns3:TrackPointExtension>
            <ns3:hr>157</ns3:hr>
            <ns3:cad>86</ns3:cad>
          </ns3:TrackPointExtension>
        </extensions>
      </trkpt>
      <trkpt lat="31.9682583399116992950439453125" lon="118.82564873434603214263916015625">
        <ele>10</ele>
        <time>2024-06-23T12:00:57.000Z</time>
        <extensions>
          <ns3:TrackPointExtension>
            <ns3:hr>157</ns3:hr>
            <ns3:cad>86</ns3:cad>
          </ns3:TrackPointExtension>
        </extensions>
      </trkpt>
      <trkpt lat="31.96826496161520481109619140625" lon="118.825621493160724639892578125">
        <ele>10</ele>
        <time>2024-06-23T12:00:58.000Z</time>
        <extensions>
          <ns3:TrackPointExtension>
            <ns3:hr>157</ns3:hr>
            <ns3:cad>87</ns3:cad>
          </ns3:TrackPointExtension>
        </extensions>
      </trkpt>
      <trkpt lat="31.9682727567851543426513671875" lon="118.82559441961348056793212890625">
        <ele>10</ele>
        <time>2024-06-23T12:00:59.000Z</time>
        <extensions>
          <ns3:TrackPointExtension>
            <ns3:hr>157</ns3:hr>
            <ns3:cad>88</ns3:cad>
          </ns3:TrackPointExtension>
        </extensions>
      </trkpt>
      <trkpt lat="31.9682784564793109893798828125" lon="118.825567848980426788330078125">
        <ele>10</ele>
        <time>2024-06-23T12:01:00.000Z</time>
        <extensions>
          <ns3:TrackPointExtension>
            <ns3:hr>157</ns3:hr>
            <ns3:cad>88</ns3:cad>
          </ns3:TrackPointExtension>
        </extensions>
      </trkpt>
      <trkpt lat="31.968289352953433990478515625" lon="118.825542032718658447265625">
        <ele>10</ele>
        <time>2024-06-23T12:01:01.000Z</time>
        <extensions>
          <ns3:TrackPointExtension>
            <ns3:hr>157</ns3:hr>
            <ns3:cad>88</ns3:cad>
          </ns3:TrackPointExtension>
        </extensions>
      </trkpt>
      <trkpt lat="31.96829949505627155303955078125" lon="118.82551328279078006744384765625">
        <ele>10</ele>
        <time>2024-06-23T12:01:02.000Z</time>
        <extensions>
          <ns3:TrackPointExtension>
            <ns3:hr>157</ns3:hr>
            <ns3:cad>87</ns3:cad>
          </ns3:TrackPointExtension>
        </extensions>
      </trkpt>
      <trkpt lat="31.96831047534942626953125" lon="118.82548595778644084930419921875">
        <ele>10</ele>
        <time>2024-06-23T12:01:03.000Z</time>
        <extensions>
          <ns3:TrackPointExtension>
            <ns3:hr>156</ns3:hr>
            <ns3:cad>87</ns3:cad>
          </ns3:TrackPointExtension>
        </extensions>
      </trkpt>
      <trkpt lat="31.968319527804851531982421875" lon="118.82546089589595794677734375">
        <ele>10.19999980926513671875</ele>
        <time>2024-06-23T12:01:04.000Z</time>
        <extensions>
          <ns3:TrackPointExtension>
            <ns3:hr>156</ns3:hr>
            <ns3:cad>87</ns3:cad>
          </ns3:TrackPointExtension>
        </extensions>
      </trkpt>
      <trkpt lat="31.9683337770402431488037109375" lon="118.82542778737843036651611328125">
        <ele>10.19999980926513671875</ele>
        <time>2024-06-23T12:01:05.000Z</time>
        <extensions>
          <ns3:TrackPointExtension>
            <ns3:hr>156</ns3:hr>
            <ns3:cad>87</ns3:cad>
          </ns3:TrackPointExtension>
        </extensions>
      </trkpt>
      <trkpt lat="31.9683440029621124267578125" lon="118.8253940083086490631103515625">
        <ele>10.19999980926513671875</ele>
        <time>2024-06-23T12:01:06.000Z</time>
        <extensions>
          <ns3:TrackPointExtension>
            <ns3:hr>156</ns3:hr>
            <ns3:cad>87</ns3:cad>
          </ns3:TrackPointExtension>
        </extensions>
      </trkpt>
      <trkpt lat="31.9683587551116943359375" lon="118.8253547810018062591552734375">
        <ele>10</ele>
        <time>2024-06-23T12:01:07.000Z</time>
        <extensions>
          <ns3:TrackPointExtension>
            <ns3:hr>156</ns3:hr>
            <ns3:cad>87</ns3:cad>
          </ns3:TrackPointExtension>
        </extensions>
      </trkpt>
      <trkpt lat="31.9683735072612762451171875" lon="118.82531580515205860137939453125">
        <ele>10</ele>
        <time>2024-06-23T12:01:08.000Z</time>
        <extensions>
          <ns3:TrackPointExtension>
            <ns3:hr>155</ns3:hr>
            <ns3:cad>87</ns3:cad>
          </ns3:TrackPointExtension>
        </extensions>
      </trkpt>
      <trkpt lat="31.96838851086795330047607421875" lon="118.8252803497016429901123046875">
        <ele>10</ele>
        <time>2024-06-23T12:01:09.000Z</time>
        <extensions>
          <ns3:TrackPointExtension>
            <ns3:hr>155</ns3:hr>
            <ns3:cad>86</ns3:cad>
          </ns3:TrackPointExtension>
        </extensions>
      </trkpt>
      <trkpt lat="31.9684108905494213104248046875" lon="118.82523584179580211639404296875">
        <ele>10</ele>
        <time>2024-06-23T12:01:10.000Z</time>
        <extensions>
          <ns3:TrackPointExtension>
            <ns3:hr>155</ns3:hr>
            <ns3:cad>85</ns3:cad>
          </ns3:TrackPointExtension>
        </extensions>
      </trkpt>
      <trkpt lat="31.9684256426990032196044921875" lon="118.82520181126892566680908203125">
        <ele>10</ele>
        <time>2024-06-23T12:01:11.000Z</time>
        <extensions>
          <ns3:TrackPointExtension>
            <ns3:hr>155</ns3:hr>
            <ns3:cad>84</ns3:cad>
          </ns3:TrackPointExtension>
        </extensions>
      </trkpt>
      <trkpt lat="31.96843947283923625946044921875" lon="118.82516241632401943206787109375">
        <ele>9.80000019073486328125</ele>
        <time>2024-06-23T12:01:12.000Z</time>
        <extensions>
          <ns3:TrackPointExtension>
            <ns3:hr>155</ns3:hr>
            <ns3:cad>84</ns3:cad>
          </ns3:TrackPointExtension>
        </extensions>
      </trkpt>
      <trkpt lat="31.96844567544758319854736328125" lon="118.8251301459968090057373046875">
        <ele>9.80000019073486328125</ele>
        <time>2024-06-23T12:01:13.000Z</time>
        <extensions>
          <ns3:TrackPointExtension>
            <ns3:hr>155</ns3:hr>
            <ns3:cad>85</ns3:cad>
          </ns3:TrackPointExtension>
        </extensions>
      </trkpt>
      <trkpt lat="31.9684581644833087921142578125" lon="118.82509611546993255615234375">
        <ele>9.80000019073486328125</ele>
        <time>2024-06-23T12:01:14.000Z</time>
        <extensions>
          <ns3:TrackPointExtension>
            <ns3:hr>155</ns3:hr>
            <ns3:cad>85</ns3:cad>
          </ns3:TrackPointExtension>
        </extensions>
      </trkpt>
      <trkpt lat="31.96846964769065380096435546875" lon="118.8250704668462276458740234375">
        <ele>9.80000019073486328125</ele>
        <time>2024-06-23T12:01:15.000Z</time>
        <extensions>
          <ns3:TrackPointExtension>
            <ns3:hr>155</ns3:hr>
            <ns3:cad>85</ns3:cad>
          </ns3:TrackPointExtension>
        </extensions>
      </trkpt>
      <trkpt lat="31.9684796221554279327392578125" lon="118.8250418007373809814453125">
        <ele>9.80000019073486328125</ele>
        <time>2024-06-23T12:01:16.000Z</time>
        <extensions>
          <ns3:TrackPointExtension>
            <ns3:hr>155</ns3:hr>
            <ns3:cad>85</ns3:cad>
          </ns3:TrackPointExtension>
        </extensions>
      </trkpt>
      <trkpt lat="31.96849043481051921844482421875" lon="118.82501472719013690948486328125">
        <ele>9.80000019073486328125</ele>
        <time>2024-06-23T12:01:17.000Z</time>
        <extensions>
          <ns3:TrackPointExtension>
            <ns3:hr>155</ns3:hr>
            <ns3:cad>85</ns3:cad>
          </ns3:TrackPointExtension>
        </extensions>
      </trkpt>
      <trkpt lat="31.968497894704341888427734375" lon="118.82499025203287601470947265625">
        <ele>9.80000019073486328125</ele>
        <time>2024-06-23T12:01:18.000Z</time>
        <extensions>
          <ns3:TrackPointExtension>
            <ns3:hr>155</ns3:hr>
            <ns3:cad>85</ns3:cad>
          </ns3:TrackPointExtension>
        </extensions>
      </trkpt>
      <trkpt lat="31.968507282435894012451171875" lon="118.824965693056583404541015625">
        <ele>9.80000019073486328125</ele>
        <time>2024-06-23T12:01:19.000Z</time>
        <extensions>
          <ns3:TrackPointExtension>
            <ns3:hr>155</ns3:hr>
            <ns3:cad>85</ns3:cad>
          </ns3:TrackPointExtension>
        </extensions>
      </trkpt>
      <trkpt lat="31.9685168378055095672607421875" lon="118.8249425590038299560546875">
        <ele>9.80000019073486328125</ele>
        <time>2024-06-23T12:01:20.000Z</time>
        <extensions>
          <ns3:TrackPointExtension>
            <ns3:hr>155</ns3:hr>
            <ns3:cad>85</ns3:cad>
          </ns3:TrackPointExtension>
        </extensions>
      </trkpt>
      <trkpt lat="31.9685235433280467987060546875" lon="118.82492043077945709228515625">
        <ele>9.80000019073486328125</ele>
        <time>2024-06-23T12:01:21.000Z</time>
        <extensions>
          <ns3:TrackPointExtension>
            <ns3:hr>156</ns3:hr>
            <ns3:cad>84</ns3:cad>
          </ns3:TrackPointExtension>
        </extensions>
      </trkpt>
      <trkpt lat="31.96852865628898143768310546875" lon="118.8249051757156848907470703125">
        <ele>9.80000019073486328125</ele>
        <time>2024-06-23T12:01:22.000Z</time>
        <extensions>
          <ns3:TrackPointExtension>
            <ns3:hr>156</ns3:hr>
            <ns3:cad>84</ns3:cad>
          </ns3:TrackPointExtension>
        </extensions>
      </trkpt>
      <trkpt lat="31.9685362838208675384521484375" lon="118.82488732226192951202392578125">
        <ele>9.80000019073486328125</ele>
        <time>2024-06-23T12:01:23.000Z</time>
        <extensions>
          <ns3:TrackPointExtension>
            <ns3:hr>156</ns3:hr>
            <ns3:cad>84</ns3:cad>
          </ns3:TrackPointExtension>
        </extensions>
      </trkpt>
      <trkpt lat="31.96853955276310443878173828125" lon="118.82487349212169647216796875">
        <ele>10</ele>
        <time>2024-06-23T12:01:24.000Z</time>
        <extensions>
          <ns3:TrackPointExtension>
            <ns3:hr>157</ns3:hr>
            <ns3:cad>84</ns3:cad>
          </ns3:TrackPointExtension>
        </extensions>
      </trkpt>
      <trkpt lat="31.9685424864292144775390625" lon="118.82486083544790744781494140625">
        <ele>10</ele>
        <time>2024-06-23T12:01:25.000Z</time>
        <extensions>
          <ns3:TrackPointExtension>
            <ns3:hr>159</ns3:hr>
            <ns3:cad>82</ns3:cad>
          </ns3:TrackPointExtension>
        </extensions>
      </trkpt>
      <trkpt lat="31.968544833362102508544921875" lon="118.8248451612889766693115234375">
        <ele>10</ele>
        <time>2024-06-23T12:01:26.000Z</time>
        <extensions>
          <ns3:TrackPointExtension>
            <ns3:hr>161</ns3:hr>
            <ns3:cad>82</ns3:cad>
          </ns3:TrackPointExtension>
        </extensions>
      </trkpt>
      <trkpt lat="31.96854709647595882415771484375" lon="118.82482999004423618316650390625">
        <ele>10</ele>
        <time>2024-06-23T12:01:27.000Z</time>
        <extensions>
          <ns3:TrackPointExtension>
            <ns3:hr>162</ns3:hr>
            <ns3:cad>82</ns3:cad>
          </ns3:TrackPointExtension>
        </extensions>
      </trkpt>
      <trkpt lat="31.9685493595898151397705078125" lon="118.82481305859982967376708984375">
        <ele>10</ele>
        <time>2024-06-23T12:01:28.000Z</time>
        <extensions>
          <ns3:TrackPointExtension>
            <ns3:hr>164</ns3:hr>
            <ns3:cad>82</ns3:cad>
          </ns3:TrackPointExtension>
        </extensions>
      </trkpt>
      <trkpt lat="31.9685518741607666015625" lon="118.82479461841285228729248046875">
        <ele>10</ele>
        <time>2024-06-23T12:01:29.000Z</time>
        <extensions>
          <ns3:TrackPointExtension>
            <ns3:hr>166</ns3:hr>
            <ns3:cad>82</ns3:cad>
          </ns3:TrackPointExtension>
        </extensions>
      </trkpt>
      <trkpt lat="31.96855665184557437896728515625" lon="118.82478338666260242462158203125">
        <ele>10</ele>
        <time>2024-06-23T12:01:30.000Z</time>
        <extensions>
          <ns3:TrackPointExtension>
            <ns3:hr>167</ns3:hr>
            <ns3:cad>61</ns3:cad>
          </ns3:TrackPointExtension>
        </extensions>
      </trkpt>
      <trkpt lat="31.9685614295303821563720703125" lon="118.82476679049432277679443359375">
        <ele>10</ele>
        <time>2024-06-23T12:01:31.000Z</time>
        <extensions>
          <ns3:TrackPointExtension>
            <ns3:hr>167</ns3:hr>
            <ns3:cad>61</ns3:cad>
          </ns3:TrackPointExtension>
        </extensions>
      </trkpt>
      <trkpt lat="31.96856704540550708770751953125" lon="118.82474717684090137481689453125">
        <ele>10</ele>
        <time>2024-06-23T12:01:32.000Z</time>
        <extensions>
          <ns3:TrackPointExtension>
            <ns3:hr>167</ns3:hr>
            <ns3:cad>61</ns3:cad>
          </ns3:TrackPointExtension>
        </extensions>
      </trkpt>
      <trkpt lat="31.968572996556758880615234375" lon="118.82472856901586055755615234375">
        <ele>10</ele>
        <time>2024-06-23T12:01:33.000Z</time>
        <extensions>
          <ns3:TrackPointExtension>
            <ns3:hr>167</ns3:hr>
            <ns3:cad>61</ns3:cad>
          </ns3:TrackPointExtension>
        </extensions>
      </trkpt>
      <trkpt lat="31.968579031527042388916015625" lon="118.82470375858247280120849609375">
        <ele>9.80000019073486328125</ele>
        <time>2024-06-23T12:01:34.000Z</time>
        <extensions>
          <ns3:TrackPointExtension>
            <ns3:hr>167</ns3:hr>
            <ns3:cad>61</ns3:cad>
          </ns3:TrackPointExtension>
        </extensions>
      </trkpt>
      <trkpt lat="31.96858531795442104339599609375" lon="118.8246810436248779296875">
        <ele>9.80000019073486328125</ele>
        <time>2024-06-23T12:01:35.000Z</time>
        <extensions>
          <ns3:TrackPointExtension>
            <ns3:hr>166</ns3:hr>
            <ns3:cad>61</ns3:cad>
          </ns3:TrackPointExtension>
        </extensions>
      </trkpt>
      <trkpt lat="31.96859101764857769012451171875" lon="118.8246604241430759429931640625">
        <ele>9.80000019073486328125</ele>
        <time>2024-06-23T12:01:36.000Z</time>
        <extensions>
          <ns3:TrackPointExtension>
            <ns3:hr>163</ns3:hr>
            <ns3:cad>61</ns3:cad>
          </ns3:TrackPointExtension>
        </extensions>
      </trkpt>
      <trkpt lat="31.96859680116176605224609375" lon="118.82463603280484676361083984375">
        <ele>9.80000019073486328125</ele>
        <time>2024-06-23T12:01:37.000Z</time>
        <extensions>
          <ns3:TrackPointExtension>
            <ns3:hr>160</ns3:hr>
            <ns3:cad>83</ns3:cad>
          </ns3:TrackPointExtension>
        </extensions>
      </trkpt>
      <trkpt lat="31.9686063565313816070556640625" lon="118.8246128149330615997314453125">
        <ele>9.80000019073486328125</ele>
        <time>2024-06-23T12:01:38.000Z</time>
        <extensions>
          <ns3:TrackPointExtension>
            <ns3:hr>159</ns3:hr>
            <ns3:cad>83</ns3:cad>
          </ns3:TrackPointExtension>
        </extensions>
      </trkpt>
      <trkpt lat="31.96861021220684051513671875" lon="118.824592866003513336181640625">
        <ele>9.80000019073486328125</ele>
        <time>2024-06-23T12:01:39.000Z</time>
        <extensions>
          <ns3:TrackPointExtension>
            <ns3:hr>159</ns3:hr>
            <ns3:cad>83</ns3:cad>
          </ns3:TrackPointExtension>
        </extensions>
      </trkpt>
      <trkpt lat="31.96861423552036285400390625" lon="118.82456629537045955657958984375">
        <ele>9.6000003814697265625</ele>
        <time>2024-06-23T12:01:40.000Z</time>
        <extensions>
          <ns3:TrackPointExtension>
            <ns3:hr>158</ns3:hr>
            <ns3:cad>83</ns3:cad>
          </ns3:TrackPointExtension>
        </extensions>
      </trkpt>
      <trkpt lat="31.968618594110012054443359375" lon="118.8245457597076892852783203125">
        <ele>9.6000003814697265625</ele>
        <time>2024-06-23T12:01:41.000Z</time>
        <extensions>
          <ns3:TrackPointExtension>
            <ns3:hr>158</ns3:hr>
            <ns3:cad>83</ns3:cad>
          </ns3:TrackPointExtension>
        </extensions>
      </trkpt>
      <trkpt lat="31.968623287975788116455078125" lon="118.824523128569126129150390625">
        <ele>9.6000003814697265625</ele>
        <time>2024-06-23T12:01:42.000Z</time>
        <extensions>
          <ns3:TrackPointExtension>
            <ns3:hr>158</ns3:hr>
            <ns3:cad>83</ns3:cad>
          </ns3:TrackPointExtension>
        </extensions>
      </trkpt>
      <trkpt lat="31.9686331786215305328369140625" lon="118.8245015032589435577392578125">
        <ele>9.80000019073486328125</ele>
        <time>2024-06-23T12:01:43.000Z</time>
        <extensions>
          <ns3:TrackPointExtension>
            <ns3:hr>159</ns3:hr>
            <ns3:cad>83</ns3:cad>
          </ns3:TrackPointExtension>
        </extensions>
      </trkpt>
      <trkpt lat="31.968638710677623748779296875" lon="118.82448180578649044036865234375">
        <ele>9.80000019073486328125</ele>
        <time>2024-06-23T12:01:44.000Z</time>
        <extensions>
          <ns3:TrackPointExtension>
            <ns3:hr>158</ns3:hr>
            <ns3:cad>83</ns3:cad>
          </ns3:TrackPointExtension>
        </extensions>
      </trkpt>
      <trkpt lat="31.96864650584757328033447265625" lon="118.82445598952472209930419921875">
        <ele>9.80000019073486328125</ele>
        <time>2024-06-23T12:01:45.000Z</time>
        <extensions>
          <ns3:TrackPointExtension>
            <ns3:hr>158</ns3:hr>
            <ns3:cad>84</ns3:cad>
          </ns3:TrackPointExtension>
        </extensions>
      </trkpt>
      <trkpt lat="31.96865321137011051177978515625" lon="118.82443503476679325103759765625">
        <ele>9.80000019073486328125</ele>
        <time>2024-06-23T12:01:46.000Z</time>
        <extensions>
          <ns3:TrackPointExtension>
            <ns3:hr>158</ns3:hr>
            <ns3:cad>84</ns3:cad>
          </ns3:TrackPointExtension>
        </extensions>
      </trkpt>
      <trkpt lat="31.9686589948832988739013671875" lon="118.82441257126629352569580078125">
        <ele>9.80000019073486328125</ele>
        <time>2024-06-23T12:01:47.000Z</time>
        <extensions>
          <ns3:TrackPointExtension>
            <ns3:hr>158</ns3:hr>
            <ns3:cad>84</ns3:cad>
          </ns3:TrackPointExtension>
        </extensions>
      </trkpt>
      <trkpt lat="31.96866896934807300567626953125" lon="118.82438776083290576934814453125">
        <ele>9.80000019073486328125</ele>
        <time>2024-06-23T12:01:48.000Z</time>
        <extensions>
          <ns3:TrackPointExtension>
            <ns3:hr>158</ns3:hr>
            <ns3:cad>83</ns3:cad>
          </ns3:TrackPointExtension>
        </extensions>
      </trkpt>
      <trkpt lat="31.96867383085191249847412109375" lon="118.824367560446262359619140625">
        <ele>9.80000019073486328125</ele>
        <time>2024-06-23T12:01:49.000Z</time>
        <extensions>
          <ns3:TrackPointExtension>
            <ns3:hr>158</ns3:hr>
            <ns3:cad>83</ns3:cad>
          </ns3:TrackPointExtension>
        </extensions>
      </trkpt>
      <trkpt lat="31.96867701597511768341064453125" lon="118.82434375584125518798828125">
        <ele>9.80000019073486328125</ele>
        <time>2024-06-23T12:01:50.000Z</time>
        <extensions>
          <ns3:TrackPointExtension>
            <ns3:hr>158</ns3:hr>
            <ns3:cad>83</ns3:cad>
          </ns3:TrackPointExtension>
        </extensions>
      </trkpt>
      <trkpt lat="31.96867902763187885284423828125" lon="118.8243308477103710174560546875">
        <ele>9.80000019073486328125</ele>
        <time>2024-06-23T12:01:51.000Z</time>
        <extensions>
          <ns3:TrackPointExtension>
            <ns3:hr>158</ns3:hr>
            <ns3:cad>83</ns3:cad>
          </ns3:TrackPointExtension>
        </extensions>
      </trkpt>
      <trkpt lat="31.968681626021862030029296875" lon="118.82431969977915287017822265625">
        <ele>9.80000019073486328125</ele>
        <time>2024-06-23T12:01:52.000Z</time>
        <extensions>
          <ns3:TrackPointExtension>
            <ns3:hr>158</ns3:hr>
            <ns3:cad>84</ns3:cad>
          </ns3:TrackPointExtension>
        </extensions>
      </trkpt>
      <trkpt lat="31.96868824772536754608154296875" lon="118.824301846325397491455078125">
        <ele>9.80000019073486328125</ele>
        <time>2024-06-23T12:01:53.000Z</time>
        <extensions>
          <ns3:TrackPointExtension>
            <ns3:hr>158</ns3:hr>
            <ns3:cad>84</ns3:cad>
          </ns3:TrackPointExtension>
        </extensions>
      </trkpt>
      <trkpt lat="31.968694031238555908203125" lon="118.82428332231938838958740234375">
        <ele>9.80000019073486328125</ele>
        <time>2024-06-23T12:01:54.000Z</time>
        <extensions>
          <ns3:TrackPointExtension>
            <ns3:hr>158</ns3:hr>
            <ns3:cad>82</ns3:cad>
          </ns3:TrackPointExtension>
        </extensions>
      </trkpt>
      <trkpt lat="31.96870065294206142425537109375" lon="118.8242617808282375335693359375">
        <ele>9.80000019073486328125</ele>
        <time>2024-06-23T12:01:55.000Z</time>
        <extensions>
          <ns3:TrackPointExtension>
            <ns3:hr>158</ns3:hr>
            <ns3:cad>82</ns3:cad>
          </ns3:TrackPointExtension>
        </extensions>
      </trkpt>
      <trkpt lat="31.9687082804739475250244140625" lon="118.82424593903124332427978515625">
        <ele>9.80000019073486328125</ele>
        <time>2024-06-23T12:01:56.000Z</time>
        <extensions>
          <ns3:TrackPointExtension>
            <ns3:hr>158</ns3:hr>
            <ns3:cad>81</ns3:cad>
          </ns3:TrackPointExtension>
        </extensions>
      </trkpt>
      <trkpt lat="31.9687146507203578948974609375" lon="118.824227415025234222412109375">
        <ele>9.80000019073486328125</ele>
        <time>2024-06-23T12:01:57.000Z</time>
        <extensions>
          <ns3:TrackPointExtension>
            <ns3:hr>158</ns3:hr>
            <ns3:cad>81</ns3:cad>
          </ns3:TrackPointExtension>
        </extensions>
      </trkpt>
      <trkpt lat="31.96872211061418056488037109375" lon="118.8242111541330814361572265625">
        <ele>9.80000019073486328125</ele>
        <time>2024-06-23T12:01:58.000Z</time>
        <extensions>
          <ns3:TrackPointExtension>
            <ns3:hr>157</ns3:hr>
            <ns3:cad>83</ns3:cad>
          </ns3:TrackPointExtension>
        </extensions>
      </trkpt>
      <trkpt lat="31.96872579865157604217529296875" lon="118.82419514469802379608154296875">
        <ele>9.6000003814697265625</ele>
        <time>2024-06-23T12:01:59.000Z</time>
        <extensions>
          <ns3:TrackPointExtension>
            <ns3:hr>157</ns3:hr>
            <ns3:cad>84</ns3:cad>
          </ns3:TrackPointExtension>
        </extensions>
      </trkpt>
      <trkpt lat="31.96873166598379611968994140625" lon="118.82417745888233184814453125">
        <ele>9.80000019073486328125</ele>
        <time>2024-06-23T12:02:00.000Z</time>
        <extensions>
          <ns3:TrackPointExtension>
            <ns3:hr>157</ns3:hr>
            <ns3:cad>84</ns3:cad>
          </ns3:TrackPointExtension>
        </extensions>
      </trkpt>
      <trkpt lat="31.96873166598379611968994140625" lon="118.82417745888233184814453125">
        <ele>9.6000003814697265625</ele>
        <time>2024-06-23T12:02:01.000Z</time>
        <extensions>
          <ns3:TrackPointExtension>
            <ns3:hr>157</ns3:hr>
            <ns3:cad>83</ns3:cad>
          </ns3:TrackPointExtension>
        </extensions>
      </trkpt>
      <trkpt lat="31.96873962879180908203125" lon="118.82414937950670719146728515625">
        <ele>9.6000003814697265625</ele>
        <time>2024-06-23T12:02:02.000Z</time>
        <extensions>
          <ns3:TrackPointExtension>
            <ns3:hr>157</ns3:hr>
            <ns3:cad>83</ns3:cad>
          </ns3:TrackPointExtension>
        </extensions>
      </trkpt>
      <trkpt lat="31.96874809451401233673095703125" lon="118.82413077168166637420654296875">
        <ele>9.6000003814697265625</ele>
        <time>2024-06-23T12:02:03.000Z</time>
        <extensions>
          <ns3:TrackPointExtension>
            <ns3:hr>157</ns3:hr>
            <ns3:cad>84</ns3:cad>
          </ns3:TrackPointExtension>
        </extensions>
      </trkpt>
      <trkpt lat="31.96875211782753467559814453125" lon="118.824112415313720703125">
        <ele>9.6000003814697265625</ele>
        <time>2024-06-23T12:02:04.000Z</time>
        <extensions>
          <ns3:TrackPointExtension>
            <ns3:hr>157</ns3:hr>
            <ns3:cad>84</ns3:cad>
          </ns3:TrackPointExtension>
        </extensions>
      </trkpt>
      <trkpt lat="31.96876041591167449951171875" lon="118.82408869452774524688720703125">
        <ele>9.6000003814697265625</ele>
        <time>2024-06-23T12:02:05.000Z</time>
        <extensions>
          <ns3:TrackPointExtension>
            <ns3:hr>157</ns3:hr>
            <ns3:cad>84</ns3:cad>
          </ns3:TrackPointExtension>
        </extensions>
      </trkpt>
      <trkpt lat="31.96876041591167449951171875" lon="118.82408869452774524688720703125">
        <ele>9.6000003814697265625</ele>
        <time>2024-06-23T12:02:06.000Z</time>
        <extensions>
          <ns3:TrackPointExtension>
            <ns3:hr>157</ns3:hr>
            <ns3:cad>83</ns3:cad>
          </ns3:TrackPointExtension>
        </extensions>
      </trkpt>
      <trkpt lat="31.9687703065574169158935546875" lon="118.8240830786526203155517578125">
        <ele>9.3999996185302734375</ele>
        <time>2024-06-23T12:02:07.000Z</time>
        <extensions>
          <ns3:TrackPointExtension>
            <ns3:hr>157</ns3:hr>
            <ns3:cad>83</ns3:cad>
          </ns3:TrackPointExtension>
        </extensions>
      </trkpt>
      <trkpt lat="31.96876569651067256927490234375" lon="118.8240810669958591461181640625">
        <ele>9.3999996185302734375</ele>
        <time>2024-06-23T12:02:08.000Z</time>
        <extensions>
          <ns3:TrackPointExtension>
            <ns3:hr>156</ns3:hr>
            <ns3:cad>83</ns3:cad>
          </ns3:TrackPointExtension>
        </extensions>
      </trkpt>
      <trkpt lat="31.968766786158084869384765625" lon="118.824083246290683746337890625">
        <ele>9.6000003814697265625</ele>
        <time>2024-06-23T12:02:09.000Z</time>
        <extensions>
          <ns3:TrackPointExtension>
            <ns3:hr>156</ns3:hr>
            <ns3:cad>83</ns3:cad>
          </ns3:TrackPointExtension>
        </extensions>
      </trkpt>
      <trkpt lat="31.96876938454806804656982421875" lon="118.8240824081003665924072265625">
        <ele>9.6000003814697265625</ele>
        <time>2024-06-23T12:02:10.000Z</time>
        <extensions>
          <ns3:TrackPointExtension>
            <ns3:hr>156</ns3:hr>
            <ns3:cad>83</ns3:cad>
          </ns3:TrackPointExtension>
        </extensions>
      </trkpt>
      <trkpt lat="31.9687706418335437774658203125" lon="118.82408349774777889251708984375">
        <ele>9.6000003814697265625</ele>
        <time>2024-06-23T12:02:11.000Z</time>
        <extensions>
          <ns3:TrackPointExtension>
            <ns3:hr>156</ns3:hr>
            <ns3:cad>83</ns3:cad>
          </ns3:TrackPointExtension>
        </extensions>
      </trkpt>
      <trkpt lat="31.96877072565257549285888671875" lon="118.824084587395191192626953125">
        <ele>9.6000003814697265625</ele>
        <time>2024-06-23T12:02:12.000Z</time>
        <extensions>
          <ns3:TrackPointExtension>
            <ns3:hr>156</ns3:hr>
            <ns3:cad>0</ns3:cad>
          </ns3:TrackPointExtension>
        </extensions>
      </trkpt>
      <trkpt lat="31.96876041591167449951171875" lon="118.82408869452774524688720703125">
        <ele>9.3999996185302734375</ele>
        <time>2024-06-23T12:02:13.000Z</time>
        <extensions>
          <ns3:TrackPointExtension>
            <ns3:hr>155</ns3:hr>
            <ns3:cad>0</ns3:cad>
          </ns3:TrackPointExtension>
        </extensions>
      </trkpt>
      <trkpt lat="31.96877055801451206207275390625" lon="118.82408450357615947723388671875">
        <ele>9.3999996185302734375</ele>
        <time>2024-06-23T12:02:14.000Z</time>
        <extensions>
          <ns3:TrackPointExtension>
            <ns3:hr>154</ns3:hr>
            <ns3:cad>0</ns3:cad>
          </ns3:TrackPointExtension>
        </extensions>
      </trkpt>
      <trkpt lat="31.96877055801451206207275390625" lon="118.824084587395191192626953125">
        <ele>9.3999996185302734375</ele>
        <time>2024-06-23T12:02:15.000Z</time>
        <extensions>
          <ns3:TrackPointExtension>
            <ns3:hr>149</ns3:hr>
            <ns3:cad>0</ns3:cad>
          </ns3:TrackPointExtension>
        </extensions>
      </trkpt>
      <trkpt lat="31.9687704741954803466796875" lon="118.82408450357615947723388671875">
        <ele>9.3999996185302734375</ele>
        <time>2024-06-23T12:02:16.000Z</time>
        <extensions>
          <ns3:TrackPointExtension>
            <ns3:hr>145</ns3:hr>
            <ns3:cad>0</ns3:cad>
          </ns3:TrackPointExtension>
        </extensions>
      </trkpt>
      <trkpt lat="31.96877055801451206207275390625" lon="118.82408450357615947723388671875">
        <ele>9.3999996185302734375</ele>
        <time>2024-06-23T12:02:17.000Z</time>
        <extensions>
          <ns3:TrackPointExtension>
            <ns3:hr>144</ns3:hr>
            <ns3:cad>0</ns3:cad>
          </ns3:TrackPointExtension>
        </extensions>
      </trkpt>
      <trkpt lat="31.9687704741954803466796875" lon="118.82408433593809604644775390625">
        <ele>9.3999996185302734375</ele>
        <time>2024-06-23T12:02:18.000Z</time>
        <extensions>
          <ns3:TrackPointExtension>
            <ns3:hr>143</ns3:hr>
            <ns3:cad>0</ns3:cad>
          </ns3:TrackPointExtension>
        </extensions>
      </trkpt>
      <trkpt lat="31.96877055801451206207275390625" lon="118.8240844197571277618408203125">
        <ele>9.3999996185302734375</ele>
        <time>2024-06-23T12:02:19.000Z</time>
        <extensions>
          <ns3:TrackPointExtension>
            <ns3:hr>143</ns3:hr>
            <ns3:cad>0</ns3:cad>
          </ns3:TrackPointExtension>
        </extensions>
      </trkpt>
      <trkpt lat="31.9687704741954803466796875" lon="118.8240840844810009002685546875">
        <ele>9.19999980926513671875</ele>
        <time>2024-06-23T12:02:20.000Z</time>
        <extensions>
          <ns3:TrackPointExtension>
            <ns3:hr>143</ns3:hr>
            <ns3:cad>0</ns3:cad>
          </ns3:TrackPointExtension>
        </extensions>
      </trkpt>
      <trkpt lat="31.96876888163387775421142578125" lon="118.8240830786526203155517578125">
        <ele>9.19999980926513671875</ele>
        <time>2024-06-23T12:02:21.000Z</time>
        <extensions>
          <ns3:TrackPointExtension>
            <ns3:hr>144</ns3:hr>
            <ns3:cad>0</ns3:cad>
          </ns3:TrackPointExtension>
        </extensions>
      </trkpt>
      <trkpt lat="31.96876586414873600006103515625" lon="118.8240783847868442535400390625">
        <ele>9.19999980926513671875</ele>
        <time>2024-06-23T12:02:22.000Z</time>
        <extensions>
          <ns3:TrackPointExtension>
            <ns3:hr>143</ns3:hr>
            <ns3:cad>0</ns3:cad>
          </ns3:TrackPointExtension>
        </extensions>
      </trkpt>
      <trkpt lat="31.96876603178679943084716796875" lon="118.8240708410739898681640625">
        <ele>9.19999980926513671875</ele>
        <time>2024-06-23T12:02:23.000Z</time>
        <extensions>
          <ns3:TrackPointExtension>
            <ns3:hr>143</ns3:hr>
            <ns3:cad>0</ns3:cad>
          </ns3:TrackPointExtension>
        </extensions>
      </trkpt>
      <trkpt lat="31.96876653470098972320556640625" lon="118.8240746967494487762451171875">
        <ele>9.19999980926513671875</ele>
        <time>2024-06-23T12:02:24.000Z</time>
        <extensions>
          <ns3:TrackPointExtension>
            <ns3:hr>143</ns3:hr>
            <ns3:cad>0</ns3:cad>
          </ns3:TrackPointExtension>
        </extensions>
      </trkpt>
      <trkpt lat="31.96876578032970428466796875" lon="118.82408198900520801544189453125">
        <ele>9.3999996185302734375</ele>
        <time>2024-06-23T12:02:25.000Z</time>
        <extensions>
          <ns3:TrackPointExtension>
            <ns3:hr>144</ns3:hr>
            <ns3:cad>0</ns3:cad>
          </ns3:TrackPointExtension>
        </extensions>
      </trkpt>
      <trkpt lat="31.968764774501323699951171875" lon="118.82408819161355495452880859375">
        <ele>9.3999996185302734375</ele>
        <time>2024-06-23T12:02:26.000Z</time>
        <extensions>
          <ns3:TrackPointExtension>
            <ns3:hr>144</ns3:hr>
            <ns3:cad>0</ns3:cad>
          </ns3:TrackPointExtension>
        </extensions>
      </trkpt>
      <trkpt lat="31.968764103949069976806640625" lon="118.82408651523292064666748046875">
        <ele>9.3999996185302734375</ele>
        <time>2024-06-23T12:02:27.000Z</time>
        <extensions>
          <ns3:TrackPointExtension>
            <ns3:hr>143</ns3:hr>
            <ns3:cad>0</ns3:cad>
          </ns3:TrackPointExtension>
        </extensions>
      </trkpt>
      <trkpt lat="31.96876351721584796905517578125" lon="118.8240869343280792236328125">
        <ele>9.3999996185302734375</ele>
        <time>2024-06-23T12:02:28.000Z</time>
        <extensions>
          <ns3:TrackPointExtension>
            <ns3:hr>143</ns3:hr>
            <ns3:cad>0</ns3:cad>
          </ns3:TrackPointExtension>
        </extensions>
      </trkpt>
      <trkpt lat="31.9687625952064990997314453125" lon="118.82408014498651027679443359375">
        <ele>9.3999996185302734375</ele>
        <time>2024-06-23T12:02:29.000Z</time>
        <extensions>
          <ns3:TrackPointExtension>
            <ns3:hr>143</ns3:hr>
            <ns3:cad>0</ns3:cad>
          </ns3:TrackPointExtension>
        </extensions>
      </trkpt>
      <trkpt lat="31.9687642715871334075927734375" lon="118.82406723685562610626220703125">
        <ele>9.3999996185302734375</ele>
        <time>2024-06-23T12:02:30.000Z</time>
        <extensions>
          <ns3:TrackPointExtension>
            <ns3:hr>144</ns3:hr>
            <ns3:cad>0</ns3:cad>
          </ns3:TrackPointExtension>
        </extensions>
      </trkpt>
      <trkpt lat="31.96876888163387775421142578125" lon="118.82405181415379047393798828125">
        <ele>9.3999996185302734375</ele>
        <time>2024-06-23T12:02:31.000Z</time>
        <extensions>
          <ns3:TrackPointExtension>
            <ns3:hr>144</ns3:hr>
            <ns3:cad>0</ns3:cad>
          </ns3:TrackPointExtension>
        </extensions>
      </trkpt>
      <trkpt lat="31.968774162232875823974609375" lon="118.82403303869068622589111328125">
        <ele>9.3999996185302734375</ele>
        <time>2024-06-23T12:02:32.000Z</time>
        <extensions>
          <ns3:TrackPointExtension>
            <ns3:hr>144</ns3:hr>
            <ns3:cad>0</ns3:cad>
          </ns3:TrackPointExtension>
        </extensions>
      </trkpt>
      <trkpt lat="31.9687796942889690399169921875" lon="118.82401526905596256256103515625">
        <ele>9.3999996185302734375</ele>
        <time>2024-06-23T12:02:33.000Z</time>
        <extensions>
          <ns3:TrackPointExtension>
            <ns3:hr>144</ns3:hr>
            <ns3:cad>0</ns3:cad>
          </ns3:TrackPointExtension>
        </extensions>
      </trkpt>
      <trkpt lat="31.968787573277950286865234375" lon="118.82399079389870166778564453125">
        <ele>9.3999996185302734375</ele>
        <time>2024-06-23T12:02:34.000Z</time>
        <extensions>
          <ns3:TrackPointExtension>
            <ns3:hr>144</ns3:hr>
            <ns3:cad>0</ns3:cad>
          </ns3:TrackPointExtension>
        </extensions>
      </trkpt>
      <trkpt lat="31.9687907584011554718017578125" lon="118.82396690547466278076171875">
        <ele>9.3999996185302734375</ele>
        <time>2024-06-23T12:02:35.000Z</time>
        <extensions>
          <ns3:TrackPointExtension>
            <ns3:hr>145</ns3:hr>
            <ns3:cad>0</ns3:cad>
          </ns3:TrackPointExtension>
        </extensions>
      </trkpt>
      <trkpt lat="31.968795955181121826171875" lon="118.82394100539386272430419921875">
        <ele>9.3999996185302734375</ele>
        <time>2024-06-23T12:02:36.000Z</time>
        <extensions>
          <ns3:TrackPointExtension>
            <ns3:hr>144</ns3:hr>
            <ns3:cad>0</ns3:cad>
          </ns3:TrackPointExtension>
        </extensions>
      </trkpt>
      <trkpt lat="31.9687954522669315338134765625" lon="118.8239197991788387298583984375">
        <ele>9.3999996185302734375</ele>
        <time>2024-06-23T12:02:37.000Z</time>
        <extensions>
          <ns3:TrackPointExtension>
            <ns3:hr>144</ns3:hr>
            <ns3:cad>88</ns3:cad>
          </ns3:TrackPointExtension>
        </extensions>
      </trkpt>
      <trkpt lat="31.9687991403043270111083984375" lon="118.823889791965484619140625">
        <ele>9.3999996185302734375</ele>
        <time>2024-06-23T12:02:38.000Z</time>
        <extensions>
          <ns3:TrackPointExtension>
            <ns3:hr>144</ns3:hr>
            <ns3:cad>88</ns3:cad>
          </ns3:TrackPointExtension>
        </extensions>
      </trkpt>
      <trkpt lat="31.96880341507494449615478515625" lon="118.82386657409369945526123046875">
        <ele>9.19999980926513671875</ele>
        <time>2024-06-23T12:02:39.000Z</time>
        <extensions>
          <ns3:TrackPointExtension>
            <ns3:hr>144</ns3:hr>
            <ns3:cad>87</ns3:cad>
          </ns3:TrackPointExtension>
        </extensions>
      </trkpt>
      <trkpt lat="31.968810372054576873779296875" lon="118.823839835822582244873046875">
        <ele>9.19999980926513671875</ele>
        <time>2024-06-23T12:02:40.000Z</time>
        <extensions>
          <ns3:TrackPointExtension>
            <ns3:hr>143</ns3:hr>
            <ns3:cad>87</ns3:cad>
          </ns3:TrackPointExtension>
        </extensions>
      </trkpt>
      <trkpt lat="31.96881540119647979736328125" lon="118.8238187134265899658203125">
        <ele>9.19999980926513671875</ele>
        <time>2024-06-23T12:02:41.000Z</time>
        <extensions>
          <ns3:TrackPointExtension>
            <ns3:hr>143</ns3:hr>
            <ns3:cad>87</ns3:cad>
          </ns3:TrackPointExtension>
        </extensions>
      </trkpt>
      <trkpt lat="31.96882168762385845184326171875" lon="118.82379256188869476318359375">
        <ele>9.3999996185302734375</ele>
        <time>2024-06-23T12:02:42.000Z</time>
        <extensions>
          <ns3:TrackPointExtension>
            <ns3:hr>143</ns3:hr>
            <ns3:cad>87</ns3:cad>
          </ns3:TrackPointExtension>
        </extensions>
      </trkpt>
      <trkpt lat="31.96882956661283969879150390625" lon="118.8237672485411167144775390625">
        <ele>9.3999996185302734375</ele>
        <time>2024-06-23T12:02:43.000Z</time>
        <extensions>
          <ns3:TrackPointExtension>
            <ns3:hr>143</ns3:hr>
            <ns3:cad>89</ns3:cad>
          </ns3:TrackPointExtension>
        </extensions>
      </trkpt>
      <trkpt lat="31.96883811615407466888427734375" lon="118.823743946850299835205078125">
        <ele>9.19999980926513671875</ele>
        <time>2024-06-23T12:02:44.000Z</time>
        <extensions>
          <ns3:TrackPointExtension>
            <ns3:hr>143</ns3:hr>
            <ns3:cad>89</ns3:cad>
          </ns3:TrackPointExtension>
        </extensions>
      </trkpt>
      <trkpt lat="31.9688504375517368316650390625" lon="118.82371746003627777099609375">
        <ele>9.19999980926513671875</ele>
        <time>2024-06-23T12:02:45.000Z</time>
        <extensions>
          <ns3:TrackPointExtension>
            <ns3:hr>143</ns3:hr>
            <ns3:cad>89</ns3:cad>
          </ns3:TrackPointExtension>
        </extensions>
      </trkpt>
      <trkpt lat="31.968851946294307708740234375" lon="118.82368368096649646759033203125">
        <ele>9.19999980926513671875</ele>
        <time>2024-06-23T12:02:46.000Z</time>
        <extensions>
          <ns3:TrackPointExtension>
            <ns3:hr>142</ns3:hr>
            <ns3:cad>89</ns3:cad>
          </ns3:TrackPointExtension>
        </extensions>
      </trkpt>
      <trkpt lat="31.96885923855006694793701171875" lon="118.8236579485237598419189453125">
        <ele>9.19999980926513671875</ele>
        <time>2024-06-23T12:02:47.000Z</time>
        <extensions>
          <ns3:TrackPointExtension>
            <ns3:hr>141</ns3:hr>
            <ns3:cad>88</ns3:cad>
          </ns3:TrackPointExtension>
        </extensions>
      </trkpt>
      <trkpt lat="31.9688611663877964019775390625" lon="118.8236381672322750091552734375">
        <ele>9.19999980926513671875</ele>
        <time>2024-06-23T12:02:48.000Z</time>
        <extensions>
          <ns3:TrackPointExtension>
            <ns3:hr>141</ns3:hr>
            <ns3:cad>88</ns3:cad>
          </ns3:TrackPointExtension>
        </extensions>
      </trkpt>
      <trkpt lat="31.96886510588228702545166015625" lon="118.82361687719821929931640625">
        <ele>9.19999980926513671875</ele>
        <time>2024-06-23T12:02:49.000Z</time>
        <extensions>
          <ns3:TrackPointExtension>
            <ns3:hr>141</ns3:hr>
            <ns3:cad>88</ns3:cad>
          </ns3:TrackPointExtension>
        </extensions>
      </trkpt>
      <trkpt lat="31.9688678719103336334228515625" lon="118.8235929049551486968994140625">
        <ele>9</ele>
        <time>2024-06-23T12:02:50.000Z</time>
        <extensions>
          <ns3:TrackPointExtension>
            <ns3:hr>141</ns3:hr>
            <ns3:cad>86</ns3:cad>
          </ns3:TrackPointExtension>
        </extensions>
      </trkpt>
      <trkpt lat="31.96887097321450710296630859375" lon="118.82357421331107616424560546875">
        <ele>9</ele>
        <time>2024-06-23T12:02:51.000Z</time>
        <extensions>
          <ns3:TrackPointExtension>
            <ns3:hr>141</ns3:hr>
            <ns3:cad>86</ns3:cad>
          </ns3:TrackPointExtension>
        </extensions>
      </trkpt>
      <trkpt lat="31.9688739068806171417236328125" lon="118.82355225272476673126220703125">
        <ele>9</ele>
        <time>2024-06-23T12:02:52.000Z</time>
        <extensions>
          <ns3:TrackPointExtension>
            <ns3:hr>141</ns3:hr>
            <ns3:cad>87</ns3:cad>
          </ns3:TrackPointExtension>
        </extensions>
      </trkpt>
      <trkpt lat="31.9688755832612514495849609375" lon="118.823535405099391937255859375">
        <ele>8.80000019073486328125</ele>
        <time>2024-06-23T12:02:53.000Z</time>
        <extensions>
          <ns3:TrackPointExtension>
            <ns3:hr>140</ns3:hr>
            <ns3:cad>87</ns3:cad>
          </ns3:TrackPointExtension>
        </extensions>
      </trkpt>
      <trkpt lat="31.96887667290866374969482421875" lon="118.82351553998887538909912109375">
        <ele>8.80000019073486328125</ele>
        <time>2024-06-23T12:02:54.000Z</time>
        <extensions>
          <ns3:TrackPointExtension>
            <ns3:hr>140</ns3:hr>
            <ns3:cad>87</ns3:cad>
          </ns3:TrackPointExtension>
        </extensions>
      </trkpt>
      <trkpt lat="31.968878097832202911376953125" lon="118.82349751889705657958984375">
        <ele>8.80000019073486328125</ele>
        <time>2024-06-23T12:02:55.000Z</time>
        <extensions>
          <ns3:TrackPointExtension>
            <ns3:hr>139</ns3:hr>
            <ns3:cad>87</ns3:cad>
          </ns3:TrackPointExtension>
        </extensions>
      </trkpt>
      <trkpt lat="31.9688853062689304351806640625" lon="118.8234752230346202850341796875">
        <ele>8.80000019073486328125</ele>
        <time>2024-06-23T12:02:56.000Z</time>
        <extensions>
          <ns3:TrackPointExtension>
            <ns3:hr>139</ns3:hr>
            <ns3:cad>87</ns3:cad>
          </ns3:TrackPointExtension>
        </extensions>
      </trkpt>
      <trkpt lat="31.96888907812535762786865234375" lon="118.82345686666667461395263671875">
        <ele>8.80000019073486328125</ele>
        <time>2024-06-23T12:02:57.000Z</time>
        <extensions>
          <ns3:TrackPointExtension>
            <ns3:hr>139</ns3:hr>
            <ns3:cad>86</ns3:cad>
          </ns3:TrackPointExtension>
        </extensions>
      </trkpt>
      <trkpt lat="31.9688983820378780364990234375" lon="118.82342417724430561065673828125">
        <ele>8.80000019073486328125</ele>
        <time>2024-06-23T12:02:58.000Z</time>
        <extensions>
          <ns3:TrackPointExtension>
            <ns3:hr>138</ns3:hr>
            <ns3:cad>86</ns3:cad>
          </ns3:TrackPointExtension>
        </extensions>
      </trkpt>
      <trkpt lat="31.96890668012201786041259765625" lon="118.823396600782871246337890625">
        <ele>9</ele>
        <time>2024-06-23T12:02:59.000Z</time>
        <extensions>
          <ns3:TrackPointExtension>
            <ns3:hr>138</ns3:hr>
            <ns3:cad>86</ns3:cad>
          </ns3:TrackPointExtension>
        </extensions>
      </trkpt>
      <trkpt lat="31.96891590021550655364990234375" lon="118.8233645819127559661865234375">
        <ele>9</ele>
        <time>2024-06-23T12:03:00.000Z</time>
        <extensions>
          <ns3:TrackPointExtension>
            <ns3:hr>139</ns3:hr>
            <ns3:cad>87</ns3:cad>
          </ns3:TrackPointExtension>
        </extensions>
      </trkpt>
      <trkpt lat="31.968920342624187469482421875" lon="118.82333817891776561737060546875">
        <ele>9</ele>
        <time>2024-06-23T12:03:01.000Z</time>
        <extensions>
          <ns3:TrackPointExtension>
            <ns3:hr>139</ns3:hr>
            <ns3:cad>87</ns3:cad>
          </ns3:TrackPointExtension>
        </extensions>
      </trkpt>
      <trkpt lat="31.9689241982996463775634765625" lon="118.8233072496950626373291015625">
        <ele>9.19999980926513671875</ele>
        <time>2024-06-23T12:03:02.000Z</time>
        <extensions>
          <ns3:TrackPointExtension>
            <ns3:hr>139</ns3:hr>
            <ns3:cad>87</ns3:cad>
          </ns3:TrackPointExtension>
        </extensions>
      </trkpt>
      <trkpt lat="31.9689285568892955780029296875" lon="118.8232794217765331268310546875">
        <ele>9.19999980926513671875</ele>
        <time>2024-06-23T12:03:03.000Z</time>
        <extensions>
          <ns3:TrackPointExtension>
            <ns3:hr>139</ns3:hr>
            <ns3:cad>87</ns3:cad>
          </ns3:TrackPointExtension>
        </extensions>
      </trkpt>
      <trkpt lat="31.9689315743744373321533203125" lon="118.82325586862862110137939453125">
        <ele>9.19999980926513671875</ele>
        <time>2024-06-23T12:03:04.000Z</time>
        <extensions>
          <ns3:TrackPointExtension>
            <ns3:hr>139</ns3:hr>
            <ns3:cad>87</ns3:cad>
          </ns3:TrackPointExtension>
        </extensions>
      </trkpt>
      <trkpt lat="31.96893341839313507080078125" lon="118.8232284598052501678466796875">
        <ele>9.19999980926513671875</ele>
        <time>2024-06-23T12:03:05.000Z</time>
        <extensions>
          <ns3:TrackPointExtension>
            <ns3:hr>139</ns3:hr>
            <ns3:cad>87</ns3:cad>
          </ns3:TrackPointExtension>
        </extensions>
      </trkpt>
      <trkpt lat="31.96893450804054737091064453125" lon="118.82320071570575237274169921875">
        <ele>9.19999980926513671875</ele>
        <time>2024-06-23T12:03:06.000Z</time>
        <extensions>
          <ns3:TrackPointExtension>
            <ns3:hr>139</ns3:hr>
            <ns3:cad>87</ns3:cad>
          </ns3:TrackPointExtension>
        </extensions>
      </trkpt>
      <trkpt lat="31.968937776982784271240234375" lon="118.82317087613046169281005859375">
        <ele>9.19999980926513671875</ele>
        <time>2024-06-23T12:03:07.000Z</time>
        <extensions>
          <ns3:TrackPointExtension>
            <ns3:hr>139</ns3:hr>
            <ns3:cad>87</ns3:cad>
          </ns3:TrackPointExtension>
        </extensions>
      </trkpt>
      <trkpt lat="31.96893752552568912506103515625" lon="118.82313785143196582794189453125">
        <ele>9.19999980926513671875</ele>
        <time>2024-06-23T12:03:08.000Z</time>
        <extensions>
          <ns3:TrackPointExtension>
            <ns3:hr>139</ns3:hr>
            <ns3:cad>87</ns3:cad>
          </ns3:TrackPointExtension>
        </extensions>
      </trkpt>
      <trkpt lat="31.9689359329640865325927734375" lon="118.82310885004699230194091796875">
        <ele>9.19999980926513671875</ele>
        <time>2024-06-23T12:03:09.000Z</time>
        <extensions>
          <ns3:TrackPointExtension>
            <ns3:hr>138</ns3:hr>
            <ns3:cad>87</ns3:cad>
          </ns3:TrackPointExtension>
        </extensions>
      </trkpt>
      <trkpt lat="31.96893450804054737091064453125" lon="118.8230839557945728302001953125">
        <ele>9.19999980926513671875</ele>
        <time>2024-06-23T12:03:10.000Z</time>
        <extensions>
          <ns3:TrackPointExtension>
            <ns3:hr>138</ns3:hr>
            <ns3:cad>87</ns3:cad>
          </ns3:TrackPointExtension>
        </extensions>
      </trkpt>
      <trkpt lat="31.9689315743744373321533203125" lon="118.8230534456670284271240234375">
        <ele>9.19999980926513671875</ele>
        <time>2024-06-23T12:03:11.000Z</time>
        <extensions>
          <ns3:TrackPointExtension>
            <ns3:hr>138</ns3:hr>
            <ns3:cad>87</ns3:cad>
          </ns3:TrackPointExtension>
        </extensions>
      </trkpt>
      <trkpt lat="31.968929059803485870361328125" lon="118.82302486337721347808837890625">
        <ele>9.19999980926513671875</ele>
        <time>2024-06-23T12:03:12.000Z</time>
        <extensions>
          <ns3:TrackPointExtension>
            <ns3:hr>139</ns3:hr>
            <ns3:cad>87</ns3:cad>
          </ns3:TrackPointExtension>
        </extensions>
      </trkpt>
      <trkpt lat="31.968924365937709808349609375" lon="118.8229947723448276519775390625">
        <ele>9.19999980926513671875</ele>
        <time>2024-06-23T12:03:13.000Z</time>
        <extensions>
          <ns3:TrackPointExtension>
            <ns3:hr>139</ns3:hr>
            <ns3:cad>87</ns3:cad>
          </ns3:TrackPointExtension>
        </extensions>
      </trkpt>
      <trkpt lat="31.96891942061483860015869140625" lon="118.82296434603631496429443359375">
        <ele>9.19999980926513671875</ele>
        <time>2024-06-23T12:03:14.000Z</time>
        <extensions>
          <ns3:TrackPointExtension>
            <ns3:hr>139</ns3:hr>
            <ns3:cad>87</ns3:cad>
          </ns3:TrackPointExtension>
        </extensions>
      </trkpt>
      <trkpt lat="31.96891388855874538421630859375" lon="118.822932578623294830322265625">
        <ele>9</ele>
        <time>2024-06-23T12:03:15.000Z</time>
        <extensions>
          <ns3:TrackPointExtension>
            <ns3:hr>139</ns3:hr>
            <ns3:cad>87</ns3:cad>
          </ns3:TrackPointExtension>
        </extensions>
      </trkpt>
      <trkpt lat="31.96891137398779392242431640625" lon="118.82290936075150966644287109375">
        <ele>9</ele>
        <time>2024-06-23T12:03:16.000Z</time>
        <extensions>
          <ns3:TrackPointExtension>
            <ns3:hr>139</ns3:hr>
            <ns3:cad>87</ns3:cad>
          </ns3:TrackPointExtension>
        </extensions>
      </trkpt>
      <trkpt lat="31.9689070992171764373779296875" lon="118.82288438268005847930908203125">
        <ele>9</ele>
        <time>2024-06-23T12:03:17.000Z</time>
        <extensions>
          <ns3:TrackPointExtension>
            <ns3:hr>139</ns3:hr>
            <ns3:cad>87</ns3:cad>
          </ns3:TrackPointExtension>
        </extensions>
      </trkpt>
      <trkpt lat="31.96890282444655895233154296875" lon="118.82285471074283123016357421875">
        <ele>9</ele>
        <time>2024-06-23T12:03:18.000Z</time>
        <extensions>
          <ns3:TrackPointExtension>
            <ns3:hr>140</ns3:hr>
            <ns3:cad>87</ns3:cad>
          </ns3:TrackPointExtension>
        </extensions>
      </trkpt>
      <trkpt lat="31.96889511309564113616943359375" lon="118.82283358834683895111083984375">
        <ele>9</ele>
        <time>2024-06-23T12:03:19.000Z</time>
        <extensions>
          <ns3:TrackPointExtension>
            <ns3:hr>140</ns3:hr>
            <ns3:cad>87</ns3:cad>
          </ns3:TrackPointExtension>
        </extensions>
      </trkpt>
      <trkpt lat="31.96888237260282039642333984375" lon="118.82280576042830944061279296875">
        <ele>9</ele>
        <time>2024-06-23T12:03:20.000Z</time>
        <extensions>
          <ns3:TrackPointExtension>
            <ns3:hr>140</ns3:hr>
            <ns3:cad>87</ns3:cad>
          </ns3:TrackPointExtension>
        </extensions>
      </trkpt>
      <trkpt lat="31.9688702188432216644287109375" lon="118.82278094999492168426513671875">
        <ele>9</ele>
        <time>2024-06-23T12:03:21.000Z</time>
        <extensions>
          <ns3:TrackPointExtension>
            <ns3:hr>140</ns3:hr>
            <ns3:cad>87</ns3:cad>
          </ns3:TrackPointExtension>
        </extensions>
      </trkpt>
      <trkpt lat="31.9688568077981472015380859375" lon="118.8227486796677112579345703125">
        <ele>9</ele>
        <time>2024-06-23T12:03:22.000Z</time>
        <extensions>
          <ns3:TrackPointExtension>
            <ns3:hr>140</ns3:hr>
            <ns3:cad>87</ns3:cad>
          </ns3:TrackPointExtension>
        </extensions>
      </trkpt>
      <trkpt lat="31.96884213946759700775146484375" lon="118.8227191753685474395751953125">
        <ele>9</ele>
        <time>2024-06-23T12:03:23.000Z</time>
        <extensions>
          <ns3:TrackPointExtension>
            <ns3:hr>140</ns3:hr>
            <ns3:cad>87</ns3:cad>
          </ns3:TrackPointExtension>
        </extensions>
      </trkpt>
      <trkpt lat="31.9688294827938079833984375" lon="118.8226975500583648681640625">
        <ele>9.19999980926513671875</ele>
        <time>2024-06-23T12:03:24.000Z</time>
        <extensions>
          <ns3:TrackPointExtension>
            <ns3:hr>140</ns3:hr>
            <ns3:cad>87</ns3:cad>
          </ns3:TrackPointExtension>
        </extensions>
      </trkpt>
      <trkpt lat="31.968817077577114105224609375" lon="118.822673745453357696533203125">
        <ele>9.19999980926513671875</ele>
        <time>2024-06-23T12:03:25.000Z</time>
        <extensions>
          <ns3:TrackPointExtension>
            <ns3:hr>141</ns3:hr>
            <ns3:cad>87</ns3:cad>
          </ns3:TrackPointExtension>
        </extensions>
      </trkpt>
      <trkpt lat="31.968805678188800811767578125" lon="118.82265128195285797119140625">
        <ele>9.19999980926513671875</ele>
        <time>2024-06-23T12:03:26.000Z</time>
        <extensions>
          <ns3:TrackPointExtension>
            <ns3:hr>141</ns3:hr>
            <ns3:cad>87</ns3:cad>
          </ns3:TrackPointExtension>
        </extensions>
      </trkpt>
      <trkpt lat="31.968795619904994964599609375" lon="118.822634518146514892578125">
        <ele>9.19999980926513671875</ele>
        <time>2024-06-23T12:03:27.000Z</time>
        <extensions>
          <ns3:TrackPointExtension>
            <ns3:hr>141</ns3:hr>
            <ns3:cad>87</ns3:cad>
          </ns3:TrackPointExtension>
        </extensions>
      </trkpt>
      <trkpt lat="31.968781538307666778564453125" lon="118.82261649705469608306884765625">
        <ele>9.19999980926513671875</ele>
        <time>2024-06-23T12:03:28.000Z</time>
        <extensions>
          <ns3:TrackPointExtension>
            <ns3:hr>141</ns3:hr>
            <ns3:cad>89</ns3:cad>
          </ns3:TrackPointExtension>
        </extensions>
      </trkpt>
      <trkpt lat="31.96876586414873600006103515625" lon="118.82259386591613292694091796875">
        <ele>9</ele>
        <time>2024-06-23T12:03:29.000Z</time>
        <extensions>
          <ns3:TrackPointExtension>
            <ns3:hr>141</ns3:hr>
            <ns3:cad>89</ns3:cad>
          </ns3:TrackPointExtension>
        </extensions>
      </trkpt>
      <trkpt lat="31.9687528721988201141357421875" lon="118.822577185928821563720703125">
        <ele>9</ele>
        <time>2024-06-23T12:03:30.000Z</time>
        <extensions>
          <ns3:TrackPointExtension>
            <ns3:hr>141</ns3:hr>
            <ns3:cad>87</ns3:cad>
          </ns3:TrackPointExtension>
        </extensions>
      </trkpt>
      <trkpt lat="31.9687347672879695892333984375" lon="118.82255312986671924591064453125">
        <ele>9</ele>
        <time>2024-06-23T12:03:31.000Z</time>
        <extensions>
          <ns3:TrackPointExtension>
            <ns3:hr>142</ns3:hr>
            <ns3:cad>87</ns3:cad>
          </ns3:TrackPointExtension>
        </extensions>
      </trkpt>
      <trkpt lat="31.96871624328196048736572265625" lon="118.82253234274685382843017578125">
        <ele>8.80000019073486328125</ele>
        <time>2024-06-23T12:03:32.000Z</time>
        <extensions>
          <ns3:TrackPointExtension>
            <ns3:hr>141</ns3:hr>
            <ns3:cad>87</ns3:cad>
          </ns3:TrackPointExtension>
        </extensions>
      </trkpt>
      <trkpt lat="31.96869813837110996246337890625" lon="118.8225072808563709259033203125">
        <ele>8.80000019073486328125</ele>
        <time>2024-06-23T12:03:33.000Z</time>
        <extensions>
          <ns3:TrackPointExtension>
            <ns3:hr>141</ns3:hr>
            <ns3:cad>87</ns3:cad>
          </ns3:TrackPointExtension>
        </extensions>
      </trkpt>
      <trkpt lat="31.9686814583837985992431640625" lon="118.82249009795486927032470703125">
        <ele>8.80000019073486328125</ele>
        <time>2024-06-23T12:03:34.000Z</time>
        <extensions>
          <ns3:TrackPointExtension>
            <ns3:hr>141</ns3:hr>
            <ns3:cad>87</ns3:cad>
          </ns3:TrackPointExtension>
        </extensions>
      </trkpt>
      <trkpt lat="31.96866125799715518951416015625" lon="118.8224717415869235992431640625">
        <ele>8.80000019073486328125</ele>
        <time>2024-06-23T12:03:35.000Z</time>
        <extensions>
          <ns3:TrackPointExtension>
            <ns3:hr>141</ns3:hr>
            <ns3:cad>87</ns3:cad>
          </ns3:TrackPointExtension>
        </extensions>
      </trkpt>
      <trkpt lat="31.96864114142954349517822265625" lon="118.82245673798024654388427734375">
        <ele>8.80000019073486328125</ele>
        <time>2024-06-23T12:03:36.000Z</time>
        <extensions>
          <ns3:TrackPointExtension>
            <ns3:hr>141</ns3:hr>
            <ns3:cad>87</ns3:cad>
          </ns3:TrackPointExtension>
        </extensions>
      </trkpt>
      <trkpt lat="31.96862169541418552398681640625" lon="118.8224455900490283966064453125">
        <ele>8.80000019073486328125</ele>
        <time>2024-06-23T12:03:37.000Z</time>
        <extensions>
          <ns3:TrackPointExtension>
            <ns3:hr>141</ns3:hr>
            <ns3:cad>87</ns3:cad>
          </ns3:TrackPointExtension>
        </extensions>
      </trkpt>
      <trkpt lat="31.968602836132049560546875" lon="118.82243041880428791046142578125">
        <ele>8.80000019073486328125</ele>
        <time>2024-06-23T12:03:38.000Z</time>
        <extensions>
          <ns3:TrackPointExtension>
            <ns3:hr>140</ns3:hr>
            <ns3:cad>87</ns3:cad>
          </ns3:TrackPointExtension>
        </extensions>
      </trkpt>
      <trkpt lat="31.96858129464089870452880859375" lon="118.8224174268543720245361328125">
        <ele>8.80000019073486328125</ele>
        <time>2024-06-23T12:03:39.000Z</time>
        <extensions>
          <ns3:TrackPointExtension>
            <ns3:hr>141</ns3:hr>
            <ns3:cad>87</ns3:cad>
          </ns3:TrackPointExtension>
        </extensions>
      </trkpt>
      <trkpt lat="31.9685580767691135406494140625" lon="118.822401501238346099853515625">
        <ele>8.80000019073486328125</ele>
        <time>2024-06-23T12:03:40.000Z</time>
        <extensions>
          <ns3:TrackPointExtension>
            <ns3:hr>141</ns3:hr>
            <ns3:cad>87</ns3:cad>
          </ns3:TrackPointExtension>
        </extensions>
      </trkpt>
      <trkpt lat="31.96853385306894779205322265625" lon="118.8223909400403499603271484375">
        <ele>8.80000019073486328125</ele>
        <time>2024-06-23T12:03:41.000Z</time>
        <extensions>
          <ns3:TrackPointExtension>
            <ns3:hr>142</ns3:hr>
            <ns3:cad>87</ns3:cad>
          </ns3:TrackPointExtension>
        </extensions>
      </trkpt>
      <trkpt lat="31.9685074500739574432373046875" lon="118.82238012738525867462158203125">
        <ele>8.80000019073486328125</ele>
        <time>2024-06-23T12:03:42.000Z</time>
        <extensions>
          <ns3:TrackPointExtension>
            <ns3:hr>142</ns3:hr>
            <ns3:cad>87</ns3:cad>
          </ns3:TrackPointExtension>
        </extensions>
      </trkpt>
      <trkpt lat="31.9684816338121891021728515625" lon="118.822371661663055419921875">
        <ele>8.80000019073486328125</ele>
        <time>2024-06-23T12:03:43.000Z</time>
        <extensions>
          <ns3:TrackPointExtension>
            <ns3:hr>143</ns3:hr>
            <ns3:cad>87</ns3:cad>
          </ns3:TrackPointExtension>
        </extensions>
      </trkpt>
      <trkpt lat="31.96845330297946929931640625" lon="118.82236160337924957275390625">
        <ele>9</ele>
        <time>2024-06-23T12:03:44.000Z</time>
        <extensions>
          <ns3:TrackPointExtension>
            <ns3:hr>144</ns3:hr>
            <ns3:cad>87</ns3:cad>
          </ns3:TrackPointExtension>
        </extensions>
      </trkpt>
      <trkpt lat="31.96843159385025501251220703125" lon="118.82235498167574405670166015625">
        <ele>8.80000019073486328125</ele>
        <time>2024-06-23T12:03:45.000Z</time>
        <extensions>
          <ns3:TrackPointExtension>
            <ns3:hr>145</ns3:hr>
            <ns3:cad>87</ns3:cad>
          </ns3:TrackPointExtension>
        </extensions>
      </trkpt>
      <trkpt lat="31.96840560995042324066162109375" lon="118.8223473541438579559326171875">
        <ele>9</ele>
        <time>2024-06-23T12:03:46.000Z</time>
        <extensions>
          <ns3:TrackPointExtension>
            <ns3:hr>146</ns3:hr>
            <ns3:cad>87</ns3:cad>
          </ns3:TrackPointExtension>
        </extensions>
      </trkpt>
      <trkpt lat="31.9683842360973358154296875" lon="118.82234173826873302459716796875">
        <ele>9</ele>
        <time>2024-06-23T12:03:47.000Z</time>
        <extensions>
          <ns3:TrackPointExtension>
            <ns3:hr>147</ns3:hr>
            <ns3:cad>87</ns3:cad>
          </ns3:TrackPointExtension>
        </extensions>
      </trkpt>
      <trkpt lat="31.96835883893072605133056640625" lon="118.82233553566038608551025390625">
        <ele>9</ele>
        <time>2024-06-23T12:03:48.000Z</time>
        <extensions>
          <ns3:TrackPointExtension>
            <ns3:hr>148</ns3:hr>
            <ns3:cad>87</ns3:cad>
          </ns3:TrackPointExtension>
        </extensions>
      </trkpt>
      <trkpt lat="31.968328244984149932861328125" lon="118.82233520038425922393798828125">
        <ele>9</ele>
        <time>2024-06-23T12:03:49.000Z</time>
        <extensions>
          <ns3:TrackPointExtension>
            <ns3:hr>149</ns3:hr>
            <ns3:cad>87</ns3:cad>
          </ns3:TrackPointExtension>
        </extensions>
      </trkpt>
      <trkpt lat="31.96830846369266510009765625" lon="118.82233142852783203125">
        <ele>9</ele>
        <time>2024-06-23T12:03:50.000Z</time>
        <extensions>
          <ns3:TrackPointExtension>
            <ns3:hr>150</ns3:hr>
            <ns3:cad>87</ns3:cad>
          </ns3:TrackPointExtension>
        </extensions>
      </trkpt>
      <trkpt lat="31.9682851620018482208251953125" lon="118.8223275728523731231689453125">
        <ele>9</ele>
        <time>2024-06-23T12:03:51.000Z</time>
        <extensions>
          <ns3:TrackPointExtension>
            <ns3:hr>150</ns3:hr>
            <ns3:cad>86</ns3:cad>
          </ns3:TrackPointExtension>
        </extensions>
      </trkpt>
      <trkpt lat="31.9682613573968410491943359375" lon="118.82232539355754852294921875">
        <ele>9</ele>
        <time>2024-06-23T12:03:52.000Z</time>
        <extensions>
          <ns3:TrackPointExtension>
            <ns3:hr>150</ns3:hr>
            <ns3:cad>86</ns3:cad>
          </ns3:TrackPointExtension>
        </extensions>
      </trkpt>
      <trkpt lat="31.96823663078248500823974609375" lon="118.82232245989143848419189453125">
        <ele>9</ele>
        <time>2024-06-23T12:03:53.000Z</time>
        <extensions>
          <ns3:TrackPointExtension>
            <ns3:hr>150</ns3:hr>
            <ns3:cad>86</ns3:cad>
          </ns3:TrackPointExtension>
        </extensions>
      </trkpt>
      <trkpt lat="31.96821534074842929840087890625" lon="118.82231994532048702239990234375">
        <ele>9</ele>
        <time>2024-06-23T12:03:54.000Z</time>
        <extensions>
          <ns3:TrackPointExtension>
            <ns3:hr>150</ns3:hr>
            <ns3:cad>87</ns3:cad>
          </ns3:TrackPointExtension>
        </extensions>
      </trkpt>
      <trkpt lat="31.96819270960986614227294921875" lon="118.8223206996917724609375">
        <ele>9</ele>
        <time>2024-06-23T12:03:55.000Z</time>
        <extensions>
          <ns3:TrackPointExtension>
            <ns3:hr>151</ns3:hr>
            <ns3:cad>87</ns3:cad>
          </ns3:TrackPointExtension>
        </extensions>
      </trkpt>
      <trkpt lat="31.9681711681187152862548828125" lon="118.822323381900787353515625">
        <ele>9</ele>
        <time>2024-06-23T12:03:56.000Z</time>
        <extensions>
          <ns3:TrackPointExtension>
            <ns3:hr>151</ns3:hr>
            <ns3:cad>87</ns3:cad>
          </ns3:TrackPointExtension>
        </extensions>
      </trkpt>
      <trkpt lat="31.968147866427898406982421875" lon="118.822324387729167938232421875">
        <ele>9</ele>
        <time>2024-06-23T12:03:57.000Z</time>
        <extensions>
          <ns3:TrackPointExtension>
            <ns3:hr>151</ns3:hr>
            <ns3:cad>87</ns3:cad>
          </ns3:TrackPointExtension>
        </extensions>
      </trkpt>
      <trkpt lat="31.968125067651271820068359375" lon="118.82232430391013622283935546875">
        <ele>9</ele>
        <time>2024-06-23T12:03:58.000Z</time>
        <extensions>
          <ns3:TrackPointExtension>
            <ns3:hr>151</ns3:hr>
            <ns3:cad>87</ns3:cad>
          </ns3:TrackPointExtension>
        </extensions>
      </trkpt>
      <trkpt lat="31.968095563352108001708984375" lon="118.8223274052143096923828125">
        <ele>9</ele>
        <time>2024-06-23T12:03:59.000Z</time>
        <extensions>
          <ns3:TrackPointExtension>
            <ns3:hr>151</ns3:hr>
            <ns3:cad>87</ns3:cad>
          </ns3:TrackPointExtension>
        </extensions>
      </trkpt>
      <trkpt lat="31.9680689089000225067138671875" lon="118.82232782430946826934814453125">
        <ele>9</ele>
        <time>2024-06-23T12:04:00.000Z</time>
        <extensions>
          <ns3:TrackPointExtension>
            <ns3:hr>152</ns3:hr>
            <ns3:cad>87</ns3:cad>
          </ns3:TrackPointExtension>
        </extensions>
      </trkpt>
      <trkpt lat="31.96803965605795383453369140625" lon="118.82233201526105403900146484375">
        <ele>9</ele>
        <time>2024-06-23T12:04:01.000Z</time>
        <extensions>
          <ns3:TrackPointExtension>
            <ns3:hr>152</ns3:hr>
            <ns3:cad>86</ns3:cad>
          </ns3:TrackPointExtension>
        </extensions>
      </trkpt>
      <trkpt lat="31.96800998412072658538818359375" lon="118.822334110736846923828125">
        <ele>8.80000019073486328125</ele>
        <time>2024-06-23T12:04:02.000Z</time>
        <extensions>
          <ns3:TrackPointExtension>
            <ns3:hr>152</ns3:hr>
            <ns3:cad>87</ns3:cad>
          </ns3:TrackPointExtension>
        </extensions>
      </trkpt>
      <trkpt lat="31.96798383258283138275146484375" lon="118.82233721204102039337158203125">
        <ele>8.80000019073486328125</ele>
        <time>2024-06-23T12:04:03.000Z</time>
        <extensions>
          <ns3:TrackPointExtension>
            <ns3:hr>152</ns3:hr>
            <ns3:cad>88</ns3:cad>
          </ns3:TrackPointExtension>
        </extensions>
      </trkpt>
      <trkpt lat="31.96795633994042873382568359375" lon="118.8223381340503692626953125">
        <ele>8.80000019073486328125</ele>
        <time>2024-06-23T12:04:04.000Z</time>
        <extensions>
          <ns3:TrackPointExtension>
            <ns3:hr>152</ns3:hr>
            <ns3:cad>88</ns3:cad>
          </ns3:TrackPointExtension>
        </extensions>
      </trkpt>
      <trkpt lat="31.96793337352573871612548828125" lon="118.82233880460262298583984375">
        <ele>8.80000019073486328125</ele>
        <time>2024-06-23T12:04:05.000Z</time>
        <extensions>
          <ns3:TrackPointExtension>
            <ns3:hr>152</ns3:hr>
            <ns3:cad>88</ns3:cad>
          </ns3:TrackPointExtension>
        </extensions>
      </trkpt>
      <trkpt lat="31.9679056294262409210205078125" lon="118.82233746349811553955078125">
        <ele>8.80000019073486328125</ele>
        <time>2024-06-23T12:04:06.000Z</time>
        <extensions>
          <ns3:TrackPointExtension>
            <ns3:hr>152</ns3:hr>
            <ns3:cad>87</ns3:cad>
          </ns3:TrackPointExtension>
        </extensions>
      </trkpt>
      <trkpt lat="31.96787931025028228759765625" lon="118.8223372958600521087646484375">
        <ele>8.80000019073486328125</ele>
        <time>2024-06-23T12:04:07.000Z</time>
        <extensions>
          <ns3:TrackPointExtension>
            <ns3:hr>152</ns3:hr>
            <ns3:cad>87</ns3:cad>
          </ns3:TrackPointExtension>
        </extensions>
      </trkpt>
      <trkpt lat="31.96785324253141880035400390625" lon="118.82233570329844951629638671875">
        <ele>8.80000019073486328125</ele>
        <time>2024-06-23T12:04:08.000Z</time>
        <extensions>
          <ns3:TrackPointExtension>
            <ns3:hr>152</ns3:hr>
            <ns3:cad>87</ns3:cad>
          </ns3:TrackPointExtension>
        </extensions>
      </trkpt>
      <trkpt lat="31.967828013002872467041015625" lon="118.82233117707073688507080078125">
        <ele>8.80000019073486328125</ele>
        <time>2024-06-23T12:04:09.000Z</time>
        <extensions>
          <ns3:TrackPointExtension>
            <ns3:hr>152</ns3:hr>
            <ns3:cad>87</ns3:cad>
          </ns3:TrackPointExtension>
        </extensions>
      </trkpt>
      <trkpt lat="31.96780580095946788787841796875" lon="118.82232698611915111541748046875">
        <ele>8.80000019073486328125</ele>
        <time>2024-06-23T12:04:10.000Z</time>
        <extensions>
          <ns3:TrackPointExtension>
            <ns3:hr>153</ns3:hr>
            <ns3:cad>87</ns3:cad>
          </ns3:TrackPointExtension>
        </extensions>
      </trkpt>
      <trkpt lat="31.96778031997382640838623046875" lon="118.82232497446238994598388671875">
        <ele>8.80000019073486328125</ele>
        <time>2024-06-23T12:04:11.000Z</time>
        <extensions>
          <ns3:TrackPointExtension>
            <ns3:hr>153</ns3:hr>
            <ns3:cad>87</ns3:cad>
          </ns3:TrackPointExtension>
        </extensions>
      </trkpt>
      <trkpt lat="31.96775861084461212158203125" lon="118.8223265670239925384521484375">
        <ele>8.80000019073486328125</ele>
        <time>2024-06-23T12:04:12.000Z</time>
        <extensions>
          <ns3:TrackPointExtension>
            <ns3:hr>153</ns3:hr>
            <ns3:cad>87</ns3:cad>
          </ns3:TrackPointExtension>
        </extensions>
      </trkpt>
      <trkpt lat="31.96773388423025608062744140625" lon="118.82232598029077053070068359375">
        <ele>8.80000019073486328125</ele>
        <time>2024-06-23T12:04:13.000Z</time>
        <extensions>
          <ns3:TrackPointExtension>
            <ns3:hr>153</ns3:hr>
            <ns3:cad>87</ns3:cad>
          </ns3:TrackPointExtension>
        </extensions>
      </trkpt>
      <trkpt lat="31.967709995806217193603515625" lon="118.82232849486172199249267578125">
        <ele>8.80000019073486328125</ele>
        <time>2024-06-23T12:04:14.000Z</time>
        <extensions>
          <ns3:TrackPointExtension>
            <ns3:hr>154</ns3:hr>
            <ns3:cad>87</ns3:cad>
          </ns3:TrackPointExtension>
        </extensions>
      </trkpt>
      <trkpt lat="31.96768308989703655242919921875" lon="118.82233100943267345428466796875">
        <ele>8.80000019073486328125</ele>
        <time>2024-06-23T12:04:15.000Z</time>
        <extensions>
          <ns3:TrackPointExtension>
            <ns3:hr>154</ns3:hr>
            <ns3:cad>87</ns3:cad>
          </ns3:TrackPointExtension>
        </extensions>
      </trkpt>
      <trkpt lat="31.96766096167266368865966796875" lon="118.82233335636556148529052734375">
        <ele>8.80000019073486328125</ele>
        <time>2024-06-23T12:04:16.000Z</time>
        <extensions>
          <ns3:TrackPointExtension>
            <ns3:hr>155</ns3:hr>
            <ns3:cad>86</ns3:cad>
          </ns3:TrackPointExtension>
        </extensions>
      </trkpt>
      <trkpt lat="31.96763765998184680938720703125" lon="118.8223346136510372161865234375">
        <ele>8.80000019073486328125</ele>
        <time>2024-06-23T12:04:17.000Z</time>
        <extensions>
          <ns3:TrackPointExtension>
            <ns3:hr>155</ns3:hr>
            <ns3:cad>86</ns3:cad>
          </ns3:TrackPointExtension>
        </extensions>
      </trkpt>
      <trkpt lat="31.9676172919571399688720703125" lon="118.82233318872749805450439453125">
        <ele>8.80000019073486328125</ele>
        <time>2024-06-23T12:04:18.000Z</time>
        <extensions>
          <ns3:TrackPointExtension>
            <ns3:hr>156</ns3:hr>
            <ns3:cad>87</ns3:cad>
          </ns3:TrackPointExtension>
        </extensions>
      </trkpt>
      <trkpt lat="31.9675971753895282745361328125" lon="118.82233151234686374664306640625">
        <ele>8.80000019073486328125</ele>
        <time>2024-06-23T12:04:19.000Z</time>
        <extensions>
          <ns3:TrackPointExtension>
            <ns3:hr>156</ns3:hr>
            <ns3:cad>88</ns3:cad>
          </ns3:TrackPointExtension>
        </extensions>
      </trkpt>
      <trkpt lat="31.9675703532993793487548828125" lon="118.822330422699451446533203125">
        <ele>8.80000019073486328125</ele>
        <time>2024-06-23T12:04:20.000Z</time>
        <extensions>
          <ns3:TrackPointExtension>
            <ns3:hr>156</ns3:hr>
            <ns3:cad>88</ns3:cad>
          </ns3:TrackPointExtension>
        </extensions>
      </trkpt>
      <trkpt lat="31.967546381056308746337890625" lon="118.8223302550613880157470703125">
        <ele>8.80000019073486328125</ele>
        <time>2024-06-23T12:04:21.000Z</time>
        <extensions>
          <ns3:TrackPointExtension>
            <ns3:hr>156</ns3:hr>
            <ns3:cad>88</ns3:cad>
          </ns3:TrackPointExtension>
        </extensions>
      </trkpt>
      <trkpt lat="31.96751578710973262786865234375" lon="118.82232765667140483856201171875">
        <ele>8.80000019073486328125</ele>
        <time>2024-06-23T12:04:22.000Z</time>
        <extensions>
          <ns3:TrackPointExtension>
            <ns3:hr>156</ns3:hr>
            <ns3:cad>88</ns3:cad>
          </ns3:TrackPointExtension>
        </extensions>
      </trkpt>
      <trkpt lat="31.96748812682926654815673828125" lon="118.82232883013784885406494140625">
        <ele>8.80000019073486328125</ele>
        <time>2024-06-23T12:04:23.000Z</time>
        <extensions>
          <ns3:TrackPointExtension>
            <ns3:hr>156</ns3:hr>
            <ns3:cad>88</ns3:cad>
          </ns3:TrackPointExtension>
        </extensions>
      </trkpt>
      <trkpt lat="31.96746197529137134552001953125" lon="118.822331093251705169677734375">
        <ele>8.80000019073486328125</ele>
        <time>2024-06-23T12:04:24.000Z</time>
        <extensions>
          <ns3:TrackPointExtension>
            <ns3:hr>156</ns3:hr>
            <ns3:cad>88</ns3:cad>
          </ns3:TrackPointExtension>
        </extensions>
      </trkpt>
      <trkpt lat="31.96744370274245738983154296875" lon="118.8223346136510372161865234375">
        <ele>8.80000019073486328125</ele>
        <time>2024-06-23T12:04:25.000Z</time>
        <extensions>
          <ns3:TrackPointExtension>
            <ns3:hr>156</ns3:hr>
            <ns3:cad>88</ns3:cad>
          </ns3:TrackPointExtension>
        </extensions>
      </trkpt>
      <trkpt lat="31.96741797029972076416015625" lon="118.82233821786940097808837890625">
        <ele>8.80000019073486328125</ele>
        <time>2024-06-23T12:04:26.000Z</time>
        <extensions>
          <ns3:TrackPointExtension>
            <ns3:hr>156</ns3:hr>
            <ns3:cad>88</ns3:cad>
          </ns3:TrackPointExtension>
        </extensions>
      </trkpt>
      <trkpt lat="31.96739357896149158477783203125" lon="118.8223396427929401397705078125">
        <ele>8.80000019073486328125</ele>
        <time>2024-06-23T12:04:27.000Z</time>
        <extensions>
          <ns3:TrackPointExtension>
            <ns3:hr>156</ns3:hr>
            <ns3:cad>87</ns3:cad>
          </ns3:TrackPointExtension>
        </extensions>
      </trkpt>
      <trkpt lat="31.96736323647201061248779296875" lon="118.8223406486213207244873046875">
        <ele>8.80000019073486328125</ele>
        <time>2024-06-23T12:04:28.000Z</time>
        <extensions>
          <ns3:TrackPointExtension>
            <ns3:hr>156</ns3:hr>
            <ns3:cad>87</ns3:cad>
          </ns3:TrackPointExtension>
        </extensions>
      </trkpt>
      <trkpt lat="31.96733658201992511749267578125" lon="118.8223381340503692626953125">
        <ele>8.80000019073486328125</ele>
        <time>2024-06-23T12:04:29.000Z</time>
        <extensions>
          <ns3:TrackPointExtension>
            <ns3:hr>156</ns3:hr>
            <ns3:cad>87</ns3:cad>
          </ns3:TrackPointExtension>
        </extensions>
      </trkpt>
      <trkpt lat="31.96730942465364933013916015625" lon="118.82234257645905017852783203125">
        <ele>8.80000019073486328125</ele>
        <time>2024-06-23T12:04:30.000Z</time>
        <extensions>
          <ns3:TrackPointExtension>
            <ns3:hr>157</ns3:hr>
            <ns3:cad>88</ns3:cad>
          </ns3:TrackPointExtension>
        </extensions>
      </trkpt>
      <trkpt lat="31.9672836922109127044677734375" lon="118.82234324701130390167236328125">
        <ele>8.80000019073486328125</ele>
        <time>2024-06-23T12:04:31.000Z</time>
        <extensions>
          <ns3:TrackPointExtension>
            <ns3:hr>157</ns3:hr>
            <ns3:cad>88</ns3:cad>
          </ns3:TrackPointExtension>
        </extensions>
      </trkpt>
      <trkpt lat="31.96726516820490360260009765625" lon="118.8223434984683990478515625">
        <ele>8.80000019073486328125</ele>
        <time>2024-06-23T12:04:32.000Z</time>
        <extensions>
          <ns3:TrackPointExtension>
            <ns3:hr>157</ns3:hr>
            <ns3:cad>88</ns3:cad>
          </ns3:TrackPointExtension>
        </extensions>
      </trkpt>
      <trkpt lat="31.96724404580891132354736328125" lon="118.82234307937324047088623046875">
        <ele>8.80000019073486328125</ele>
        <time>2024-06-23T12:04:33.000Z</time>
        <extensions>
          <ns3:TrackPointExtension>
            <ns3:hr>157</ns3:hr>
            <ns3:cad>87</ns3:cad>
          </ns3:TrackPointExtension>
        </extensions>
      </trkpt>
      <trkpt lat="31.96722753345966339111328125" lon="118.8223436661064624786376953125">
        <ele>8.80000019073486328125</ele>
        <time>2024-06-23T12:04:34.000Z</time>
        <extensions>
          <ns3:TrackPointExtension>
            <ns3:hr>157</ns3:hr>
            <ns3:cad>87</ns3:cad>
          </ns3:TrackPointExtension>
        </extensions>
      </trkpt>
      <trkpt lat="31.96720599196851253509521484375" lon="118.8223426602780818939208984375">
        <ele>8.80000019073486328125</ele>
        <time>2024-06-23T12:04:35.000Z</time>
        <extensions>
          <ns3:TrackPointExtension>
            <ns3:hr>157</ns3:hr>
            <ns3:cad>87</ns3:cad>
          </ns3:TrackPointExtension>
        </extensions>
      </trkpt>
      <trkpt lat="31.96718587540090084075927734375" lon="118.82234148681163787841796875">
        <ele>8.80000019073486328125</ele>
        <time>2024-06-23T12:04:36.000Z</time>
        <extensions>
          <ns3:TrackPointExtension>
            <ns3:hr>157</ns3:hr>
            <ns3:cad>86</ns3:cad>
          </ns3:TrackPointExtension>
        </extensions>
      </trkpt>
      <trkpt lat="31.967165507376194000244140625" lon="118.82234408520162105560302734375">
        <ele>8.80000019073486328125</ele>
        <time>2024-06-23T12:04:37.000Z</time>
        <extensions>
          <ns3:TrackPointExtension>
            <ns3:hr>157</ns3:hr>
            <ns3:cad>86</ns3:cad>
          </ns3:TrackPointExtension>
        </extensions>
      </trkpt>
      <trkpt lat="31.967143714427947998046875" lon="118.8223473541438579559326171875">
        <ele>8.80000019073486328125</ele>
        <time>2024-06-23T12:04:38.000Z</time>
        <extensions>
          <ns3:TrackPointExtension>
            <ns3:hr>157</ns3:hr>
            <ns3:cad>86</ns3:cad>
          </ns3:TrackPointExtension>
        </extensions>
      </trkpt>
      <trkpt lat="31.96712116710841655731201171875" lon="118.82235280238091945648193359375">
        <ele>8.80000019073486328125</ele>
        <time>2024-06-23T12:04:39.000Z</time>
        <extensions>
          <ns3:TrackPointExtension>
            <ns3:hr>157</ns3:hr>
            <ns3:cad>87</ns3:cad>
          </ns3:TrackPointExtension>
        </extensions>
      </trkpt>
      <trkpt lat="31.96709166280925273895263671875" lon="118.8223570771515369415283203125">
        <ele>8.80000019073486328125</ele>
        <time>2024-06-23T12:04:40.000Z</time>
        <extensions>
          <ns3:TrackPointExtension>
            <ns3:hr>157</ns3:hr>
            <ns3:cad>87</ns3:cad>
          </ns3:TrackPointExtension>
        </extensions>
      </trkpt>
      <trkpt lat="31.9670671038329601287841796875" lon="118.82236118428409099578857421875">
        <ele>8.80000019073486328125</ele>
        <time>2024-06-23T12:04:41.000Z</time>
        <extensions>
          <ns3:TrackPointExtension>
            <ns3:hr>157</ns3:hr>
            <ns3:cad>86</ns3:cad>
          </ns3:TrackPointExtension>
        </extensions>
      </trkpt>
      <trkpt lat="31.9670372642576694488525390625" lon="118.82236235775053501129150390625">
        <ele>8.80000019073486328125</ele>
        <time>2024-06-23T12:04:42.000Z</time>
        <extensions>
          <ns3:TrackPointExtension>
            <ns3:hr>157</ns3:hr>
            <ns3:cad>85</ns3:cad>
          </ns3:TrackPointExtension>
        </extensions>
      </trkpt>
      <trkpt lat="31.96701203472912311553955078125" lon="118.8223597593605518341064453125">
        <ele>8.80000019073486328125</ele>
        <time>2024-06-23T12:04:43.000Z</time>
        <extensions>
          <ns3:TrackPointExtension>
            <ns3:hr>157</ns3:hr>
            <ns3:cad>85</ns3:cad>
          </ns3:TrackPointExtension>
        </extensions>
      </trkpt>
      <trkpt lat="31.966983117163181304931640625" lon="118.82235967554152011871337890625">
        <ele>8.80000019073486328125</ele>
        <time>2024-06-23T12:04:44.000Z</time>
        <extensions>
          <ns3:TrackPointExtension>
            <ns3:hr>157</ns3:hr>
            <ns3:cad>85</ns3:cad>
          </ns3:TrackPointExtension>
        </extensions>
      </trkpt>
      <trkpt lat="31.96695939637720584869384765625" lon="118.8223580829799175262451171875">
        <ele>8.6000003814697265625</ele>
        <time>2024-06-23T12:04:45.000Z</time>
        <extensions>
          <ns3:TrackPointExtension>
            <ns3:hr>157</ns3:hr>
            <ns3:cad>86</ns3:cad>
          </ns3:TrackPointExtension>
        </extensions>
      </trkpt>
      <trkpt lat="31.966937519609928131103515625" lon="118.8223577477037906646728515625">
        <ele>8.6000003814697265625</ele>
        <time>2024-06-23T12:04:46.000Z</time>
        <extensions>
          <ns3:TrackPointExtension>
            <ns3:hr>157</ns3:hr>
            <ns3:cad>86</ns3:cad>
          </ns3:TrackPointExtension>
        </extensions>
      </trkpt>
      <trkpt lat="31.966920085251331329345703125" lon="118.8223557360470294952392578125">
        <ele>8.6000003814697265625</ele>
        <time>2024-06-23T12:04:47.000Z</time>
        <extensions>
          <ns3:TrackPointExtension>
            <ns3:hr>157</ns3:hr>
            <ns3:cad>86</ns3:cad>
          </ns3:TrackPointExtension>
        </extensions>
      </trkpt>
      <trkpt lat="31.96690290234982967376708984375" lon="118.82235581986606121063232421875">
        <ele>8.6000003814697265625</ele>
        <time>2024-06-23T12:04:48.000Z</time>
        <extensions>
          <ns3:TrackPointExtension>
            <ns3:hr>157</ns3:hr>
            <ns3:cad>86</ns3:cad>
          </ns3:TrackPointExtension>
        </extensions>
      </trkpt>
      <trkpt lat="31.96687624789774417877197265625" lon="118.82236017845571041107177734375">
        <ele>8.6000003814697265625</ele>
        <time>2024-06-23T12:04:49.000Z</time>
        <extensions>
          <ns3:TrackPointExtension>
            <ns3:hr>157</ns3:hr>
            <ns3:cad>86</ns3:cad>
          </ns3:TrackPointExtension>
        </extensions>
      </trkpt>
      <trkpt lat="31.96685596369206905364990234375" lon="118.8223664648830890655517578125">
        <ele>8.6000003814697265625</ele>
        <time>2024-06-23T12:04:50.000Z</time>
        <extensions>
          <ns3:TrackPointExtension>
            <ns3:hr>157</ns3:hr>
            <ns3:cad>87</ns3:cad>
          </ns3:TrackPointExtension>
        </extensions>
      </trkpt>
      <trkpt lat="31.96682989597320556640625" lon="118.8223711587488651275634765625">
        <ele>8.6000003814697265625</ele>
        <time>2024-06-23T12:04:51.000Z</time>
        <extensions>
          <ns3:TrackPointExtension>
            <ns3:hr>157</ns3:hr>
            <ns3:cad>88</ns3:cad>
          </ns3:TrackPointExtension>
        </extensions>
      </trkpt>
      <trkpt lat="31.96680868975818157196044921875" lon="118.8223755173385143280029296875">
        <ele>8.6000003814697265625</ele>
        <time>2024-06-23T12:04:52.000Z</time>
        <extensions>
          <ns3:TrackPointExtension>
            <ns3:hr>157</ns3:hr>
            <ns3:cad>88</ns3:cad>
          </ns3:TrackPointExtension>
        </extensions>
      </trkpt>
      <trkpt lat="31.96678538806736469268798828125" lon="118.82238465361297130584716796875">
        <ele>8.6000003814697265625</ele>
        <time>2024-06-23T12:04:53.000Z</time>
        <extensions>
          <ns3:TrackPointExtension>
            <ns3:hr>157</ns3:hr>
            <ns3:cad>88</ns3:cad>
          </ns3:TrackPointExtension>
        </extensions>
      </trkpt>
      <trkpt lat="31.96676359511911869049072265625" lon="118.8223909400403499603271484375">
        <ele>8.6000003814697265625</ele>
        <time>2024-06-23T12:04:54.000Z</time>
        <extensions>
          <ns3:TrackPointExtension>
            <ns3:hr>157</ns3:hr>
            <ns3:cad>88</ns3:cad>
          </ns3:TrackPointExtension>
        </extensions>
      </trkpt>
      <trkpt lat="31.96674264036118984222412109375" lon="118.82240326143801212310791015625">
        <ele>8.80000019073486328125</ele>
        <time>2024-06-23T12:04:55.000Z</time>
        <extensions>
          <ns3:TrackPointExtension>
            <ns3:hr>157</ns3:hr>
            <ns3:cad>87</ns3:cad>
          </ns3:TrackPointExtension>
        </extensions>
      </trkpt>
      <trkpt lat="31.96672017686069011688232421875" lon="118.822415582835674285888671875">
        <ele>8.80000019073486328125</ele>
        <time>2024-06-23T12:04:56.000Z</time>
        <extensions>
          <ns3:TrackPointExtension>
            <ns3:hr>157</ns3:hr>
            <ns3:cad>87</ns3:cad>
          </ns3:TrackPointExtension>
        </extensions>
      </trkpt>
      <trkpt lat="31.9666993059217929840087890625" lon="118.8224268145859241485595703125">
        <ele>8.80000019073486328125</ele>
        <time>2024-06-23T12:04:57.000Z</time>
        <extensions>
          <ns3:TrackPointExtension>
            <ns3:hr>157</ns3:hr>
            <ns3:cad>87</ns3:cad>
          </ns3:TrackPointExtension>
        </extensions>
      </trkpt>
      <trkpt lat="31.96667558513581752777099609375" lon="118.8224408961832523345947265625">
        <ele>8.80000019073486328125</ele>
        <time>2024-06-23T12:04:58.000Z</time>
        <extensions>
          <ns3:TrackPointExtension>
            <ns3:hr>157</ns3:hr>
            <ns3:cad>87</ns3:cad>
          </ns3:TrackPointExtension>
        </extensions>
      </trkpt>
      <trkpt lat="31.96665915660560131072998046875" lon="118.8224534690380096435546875">
        <ele>8.80000019073486328125</ele>
        <time>2024-06-23T12:04:59.000Z</time>
        <extensions>
          <ns3:TrackPointExtension>
            <ns3:hr>156</ns3:hr>
            <ns3:cad>86</ns3:cad>
          </ns3:TrackPointExtension>
        </extensions>
      </trkpt>
      <trkpt lat="31.96664624847471714019775390625" lon="118.82246998138725757598876953125">
        <ele>8.80000019073486328125</ele>
        <time>2024-06-23T12:05:00.000Z</time>
        <extensions>
          <ns3:TrackPointExtension>
            <ns3:hr>156</ns3:hr>
            <ns3:cad>86</ns3:cad>
          </ns3:TrackPointExtension>
        </extensions>
      </trkpt>
      <trkpt lat="31.966634094715118408203125" lon="118.82249194197356700897216796875">
        <ele>8.80000019073486328125</ele>
        <time>2024-06-23T12:05:01.000Z</time>
        <extensions>
          <ns3:TrackPointExtension>
            <ns3:hr>156</ns3:hr>
            <ns3:cad>86</ns3:cad>
          </ns3:TrackPointExtension>
        </extensions>
      </trkpt>
      <trkpt lat="31.9666248746216297149658203125" lon="118.8225159980356693267822265625">
        <ele>8.80000019073486328125</ele>
        <time>2024-06-23T12:05:02.000Z</time>
        <extensions>
          <ns3:TrackPointExtension>
            <ns3:hr>156</ns3:hr>
            <ns3:cad>86</ns3:cad>
          </ns3:TrackPointExtension>
        </extensions>
      </trkpt>
      <trkpt lat="31.966615654528141021728515625" lon="118.82254189811646938323974609375">
        <ele>8.80000019073486328125</ele>
        <time>2024-06-23T12:05:03.000Z</time>
        <extensions>
          <ns3:TrackPointExtension>
            <ns3:hr>156</ns3:hr>
            <ns3:cad>86</ns3:cad>
          </ns3:TrackPointExtension>
        </extensions>
      </trkpt>
      <trkpt lat="31.9666107930243015289306640625" lon="118.82256469689309597015380859375">
        <ele>8.80000019073486328125</ele>
        <time>2024-06-23T12:05:04.000Z</time>
        <extensions>
          <ns3:TrackPointExtension>
            <ns3:hr>156</ns3:hr>
            <ns3:cad>86</ns3:cad>
          </ns3:TrackPointExtension>
        </extensions>
      </trkpt>
      <trkpt lat="31.9666054286062717437744140625" lon="118.822595961391925811767578125">
        <ele>8.80000019073486328125</ele>
        <time>2024-06-23T12:05:05.000Z</time>
        <extensions>
          <ns3:TrackPointExtension>
            <ns3:hr>156</ns3:hr>
            <ns3:cad>86</ns3:cad>
          </ns3:TrackPointExtension>
        </extensions>
      </trkpt>
      <trkpt lat="31.96660081855952739715576171875" lon="118.82262253202497959136962890625">
        <ele>8.6000003814697265625</ele>
        <time>2024-06-23T12:05:06.000Z</time>
        <extensions>
          <ns3:TrackPointExtension>
            <ns3:hr>156</ns3:hr>
            <ns3:cad>86</ns3:cad>
          </ns3:TrackPointExtension>
        </extensions>
      </trkpt>
      <trkpt lat="31.9665946997702121734619140625" lon="118.82265371270477771759033203125">
        <ele>8.6000003814697265625</ele>
        <time>2024-06-23T12:05:07.000Z</time>
        <extensions>
          <ns3:TrackPointExtension>
            <ns3:hr>156</ns3:hr>
            <ns3:cad>86</ns3:cad>
          </ns3:TrackPointExtension>
        </extensions>
      </trkpt>
      <trkpt lat="31.96658992208540439605712890625" lon="118.822678439319133758544921875">
        <ele>8.6000003814697265625</ele>
        <time>2024-06-23T12:05:08.000Z</time>
        <extensions>
          <ns3:TrackPointExtension>
            <ns3:hr>156</ns3:hr>
            <ns3:cad>86</ns3:cad>
          </ns3:TrackPointExtension>
        </extensions>
      </trkpt>
      <trkpt lat="31.9665871560573577880859375" lon="118.82270668633282184600830078125">
        <ele>8.3999996185302734375</ele>
        <time>2024-06-23T12:05:09.000Z</time>
        <extensions>
          <ns3:TrackPointExtension>
            <ns3:hr>156</ns3:hr>
            <ns3:cad>86</ns3:cad>
          </ns3:TrackPointExtension>
        </extensions>
      </trkpt>
      <trkpt lat="31.96658246219158172607421875" lon="118.82273250259459018707275390625">
        <ele>8.3999996185302734375</ele>
        <time>2024-06-23T12:05:10.000Z</time>
        <extensions>
          <ns3:TrackPointExtension>
            <ns3:hr>156</ns3:hr>
            <ns3:cad>86</ns3:cad>
          </ns3:TrackPointExtension>
        </extensions>
      </trkpt>
      <trkpt lat="31.96658271364867687225341796875" lon="118.82276066578924655914306640625">
        <ele>8.19999980926513671875</ele>
        <time>2024-06-23T12:05:11.000Z</time>
        <extensions>
          <ns3:TrackPointExtension>
            <ns3:hr>155</ns3:hr>
            <ns3:cad>86</ns3:cad>
          </ns3:TrackPointExtension>
        </extensions>
      </trkpt>
      <trkpt lat="31.96658154018223285675048828125" lon="118.8227941095829010009765625">
        <ele>8.19999980926513671875</ele>
        <time>2024-06-23T12:05:12.000Z</time>
        <extensions>
          <ns3:TrackPointExtension>
            <ns3:hr>155</ns3:hr>
            <ns3:cad>86</ns3:cad>
          </ns3:TrackPointExtension>
        </extensions>
      </trkpt>
      <trkpt lat="31.966584138572216033935546875" lon="118.8228221051394939422607421875">
        <ele>8.19999980926513671875</ele>
        <time>2024-06-23T12:05:13.000Z</time>
        <extensions>
          <ns3:TrackPointExtension>
            <ns3:hr>155</ns3:hr>
            <ns3:cad>86</ns3:cad>
          </ns3:TrackPointExtension>
        </extensions>
      </trkpt>
      <trkpt lat="31.9665863178670406341552734375" lon="118.82285269908607006072998046875">
        <ele>8.19999980926513671875</ele>
        <time>2024-06-23T12:05:14.000Z</time>
        <extensions>
          <ns3:TrackPointExtension>
            <ns3:hr>155</ns3:hr>
            <ns3:cad>86</ns3:cad>
          </ns3:TrackPointExtension>
        </extensions>
      </trkpt>
      <trkpt lat="31.9665906764566898345947265625" lon="118.8228770904242992401123046875">
        <ele>8</ele>
        <time>2024-06-23T12:05:15.000Z</time>
        <extensions>
          <ns3:TrackPointExtension>
            <ns3:hr>154</ns3:hr>
            <ns3:cad>86</ns3:cad>
          </ns3:TrackPointExtension>
        </extensions>
      </trkpt>
      <trkpt lat="31.96659629233181476593017578125" lon="118.82290332578122615814208984375">
        <ele>8</ele>
        <time>2024-06-23T12:05:16.000Z</time>
        <extensions>
          <ns3:TrackPointExtension>
            <ns3:hr>154</ns3:hr>
            <ns3:cad>86</ns3:cad>
          </ns3:TrackPointExtension>
        </extensions>
      </trkpt>
      <trkpt lat="31.966605596244335174560546875" lon="118.8229273818433284759521484375">
        <ele>7.80000019073486328125</ele>
        <time>2024-06-23T12:05:17.000Z</time>
        <extensions>
          <ns3:TrackPointExtension>
            <ns3:hr>154</ns3:hr>
            <ns3:cad>86</ns3:cad>
          </ns3:TrackPointExtension>
        </extensions>
      </trkpt>
      <trkpt lat="31.96661892347037792205810546875" lon="118.8229468278586864471435546875">
        <ele>7.80000019073486328125</ele>
        <time>2024-06-23T12:05:18.000Z</time>
        <extensions>
          <ns3:TrackPointExtension>
            <ns3:hr>154</ns3:hr>
            <ns3:cad>86</ns3:cad>
          </ns3:TrackPointExtension>
        </extensions>
      </trkpt>
      <trkpt lat="31.96663065813481807708740234375" lon="118.82296870462596416473388671875">
        <ele>7.80000019073486328125</ele>
        <time>2024-06-23T12:05:19.000Z</time>
        <extensions>
          <ns3:TrackPointExtension>
            <ns3:hr>154</ns3:hr>
            <ns3:cad>86</ns3:cad>
          </ns3:TrackPointExtension>
        </extensions>
      </trkpt>
      <trkpt lat="31.9666376151144504547119140625" lon="118.8229937665164470672607421875">
        <ele>7.80000019073486328125</ele>
        <time>2024-06-23T12:05:20.000Z</time>
        <extensions>
          <ns3:TrackPointExtension>
            <ns3:hr>154</ns3:hr>
            <ns3:cad>86</ns3:cad>
          </ns3:TrackPointExtension>
        </extensions>
      </trkpt>
      <trkpt lat="31.96664281189441680908203125" lon="118.823021091520786285400390625">
        <ele>7.599999904632568359375</ele>
        <time>2024-06-23T12:05:21.000Z</time>
        <extensions>
          <ns3:TrackPointExtension>
            <ns3:hr>154</ns3:hr>
            <ns3:cad>86</ns3:cad>
          </ns3:TrackPointExtension>
        </extensions>
      </trkpt>
      <trkpt lat="31.96664323098957538604736328125" lon="118.82304900325834751129150390625">
        <ele>7.599999904632568359375</ele>
        <time>2024-06-23T12:05:22.000Z</time>
        <extensions>
          <ns3:TrackPointExtension>
            <ns3:hr>154</ns3:hr>
            <ns3:cad>86</ns3:cad>
          </ns3:TrackPointExtension>
        </extensions>
      </trkpt>
      <trkpt lat="31.9666408002376556396484375" lon="118.82307699881494045257568359375">
        <ele>7.400000095367431640625</ele>
        <time>2024-06-23T12:05:23.000Z</time>
        <extensions>
          <ns3:TrackPointExtension>
            <ns3:hr>155</ns3:hr>
            <ns3:cad>86</ns3:cad>
          </ns3:TrackPointExtension>
        </extensions>
      </trkpt>
      <trkpt lat="31.96663753129541873931884765625" lon="118.8231079280376434326171875">
        <ele>7.400000095367431640625</ele>
        <time>2024-06-23T12:05:24.000Z</time>
        <extensions>
          <ns3:TrackPointExtension>
            <ns3:hr>155</ns3:hr>
            <ns3:cad>85</ns3:cad>
          </ns3:TrackPointExtension>
        </extensions>
      </trkpt>
      <trkpt lat="31.96663635782897472381591796875" lon="118.82313651032745838165283203125">
        <ele>7.400000095367431640625</ele>
        <time>2024-06-23T12:05:25.000Z</time>
        <extensions>
          <ns3:TrackPointExtension>
            <ns3:hr>154</ns3:hr>
            <ns3:cad>85</ns3:cad>
          </ns3:TrackPointExtension>
        </extensions>
      </trkpt>
      <trkpt lat="31.96663610637187957763671875" lon="118.823168277740478515625">
        <ele>7.19999980926513671875</ele>
        <time>2024-06-23T12:05:26.000Z</time>
        <extensions>
          <ns3:TrackPointExtension>
            <ns3:hr>154</ns3:hr>
            <ns3:cad>85</ns3:cad>
          </ns3:TrackPointExtension>
        </extensions>
      </trkpt>
      <trkpt lat="31.966637112200260162353515625" lon="118.82319686003029346466064453125">
        <ele>7.19999980926513671875</ele>
        <time>2024-06-23T12:05:27.000Z</time>
        <extensions>
          <ns3:TrackPointExtension>
            <ns3:hr>154</ns3:hr>
            <ns3:cad>85</ns3:cad>
          </ns3:TrackPointExtension>
        </extensions>
      </trkpt>
      <trkpt lat="31.9666369445621967315673828125" lon="118.8232304714620113372802734375">
        <ele>7.19999980926513671875</ele>
        <time>2024-06-23T12:05:28.000Z</time>
        <extensions>
          <ns3:TrackPointExtension>
            <ns3:hr>154</ns3:hr>
            <ns3:cad>85</ns3:cad>
          </ns3:TrackPointExtension>
        </extensions>
      </trkpt>
      <trkpt lat="31.9666342623531818389892578125" lon="118.82325603626668453216552734375">
        <ele>7</ele>
        <time>2024-06-23T12:05:29.000Z</time>
        <extensions>
          <ns3:TrackPointExtension>
            <ns3:hr>154</ns3:hr>
            <ns3:cad>86</ns3:cad>
          </ns3:TrackPointExtension>
        </extensions>
      </trkpt>
      <trkpt lat="31.9666315801441669464111328125" lon="118.8232827745378017425537109375">
        <ele>6.80000019073486328125</ele>
        <time>2024-06-23T12:05:30.000Z</time>
        <extensions>
          <ns3:TrackPointExtension>
            <ns3:hr>154</ns3:hr>
            <ns3:cad>86</ns3:cad>
          </ns3:TrackPointExtension>
        </extensions>
      </trkpt>
      <trkpt lat="31.9666282273828983306884765625" lon="118.8233085907995700836181640625">
        <ele>6.80000019073486328125</ele>
        <time>2024-06-23T12:05:31.000Z</time>
        <extensions>
          <ns3:TrackPointExtension>
            <ns3:hr>154</ns3:hr>
            <ns3:cad>86</ns3:cad>
          </ns3:TrackPointExtension>
        </extensions>
      </trkpt>
      <trkpt lat="31.966626383364200592041015625" lon="118.82333650253713130950927734375">
        <ele>6.80000019073486328125</ele>
        <time>2024-06-23T12:05:32.000Z</time>
        <extensions>
          <ns3:TrackPointExtension>
            <ns3:hr>154</ns3:hr>
            <ns3:cad>86</ns3:cad>
          </ns3:TrackPointExtension>
        </extensions>
      </trkpt>
      <trkpt lat="31.966622360050678253173828125" lon="118.82336500100791454315185546875">
        <ele>6.80000019073486328125</ele>
        <time>2024-06-23T12:05:33.000Z</time>
        <extensions>
          <ns3:TrackPointExtension>
            <ns3:hr>154</ns3:hr>
            <ns3:cad>86</ns3:cad>
          </ns3:TrackPointExtension>
        </extensions>
      </trkpt>
      <trkpt lat="31.966621689498424530029296875" lon="118.82339266128838062286376953125">
        <ele>6.80000019073486328125</ele>
        <time>2024-06-23T12:05:34.000Z</time>
        <extensions>
          <ns3:TrackPointExtension>
            <ns3:hr>154</ns3:hr>
            <ns3:cad>86</ns3:cad>
          </ns3:TrackPointExtension>
        </extensions>
      </trkpt>
      <trkpt lat="31.9666178338229656219482421875" lon="118.8234215788543224334716796875">
        <ele>6.80000019073486328125</ele>
        <time>2024-06-23T12:05:35.000Z</time>
        <extensions>
          <ns3:TrackPointExtension>
            <ns3:hr>154</ns3:hr>
            <ns3:cad>86</ns3:cad>
          </ns3:TrackPointExtension>
        </extensions>
      </trkpt>
      <trkpt lat="31.96661330759525299072265625" lon="118.82345066405832767486572265625">
        <ele>6.80000019073486328125</ele>
        <time>2024-06-23T12:05:36.000Z</time>
        <extensions>
          <ns3:TrackPointExtension>
            <ns3:hr>154</ns3:hr>
            <ns3:cad>86</ns3:cad>
          </ns3:TrackPointExtension>
        </extensions>
      </trkpt>
      <trkpt lat="31.96660836227238178253173828125" lon="118.82348008453845977783203125">
        <ele>6.80000019073486328125</ele>
        <time>2024-06-23T12:05:37.000Z</time>
        <extensions>
          <ns3:TrackPointExtension>
            <ns3:hr>154</ns3:hr>
            <ns3:cad>86</ns3:cad>
          </ns3:TrackPointExtension>
        </extensions>
      </trkpt>
      <trkpt lat="31.96660660207271575927734375" lon="118.82350833155214786529541015625">
        <ele>6.80000019073486328125</ele>
        <time>2024-06-23T12:05:38.000Z</time>
        <extensions>
          <ns3:TrackPointExtension>
            <ns3:hr>154</ns3:hr>
            <ns3:cad>86</ns3:cad>
          </ns3:TrackPointExtension>
        </extensions>
      </trkpt>
      <trkpt lat="31.96660459041595458984375" lon="118.82353431545197963714599609375">
        <ele>6.80000019073486328125</ele>
        <time>2024-06-23T12:05:39.000Z</time>
        <extensions>
          <ns3:TrackPointExtension>
            <ns3:hr>154</ns3:hr>
            <ns3:cad>86</ns3:cad>
          </ns3:TrackPointExtension>
        </extensions>
      </trkpt>
      <trkpt lat="31.966595537960529327392578125" lon="118.8235654123127460479736328125">
        <ele>6.80000019073486328125</ele>
        <time>2024-06-23T12:05:40.000Z</time>
        <extensions>
          <ns3:TrackPointExtension>
            <ns3:hr>154</ns3:hr>
            <ns3:cad>85</ns3:cad>
          </ns3:TrackPointExtension>
        </extensions>
      </trkpt>
      <trkpt lat="31.966593526303768157958984375" lon="118.82358963601291179656982421875">
        <ele>6.80000019073486328125</ele>
        <time>2024-06-23T12:05:41.000Z</time>
        <extensions>
          <ns3:TrackPointExtension>
            <ns3:hr>154</ns3:hr>
            <ns3:cad>85</ns3:cad>
          </ns3:TrackPointExtension>
        </extensions>
      </trkpt>
      <trkpt lat="31.9665923528373241424560546875" lon="118.82361419498920440673828125">
        <ele>7</ele>
        <time>2024-06-23T12:05:42.000Z</time>
        <extensions>
          <ns3:TrackPointExtension>
            <ns3:hr>154</ns3:hr>
            <ns3:cad>85</ns3:cad>
          </ns3:TrackPointExtension>
        </extensions>
      </trkpt>
      <trkpt lat="31.9665893353521823883056640625" lon="118.82363858632743358612060546875">
        <ele>7</ele>
        <time>2024-06-23T12:05:43.000Z</time>
        <extensions>
          <ns3:TrackPointExtension>
            <ns3:hr>154</ns3:hr>
            <ns3:cad>85</ns3:cad>
          </ns3:TrackPointExtension>
        </extensions>
      </trkpt>
      <trkpt lat="31.96658673696219921112060546875" lon="118.82366473786532878875732421875">
        <ele>7</ele>
        <time>2024-06-23T12:05:44.000Z</time>
        <extensions>
          <ns3:TrackPointExtension>
            <ns3:hr>154</ns3:hr>
            <ns3:cad>85</ns3:cad>
          </ns3:TrackPointExtension>
        </extensions>
      </trkpt>
      <trkpt lat="31.96658522821962833404541015625" lon="118.82368871010839939117431640625">
        <ele>7</ele>
        <time>2024-06-23T12:05:45.000Z</time>
        <extensions>
          <ns3:TrackPointExtension>
            <ns3:hr>154</ns3:hr>
            <ns3:cad>85</ns3:cad>
          </ns3:TrackPointExtension>
        </extensions>
      </trkpt>
      <trkpt lat="31.9665839709341526031494140625" lon="118.8237114250659942626953125">
        <ele>7</ele>
        <time>2024-06-23T12:05:46.000Z</time>
        <extensions>
          <ns3:TrackPointExtension>
            <ns3:hr>154</ns3:hr>
            <ns3:cad>85</ns3:cad>
          </ns3:TrackPointExtension>
        </extensions>
      </trkpt>
      <trkpt lat="31.96658070199191570281982421875" lon="118.82373623549938201904296875">
        <ele>6.80000019073486328125</ele>
        <time>2024-06-23T12:05:47.000Z</time>
        <extensions>
          <ns3:TrackPointExtension>
            <ns3:hr>154</ns3:hr>
            <ns3:cad>85</ns3:cad>
          </ns3:TrackPointExtension>
        </extensions>
      </trkpt>
      <trkpt lat="31.96657869033515453338623046875" lon="118.8237558491528034210205078125">
        <ele>6.80000019073486328125</ele>
        <time>2024-06-23T12:05:48.000Z</time>
        <extensions>
          <ns3:TrackPointExtension>
            <ns3:hr>154</ns3:hr>
            <ns3:cad>84</ns3:cad>
          </ns3:TrackPointExtension>
        </extensions>
      </trkpt>
      <trkpt lat="31.966577433049678802490234375" lon="118.8237739540636539459228515625">
        <ele>6.80000019073486328125</ele>
        <time>2024-06-23T12:05:49.000Z</time>
        <extensions>
          <ns3:TrackPointExtension>
            <ns3:hr>154</ns3:hr>
            <ns3:cad>84</ns3:cad>
          </ns3:TrackPointExtension>
        </extensions>
      </trkpt>
      <trkpt lat="31.96657516993582248687744140625" lon="118.823790885508060455322265625">
        <ele>6.80000019073486328125</ele>
        <time>2024-06-23T12:05:50.000Z</time>
        <extensions>
          <ns3:TrackPointExtension>
            <ns3:hr>154</ns3:hr>
            <ns3:cad>84</ns3:cad>
          </ns3:TrackPointExtension>
        </extensions>
      </trkpt>
      <trkpt lat="31.96657232008874416351318359375" lon="118.82380756549537181854248046875">
        <ele>6.80000019073486328125</ele>
        <time>2024-06-23T12:05:51.000Z</time>
        <extensions>
          <ns3:TrackPointExtension>
            <ns3:hr>154</ns3:hr>
            <ns3:cad>84</ns3:cad>
          </ns3:TrackPointExtension>
        </extensions>
      </trkpt>
      <trkpt lat="31.966570056974887847900390625" lon="118.8238108344376087188720703125">
        <ele>6.599999904632568359375</ele>
        <time>2024-06-23T12:05:52.000Z</time>
        <extensions>
          <ns3:TrackPointExtension>
            <ns3:hr>154</ns3:hr>
            <ns3:cad>42</ns3:cad>
          </ns3:TrackPointExtension>
        </extensions>
      </trkpt>
      <trkpt lat="31.96657047607004642486572265625" lon="118.8238058052957057952880859375">
        <ele>6.599999904632568359375</ele>
        <time>2024-06-23T12:05:53.000Z</time>
        <extensions>
          <ns3:TrackPointExtension>
            <ns3:hr>154</ns3:hr>
            <ns3:cad>42</ns3:cad>
          </ns3:TrackPointExtension>
        </extensions>
      </trkpt>
      <trkpt lat="31.96657047607004642486572265625" lon="118.8238058052957057952880859375">
        <ele>6.599999904632568359375</ele>
        <time>2024-06-23T12:05:54.000Z</time>
        <extensions>
          <ns3:TrackPointExtension>
            <ns3:hr>154</ns3:hr>
            <ns3:cad>42</ns3:cad>
          </ns3:TrackPointExtension>
        </extensions>
      </trkpt>
      <trkpt lat="31.9665729068219661712646484375" lon="118.8238106667995452880859375">
        <ele>6.599999904632568359375</ele>
        <time>2024-06-23T12:05:55.000Z</time>
        <extensions>
          <ns3:TrackPointExtension>
            <ns3:hr>154</ns3:hr>
            <ns3:cad>56</ns3:cad>
          </ns3:TrackPointExtension>
        </extensions>
      </trkpt>
      <trkpt lat="31.966571398079395294189453125" lon="118.82381142117083072662353515625">
        <ele>6.80000019073486328125</ele>
        <time>2024-06-23T12:05:56.000Z</time>
        <extensions>
          <ns3:TrackPointExtension>
            <ns3:hr>154</ns3:hr>
            <ns3:cad>56</ns3:cad>
          </ns3:TrackPointExtension>
        </extensions>
      </trkpt>
      <trkpt lat="31.966572068631649017333984375" lon="118.8238094933331012725830078125">
        <ele>6.80000019073486328125</ele>
        <time>2024-06-23T12:05:57.000Z</time>
        <extensions>
          <ns3:TrackPointExtension>
            <ns3:hr>154</ns3:hr>
            <ns3:cad>56</ns3:cad>
          </ns3:TrackPointExtension>
        </extensions>
      </trkpt>
      <trkpt lat="31.9665678776800632476806640625" lon="118.8238053023815155029296875">
        <ele>6.80000019073486328125</ele>
        <time>2024-06-23T12:05:58.000Z</time>
        <extensions>
          <ns3:TrackPointExtension>
            <ns3:hr>153</ns3:hr>
            <ns3:cad>0</ns3:cad>
          </ns3:TrackPointExtension>
        </extensions>
      </trkpt>
      <trkpt lat="31.96656427346169948577880859375" lon="118.82380337454378604888916015625">
        <ele>6.80000019073486328125</ele>
        <time>2024-06-23T12:05:59.000Z</time>
        <extensions>
          <ns3:TrackPointExtension>
            <ns3:hr>152</ns3:hr>
            <ns3:cad>0</ns3:cad>
          </ns3:TrackPointExtension>
        </extensions>
      </trkpt>
      <trkpt lat="31.96656234562397003173828125" lon="118.82380538620054721832275390625">
        <ele>6.80000019073486328125</ele>
        <time>2024-06-23T12:06:00.000Z</time>
        <extensions>
          <ns3:TrackPointExtension>
            <ns3:hr>151</ns3:hr>
            <ns3:cad>0</ns3:cad>
          </ns3:TrackPointExtension>
        </extensions>
      </trkpt>
      <trkpt lat="31.9665621779859066009521484375" lon="118.82380463182926177978515625">
        <ele>6.599999904632568359375</ele>
        <time>2024-06-23T12:06:01.000Z</time>
        <extensions>
          <ns3:TrackPointExtension>
            <ns3:hr>150</ns3:hr>
            <ns3:cad>0</ns3:cad>
          </ns3:TrackPointExtension>
        </extensions>
      </trkpt>
      <trkpt lat="31.96655907668173313140869140625" lon="118.82380370981991291046142578125">
        <ele>6.599999904632568359375</ele>
        <time>2024-06-23T12:06:02.000Z</time>
        <extensions>
          <ns3:TrackPointExtension>
            <ns3:hr>149</ns3:hr>
            <ns3:cad>0</ns3:cad>
          </ns3:TrackPointExtension>
        </extensions>
      </trkpt>
      <trkpt lat="31.96655387990176677703857421875" lon="118.8238024525344371795654296875">
        <ele>6.599999904632568359375</ele>
        <time>2024-06-23T12:06:03.000Z</time>
        <extensions>
          <ns3:TrackPointExtension>
            <ns3:hr>149</ns3:hr>
            <ns3:cad>0</ns3:cad>
          </ns3:TrackPointExtension>
        </extensions>
      </trkpt>
      <trkpt lat="31.96654784493148326873779296875" lon="118.82380597293376922607421875">
        <ele>6.599999904632568359375</ele>
        <time>2024-06-23T12:06:04.000Z</time>
        <extensions>
          <ns3:TrackPointExtension>
            <ns3:hr>149</ns3:hr>
            <ns3:cad>0</ns3:cad>
          </ns3:TrackPointExtension>
        </extensions>
      </trkpt>
      <trkpt lat="31.96653778664767742156982421875" lon="118.82380689494311809539794921875">
        <ele>6.599999904632568359375</ele>
        <time>2024-06-23T12:06:05.000Z</time>
        <extensions>
          <ns3:TrackPointExtension>
            <ns3:hr>149</ns3:hr>
            <ns3:cad>0</ns3:cad>
          </ns3:TrackPointExtension>
        </extensions>
      </trkpt>
      <trkpt lat="31.9665370322763919830322265625" lon="118.8238078169524669647216796875">
        <ele>6.599999904632568359375</ele>
        <time>2024-06-23T12:06:06.000Z</time>
        <extensions>
          <ns3:TrackPointExtension>
            <ns3:hr>149</ns3:hr>
            <ns3:cad>0</ns3:cad>
          </ns3:TrackPointExtension>
        </extensions>
      </trkpt>
      <trkpt lat="31.96653678081929683685302734375" lon="118.8238071464002132415771484375">
        <ele>6.599999904632568359375</ele>
        <time>2024-06-23T12:06:07.000Z</time>
        <extensions>
          <ns3:TrackPointExtension>
            <ns3:hr>149</ns3:hr>
            <ns3:cad>0</ns3:cad>
          </ns3:TrackPointExtension>
        </extensions>
      </trkpt>
      <trkpt lat="31.96653460152447223663330078125" lon="118.82380471564829349517822265625">
        <ele>6.599999904632568359375</ele>
        <time>2024-06-23T12:06:08.000Z</time>
        <extensions>
          <ns3:TrackPointExtension>
            <ns3:hr>149</ns3:hr>
            <ns3:cad>0</ns3:cad>
          </ns3:TrackPointExtension>
        </extensions>
      </trkpt>
      <trkpt lat="31.96653225459158420562744140625" lon="118.8238007761538028717041015625">
        <ele>6.599999904632568359375</ele>
        <time>2024-06-23T12:06:09.000Z</time>
        <extensions>
          <ns3:TrackPointExtension>
            <ns3:hr>149</ns3:hr>
            <ns3:cad>0</ns3:cad>
          </ns3:TrackPointExtension>
        </extensions>
      </trkpt>
      <trkpt lat="31.966524459421634674072265625" lon="118.82379792630672454833984375">
        <ele>6.599999904632568359375</ele>
        <time>2024-06-23T12:06:10.000Z</time>
        <extensions>
          <ns3:TrackPointExtension>
            <ns3:hr>149</ns3:hr>
            <ns3:cad>0</ns3:cad>
          </ns3:TrackPointExtension>
        </extensions>
      </trkpt>
      <trkpt lat="31.9665212742984294891357421875" lon="118.82379633374512195587158203125">
        <ele>6.599999904632568359375</ele>
        <time>2024-06-23T12:06:11.000Z</time>
        <extensions>
          <ns3:TrackPointExtension>
            <ns3:hr>149</ns3:hr>
            <ns3:cad>0</ns3:cad>
          </ns3:TrackPointExtension>
        </extensions>
      </trkpt>
      <trkpt lat="31.966525800526142120361328125" lon="118.82379281334578990936279296875">
        <ele>6.599999904632568359375</ele>
        <time>2024-06-23T12:06:12.000Z</time>
        <extensions>
          <ns3:TrackPointExtension>
            <ns3:hr>149</ns3:hr>
            <ns3:cad>0</ns3:cad>
          </ns3:TrackPointExtension>
        </extensions>
      </trkpt>
      <trkpt lat="31.966521777212619781494140625" lon="118.82378644309937953948974609375">
        <ele>6.599999904632568359375</ele>
        <time>2024-06-23T12:06:13.000Z</time>
        <extensions>
          <ns3:TrackPointExtension>
            <ns3:hr>149</ns3:hr>
            <ns3:cad>0</ns3:cad>
          </ns3:TrackPointExtension>
        </extensions>
      </trkpt>
      <trkpt lat="31.96652722544968128204345703125" lon="118.8237840123474597930908203125">
        <ele>6.599999904632568359375</ele>
        <time>2024-06-23T12:06:14.000Z</time>
        <extensions>
          <ns3:TrackPointExtension>
            <ns3:hr>149</ns3:hr>
            <ns3:cad>0</ns3:cad>
          </ns3:TrackPointExtension>
        </extensions>
      </trkpt>
      <trkpt lat="31.96653611026704311370849609375" lon="118.82378074340522289276123046875">
        <ele>6.599999904632568359375</ele>
        <time>2024-06-23T12:06:15.000Z</time>
        <extensions>
          <ns3:TrackPointExtension>
            <ns3:hr>148</ns3:hr>
            <ns3:cad>0</ns3:cad>
          </ns3:TrackPointExtension>
        </extensions>
      </trkpt>
      <trkpt lat="31.9665415585041046142578125" lon="118.8237796537578105926513671875">
        <ele>6.599999904632568359375</ele>
        <time>2024-06-23T12:06:16.000Z</time>
        <extensions>
          <ns3:TrackPointExtension>
            <ns3:hr>148</ns3:hr>
            <ns3:cad>0</ns3:cad>
          </ns3:TrackPointExtension>
        </extensions>
      </trkpt>
      <trkpt lat="31.9665440730750560760498046875" lon="118.82378241978585720062255859375">
        <ele>6.599999904632568359375</ele>
        <time>2024-06-23T12:06:17.000Z</time>
        <extensions>
          <ns3:TrackPointExtension>
            <ns3:hr>148</ns3:hr>
            <ns3:cad>0</ns3:cad>
          </ns3:TrackPointExtension>
        </extensions>
      </trkpt>
      <trkpt lat="31.96654985658824443817138671875" lon="118.82378761656582355499267578125">
        <ele>6.599999904632568359375</ele>
        <time>2024-06-23T12:06:18.000Z</time>
        <extensions>
          <ns3:TrackPointExtension>
            <ns3:hr>148</ns3:hr>
            <ns3:cad>0</ns3:cad>
          </ns3:TrackPointExtension>
        </extensions>
      </trkpt>
      <trkpt lat="31.9665549695491790771484375" lon="118.82379214279353618621826171875">
        <ele>6.599999904632568359375</ele>
        <time>2024-06-23T12:06:19.000Z</time>
        <extensions>
          <ns3:TrackPointExtension>
            <ns3:hr>147</ns3:hr>
            <ns3:cad>0</ns3:cad>
          </ns3:TrackPointExtension>
        </extensions>
      </trkpt>
      <trkpt lat="31.9665603339672088623046875" lon="118.8237944059073925018310546875">
        <ele>6.599999904632568359375</ele>
        <time>2024-06-23T12:06:20.000Z</time>
        <extensions>
          <ns3:TrackPointExtension>
            <ns3:hr>147</ns3:hr>
            <ns3:cad>0</ns3:cad>
          </ns3:TrackPointExtension>
        </extensions>
      </trkpt>
      <trkpt lat="31.9665598310530185699462890625" lon="118.8237950764596462249755859375">
        <ele>6.599999904632568359375</ele>
        <time>2024-06-23T12:06:21.000Z</time>
        <extensions>
          <ns3:TrackPointExtension>
            <ns3:hr>147</ns3:hr>
            <ns3:cad>0</ns3:cad>
          </ns3:TrackPointExtension>
        </extensions>
      </trkpt>
      <trkpt lat="31.966557987034320831298828125" lon="118.82379868067800998687744140625">
        <ele>6.599999904632568359375</ele>
        <time>2024-06-23T12:06:22.000Z</time>
        <extensions>
          <ns3:TrackPointExtension>
            <ns3:hr>147</ns3:hr>
            <ns3:cad>0</ns3:cad>
          </ns3:TrackPointExtension>
        </extensions>
      </trkpt>
      <trkpt lat="31.96656377054750919342041015625" lon="118.8238061405718326568603515625">
        <ele>6.599999904632568359375</ele>
        <time>2024-06-23T12:06:23.000Z</time>
        <extensions>
          <ns3:TrackPointExtension>
            <ns3:hr>146</ns3:hr>
            <ns3:cad>0</ns3:cad>
          </ns3:TrackPointExtension>
        </extensions>
      </trkpt>
      <trkpt lat="31.96655857376754283905029296875" lon="118.82380354218184947967529296875">
        <ele>6.599999904632568359375</ele>
        <time>2024-06-23T12:06:24.000Z</time>
        <extensions>
          <ns3:TrackPointExtension>
            <ns3:hr>146</ns3:hr>
            <ns3:cad>0</ns3:cad>
          </ns3:TrackPointExtension>
        </extensions>
      </trkpt>
      <trkpt lat="31.96663208305835723876953125" lon="118.823758028447628021240234375">
        <ele>6.80000019073486328125</ele>
        <time>2024-06-23T12:08:13.000Z</time>
        <extensions>
          <ns3:TrackPointExtension>
            <ns3:hr>116</ns3:hr>
            <ns3:cad>57</ns3:cad>
          </ns3:TrackPointExtension>
        </extensions>
      </trkpt>
      <trkpt lat="31.9666252098977565765380859375" lon="118.82374738343060016632080078125">
        <ele>6.80000019073486328125</ele>
        <time>2024-06-23T12:08:14.000Z</time>
        <extensions>
          <ns3:TrackPointExtension>
            <ns3:hr>117</ns3:hr>
            <ns3:cad>57</ns3:cad>
          </ns3:TrackPointExtension>
        </extensions>
      </trkpt>
      <trkpt lat="31.96662277914583683013916015625" lon="118.82371569983661174774169921875">
        <ele>6.80000019073486328125</ele>
        <time>2024-06-23T12:08:15.000Z</time>
        <extensions>
          <ns3:TrackPointExtension>
            <ns3:hr>119</ns3:hr>
            <ns3:cad>57</ns3:cad>
          </ns3:TrackPointExtension>
        </extensions>
      </trkpt>
      <trkpt lat="31.96661825291812419891357421875" lon="118.82369005121290683746337890625">
        <ele>6.80000019073486328125</ele>
        <time>2024-06-23T12:08:16.000Z</time>
        <extensions>
          <ns3:TrackPointExtension>
            <ns3:hr>120</ns3:hr>
            <ns3:cad>57</ns3:cad>
          </ns3:TrackPointExtension>
        </extensions>
      </trkpt>
      <trkpt lat="31.96661154739558696746826171875" lon="118.823666162788867950439453125">
        <ele>6.80000019073486328125</ele>
        <time>2024-06-23T12:08:17.000Z</time>
        <extensions>
          <ns3:TrackPointExtension>
            <ns3:hr>120</ns3:hr>
            <ns3:cad>0</ns3:cad>
          </ns3:TrackPointExtension>
        </extensions>
      </trkpt>
      <trkpt lat="31.966608278453350067138671875" lon="118.82364076562225818634033203125">
        <ele>6.599999904632568359375</ele>
        <time>2024-06-23T12:08:18.000Z</time>
        <extensions>
          <ns3:TrackPointExtension>
            <ns3:hr>120</ns3:hr>
            <ns3:cad>0</ns3:cad>
          </ns3:TrackPointExtension>
        </extensions>
      </trkpt>
      <trkpt lat="31.9666091166436672210693359375" lon="118.82361821830272674560546875">
        <ele>6.599999904632568359375</ele>
        <time>2024-06-23T12:08:19.000Z</time>
        <extensions>
          <ns3:TrackPointExtension>
            <ns3:hr>120</ns3:hr>
            <ns3:cad>86</ns3:cad>
          </ns3:TrackPointExtension>
        </extensions>
      </trkpt>
      <trkpt lat="31.966607272624969482421875" lon="118.8235912285745143890380859375">
        <ele>6.599999904632568359375</ele>
        <time>2024-06-23T12:08:20.000Z</time>
        <extensions>
          <ns3:TrackPointExtension>
            <ns3:hr>120</ns3:hr>
            <ns3:cad>86</ns3:cad>
          </ns3:TrackPointExtension>
        </extensions>
      </trkpt>
      <trkpt lat="31.9666040875017642974853515625" lon="118.823564238846302032470703125">
        <ele>6.400000095367431640625</ele>
        <time>2024-06-23T12:08:21.000Z</time>
        <extensions>
          <ns3:TrackPointExtension>
            <ns3:hr>121</ns3:hr>
            <ns3:cad>85</ns3:cad>
          </ns3:TrackPointExtension>
        </extensions>
      </trkpt>
      <trkpt lat="31.96660065092146396636962890625" lon="118.82354118861258029937744140625">
        <ele>6.599999904632568359375</ele>
        <time>2024-06-23T12:08:22.000Z</time>
        <extensions>
          <ns3:TrackPointExtension>
            <ns3:hr>121</ns3:hr>
            <ns3:cad>85</ns3:cad>
          </ns3:TrackPointExtension>
        </extensions>
      </trkpt>
      <trkpt lat="31.9666003994643688201904296875" lon="118.82351755164563655853271484375">
        <ele>6.599999904632568359375</ele>
        <time>2024-06-23T12:08:23.000Z</time>
        <extensions>
          <ns3:TrackPointExtension>
            <ns3:hr>122</ns3:hr>
            <ns3:cad>85</ns3:cad>
          </ns3:TrackPointExtension>
        </extensions>
      </trkpt>
      <trkpt lat="31.96659930981695652008056640625" lon="118.82349190302193164825439453125">
        <ele>6.599999904632568359375</ele>
        <time>2024-06-23T12:08:24.000Z</time>
        <extensions>
          <ns3:TrackPointExtension>
            <ns3:hr>123</ns3:hr>
            <ns3:cad>86</ns3:cad>
          </ns3:TrackPointExtension>
        </extensions>
      </trkpt>
      <trkpt lat="31.96659763343632221221923828125" lon="118.823466002941131591796875">
        <ele>6.599999904632568359375</ele>
        <time>2024-06-23T12:08:25.000Z</time>
        <extensions>
          <ns3:TrackPointExtension>
            <ns3:hr>124</ns3:hr>
            <ns3:cad>86</ns3:cad>
          </ns3:TrackPointExtension>
        </extensions>
      </trkpt>
      <trkpt lat="31.966597549617290496826171875" lon="118.82343842647969722747802734375">
        <ele>6.599999904632568359375</ele>
        <time>2024-06-23T12:08:26.000Z</time>
        <extensions>
          <ns3:TrackPointExtension>
            <ns3:hr>125</ns3:hr>
            <ns3:cad>87</ns3:cad>
          </ns3:TrackPointExtension>
        </extensions>
      </trkpt>
      <trkpt lat="31.96659897454082965850830078125" lon="118.82341076619923114776611328125">
        <ele>6.599999904632568359375</ele>
        <time>2024-06-23T12:08:27.000Z</time>
        <extensions>
          <ns3:TrackPointExtension>
            <ns3:hr>126</ns3:hr>
            <ns3:cad>87</ns3:cad>
          </ns3:TrackPointExtension>
        </extensions>
      </trkpt>
      <trkpt lat="31.96660391986370086669921875" lon="118.82338142953813076019287109375">
        <ele>6.80000019073486328125</ele>
        <time>2024-06-23T12:08:28.000Z</time>
        <extensions>
          <ns3:TrackPointExtension>
            <ns3:hr>127</ns3:hr>
            <ns3:cad>87</ns3:cad>
          </ns3:TrackPointExtension>
        </extensions>
      </trkpt>
      <trkpt lat="31.9666054286062717437744140625" lon="118.82335326634347438812255859375">
        <ele>6.80000019073486328125</ele>
        <time>2024-06-23T12:08:29.000Z</time>
        <extensions>
          <ns3:TrackPointExtension>
            <ns3:hr>128</ns3:hr>
            <ns3:cad>87</ns3:cad>
          </ns3:TrackPointExtension>
        </extensions>
      </trkpt>
      <trkpt lat="31.966604925692081451416015625" lon="118.82333164103329181671142578125">
        <ele>6.80000019073486328125</ele>
        <time>2024-06-23T12:08:30.000Z</time>
        <extensions>
          <ns3:TrackPointExtension>
            <ns3:hr>129</ns3:hr>
            <ns3:cad>87</ns3:cad>
          </ns3:TrackPointExtension>
        </extensions>
      </trkpt>
      <trkpt lat="31.9666064344346523284912109375" lon="118.82330247201025485992431640625">
        <ele>6.80000019073486328125</ele>
        <time>2024-06-23T12:08:31.000Z</time>
        <extensions>
          <ns3:TrackPointExtension>
            <ns3:hr>130</ns3:hr>
            <ns3:cad>87</ns3:cad>
          </ns3:TrackPointExtension>
        </extensions>
      </trkpt>
      <trkpt lat="31.96660785935819149017333984375" lon="118.82327900268137454986572265625">
        <ele>6.80000019073486328125</ele>
        <time>2024-06-23T12:08:32.000Z</time>
        <extensions>
          <ns3:TrackPointExtension>
            <ns3:hr>131</ns3:hr>
            <ns3:cad>87</ns3:cad>
          </ns3:TrackPointExtension>
        </extensions>
      </trkpt>
      <trkpt lat="31.96661188267171382904052734375" lon="118.82324815727770328521728515625">
        <ele>6.80000019073486328125</ele>
        <time>2024-06-23T12:08:33.000Z</time>
        <extensions>
          <ns3:TrackPointExtension>
            <ns3:hr>132</ns3:hr>
            <ns3:cad>87</ns3:cad>
          </ns3:TrackPointExtension>
        </extensions>
      </trkpt>
      <trkpt lat="31.96661288850009441375732421875" lon="118.82322032935917377471923828125">
        <ele>7</ele>
        <time>2024-06-23T12:08:34.000Z</time>
        <extensions>
          <ns3:TrackPointExtension>
            <ns3:hr>133</ns3:hr>
            <ns3:cad>87</ns3:cad>
          </ns3:TrackPointExtension>
        </extensions>
      </trkpt>
      <trkpt lat="31.96661439724266529083251953125" lon="118.82318864576518535614013671875">
        <ele>7</ele>
        <time>2024-06-23T12:08:35.000Z</time>
        <extensions>
          <ns3:TrackPointExtension>
            <ns3:hr>134</ns3:hr>
            <ns3:cad>88</ns3:cad>
          </ns3:TrackPointExtension>
        </extensions>
      </trkpt>
      <trkpt lat="31.96661733090877532958984375" lon="118.82315729744732379913330078125">
        <ele>7</ele>
        <time>2024-06-23T12:08:36.000Z</time>
        <extensions>
          <ns3:TrackPointExtension>
            <ns3:hr>134</ns3:hr>
            <ns3:cad>87</ns3:cad>
          </ns3:TrackPointExtension>
        </extensions>
      </trkpt>
      <trkpt lat="31.9666178338229656219482421875" lon="118.82313550449907779693603515625">
        <ele>7.19999980926513671875</ele>
        <time>2024-06-23T12:08:37.000Z</time>
        <extensions>
          <ns3:TrackPointExtension>
            <ns3:hr>135</ns3:hr>
            <ns3:cad>87</ns3:cad>
          </ns3:TrackPointExtension>
        </extensions>
      </trkpt>
      <trkpt lat="31.96662244386970996856689453125" lon="118.82310231216251850128173828125">
        <ele>7.19999980926513671875</ele>
        <time>2024-06-23T12:08:38.000Z</time>
        <extensions>
          <ns3:TrackPointExtension>
            <ns3:hr>135</ns3:hr>
            <ns3:cad>87</ns3:cad>
          </ns3:TrackPointExtension>
        </extensions>
      </trkpt>
      <trkpt lat="31.966625712811946868896484375" lon="118.823075406253337860107421875">
        <ele>7.400000095367431640625</ele>
        <time>2024-06-23T12:08:39.000Z</time>
        <extensions>
          <ns3:TrackPointExtension>
            <ns3:hr>136</ns3:hr>
            <ns3:cad>86</ns3:cad>
          </ns3:TrackPointExtension>
        </extensions>
      </trkpt>
      <trkpt lat="31.9666248746216297149658203125" lon="118.82304154336452484130859375">
        <ele>7.400000095367431640625</ele>
        <time>2024-06-23T12:08:40.000Z</time>
        <extensions>
          <ns3:TrackPointExtension>
            <ns3:hr>136</ns3:hr>
            <ns3:cad>84</ns3:cad>
          </ns3:TrackPointExtension>
        </extensions>
      </trkpt>
      <trkpt lat="31.9666195102035999298095703125" lon="118.8230112008750438690185546875">
        <ele>7.400000095367431640625</ele>
        <time>2024-06-23T12:08:41.000Z</time>
        <extensions>
          <ns3:TrackPointExtension>
            <ns3:hr>137</ns3:hr>
            <ns3:cad>83</ns3:cad>
          </ns3:TrackPointExtension>
        </extensions>
      </trkpt>
      <trkpt lat="31.9666087813675403594970703125" lon="118.82299016229808330535888671875">
        <ele>7.599999904632568359375</ele>
        <time>2024-06-23T12:08:42.000Z</time>
        <extensions>
          <ns3:TrackPointExtension>
            <ns3:hr>137</ns3:hr>
            <ns3:cad>82</ns3:cad>
          </ns3:TrackPointExtension>
        </extensions>
      </trkpt>
      <trkpt lat="31.96659662760794162750244140625" lon="118.82295839488506317138671875">
        <ele>7.599999904632568359375</ele>
        <time>2024-06-23T12:08:43.000Z</time>
        <extensions>
          <ns3:TrackPointExtension>
            <ns3:hr>138</ns3:hr>
            <ns3:cad>82</ns3:cad>
          </ns3:TrackPointExtension>
        </extensions>
      </trkpt>
      <trkpt lat="31.96658774279057979583740234375" lon="118.82293417118489742279052734375">
        <ele>7.599999904632568359375</ele>
        <time>2024-06-23T12:08:44.000Z</time>
        <extensions>
          <ns3:TrackPointExtension>
            <ns3:hr>138</ns3:hr>
            <ns3:cad>82</ns3:cad>
          </ns3:TrackPointExtension>
        </extensions>
      </trkpt>
      <trkpt lat="31.9665791094303131103515625" lon="118.82290743291378021240234375">
        <ele>7.80000019073486328125</ele>
        <time>2024-06-23T12:08:45.000Z</time>
        <extensions>
          <ns3:TrackPointExtension>
            <ns3:hr>139</ns3:hr>
            <ns3:cad>83</ns3:cad>
          </ns3:TrackPointExtension>
        </extensions>
      </trkpt>
      <trkpt lat="31.96657701395452022552490234375" lon="118.82287549786269664764404296875">
        <ele>7.80000019073486328125</ele>
        <time>2024-06-23T12:08:46.000Z</time>
        <extensions>
          <ns3:TrackPointExtension>
            <ns3:hr>140</ns3:hr>
            <ns3:cad>83</ns3:cad>
          </ns3:TrackPointExtension>
        </extensions>
      </trkpt>
      <trkpt lat="31.9665779359638690948486328125" lon="118.82284699939191341400146484375">
        <ele>7.80000019073486328125</ele>
        <time>2024-06-23T12:08:47.000Z</time>
        <extensions>
          <ns3:TrackPointExtension>
            <ns3:hr>140</ns3:hr>
            <ns3:cad>83</ns3:cad>
          </ns3:TrackPointExtension>
        </extensions>
      </trkpt>
      <trkpt lat="31.96658070199191570281982421875" lon="118.82281648926436901092529296875">
        <ele>8</ele>
        <time>2024-06-23T12:08:48.000Z</time>
        <extensions>
          <ns3:TrackPointExtension>
            <ns3:hr>140</ns3:hr>
            <ns3:cad>83</ns3:cad>
          </ns3:TrackPointExtension>
        </extensions>
      </trkpt>
      <trkpt lat="31.96658489294350147247314453125" lon="118.82278363220393657684326171875">
        <ele>8</ele>
        <time>2024-06-23T12:08:49.000Z</time>
        <extensions>
          <ns3:TrackPointExtension>
            <ns3:hr>140</ns3:hr>
            <ns3:cad>83</ns3:cad>
          </ns3:TrackPointExtension>
        </extensions>
      </trkpt>
      <trkpt lat="31.9665886647999286651611328125" lon="118.82274809293448925018310546875">
        <ele>8.19999980926513671875</ele>
        <time>2024-06-23T12:08:50.000Z</time>
        <extensions>
          <ns3:TrackPointExtension>
            <ns3:hr>141</ns3:hr>
            <ns3:cad>83</ns3:cad>
          </ns3:TrackPointExtension>
        </extensions>
      </trkpt>
      <trkpt lat="31.96659126318991184234619140625" lon="118.82271305657923221588134765625">
        <ele>8.3999996185302734375</ele>
        <time>2024-06-23T12:08:51.000Z</time>
        <extensions>
          <ns3:TrackPointExtension>
            <ns3:hr>141</ns3:hr>
            <ns3:cad>84</ns3:cad>
          </ns3:TrackPointExtension>
        </extensions>
      </trkpt>
      <trkpt lat="31.96659126318991184234619140625" lon="118.82268439047038555145263671875">
        <ele>8.3999996185302734375</ele>
        <time>2024-06-23T12:08:52.000Z</time>
        <extensions>
          <ns3:TrackPointExtension>
            <ns3:hr>141</ns3:hr>
            <ns3:cad>84</ns3:cad>
          </ns3:TrackPointExtension>
        </extensions>
      </trkpt>
      <trkpt lat="31.96659679524600505828857421875" lon="118.8226546347141265869140625">
        <ele>8.3999996185302734375</ele>
        <time>2024-06-23T12:08:53.000Z</time>
        <extensions>
          <ns3:TrackPointExtension>
            <ns3:hr>142</ns3:hr>
            <ns3:cad>84</ns3:cad>
          </ns3:TrackPointExtension>
        </extensions>
      </trkpt>
      <trkpt lat="31.96659495122730731964111328125" lon="118.82262839935719966888427734375">
        <ele>8.3999996185302734375</ele>
        <time>2024-06-23T12:08:54.000Z</time>
        <extensions>
          <ns3:TrackPointExtension>
            <ns3:hr>142</ns3:hr>
            <ns3:cad>85</ns3:cad>
          </ns3:TrackPointExtension>
        </extensions>
      </trkpt>
      <trkpt lat="31.9665978848934173583984375" lon="118.82259629666805267333984375">
        <ele>8.3999996185302734375</ele>
        <time>2024-06-23T12:08:55.000Z</time>
        <extensions>
          <ns3:TrackPointExtension>
            <ns3:hr>143</ns3:hr>
            <ns3:cad>86</ns3:cad>
          </ns3:TrackPointExtension>
        </extensions>
      </trkpt>
      <trkpt lat="31.96660132147371768951416015625" lon="118.82256419397890567779541015625">
        <ele>8.6000003814697265625</ele>
        <time>2024-06-23T12:08:56.000Z</time>
        <extensions>
          <ns3:TrackPointExtension>
            <ns3:hr>145</ns3:hr>
            <ns3:cad>86</ns3:cad>
          </ns3:TrackPointExtension>
        </extensions>
      </trkpt>
      <trkpt lat="31.9666037522256374359130859375" lon="118.82253033109009265899658203125">
        <ele>8.6000003814697265625</ele>
        <time>2024-06-23T12:08:57.000Z</time>
        <extensions>
          <ns3:TrackPointExtension>
            <ns3:hr>146</ns3:hr>
            <ns3:cad>86</ns3:cad>
          </ns3:TrackPointExtension>
        </extensions>
      </trkpt>
      <trkpt lat="31.9666148163378238677978515625" lon="118.82250032387673854827880859375">
        <ele>8.6000003814697265625</ele>
        <time>2024-06-23T12:08:58.000Z</time>
        <extensions>
          <ns3:TrackPointExtension>
            <ns3:hr>147</ns3:hr>
            <ns3:cad>86</ns3:cad>
          </ns3:TrackPointExtension>
        </extensions>
      </trkpt>
      <trkpt lat="31.9666252098977565765380859375" lon="118.8224767707288265228271484375">
        <ele>8.6000003814697265625</ele>
        <time>2024-06-23T12:08:59.000Z</time>
        <extensions>
          <ns3:TrackPointExtension>
            <ns3:hr>147</ns3:hr>
            <ns3:cad>86</ns3:cad>
          </ns3:TrackPointExtension>
        </extensions>
      </trkpt>
      <trkpt lat="31.966641135513782501220703125" lon="118.82245413959026336669921875">
        <ele>8.80000019073486328125</ele>
        <time>2024-06-23T12:09:00.000Z</time>
        <extensions>
          <ns3:TrackPointExtension>
            <ns3:hr>148</ns3:hr>
            <ns3:cad>85</ns3:cad>
          </ns3:TrackPointExtension>
        </extensions>
      </trkpt>
      <trkpt lat="31.9666595757007598876953125" lon="118.8224382139742374420166015625">
        <ele>8.80000019073486328125</ele>
        <time>2024-06-23T12:09:01.000Z</time>
        <extensions>
          <ns3:TrackPointExtension>
            <ns3:hr>148</ns3:hr>
            <ns3:cad>84</ns3:cad>
          </ns3:TrackPointExtension>
        </extensions>
      </trkpt>
      <trkpt lat="31.966682709753513336181640625" lon="118.82242337800562381744384765625">
        <ele>9</ele>
        <time>2024-06-23T12:09:02.000Z</time>
        <extensions>
          <ns3:TrackPointExtension>
            <ns3:hr>149</ns3:hr>
            <ns3:cad>84</ns3:cad>
          </ns3:TrackPointExtension>
        </extensions>
      </trkpt>
      <trkpt lat="31.96671145968139171600341796875" lon="118.82240912877023220062255859375">
        <ele>9</ele>
        <time>2024-06-23T12:09:03.000Z</time>
        <extensions>
          <ns3:TrackPointExtension>
            <ns3:hr>149</ns3:hr>
            <ns3:cad>84</ns3:cad>
          </ns3:TrackPointExtension>
        </extensions>
      </trkpt>
      <trkpt lat="31.96673492901027202606201171875" lon="118.8223946280777454376220703125">
        <ele>9.19999980926513671875</ele>
        <time>2024-06-23T12:09:04.000Z</time>
        <extensions>
          <ns3:TrackPointExtension>
            <ns3:hr>149</ns3:hr>
            <ns3:cad>84</ns3:cad>
          </ns3:TrackPointExtension>
        </extensions>
      </trkpt>
      <trkpt lat="31.966762840747833251953125" lon="118.82238113321363925933837890625">
        <ele>9.19999980926513671875</ele>
        <time>2024-06-23T12:09:05.000Z</time>
        <extensions>
          <ns3:TrackPointExtension>
            <ns3:hr>150</ns3:hr>
            <ns3:cad>85</ns3:cad>
          </ns3:TrackPointExtension>
        </extensions>
      </trkpt>
      <trkpt lat="31.96678203530609607696533203125" lon="118.82237157784402370452880859375">
        <ele>9.19999980926513671875</ele>
        <time>2024-06-23T12:09:06.000Z</time>
        <extensions>
          <ns3:TrackPointExtension>
            <ns3:hr>150</ns3:hr>
            <ns3:cad>85</ns3:cad>
          </ns3:TrackPointExtension>
        </extensions>
      </trkpt>
      <trkpt lat="31.966802068054676055908203125" lon="118.8223668001592159271240234375">
        <ele>9.19999980926513671875</ele>
        <time>2024-06-23T12:09:07.000Z</time>
        <extensions>
          <ns3:TrackPointExtension>
            <ns3:hr>150</ns3:hr>
            <ns3:cad>86</ns3:cad>
          </ns3:TrackPointExtension>
        </extensions>
      </trkpt>
      <trkpt lat="31.9668176583945751190185546875" lon="118.82236654870212078094482421875">
        <ele>9.19999980926513671875</ele>
        <time>2024-06-23T12:09:08.000Z</time>
        <extensions>
          <ns3:TrackPointExtension>
            <ns3:hr>150</ns3:hr>
            <ns3:cad>86</ns3:cad>
          </ns3:TrackPointExtension>
        </extensions>
      </trkpt>
      <trkpt lat="31.9668428041040897369384765625" lon="118.82236830890178680419921875">
        <ele>9.19999980926513671875</ele>
        <time>2024-06-23T12:09:09.000Z</time>
        <extensions>
          <ns3:TrackPointExtension>
            <ns3:hr>150</ns3:hr>
            <ns3:cad>86</ns3:cad>
          </ns3:TrackPointExtension>
        </extensions>
      </trkpt>
      <trkpt lat="31.96686417795717716217041015625" lon="118.82237141020596027374267578125">
        <ele>9.19999980926513671875</ele>
        <time>2024-06-23T12:09:10.000Z</time>
        <extensions>
          <ns3:TrackPointExtension>
            <ns3:hr>151</ns3:hr>
            <ns3:cad>86</ns3:cad>
          </ns3:TrackPointExtension>
        </extensions>
      </trkpt>
      <trkpt lat="31.9668880663812160491943359375" lon="118.82236923091113567352294921875">
        <ele>9.19999980926513671875</ele>
        <time>2024-06-23T12:09:11.000Z</time>
        <extensions>
          <ns3:TrackPointExtension>
            <ns3:hr>151</ns3:hr>
            <ns3:cad>86</ns3:cad>
          </ns3:TrackPointExtension>
        </extensions>
      </trkpt>
      <trkpt lat="31.96691497229039669036865234375" lon="118.82236772216856479644775390625">
        <ele>9.19999980926513671875</ele>
        <time>2024-06-23T12:09:12.000Z</time>
        <extensions>
          <ns3:TrackPointExtension>
            <ns3:hr>151</ns3:hr>
            <ns3:cad>86</ns3:cad>
          </ns3:TrackPointExtension>
        </extensions>
      </trkpt>
      <trkpt lat="31.96693575941026210784912109375" lon="118.822362609207630157470703125">
        <ele>9.19999980926513671875</ele>
        <time>2024-06-23T12:09:13.000Z</time>
        <extensions>
          <ns3:TrackPointExtension>
            <ns3:hr>151</ns3:hr>
            <ns3:cad>86</ns3:cad>
          </ns3:TrackPointExtension>
        </extensions>
      </trkpt>
      <trkpt lat="31.96696325205266475677490234375" lon="118.82235950790345668792724609375">
        <ele>9.19999980926513671875</ele>
        <time>2024-06-23T12:09:14.000Z</time>
        <extensions>
          <ns3:TrackPointExtension>
            <ns3:hr>151</ns3:hr>
            <ns3:cad>86</ns3:cad>
          </ns3:TrackPointExtension>
        </extensions>
      </trkpt>
      <trkpt lat="31.96698387153446674346923828125" lon="118.82235598750412464141845703125">
        <ele>9.19999980926513671875</ele>
        <time>2024-06-23T12:09:15.000Z</time>
        <extensions>
          <ns3:TrackPointExtension>
            <ns3:hr>151</ns3:hr>
            <ns3:cad>87</ns3:cad>
          </ns3:TrackPointExtension>
        </extensions>
      </trkpt>
      <trkpt lat="31.96701186709105968475341796875" lon="118.82235581986606121063232421875">
        <ele>9.19999980926513671875</ele>
        <time>2024-06-23T12:09:16.000Z</time>
        <extensions>
          <ns3:TrackPointExtension>
            <ns3:hr>151</ns3:hr>
            <ns3:cad>87</ns3:cad>
          </ns3:TrackPointExtension>
        </extensions>
      </trkpt>
      <trkpt lat="31.967038773000240325927734375" lon="118.82235229946672916412353515625">
        <ele>9.19999980926513671875</ele>
        <time>2024-06-23T12:09:17.000Z</time>
        <extensions>
          <ns3:TrackPointExtension>
            <ns3:hr>151</ns3:hr>
            <ns3:cad>87</ns3:cad>
          </ns3:TrackPointExtension>
        </extensions>
      </trkpt>
      <trkpt lat="31.9670667685568332672119140625" lon="118.82235129363834857940673828125">
        <ele>9.19999980926513671875</ele>
        <time>2024-06-23T12:09:18.000Z</time>
        <extensions>
          <ns3:TrackPointExtension>
            <ns3:hr>151</ns3:hr>
            <ns3:cad>87</ns3:cad>
          </ns3:TrackPointExtension>
        </extensions>
      </trkpt>
      <trkpt lat="31.9670949317514896392822265625" lon="118.82235196419060230255126953125">
        <ele>9.19999980926513671875</ele>
        <time>2024-06-23T12:09:19.000Z</time>
        <extensions>
          <ns3:TrackPointExtension>
            <ns3:hr>151</ns3:hr>
            <ns3:cad>87</ns3:cad>
          </ns3:TrackPointExtension>
        </extensions>
      </trkpt>
      <trkpt lat="31.967122592031955718994140625" lon="118.82235129363834857940673828125">
        <ele>9.19999980926513671875</ele>
        <time>2024-06-23T12:09:20.000Z</time>
        <extensions>
          <ns3:TrackPointExtension>
            <ns3:hr>151</ns3:hr>
            <ns3:cad>87</ns3:cad>
          </ns3:TrackPointExtension>
        </extensions>
      </trkpt>
      <trkpt lat="31.96715083904564380645751953125" lon="118.8223542273044586181640625">
        <ele>9.19999980926513671875</ele>
        <time>2024-06-23T12:09:21.000Z</time>
        <extensions>
          <ns3:TrackPointExtension>
            <ns3:hr>152</ns3:hr>
            <ns3:cad>87</ns3:cad>
          </ns3:TrackPointExtension>
        </extensions>
      </trkpt>
      <trkpt lat="31.9671777449548244476318359375" lon="118.82235313765704631805419921875">
        <ele>9.19999980926513671875</ele>
        <time>2024-06-23T12:09:22.000Z</time>
        <extensions>
          <ns3:TrackPointExtension>
            <ns3:hr>152</ns3:hr>
            <ns3:cad>87</ns3:cad>
          </ns3:TrackPointExtension>
        </extensions>
      </trkpt>
      <trkpt lat="31.9672094285488128662109375" lon="118.8223542273044586181640625">
        <ele>9.19999980926513671875</ele>
        <time>2024-06-23T12:09:23.000Z</time>
        <extensions>
          <ns3:TrackPointExtension>
            <ns3:hr>152</ns3:hr>
            <ns3:cad>87</ns3:cad>
          </ns3:TrackPointExtension>
        </extensions>
      </trkpt>
      <trkpt lat="31.96723960340023040771484375" lon="118.82234928198158740997314453125">
        <ele>9.19999980926513671875</ele>
        <time>2024-06-23T12:09:24.000Z</time>
        <extensions>
          <ns3:TrackPointExtension>
            <ns3:hr>152</ns3:hr>
            <ns3:cad>86</ns3:cad>
          </ns3:TrackPointExtension>
        </extensions>
      </trkpt>
      <trkpt lat="31.96727237664163112640380859375" lon="118.82234810851514339447021484375">
        <ele>9.19999980926513671875</ele>
        <time>2024-06-23T12:09:25.000Z</time>
        <extensions>
          <ns3:TrackPointExtension>
            <ns3:hr>152</ns3:hr>
            <ns3:cad>86</ns3:cad>
          </ns3:TrackPointExtension>
        </extensions>
      </trkpt>
      <trkpt lat="31.9672960974276065826416015625" lon="118.82234928198158740997314453125">
        <ele>9.19999980926513671875</ele>
        <time>2024-06-23T12:09:26.000Z</time>
        <extensions>
          <ns3:TrackPointExtension>
            <ns3:hr>152</ns3:hr>
            <ns3:cad>86</ns3:cad>
          </ns3:TrackPointExtension>
        </extensions>
      </trkpt>
      <trkpt lat="31.9673193991184234619140625" lon="118.8223500363528728485107421875">
        <ele>9.19999980926513671875</ele>
        <time>2024-06-23T12:09:27.000Z</time>
        <extensions>
          <ns3:TrackPointExtension>
            <ns3:hr>153</ns3:hr>
            <ns3:cad>86</ns3:cad>
          </ns3:TrackPointExtension>
        </extensions>
      </trkpt>
      <trkpt lat="31.96733976714313030242919921875" lon="118.822352550923824310302734375">
        <ele>9.19999980926513671875</ele>
        <time>2024-06-23T12:09:28.000Z</time>
        <extensions>
          <ns3:TrackPointExtension>
            <ns3:hr>153</ns3:hr>
            <ns3:cad>86</ns3:cad>
          </ns3:TrackPointExtension>
        </extensions>
      </trkpt>
      <trkpt lat="31.96736357174813747406005859375" lon="118.822351209819316864013671875">
        <ele>9.19999980926513671875</ele>
        <time>2024-06-23T12:09:29.000Z</time>
        <extensions>
          <ns3:TrackPointExtension>
            <ns3:hr>154</ns3:hr>
            <ns3:cad>86</ns3:cad>
          </ns3:TrackPointExtension>
        </extensions>
      </trkpt>
      <trkpt lat="31.9673919863998889923095703125" lon="118.82235045544803142547607421875">
        <ele>9.19999980926513671875</ele>
        <time>2024-06-23T12:09:30.000Z</time>
        <extensions>
          <ns3:TrackPointExtension>
            <ns3:hr>154</ns3:hr>
            <ns3:cad>86</ns3:cad>
          </ns3:TrackPointExtension>
        </extensions>
      </trkpt>
      <trkpt lat="31.967416964471340179443359375" lon="118.82234827615320682525634765625">
        <ele>9.19999980926513671875</ele>
        <time>2024-06-23T12:09:31.000Z</time>
        <extensions>
          <ns3:TrackPointExtension>
            <ns3:hr>154</ns3:hr>
            <ns3:cad>86</ns3:cad>
          </ns3:TrackPointExtension>
        </extensions>
      </trkpt>
      <trkpt lat="31.9674439541995525360107421875" lon="118.82234626449644565582275390625">
        <ele>9.19999980926513671875</ele>
        <time>2024-06-23T12:09:32.000Z</time>
        <extensions>
          <ns3:TrackPointExtension>
            <ns3:hr>155</ns3:hr>
            <ns3:cad>86</ns3:cad>
          </ns3:TrackPointExtension>
        </extensions>
      </trkpt>
      <trkpt lat="31.967471949756145477294921875" lon="118.82233746349811553955078125">
        <ele>9.19999980926513671875</ele>
        <time>2024-06-23T12:09:33.000Z</time>
        <extensions>
          <ns3:TrackPointExtension>
            <ns3:hr>155</ns3:hr>
            <ns3:cad>86</ns3:cad>
          </ns3:TrackPointExtension>
        </extensions>
      </trkpt>
      <trkpt lat="31.9675004482269287109375" lon="118.82233469747006893157958984375">
        <ele>9.19999980926513671875</ele>
        <time>2024-06-23T12:09:34.000Z</time>
        <extensions>
          <ns3:TrackPointExtension>
            <ns3:hr>156</ns3:hr>
            <ns3:cad>87</ns3:cad>
          </ns3:TrackPointExtension>
        </extensions>
      </trkpt>
      <trkpt lat="31.96752266027033329010009765625" lon="118.82233452983200550079345703125">
        <ele>9</ele>
        <time>2024-06-23T12:09:35.000Z</time>
        <extensions>
          <ns3:TrackPointExtension>
            <ns3:hr>158</ns3:hr>
            <ns3:cad>88</ns3:cad>
          </ns3:TrackPointExtension>
        </extensions>
      </trkpt>
      <trkpt lat="31.96754671633243560791015625" lon="118.822335787117481231689453125">
        <ele>9.19999980926513671875</ele>
        <time>2024-06-23T12:09:36.000Z</time>
        <extensions>
          <ns3:TrackPointExtension>
            <ns3:hr>159</ns3:hr>
            <ns3:cad>89</ns3:cad>
          </ns3:TrackPointExtension>
        </extensions>
      </trkpt>
      <trkpt lat="31.96757278405129909515380859375" lon="118.8223366253077983856201171875">
        <ele>9.19999980926513671875</ele>
        <time>2024-06-23T12:09:37.000Z</time>
        <extensions>
          <ns3:TrackPointExtension>
            <ns3:hr>159</ns3:hr>
            <ns3:cad>89</ns3:cad>
          </ns3:TrackPointExtension>
        </extensions>
      </trkpt>
      <trkpt lat="31.9675988517701625823974609375" lon="118.8223393075168132781982421875">
        <ele>9.19999980926513671875</ele>
        <time>2024-06-23T12:09:38.000Z</time>
        <extensions>
          <ns3:TrackPointExtension>
            <ns3:hr>160</ns3:hr>
            <ns3:cad>87</ns3:cad>
          </ns3:TrackPointExtension>
        </extensions>
      </trkpt>
      <trkpt lat="31.9676283560693264007568359375" lon="118.8223416544497013092041015625">
        <ele>9.3999996185302734375</ele>
        <time>2024-06-23T12:09:39.000Z</time>
        <extensions>
          <ns3:TrackPointExtension>
            <ns3:hr>160</ns3:hr>
            <ns3:cad>87</ns3:cad>
          </ns3:TrackPointExtension>
        </extensions>
      </trkpt>
      <trkpt lat="31.96765492670238018035888671875" lon="118.82234416902065277099609375">
        <ele>9.6000003814697265625</ele>
        <time>2024-06-23T12:09:40.000Z</time>
        <extensions>
          <ns3:TrackPointExtension>
            <ns3:hr>160</ns3:hr>
            <ns3:cad>87</ns3:cad>
          </ns3:TrackPointExtension>
        </extensions>
      </trkpt>
      <trkpt lat="31.967680156230926513671875" lon="118.8223446719348430633544921875">
        <ele>9.6000003814697265625</ele>
        <time>2024-06-23T12:09:41.000Z</time>
        <extensions>
          <ns3:TrackPointExtension>
            <ns3:hr>160</ns3:hr>
            <ns3:cad>87</ns3:cad>
          </ns3:TrackPointExtension>
        </extensions>
      </trkpt>
      <trkpt lat="31.967699937522411346435546875" lon="118.8223440013825893402099609375">
        <ele>9.6000003814697265625</ele>
        <time>2024-06-23T12:09:42.000Z</time>
        <extensions>
          <ns3:TrackPointExtension>
            <ns3:hr>160</ns3:hr>
            <ns3:cad>87</ns3:cad>
          </ns3:TrackPointExtension>
        </extensions>
      </trkpt>
      <trkpt lat="31.96772751398384571075439453125" lon="118.82234659977257251739501953125">
        <ele>9.6000003814697265625</ele>
        <time>2024-06-23T12:09:43.000Z</time>
        <extensions>
          <ns3:TrackPointExtension>
            <ns3:hr>160</ns3:hr>
            <ns3:cad>87</ns3:cad>
          </ns3:TrackPointExtension>
        </extensions>
      </trkpt>
      <trkpt lat="31.967749893665313720703125" lon="118.8223436661064624786376953125">
        <ele>9.6000003814697265625</ele>
        <time>2024-06-23T12:09:44.000Z</time>
        <extensions>
          <ns3:TrackPointExtension>
            <ns3:hr>160</ns3:hr>
            <ns3:cad>87</ns3:cad>
          </ns3:TrackPointExtension>
        </extensions>
      </trkpt>
      <trkpt lat="31.9677765481173992156982421875" lon="118.8223393075168132781982421875">
        <ele>9.3999996185302734375</ele>
        <time>2024-06-23T12:09:45.000Z</time>
        <extensions>
          <ns3:TrackPointExtension>
            <ns3:hr>160</ns3:hr>
            <ns3:cad>87</ns3:cad>
          </ns3:TrackPointExtension>
        </extensions>
      </trkpt>
      <trkpt lat="31.9678021967411041259765625" lon="118.8223389722406864166259765625">
        <ele>9.19999980926513671875</ele>
        <time>2024-06-23T12:09:46.000Z</time>
        <extensions>
          <ns3:TrackPointExtension>
            <ns3:hr>159</ns3:hr>
            <ns3:cad>86</ns3:cad>
          </ns3:TrackPointExtension>
        </extensions>
      </trkpt>
      <trkpt lat="31.96782642044126987457275390625" lon="118.82233570329844951629638671875">
        <ele>9.19999980926513671875</ele>
        <time>2024-06-23T12:09:47.000Z</time>
        <extensions>
          <ns3:TrackPointExtension>
            <ns3:hr>159</ns3:hr>
            <ns3:cad>86</ns3:cad>
          </ns3:TrackPointExtension>
        </extensions>
      </trkpt>
      <trkpt lat="31.96785072796046733856201171875" lon="118.82233788259327411651611328125">
        <ele>9.19999980926513671875</ele>
        <time>2024-06-23T12:09:48.000Z</time>
        <extensions>
          <ns3:TrackPointExtension>
            <ns3:hr>160</ns3:hr>
            <ns3:cad>86</ns3:cad>
          </ns3:TrackPointExtension>
        </extensions>
      </trkpt>
      <trkpt lat="31.967872940003871917724609375" lon="118.82233335636556148529052734375">
        <ele>9.19999980926513671875</ele>
        <time>2024-06-23T12:09:49.000Z</time>
        <extensions>
          <ns3:TrackPointExtension>
            <ns3:hr>160</ns3:hr>
            <ns3:cad>86</ns3:cad>
          </ns3:TrackPointExtension>
        </extensions>
      </trkpt>
      <trkpt lat="31.96789531968533992767333984375" lon="118.82233142852783203125">
        <ele>9.19999980926513671875</ele>
        <time>2024-06-23T12:09:50.000Z</time>
        <extensions>
          <ns3:TrackPointExtension>
            <ns3:hr>160</ns3:hr>
            <ns3:cad>86</ns3:cad>
          </ns3:TrackPointExtension>
        </extensions>
      </trkpt>
      <trkpt lat="31.9679207168519496917724609375" lon="118.82232698611915111541748046875">
        <ele>9.19999980926513671875</ele>
        <time>2024-06-23T12:09:51.000Z</time>
        <extensions>
          <ns3:TrackPointExtension>
            <ns3:hr>158</ns3:hr>
            <ns3:cad>86</ns3:cad>
          </ns3:TrackPointExtension>
        </extensions>
      </trkpt>
      <trkpt lat="31.967949382960796356201171875" lon="118.82232547737658023834228515625">
        <ele>9.19999980926513671875</ele>
        <time>2024-06-23T12:09:52.000Z</time>
        <extensions>
          <ns3:TrackPointExtension>
            <ns3:hr>156</ns3:hr>
            <ns3:cad>86</ns3:cad>
          </ns3:TrackPointExtension>
        </extensions>
      </trkpt>
      <trkpt lat="31.96797075681388378143310546875" lon="118.8223215378820896148681640625">
        <ele>9.19999980926513671875</ele>
        <time>2024-06-23T12:09:53.000Z</time>
        <extensions>
          <ns3:TrackPointExtension>
            <ns3:hr>155</ns3:hr>
            <ns3:cad>86</ns3:cad>
          </ns3:TrackPointExtension>
        </extensions>
      </trkpt>
      <trkpt lat="31.96799774654209613800048828125" lon="118.82231877185404300689697265625">
        <ele>9.19999980926513671875</ele>
        <time>2024-06-23T12:09:54.000Z</time>
        <extensions>
          <ns3:TrackPointExtension>
            <ns3:hr>155</ns3:hr>
            <ns3:cad>86</ns3:cad>
          </ns3:TrackPointExtension>
        </extensions>
      </trkpt>
      <trkpt lat="31.968025825917720794677734375" lon="118.8223139941692352294921875">
        <ele>9.19999980926513671875</ele>
        <time>2024-06-23T12:09:55.000Z</time>
        <extensions>
          <ns3:TrackPointExtension>
            <ns3:hr>155</ns3:hr>
            <ns3:cad>86</ns3:cad>
          </ns3:TrackPointExtension>
        </extensions>
      </trkpt>
      <trkpt lat="31.96804963052272796630859375" lon="118.8223047740757465362548828125">
        <ele>9.19999980926513671875</ele>
        <time>2024-06-23T12:09:56.000Z</time>
        <extensions>
          <ns3:TrackPointExtension>
            <ns3:hr>156</ns3:hr>
            <ns3:cad>86</ns3:cad>
          </ns3:TrackPointExtension>
        </extensions>
      </trkpt>
      <trkpt lat="31.9680705852806568145751953125" lon="118.8223014213144779205322265625">
        <ele>9.19999980926513671875</ele>
        <time>2024-06-23T12:09:57.000Z</time>
        <extensions>
          <ns3:TrackPointExtension>
            <ns3:hr>157</ns3:hr>
            <ns3:cad>86</ns3:cad>
          </ns3:TrackPointExtension>
        </extensions>
      </trkpt>
      <trkpt lat="31.9680943898856639862060546875" lon="118.822299577295780181884765625">
        <ele>9.19999980926513671875</ele>
        <time>2024-06-23T12:09:58.000Z</time>
        <extensions>
          <ns3:TrackPointExtension>
            <ns3:hr>157</ns3:hr>
            <ns3:cad>86</ns3:cad>
          </ns3:TrackPointExtension>
        </extensions>
      </trkpt>
      <trkpt lat="31.96811609901487827301025390625" lon="118.8223032653331756591796875">
        <ele>9.19999980926513671875</ele>
        <time>2024-06-23T12:09:59.000Z</time>
        <extensions>
          <ns3:TrackPointExtension>
            <ns3:hr>157</ns3:hr>
            <ns3:cad>86</ns3:cad>
          </ns3:TrackPointExtension>
        </extensions>
      </trkpt>
      <trkpt lat="31.9681393168866634368896484375" lon="118.82230418734252452850341796875">
        <ele>9.19999980926513671875</ele>
        <time>2024-06-23T12:10:00.000Z</time>
        <extensions>
          <ns3:TrackPointExtension>
            <ns3:hr>157</ns3:hr>
            <ns3:cad>87</ns3:cad>
          </ns3:TrackPointExtension>
        </extensions>
      </trkpt>
      <trkpt lat="31.96816320531070232391357421875" lon="118.82230485789477825164794921875">
        <ele>9.19999980926513671875</ele>
        <time>2024-06-23T12:10:01.000Z</time>
        <extensions>
          <ns3:TrackPointExtension>
            <ns3:hr>157</ns3:hr>
            <ns3:cad>87</ns3:cad>
          </ns3:TrackPointExtension>
        </extensions>
      </trkpt>
      <trkpt lat="31.9681857526302337646484375" lon="118.82230469025671482086181640625">
        <ele>9.19999980926513671875</ele>
        <time>2024-06-23T12:10:02.000Z</time>
        <extensions>
          <ns3:TrackPointExtension>
            <ns3:hr>157</ns3:hr>
            <ns3:cad>87</ns3:cad>
          </ns3:TrackPointExtension>
        </extensions>
      </trkpt>
      <trkpt lat="31.968211233615875244140625" lon="118.8223061151802539825439453125">
        <ele>9.19999980926513671875</ele>
        <time>2024-06-23T12:10:03.000Z</time>
        <extensions>
          <ns3:TrackPointExtension>
            <ns3:hr>157</ns3:hr>
            <ns3:cad>87</ns3:cad>
          </ns3:TrackPointExtension>
        </extensions>
      </trkpt>
      <trkpt lat="31.96823478676378726959228515625" lon="118.82230703718960285186767578125">
        <ele>9.19999980926513671875</ele>
        <time>2024-06-23T12:10:04.000Z</time>
        <extensions>
          <ns3:TrackPointExtension>
            <ns3:hr>158</ns3:hr>
            <ns3:cad>86</ns3:cad>
          </ns3:TrackPointExtension>
        </extensions>
      </trkpt>
      <trkpt lat="31.96826026774942874908447265625" lon="118.8223047740757465362548828125">
        <ele>9.19999980926513671875</ele>
        <time>2024-06-23T12:10:05.000Z</time>
        <extensions>
          <ns3:TrackPointExtension>
            <ns3:hr>157</ns3:hr>
            <ns3:cad>86</ns3:cad>
          </ns3:TrackPointExtension>
        </extensions>
      </trkpt>
      <trkpt lat="31.96828356944024562835693359375" lon="118.82230904884636402130126953125">
        <ele>9.19999980926513671875</ele>
        <time>2024-06-23T12:10:06.000Z</time>
        <extensions>
          <ns3:TrackPointExtension>
            <ns3:hr>157</ns3:hr>
            <ns3:cad>86</ns3:cad>
          </ns3:TrackPointExtension>
        </extensions>
      </trkpt>
      <trkpt lat="31.96831173263490200042724609375" lon="118.82231005467474460601806640625">
        <ele>9.19999980926513671875</ele>
        <time>2024-06-23T12:10:07.000Z</time>
        <extensions>
          <ns3:TrackPointExtension>
            <ns3:hr>156</ns3:hr>
            <ns3:cad>86</ns3:cad>
          </ns3:TrackPointExtension>
        </extensions>
      </trkpt>
      <trkpt lat="31.9683381356298923492431640625" lon="118.82231826893985271453857421875">
        <ele>9.3999996185302734375</ele>
        <time>2024-06-23T12:10:08.000Z</time>
        <extensions>
          <ns3:TrackPointExtension>
            <ns3:hr>156</ns3:hr>
            <ns3:cad>86</ns3:cad>
          </ns3:TrackPointExtension>
        </extensions>
      </trkpt>
      <trkpt lat="31.96836520917713642120361328125" lon="118.822323717176914215087890625">
        <ele>9.6000003814697265625</ele>
        <time>2024-06-23T12:10:09.000Z</time>
        <extensions>
          <ns3:TrackPointExtension>
            <ns3:hr>156</ns3:hr>
            <ns3:cad>86</ns3:cad>
          </ns3:TrackPointExtension>
        </extensions>
      </trkpt>
      <trkpt lat="31.9683934561908245086669921875" lon="118.82233452983200550079345703125">
        <ele>9.6000003814697265625</ele>
        <time>2024-06-23T12:10:10.000Z</time>
        <extensions>
          <ns3:TrackPointExtension>
            <ns3:hr>156</ns3:hr>
            <ns3:cad>87</ns3:cad>
          </ns3:TrackPointExtension>
        </extensions>
      </trkpt>
      <trkpt lat="31.96842203848063945770263671875" lon="118.82234282791614532470703125">
        <ele>9.6000003814697265625</ele>
        <time>2024-06-23T12:10:11.000Z</time>
        <extensions>
          <ns3:TrackPointExtension>
            <ns3:hr>156</ns3:hr>
            <ns3:cad>87</ns3:cad>
          </ns3:TrackPointExtension>
        </extensions>
      </trkpt>
      <trkpt lat="31.96844433434307575225830078125" lon="118.8223543949425220489501953125">
        <ele>9.6000003814697265625</ele>
        <time>2024-06-23T12:10:12.000Z</time>
        <extensions>
          <ns3:TrackPointExtension>
            <ns3:hr>156</ns3:hr>
            <ns3:cad>88</ns3:cad>
          </ns3:TrackPointExtension>
        </extensions>
      </trkpt>
      <trkpt lat="31.9684675522148609161376953125" lon="118.82236805744469165802001953125">
        <ele>9.6000003814697265625</ele>
        <time>2024-06-23T12:10:13.000Z</time>
        <extensions>
          <ns3:TrackPointExtension>
            <ns3:hr>156</ns3:hr>
            <ns3:cad>88</ns3:cad>
          </ns3:TrackPointExtension>
        </extensions>
      </trkpt>
      <trkpt lat="31.96849412284791469573974609375" lon="118.82238280959427356719970703125">
        <ele>9.6000003814697265625</ele>
        <time>2024-06-23T12:10:14.000Z</time>
        <extensions>
          <ns3:TrackPointExtension>
            <ns3:hr>156</ns3:hr>
            <ns3:cad>87</ns3:cad>
          </ns3:TrackPointExtension>
        </extensions>
      </trkpt>
      <trkpt lat="31.96851767599582672119140625" lon="118.8223969750106334686279296875">
        <ele>9.6000003814697265625</ele>
        <time>2024-06-23T12:10:15.000Z</time>
        <extensions>
          <ns3:TrackPointExtension>
            <ns3:hr>156</ns3:hr>
            <ns3:cad>86</ns3:cad>
          </ns3:TrackPointExtension>
        </extensions>
      </trkpt>
      <trkpt lat="31.96854609064757823944091796875" lon="118.82241315208375453948974609375">
        <ele>9.6000003814697265625</ele>
        <time>2024-06-23T12:10:16.000Z</time>
        <extensions>
          <ns3:TrackPointExtension>
            <ns3:hr>156</ns3:hr>
            <ns3:cad>86</ns3:cad>
          </ns3:TrackPointExtension>
        </extensions>
      </trkpt>
      <trkpt lat="31.968569643795490264892578125" lon="118.82243134081363677978515625">
        <ele>9.6000003814697265625</ele>
        <time>2024-06-23T12:10:17.000Z</time>
        <extensions>
          <ns3:TrackPointExtension>
            <ns3:hr>157</ns3:hr>
            <ns3:cad>86</ns3:cad>
          </ns3:TrackPointExtension>
        </extensions>
      </trkpt>
      <trkpt lat="31.9685969687998294830322265625" lon="118.82244835607707500457763671875">
        <ele>9.6000003814697265625</ele>
        <time>2024-06-23T12:10:18.000Z</time>
        <extensions>
          <ns3:TrackPointExtension>
            <ns3:hr>157</ns3:hr>
            <ns3:cad>88</ns3:cad>
          </ns3:TrackPointExtension>
        </extensions>
      </trkpt>
      <trkpt lat="31.96862152777612209320068359375" lon="118.82246889173984527587890625">
        <ele>9.6000003814697265625</ele>
        <time>2024-06-23T12:10:19.000Z</time>
        <extensions>
          <ns3:TrackPointExtension>
            <ns3:hr>157</ns3:hr>
            <ns3:cad>88</ns3:cad>
          </ns3:TrackPointExtension>
        </extensions>
      </trkpt>
      <trkpt lat="31.968645751476287841796875" lon="118.82248506881296634674072265625">
        <ele>9.6000003814697265625</ele>
        <time>2024-06-23T12:10:20.000Z</time>
        <extensions>
          <ns3:TrackPointExtension>
            <ns3:hr>157</ns3:hr>
            <ns3:cad>87</ns3:cad>
          </ns3:TrackPointExtension>
        </extensions>
      </trkpt>
      <trkpt lat="31.96866863407194614410400390625" lon="118.82250518538057804107666015625">
        <ele>9.6000003814697265625</ele>
        <time>2024-06-23T12:10:21.000Z</time>
        <extensions>
          <ns3:TrackPointExtension>
            <ns3:hr>157</ns3:hr>
            <ns3:cad>87</ns3:cad>
          </ns3:TrackPointExtension>
        </extensions>
      </trkpt>
      <trkpt lat="31.96868992410600185394287109375" lon="118.82252245210111141204833984375">
        <ele>9.6000003814697265625</ele>
        <time>2024-06-23T12:10:22.000Z</time>
        <extensions>
          <ns3:TrackPointExtension>
            <ns3:hr>156</ns3:hr>
            <ns3:cad>87</ns3:cad>
          </ns3:TrackPointExtension>
        </extensions>
      </trkpt>
      <trkpt lat="31.96871054358780384063720703125" lon="118.82254541851580142974853515625">
        <ele>9.6000003814697265625</ele>
        <time>2024-06-23T12:10:23.000Z</time>
        <extensions>
          <ns3:TrackPointExtension>
            <ns3:hr>157</ns3:hr>
            <ns3:cad>87</ns3:cad>
          </ns3:TrackPointExtension>
        </extensions>
      </trkpt>
      <trkpt lat="31.96873015724122524261474609375" lon="118.8225676305592060089111328125">
        <ele>9.6000003814697265625</ele>
        <time>2024-06-23T12:10:24.000Z</time>
        <extensions>
          <ns3:TrackPointExtension>
            <ns3:hr>157</ns3:hr>
            <ns3:cad>87</ns3:cad>
          </ns3:TrackPointExtension>
        </extensions>
      </trkpt>
      <trkpt lat="31.96874926798045635223388671875" lon="118.82258833386003971099853515625">
        <ele>9.6000003814697265625</ele>
        <time>2024-06-23T12:10:25.000Z</time>
        <extensions>
          <ns3:TrackPointExtension>
            <ns3:hr>157</ns3:hr>
            <ns3:cad>87</ns3:cad>
          </ns3:TrackPointExtension>
        </extensions>
      </trkpt>
      <trkpt lat="31.96876519359648227691650390625" lon="118.8226115517318248748779296875">
        <ele>9.6000003814697265625</ele>
        <time>2024-06-23T12:10:26.000Z</time>
        <extensions>
          <ns3:TrackPointExtension>
            <ns3:hr>157</ns3:hr>
            <ns3:cad>87</ns3:cad>
          </ns3:TrackPointExtension>
        </extensions>
      </trkpt>
      <trkpt lat="31.968782879412174224853515625" lon="118.82263309322297573089599609375">
        <ele>9.6000003814697265625</ele>
        <time>2024-06-23T12:10:27.000Z</time>
        <extensions>
          <ns3:TrackPointExtension>
            <ns3:hr>158</ns3:hr>
            <ns3:cad>86</ns3:cad>
          </ns3:TrackPointExtension>
        </extensions>
      </trkpt>
      <trkpt lat="31.9687998108565807342529296875" lon="118.8226591609418392181396484375">
        <ele>9.6000003814697265625</ele>
        <time>2024-06-23T12:10:28.000Z</time>
        <extensions>
          <ns3:TrackPointExtension>
            <ns3:hr>158</ns3:hr>
            <ns3:cad>86</ns3:cad>
          </ns3:TrackPointExtension>
        </extensions>
      </trkpt>
      <trkpt lat="31.96881833486258983612060546875" lon="118.8226809538900852203369140625">
        <ele>9.6000003814697265625</ele>
        <time>2024-06-23T12:10:29.000Z</time>
        <extensions>
          <ns3:TrackPointExtension>
            <ns3:hr>158</ns3:hr>
            <ns3:cad>86</ns3:cad>
          </ns3:TrackPointExtension>
        </extensions>
      </trkpt>
      <trkpt lat="31.96883459575474262237548828125" lon="118.82270970381796360015869140625">
        <ele>9.6000003814697265625</ele>
        <time>2024-06-23T12:10:30.000Z</time>
        <extensions>
          <ns3:TrackPointExtension>
            <ns3:hr>159</ns3:hr>
            <ns3:cad>86</ns3:cad>
          </ns3:TrackPointExtension>
        </extensions>
      </trkpt>
      <trkpt lat="31.9688490964472293853759765625" lon="118.82273434661328792572021484375">
        <ele>9.6000003814697265625</ele>
        <time>2024-06-23T12:10:31.000Z</time>
        <extensions>
          <ns3:TrackPointExtension>
            <ns3:hr>159</ns3:hr>
            <ns3:cad>86</ns3:cad>
          </ns3:TrackPointExtension>
        </extensions>
      </trkpt>
      <trkpt lat="31.96885638870298862457275390625" lon="118.82276250980794429779052734375">
        <ele>9.6000003814697265625</ele>
        <time>2024-06-23T12:10:32.000Z</time>
        <extensions>
          <ns3:TrackPointExtension>
            <ns3:hr>159</ns3:hr>
            <ns3:cad>86</ns3:cad>
          </ns3:TrackPointExtension>
        </extensions>
      </trkpt>
      <trkpt lat="31.96886359713971614837646484375" lon="118.8227914273738861083984375">
        <ele>9.3999996185302734375</ele>
        <time>2024-06-23T12:10:33.000Z</time>
        <extensions>
          <ns3:TrackPointExtension>
            <ns3:hr>158</ns3:hr>
            <ns3:cad>86</ns3:cad>
          </ns3:TrackPointExtension>
        </extensions>
      </trkpt>
      <trkpt lat="31.9688685424625873565673828125" lon="118.82281850092113018035888671875">
        <ele>9.3999996185302734375</ele>
        <time>2024-06-23T12:10:34.000Z</time>
        <extensions>
          <ns3:TrackPointExtension>
            <ns3:hr>158</ns3:hr>
            <ns3:cad>87</ns3:cad>
          </ns3:TrackPointExtension>
        </extensions>
      </trkpt>
      <trkpt lat="31.96887415833771228790283203125" lon="118.82285487838089466094970703125">
        <ele>9.3999996185302734375</ele>
        <time>2024-06-23T12:10:35.000Z</time>
        <extensions>
          <ns3:TrackPointExtension>
            <ns3:hr>158</ns3:hr>
            <ns3:cad>87</ns3:cad>
          </ns3:TrackPointExtension>
        </extensions>
      </trkpt>
      <trkpt lat="31.96887952275574207305908203125" lon="118.82288522087037563323974609375">
        <ele>9.3999996185302734375</ele>
        <time>2024-06-23T12:10:36.000Z</time>
        <extensions>
          <ns3:TrackPointExtension>
            <ns3:hr>158</ns3:hr>
            <ns3:cad>87</ns3:cad>
          </ns3:TrackPointExtension>
        </extensions>
      </trkpt>
      <trkpt lat="31.9688829593360424041748046875" lon="118.82291522808372974395751953125">
        <ele>9.3999996185302734375</ele>
        <time>2024-06-23T12:10:37.000Z</time>
        <extensions>
          <ns3:TrackPointExtension>
            <ns3:hr>159</ns3:hr>
            <ns3:cad>87</ns3:cad>
          </ns3:TrackPointExtension>
        </extensions>
      </trkpt>
      <trkpt lat="31.9688910059630870819091796875" lon="118.82294171489775180816650390625">
        <ele>9.3999996185302734375</ele>
        <time>2024-06-23T12:10:38.000Z</time>
        <extensions>
          <ns3:TrackPointExtension>
            <ns3:hr>159</ns3:hr>
            <ns3:cad>87</ns3:cad>
          </ns3:TrackPointExtension>
        </extensions>
      </trkpt>
      <trkpt lat="31.96889712475240230560302734375" lon="118.8229696266353130340576171875">
        <ele>9.3999996185302734375</ele>
        <time>2024-06-23T12:10:39.000Z</time>
        <extensions>
          <ns3:TrackPointExtension>
            <ns3:hr>159</ns3:hr>
            <ns3:cad>86</ns3:cad>
          </ns3:TrackPointExtension>
        </extensions>
      </trkpt>
      <trkpt lat="31.96890550665557384490966796875" lon="118.822993934154510498046875">
        <ele>9.3999996185302734375</ele>
        <time>2024-06-23T12:10:40.000Z</time>
        <extensions>
          <ns3:TrackPointExtension>
            <ns3:hr>159</ns3:hr>
            <ns3:cad>85</ns3:cad>
          </ns3:TrackPointExtension>
        </extensions>
      </trkpt>
      <trkpt lat="31.9689126312732696533203125" lon="118.82302318699657917022705078125">
        <ele>9.3999996185302734375</ele>
        <time>2024-06-23T12:10:41.000Z</time>
        <extensions>
          <ns3:TrackPointExtension>
            <ns3:hr>159</ns3:hr>
            <ns3:cad>85</ns3:cad>
          </ns3:TrackPointExtension>
        </extensions>
      </trkpt>
      <trkpt lat="31.96891724132001399993896484375" lon="118.8230537809431552886962890625">
        <ele>9.3999996185302734375</ele>
        <time>2024-06-23T12:10:42.000Z</time>
        <extensions>
          <ns3:TrackPointExtension>
            <ns3:hr>159</ns3:hr>
            <ns3:cad>85</ns3:cad>
          </ns3:TrackPointExtension>
        </extensions>
      </trkpt>
      <trkpt lat="31.96892327629029750823974609375" lon="118.82308471016585826873779296875">
        <ele>9.3999996185302734375</ele>
        <time>2024-06-23T12:10:43.000Z</time>
        <extensions>
          <ns3:TrackPointExtension>
            <ns3:hr>159</ns3:hr>
            <ns3:cad>85</ns3:cad>
          </ns3:TrackPointExtension>
        </extensions>
      </trkpt>
      <trkpt lat="31.9689268805086612701416015625" lon="118.82311396300792694091796875">
        <ele>9.3999996185302734375</ele>
        <time>2024-06-23T12:10:44.000Z</time>
        <extensions>
          <ns3:TrackPointExtension>
            <ns3:hr>159</ns3:hr>
            <ns3:cad>86</ns3:cad>
          </ns3:TrackPointExtension>
        </extensions>
      </trkpt>
      <trkpt lat="31.96893333457410335540771484375" lon="118.82314204238355159759521484375">
        <ele>9.3999996185302734375</ele>
        <time>2024-06-23T12:10:45.000Z</time>
        <extensions>
          <ns3:TrackPointExtension>
            <ns3:hr>159</ns3:hr>
            <ns3:cad>86</ns3:cad>
          </ns3:TrackPointExtension>
        </extensions>
      </trkpt>
      <trkpt lat="31.96893651969730854034423828125" lon="118.82317439652979373931884765625">
        <ele>9.3999996185302734375</ele>
        <time>2024-06-23T12:10:46.000Z</time>
        <extensions>
          <ns3:TrackPointExtension>
            <ns3:hr>159</ns3:hr>
            <ns3:cad>86</ns3:cad>
          </ns3:TrackPointExtension>
        </extensions>
      </trkpt>
      <trkpt lat="31.96894121356308460235595703125" lon="118.82319870404899120330810546875">
        <ele>9.3999996185302734375</ele>
        <time>2024-06-23T12:10:47.000Z</time>
        <extensions>
          <ns3:TrackPointExtension>
            <ns3:hr>159</ns3:hr>
            <ns3:cad>86</ns3:cad>
          </ns3:TrackPointExtension>
        </extensions>
      </trkpt>
      <trkpt lat="31.9689419679343700408935546875" lon="118.82322661578655242919921875">
        <ele>9.3999996185302734375</ele>
        <time>2024-06-23T12:10:48.000Z</time>
        <extensions>
          <ns3:TrackPointExtension>
            <ns3:hr>159</ns3:hr>
            <ns3:cad>86</ns3:cad>
          </ns3:TrackPointExtension>
        </extensions>
      </trkpt>
      <trkpt lat="31.9689423032104969024658203125" lon="118.82325151003897190093994140625">
        <ele>9.3999996185302734375</ele>
        <time>2024-06-23T12:10:49.000Z</time>
        <extensions>
          <ns3:TrackPointExtension>
            <ns3:hr>159</ns3:hr>
            <ns3:cad>86</ns3:cad>
          </ns3:TrackPointExtension>
        </extensions>
      </trkpt>
      <trkpt lat="31.96894389577209949493408203125" lon="118.82327665574848651885986328125">
        <ele>9.3999996185302734375</ele>
        <time>2024-06-23T12:10:50.000Z</time>
        <extensions>
          <ns3:TrackPointExtension>
            <ns3:hr>159</ns3:hr>
            <ns3:cad>86</ns3:cad>
          </ns3:TrackPointExtension>
        </extensions>
      </trkpt>
      <trkpt lat="31.9689416326582431793212890625" lon="118.82330716587603092193603515625">
        <ele>9.3999996185302734375</ele>
        <time>2024-06-23T12:10:51.000Z</time>
        <extensions>
          <ns3:TrackPointExtension>
            <ns3:hr>159</ns3:hr>
            <ns3:cad>86</ns3:cad>
          </ns3:TrackPointExtension>
        </extensions>
      </trkpt>
      <trkpt lat="31.9689423032104969024658203125" lon="118.8233313895761966705322265625">
        <ele>9.3999996185302734375</ele>
        <time>2024-06-23T12:10:52.000Z</time>
        <extensions>
          <ns3:TrackPointExtension>
            <ns3:hr>159</ns3:hr>
            <ns3:cad>86</ns3:cad>
          </ns3:TrackPointExtension>
        </extensions>
      </trkpt>
      <trkpt lat="31.96894012391567230224609375" lon="118.82336399517953395843505859375">
        <ele>9.3999996185302734375</ele>
        <time>2024-06-23T12:10:53.000Z</time>
        <extensions>
          <ns3:TrackPointExtension>
            <ns3:hr>159</ns3:hr>
            <ns3:cad>86</ns3:cad>
          </ns3:TrackPointExtension>
        </extensions>
      </trkpt>
      <trkpt lat="31.9689416326582431793212890625" lon="118.82339157164096832275390625">
        <ele>9.3999996185302734375</ele>
        <time>2024-06-23T12:10:54.000Z</time>
        <extensions>
          <ns3:TrackPointExtension>
            <ns3:hr>159</ns3:hr>
            <ns3:cad>86</ns3:cad>
          </ns3:TrackPointExtension>
        </extensions>
      </trkpt>
      <trkpt lat="31.968938447535037994384765625" lon="118.82342417724430561065673828125">
        <ele>9.3999996185302734375</ele>
        <time>2024-06-23T12:10:55.000Z</time>
        <extensions>
          <ns3:TrackPointExtension>
            <ns3:hr>159</ns3:hr>
            <ns3:cad>86</ns3:cad>
          </ns3:TrackPointExtension>
        </extensions>
      </trkpt>
      <trkpt lat="31.968935765326023101806640625" lon="118.823456950485706329345703125">
        <ele>9.3999996185302734375</ele>
        <time>2024-06-23T12:10:56.000Z</time>
        <extensions>
          <ns3:TrackPointExtension>
            <ns3:hr>159</ns3:hr>
            <ns3:cad>86</ns3:cad>
          </ns3:TrackPointExtension>
        </extensions>
      </trkpt>
      <trkpt lat="31.96892947889864444732666015625" lon="118.82349357940256595611572265625">
        <ele>9.3999996185302734375</ele>
        <time>2024-06-23T12:10:57.000Z</time>
        <extensions>
          <ns3:TrackPointExtension>
            <ns3:hr>159</ns3:hr>
            <ns3:cad>86</ns3:cad>
          </ns3:TrackPointExtension>
        </extensions>
      </trkpt>
      <trkpt lat="31.96892109699547290802001953125" lon="118.823524005711078643798828125">
        <ele>9.3999996185302734375</ele>
        <time>2024-06-23T12:10:58.000Z</time>
        <extensions>
          <ns3:TrackPointExtension>
            <ns3:hr>159</ns3:hr>
            <ns3:cad>86</ns3:cad>
          </ns3:TrackPointExtension>
        </extensions>
      </trkpt>
      <trkpt lat="31.9689138047397136688232421875" lon="118.82355786859989166259765625">
        <ele>9.3999996185302734375</ele>
        <time>2024-06-23T12:10:59.000Z</time>
        <extensions>
          <ns3:TrackPointExtension>
            <ns3:hr>158</ns3:hr>
            <ns3:cad>86</ns3:cad>
          </ns3:TrackPointExtension>
        </extensions>
      </trkpt>
      <trkpt lat="31.9689040817320346832275390625" lon="118.8235898874700069427490234375">
        <ele>9.19999980926513671875</ele>
        <time>2024-06-23T12:11:00.000Z</time>
        <extensions>
          <ns3:TrackPointExtension>
            <ns3:hr>158</ns3:hr>
            <ns3:cad>86</ns3:cad>
          </ns3:TrackPointExtension>
        </extensions>
      </trkpt>
      <trkpt lat="31.96889796294271945953369140625" lon="118.82362148724496364593505859375">
        <ele>9.19999980926513671875</ele>
        <time>2024-06-23T12:11:01.000Z</time>
        <extensions>
          <ns3:TrackPointExtension>
            <ns3:hr>158</ns3:hr>
            <ns3:cad>85</ns3:cad>
          </ns3:TrackPointExtension>
        </extensions>
      </trkpt>
      <trkpt lat="31.96888756938278675079345703125" lon="118.82365266792476177215576171875">
        <ele>9.19999980926513671875</ele>
        <time>2024-06-23T12:11:02.000Z</time>
        <extensions>
          <ns3:TrackPointExtension>
            <ns3:hr>158</ns3:hr>
            <ns3:cad>85</ns3:cad>
          </ns3:TrackPointExtension>
        </extensions>
      </trkpt>
      <trkpt lat="31.96888111531734466552734375" lon="118.82368233986198902130126953125">
        <ele>9.19999980926513671875</ele>
        <time>2024-06-23T12:11:03.000Z</time>
        <extensions>
          <ns3:TrackPointExtension>
            <ns3:hr>158</ns3:hr>
            <ns3:cad>84</ns3:cad>
          </ns3:TrackPointExtension>
        </extensions>
      </trkpt>
      <trkpt lat="31.96887315250933170318603515625" lon="118.823710419237613677978515625">
        <ele>9.19999980926513671875</ele>
        <time>2024-06-23T12:11:04.000Z</time>
        <extensions>
          <ns3:TrackPointExtension>
            <ns3:hr>158</ns3:hr>
            <ns3:cad>84</ns3:cad>
          </ns3:TrackPointExtension>
        </extensions>
      </trkpt>
      <trkpt lat="31.96886426769196987152099609375" lon="118.8237353973090648651123046875">
        <ele>9.19999980926513671875</ele>
        <time>2024-06-23T12:11:05.000Z</time>
        <extensions>
          <ns3:TrackPointExtension>
            <ns3:hr>157</ns3:hr>
            <ns3:cad>85</ns3:cad>
          </ns3:TrackPointExtension>
        </extensions>
      </trkpt>
      <trkpt lat="31.9688551314175128936767578125" lon="118.8237623870372772216796875">
        <ele>9.19999980926513671875</ele>
        <time>2024-06-23T12:11:06.000Z</time>
        <extensions>
          <ns3:TrackPointExtension>
            <ns3:hr>157</ns3:hr>
            <ns3:cad>86</ns3:cad>
          </ns3:TrackPointExtension>
        </extensions>
      </trkpt>
      <trkpt lat="31.96884599514305591583251953125" lon="118.823788203299045562744140625">
        <ele>9.3999996185302734375</ele>
        <time>2024-06-23T12:11:07.000Z</time>
        <extensions>
          <ns3:TrackPointExtension>
            <ns3:hr>157</ns3:hr>
            <ns3:cad>86</ns3:cad>
          </ns3:TrackPointExtension>
        </extensions>
      </trkpt>
      <trkpt lat="31.9688387028872966766357421875" lon="118.82381494157016277313232421875">
        <ele>9.19999980926513671875</ele>
        <time>2024-06-23T12:11:08.000Z</time>
        <extensions>
          <ns3:TrackPointExtension>
            <ns3:hr>157</ns3:hr>
            <ns3:cad>86</ns3:cad>
          </ns3:TrackPointExtension>
        </extensions>
      </trkpt>
      <trkpt lat="31.9688380323350429534912109375" lon="118.82384461350739002227783203125">
        <ele>9.19999980926513671875</ele>
        <time>2024-06-23T12:11:09.000Z</time>
        <extensions>
          <ns3:TrackPointExtension>
            <ns3:hr>157</ns3:hr>
            <ns3:cad>87</ns3:cad>
          </ns3:TrackPointExtension>
        </extensions>
      </trkpt>
      <trkpt lat="31.9688353501260280609130859375" lon="118.82386640645563602447509765625">
        <ele>9.19999980926513671875</ele>
        <time>2024-06-23T12:11:10.000Z</time>
        <extensions>
          <ns3:TrackPointExtension>
            <ns3:hr>157</ns3:hr>
            <ns3:cad>87</ns3:cad>
          </ns3:TrackPointExtension>
        </extensions>
      </trkpt>
      <trkpt lat="31.9688303209841251373291015625" lon="118.82389448583126068115234375">
        <ele>9.19999980926513671875</ele>
        <time>2024-06-23T12:11:11.000Z</time>
        <extensions>
          <ns3:TrackPointExtension>
            <ns3:hr>157</ns3:hr>
            <ns3:cad>87</ns3:cad>
          </ns3:TrackPointExtension>
        </extensions>
      </trkpt>
      <trkpt lat="31.96882805787026882171630859375" lon="118.82392139174044132232666015625">
        <ele>9.19999980926513671875</ele>
        <time>2024-06-23T12:11:12.000Z</time>
        <extensions>
          <ns3:TrackPointExtension>
            <ns3:hr>157</ns3:hr>
            <ns3:cad>87</ns3:cad>
          </ns3:TrackPointExtension>
        </extensions>
      </trkpt>
      <trkpt lat="31.96882219053804874420166015625" lon="118.8239503093063831329345703125">
        <ele>9.19999980926513671875</ele>
        <time>2024-06-23T12:11:13.000Z</time>
        <extensions>
          <ns3:TrackPointExtension>
            <ns3:hr>157</ns3:hr>
            <ns3:cad>87</ns3:cad>
          </ns3:TrackPointExtension>
        </extensions>
      </trkpt>
      <trkpt lat="31.96882168762385845184326171875" lon="118.8239737786352634429931640625">
        <ele>9.19999980926513671875</ele>
        <time>2024-06-23T12:11:14.000Z</time>
        <extensions>
          <ns3:TrackPointExtension>
            <ns3:hr>158</ns3:hr>
            <ns3:cad>87</ns3:cad>
          </ns3:TrackPointExtension>
        </extensions>
      </trkpt>
      <trkpt lat="31.96881665848195552825927734375" lon="118.82400169037282466888427734375">
        <ele>9.19999980926513671875</ele>
        <time>2024-06-23T12:11:15.000Z</time>
        <extensions>
          <ns3:TrackPointExtension>
            <ns3:hr>158</ns3:hr>
            <ns3:cad>87</ns3:cad>
          </ns3:TrackPointExtension>
        </extensions>
      </trkpt>
      <trkpt lat="31.96880945004522800445556640625" lon="118.82402800954878330230712890625">
        <ele>9.19999980926513671875</ele>
        <time>2024-06-23T12:11:16.000Z</time>
        <extensions>
          <ns3:TrackPointExtension>
            <ns3:hr>158</ns3:hr>
            <ns3:cad>87</ns3:cad>
          </ns3:TrackPointExtension>
        </extensions>
      </trkpt>
      <trkpt lat="31.96880224160850048065185546875" lon="118.8240508921444416046142578125">
        <ele>9.19999980926513671875</ele>
        <time>2024-06-23T12:11:17.000Z</time>
        <extensions>
          <ns3:TrackPointExtension>
            <ns3:hr>158</ns3:hr>
            <ns3:cad>87</ns3:cad>
          </ns3:TrackPointExtension>
        </extensions>
      </trkpt>
      <trkpt lat="31.96879117749631404876708984375" lon="118.82407327182590961456298828125">
        <ele>9.3999996185302734375</ele>
        <time>2024-06-23T12:11:18.000Z</time>
        <extensions>
          <ns3:TrackPointExtension>
            <ns3:hr>158</ns3:hr>
            <ns3:cad>87</ns3:cad>
          </ns3:TrackPointExtension>
        </extensions>
      </trkpt>
      <trkpt lat="31.9687863998115062713623046875" lon="118.82409355603158473968505859375">
        <ele>9.3999996185302734375</ele>
        <time>2024-06-23T12:11:19.000Z</time>
        <extensions>
          <ns3:TrackPointExtension>
            <ns3:hr>158</ns3:hr>
            <ns3:cad>87</ns3:cad>
          </ns3:TrackPointExtension>
        </extensions>
      </trkpt>
      <trkpt lat="31.96877785027027130126953125" lon="118.82411434315145015716552734375">
        <ele>9.3999996185302734375</ele>
        <time>2024-06-23T12:11:20.000Z</time>
        <extensions>
          <ns3:TrackPointExtension>
            <ns3:hr>159</ns3:hr>
            <ns3:cad>87</ns3:cad>
          </ns3:TrackPointExtension>
        </extensions>
      </trkpt>
      <trkpt lat="31.9687676243484020233154296875" lon="118.8241313584148883819580078125">
        <ele>9.3999996185302734375</ele>
        <time>2024-06-23T12:11:21.000Z</time>
        <extensions>
          <ns3:TrackPointExtension>
            <ns3:hr>159</ns3:hr>
            <ns3:cad>87</ns3:cad>
          </ns3:TrackPointExtension>
        </extensions>
      </trkpt>
      <trkpt lat="31.96876049973070621490478515625" lon="118.82414300926029682159423828125">
        <ele>9.3999996185302734375</ele>
        <time>2024-06-23T12:11:22.000Z</time>
        <extensions>
          <ns3:TrackPointExtension>
            <ns3:hr>158</ns3:hr>
            <ns3:cad>86</ns3:cad>
          </ns3:TrackPointExtension>
        </extensions>
      </trkpt>
      <trkpt lat="31.9687555544078350067138671875" lon="118.82415491156280040740966796875">
        <ele>9.3999996185302734375</ele>
        <time>2024-06-23T12:11:23.000Z</time>
        <extensions>
          <ns3:TrackPointExtension>
            <ns3:hr>158</ns3:hr>
            <ns3:cad>86</ns3:cad>
          </ns3:TrackPointExtension>
        </extensions>
      </trkpt>
      <trkpt lat="31.9687535427510738372802734375" lon="118.824158012866973876953125">
        <ele>9.6000003814697265625</ele>
        <time>2024-06-23T12:11:24.000Z</time>
        <extensions>
          <ns3:TrackPointExtension>
            <ns3:hr>158</ns3:hr>
            <ns3:cad>86</ns3:cad>
          </ns3:TrackPointExtension>
        </extensions>
      </trkpt>
      <trkpt lat="31.96875127963721752166748046875" lon="118.82416547276079654693603515625">
        <ele>9.6000003814697265625</ele>
        <time>2024-06-23T12:11:25.000Z</time>
        <extensions>
          <ns3:TrackPointExtension>
            <ns3:hr>158</ns3:hr>
            <ns3:cad>86</ns3:cad>
          </ns3:TrackPointExtension>
        </extensions>
      </trkpt>
      <trkpt lat="31.96874708868563175201416015625" lon="118.82418039254844188690185546875">
        <ele>9.3999996185302734375</ele>
        <time>2024-06-23T12:11:26.000Z</time>
        <extensions>
          <ns3:TrackPointExtension>
            <ns3:hr>158</ns3:hr>
            <ns3:cad>86</ns3:cad>
          </ns3:TrackPointExtension>
        </extensions>
      </trkpt>
      <trkpt lat="31.96874239481985569000244140625" lon="118.82419547997415065765380859375">
        <ele>9.6000003814697265625</ele>
        <time>2024-06-23T12:11:27.000Z</time>
        <extensions>
          <ns3:TrackPointExtension>
            <ns3:hr>158</ns3:hr>
            <ns3:cad>0</ns3:cad>
          </ns3:TrackPointExtension>
        </extensions>
      </trkpt>
      <trkpt lat="31.96873937733471393585205078125" lon="118.8242081366479396820068359375">
        <ele>9.6000003814697265625</ele>
        <time>2024-06-23T12:11:28.000Z</time>
        <extensions>
          <ns3:TrackPointExtension>
            <ns3:hr>158</ns3:hr>
            <ns3:cad>0</ns3:cad>
          </ns3:TrackPointExtension>
        </extensions>
      </trkpt>
      <trkpt lat="31.96873703040182590484619140625" lon="118.8242225535213947296142578125">
        <ele>9.6000003814697265625</ele>
        <time>2024-06-23T12:11:29.000Z</time>
        <extensions>
          <ns3:TrackPointExtension>
            <ns3:hr>158</ns3:hr>
            <ns3:cad>53</ns3:cad>
          </ns3:TrackPointExtension>
        </extensions>
      </trkpt>
      <trkpt lat="31.9687356054782867431640625" lon="118.82423386909067630767822265625">
        <ele>9.6000003814697265625</ele>
        <time>2024-06-23T12:11:30.000Z</time>
        <extensions>
          <ns3:TrackPointExtension>
            <ns3:hr>157</ns3:hr>
            <ns3:cad>55</ns3:cad>
          </ns3:TrackPointExtension>
        </extensions>
      </trkpt>
      <trkpt lat="31.9687354378402233123779296875" lon="118.8242580927908420562744140625">
        <ele>9.6000003814697265625</ele>
        <time>2024-06-23T12:11:31.000Z</time>
        <extensions>
          <ns3:TrackPointExtension>
            <ns3:hr>156</ns3:hr>
            <ns3:cad>55</ns3:cad>
          </ns3:TrackPointExtension>
        </extensions>
      </trkpt>
      <trkpt lat="31.9687356054782867431640625" lon="118.82425633259117603302001953125">
        <ele>9.6000003814697265625</ele>
        <time>2024-06-23T12:11:32.000Z</time>
        <extensions>
          <ns3:TrackPointExtension>
            <ns3:hr>155</ns3:hr>
            <ns3:cad>55</ns3:cad>
          </ns3:TrackPointExtension>
        </extensions>
      </trkpt>
      <trkpt lat="31.968735270202159881591796875" lon="118.824261613190174102783203125">
        <ele>9.6000003814697265625</ele>
        <time>2024-06-23T12:11:33.000Z</time>
        <extensions>
          <ns3:TrackPointExtension>
            <ns3:hr>154</ns3:hr>
            <ns3:cad>55</ns3:cad>
          </ns3:TrackPointExtension>
        </extensions>
      </trkpt>
      <trkpt lat="31.968736946582794189453125" lon="118.8242701627314090728759765625">
        <ele>9.6000003814697265625</ele>
        <time>2024-06-23T12:11:34.000Z</time>
        <extensions>
          <ns3:TrackPointExtension>
            <ns3:hr>154</ns3:hr>
            <ns3:cad>55</ns3:cad>
          </ns3:TrackPointExtension>
        </extensions>
      </trkpt>
      <trkpt lat="31.96873803623020648956298828125" lon="118.82428248412907123565673828125">
        <ele>9.6000003814697265625</ele>
        <time>2024-06-23T12:11:35.000Z</time>
        <extensions>
          <ns3:TrackPointExtension>
            <ns3:hr>154</ns3:hr>
            <ns3:cad>54</ns3:cad>
          </ns3:TrackPointExtension>
        </extensions>
      </trkpt>
      <trkpt lat="31.9687391258776187896728515625" lon="118.82429656572639942169189453125">
        <ele>9.6000003814697265625</ele>
        <time>2024-06-23T12:11:36.000Z</time>
        <extensions>
          <ns3:TrackPointExtension>
            <ns3:hr>154</ns3:hr>
            <ns3:cad>53</ns3:cad>
          </ns3:TrackPointExtension>
        </extensions>
      </trkpt>
      <trkpt lat="31.968739293515682220458984375" lon="118.82430612109601497650146484375">
        <ele>9.6000003814697265625</ele>
        <time>2024-06-23T12:11:37.000Z</time>
        <extensions>
          <ns3:TrackPointExtension>
            <ns3:hr>153</ns3:hr>
            <ns3:cad>53</ns3:cad>
          </ns3:TrackPointExtension>
        </extensions>
      </trkpt>
      <trkpt lat="31.9687428139150142669677734375" lon="118.82431534118950366973876953125">
        <ele>9.6000003814697265625</ele>
        <time>2024-06-23T12:11:38.000Z</time>
        <extensions>
          <ns3:TrackPointExtension>
            <ns3:hr>153</ns3:hr>
            <ns3:cad>0</ns3:cad>
          </ns3:TrackPointExtension>
        </extensions>
      </trkpt>
      <trkpt lat="31.96874541230499744415283203125" lon="118.8243285007774829864501953125">
        <ele>9.3999996185302734375</ele>
        <time>2024-06-23T12:11:40.000Z</time>
        <extensions>
          <ns3:TrackPointExtension>
            <ns3:hr>153</ns3:hr>
            <ns3:cad>108</ns3:cad>
          </ns3:TrackPointExtension>
        </extensions>
      </trkpt>
      <trkpt lat="31.96874541230499744415283203125" lon="118.8243285007774829864501953125">
        <ele>9.3999996185302734375</ele>
        <time>2024-06-23T12:11:41.000Z</time>
        <extensions>
          <ns3:TrackPointExtension>
            <ns3:hr>152</ns3:hr>
            <ns3:cad>108</ns3:cad>
          </ns3:TrackPointExtension>
        </extensions>
      </trkpt>
    </trkseg>
  </trk>
</gpx>
