<gpx xmlns:ns3="http://www.garmin.com/xmlschemas/TrackPointExtension/v1" xmlns="http://www.topografix.com/GPX/1/1" xmlns:xsi="http://www.w3.org/2001/XMLSchema-instance" xmlns:ns2="http://www.garmin.com/xmlschemas/GpxExtensions/v3" creator="Garmin Connect" version="1.1" xsi:schemaLocation="http://www.topografix.com/GPX/1/1 http://www.topografix.com/GPX/11.xsd">
  <extensions>
<distance>1173.35</distance>
<average_hr>133.0</average_hr>
<average_speed>1.8910000324249268</average_speed>
<start_time>2025-08-15T14:56:23+00:00</start_time>
<end_time>2025-08-15T15:06:43.446000+00:00</end_time>
<moving_time>612.0</moving_time>
<elapsed_time>776.489</elapsed_time>
</extensions>
<metadata>
    <link href="connect.garmin.com">
      <text>Garmin Connect</text>
    </link>
    <time>2025-08-15T14:56:23.000Z</time>
  </metadata>
  <trk>
    <name>南京市 跑步</name>
    <type>running</type>
    <trkseg>
      <trkpt lat="32.0214710198342800140380859375" lon="118.7837191857397556304931640625">
        <ele>12</ele>
        <time>2025-08-15T14:56:23.000Z</time>
        <extensions>
          <ns3:TrackPointExtension>
            <ns3:atemp>34.0</ns3:atemp>
            <ns3:hr>94</ns3:hr>
            <ns3:cad>0</ns3:cad>
          </ns3:TrackPointExtension>
        </extensions>
      </trkpt>
      <trkpt lat="32.02144294045865535736083984375" lon="118.7837557308375835418701171875">
        <ele>11.80000019073486328125</ele>
        <time>2025-08-15T14:56:24.000Z</time>
        <extensions>
          <ns3:TrackPointExtension>
            <ns3:atemp>34.0</ns3:atemp>
            <ns3:hr>95</ns3:hr>
            <ns3:cad>0</ns3:cad>
          </ns3:TrackPointExtension>
        </extensions>
      </trkpt>
      <trkpt lat="32.02145769260823726654052734375" lon="118.7837302498519420623779296875">
        <ele>11.80000019073486328125</ele>
        <time>2025-08-15T14:56:25.000Z</time>
        <extensions>
          <ns3:TrackPointExtension>
            <ns3:atemp>34.0</ns3:atemp>
            <ns3:hr>95</ns3:hr>
            <ns3:cad>0</ns3:cad>
          </ns3:TrackPointExtension>
        </extensions>
      </trkpt>
      <trkpt lat="32.02148837037384510040283203125" lon="118.78370267339050769805908203125">
        <ele>11.80000019073486328125</ele>
        <time>2025-08-15T14:56:26.000Z</time>
        <extensions>
          <ns3:TrackPointExtension>
            <ns3:atemp>34.0</ns3:atemp>
            <ns3:hr>95</ns3:hr>
            <ns3:cad>0</ns3:cad>
          </ns3:TrackPointExtension>
        </extensions>
      </trkpt>
      <trkpt lat="32.021470852196216583251953125" lon="118.78366000950336456298828125">
        <ele>11.80000019073486328125</ele>
        <time>2025-08-15T14:56:27.000Z</time>
        <extensions>
          <ns3:TrackPointExtension>
            <ns3:atemp>34.0</ns3:atemp>
            <ns3:hr>95</ns3:hr>
            <ns3:cad>0</ns3:cad>
          </ns3:TrackPointExtension>
        </extensions>
      </trkpt>
      <trkpt lat="32.0215538330376148223876953125" lon="118.78355163149535655975341796875">
        <ele>11.80000019073486328125</ele>
        <time>2025-08-15T14:56:30.000Z</time>
        <extensions>
          <ns3:TrackPointExtension>
            <ns3:atemp>34.0</ns3:atemp>
            <ns3:hr>97</ns3:hr>
            <ns3:cad>0</ns3:cad>
          </ns3:TrackPointExtension>
        </extensions>
      </trkpt>
      <trkpt lat="32.02155726961791515350341796875" lon="118.7835264019668102264404296875">
        <ele>11.80000019073486328125</ele>
        <time>2025-08-15T14:56:31.000Z</time>
        <extensions>
          <ns3:TrackPointExtension>
            <ns3:atemp>34.0</ns3:atemp>
            <ns3:hr>97</ns3:hr>
            <ns3:cad>0</ns3:cad>
          </ns3:TrackPointExtension>
        </extensions>
      </trkpt>
      <trkpt lat="32.02155408449470996856689453125" lon="118.78349295817315578460693359375">
        <ele>11.6000003814697265625</ele>
        <time>2025-08-15T14:56:32.000Z</time>
        <extensions>
          <ns3:TrackPointExtension>
            <ns3:atemp>34.0</ns3:atemp>
            <ns3:hr>97</ns3:hr>
            <ns3:cad>0</ns3:cad>
          </ns3:TrackPointExtension>
        </extensions>
      </trkpt>
      <trkpt lat="32.021554000675678253173828125" lon="118.7834595143795013427734375">
        <ele>11.6000003814697265625</ele>
        <time>2025-08-15T14:56:33.000Z</time>
        <extensions>
          <ns3:TrackPointExtension>
            <ns3:atemp>34.0</ns3:atemp>
            <ns3:hr>96</ns3:hr>
            <ns3:cad>0</ns3:cad>
          </ns3:TrackPointExtension>
        </extensions>
      </trkpt>
      <trkpt lat="32.02154318802058696746826171875" lon="118.78343579359352588653564453125">
        <ele>11.3999996185302734375</ele>
        <time>2025-08-15T14:56:34.000Z</time>
        <extensions>
          <ns3:TrackPointExtension>
            <ns3:atemp>34.0</ns3:atemp>
            <ns3:hr>97</ns3:hr>
            <ns3:cad>77</ns3:cad>
          </ns3:TrackPointExtension>
        </extensions>
      </trkpt>
      <trkpt lat="32.02152273617684841156005859375" lon="118.78341802395880222320556640625">
        <ele>11.19999980926513671875</ele>
        <time>2025-08-15T14:56:35.000Z</time>
        <extensions>
          <ns3:TrackPointExtension>
            <ns3:atemp>34.0</ns3:atemp>
            <ns3:hr>96</ns3:hr>
            <ns3:cad>77</ns3:cad>
          </ns3:TrackPointExtension>
        </extensions>
      </trkpt>
      <trkpt lat="32.02150647528469562530517578125" lon="118.78340394236147403717041015625">
        <ele>11.19999980926513671875</ele>
        <time>2025-08-15T14:56:36.000Z</time>
        <extensions>
          <ns3:TrackPointExtension>
            <ns3:atemp>34.0</ns3:atemp>
            <ns3:hr>96</ns3:hr>
            <ns3:cad>77</ns3:cad>
          </ns3:TrackPointExtension>
        </extensions>
      </trkpt>
      <trkpt lat="32.0214938186109066009521484375" lon="118.7833924591541290283203125">
        <ele>11</ele>
        <time>2025-08-15T14:56:37.000Z</time>
        <extensions>
          <ns3:TrackPointExtension>
            <ns3:atemp>34.0</ns3:atemp>
            <ns3:hr>96</ns3:hr>
            <ns3:cad>78</ns3:cad>
          </ns3:TrackPointExtension>
        </extensions>
      </trkpt>
      <trkpt lat="32.0214787311851978302001953125" lon="118.78336974419653415679931640625">
        <ele>11</ele>
        <time>2025-08-15T14:56:38.000Z</time>
        <extensions>
          <ns3:TrackPointExtension>
            <ns3:atemp>34.0</ns3:atemp>
            <ns3:hr>97</ns3:hr>
            <ns3:cad>78</ns3:cad>
          </ns3:TrackPointExtension>
        </extensions>
      </trkpt>
      <trkpt lat="32.02146238647401332855224609375" lon="118.783347867429256439208984375">
        <ele>11.19999980926513671875</ele>
        <time>2025-08-15T14:56:39.000Z</time>
        <extensions>
          <ns3:TrackPointExtension>
            <ns3:atemp>34.0</ns3:atemp>
            <ns3:hr>98</ns3:hr>
            <ns3:cad>79</ns3:cad>
          </ns3:TrackPointExtension>
        </extensions>
      </trkpt>
      <trkpt lat="32.02144897542893886566162109375" lon="118.78331274725496768951416015625">
        <ele>11.3999996185302734375</ele>
        <time>2025-08-15T14:56:40.000Z</time>
        <extensions>
          <ns3:TrackPointExtension>
            <ns3:atemp>34.0</ns3:atemp>
            <ns3:hr>99</ns3:hr>
            <ns3:cad>79</ns3:cad>
          </ns3:TrackPointExtension>
        </extensions>
      </trkpt>
      <trkpt lat="32.02142961323261260986328125" lon="118.78327871672809123992919921875">
        <ele>11.80000019073486328125</ele>
        <time>2025-08-15T14:56:41.000Z</time>
        <extensions>
          <ns3:TrackPointExtension>
            <ns3:atemp>34.0</ns3:atemp>
            <ns3:hr>100</ns3:hr>
            <ns3:cad>79</ns3:cad>
          </ns3:TrackPointExtension>
        </extensions>
      </trkpt>
      <trkpt lat="32.02141444198787212371826171875" lon="118.783260025084018707275390625">
        <ele>11.80000019073486328125</ele>
        <time>2025-08-15T14:56:42.000Z</time>
        <extensions>
          <ns3:TrackPointExtension>
            <ns3:atemp>34.0</ns3:atemp>
            <ns3:hr>101</ns3:hr>
            <ns3:cad>79</ns3:cad>
          </ns3:TrackPointExtension>
        </extensions>
      </trkpt>
      <trkpt lat="32.021399438381195068359375" lon="118.7832300178706645965576171875">
        <ele>12</ele>
        <time>2025-08-15T14:56:43.000Z</time>
        <extensions>
          <ns3:TrackPointExtension>
            <ns3:atemp>34.0</ns3:atemp>
            <ns3:hr>103</ns3:hr>
            <ns3:cad>80</ns3:cad>
          </ns3:TrackPointExtension>
        </extensions>
      </trkpt>
      <trkpt lat="32.02138091437518596649169921875" lon="118.78318651579320430755615234375">
        <ele>12</ele>
        <time>2025-08-15T14:56:44.000Z</time>
        <extensions>
          <ns3:TrackPointExtension>
            <ns3:atemp>34.0</ns3:atemp>
            <ns3:hr>105</ns3:hr>
            <ns3:cad>80</ns3:cad>
          </ns3:TrackPointExtension>
        </extensions>
      </trkpt>
      <trkpt lat="32.0213657431304454803466796875" lon="118.78316924907267093658447265625">
        <ele>12</ele>
        <time>2025-08-15T14:56:45.000Z</time>
        <extensions>
          <ns3:TrackPointExtension>
            <ns3:atemp>34.0</ns3:atemp>
            <ns3:hr>106</ns3:hr>
            <ns3:cad>80</ns3:cad>
          </ns3:TrackPointExtension>
        </extensions>
      </trkpt>
      <trkpt lat="32.02134151943027973175048828125" lon="118.78314276225864887237548828125">
        <ele>12</ele>
        <time>2025-08-15T14:56:46.000Z</time>
        <extensions>
          <ns3:TrackPointExtension>
            <ns3:atemp>34.0</ns3:atemp>
            <ns3:hr>106</ns3:hr>
            <ns3:cad>81</ns3:cad>
          </ns3:TrackPointExtension>
        </extensions>
      </trkpt>
      <trkpt lat="32.021308578550815582275390625" lon="118.78311241976916790008544921875">
        <ele>12</ele>
        <time>2025-08-15T14:56:47.000Z</time>
        <extensions>
          <ns3:TrackPointExtension>
            <ns3:atemp>34.0</ns3:atemp>
            <ns3:hr>107</ns3:hr>
            <ns3:cad>81</ns3:cad>
          </ns3:TrackPointExtension>
        </extensions>
      </trkpt>
      <trkpt lat="32.02128418721258640289306640625" lon="118.7831006012856960296630859375">
        <ele>12</ele>
        <time>2025-08-15T14:56:48.000Z</time>
        <extensions>
          <ns3:TrackPointExtension>
            <ns3:atemp>34.0</ns3:atemp>
            <ns3:hr>108</ns3:hr>
            <ns3:cad>80</ns3:cad>
          </ns3:TrackPointExtension>
        </extensions>
      </trkpt>
      <trkpt lat="32.021273709833621978759765625" lon="118.78307671286165714263916015625">
        <ele>11.80000019073486328125</ele>
        <time>2025-08-15T14:56:49.000Z</time>
        <extensions>
          <ns3:TrackPointExtension>
            <ns3:atemp>34.0</ns3:atemp>
            <ns3:hr>108</ns3:hr>
            <ns3:cad>80</ns3:cad>
          </ns3:TrackPointExtension>
        </extensions>
      </trkpt>
      <trkpt lat="32.021272368729114532470703125" lon="118.78304184414446353912353515625">
        <ele>11.80000019073486328125</ele>
        <time>2025-08-15T14:56:50.000Z</time>
        <extensions>
          <ns3:TrackPointExtension>
            <ns3:atemp>34.0</ns3:atemp>
            <ns3:hr>109</ns3:hr>
            <ns3:cad>79</ns3:cad>
          </ns3:TrackPointExtension>
        </extensions>
      </trkpt>
      <trkpt lat="32.02126708813011646270751953125" lon="118.783018626272678375244140625">
        <ele>11.80000019073486328125</ele>
        <time>2025-08-15T14:56:51.000Z</time>
        <extensions>
          <ns3:TrackPointExtension>
            <ns3:atemp>34.0</ns3:atemp>
            <ns3:hr>109</ns3:hr>
            <ns3:cad>79</ns3:cad>
          </ns3:TrackPointExtension>
        </extensions>
      </trkpt>
      <trkpt lat="32.0212678425014019012451171875" lon="118.78299792297184467315673828125">
        <ele>11.80000019073486328125</ele>
        <time>2025-08-15T14:56:52.000Z</time>
        <extensions>
          <ns3:TrackPointExtension>
            <ns3:atemp>34.0</ns3:atemp>
            <ns3:hr>110</ns3:hr>
            <ns3:cad>79</ns3:cad>
          </ns3:TrackPointExtension>
        </extensions>
      </trkpt>
      <trkpt lat="32.02128033153712749481201171875" lon="118.7829688377678394317626953125">
        <ele>11.80000019073486328125</ele>
        <time>2025-08-15T14:56:53.000Z</time>
        <extensions>
          <ns3:TrackPointExtension>
            <ns3:atemp>34.0</ns3:atemp>
            <ns3:hr>111</ns3:hr>
            <ns3:cad>79</ns3:cad>
          </ns3:TrackPointExtension>
        </extensions>
      </trkpt>
      <trkpt lat="32.0212903060019016265869140625" lon="118.7829507328569889068603515625">
        <ele>11.80000019073486328125</ele>
        <time>2025-08-15T14:56:54.000Z</time>
        <extensions>
          <ns3:TrackPointExtension>
            <ns3:atemp>34.0</ns3:atemp>
            <ns3:hr>111</ns3:hr>
            <ns3:cad>79</ns3:cad>
          </ns3:TrackPointExtension>
        </extensions>
      </trkpt>
      <trkpt lat="32.02129944227635860443115234375" lon="118.7829386629164218902587890625">
        <ele>11.80000019073486328125</ele>
        <time>2025-08-15T14:56:55.000Z</time>
        <extensions>
          <ns3:TrackPointExtension>
            <ns3:atemp>34.0</ns3:atemp>
            <ns3:hr>112</ns3:hr>
            <ns3:cad>79</ns3:cad>
          </ns3:TrackPointExtension>
        </extensions>
      </trkpt>
      <trkpt lat="32.0213124342262744903564453125" lon="118.78292684443295001983642578125">
        <ele>11.80000019073486328125</ele>
        <time>2025-08-15T14:56:56.000Z</time>
        <extensions>
          <ns3:TrackPointExtension>
            <ns3:atemp>34.0</ns3:atemp>
            <ns3:hr>112</ns3:hr>
            <ns3:cad>40</ns3:cad>
          </ns3:TrackPointExtension>
        </extensions>
      </trkpt>
      <trkpt lat="32.02132609672844409942626953125" lon="118.78291795961558818817138671875">
        <ele>11.80000019073486328125</ele>
        <time>2025-08-15T14:56:57.000Z</time>
        <extensions>
          <ns3:TrackPointExtension>
            <ns3:atemp>34.0</ns3:atemp>
            <ns3:hr>113</ns3:hr>
            <ns3:cad>40</ns3:cad>
          </ns3:TrackPointExtension>
        </extensions>
      </trkpt>
      <trkpt lat="32.0213442854583263397216796875" lon="118.78291125409305095672607421875">
        <ele>11.80000019073486328125</ele>
        <time>2025-08-15T14:56:58.000Z</time>
        <extensions>
          <ns3:TrackPointExtension>
            <ns3:atemp>34.0</ns3:atemp>
            <ns3:hr>113</ns3:hr>
            <ns3:cad>60</ns3:cad>
          </ns3:TrackPointExtension>
        </extensions>
      </trkpt>
      <trkpt lat="32.02136264182627201080322265625" lon="118.78289759159088134765625">
        <ele>11.80000019073486328125</ele>
        <time>2025-08-15T14:56:59.000Z</time>
        <extensions>
          <ns3:TrackPointExtension>
            <ns3:atemp>34.0</ns3:atemp>
            <ns3:hr>114</ns3:hr>
            <ns3:cad>60</ns3:cad>
          </ns3:TrackPointExtension>
        </extensions>
      </trkpt>
      <trkpt lat="32.021377980709075927734375" lon="118.78288024105131626129150390625">
        <ele>11.6000003814697265625</ele>
        <time>2025-08-15T14:57:00.000Z</time>
        <extensions>
          <ns3:TrackPointExtension>
            <ns3:atemp>34.0</ns3:atemp>
            <ns3:hr>114</ns3:hr>
            <ns3:cad>61</ns3:cad>
          </ns3:TrackPointExtension>
        </extensions>
      </trkpt>
      <trkpt lat="32.02138803899288177490234375" lon="118.78286548890173435211181640625">
        <ele>11.6000003814697265625</ele>
        <time>2025-08-15T14:57:01.000Z</time>
        <extensions>
          <ns3:TrackPointExtension>
            <ns3:atemp>34.0</ns3:atemp>
            <ns3:hr>115</ns3:hr>
            <ns3:cad>61</ns3:cad>
          </ns3:TrackPointExtension>
        </extensions>
      </trkpt>
      <trkpt lat="32.02138963155448436737060546875" lon="118.78285643644630908966064453125">
        <ele>11.80000019073486328125</ele>
        <time>2025-08-15T14:57:02.000Z</time>
        <extensions>
          <ns3:TrackPointExtension>
            <ns3:atemp>34.0</ns3:atemp>
            <ns3:hr>115</ns3:hr>
            <ns3:cad>61</ns3:cad>
          </ns3:TrackPointExtension>
        </extensions>
      </trkpt>
      <trkpt lat="32.0213892124593257904052734375" lon="118.78285325132310390472412109375">
        <ele>11.80000019073486328125</ele>
        <time>2025-08-15T14:57:03.000Z</time>
        <extensions>
          <ns3:TrackPointExtension>
            <ns3:atemp>34.0</ns3:atemp>
            <ns3:hr>116</ns3:hr>
            <ns3:cad>60</ns3:cad>
          </ns3:TrackPointExtension>
        </extensions>
      </trkpt>
      <trkpt lat="32.02139063738286495208740234375" lon="118.78284721635282039642333984375">
        <ele>11.80000019073486328125</ele>
        <time>2025-08-15T14:57:04.000Z</time>
        <extensions>
          <ns3:TrackPointExtension>
            <ns3:atemp>34.0</ns3:atemp>
            <ns3:hr>116</ns3:hr>
            <ns3:cad>60</ns3:cad>
          </ns3:TrackPointExtension>
        </extensions>
      </trkpt>
      <trkpt lat="32.0213929004967212677001953125" lon="118.78284118138253688812255859375">
        <ele>11.80000019073486328125</ele>
        <time>2025-08-15T14:57:05.000Z</time>
        <extensions>
          <ns3:TrackPointExtension>
            <ns3:atemp>34.0</ns3:atemp>
            <ns3:hr>116</ns3:hr>
            <ns3:cad>60</ns3:cad>
          </ns3:TrackPointExtension>
        </extensions>
      </trkpt>
      <trkpt lat="32.021393738687038421630859375" lon="118.78283782862126827239990234375">
        <ele>11.80000019073486328125</ele>
        <time>2025-08-15T14:57:06.000Z</time>
        <extensions>
          <ns3:TrackPointExtension>
            <ns3:atemp>34.0</ns3:atemp>
            <ns3:hr>117</ns3:hr>
            <ns3:cad>60</ns3:cad>
          </ns3:TrackPointExtension>
        </extensions>
      </trkpt>
      <trkpt lat="32.021395079791545867919921875" lon="118.78283313475549221038818359375">
        <ele>11.80000019073486328125</ele>
        <time>2025-08-15T14:57:07.000Z</time>
        <extensions>
          <ns3:TrackPointExtension>
            <ns3:atemp>34.0</ns3:atemp>
            <ns3:hr>117</ns3:hr>
            <ns3:cad>60</ns3:cad>
          </ns3:TrackPointExtension>
        </extensions>
      </trkpt>
      <trkpt lat="32.02139801345765590667724609375" lon="118.78281989134848117828369140625">
        <ele>11.80000019073486328125</ele>
        <time>2025-08-15T14:57:08.000Z</time>
        <extensions>
          <ns3:TrackPointExtension>
            <ns3:atemp>34.0</ns3:atemp>
            <ns3:hr>117</ns3:hr>
            <ns3:cad>0</ns3:cad>
          </ns3:TrackPointExtension>
        </extensions>
      </trkpt>
      <trkpt lat="32.02140279114246368408203125" lon="118.7828052230179309844970703125">
        <ele>11.80000019073486328125</ele>
        <time>2025-08-15T14:57:09.000Z</time>
        <extensions>
          <ns3:TrackPointExtension>
            <ns3:atemp>34.0</ns3:atemp>
            <ns3:hr>119</ns3:hr>
            <ns3:cad>0</ns3:cad>
          </ns3:TrackPointExtension>
        </extensions>
      </trkpt>
      <trkpt lat="32.02140815556049346923828125" lon="118.78279172815382480621337890625">
        <ele>11.80000019073486328125</ele>
        <time>2025-08-15T14:57:10.000Z</time>
        <extensions>
          <ns3:TrackPointExtension>
            <ns3:atemp>34.0</ns3:atemp>
            <ns3:hr>121</ns3:hr>
            <ns3:cad>0</ns3:cad>
          </ns3:TrackPointExtension>
        </extensions>
      </trkpt>
      <trkpt lat="32.02141410671174526214599609375" lon="118.7827790714800357818603515625">
        <ele>11.80000019073486328125</ele>
        <time>2025-08-15T14:57:11.000Z</time>
        <extensions>
          <ns3:TrackPointExtension>
            <ns3:atemp>34.0</ns3:atemp>
            <ns3:hr>126</ns3:hr>
            <ns3:cad>56</ns3:cad>
          </ns3:TrackPointExtension>
        </extensions>
      </trkpt>
      <trkpt lat="32.02142047695815563201904296875" lon="118.7827648222446441650390625">
        <ele>11.6000003814697265625</ele>
        <time>2025-08-15T14:57:12.000Z</time>
        <extensions>
          <ns3:TrackPointExtension>
            <ns3:atemp>34.0</ns3:atemp>
            <ns3:hr>134</ns3:hr>
            <ns3:cad>56</ns3:cad>
          </ns3:TrackPointExtension>
        </extensions>
      </trkpt>
      <trkpt lat="32.0214254222810268402099609375" lon="118.7827487289905548095703125">
        <ele>11.6000003814697265625</ele>
        <time>2025-08-15T14:57:13.000Z</time>
        <extensions>
          <ns3:TrackPointExtension>
            <ns3:atemp>34.0</ns3:atemp>
            <ns3:hr>139</ns3:hr>
            <ns3:cad>56</ns3:cad>
          </ns3:TrackPointExtension>
        </extensions>
      </trkpt>
      <trkpt lat="32.02143103815615177154541015625" lon="118.782728947699069976806640625">
        <ele>11.6000003814697265625</ele>
        <time>2025-08-15T14:57:14.000Z</time>
        <extensions>
          <ns3:TrackPointExtension>
            <ns3:atemp>34.0</ns3:atemp>
            <ns3:hr>140</ns3:hr>
            <ns3:cad>61</ns3:cad>
          </ns3:TrackPointExtension>
        </extensions>
      </trkpt>
      <trkpt lat="32.02143900096416473388671875" lon="118.78270606510341167449951171875">
        <ele>11.6000003814697265625</ele>
        <time>2025-08-15T14:57:15.000Z</time>
        <extensions>
          <ns3:TrackPointExtension>
            <ns3:atemp>34.0</ns3:atemp>
            <ns3:hr>141</ns3:hr>
            <ns3:cad>61</ns3:cad>
          </ns3:TrackPointExtension>
        </extensions>
      </trkpt>
      <trkpt lat="32.0214441977441310882568359375" lon="118.7826872058212757110595703125">
        <ele>11.6000003814697265625</ele>
        <time>2025-08-15T14:57:16.000Z</time>
        <extensions>
          <ns3:TrackPointExtension>
            <ns3:atemp>34.0</ns3:atemp>
            <ns3:hr>141</ns3:hr>
            <ns3:cad>61</ns3:cad>
          </ns3:TrackPointExtension>
        </extensions>
      </trkpt>
      <trkpt lat="32.02144713141024112701416015625" lon="118.7826657481491565704345703125">
        <ele>11.6000003814697265625</ele>
        <time>2025-08-15T14:57:17.000Z</time>
        <extensions>
          <ns3:TrackPointExtension>
            <ns3:atemp>34.0</ns3:atemp>
            <ns3:hr>141</ns3:hr>
            <ns3:cad>0</ns3:cad>
          </ns3:TrackPointExtension>
        </extensions>
      </trkpt>
      <trkpt lat="32.0214571058750152587890625" lon="118.7826362438499927520751953125">
        <ele>11.80000019073486328125</ele>
        <time>2025-08-15T14:57:18.000Z</time>
        <extensions>
          <ns3:TrackPointExtension>
            <ns3:atemp>34.0</ns3:atemp>
            <ns3:hr>141</ns3:hr>
            <ns3:cad>0</ns3:cad>
          </ns3:TrackPointExtension>
        </extensions>
      </trkpt>
      <trkpt lat="32.02146456576883792877197265625" lon="118.78261403180658817291259765625">
        <ele>11.80000019073486328125</ele>
        <time>2025-08-15T14:57:19.000Z</time>
        <extensions>
          <ns3:TrackPointExtension>
            <ns3:atemp>34.0</ns3:atemp>
            <ns3:hr>141</ns3:hr>
            <ns3:cad>80</ns3:cad>
          </ns3:TrackPointExtension>
        </extensions>
      </trkpt>
      <trkpt lat="32.021475546061992645263671875" lon="118.78258419223129749298095703125">
        <ele>12</ele>
        <time>2025-08-15T14:57:20.000Z</time>
        <extensions>
          <ns3:TrackPointExtension>
            <ns3:atemp>34.0</ns3:atemp>
            <ns3:hr>141</ns3:hr>
            <ns3:cad>80</ns3:cad>
          </ns3:TrackPointExtension>
        </extensions>
      </trkpt>
      <trkpt lat="32.021488957107067108154296875" lon="118.78255267627537250518798828125">
        <ele>12.19999980926513671875</ele>
        <time>2025-08-15T14:57:21.000Z</time>
        <extensions>
          <ns3:TrackPointExtension>
            <ns3:atemp>34.0</ns3:atemp>
            <ns3:hr>140</ns3:hr>
            <ns3:cad>81</ns3:cad>
          </ns3:TrackPointExtension>
        </extensions>
      </trkpt>
      <trkpt lat="32.02149666845798492431640625" lon="118.782524764537811279296875">
        <ele>12</ele>
        <time>2025-08-15T14:57:22.000Z</time>
        <extensions>
          <ns3:TrackPointExtension>
            <ns3:atemp>34.0</ns3:atemp>
            <ns3:hr>140</ns3:hr>
            <ns3:cad>81</ns3:cad>
          </ns3:TrackPointExtension>
        </extensions>
      </trkpt>
      <trkpt lat="32.02149624936282634735107421875" lon="118.7824826873838901519775390625">
        <ele>12</ele>
        <time>2025-08-15T14:57:23.000Z</time>
        <extensions>
          <ns3:TrackPointExtension>
            <ns3:atemp>34.0</ns3:atemp>
            <ns3:hr>140</ns3:hr>
            <ns3:cad>81</ns3:cad>
          </ns3:TrackPointExtension>
        </extensions>
      </trkpt>
      <trkpt lat="32.02151284553110599517822265625" lon="118.78244790248572826385498046875">
        <ele>12</ele>
        <time>2025-08-15T14:57:24.000Z</time>
        <extensions>
          <ns3:TrackPointExtension>
            <ns3:atemp>34.0</ns3:atemp>
            <ns3:hr>141</ns3:hr>
            <ns3:cad>81</ns3:cad>
          </ns3:TrackPointExtension>
        </extensions>
      </trkpt>
      <trkpt lat="32.02152508310973644256591796875" lon="118.7824209965765476226806640625">
        <ele>12</ele>
        <time>2025-08-15T14:57:25.000Z</time>
        <extensions>
          <ns3:TrackPointExtension>
            <ns3:atemp>34.0</ns3:atemp>
            <ns3:hr>141</ns3:hr>
            <ns3:cad>81</ns3:cad>
          </ns3:TrackPointExtension>
        </extensions>
      </trkpt>
      <trkpt lat="32.0215337164700031280517578125" lon="118.78238730132579803466796875">
        <ele>11.80000019073486328125</ele>
        <time>2025-08-15T14:57:26.000Z</time>
        <extensions>
          <ns3:TrackPointExtension>
            <ns3:atemp>34.0</ns3:atemp>
            <ns3:hr>141</ns3:hr>
            <ns3:cad>81</ns3:cad>
          </ns3:TrackPointExtension>
        </extensions>
      </trkpt>
      <trkpt lat="32.02154897153377532958984375" lon="118.78236341290175914764404296875">
        <ele>12</ele>
        <time>2025-08-15T14:57:27.000Z</time>
        <extensions>
          <ns3:TrackPointExtension>
            <ns3:atemp>34.0</ns3:atemp>
            <ns3:hr>141</ns3:hr>
            <ns3:cad>81</ns3:cad>
          </ns3:TrackPointExtension>
        </extensions>
      </trkpt>
      <trkpt lat="32.021552659571170806884765625" lon="118.78233189694583415985107421875">
        <ele>12</ele>
        <time>2025-08-15T14:57:28.000Z</time>
        <extensions>
          <ns3:TrackPointExtension>
            <ns3:atemp>34.0</ns3:atemp>
            <ns3:hr>142</ns3:hr>
            <ns3:cad>81</ns3:cad>
          </ns3:TrackPointExtension>
        </extensions>
      </trkpt>
      <trkpt lat="32.02155995182693004608154296875" lon="118.7822986207902431488037109375">
        <ele>12</ele>
        <time>2025-08-15T14:57:29.000Z</time>
        <extensions>
          <ns3:TrackPointExtension>
            <ns3:atemp>34.0</ns3:atemp>
            <ns3:hr>142</ns3:hr>
            <ns3:cad>81</ns3:cad>
          </ns3:TrackPointExtension>
        </extensions>
      </trkpt>
      <trkpt lat="32.02156397514045238494873046875" lon="118.78226953558623790740966796875">
        <ele>12</ele>
        <time>2025-08-15T14:57:30.000Z</time>
        <extensions>
          <ns3:TrackPointExtension>
            <ns3:atemp>33.0</ns3:atemp>
            <ns3:hr>142</ns3:hr>
            <ns3:cad>81</ns3:cad>
          </ns3:TrackPointExtension>
        </extensions>
      </trkpt>
      <trkpt lat="32.02157118357717990875244140625" lon="118.7822476588189601898193359375">
        <ele>12</ele>
        <time>2025-08-15T14:57:31.000Z</time>
        <extensions>
          <ns3:TrackPointExtension>
            <ns3:atemp>34.0</ns3:atemp>
            <ns3:hr>143</ns3:hr>
            <ns3:cad>81</ns3:cad>
          </ns3:TrackPointExtension>
        </extensions>
      </trkpt>
      <trkpt lat="32.02157981693744659423828125" lon="118.78221488557755947113037109375">
        <ele>12</ele>
        <time>2025-08-15T14:57:32.000Z</time>
        <extensions>
          <ns3:TrackPointExtension>
            <ns3:atemp>34.0</ns3:atemp>
            <ns3:hr>143</ns3:hr>
            <ns3:cad>81</ns3:cad>
          </ns3:TrackPointExtension>
        </extensions>
      </trkpt>
      <trkpt lat="32.0215846784412860870361328125" lon="118.78218320198357105255126953125">
        <ele>12</ele>
        <time>2025-08-15T14:57:33.000Z</time>
        <extensions>
          <ns3:TrackPointExtension>
            <ns3:atemp>34.0</ns3:atemp>
            <ns3:hr>143</ns3:hr>
            <ns3:cad>82</ns3:cad>
          </ns3:TrackPointExtension>
        </extensions>
      </trkpt>
      <trkpt lat="32.0215923897922039031982421875" lon="118.7821532785892486572265625">
        <ele>12</ele>
        <time>2025-08-15T14:57:34.000Z</time>
        <extensions>
          <ns3:TrackPointExtension>
            <ns3:atemp>34.0</ns3:atemp>
            <ns3:hr>144</ns3:hr>
            <ns3:cad>82</ns3:cad>
          </ns3:TrackPointExtension>
        </extensions>
      </trkpt>
      <trkpt lat="32.02160663902759552001953125" lon="118.782115392386913299560546875">
        <ele>12.19999980926513671875</ele>
        <time>2025-08-15T14:57:35.000Z</time>
        <extensions>
          <ns3:TrackPointExtension>
            <ns3:atemp>34.0</ns3:atemp>
            <ns3:hr>144</ns3:hr>
            <ns3:cad>82</ns3:cad>
          </ns3:TrackPointExtension>
        </extensions>
      </trkpt>
      <trkpt lat="32.0216094888746738433837890625" lon="118.7820934318006038665771484375">
        <ele>12.19999980926513671875</ele>
        <time>2025-08-15T14:57:36.000Z</time>
        <extensions>
          <ns3:TrackPointExtension>
            <ns3:atemp>34.0</ns3:atemp>
            <ns3:hr>145</ns3:hr>
            <ns3:cad>81</ns3:cad>
          </ns3:TrackPointExtension>
        </extensions>
      </trkpt>
      <trkpt lat="32.02161376364529132843017578125" lon="118.7820743210613727569580078125">
        <ele>12.19999980926513671875</ele>
        <time>2025-08-15T14:57:37.000Z</time>
        <extensions>
          <ns3:TrackPointExtension>
            <ns3:atemp>34.0</ns3:atemp>
            <ns3:hr>145</ns3:hr>
            <ns3:cad>81</ns3:cad>
          </ns3:TrackPointExtension>
        </extensions>
      </trkpt>
      <trkpt lat="32.021615691483020782470703125" lon="118.782047331333160400390625">
        <ele>12.19999980926513671875</ele>
        <time>2025-08-15T14:57:38.000Z</time>
        <extensions>
          <ns3:TrackPointExtension>
            <ns3:atemp>33.0</ns3:atemp>
            <ns3:hr>145</ns3:hr>
            <ns3:cad>81</ns3:cad>
          </ns3:TrackPointExtension>
        </extensions>
      </trkpt>
      <trkpt lat="32.0216218940913677215576171875" lon="118.78202293999493122100830078125">
        <ele>12.3999996185302734375</ele>
        <time>2025-08-15T14:57:39.000Z</time>
        <extensions>
          <ns3:TrackPointExtension>
            <ns3:atemp>34.0</ns3:atemp>
            <ns3:hr>146</ns3:hr>
            <ns3:cad>81</ns3:cad>
          </ns3:TrackPointExtension>
        </extensions>
      </trkpt>
      <trkpt lat="32.0216259174048900604248046875" lon="118.78199511207640171051025390625">
        <ele>12.3999996185302734375</ele>
        <time>2025-08-15T14:57:40.000Z</time>
        <extensions>
          <ns3:TrackPointExtension>
            <ns3:atemp>33.0</ns3:atemp>
            <ns3:hr>147</ns3:hr>
            <ns3:cad>82</ns3:cad>
          </ns3:TrackPointExtension>
        </extensions>
      </trkpt>
      <trkpt lat="32.021627090871334075927734375" lon="118.78196963109076023101806640625">
        <ele>12.6000003814697265625</ele>
        <time>2025-08-15T14:57:41.000Z</time>
        <extensions>
          <ns3:TrackPointExtension>
            <ns3:atemp>33.0</ns3:atemp>
            <ns3:hr>147</ns3:hr>
            <ns3:cad>82</ns3:cad>
          </ns3:TrackPointExtension>
        </extensions>
      </trkpt>
      <trkpt lat="32.0216316170990467071533203125" lon="118.7819428928196430206298828125">
        <ele>12.6000003814697265625</ele>
        <time>2025-08-15T14:57:42.000Z</time>
        <extensions>
          <ns3:TrackPointExtension>
            <ns3:atemp>34.0</ns3:atemp>
            <ns3:hr>148</ns3:hr>
            <ns3:cad>83</ns3:cad>
          </ns3:TrackPointExtension>
        </extensions>
      </trkpt>
      <trkpt lat="32.0216341316699981689453125" lon="118.7819172441959381103515625">
        <ele>12.6000003814697265625</ele>
        <time>2025-08-15T14:57:43.000Z</time>
        <extensions>
          <ns3:TrackPointExtension>
            <ns3:atemp>34.0</ns3:atemp>
            <ns3:hr>148</ns3:hr>
            <ns3:cad>84</ns3:cad>
          </ns3:TrackPointExtension>
        </extensions>
      </trkpt>
      <trkpt lat="32.02163614332675933837890625" lon="118.78189452923834323883056640625">
        <ele>12.6000003814697265625</ele>
        <time>2025-08-15T14:57:44.000Z</time>
        <extensions>
          <ns3:TrackPointExtension>
            <ns3:atemp>34.0</ns3:atemp>
            <ns3:hr>148</ns3:hr>
            <ns3:cad>84</ns3:cad>
          </ns3:TrackPointExtension>
        </extensions>
      </trkpt>
      <trkpt lat="32.0216339640319347381591796875" lon="118.78186804242432117462158203125">
        <ele>12.6000003814697265625</ele>
        <time>2025-08-15T14:57:45.000Z</time>
        <extensions>
          <ns3:TrackPointExtension>
            <ns3:atemp>33.0</ns3:atemp>
            <ns3:hr>148</ns3:hr>
            <ns3:cad>84</ns3:cad>
          </ns3:TrackPointExtension>
        </extensions>
      </trkpt>
      <trkpt lat="32.021635137498378753662109375" lon="118.7818426452577114105224609375">
        <ele>12.6000003814697265625</ele>
        <time>2025-08-15T14:57:46.000Z</time>
        <extensions>
          <ns3:TrackPointExtension>
            <ns3:atemp>33.0</ns3:atemp>
            <ns3:hr>149</ns3:hr>
            <ns3:cad>84</ns3:cad>
          </ns3:TrackPointExtension>
        </extensions>
      </trkpt>
      <trkpt lat="32.0216359756886959075927734375" lon="118.7818071059882640838623046875">
        <ele>12.80000019073486328125</ele>
        <time>2025-08-15T14:57:47.000Z</time>
        <extensions>
          <ns3:TrackPointExtension>
            <ns3:atemp>33.0</ns3:atemp>
            <ns3:hr>149</ns3:hr>
            <ns3:cad>84</ns3:cad>
          </ns3:TrackPointExtension>
        </extensions>
      </trkpt>
      <trkpt lat="32.02164041809737682342529296875" lon="118.781779445707798004150390625">
        <ele>12.80000019073486328125</ele>
        <time>2025-08-15T14:57:48.000Z</time>
        <extensions>
          <ns3:TrackPointExtension>
            <ns3:atemp>33.0</ns3:atemp>
            <ns3:hr>149</ns3:hr>
            <ns3:cad>84</ns3:cad>
          </ns3:TrackPointExtension>
        </extensions>
      </trkpt>
      <trkpt lat="32.02165047638118267059326171875" lon="118.7817430682480335235595703125">
        <ele>12.80000019073486328125</ele>
        <time>2025-08-15T14:57:49.000Z</time>
        <extensions>
          <ns3:TrackPointExtension>
            <ns3:atemp>33.0</ns3:atemp>
            <ns3:hr>149</ns3:hr>
            <ns3:cad>84</ns3:cad>
          </ns3:TrackPointExtension>
        </extensions>
      </trkpt>
      <trkpt lat="32.021659277379512786865234375" lon="118.78171398304402828216552734375">
        <ele>12.80000019073486328125</ele>
        <time>2025-08-15T14:57:50.000Z</time>
        <extensions>
          <ns3:TrackPointExtension>
            <ns3:atemp>33.0</ns3:atemp>
            <ns3:hr>148</ns3:hr>
            <ns3:cad>84</ns3:cad>
          </ns3:TrackPointExtension>
        </extensions>
      </trkpt>
      <trkpt lat="32.02166589908301830291748046875" lon="118.7816756777465343475341796875">
        <ele>13</ele>
        <time>2025-08-15T14:57:51.000Z</time>
        <extensions>
          <ns3:TrackPointExtension>
            <ns3:atemp>33.0</ns3:atemp>
            <ns3:hr>149</ns3:hr>
            <ns3:cad>84</ns3:cad>
          </ns3:TrackPointExtension>
        </extensions>
      </trkpt>
      <trkpt lat="32.02167428098618984222412109375" lon="118.781641982495784759521484375">
        <ele>13</ele>
        <time>2025-08-15T14:57:52.000Z</time>
        <extensions>
          <ns3:TrackPointExtension>
            <ns3:atemp>33.0</ns3:atemp>
            <ns3:hr>149</ns3:hr>
            <ns3:cad>84</ns3:cad>
          </ns3:TrackPointExtension>
        </extensions>
      </trkpt>
      <trkpt lat="32.02167461626231670379638671875" lon="118.78161088563501834869384765625">
        <ele>13</ele>
        <time>2025-08-15T14:57:53.000Z</time>
        <extensions>
          <ns3:TrackPointExtension>
            <ns3:atemp>33.0</ns3:atemp>
            <ns3:hr>148</ns3:hr>
            <ns3:cad>84</ns3:cad>
          </ns3:TrackPointExtension>
        </extensions>
      </trkpt>
      <trkpt lat="32.02168643474578857421875" lon="118.78157450817525386810302734375">
        <ele>13</ele>
        <time>2025-08-15T14:57:54.000Z</time>
        <extensions>
          <ns3:TrackPointExtension>
            <ns3:atemp>33.0</ns3:atemp>
            <ns3:hr>149</ns3:hr>
            <ns3:cad>84</ns3:cad>
          </ns3:TrackPointExtension>
        </extensions>
      </trkpt>
      <trkpt lat="32.02170110307633876800537109375" lon="118.781546093523502349853515625">
        <ele>13</ele>
        <time>2025-08-15T14:57:55.000Z</time>
        <extensions>
          <ns3:TrackPointExtension>
            <ns3:atemp>33.0</ns3:atemp>
            <ns3:hr>149</ns3:hr>
            <ns3:cad>84</ns3:cad>
          </ns3:TrackPointExtension>
        </extensions>
      </trkpt>
      <trkpt lat="32.021706886589527130126953125" lon="118.78152153454720973968505859375">
        <ele>13</ele>
        <time>2025-08-15T14:57:56.000Z</time>
        <extensions>
          <ns3:TrackPointExtension>
            <ns3:atemp>33.0</ns3:atemp>
            <ns3:hr>149</ns3:hr>
            <ns3:cad>84</ns3:cad>
          </ns3:TrackPointExtension>
        </extensions>
      </trkpt>
      <trkpt lat="32.02171602286398410797119140625" lon="118.78149412572383880615234375">
        <ele>13.19999980926513671875</ele>
        <time>2025-08-15T14:57:57.000Z</time>
        <extensions>
          <ns3:TrackPointExtension>
            <ns3:atemp>33.0</ns3:atemp>
            <ns3:hr>149</ns3:hr>
            <ns3:cad>84</ns3:cad>
          </ns3:TrackPointExtension>
        </extensions>
      </trkpt>
      <trkpt lat="32.0217214711010456085205078125" lon="118.7814691476523876190185546875">
        <ele>13.19999980926513671875</ele>
        <time>2025-08-15T14:57:58.000Z</time>
        <extensions>
          <ns3:TrackPointExtension>
            <ns3:atemp>33.0</ns3:atemp>
            <ns3:hr>149</ns3:hr>
            <ns3:cad>84</ns3:cad>
          </ns3:TrackPointExtension>
        </extensions>
      </trkpt>
      <trkpt lat="32.02172608114778995513916015625" lon="118.78143905662000179290771484375">
        <ele>13.19999980926513671875</ele>
        <time>2025-08-15T14:57:59.000Z</time>
        <extensions>
          <ns3:TrackPointExtension>
            <ns3:atemp>33.0</ns3:atemp>
            <ns3:hr>149</ns3:hr>
            <ns3:cad>84</ns3:cad>
          </ns3:TrackPointExtension>
        </extensions>
      </trkpt>
      <trkpt lat="32.02173127792775630950927734375" lon="118.78141340799629688262939453125">
        <ele>13.19999980926513671875</ele>
        <time>2025-08-15T14:58:00.000Z</time>
        <extensions>
          <ns3:TrackPointExtension>
            <ns3:atemp>33.0</ns3:atemp>
            <ns3:hr>149</ns3:hr>
            <ns3:cad>84</ns3:cad>
          </ns3:TrackPointExtension>
        </extensions>
      </trkpt>
      <trkpt lat="32.021737731993198394775390625" lon="118.781387843191623687744140625">
        <ele>13.19999980926513671875</ele>
        <time>2025-08-15T14:58:01.000Z</time>
        <extensions>
          <ns3:TrackPointExtension>
            <ns3:atemp>33.0</ns3:atemp>
            <ns3:hr>149</ns3:hr>
            <ns3:cad>84</ns3:cad>
          </ns3:TrackPointExtension>
        </extensions>
      </trkpt>
      <trkpt lat="32.0217469520866870880126953125" lon="118.78136747516691684722900390625">
        <ele>13.19999980926513671875</ele>
        <time>2025-08-15T14:58:02.000Z</time>
        <extensions>
          <ns3:TrackPointExtension>
            <ns3:atemp>33.0</ns3:atemp>
            <ns3:hr>149</ns3:hr>
            <ns3:cad>84</ns3:cad>
          </ns3:TrackPointExtension>
        </extensions>
      </trkpt>
      <trkpt lat="32.021759860217571258544921875" lon="118.7813440896570682525634765625">
        <ele>13.3999996185302734375</ele>
        <time>2025-08-15T14:58:03.000Z</time>
        <extensions>
          <ns3:TrackPointExtension>
            <ns3:atemp>33.0</ns3:atemp>
            <ns3:hr>149</ns3:hr>
            <ns3:cad>84</ns3:cad>
          </ns3:TrackPointExtension>
        </extensions>
      </trkpt>
      <trkpt lat="32.02177301980555057525634765625" lon="118.781317770481109619140625">
        <ele>13.3999996185302734375</ele>
        <time>2025-08-15T14:58:04.000Z</time>
        <extensions>
          <ns3:TrackPointExtension>
            <ns3:atemp>33.0</ns3:atemp>
            <ns3:hr>150</ns3:hr>
            <ns3:cad>83</ns3:cad>
          </ns3:TrackPointExtension>
        </extensions>
      </trkpt>
      <trkpt lat="32.02178793959319591522216796875" lon="118.78128767944872379302978515625">
        <ele>13.3999996185302734375</ele>
        <time>2025-08-15T14:58:05.000Z</time>
        <extensions>
          <ns3:TrackPointExtension>
            <ns3:atemp>33.0</ns3:atemp>
            <ns3:hr>150</ns3:hr>
            <ns3:cad>83</ns3:cad>
          </ns3:TrackPointExtension>
        </extensions>
      </trkpt>
      <trkpt lat="32.02180285938084125518798828125" lon="118.7812589295208454132080078125">
        <ele>13.3999996185302734375</ele>
        <time>2025-08-15T14:58:06.000Z</time>
        <extensions>
          <ns3:TrackPointExtension>
            <ns3:atemp>33.0</ns3:atemp>
            <ns3:hr>150</ns3:hr>
            <ns3:cad>83</ns3:cad>
          </ns3:TrackPointExtension>
        </extensions>
      </trkpt>
      <trkpt lat="32.0218244008719921112060546875" lon="118.78121852874755859375">
        <ele>13.3999996185302734375</ele>
        <time>2025-08-15T14:58:07.000Z</time>
        <extensions>
          <ns3:TrackPointExtension>
            <ns3:atemp>33.0</ns3:atemp>
            <ns3:hr>149</ns3:hr>
            <ns3:cad>83</ns3:cad>
          </ns3:TrackPointExtension>
        </extensions>
      </trkpt>
      <trkpt lat="32.021834962069988250732421875" lon="118.78117720596492290496826171875">
        <ele>13.3999996185302734375</ele>
        <time>2025-08-15T14:58:08.000Z</time>
        <extensions>
          <ns3:TrackPointExtension>
            <ns3:atemp>33.0</ns3:atemp>
            <ns3:hr>149</ns3:hr>
            <ns3:cad>83</ns3:cad>
          </ns3:TrackPointExtension>
        </extensions>
      </trkpt>
      <trkpt lat="32.02185583300888538360595703125" lon="118.7811355479061603546142578125">
        <ele>13.3999996185302734375</ele>
        <time>2025-08-15T14:58:09.000Z</time>
        <extensions>
          <ns3:TrackPointExtension>
            <ns3:atemp>33.0</ns3:atemp>
            <ns3:hr>149</ns3:hr>
            <ns3:cad>83</ns3:cad>
          </ns3:TrackPointExtension>
        </extensions>
      </trkpt>
      <trkpt lat="32.02187242917716503143310546875" lon="118.7810959853231906890869140625">
        <ele>13.6000003814697265625</ele>
        <time>2025-08-15T14:58:10.000Z</time>
        <extensions>
          <ns3:TrackPointExtension>
            <ns3:atemp>33.0</ns3:atemp>
            <ns3:hr>149</ns3:hr>
            <ns3:cad>83</ns3:cad>
          </ns3:TrackPointExtension>
        </extensions>
      </trkpt>
      <trkpt lat="32.0218834094703197479248046875" lon="118.78106229007244110107421875">
        <ele>13.6000003814697265625</ele>
        <time>2025-08-15T14:58:11.000Z</time>
        <extensions>
          <ns3:TrackPointExtension>
            <ns3:atemp>33.0</ns3:atemp>
            <ns3:hr>150</ns3:hr>
            <ns3:cad>83</ns3:cad>
          </ns3:TrackPointExtension>
        </extensions>
      </trkpt>
      <trkpt lat="32.0218978263437747955322265625" lon="118.7810208834707736968994140625">
        <ele>13.80000019073486328125</ele>
        <time>2025-08-15T14:58:12.000Z</time>
        <extensions>
          <ns3:TrackPointExtension>
            <ns3:atemp>33.0</ns3:atemp>
            <ns3:hr>150</ns3:hr>
            <ns3:cad>82</ns3:cad>
          </ns3:TrackPointExtension>
        </extensions>
      </trkpt>
      <trkpt lat="32.02190746553242206573486328125" lon="118.7809933908283710479736328125">
        <ele>13.80000019073486328125</ele>
        <time>2025-08-15T14:58:13.000Z</time>
        <extensions>
          <ns3:TrackPointExtension>
            <ns3:atemp>33.0</ns3:atemp>
            <ns3:hr>150</ns3:hr>
            <ns3:cad>82</ns3:cad>
          </ns3:TrackPointExtension>
        </extensions>
      </trkpt>
      <trkpt lat="32.0219149254262447357177734375" lon="118.78096279688179492950439453125">
        <ele>13.80000019073486328125</ele>
        <time>2025-08-15T14:58:14.000Z</time>
        <extensions>
          <ns3:TrackPointExtension>
            <ns3:atemp>33.0</ns3:atemp>
            <ns3:hr>150</ns3:hr>
            <ns3:cad>82</ns3:cad>
          </ns3:TrackPointExtension>
        </extensions>
      </trkpt>
      <trkpt lat="32.02192942611873149871826171875" lon="118.78092340193688869476318359375">
        <ele>13.80000019073486328125</ele>
        <time>2025-08-15T14:58:15.000Z</time>
        <extensions>
          <ns3:TrackPointExtension>
            <ns3:atemp>33.0</ns3:atemp>
            <ns3:hr>151</ns3:hr>
            <ns3:cad>82</ns3:cad>
          </ns3:TrackPointExtension>
        </extensions>
      </trkpt>
      <trkpt lat="32.02193529345095157623291015625" lon="118.7808958254754543304443359375">
        <ele>13.80000019073486328125</ele>
        <time>2025-08-15T14:58:16.000Z</time>
        <extensions>
          <ns3:TrackPointExtension>
            <ns3:atemp>33.0</ns3:atemp>
            <ns3:hr>151</ns3:hr>
            <ns3:cad>82</ns3:cad>
          </ns3:TrackPointExtension>
        </extensions>
      </trkpt>
      <trkpt lat="32.021946609020233154296875" lon="118.7808653153479099273681640625">
        <ele>13.80000019073486328125</ele>
        <time>2025-08-15T14:58:17.000Z</time>
        <extensions>
          <ns3:TrackPointExtension>
            <ns3:atemp>33.0</ns3:atemp>
            <ns3:hr>152</ns3:hr>
            <ns3:cad>82</ns3:cad>
          </ns3:TrackPointExtension>
        </extensions>
      </trkpt>
      <trkpt lat="32.0219591818749904632568359375" lon="118.78083723597228527069091796875">
        <ele>13.80000019073486328125</ele>
        <time>2025-08-15T14:58:18.000Z</time>
        <extensions>
          <ns3:TrackPointExtension>
            <ns3:atemp>33.0</ns3:atemp>
            <ns3:hr>153</ns3:hr>
            <ns3:cad>83</ns3:cad>
          </ns3:TrackPointExtension>
        </extensions>
      </trkpt>
      <trkpt lat="32.02196731232106685638427734375" lon="118.780810832977294921875">
        <ele>14</ele>
        <time>2025-08-15T14:58:19.000Z</time>
        <extensions>
          <ns3:TrackPointExtension>
            <ns3:atemp>33.0</ns3:atemp>
            <ns3:hr>153</ns3:hr>
            <ns3:cad>83</ns3:cad>
          </ns3:TrackPointExtension>
        </extensions>
      </trkpt>
      <trkpt lat="32.02198122628033161163330078125" lon="118.7807700969278812408447265625">
        <ele>14</ele>
        <time>2025-08-15T14:58:20.000Z</time>
        <extensions>
          <ns3:TrackPointExtension>
            <ns3:atemp>33.0</ns3:atemp>
            <ns3:hr>153</ns3:hr>
            <ns3:cad>83</ns3:cad>
          </ns3:TrackPointExtension>
        </extensions>
      </trkpt>
      <trkpt lat="32.0219896920025348663330078125" lon="118.78074587322771549224853515625">
        <ele>14</ele>
        <time>2025-08-15T14:58:21.000Z</time>
        <extensions>
          <ns3:TrackPointExtension>
            <ns3:atemp>33.0</ns3:atemp>
            <ns3:hr>153</ns3:hr>
            <ns3:cad>83</ns3:cad>
          </ns3:TrackPointExtension>
        </extensions>
      </trkpt>
      <trkpt lat="32.02200318686664104461669921875" lon="118.7807104177772998809814453125">
        <ele>14</ele>
        <time>2025-08-15T14:58:22.000Z</time>
        <extensions>
          <ns3:TrackPointExtension>
            <ns3:atemp>33.0</ns3:atemp>
            <ns3:hr>153</ns3:hr>
            <ns3:cad>83</ns3:cad>
          </ns3:TrackPointExtension>
        </extensions>
      </trkpt>
      <trkpt lat="32.02201928012073040008544921875" lon="118.78068116493523120880126953125">
        <ele>13.80000019073486328125</ele>
        <time>2025-08-15T14:58:23.000Z</time>
        <extensions>
          <ns3:TrackPointExtension>
            <ns3:atemp>33.0</ns3:atemp>
            <ns3:hr>154</ns3:hr>
            <ns3:cad>82</ns3:cad>
          </ns3:TrackPointExtension>
        </extensions>
      </trkpt>
      <trkpt lat="32.022027410566806793212890625" lon="118.7806581147015094757080078125">
        <ele>13.80000019073486328125</ele>
        <time>2025-08-15T14:58:24.000Z</time>
        <extensions>
          <ns3:TrackPointExtension>
            <ns3:atemp>33.0</ns3:atemp>
            <ns3:hr>154</ns3:hr>
            <ns3:cad>82</ns3:cad>
          </ns3:TrackPointExtension>
        </extensions>
      </trkpt>
      <trkpt lat="32.0220376364886760711669921875" lon="118.7806217372417449951171875">
        <ele>14</ele>
        <time>2025-08-15T14:58:25.000Z</time>
        <extensions>
          <ns3:TrackPointExtension>
            <ns3:atemp>33.0</ns3:atemp>
            <ns3:hr>154</ns3:hr>
            <ns3:cad>82</ns3:cad>
          </ns3:TrackPointExtension>
        </extensions>
      </trkpt>
      <trkpt lat="32.02204459346830844879150390625" lon="118.78059466369450092315673828125">
        <ele>14</ele>
        <time>2025-08-15T14:58:26.000Z</time>
        <extensions>
          <ns3:TrackPointExtension>
            <ns3:atemp>33.0</ns3:atemp>
            <ns3:hr>154</ns3:hr>
            <ns3:cad>82</ns3:cad>
          </ns3:TrackPointExtension>
        </extensions>
      </trkpt>
      <trkpt lat="32.0220544002950191497802734375" lon="118.78056298010051250457763671875">
        <ele>14</ele>
        <time>2025-08-15T14:58:27.000Z</time>
        <extensions>
          <ns3:TrackPointExtension>
            <ns3:atemp>33.0</ns3:atemp>
            <ns3:hr>154</ns3:hr>
            <ns3:cad>82</ns3:cad>
          </ns3:TrackPointExtension>
        </extensions>
      </trkpt>
      <trkpt lat="32.0220606029033660888671875" lon="118.78053012304008007049560546875">
        <ele>13.80000019073486328125</ele>
        <time>2025-08-15T14:58:28.000Z</time>
        <extensions>
          <ns3:TrackPointExtension>
            <ns3:atemp>33.0</ns3:atemp>
            <ns3:hr>154</ns3:hr>
            <ns3:cad>82</ns3:cad>
          </ns3:TrackPointExtension>
        </extensions>
      </trkpt>
      <trkpt lat="32.02207091264426708221435546875" lon="118.78050439059734344482421875">
        <ele>14</ele>
        <time>2025-08-15T14:58:29.000Z</time>
        <extensions>
          <ns3:TrackPointExtension>
            <ns3:atemp>33.0</ns3:atemp>
            <ns3:hr>155</ns3:hr>
            <ns3:cad>82</ns3:cad>
          </ns3:TrackPointExtension>
        </extensions>
      </trkpt>
      <trkpt lat="32.02208340167999267578125" lon="118.78047622740268707275390625">
        <ele>14</ele>
        <time>2025-08-15T14:58:30.000Z</time>
        <extensions>
          <ns3:TrackPointExtension>
            <ns3:atemp>33.0</ns3:atemp>
            <ns3:hr>155</ns3:hr>
            <ns3:cad>81</ns3:cad>
          </ns3:TrackPointExtension>
        </extensions>
      </trkpt>
      <trkpt lat="32.02208566479384899139404296875" lon="118.78043775446712970733642578125">
        <ele>14</ele>
        <time>2025-08-15T14:58:31.000Z</time>
        <extensions>
          <ns3:TrackPointExtension>
            <ns3:atemp>33.0</ns3:atemp>
            <ns3:hr>155</ns3:hr>
            <ns3:cad>81</ns3:cad>
          </ns3:TrackPointExtension>
        </extensions>
      </trkpt>
      <trkpt lat="32.0220874249935150146484375" lon="118.7804019637405872344970703125">
        <ele>14.19999980926513671875</ele>
        <time>2025-08-15T14:58:32.000Z</time>
        <extensions>
          <ns3:TrackPointExtension>
            <ns3:atemp>33.0</ns3:atemp>
            <ns3:hr>155</ns3:hr>
            <ns3:cad>82</ns3:cad>
          </ns3:TrackPointExtension>
        </extensions>
      </trkpt>
      <trkpt lat="32.02210024930536746978759765625" lon="118.78036114387214183807373046875">
        <ele>14.19999980926513671875</ele>
        <time>2025-08-15T14:58:33.000Z</time>
        <extensions>
          <ns3:TrackPointExtension>
            <ns3:atemp>33.0</ns3:atemp>
            <ns3:hr>155</ns3:hr>
            <ns3:cad>82</ns3:cad>
          </ns3:TrackPointExtension>
        </extensions>
      </trkpt>
      <trkpt lat="32.02211315743625164031982421875" lon="118.7803255207836627960205078125">
        <ele>14.19999980926513671875</ele>
        <time>2025-08-15T14:58:34.000Z</time>
        <extensions>
          <ns3:TrackPointExtension>
            <ns3:atemp>33.0</ns3:atemp>
            <ns3:hr>155</ns3:hr>
            <ns3:cad>82</ns3:cad>
          </ns3:TrackPointExtension>
        </extensions>
      </trkpt>
      <trkpt lat="32.0221191085875034332275390625" lon="118.78029643557965755462646484375">
        <ele>14.19999980926513671875</ele>
        <time>2025-08-15T14:58:35.000Z</time>
        <extensions>
          <ns3:TrackPointExtension>
            <ns3:atemp>33.0</ns3:atemp>
            <ns3:hr>156</ns3:hr>
            <ns3:cad>82</ns3:cad>
          </ns3:TrackPointExtension>
        </extensions>
      </trkpt>
      <trkpt lat="32.02213394455611705780029296875" lon="118.78026022575795650482177734375">
        <ele>14.19999980926513671875</ele>
        <time>2025-08-15T14:58:36.000Z</time>
        <extensions>
          <ns3:TrackPointExtension>
            <ns3:atemp>33.0</ns3:atemp>
            <ns3:hr>156</ns3:hr>
            <ns3:cad>81</ns3:cad>
          </ns3:TrackPointExtension>
        </extensions>
      </trkpt>
      <trkpt lat="32.02213981188833713531494140625" lon="118.78022602759301662445068359375">
        <ele>14.19999980926513671875</ele>
        <time>2025-08-15T14:58:37.000Z</time>
        <extensions>
          <ns3:TrackPointExtension>
            <ns3:atemp>33.0</ns3:atemp>
            <ns3:hr>156</ns3:hr>
            <ns3:cad>81</ns3:cad>
          </ns3:TrackPointExtension>
        </extensions>
      </trkpt>
      <trkpt lat="32.02214802615344524383544921875" lon="118.78020423464477062225341796875">
        <ele>14.19999980926513671875</ele>
        <time>2025-08-15T14:58:38.000Z</time>
        <extensions>
          <ns3:TrackPointExtension>
            <ns3:atemp>33.0</ns3:atemp>
            <ns3:hr>156</ns3:hr>
            <ns3:cad>82</ns3:cad>
          </ns3:TrackPointExtension>
        </extensions>
      </trkpt>
      <trkpt lat="32.02216328121721744537353515625" lon="118.7801759876310825347900390625">
        <ele>14.19999980926513671875</ele>
        <time>2025-08-15T14:58:39.000Z</time>
        <extensions>
          <ns3:TrackPointExtension>
            <ns3:atemp>33.0</ns3:atemp>
            <ns3:hr>156</ns3:hr>
            <ns3:cad>82</ns3:cad>
          </ns3:TrackPointExtension>
        </extensions>
      </trkpt>
      <trkpt lat="32.02217099256813526153564453125" lon="118.78015478141605854034423828125">
        <ele>14.19999980926513671875</ele>
        <time>2025-08-15T14:58:40.000Z</time>
        <extensions>
          <ns3:TrackPointExtension>
            <ns3:atemp>33.0</ns3:atemp>
            <ns3:hr>155</ns3:hr>
            <ns3:cad>82</ns3:cad>
          </ns3:TrackPointExtension>
        </extensions>
      </trkpt>
      <trkpt lat="32.0221761055290699005126953125" lon="118.7801226787269115447998046875">
        <ele>14.19999980926513671875</ele>
        <time>2025-08-15T14:58:41.000Z</time>
        <extensions>
          <ns3:TrackPointExtension>
            <ns3:atemp>33.0</ns3:atemp>
            <ns3:hr>156</ns3:hr>
            <ns3:cad>82</ns3:cad>
          </ns3:TrackPointExtension>
        </extensions>
      </trkpt>
      <trkpt lat="32.022187672555446624755859375" lon="118.78009728156030178070068359375">
        <ele>14.3999996185302734375</ele>
        <time>2025-08-15T14:58:42.000Z</time>
        <extensions>
          <ns3:TrackPointExtension>
            <ns3:atemp>33.0</ns3:atemp>
            <ns3:hr>156</ns3:hr>
            <ns3:cad>82</ns3:cad>
          </ns3:TrackPointExtension>
        </extensions>
      </trkpt>
      <trkpt lat="32.0221952162683010101318359375" lon="118.78007900901138782501220703125">
        <ele>14.6000003814697265625</ele>
        <time>2025-08-15T14:58:43.000Z</time>
        <extensions>
          <ns3:TrackPointExtension>
            <ns3:atemp>33.0</ns3:atemp>
            <ns3:hr>155</ns3:hr>
            <ns3:cad>82</ns3:cad>
          </ns3:TrackPointExtension>
        </extensions>
      </trkpt>
      <trkpt lat="32.022201754152774810791015625" lon="118.780063502490520477294921875">
        <ele>14.6000003814697265625</ele>
        <time>2025-08-15T14:58:44.000Z</time>
        <extensions>
          <ns3:TrackPointExtension>
            <ns3:atemp>33.0</ns3:atemp>
            <ns3:hr>155</ns3:hr>
            <ns3:cad>83</ns3:cad>
          </ns3:TrackPointExtension>
        </extensions>
      </trkpt>
      <trkpt lat="32.0222081243991851806640625" lon="118.78002704121172428131103515625">
        <ele>14.6000003814697265625</ele>
        <time>2025-08-15T14:58:45.000Z</time>
        <extensions>
          <ns3:TrackPointExtension>
            <ns3:atemp>33.0</ns3:atemp>
            <ns3:hr>155</ns3:hr>
            <ns3:cad>83</ns3:cad>
          </ns3:TrackPointExtension>
        </extensions>
      </trkpt>
      <trkpt lat="32.02221893705427646636962890625" lon="118.7799912504851818084716796875">
        <ele>14.6000003814697265625</ele>
        <time>2025-08-15T14:58:46.000Z</time>
        <extensions>
          <ns3:TrackPointExtension>
            <ns3:atemp>33.0</ns3:atemp>
            <ns3:hr>155</ns3:hr>
            <ns3:cad>83</ns3:cad>
          </ns3:TrackPointExtension>
        </extensions>
      </trkpt>
      <trkpt lat="32.02222916297614574432373046875" lon="118.7799567170441150665283203125">
        <ele>14.3999996185302734375</ele>
        <time>2025-08-15T14:58:47.000Z</time>
        <extensions>
          <ns3:TrackPointExtension>
            <ns3:atemp>33.0</ns3:atemp>
            <ns3:hr>156</ns3:hr>
            <ns3:cad>82</ns3:cad>
          </ns3:TrackPointExtension>
        </extensions>
      </trkpt>
      <trkpt lat="32.02223519794642925262451171875" lon="118.77993031404912471771240234375">
        <ele>14.3999996185302734375</ele>
        <time>2025-08-15T14:58:48.000Z</time>
        <extensions>
          <ns3:TrackPointExtension>
            <ns3:atemp>33.0</ns3:atemp>
            <ns3:hr>156</ns3:hr>
            <ns3:cad>82</ns3:cad>
          </ns3:TrackPointExtension>
        </extensions>
      </trkpt>
      <trkpt lat="32.02224634587764739990234375" lon="118.779903240501880645751953125">
        <ele>14.19999980926513671875</ele>
        <time>2025-08-15T14:58:49.000Z</time>
        <extensions>
          <ns3:TrackPointExtension>
            <ns3:atemp>33.0</ns3:atemp>
            <ns3:hr>155</ns3:hr>
            <ns3:cad>82</ns3:cad>
          </ns3:TrackPointExtension>
        </extensions>
      </trkpt>
      <trkpt lat="32.02225975692272186279296875" lon="118.77987834624946117401123046875">
        <ele>14.19999980926513671875</ele>
        <time>2025-08-15T14:58:50.000Z</time>
        <extensions>
          <ns3:TrackPointExtension>
            <ns3:atemp>33.0</ns3:atemp>
            <ns3:hr>155</ns3:hr>
            <ns3:cad>82</ns3:cad>
          </ns3:TrackPointExtension>
        </extensions>
      </trkpt>
      <trkpt lat="32.0222693122923374176025390625" lon="118.7798507697880268096923828125">
        <ele>14.19999980926513671875</ele>
        <time>2025-08-15T14:58:51.000Z</time>
        <extensions>
          <ns3:TrackPointExtension>
            <ns3:atemp>33.0</ns3:atemp>
            <ns3:hr>155</ns3:hr>
            <ns3:cad>82</ns3:cad>
          </ns3:TrackPointExtension>
        </extensions>
      </trkpt>
      <trkpt lat="32.0222780294716358184814453125" lon="118.779815733432769775390625">
        <ele>14.3999996185302734375</ele>
        <time>2025-08-15T14:58:52.000Z</time>
        <extensions>
          <ns3:TrackPointExtension>
            <ns3:atemp>33.0</ns3:atemp>
            <ns3:hr>155</ns3:hr>
            <ns3:cad>83</ns3:cad>
          </ns3:TrackPointExtension>
        </extensions>
      </trkpt>
      <trkpt lat="32.0222832262516021728515625" lon="118.77979226410388946533203125">
        <ele>14.6000003814697265625</ele>
        <time>2025-08-15T14:58:53.000Z</time>
        <extensions>
          <ns3:TrackPointExtension>
            <ns3:atemp>33.0</ns3:atemp>
            <ns3:hr>155</ns3:hr>
            <ns3:cad>83</ns3:cad>
          </ns3:TrackPointExtension>
        </extensions>
      </trkpt>
      <trkpt lat="32.02229219488799571990966796875" lon="118.77975865267217159271240234375">
        <ele>14.6000003814697265625</ele>
        <time>2025-08-15T14:58:54.000Z</time>
        <extensions>
          <ns3:TrackPointExtension>
            <ns3:atemp>33.0</ns3:atemp>
            <ns3:hr>156</ns3:hr>
            <ns3:cad>83</ns3:cad>
          </ns3:TrackPointExtension>
        </extensions>
      </trkpt>
      <trkpt lat="32.02229739166796207427978515625" lon="118.77973618917167186737060546875">
        <ele>14.6000003814697265625</ele>
        <time>2025-08-15T14:58:55.000Z</time>
        <extensions>
          <ns3:TrackPointExtension>
            <ns3:atemp>33.0</ns3:atemp>
            <ns3:hr>155</ns3:hr>
            <ns3:cad>83</ns3:cad>
          </ns3:TrackPointExtension>
        </extensions>
      </trkpt>
      <trkpt lat="32.02230409719049930572509765625" lon="118.7797102890908718109130859375">
        <ele>14.6000003814697265625</ele>
        <time>2025-08-15T14:58:56.000Z</time>
        <extensions>
          <ns3:TrackPointExtension>
            <ns3:atemp>33.0</ns3:atemp>
            <ns3:hr>155</ns3:hr>
            <ns3:cad>83</ns3:cad>
          </ns3:TrackPointExtension>
        </extensions>
      </trkpt>
      <trkpt lat="32.02231180854141712188720703125" lon="118.779681287705898284912109375">
        <ele>14.6000003814697265625</ele>
        <time>2025-08-15T14:58:57.000Z</time>
        <extensions>
          <ns3:TrackPointExtension>
            <ns3:atemp>33.0</ns3:atemp>
            <ns3:hr>156</ns3:hr>
            <ns3:cad>83</ns3:cad>
          </ns3:TrackPointExtension>
        </extensions>
      </trkpt>
      <trkpt lat="32.02231465838849544525146484375" lon="118.7796586565673351287841796875">
        <ele>14.6000003814697265625</ele>
        <time>2025-08-15T14:58:58.000Z</time>
        <extensions>
          <ns3:TrackPointExtension>
            <ns3:atemp>33.0</ns3:atemp>
            <ns3:hr>155</ns3:hr>
            <ns3:cad>83</ns3:cad>
          </ns3:TrackPointExtension>
        </extensions>
      </trkpt>
      <trkpt lat="32.02232421375811100006103515625" lon="118.77962504513561725616455078125">
        <ele>14.6000003814697265625</ele>
        <time>2025-08-15T14:58:59.000Z</time>
        <extensions>
          <ns3:TrackPointExtension>
            <ns3:atemp>33.0</ns3:atemp>
            <ns3:hr>155</ns3:hr>
            <ns3:cad>83</ns3:cad>
          </ns3:TrackPointExtension>
        </extensions>
      </trkpt>
      <trkpt lat="32.02233175747096538543701171875" lon="118.7795986421406269073486328125">
        <ele>14.6000003814697265625</ele>
        <time>2025-08-15T14:59:00.000Z</time>
        <extensions>
          <ns3:TrackPointExtension>
            <ns3:atemp>33.0</ns3:atemp>
            <ns3:hr>156</ns3:hr>
            <ns3:cad>83</ns3:cad>
          </ns3:TrackPointExtension>
        </extensions>
      </trkpt>
      <trkpt lat="32.0223393850028514862060546875" lon="118.77957844175398349761962890625">
        <ele>14.6000003814697265625</ele>
        <time>2025-08-15T14:59:01.000Z</time>
        <extensions>
          <ns3:TrackPointExtension>
            <ns3:atemp>33.0</ns3:atemp>
            <ns3:hr>156</ns3:hr>
            <ns3:cad>84</ns3:cad>
          </ns3:TrackPointExtension>
        </extensions>
      </trkpt>
      <trkpt lat="32.02235153876245021820068359375" lon="118.7795513682067394256591796875">
        <ele>14.6000003814697265625</ele>
        <time>2025-08-15T14:59:02.000Z</time>
        <extensions>
          <ns3:TrackPointExtension>
            <ns3:atemp>33.0</ns3:atemp>
            <ns3:hr>156</ns3:hr>
            <ns3:cad>84</ns3:cad>
          </ns3:TrackPointExtension>
        </extensions>
      </trkpt>
      <trkpt lat="32.02235623262822628021240234375" lon="118.77952697686851024627685546875">
        <ele>14.6000003814697265625</ele>
        <time>2025-08-15T14:59:03.000Z</time>
        <extensions>
          <ns3:TrackPointExtension>
            <ns3:atemp>33.0</ns3:atemp>
            <ns3:hr>156</ns3:hr>
            <ns3:cad>84</ns3:cad>
          </ns3:TrackPointExtension>
        </extensions>
      </trkpt>
      <trkpt lat="32.0223621837794780731201171875" lon="118.77949479036033153533935546875">
        <ele>14.6000003814697265625</ele>
        <time>2025-08-15T14:59:04.000Z</time>
        <extensions>
          <ns3:TrackPointExtension>
            <ns3:atemp>33.0</ns3:atemp>
            <ns3:hr>155</ns3:hr>
            <ns3:cad>83</ns3:cad>
          </ns3:TrackPointExtension>
        </extensions>
      </trkpt>
      <trkpt lat="32.0223678834736347198486328125" lon="118.7794662080705165863037109375">
        <ele>14.6000003814697265625</ele>
        <time>2025-08-15T14:59:05.000Z</time>
        <extensions>
          <ns3:TrackPointExtension>
            <ns3:atemp>33.0</ns3:atemp>
            <ns3:hr>156</ns3:hr>
            <ns3:cad>83</ns3:cad>
          </ns3:TrackPointExtension>
        </extensions>
      </trkpt>
      <trkpt lat="32.02237215824425220489501953125" lon="118.779439888894557952880859375">
        <ele>14.6000003814697265625</ele>
        <time>2025-08-15T14:59:06.000Z</time>
        <extensions>
          <ns3:TrackPointExtension>
            <ns3:atemp>33.0</ns3:atemp>
            <ns3:hr>156</ns3:hr>
            <ns3:cad>82</ns3:cad>
          </ns3:TrackPointExtension>
        </extensions>
      </trkpt>
      <trkpt lat="32.0223806239664554595947265625" lon="118.77941030077636241912841796875">
        <ele>14.6000003814697265625</ele>
        <time>2025-08-15T14:59:07.000Z</time>
        <extensions>
          <ns3:TrackPointExtension>
            <ns3:atemp>33.0</ns3:atemp>
            <ns3:hr>156</ns3:hr>
            <ns3:cad>82</ns3:cad>
          </ns3:TrackPointExtension>
        </extensions>
      </trkpt>
      <trkpt lat="32.02238456346094608306884765625" lon="118.77938733436167240142822265625">
        <ele>14.6000003814697265625</ele>
        <time>2025-08-15T14:59:08.000Z</time>
        <extensions>
          <ns3:TrackPointExtension>
            <ns3:atemp>33.0</ns3:atemp>
            <ns3:hr>155</ns3:hr>
            <ns3:cad>83</ns3:cad>
          </ns3:TrackPointExtension>
        </extensions>
      </trkpt>
      <trkpt lat="32.02239378355443477630615234375" lon="118.77935347147285938262939453125">
        <ele>14.6000003814697265625</ele>
        <time>2025-08-15T14:59:09.000Z</time>
        <extensions>
          <ns3:TrackPointExtension>
            <ns3:atemp>33.0</ns3:atemp>
            <ns3:hr>156</ns3:hr>
            <ns3:cad>84</ns3:cad>
          </ns3:TrackPointExtension>
        </extensions>
      </trkpt>
      <trkpt lat="32.02240384183824062347412109375" lon="118.77932916395366191864013671875">
        <ele>14.6000003814697265625</ele>
        <time>2025-08-15T14:59:10.000Z</time>
        <extensions>
          <ns3:TrackPointExtension>
            <ns3:atemp>33.0</ns3:atemp>
            <ns3:hr>156</ns3:hr>
            <ns3:cad>84</ns3:cad>
          </ns3:TrackPointExtension>
        </extensions>
      </trkpt>
      <trkpt lat="32.02241255901753902435302734375" lon="118.7793089635670185089111328125">
        <ele>14.6000003814697265625</ele>
        <time>2025-08-15T14:59:11.000Z</time>
        <extensions>
          <ns3:TrackPointExtension>
            <ns3:atemp>33.0</ns3:atemp>
            <ns3:hr>155</ns3:hr>
            <ns3:cad>85</ns3:cad>
          </ns3:TrackPointExtension>
        </extensions>
      </trkpt>
      <trkpt lat="32.0224245451390743255615234375" lon="118.77928138710558414459228515625">
        <ele>14.6000003814697265625</ele>
        <time>2025-08-15T14:59:12.000Z</time>
        <extensions>
          <ns3:TrackPointExtension>
            <ns3:atemp>33.0</ns3:atemp>
            <ns3:hr>156</ns3:hr>
            <ns3:cad>85</ns3:cad>
          </ns3:TrackPointExtension>
        </extensions>
      </trkpt>
      <trkpt lat="32.02243569307029247283935546875" lon="118.7792616896331310272216796875">
        <ele>14.6000003814697265625</ele>
        <time>2025-08-15T14:59:13.000Z</time>
        <extensions>
          <ns3:TrackPointExtension>
            <ns3:atemp>33.0</ns3:atemp>
            <ns3:hr>156</ns3:hr>
            <ns3:cad>85</ns3:cad>
          </ns3:TrackPointExtension>
        </extensions>
      </trkpt>
      <trkpt lat="32.0224480144679546356201171875" lon="118.7792445905506610870361328125">
        <ele>14.6000003814697265625</ele>
        <time>2025-08-15T14:59:14.000Z</time>
        <extensions>
          <ns3:TrackPointExtension>
            <ns3:atemp>32.0</ns3:atemp>
            <ns3:hr>156</ns3:hr>
            <ns3:cad>85</ns3:cad>
          </ns3:TrackPointExtension>
        </extensions>
      </trkpt>
      <trkpt lat="32.02246092259883880615234375" lon="118.7792296707630157470703125">
        <ele>14.6000003814697265625</ele>
        <time>2025-08-15T14:59:15.000Z</time>
        <extensions>
          <ns3:TrackPointExtension>
            <ns3:atemp>32.0</ns3:atemp>
            <ns3:hr>157</ns3:hr>
            <ns3:cad>83</ns3:cad>
          </ns3:TrackPointExtension>
        </extensions>
      </trkpt>
      <trkpt lat="32.022470645606517791748046875" lon="118.77921332605183124542236328125">
        <ele>14.80000019073486328125</ele>
        <time>2025-08-15T14:59:16.000Z</time>
        <extensions>
          <ns3:TrackPointExtension>
            <ns3:atemp>33.0</ns3:atemp>
            <ns3:hr>157</ns3:hr>
            <ns3:cad>83</ns3:cad>
          </ns3:TrackPointExtension>
        </extensions>
      </trkpt>
      <trkpt lat="32.02247525565326213836669921875" lon="118.77920108847320079803466796875">
        <ele>14.80000019073486328125</ele>
        <time>2025-08-15T14:59:17.000Z</time>
        <extensions>
          <ns3:TrackPointExtension>
            <ns3:atemp>32.0</ns3:atemp>
            <ns3:hr>156</ns3:hr>
            <ns3:cad>83</ns3:cad>
          </ns3:TrackPointExtension>
        </extensions>
      </trkpt>
      <trkpt lat="32.0224795304238796234130859375" lon="118.7791894376277923583984375">
        <ele>14.80000019073486328125</ele>
        <time>2025-08-15T14:59:18.000Z</time>
        <extensions>
          <ns3:TrackPointExtension>
            <ns3:atemp>33.0</ns3:atemp>
            <ns3:hr>156</ns3:hr>
            <ns3:cad>83</ns3:cad>
          </ns3:TrackPointExtension>
        </extensions>
      </trkpt>
      <trkpt lat="32.02248346991837024688720703125" lon="118.7791775353252887725830078125">
        <ele>14.80000019073486328125</ele>
        <time>2025-08-15T14:59:19.000Z</time>
        <extensions>
          <ns3:TrackPointExtension>
            <ns3:atemp>33.0</ns3:atemp>
            <ns3:hr>156</ns3:hr>
            <ns3:cad>60</ns3:cad>
          </ns3:TrackPointExtension>
        </extensions>
      </trkpt>
      <trkpt lat="32.0224870741367340087890625" lon="118.7791624478995800018310546875">
        <ele>14.6000003814697265625</ele>
        <time>2025-08-15T14:59:20.000Z</time>
        <extensions>
          <ns3:TrackPointExtension>
            <ns3:atemp>33.0</ns3:atemp>
            <ns3:hr>156</ns3:hr>
            <ns3:cad>60</ns3:cad>
          </ns3:TrackPointExtension>
        </extensions>
      </trkpt>
      <trkpt lat="32.0224946178495883941650390625" lon="118.7791476957499980926513671875">
        <ele>14.6000003814697265625</ele>
        <time>2025-08-15T14:59:21.000Z</time>
        <extensions>
          <ns3:TrackPointExtension>
            <ns3:atemp>33.0</ns3:atemp>
            <ns3:hr>155</ns3:hr>
            <ns3:cad>60</ns3:cad>
          </ns3:TrackPointExtension>
        </extensions>
      </trkpt>
      <trkpt lat="32.022499479353427886962890625" lon="118.77913252450525760650634765625">
        <ele>14.3999996185302734375</ele>
        <time>2025-08-15T14:59:22.000Z</time>
        <extensions>
          <ns3:TrackPointExtension>
            <ns3:atemp>33.0</ns3:atemp>
            <ns3:hr>155</ns3:hr>
            <ns3:cad>60</ns3:cad>
          </ns3:TrackPointExtension>
        </extensions>
      </trkpt>
      <trkpt lat="32.022500820457935333251953125" lon="118.77911358140408992767333984375">
        <ele>14.3999996185302734375</ele>
        <time>2025-08-15T14:59:23.000Z</time>
        <extensions>
          <ns3:TrackPointExtension>
            <ns3:atemp>32.0</ns3:atemp>
            <ns3:hr>155</ns3:hr>
            <ns3:cad>60</ns3:cad>
          </ns3:TrackPointExtension>
        </extensions>
      </trkpt>
      <trkpt lat="32.022504843771457672119140625" lon="118.77909648232161998748779296875">
        <ele>14.3999996185302734375</ele>
        <time>2025-08-15T14:59:24.000Z</time>
        <extensions>
          <ns3:TrackPointExtension>
            <ns3:atemp>33.0</ns3:atemp>
            <ns3:hr>154</ns3:hr>
            <ns3:cad>60</ns3:cad>
          </ns3:TrackPointExtension>
        </extensions>
      </trkpt>
      <trkpt lat="32.0225086994469165802001953125" lon="118.7790792994201183319091796875">
        <ele>14.3999996185302734375</ele>
        <time>2025-08-15T14:59:25.000Z</time>
        <extensions>
          <ns3:TrackPointExtension>
            <ns3:atemp>32.0</ns3:atemp>
            <ns3:hr>154</ns3:hr>
            <ns3:cad>60</ns3:cad>
          </ns3:TrackPointExtension>
        </extensions>
      </trkpt>
      <trkpt lat="32.022512890398502349853515625" lon="118.77906111069023609161376953125">
        <ele>14.3999996185302734375</ele>
        <time>2025-08-15T14:59:26.000Z</time>
        <extensions>
          <ns3:TrackPointExtension>
            <ns3:atemp>32.0</ns3:atemp>
            <ns3:hr>154</ns3:hr>
            <ns3:cad>59</ns3:cad>
          </ns3:TrackPointExtension>
        </extensions>
      </trkpt>
      <trkpt lat="32.0225167460739612579345703125" lon="118.77904233522713184356689453125">
        <ele>14.3999996185302734375</ele>
        <time>2025-08-15T14:59:27.000Z</time>
        <extensions>
          <ns3:TrackPointExtension>
            <ns3:atemp>33.0</ns3:atemp>
            <ns3:hr>154</ns3:hr>
            <ns3:cad>59</ns3:cad>
          </ns3:TrackPointExtension>
        </extensions>
      </trkpt>
      <trkpt lat="32.022525630891323089599609375" lon="118.77902640961110591888427734375">
        <ele>14.3999996185302734375</ele>
        <time>2025-08-15T14:59:28.000Z</time>
        <extensions>
          <ns3:TrackPointExtension>
            <ns3:atemp>32.0</ns3:atemp>
            <ns3:hr>153</ns3:hr>
            <ns3:cad>59</ns3:cad>
          </ns3:TrackPointExtension>
        </extensions>
      </trkpt>
      <trkpt lat="32.022536359727382659912109375" lon="118.779013417661190032958984375">
        <ele>14.3999996185302734375</ele>
        <time>2025-08-15T14:59:29.000Z</time>
        <extensions>
          <ns3:TrackPointExtension>
            <ns3:atemp>33.0</ns3:atemp>
            <ns3:hr>153</ns3:hr>
            <ns3:cad>59</ns3:cad>
          </ns3:TrackPointExtension>
        </extensions>
      </trkpt>
      <trkpt lat="32.022550106048583984375" lon="118.7790052033960819244384765625">
        <ele>14.3999996185302734375</ele>
        <time>2025-08-15T14:59:30.000Z</time>
        <extensions>
          <ns3:TrackPointExtension>
            <ns3:atemp>33.0</ns3:atemp>
            <ns3:hr>152</ns3:hr>
            <ns3:cad>59</ns3:cad>
          </ns3:TrackPointExtension>
        </extensions>
      </trkpt>
      <trkpt lat="32.0225643552839756011962890625" lon="118.7789988331496715545654296875">
        <ele>14.6000003814697265625</ele>
        <time>2025-08-15T14:59:31.000Z</time>
        <extensions>
          <ns3:TrackPointExtension>
            <ns3:atemp>33.0</ns3:atemp>
            <ns3:hr>152</ns3:hr>
            <ns3:cad>59</ns3:cad>
          </ns3:TrackPointExtension>
        </extensions>
      </trkpt>
      <trkpt lat="32.02257885597646236419677734375" lon="118.7789907865226268768310546875">
        <ele>14.6000003814697265625</ele>
        <time>2025-08-15T14:59:32.000Z</time>
        <extensions>
          <ns3:TrackPointExtension>
            <ns3:atemp>33.0</ns3:atemp>
            <ns3:hr>151</ns3:hr>
            <ns3:cad>59</ns3:cad>
          </ns3:TrackPointExtension>
        </extensions>
      </trkpt>
      <trkpt lat="32.02259176410734653472900390625" lon="118.7789837457239627838134765625">
        <ele>14.6000003814697265625</ele>
        <time>2025-08-15T14:59:33.000Z</time>
        <extensions>
          <ns3:TrackPointExtension>
            <ns3:atemp>33.0</ns3:atemp>
            <ns3:hr>151</ns3:hr>
            <ns3:cad>59</ns3:cad>
          </ns3:TrackPointExtension>
        </extensions>
      </trkpt>
      <trkpt lat="32.02260576188564300537109375" lon="118.7789807282388210296630859375">
        <ele>14.6000003814697265625</ele>
        <time>2025-08-15T14:59:34.000Z</time>
        <extensions>
          <ns3:TrackPointExtension>
            <ns3:atemp>32.0</ns3:atemp>
            <ns3:hr>150</ns3:hr>
            <ns3:cad>60</ns3:cad>
          </ns3:TrackPointExtension>
        </extensions>
      </trkpt>
      <trkpt lat="32.02261825092136859893798828125" lon="118.7789760343730449676513671875">
        <ele>14.6000003814697265625</ele>
        <time>2025-08-15T14:59:35.000Z</time>
        <extensions>
          <ns3:TrackPointExtension>
            <ns3:atemp>33.0</ns3:atemp>
            <ns3:hr>149</ns3:hr>
            <ns3:cad>59</ns3:cad>
          </ns3:TrackPointExtension>
        </extensions>
      </trkpt>
      <trkpt lat="32.0226292312145233154296875" lon="118.7789676524698734283447265625">
        <ele>14.3999996185302734375</ele>
        <time>2025-08-15T14:59:36.000Z</time>
        <extensions>
          <ns3:TrackPointExtension>
            <ns3:atemp>33.0</ns3:atemp>
            <ns3:hr>149</ns3:hr>
            <ns3:cad>59</ns3:cad>
          </ns3:TrackPointExtension>
        </extensions>
      </trkpt>
      <trkpt lat="32.02264624647796154022216796875" lon="118.778953738510608673095703125">
        <ele>14.3999996185302734375</ele>
        <time>2025-08-15T14:59:37.000Z</time>
        <extensions>
          <ns3:TrackPointExtension>
            <ns3:atemp>33.0</ns3:atemp>
            <ns3:hr>148</ns3:hr>
            <ns3:cad>59</ns3:cad>
          </ns3:TrackPointExtension>
        </extensions>
      </trkpt>
      <trkpt lat="32.0226639322936534881591796875" lon="118.7789435125887393951416015625">
        <ele>14.3999996185302734375</ele>
        <time>2025-08-15T14:59:38.000Z</time>
        <extensions>
          <ns3:TrackPointExtension>
            <ns3:atemp>33.0</ns3:atemp>
            <ns3:hr>147</ns3:hr>
            <ns3:cad>59</ns3:cad>
          </ns3:TrackPointExtension>
        </extensions>
      </trkpt>
      <trkpt lat="32.0226721465587615966796875" lon="118.7789418362081050872802734375">
        <ele>14.3999996185302734375</ele>
        <time>2025-08-15T14:59:39.000Z</time>
        <extensions>
          <ns3:TrackPointExtension>
            <ns3:atemp>33.0</ns3:atemp>
            <ns3:hr>146</ns3:hr>
            <ns3:cad>59</ns3:cad>
          </ns3:TrackPointExtension>
        </extensions>
      </trkpt>
      <trkpt lat="32.0226833783090114593505859375" lon="118.77894108183681964874267578125">
        <ele>14.3999996185302734375</ele>
        <time>2025-08-15T14:59:40.000Z</time>
        <extensions>
          <ns3:TrackPointExtension>
            <ns3:atemp>33.0</ns3:atemp>
            <ns3:hr>145</ns3:hr>
            <ns3:cad>59</ns3:cad>
          </ns3:TrackPointExtension>
        </extensions>
      </trkpt>
      <trkpt lat="32.02269217930734157562255859375" lon="118.7789408303797245025634765625">
        <ele>14.6000003814697265625</ele>
        <time>2025-08-15T14:59:41.000Z</time>
        <extensions>
          <ns3:TrackPointExtension>
            <ns3:atemp>33.0</ns3:atemp>
            <ns3:hr>144</ns3:hr>
            <ns3:cad>59</ns3:cad>
          </ns3:TrackPointExtension>
        </extensions>
      </trkpt>
      <trkpt lat="32.02269989065825939178466796875" lon="118.77893395721912384033203125">
        <ele>14.6000003814697265625</ele>
        <time>2025-08-15T14:59:42.000Z</time>
        <extensions>
          <ns3:TrackPointExtension>
            <ns3:atemp>33.0</ns3:atemp>
            <ns3:hr>143</ns3:hr>
            <ns3:cad>59</ns3:cad>
          </ns3:TrackPointExtension>
        </extensions>
      </trkpt>
      <trkpt lat="32.02270500361919403076171875" lon="118.778928257524967193603515625">
        <ele>14.6000003814697265625</ele>
        <time>2025-08-15T14:59:43.000Z</time>
        <extensions>
          <ns3:TrackPointExtension>
            <ns3:atemp>32.0</ns3:atemp>
            <ns3:hr>143</ns3:hr>
            <ns3:cad>59</ns3:cad>
          </ns3:TrackPointExtension>
        </extensions>
      </trkpt>
      <trkpt lat="32.0227078534662723541259765625" lon="118.7789146788418292999267578125">
        <ele>14.6000003814697265625</ele>
        <time>2025-08-15T14:59:44.000Z</time>
        <extensions>
          <ns3:TrackPointExtension>
            <ns3:atemp>33.0</ns3:atemp>
            <ns3:hr>142</ns3:hr>
            <ns3:cad>59</ns3:cad>
          </ns3:TrackPointExtension>
        </extensions>
      </trkpt>
      <trkpt lat="32.02270844019949436187744140625" lon="118.77889397554099559783935546875">
        <ele>14.3999996185302734375</ele>
        <time>2025-08-15T14:59:45.000Z</time>
        <extensions>
          <ns3:TrackPointExtension>
            <ns3:atemp>33.0</ns3:atemp>
            <ns3:hr>142</ns3:hr>
            <ns3:cad>59</ns3:cad>
          </ns3:TrackPointExtension>
        </extensions>
      </trkpt>
      <trkpt lat="32.0227236114442348480224609375" lon="118.77888592891395092010498046875">
        <ele>14.3999996185302734375</ele>
        <time>2025-08-15T14:59:46.000Z</time>
        <extensions>
          <ns3:TrackPointExtension>
            <ns3:atemp>33.0</ns3:atemp>
            <ns3:hr>141</ns3:hr>
            <ns3:cad>59</ns3:cad>
          </ns3:TrackPointExtension>
        </extensions>
      </trkpt>
      <trkpt lat="32.02272713184356689453125" lon="118.7788836658000946044921875">
        <ele>14.6000003814697265625</ele>
        <time>2025-08-15T14:59:47.000Z</time>
        <extensions>
          <ns3:TrackPointExtension>
            <ns3:atemp>33.0</ns3:atemp>
            <ns3:hr>141</ns3:hr>
            <ns3:cad>59</ns3:cad>
          </ns3:TrackPointExtension>
        </extensions>
      </trkpt>
      <trkpt lat="32.02274330891668796539306640625" lon="118.7788781337440013885498046875">
        <ele>14.6000003814697265625</ele>
        <time>2025-08-15T14:59:48.000Z</time>
        <extensions>
          <ns3:TrackPointExtension>
            <ns3:atemp>33.0</ns3:atemp>
            <ns3:hr>140</ns3:hr>
            <ns3:cad>59</ns3:cad>
          </ns3:TrackPointExtension>
        </extensions>
      </trkpt>
      <trkpt lat="32.02276342548429965972900390625" lon="118.77886195667088031768798828125">
        <ele>14.6000003814697265625</ele>
        <time>2025-08-15T14:59:49.000Z</time>
        <extensions>
          <ns3:TrackPointExtension>
            <ns3:atemp>33.0</ns3:atemp>
            <ns3:hr>139</ns3:hr>
            <ns3:cad>60</ns3:cad>
          </ns3:TrackPointExtension>
        </extensions>
      </trkpt>
      <trkpt lat="32.02278186567127704620361328125" lon="118.778850473463535308837890625">
        <ele>14.6000003814697265625</ele>
        <time>2025-08-15T14:59:50.000Z</time>
        <extensions>
          <ns3:TrackPointExtension>
            <ns3:atemp>33.0</ns3:atemp>
            <ns3:hr>139</ns3:hr>
            <ns3:cad>60</ns3:cad>
          </ns3:TrackPointExtension>
        </extensions>
      </trkpt>
      <trkpt lat="32.022795192897319793701171875" lon="118.7788348831236362457275390625">
        <ele>14.6000003814697265625</ele>
        <time>2025-08-15T14:59:51.000Z</time>
        <extensions>
          <ns3:TrackPointExtension>
            <ns3:atemp>33.0</ns3:atemp>
            <ns3:hr>138</ns3:hr>
            <ns3:cad>61</ns3:cad>
          </ns3:TrackPointExtension>
        </extensions>
      </trkpt>
      <trkpt lat="32.0228117890655994415283203125" lon="118.77881904132664203643798828125">
        <ele>14.6000003814697265625</ele>
        <time>2025-08-15T14:59:52.000Z</time>
        <extensions>
          <ns3:TrackPointExtension>
            <ns3:atemp>33.0</ns3:atemp>
            <ns3:hr>138</ns3:hr>
            <ns3:cad>61</ns3:cad>
          </ns3:TrackPointExtension>
        </extensions>
      </trkpt>
      <trkpt lat="32.0228292234241962432861328125" lon="118.77881233580410480499267578125">
        <ele>14.6000003814697265625</ele>
        <time>2025-08-15T14:59:53.000Z</time>
        <extensions>
          <ns3:TrackPointExtension>
            <ns3:atemp>33.0</ns3:atemp>
            <ns3:hr>137</ns3:hr>
            <ns3:cad>62</ns3:cad>
          </ns3:TrackPointExtension>
        </extensions>
      </trkpt>
      <trkpt lat="32.022843472659587860107421875" lon="118.7788013555109500885009765625">
        <ele>14.6000003814697265625</ele>
        <time>2025-08-15T14:59:54.000Z</time>
        <extensions>
          <ns3:TrackPointExtension>
            <ns3:atemp>33.0</ns3:atemp>
            <ns3:hr>136</ns3:hr>
            <ns3:cad>62</ns3:cad>
          </ns3:TrackPointExtension>
        </extensions>
      </trkpt>
      <trkpt lat="32.0228547044098377227783203125" lon="118.77879205159842967987060546875">
        <ele>14.6000003814697265625</ele>
        <time>2025-08-15T14:59:55.000Z</time>
        <extensions>
          <ns3:TrackPointExtension>
            <ns3:atemp>33.0</ns3:atemp>
            <ns3:hr>136</ns3:hr>
            <ns3:cad>62</ns3:cad>
          </ns3:TrackPointExtension>
        </extensions>
      </trkpt>
      <trkpt lat="32.02287607826292514801025390625" lon="118.77878635190427303314208984375">
        <ele>14.3999996185302734375</ele>
        <time>2025-08-15T14:59:56.000Z</time>
        <extensions>
          <ns3:TrackPointExtension>
            <ns3:atemp>33.0</ns3:atemp>
            <ns3:hr>136</ns3:hr>
            <ns3:cad>62</ns3:cad>
          </ns3:TrackPointExtension>
        </extensions>
      </trkpt>
      <trkpt lat="32.0228949375450611114501953125" lon="118.77878283150494098663330078125">
        <ele>14.3999996185302734375</ele>
        <time>2025-08-15T14:59:57.000Z</time>
        <extensions>
          <ns3:TrackPointExtension>
            <ns3:atemp>33.0</ns3:atemp>
            <ns3:hr>135</ns3:hr>
            <ns3:cad>62</ns3:cad>
          </ns3:TrackPointExtension>
        </extensions>
      </trkpt>
      <trkpt lat="32.02290608547627925872802734375" lon="118.77877947874367237091064453125">
        <ele>14.3999996185302734375</ele>
        <time>2025-08-15T14:59:58.000Z</time>
        <extensions>
          <ns3:TrackPointExtension>
            <ns3:atemp>33.0</ns3:atemp>
            <ns3:hr>135</ns3:hr>
            <ns3:cad>62</ns3:cad>
          </ns3:TrackPointExtension>
        </extensions>
      </trkpt>
      <trkpt lat="32.02292025089263916015625" lon="118.7787723541259765625">
        <ele>14.3999996185302734375</ele>
        <time>2025-08-15T14:59:59.000Z</time>
        <extensions>
          <ns3:TrackPointExtension>
            <ns3:atemp>33.0</ns3:atemp>
            <ns3:hr>134</ns3:hr>
            <ns3:cad>62</ns3:cad>
          </ns3:TrackPointExtension>
        </extensions>
      </trkpt>
      <trkpt lat="32.0229254476726055145263671875" lon="118.77876631915569305419921875">
        <ele>14.3999996185302734375</ele>
        <time>2025-08-15T15:00:00.000Z</time>
        <extensions>
          <ns3:TrackPointExtension>
            <ns3:atemp>33.0</ns3:atemp>
            <ns3:hr>134</ns3:hr>
            <ns3:cad>61</ns3:cad>
          </ns3:TrackPointExtension>
        </extensions>
      </trkpt>
      <trkpt lat="32.0229385234415531158447265625" lon="118.7787624634802341461181640625">
        <ele>14.3999996185302734375</ele>
        <time>2025-08-15T15:00:01.000Z</time>
        <extensions>
          <ns3:TrackPointExtension>
            <ns3:atemp>33.0</ns3:atemp>
            <ns3:hr>134</ns3:hr>
            <ns3:cad>61</ns3:cad>
          </ns3:TrackPointExtension>
        </extensions>
      </trkpt>
      <trkpt lat="32.02295704744756221771240234375" lon="118.77876036800444126129150390625">
        <ele>14.3999996185302734375</ele>
        <time>2025-08-15T15:00:02.000Z</time>
        <extensions>
          <ns3:TrackPointExtension>
            <ns3:atemp>33.0</ns3:atemp>
            <ns3:hr>134</ns3:hr>
            <ns3:cad>61</ns3:cad>
          </ns3:TrackPointExtension>
        </extensions>
      </trkpt>
      <trkpt lat="32.02297146432101726531982421875" lon="118.77875969745218753814697265625">
        <ele>14.3999996185302734375</ele>
        <time>2025-08-15T15:00:03.000Z</time>
        <extensions>
          <ns3:TrackPointExtension>
            <ns3:atemp>33.0</ns3:atemp>
            <ns3:hr>133</ns3:hr>
            <ns3:cad>61</ns3:cad>
          </ns3:TrackPointExtension>
        </extensions>
      </trkpt>
      <trkpt lat="32.02298663556575775146484375" lon="118.77876137383282184600830078125">
        <ele>14.6000003814697265625</ele>
        <time>2025-08-15T15:00:04.000Z</time>
        <extensions>
          <ns3:TrackPointExtension>
            <ns3:atemp>33.0</ns3:atemp>
            <ns3:hr>133</ns3:hr>
            <ns3:cad>61</ns3:cad>
          </ns3:TrackPointExtension>
        </extensions>
      </trkpt>
      <trkpt lat="32.0229993760585784912109375" lon="118.7787617929279804229736328125">
        <ele>14.6000003814697265625</ele>
        <time>2025-08-15T15:00:05.000Z</time>
        <extensions>
          <ns3:TrackPointExtension>
            <ns3:atemp>33.0</ns3:atemp>
            <ns3:hr>132</ns3:hr>
            <ns3:cad>61</ns3:cad>
          </ns3:TrackPointExtension>
        </extensions>
      </trkpt>
      <trkpt lat="32.0230154693126678466796875" lon="118.7787611223757266998291015625">
        <ele>14.6000003814697265625</ele>
        <time>2025-08-15T15:00:06.000Z</time>
        <extensions>
          <ns3:TrackPointExtension>
            <ns3:atemp>33.0</ns3:atemp>
            <ns3:hr>132</ns3:hr>
            <ns3:cad>61</ns3:cad>
          </ns3:TrackPointExtension>
        </extensions>
      </trkpt>
      <trkpt lat="32.02302896417677402496337890625" lon="118.7787629663944244384765625">
        <ele>14.80000019073486328125</ele>
        <time>2025-08-15T15:00:07.000Z</time>
        <extensions>
          <ns3:TrackPointExtension>
            <ns3:atemp>33.0</ns3:atemp>
            <ns3:hr>132</ns3:hr>
            <ns3:cad>61</ns3:cad>
          </ns3:TrackPointExtension>
        </extensions>
      </trkpt>
      <trkpt lat="32.02304036356508731842041015625" lon="118.778764307498931884765625">
        <ele>14.80000019073486328125</ele>
        <time>2025-08-15T15:00:08.000Z</time>
        <extensions>
          <ns3:TrackPointExtension>
            <ns3:atemp>33.0</ns3:atemp>
            <ns3:hr>132</ns3:hr>
            <ns3:cad>61</ns3:cad>
          </ns3:TrackPointExtension>
        </extensions>
      </trkpt>
      <trkpt lat="32.02305427752435207366943359375" lon="118.778766654431819915771484375">
        <ele>14.6000003814697265625</ele>
        <time>2025-08-15T15:00:09.000Z</time>
        <extensions>
          <ns3:TrackPointExtension>
            <ns3:atemp>33.0</ns3:atemp>
            <ns3:hr>132</ns3:hr>
            <ns3:cad>61</ns3:cad>
          </ns3:TrackPointExtension>
        </extensions>
      </trkpt>
      <trkpt lat="32.0230692811310291290283203125" lon="118.77876891754567623138427734375">
        <ele>14.6000003814697265625</ele>
        <time>2025-08-15T15:00:10.000Z</time>
        <extensions>
          <ns3:TrackPointExtension>
            <ns3:atemp>33.0</ns3:atemp>
            <ns3:hr>131</ns3:hr>
            <ns3:cad>61</ns3:cad>
          </ns3:TrackPointExtension>
        </extensions>
      </trkpt>
      <trkpt lat="32.023088224232196807861328125" lon="118.77877126447856426239013671875">
        <ele>14.3999996185302734375</ele>
        <time>2025-08-15T15:00:11.000Z</time>
        <extensions>
          <ns3:TrackPointExtension>
            <ns3:atemp>33.0</ns3:atemp>
            <ns3:hr>131</ns3:hr>
            <ns3:cad>61</ns3:cad>
          </ns3:TrackPointExtension>
        </extensions>
      </trkpt>
      <trkpt lat="32.02310658060014247894287109375" lon="118.77877512015402317047119140625">
        <ele>14.3999996185302734375</ele>
        <time>2025-08-15T15:00:12.000Z</time>
        <extensions>
          <ns3:TrackPointExtension>
            <ns3:atemp>33.0</ns3:atemp>
            <ns3:hr>130</ns3:hr>
            <ns3:cad>60</ns3:cad>
          </ns3:TrackPointExtension>
        </extensions>
      </trkpt>
      <trkpt lat="32.02312342822551727294921875" lon="118.77877931110560894012451171875">
        <ele>14.3999996185302734375</ele>
        <time>2025-08-15T15:00:13.000Z</time>
        <extensions>
          <ns3:TrackPointExtension>
            <ns3:atemp>33.0</ns3:atemp>
            <ns3:hr>130</ns3:hr>
            <ns3:cad>60</ns3:cad>
          </ns3:TrackPointExtension>
        </extensions>
      </trkpt>
      <trkpt lat="32.0231430418789386749267578125" lon="118.7787842564284801483154296875">
        <ele>14.3999996185302734375</ele>
        <time>2025-08-15T15:00:14.000Z</time>
        <extensions>
          <ns3:TrackPointExtension>
            <ns3:atemp>33.0</ns3:atemp>
            <ns3:hr>130</ns3:hr>
            <ns3:cad>59</ns3:cad>
          </ns3:TrackPointExtension>
        </extensions>
      </trkpt>
      <trkpt lat="32.02315628528594970703125" lon="118.778790794312953948974609375">
        <ele>14.3999996185302734375</ele>
        <time>2025-08-15T15:00:15.000Z</time>
        <extensions>
          <ns3:TrackPointExtension>
            <ns3:atemp>33.0</ns3:atemp>
            <ns3:hr>130</ns3:hr>
            <ns3:cad>59</ns3:cad>
          </ns3:TrackPointExtension>
        </extensions>
      </trkpt>
      <trkpt lat="32.023169696331024169921875" lon="118.77879356034100055694580078125">
        <ele>14.3999996185302734375</ele>
        <time>2025-08-15T15:00:16.000Z</time>
        <extensions>
          <ns3:TrackPointExtension>
            <ns3:atemp>33.0</ns3:atemp>
            <ns3:hr>130</ns3:hr>
            <ns3:cad>59</ns3:cad>
          </ns3:TrackPointExtension>
        </extensions>
      </trkpt>
      <trkpt lat="32.02317900024354457855224609375" lon="118.77879624255001544952392578125">
        <ele>14.3999996185302734375</ele>
        <time>2025-08-15T15:00:17.000Z</time>
        <extensions>
          <ns3:TrackPointExtension>
            <ns3:atemp>33.0</ns3:atemp>
            <ns3:hr>129</ns3:hr>
            <ns3:cad>59</ns3:cad>
          </ns3:TrackPointExtension>
        </extensions>
      </trkpt>
      <trkpt lat="32.02319006435573101043701171875" lon="118.778798170387744903564453125">
        <ele>14.3999996185302734375</ele>
        <time>2025-08-15T15:00:18.000Z</time>
        <extensions>
          <ns3:TrackPointExtension>
            <ns3:atemp>33.0</ns3:atemp>
            <ns3:hr>129</ns3:hr>
            <ns3:cad>59</ns3:cad>
          </ns3:TrackPointExtension>
        </extensions>
      </trkpt>
      <trkpt lat="32.02320079319179058074951171875" lon="118.77880009822547435760498046875">
        <ele>14.3999996185302734375</ele>
        <time>2025-08-15T15:00:19.000Z</time>
        <extensions>
          <ns3:TrackPointExtension>
            <ns3:atemp>33.0</ns3:atemp>
            <ns3:hr>128</ns3:hr>
            <ns3:cad>59</ns3:cad>
          </ns3:TrackPointExtension>
        </extensions>
      </trkpt>
      <trkpt lat="32.0232117734849452972412109375" lon="118.7787996791303157806396484375">
        <ele>14.3999996185302734375</ele>
        <time>2025-08-15T15:00:20.000Z</time>
        <extensions>
          <ns3:TrackPointExtension>
            <ns3:atemp>33.0</ns3:atemp>
            <ns3:hr>128</ns3:hr>
            <ns3:cad>59</ns3:cad>
          </ns3:TrackPointExtension>
        </extensions>
      </trkpt>
      <trkpt lat="32.0232225023210048675537109375" lon="118.7788003496825695037841796875">
        <ele>14.3999996185302734375</ele>
        <time>2025-08-15T15:00:21.000Z</time>
        <extensions>
          <ns3:TrackPointExtension>
            <ns3:atemp>33.0</ns3:atemp>
            <ns3:hr>128</ns3:hr>
            <ns3:cad>59</ns3:cad>
          </ns3:TrackPointExtension>
        </extensions>
      </trkpt>
      <trkpt lat="32.0232322253286838531494140625" lon="118.77880445681512355804443359375">
        <ele>14.3999996185302734375</ele>
        <time>2025-08-15T15:00:22.000Z</time>
        <extensions>
          <ns3:TrackPointExtension>
            <ns3:atemp>33.0</ns3:atemp>
            <ns3:hr>127</ns3:hr>
            <ns3:cad>59</ns3:cad>
          </ns3:TrackPointExtension>
        </extensions>
      </trkpt>
      <trkpt lat="32.02324002049863338470458984375" lon="118.77880982123315334320068359375">
        <ele>14.19999980926513671875</ele>
        <time>2025-08-15T15:00:23.000Z</time>
        <extensions>
          <ns3:TrackPointExtension>
            <ns3:atemp>33.0</ns3:atemp>
            <ns3:hr>127</ns3:hr>
            <ns3:cad>59</ns3:cad>
          </ns3:TrackPointExtension>
        </extensions>
      </trkpt>
      <trkpt lat="32.0232474803924560546875" lon="118.77881770022213459014892578125">
        <ele>14.19999980926513671875</ele>
        <time>2025-08-15T15:00:24.000Z</time>
        <extensions>
          <ns3:TrackPointExtension>
            <ns3:atemp>33.0</ns3:atemp>
            <ns3:hr>127</ns3:hr>
            <ns3:cad>60</ns3:cad>
          </ns3:TrackPointExtension>
        </extensions>
      </trkpt>
      <trkpt lat="32.023255862295627593994140625" lon="118.77882398664951324462890625">
        <ele>14.19999980926513671875</ele>
        <time>2025-08-15T15:00:25.000Z</time>
        <extensions>
          <ns3:TrackPointExtension>
            <ns3:atemp>33.0</ns3:atemp>
            <ns3:hr>126</ns3:hr>
            <ns3:cad>60</ns3:cad>
          </ns3:TrackPointExtension>
        </extensions>
      </trkpt>
      <trkpt lat="32.023267261683940887451171875" lon="118.77882725559175014495849609375">
        <ele>14.19999980926513671875</ele>
        <time>2025-08-15T15:00:26.000Z</time>
        <extensions>
          <ns3:TrackPointExtension>
            <ns3:atemp>33.0</ns3:atemp>
            <ns3:hr>126</ns3:hr>
            <ns3:cad>61</ns3:cad>
          </ns3:TrackPointExtension>
        </extensions>
      </trkpt>
      <trkpt lat="32.0232774876058101654052734375" lon="118.778830356895923614501953125">
        <ele>14.19999980926513671875</ele>
        <time>2025-08-15T15:00:27.000Z</time>
        <extensions>
          <ns3:TrackPointExtension>
            <ns3:atemp>33.0</ns3:atemp>
            <ns3:hr>126</ns3:hr>
            <ns3:cad>61</ns3:cad>
          </ns3:TrackPointExtension>
        </extensions>
      </trkpt>
      <trkpt lat="32.02329299412667751312255859375" lon="118.77883798442780971527099609375">
        <ele>14.19999980926513671875</ele>
        <time>2025-08-15T15:00:28.000Z</time>
        <extensions>
          <ns3:TrackPointExtension>
            <ns3:atemp>33.0</ns3:atemp>
            <ns3:hr>126</ns3:hr>
            <ns3:cad>62</ns3:cad>
          </ns3:TrackPointExtension>
        </extensions>
      </trkpt>
      <trkpt lat="32.02330674044787883758544921875" lon="118.7788461148738861083984375">
        <ele>14.19999980926513671875</ele>
        <time>2025-08-15T15:00:29.000Z</time>
        <extensions>
          <ns3:TrackPointExtension>
            <ns3:atemp>33.0</ns3:atemp>
            <ns3:hr>126</ns3:hr>
            <ns3:cad>62</ns3:cad>
          </ns3:TrackPointExtension>
        </extensions>
      </trkpt>
      <trkpt lat="32.023318894207477569580078125" lon="118.77885223366320133209228515625">
        <ele>14.19999980926513671875</ele>
        <time>2025-08-15T15:00:30.000Z</time>
        <extensions>
          <ns3:TrackPointExtension>
            <ns3:atemp>33.0</ns3:atemp>
            <ns3:hr>126</ns3:hr>
            <ns3:cad>62</ns3:cad>
          </ns3:TrackPointExtension>
        </extensions>
      </trkpt>
      <trkpt lat="32.02333507128059864044189453125" lon="118.7788576819002628326416015625">
        <ele>14.19999980926513671875</ele>
        <time>2025-08-15T15:00:31.000Z</time>
        <extensions>
          <ns3:TrackPointExtension>
            <ns3:atemp>33.0</ns3:atemp>
            <ns3:hr>125</ns3:hr>
            <ns3:cad>62</ns3:cad>
          </ns3:TrackPointExtension>
        </extensions>
      </trkpt>
      <trkpt lat="32.02335049398243427276611328125" lon="118.77886245958507061004638671875">
        <ele>14</ele>
        <time>2025-08-15T15:00:32.000Z</time>
        <extensions>
          <ns3:TrackPointExtension>
            <ns3:atemp>33.0</ns3:atemp>
            <ns3:hr>125</ns3:hr>
            <ns3:cad>62</ns3:cad>
          </ns3:TrackPointExtension>
        </extensions>
      </trkpt>
      <trkpt lat="32.0233603008091449737548828125" lon="118.778867907822132110595703125">
        <ele>14.19999980926513671875</ele>
        <time>2025-08-15T15:00:33.000Z</time>
        <extensions>
          <ns3:TrackPointExtension>
            <ns3:atemp>33.0</ns3:atemp>
            <ns3:hr>125</ns3:hr>
            <ns3:cad>62</ns3:cad>
          </ns3:TrackPointExtension>
        </extensions>
      </trkpt>
      <trkpt lat="32.023368179798126220703125" lon="118.77887486480176448822021484375">
        <ele>14.19999980926513671875</ele>
        <time>2025-08-15T15:00:34.000Z</time>
        <extensions>
          <ns3:TrackPointExtension>
            <ns3:atemp>33.0</ns3:atemp>
            <ns3:hr>125</ns3:hr>
            <ns3:cad>62</ns3:cad>
          </ns3:TrackPointExtension>
        </extensions>
      </trkpt>
      <trkpt lat="32.0233802497386932373046875" lon="118.77887888811528682708740234375">
        <ele>14.19999980926513671875</ele>
        <time>2025-08-15T15:00:35.000Z</time>
        <extensions>
          <ns3:TrackPointExtension>
            <ns3:atemp>33.0</ns3:atemp>
            <ns3:hr>126</ns3:hr>
            <ns3:cad>62</ns3:cad>
          </ns3:TrackPointExtension>
        </extensions>
      </trkpt>
      <trkpt lat="32.02338603325188159942626953125" lon="118.77887897193431854248046875">
        <ele>14.19999980926513671875</ele>
        <time>2025-08-15T15:00:36.000Z</time>
        <extensions>
          <ns3:TrackPointExtension>
            <ns3:atemp>33.0</ns3:atemp>
            <ns3:hr>125</ns3:hr>
            <ns3:cad>62</ns3:cad>
          </ns3:TrackPointExtension>
        </extensions>
      </trkpt>
      <trkpt lat="32.02339240349829196929931640625" lon="118.77888123504817485809326171875">
        <ele>14.19999980926513671875</ele>
        <time>2025-08-15T15:00:37.000Z</time>
        <extensions>
          <ns3:TrackPointExtension>
            <ns3:atemp>33.0</ns3:atemp>
            <ns3:hr>125</ns3:hr>
            <ns3:cad>62</ns3:cad>
          </ns3:TrackPointExtension>
        </extensions>
      </trkpt>
      <trkpt lat="32.0233958400785923004150390625" lon="118.77888509072363376617431640625">
        <ele>14.3999996185302734375</ele>
        <time>2025-08-15T15:00:38.000Z</time>
        <extensions>
          <ns3:TrackPointExtension>
            <ns3:atemp>33.0</ns3:atemp>
            <ns3:hr>125</ns3:hr>
            <ns3:cad>63</ns3:cad>
          </ns3:TrackPointExtension>
        </extensions>
      </trkpt>
      <trkpt lat="32.02340195886790752410888671875" lon="118.77888408489525318145751953125">
        <ele>14.3999996185302734375</ele>
        <time>2025-08-15T15:00:39.000Z</time>
        <extensions>
          <ns3:TrackPointExtension>
            <ns3:atemp>33.0</ns3:atemp>
            <ns3:hr>125</ns3:hr>
            <ns3:cad>122</ns3:cad>
          </ns3:TrackPointExtension>
        </extensions>
      </trkpt>
      <trkpt lat="32.02341536991298198699951171875" lon="118.77888056449592113494873046875">
        <ele>14.19999980926513671875</ele>
        <time>2025-08-15T15:00:40.000Z</time>
        <extensions>
          <ns3:TrackPointExtension>
            <ns3:atemp>33.0</ns3:atemp>
            <ns3:hr>125</ns3:hr>
            <ns3:cad>122</ns3:cad>
          </ns3:TrackPointExtension>
        </extensions>
      </trkpt>
      <trkpt lat="32.02343531884253025054931640625" lon="118.77887427806854248046875">
        <ele>14.19999980926513671875</ele>
        <time>2025-08-15T15:00:41.000Z</time>
        <extensions>
          <ns3:TrackPointExtension>
            <ns3:atemp>33.0</ns3:atemp>
            <ns3:hr>125</ns3:hr>
            <ns3:cad>0</ns3:cad>
          </ns3:TrackPointExtension>
        </extensions>
      </trkpt>
      <trkpt lat="32.02345811761915683746337890625" lon="118.77886396832764148712158203125">
        <ele>14</ele>
        <time>2025-08-15T15:00:42.000Z</time>
        <extensions>
          <ns3:TrackPointExtension>
            <ns3:atemp>33.0</ns3:atemp>
            <ns3:hr>124</ns3:hr>
            <ns3:cad>0</ns3:cad>
          </ns3:TrackPointExtension>
        </extensions>
      </trkpt>
      <trkpt lat="32.02348577789962291717529296875" lon="118.77885072492063045501708984375">
        <ele>13.80000019073486328125</ele>
        <time>2025-08-15T15:00:43.000Z</time>
        <extensions>
          <ns3:TrackPointExtension>
            <ns3:atemp>33.0</ns3:atemp>
            <ns3:hr>124</ns3:hr>
            <ns3:cad>77</ns3:cad>
          </ns3:TrackPointExtension>
        </extensions>
      </trkpt>
      <trkpt lat="32.0235198922455310821533203125" lon="118.77884301356971263885498046875">
        <ele>13.6000003814697265625</ele>
        <time>2025-08-15T15:00:44.000Z</time>
        <extensions>
          <ns3:TrackPointExtension>
            <ns3:atemp>33.0</ns3:atemp>
            <ns3:hr>124</ns3:hr>
            <ns3:cad>77</ns3:cad>
          </ns3:TrackPointExtension>
        </extensions>
      </trkpt>
      <trkpt lat="32.0235557667911052703857421875" lon="118.7788325361907482147216796875">
        <ele>13.6000003814697265625</ele>
        <time>2025-08-15T15:00:45.000Z</time>
        <extensions>
          <ns3:TrackPointExtension>
            <ns3:atemp>33.0</ns3:atemp>
            <ns3:hr>124</ns3:hr>
            <ns3:cad>76</ns3:cad>
          </ns3:TrackPointExtension>
        </extensions>
      </trkpt>
      <trkpt lat="32.023590467870235443115234375" lon="118.77882826142013072967529296875">
        <ele>13.6000003814697265625</ele>
        <time>2025-08-15T15:00:46.000Z</time>
        <extensions>
          <ns3:TrackPointExtension>
            <ns3:atemp>33.0</ns3:atemp>
            <ns3:hr>124</ns3:hr>
            <ns3:cad>76</ns3:cad>
          </ns3:TrackPointExtension>
        </extensions>
      </trkpt>
      <trkpt lat="32.0236241631209850311279296875" lon="118.77883245237171649932861328125">
        <ele>13.6000003814697265625</ele>
        <time>2025-08-15T15:00:47.000Z</time>
        <extensions>
          <ns3:TrackPointExtension>
            <ns3:atemp>33.0</ns3:atemp>
            <ns3:hr>125</ns3:hr>
            <ns3:cad>76</ns3:cad>
          </ns3:TrackPointExtension>
        </extensions>
      </trkpt>
      <trkpt lat="32.02364788390696048736572265625" lon="118.77884334884583950042724609375">
        <ele>13.80000019073486328125</ele>
        <time>2025-08-15T15:00:48.000Z</time>
        <extensions>
          <ns3:TrackPointExtension>
            <ns3:atemp>33.0</ns3:atemp>
            <ns3:hr>125</ns3:hr>
            <ns3:cad>79</ns3:cad>
          </ns3:TrackPointExtension>
        </extensions>
      </trkpt>
      <trkpt lat="32.0236768014729022979736328125" lon="118.778849132359027862548828125">
        <ele>13.80000019073486328125</ele>
        <time>2025-08-15T15:00:49.000Z</time>
        <extensions>
          <ns3:TrackPointExtension>
            <ns3:atemp>33.0</ns3:atemp>
            <ns3:hr>125</ns3:hr>
            <ns3:cad>79</ns3:cad>
          </ns3:TrackPointExtension>
        </extensions>
      </trkpt>
      <trkpt lat="32.02369616366922855377197265625" lon="118.77885558642446994781494140625">
        <ele>14</ele>
        <time>2025-08-15T15:00:50.000Z</time>
        <extensions>
          <ns3:TrackPointExtension>
            <ns3:atemp>33.0</ns3:atemp>
            <ns3:hr>126</ns3:hr>
            <ns3:cad>79</ns3:cad>
          </ns3:TrackPointExtension>
        </extensions>
      </trkpt>
      <trkpt lat="32.02371418476104736328125" lon="118.77885877154767513275146484375">
        <ele>14.19999980926513671875</ele>
        <time>2025-08-15T15:00:51.000Z</time>
        <extensions>
          <ns3:TrackPointExtension>
            <ns3:atemp>33.0</ns3:atemp>
            <ns3:hr>126</ns3:hr>
            <ns3:cad>79</ns3:cad>
          </ns3:TrackPointExtension>
        </extensions>
      </trkpt>
      <trkpt lat="32.02373120002448558807373046875" lon="118.77886153757572174072265625">
        <ele>14.19999980926513671875</ele>
        <time>2025-08-15T15:00:52.000Z</time>
        <extensions>
          <ns3:TrackPointExtension>
            <ns3:atemp>33.0</ns3:atemp>
            <ns3:hr>127</ns3:hr>
            <ns3:cad>79</ns3:cad>
          </ns3:TrackPointExtension>
        </extensions>
      </trkpt>
      <trkpt lat="32.02374838292598724365234375" lon="118.77886547707021236419677734375">
        <ele>14.19999980926513671875</ele>
        <time>2025-08-15T15:00:53.000Z</time>
        <extensions>
          <ns3:TrackPointExtension>
            <ns3:atemp>33.0</ns3:atemp>
            <ns3:hr>129</ns3:hr>
            <ns3:cad>79</ns3:cad>
          </ns3:TrackPointExtension>
        </extensions>
      </trkpt>
      <trkpt lat="32.0237659849226474761962890625" lon="118.77887184731662273406982421875">
        <ele>14.19999980926513671875</ele>
        <time>2025-08-15T15:00:54.000Z</time>
        <extensions>
          <ns3:TrackPointExtension>
            <ns3:atemp>33.0</ns3:atemp>
            <ns3:hr>132</ns3:hr>
            <ns3:cad>79</ns3:cad>
          </ns3:TrackPointExtension>
        </extensions>
      </trkpt>
      <trkpt lat="32.02378283254802227020263671875" lon="118.77887427806854248046875">
        <ele>14</ele>
        <time>2025-08-15T15:00:55.000Z</time>
        <extensions>
          <ns3:TrackPointExtension>
            <ns3:atemp>33.0</ns3:atemp>
            <ns3:hr>134</ns3:hr>
            <ns3:cad>79</ns3:cad>
          </ns3:TrackPointExtension>
        </extensions>
      </trkpt>
      <trkpt lat="32.02379825524985790252685546875" lon="118.7788757868111133575439453125">
        <ele>14</ele>
        <time>2025-08-15T15:00:56.000Z</time>
        <extensions>
          <ns3:TrackPointExtension>
            <ns3:atemp>33.0</ns3:atemp>
            <ns3:hr>139</ns3:hr>
            <ns3:cad>64</ns3:cad>
          </ns3:TrackPointExtension>
        </extensions>
      </trkpt>
      <trkpt lat="32.02381267212331295013427734375" lon="118.7788781337440013885498046875">
        <ele>14</ele>
        <time>2025-08-15T15:00:57.000Z</time>
        <extensions>
          <ns3:TrackPointExtension>
            <ns3:atemp>33.0</ns3:atemp>
            <ns3:hr>140</ns3:hr>
            <ns3:cad>63</ns3:cad>
          </ns3:TrackPointExtension>
        </extensions>
      </trkpt>
      <trkpt lat="32.023827172815799713134765625" lon="118.77888257615268230438232421875">
        <ele>14</ele>
        <time>2025-08-15T15:00:58.000Z</time>
        <extensions>
          <ns3:TrackPointExtension>
            <ns3:atemp>33.0</ns3:atemp>
            <ns3:hr>141</ns3:hr>
            <ns3:cad>62</ns3:cad>
          </ns3:TrackPointExtension>
        </extensions>
      </trkpt>
      <trkpt lat="32.02384267933666706085205078125" lon="118.7788891978561878204345703125">
        <ele>14</ele>
        <time>2025-08-15T15:00:59.000Z</time>
        <extensions>
          <ns3:TrackPointExtension>
            <ns3:atemp>33.0</ns3:atemp>
            <ns3:hr>142</ns3:hr>
            <ns3:cad>63</ns3:cad>
          </ns3:TrackPointExtension>
        </extensions>
      </trkpt>
      <trkpt lat="32.0238615386188030242919921875" lon="118.77889313735067844390869140625">
        <ele>14.19999980926513671875</ele>
        <time>2025-08-15T15:01:00.000Z</time>
        <extensions>
          <ns3:TrackPointExtension>
            <ns3:atemp>33.0</ns3:atemp>
            <ns3:hr>142</ns3:hr>
            <ns3:cad>63</ns3:cad>
          </ns3:TrackPointExtension>
        </extensions>
      </trkpt>
      <trkpt lat="32.02387704513967037200927734375" lon="118.778896071016788482666015625">
        <ele>14.19999980926513671875</ele>
        <time>2025-08-15T15:01:01.000Z</time>
        <extensions>
          <ns3:TrackPointExtension>
            <ns3:atemp>33.0</ns3:atemp>
            <ns3:hr>142</ns3:hr>
            <ns3:cad>63</ns3:cad>
          </ns3:TrackPointExtension>
        </extensions>
      </trkpt>
      <trkpt lat="32.02389322221279144287109375" lon="118.77890034578740596771240234375">
        <ele>14.19999980926513671875</ele>
        <time>2025-08-15T15:01:02.000Z</time>
        <extensions>
          <ns3:TrackPointExtension>
            <ns3:atemp>33.0</ns3:atemp>
            <ns3:hr>142</ns3:hr>
            <ns3:cad>63</ns3:cad>
          </ns3:TrackPointExtension>
        </extensions>
      </trkpt>
      <trkpt lat="32.02390856109559535980224609375" lon="118.77890671603381633758544921875">
        <ele>14.19999980926513671875</ele>
        <time>2025-08-15T15:01:03.000Z</time>
        <extensions>
          <ns3:TrackPointExtension>
            <ns3:atemp>33.0</ns3:atemp>
            <ns3:hr>143</ns3:hr>
            <ns3:cad>62</ns3:cad>
          </ns3:TrackPointExtension>
        </extensions>
      </trkpt>
      <trkpt lat="32.02392348088324069976806640625" lon="118.77891258336603641510009765625">
        <ele>14.19999980926513671875</ele>
        <time>2025-08-15T15:01:04.000Z</time>
        <extensions>
          <ns3:TrackPointExtension>
            <ns3:atemp>33.0</ns3:atemp>
            <ns3:hr>143</ns3:hr>
            <ns3:cad>62</ns3:cad>
          </ns3:TrackPointExtension>
        </extensions>
      </trkpt>
      <trkpt lat="32.02393789775669574737548828125" lon="118.7789176963269710540771484375">
        <ele>14.19999980926513671875</ele>
        <time>2025-08-15T15:01:05.000Z</time>
        <extensions>
          <ns3:TrackPointExtension>
            <ns3:atemp>33.0</ns3:atemp>
            <ns3:hr>142</ns3:hr>
            <ns3:cad>63</ns3:cad>
          </ns3:TrackPointExtension>
        </extensions>
      </trkpt>
      <trkpt lat="32.02395315282046794891357421875" lon="118.7789213843643665313720703125">
        <ele>14.19999980926513671875</ele>
        <time>2025-08-15T15:01:06.000Z</time>
        <extensions>
          <ns3:TrackPointExtension>
            <ns3:atemp>33.0</ns3:atemp>
            <ns3:hr>142</ns3:hr>
            <ns3:cad>63</ns3:cad>
          </ns3:TrackPointExtension>
        </extensions>
      </trkpt>
      <trkpt lat="32.0239681564271450042724609375" lon="118.7789237312972545623779296875">
        <ele>14.19999980926513671875</ele>
        <time>2025-08-15T15:01:07.000Z</time>
        <extensions>
          <ns3:TrackPointExtension>
            <ns3:atemp>33.0</ns3:atemp>
            <ns3:hr>142</ns3:hr>
            <ns3:cad>63</ns3:cad>
          </ns3:TrackPointExtension>
        </extensions>
      </trkpt>
      <trkpt lat="32.02398584224283695220947265625" lon="118.77892582677304744720458984375">
        <ele>14.19999980926513671875</ele>
        <time>2025-08-15T15:01:08.000Z</time>
        <extensions>
          <ns3:TrackPointExtension>
            <ns3:atemp>33.0</ns3:atemp>
            <ns3:hr>141</ns3:hr>
            <ns3:cad>63</ns3:cad>
          </ns3:TrackPointExtension>
        </extensions>
      </trkpt>
      <trkpt lat="32.02399875037372112274169921875" lon="118.77892934717237949371337890625">
        <ele>14.19999980926513671875</ele>
        <time>2025-08-15T15:01:09.000Z</time>
        <extensions>
          <ns3:TrackPointExtension>
            <ns3:atemp>33.0</ns3:atemp>
            <ns3:hr>141</ns3:hr>
            <ns3:cad>62</ns3:cad>
          </ns3:TrackPointExtension>
        </extensions>
      </trkpt>
      <trkpt lat="32.02401526272296905517578125" lon="118.77893253229558467864990234375">
        <ele>14.19999980926513671875</ele>
        <time>2025-08-15T15:01:10.000Z</time>
        <extensions>
          <ns3:TrackPointExtension>
            <ns3:atemp>33.0</ns3:atemp>
            <ns3:hr>141</ns3:hr>
            <ns3:cad>62</ns3:cad>
          </ns3:TrackPointExtension>
        </extensions>
      </trkpt>
      <trkpt lat="32.02403261326253414154052734375" lon="118.77893722616136074066162109375">
        <ele>14.19999980926513671875</ele>
        <time>2025-08-15T15:01:11.000Z</time>
        <extensions>
          <ns3:TrackPointExtension>
            <ns3:atemp>33.0</ns3:atemp>
            <ns3:hr>140</ns3:hr>
            <ns3:cad>62</ns3:cad>
          </ns3:TrackPointExtension>
        </extensions>
      </trkpt>
      <trkpt lat="32.0240462757647037506103515625" lon="118.7789421714842319488525390625">
        <ele>14.19999980926513671875</ele>
        <time>2025-08-15T15:01:12.000Z</time>
        <extensions>
          <ns3:TrackPointExtension>
            <ns3:atemp>33.0</ns3:atemp>
            <ns3:hr>140</ns3:hr>
            <ns3:cad>63</ns3:cad>
          </ns3:TrackPointExtension>
        </extensions>
      </trkpt>
      <trkpt lat="32.02406161464750766754150390625" lon="118.7789468653500080108642578125">
        <ele>14.19999980926513671875</ele>
        <time>2025-08-15T15:01:13.000Z</time>
        <extensions>
          <ns3:TrackPointExtension>
            <ns3:atemp>33.0</ns3:atemp>
            <ns3:hr>140</ns3:hr>
            <ns3:cad>63</ns3:cad>
          </ns3:TrackPointExtension>
        </extensions>
      </trkpt>
      <trkpt lat="32.0240751095116138458251953125" lon="118.778951726853847503662109375">
        <ele>14.19999980926513671875</ele>
        <time>2025-08-15T15:01:14.000Z</time>
        <extensions>
          <ns3:TrackPointExtension>
            <ns3:atemp>33.0</ns3:atemp>
            <ns3:hr>139</ns3:hr>
            <ns3:cad>63</ns3:cad>
          </ns3:TrackPointExtension>
        </extensions>
      </trkpt>
      <trkpt lat="32.02408709563314914703369140625" lon="118.77895549871027469635009765625">
        <ele>14.19999980926513671875</ele>
        <time>2025-08-15T15:01:15.000Z</time>
        <extensions>
          <ns3:TrackPointExtension>
            <ns3:atemp>33.0</ns3:atemp>
            <ns3:hr>138</ns3:hr>
            <ns3:cad>63</ns3:cad>
          </ns3:TrackPointExtension>
        </extensions>
      </trkpt>
      <trkpt lat="32.024103105068206787109375" lon="118.77896237187087535858154296875">
        <ele>14.19999980926513671875</ele>
        <time>2025-08-15T15:01:16.000Z</time>
        <extensions>
          <ns3:TrackPointExtension>
            <ns3:atemp>33.0</ns3:atemp>
            <ns3:hr>137</ns3:hr>
            <ns3:cad>62</ns3:cad>
          </ns3:TrackPointExtension>
        </extensions>
      </trkpt>
      <trkpt lat="32.02411643229424953460693359375" lon="118.778967149555683135986328125">
        <ele>14.19999980926513671875</ele>
        <time>2025-08-15T15:01:17.000Z</time>
        <extensions>
          <ns3:TrackPointExtension>
            <ns3:atemp>33.0</ns3:atemp>
            <ns3:hr>136</ns3:hr>
            <ns3:cad>62</ns3:cad>
          </ns3:TrackPointExtension>
        </extensions>
      </trkpt>
      <trkpt lat="32.0241317711770534515380859375" lon="118.77897142432630062103271484375">
        <ele>14.19999980926513671875</ele>
        <time>2025-08-15T15:01:18.000Z</time>
        <extensions>
          <ns3:TrackPointExtension>
            <ns3:atemp>33.0</ns3:atemp>
            <ns3:hr>135</ns3:hr>
            <ns3:cad>63</ns3:cad>
          </ns3:TrackPointExtension>
        </extensions>
      </trkpt>
      <trkpt lat="32.024151049554347991943359375" lon="118.7789770402014255523681640625">
        <ele>14.19999980926513671875</ele>
        <time>2025-08-15T15:01:19.000Z</time>
        <extensions>
          <ns3:TrackPointExtension>
            <ns3:atemp>33.0</ns3:atemp>
            <ns3:hr>135</ns3:hr>
            <ns3:cad>63</ns3:cad>
          </ns3:TrackPointExtension>
        </extensions>
      </trkpt>
      <trkpt lat="32.0241673104465007781982421875" lon="118.77898223698139190673828125">
        <ele>14.19999980926513671875</ele>
        <time>2025-08-15T15:01:20.000Z</time>
        <extensions>
          <ns3:TrackPointExtension>
            <ns3:atemp>33.0</ns3:atemp>
            <ns3:hr>134</ns3:hr>
            <ns3:cad>63</ns3:cad>
          </ns3:TrackPointExtension>
        </extensions>
      </trkpt>
      <trkpt lat="32.0241830684244632720947265625" lon="118.7789882719516754150390625">
        <ele>14</ele>
        <time>2025-08-15T15:01:21.000Z</time>
        <extensions>
          <ns3:TrackPointExtension>
            <ns3:atemp>33.0</ns3:atemp>
            <ns3:hr>134</ns3:hr>
            <ns3:cad>63</ns3:cad>
          </ns3:TrackPointExtension>
        </extensions>
      </trkpt>
      <trkpt lat="32.02419991604983806610107421875" lon="118.77899439074099063873291015625">
        <ele>14</ele>
        <time>2025-08-15T15:01:22.000Z</time>
        <extensions>
          <ns3:TrackPointExtension>
            <ns3:atemp>33.0</ns3:atemp>
            <ns3:hr>134</ns3:hr>
            <ns3:cad>62</ns3:cad>
          </ns3:TrackPointExtension>
        </extensions>
      </trkpt>
      <trkpt lat="32.02421399764716625213623046875" lon="118.77900025807321071624755859375">
        <ele>14</ele>
        <time>2025-08-15T15:01:23.000Z</time>
        <extensions>
          <ns3:TrackPointExtension>
            <ns3:atemp>33.0</ns3:atemp>
            <ns3:hr>133</ns3:hr>
            <ns3:cad>62</ns3:cad>
          </ns3:TrackPointExtension>
        </extensions>
      </trkpt>
      <trkpt lat="32.02423143200576305389404296875" lon="118.779006712138652801513671875">
        <ele>14</ele>
        <time>2025-08-15T15:01:24.000Z</time>
        <extensions>
          <ns3:TrackPointExtension>
            <ns3:atemp>33.0</ns3:atemp>
            <ns3:hr>133</ns3:hr>
            <ns3:cad>63</ns3:cad>
          </ns3:TrackPointExtension>
        </extensions>
      </trkpt>
      <trkpt lat="32.0242467708885669708251953125" lon="118.77901316620409488677978515625">
        <ele>14</ele>
        <time>2025-08-15T15:01:25.000Z</time>
        <extensions>
          <ns3:TrackPointExtension>
            <ns3:atemp>33.0</ns3:atemp>
            <ns3:hr>133</ns3:hr>
            <ns3:cad>63</ns3:cad>
          </ns3:TrackPointExtension>
        </extensions>
      </trkpt>
      <trkpt lat="32.0242658816277980804443359375" lon="118.77902054227888584136962890625">
        <ele>14</ele>
        <time>2025-08-15T15:01:26.000Z</time>
        <extensions>
          <ns3:TrackPointExtension>
            <ns3:atemp>33.0</ns3:atemp>
            <ns3:hr>133</ns3:hr>
            <ns3:cad>63</ns3:cad>
          </ns3:TrackPointExtension>
        </extensions>
      </trkpt>
      <trkpt lat="32.02428222633898258209228515625" lon="118.77902825362980365753173828125">
        <ele>14</ele>
        <time>2025-08-15T15:01:27.000Z</time>
        <extensions>
          <ns3:TrackPointExtension>
            <ns3:atemp>33.0</ns3:atemp>
            <ns3:hr>133</ns3:hr>
            <ns3:cad>63</ns3:cad>
          </ns3:TrackPointExtension>
        </extensions>
      </trkpt>
      <trkpt lat="32.02429446391761302947998046875" lon="118.77903445623815059661865234375">
        <ele>14</ele>
        <time>2025-08-15T15:01:28.000Z</time>
        <extensions>
          <ns3:TrackPointExtension>
            <ns3:atemp>33.0</ns3:atemp>
            <ns3:hr>132</ns3:hr>
            <ns3:cad>62</ns3:cad>
          </ns3:TrackPointExtension>
        </extensions>
      </trkpt>
      <trkpt lat="32.0243074558675289154052734375" lon="118.7790427543222904205322265625">
        <ele>14</ele>
        <time>2025-08-15T15:01:29.000Z</time>
        <extensions>
          <ns3:TrackPointExtension>
            <ns3:atemp>33.0</ns3:atemp>
            <ns3:hr>132</ns3:hr>
            <ns3:cad>62</ns3:cad>
          </ns3:TrackPointExtension>
        </extensions>
      </trkpt>
      <trkpt lat="32.02432078309357166290283203125" lon="118.77905063331127166748046875">
        <ele>14</ele>
        <time>2025-08-15T15:01:30.000Z</time>
        <extensions>
          <ns3:TrackPointExtension>
            <ns3:atemp>33.0</ns3:atemp>
            <ns3:hr>132</ns3:hr>
            <ns3:cad>62</ns3:cad>
          </ns3:TrackPointExtension>
        </extensions>
      </trkpt>
      <trkpt lat="32.02433469705283641815185546875" lon="118.77905691973865032196044921875">
        <ele>13.80000019073486328125</ele>
        <time>2025-08-15T15:01:31.000Z</time>
        <extensions>
          <ns3:TrackPointExtension>
            <ns3:atemp>33.0</ns3:atemp>
            <ns3:hr>131</ns3:hr>
            <ns3:cad>62</ns3:cad>
          </ns3:TrackPointExtension>
        </extensions>
      </trkpt>
      <trkpt lat="32.02434810809791088104248046875" lon="118.7790620326995849609375">
        <ele>13.80000019073486328125</ele>
        <time>2025-08-15T15:01:32.000Z</time>
        <extensions>
          <ns3:TrackPointExtension>
            <ns3:atemp>33.0</ns3:atemp>
            <ns3:hr>128</ns3:hr>
            <ns3:cad>62</ns3:cad>
          </ns3:TrackPointExtension>
        </extensions>
      </trkpt>
      <trkpt lat="32.02436001040041446685791015625" lon="118.7790668942034244537353515625">
        <ele>13.80000019073486328125</ele>
        <time>2025-08-15T15:01:33.000Z</time>
        <extensions>
          <ns3:TrackPointExtension>
            <ns3:atemp>33.0</ns3:atemp>
            <ns3:hr>127</ns3:hr>
            <ns3:cad>61</ns3:cad>
          </ns3:TrackPointExtension>
        </extensions>
      </trkpt>
      <trkpt lat="32.02436956577003002166748046875" lon="118.77906999550759792327880859375">
        <ele>13.80000019073486328125</ele>
        <time>2025-08-15T15:01:34.000Z</time>
        <extensions>
          <ns3:TrackPointExtension>
            <ns3:atemp>33.0</ns3:atemp>
            <ns3:hr>126</ns3:hr>
            <ns3:cad>61</ns3:cad>
          </ns3:TrackPointExtension>
        </extensions>
      </trkpt>
      <trkpt lat="32.02438163571059703826904296875" lon="118.77907535992562770843505859375">
        <ele>13.80000019073486328125</ele>
        <time>2025-08-15T15:01:35.000Z</time>
        <extensions>
          <ns3:TrackPointExtension>
            <ns3:atemp>33.0</ns3:atemp>
            <ns3:hr>126</ns3:hr>
            <ns3:cad>61</ns3:cad>
          </ns3:TrackPointExtension>
        </extensions>
      </trkpt>
      <trkpt lat="32.02439370565116405487060546875" lon="118.77907955087721347808837890625">
        <ele>13.80000019073486328125</ele>
        <time>2025-08-15T15:01:36.000Z</time>
        <extensions>
          <ns3:TrackPointExtension>
            <ns3:atemp>33.0</ns3:atemp>
            <ns3:hr>125</ns3:hr>
            <ns3:cad>61</ns3:cad>
          </ns3:TrackPointExtension>
        </extensions>
      </trkpt>
      <trkpt lat="32.0244056917726993560791015625" lon="118.779083155095577239990234375">
        <ele>13.80000019073486328125</ele>
        <time>2025-08-15T15:01:37.000Z</time>
        <extensions>
          <ns3:TrackPointExtension>
            <ns3:atemp>33.0</ns3:atemp>
            <ns3:hr>125</ns3:hr>
            <ns3:cad>60</ns3:cad>
          </ns3:TrackPointExtension>
        </extensions>
      </trkpt>
      <trkpt lat="32.02441918663680553436279296875" lon="118.7790853343904018402099609375">
        <ele>13.80000019073486328125</ele>
        <time>2025-08-15T15:01:38.000Z</time>
        <extensions>
          <ns3:TrackPointExtension>
            <ns3:atemp>33.0</ns3:atemp>
            <ns3:hr>125</ns3:hr>
            <ns3:cad>59</ns3:cad>
          </ns3:TrackPointExtension>
        </extensions>
      </trkpt>
      <trkpt lat="32.0244315080344676971435546875" lon="118.77908558584749698638916015625">
        <ele>13.80000019073486328125</ele>
        <time>2025-08-15T15:01:39.000Z</time>
        <extensions>
          <ns3:TrackPointExtension>
            <ns3:atemp>33.0</ns3:atemp>
            <ns3:hr>125</ns3:hr>
            <ns3:cad>59</ns3:cad>
          </ns3:TrackPointExtension>
        </extensions>
      </trkpt>
      <trkpt lat="32.0244432426989078521728515625" lon="118.779086507856845855712890625">
        <ele>13.80000019073486328125</ele>
        <time>2025-08-15T15:01:40.000Z</time>
        <extensions>
          <ns3:TrackPointExtension>
            <ns3:atemp>33.0</ns3:atemp>
            <ns3:hr>125</ns3:hr>
            <ns3:cad>59</ns3:cad>
          </ns3:TrackPointExtension>
        </extensions>
      </trkpt>
      <trkpt lat="32.0244566537439823150634765625" lon="118.7790860049426555633544921875">
        <ele>13.80000019073486328125</ele>
        <time>2025-08-15T15:01:41.000Z</time>
        <extensions>
          <ns3:TrackPointExtension>
            <ns3:atemp>33.0</ns3:atemp>
            <ns3:hr>126</ns3:hr>
            <ns3:cad>60</ns3:cad>
          </ns3:TrackPointExtension>
        </extensions>
      </trkpt>
      <trkpt lat="32.024472244083881378173828125" lon="118.779085166752338409423828125">
        <ele>13.80000019073486328125</ele>
        <time>2025-08-15T15:01:42.000Z</time>
        <extensions>
          <ns3:TrackPointExtension>
            <ns3:atemp>33.0</ns3:atemp>
            <ns3:hr>126</ns3:hr>
            <ns3:cad>61</ns3:cad>
          </ns3:TrackPointExtension>
        </extensions>
      </trkpt>
      <trkpt lat="32.024489007890224456787109375" lon="118.779087178409099578857421875">
        <ele>13.80000019073486328125</ele>
        <time>2025-08-15T15:01:43.000Z</time>
        <extensions>
          <ns3:TrackPointExtension>
            <ns3:atemp>33.0</ns3:atemp>
            <ns3:hr>126</ns3:hr>
            <ns3:cad>61</ns3:cad>
          </ns3:TrackPointExtension>
        </extensions>
      </trkpt>
      <trkpt lat="32.02450468204915523529052734375" lon="118.7790901958942413330078125">
        <ele>13.80000019073486328125</ele>
        <time>2025-08-15T15:01:44.000Z</time>
        <extensions>
          <ns3:TrackPointExtension>
            <ns3:atemp>33.0</ns3:atemp>
            <ns3:hr>126</ns3:hr>
            <ns3:cad>62</ns3:cad>
          </ns3:TrackPointExtension>
        </extensions>
      </trkpt>
      <trkpt lat="32.02452211640775203704833984375" lon="118.77909245900809764862060546875">
        <ele>13.80000019073486328125</ele>
        <time>2025-08-15T15:01:45.000Z</time>
        <extensions>
          <ns3:TrackPointExtension>
            <ns3:atemp>33.0</ns3:atemp>
            <ns3:hr>126</ns3:hr>
            <ns3:cad>62</ns3:cad>
          </ns3:TrackPointExtension>
        </extensions>
      </trkpt>
      <trkpt lat="32.024539969861507415771484375" lon="118.7790923751890659332275390625">
        <ele>13.80000019073486328125</ele>
        <time>2025-08-15T15:01:46.000Z</time>
        <extensions>
          <ns3:TrackPointExtension>
            <ns3:atemp>33.0</ns3:atemp>
            <ns3:hr>126</ns3:hr>
            <ns3:cad>62</ns3:cad>
          </ns3:TrackPointExtension>
        </extensions>
      </trkpt>
      <trkpt lat="32.02455530874431133270263671875" lon="118.77909195609390735626220703125">
        <ele>13.80000019073486328125</ele>
        <time>2025-08-15T15:01:47.000Z</time>
        <extensions>
          <ns3:TrackPointExtension>
            <ns3:atemp>33.0</ns3:atemp>
            <ns3:hr>125</ns3:hr>
            <ns3:cad>62</ns3:cad>
          </ns3:TrackPointExtension>
        </extensions>
      </trkpt>
      <trkpt lat="32.02456972561776638031005859375" lon="118.779093213379383087158203125">
        <ele>13.80000019073486328125</ele>
        <time>2025-08-15T15:01:48.000Z</time>
        <extensions>
          <ns3:TrackPointExtension>
            <ns3:atemp>33.0</ns3:atemp>
            <ns3:hr>125</ns3:hr>
            <ns3:cad>62</ns3:cad>
          </ns3:TrackPointExtension>
        </extensions>
      </trkpt>
      <trkpt lat="32.02458380721509456634521484375" lon="118.779096566140651702880859375">
        <ele>13.80000019073486328125</ele>
        <time>2025-08-15T15:01:49.000Z</time>
        <extensions>
          <ns3:TrackPointExtension>
            <ns3:atemp>33.0</ns3:atemp>
            <ns3:hr>125</ns3:hr>
            <ns3:cad>62</ns3:cad>
          </ns3:TrackPointExtension>
        </extensions>
      </trkpt>
      <trkpt lat="32.024594955146312713623046875" lon="118.77910000272095203399658203125">
        <ele>13.80000019073486328125</ele>
        <time>2025-08-15T15:01:50.000Z</time>
        <extensions>
          <ns3:TrackPointExtension>
            <ns3:atemp>33.0</ns3:atemp>
            <ns3:hr>126</ns3:hr>
            <ns3:cad>62</ns3:cad>
          </ns3:TrackPointExtension>
        </extensions>
      </trkpt>
      <trkpt lat="32.02460627071559429168701171875" lon="118.77910469658672809600830078125">
        <ele>14</ele>
        <time>2025-08-15T15:01:51.000Z</time>
        <extensions>
          <ns3:TrackPointExtension>
            <ns3:atemp>33.0</ns3:atemp>
            <ns3:hr>126</ns3:hr>
            <ns3:cad>62</ns3:cad>
          </ns3:TrackPointExtension>
        </extensions>
      </trkpt>
      <trkpt lat="32.02462085522711277008056640625" lon="118.7791089713573455810546875">
        <ele>14</ele>
        <time>2025-08-15T15:01:52.000Z</time>
        <extensions>
          <ns3:TrackPointExtension>
            <ns3:atemp>33.0</ns3:atemp>
            <ns3:hr>126</ns3:hr>
            <ns3:cad>62</ns3:cad>
          </ns3:TrackPointExtension>
        </extensions>
      </trkpt>
      <trkpt lat="32.02463485300540924072265625" lon="118.7791131623089313507080078125">
        <ele>14</ele>
        <time>2025-08-15T15:01:53.000Z</time>
        <extensions>
          <ns3:TrackPointExtension>
            <ns3:atemp>33.0</ns3:atemp>
            <ns3:hr>126</ns3:hr>
            <ns3:cad>62</ns3:cad>
          </ns3:TrackPointExtension>
        </extensions>
      </trkpt>
      <trkpt lat="32.02464558184146881103515625" lon="118.7791178561747074127197265625">
        <ele>14</ele>
        <time>2025-08-15T15:01:54.000Z</time>
        <extensions>
          <ns3:TrackPointExtension>
            <ns3:atemp>33.0</ns3:atemp>
            <ns3:hr>126</ns3:hr>
            <ns3:cad>62</ns3:cad>
          </ns3:TrackPointExtension>
        </extensions>
      </trkpt>
      <trkpt lat="32.02466159127652645111083984375" lon="118.77912347204983234405517578125">
        <ele>14</ele>
        <time>2025-08-15T15:01:55.000Z</time>
        <extensions>
          <ns3:TrackPointExtension>
            <ns3:atemp>33.0</ns3:atemp>
            <ns3:hr>125</ns3:hr>
            <ns3:cad>62</ns3:cad>
          </ns3:TrackPointExtension>
        </extensions>
      </trkpt>
      <trkpt lat="32.024673409759998321533203125" lon="118.77912967465817928314208984375">
        <ele>14.19999980926513671875</ele>
        <time>2025-08-15T15:01:56.000Z</time>
        <extensions>
          <ns3:TrackPointExtension>
            <ns3:atemp>33.0</ns3:atemp>
            <ns3:hr>125</ns3:hr>
            <ns3:cad>62</ns3:cad>
          </ns3:TrackPointExtension>
        </extensions>
      </trkpt>
      <trkpt lat="32.024688161909580230712890625" lon="118.7791369669139385223388671875">
        <ele>14.19999980926513671875</ele>
        <time>2025-08-15T15:01:57.000Z</time>
        <extensions>
          <ns3:TrackPointExtension>
            <ns3:atemp>33.0</ns3:atemp>
            <ns3:hr>124</ns3:hr>
            <ns3:cad>62</ns3:cad>
          </ns3:TrackPointExtension>
        </extensions>
      </trkpt>
      <trkpt lat="32.0247014053165912628173828125" lon="118.7791419960558414459228515625">
        <ele>14.19999980926513671875</ele>
        <time>2025-08-15T15:01:58.000Z</time>
        <extensions>
          <ns3:TrackPointExtension>
            <ns3:atemp>33.0</ns3:atemp>
            <ns3:hr>124</ns3:hr>
            <ns3:cad>61</ns3:cad>
          </ns3:TrackPointExtension>
        </extensions>
      </trkpt>
      <trkpt lat="32.02471221797168254852294921875" lon="118.77914526499807834625244140625">
        <ele>14.19999980926513671875</ele>
        <time>2025-08-15T15:01:59.000Z</time>
        <extensions>
          <ns3:TrackPointExtension>
            <ns3:atemp>33.0</ns3:atemp>
            <ns3:hr>124</ns3:hr>
            <ns3:cad>61</ns3:cad>
          </ns3:TrackPointExtension>
        </extensions>
      </trkpt>
      <trkpt lat="32.024722360074520111083984375" lon="118.779147528111934661865234375">
        <ele>14.19999980926513671875</ele>
        <time>2025-08-15T15:02:00.000Z</time>
        <extensions>
          <ns3:TrackPointExtension>
            <ns3:atemp>33.0</ns3:atemp>
            <ns3:hr>124</ns3:hr>
            <ns3:cad>60</ns3:cad>
          </ns3:TrackPointExtension>
        </extensions>
      </trkpt>
      <trkpt lat="32.0247329212725162506103515625" lon="118.77914928831160068511962890625">
        <ele>14.3999996185302734375</ele>
        <time>2025-08-15T15:02:01.000Z</time>
        <extensions>
          <ns3:TrackPointExtension>
            <ns3:atemp>33.0</ns3:atemp>
            <ns3:hr>124</ns3:hr>
            <ns3:cad>60</ns3:cad>
          </ns3:TrackPointExtension>
        </extensions>
      </trkpt>
      <trkpt lat="32.02474524267017841339111328125" lon="118.7791503779590129852294921875">
        <ele>14.3999996185302734375</ele>
        <time>2025-08-15T15:02:02.000Z</time>
        <extensions>
          <ns3:TrackPointExtension>
            <ns3:atemp>33.0</ns3:atemp>
            <ns3:hr>124</ns3:hr>
            <ns3:cad>60</ns3:cad>
          </ns3:TrackPointExtension>
        </extensions>
      </trkpt>
      <trkpt lat="32.0247563906013965606689453125" lon="118.779148869216442108154296875">
        <ele>14.3999996185302734375</ele>
        <time>2025-08-15T15:02:03.000Z</time>
        <extensions>
          <ns3:TrackPointExtension>
            <ns3:atemp>33.0</ns3:atemp>
            <ns3:hr>124</ns3:hr>
            <ns3:cad>60</ns3:cad>
          </ns3:TrackPointExtension>
        </extensions>
      </trkpt>
      <trkpt lat="32.0247669517993927001953125" lon="118.7791433371603488922119140625">
        <ele>14.3999996185302734375</ele>
        <time>2025-08-15T15:02:04.000Z</time>
        <extensions>
          <ns3:TrackPointExtension>
            <ns3:atemp>33.0</ns3:atemp>
            <ns3:hr>124</ns3:hr>
            <ns3:cad>60</ns3:cad>
          </ns3:TrackPointExtension>
        </extensions>
      </trkpt>
      <trkpt lat="32.02477877028286457061767578125" lon="118.77913923002779483795166015625">
        <ele>14.3999996185302734375</ele>
        <time>2025-08-15T15:02:05.000Z</time>
        <extensions>
          <ns3:TrackPointExtension>
            <ns3:atemp>33.0</ns3:atemp>
            <ns3:hr>124</ns3:hr>
            <ns3:cad>61</ns3:cad>
          </ns3:TrackPointExtension>
        </extensions>
      </trkpt>
      <trkpt lat="32.0247936062514781951904296875" lon="118.779134787619113922119140625">
        <ele>14.3999996185302734375</ele>
        <time>2025-08-15T15:02:06.000Z</time>
        <extensions>
          <ns3:TrackPointExtension>
            <ns3:atemp>33.0</ns3:atemp>
            <ns3:hr>124</ns3:hr>
            <ns3:cad>61</ns3:cad>
          </ns3:TrackPointExtension>
        </extensions>
      </trkpt>
      <trkpt lat="32.024808861315250396728515625" lon="118.77912850119173526763916015625">
        <ele>14.3999996185302734375</ele>
        <time>2025-08-15T15:02:07.000Z</time>
        <extensions>
          <ns3:TrackPointExtension>
            <ns3:atemp>33.0</ns3:atemp>
            <ns3:hr>124</ns3:hr>
            <ns3:cad>60</ns3:cad>
          </ns3:TrackPointExtension>
        </extensions>
      </trkpt>
      <trkpt lat="32.0248227752745151519775390625" lon="118.77912162803113460540771484375">
        <ele>14.3999996185302734375</ele>
        <time>2025-08-15T15:02:08.000Z</time>
        <extensions>
          <ns3:TrackPointExtension>
            <ns3:atemp>33.0</ns3:atemp>
            <ns3:hr>123</ns3:hr>
            <ns3:cad>60</ns3:cad>
          </ns3:TrackPointExtension>
        </extensions>
      </trkpt>
      <trkpt lat="32.0248361863195896148681640625" lon="118.77910603769123554229736328125">
        <ele>14.3999996185302734375</ele>
        <time>2025-08-15T15:02:09.000Z</time>
        <extensions>
          <ns3:TrackPointExtension>
            <ns3:atemp>33.0</ns3:atemp>
            <ns3:hr>123</ns3:hr>
            <ns3:cad>60</ns3:cad>
          </ns3:TrackPointExtension>
        </extensions>
      </trkpt>
      <trkpt lat="32.02484834007918834686279296875" lon="118.779093883931636810302734375">
        <ele>14.3999996185302734375</ele>
        <time>2025-08-15T15:02:10.000Z</time>
        <extensions>
          <ns3:TrackPointExtension>
            <ns3:atemp>33.0</ns3:atemp>
            <ns3:hr>123</ns3:hr>
            <ns3:cad>60</ns3:cad>
          </ns3:TrackPointExtension>
        </extensions>
      </trkpt>
      <trkpt lat="32.02486015856266021728515625" lon="118.77908374182879924774169921875">
        <ele>14.3999996185302734375</ele>
        <time>2025-08-15T15:02:11.000Z</time>
        <extensions>
          <ns3:TrackPointExtension>
            <ns3:atemp>33.0</ns3:atemp>
            <ns3:hr>123</ns3:hr>
            <ns3:cad>59</ns3:cad>
          </ns3:TrackPointExtension>
        </extensions>
      </trkpt>
      <trkpt lat="32.02487013302743434906005859375" lon="118.779075443744659423828125">
        <ele>14.6000003814697265625</ele>
        <time>2025-08-15T15:02:12.000Z</time>
        <extensions>
          <ns3:TrackPointExtension>
            <ns3:atemp>33.0</ns3:atemp>
            <ns3:hr>123</ns3:hr>
            <ns3:cad>59</ns3:cad>
          </ns3:TrackPointExtension>
        </extensions>
      </trkpt>
      <trkpt lat="32.0248780958354473114013671875" lon="118.7790662236511707305908203125">
        <ele>14.6000003814697265625</ele>
        <time>2025-08-15T15:02:13.000Z</time>
        <extensions>
          <ns3:TrackPointExtension>
            <ns3:atemp>33.0</ns3:atemp>
            <ns3:hr>123</ns3:hr>
            <ns3:cad>59</ns3:cad>
          </ns3:TrackPointExtension>
        </extensions>
      </trkpt>
      <trkpt lat="32.02488270588219165802001953125" lon="118.77905197441577911376953125">
        <ele>14.6000003814697265625</ele>
        <time>2025-08-15T15:02:14.000Z</time>
        <extensions>
          <ns3:TrackPointExtension>
            <ns3:atemp>33.0</ns3:atemp>
            <ns3:hr>123</ns3:hr>
            <ns3:cad>60</ns3:cad>
          </ns3:TrackPointExtension>
        </extensions>
      </trkpt>
      <trkpt lat="32.0248849689960479736328125" lon="118.779042251408100128173828125">
        <ele>14.6000003814697265625</ele>
        <time>2025-08-15T15:02:15.000Z</time>
        <extensions>
          <ns3:TrackPointExtension>
            <ns3:atemp>33.0</ns3:atemp>
            <ns3:hr>123</ns3:hr>
            <ns3:cad>60</ns3:cad>
          </ns3:TrackPointExtension>
        </extensions>
      </trkpt>
      <trkpt lat="32.024889327585697174072265625" lon="118.77903495915234088897705078125">
        <ele>14.6000003814697265625</ele>
        <time>2025-08-15T15:02:16.000Z</time>
        <extensions>
          <ns3:TrackPointExtension>
            <ns3:atemp>33.0</ns3:atemp>
            <ns3:hr>123</ns3:hr>
            <ns3:cad>60</ns3:cad>
          </ns3:TrackPointExtension>
        </extensions>
      </trkpt>
      <trkpt lat="32.02489678747951984405517578125" lon="118.77902691252529621124267578125">
        <ele>14.6000003814697265625</ele>
        <time>2025-08-15T15:02:17.000Z</time>
        <extensions>
          <ns3:TrackPointExtension>
            <ns3:atemp>33.0</ns3:atemp>
            <ns3:hr>123</ns3:hr>
            <ns3:cad>61</ns3:cad>
          </ns3:TrackPointExtension>
        </extensions>
      </trkpt>
      <trkpt lat="32.0248997211456298828125" lon="118.77901886589825153350830078125">
        <ele>14.6000003814697265625</ele>
        <time>2025-08-15T15:02:18.000Z</time>
        <extensions>
          <ns3:TrackPointExtension>
            <ns3:atemp>33.0</ns3:atemp>
            <ns3:hr>123</ns3:hr>
            <ns3:cad>61</ns3:cad>
          </ns3:TrackPointExtension>
        </extensions>
      </trkpt>
      <trkpt lat="32.02490231953561305999755859375" lon="118.77901216037571430206298828125">
        <ele>14.6000003814697265625</ele>
        <time>2025-08-15T15:02:19.000Z</time>
        <extensions>
          <ns3:TrackPointExtension>
            <ns3:atemp>33.0</ns3:atemp>
            <ns3:hr>123</ns3:hr>
            <ns3:cad>61</ns3:cad>
          </ns3:TrackPointExtension>
        </extensions>
      </trkpt>
      <trkpt lat="32.02490667812526226043701171875" lon="118.7789968214929103851318359375">
        <ele>14.6000003814697265625</ele>
        <time>2025-08-15T15:02:20.000Z</time>
        <extensions>
          <ns3:TrackPointExtension>
            <ns3:atemp>33.0</ns3:atemp>
            <ns3:hr>123</ns3:hr>
            <ns3:cad>61</ns3:cad>
          </ns3:TrackPointExtension>
        </extensions>
      </trkpt>
      <trkpt lat="32.02491112053394317626953125" lon="118.77898315899074077606201171875">
        <ele>14.6000003814697265625</ele>
        <time>2025-08-15T15:02:21.000Z</time>
        <extensions>
          <ns3:TrackPointExtension>
            <ns3:atemp>33.0</ns3:atemp>
            <ns3:hr>123</ns3:hr>
            <ns3:cad>61</ns3:cad>
          </ns3:TrackPointExtension>
        </extensions>
      </trkpt>
      <trkpt lat="32.02491489239037036895751953125" lon="118.7789673171937465667724609375">
        <ele>14.6000003814697265625</ele>
        <time>2025-08-15T15:02:22.000Z</time>
        <extensions>
          <ns3:TrackPointExtension>
            <ns3:atemp>33.0</ns3:atemp>
            <ns3:hr>123</ns3:hr>
            <ns3:cad>61</ns3:cad>
          </ns3:TrackPointExtension>
        </extensions>
      </trkpt>
      <trkpt lat="32.0249153114855289459228515625" lon="118.7789547443389892578125">
        <ele>14.6000003814697265625</ele>
        <time>2025-08-15T15:02:23.000Z</time>
        <extensions>
          <ns3:TrackPointExtension>
            <ns3:atemp>33.0</ns3:atemp>
            <ns3:hr>123</ns3:hr>
            <ns3:cad>61</ns3:cad>
          </ns3:TrackPointExtension>
        </extensions>
      </trkpt>
      <trkpt lat="32.02491975389420986175537109375" lon="118.778943009674549102783203125">
        <ele>14.6000003814697265625</ele>
        <time>2025-08-15T15:02:24.000Z</time>
        <extensions>
          <ns3:TrackPointExtension>
            <ns3:atemp>33.0</ns3:atemp>
            <ns3:hr>123</ns3:hr>
            <ns3:cad>61</ns3:cad>
          </ns3:TrackPointExtension>
        </extensions>
      </trkpt>
      <trkpt lat="32.0249246992170810699462890625" lon="118.778930939733982086181640625">
        <ele>14.6000003814697265625</ele>
        <time>2025-08-15T15:02:25.000Z</time>
        <extensions>
          <ns3:TrackPointExtension>
            <ns3:atemp>33.0</ns3:atemp>
            <ns3:hr>123</ns3:hr>
            <ns3:cad>61</ns3:cad>
          </ns3:TrackPointExtension>
        </extensions>
      </trkpt>
      <trkpt lat="32.02492880634963512420654296875" lon="118.778919875621795654296875">
        <ele>14.6000003814697265625</ele>
        <time>2025-08-15T15:02:26.000Z</time>
        <extensions>
          <ns3:TrackPointExtension>
            <ns3:atemp>33.0</ns3:atemp>
            <ns3:hr>124</ns3:hr>
            <ns3:cad>61</ns3:cad>
          </ns3:TrackPointExtension>
        </extensions>
      </trkpt>
      <trkpt lat="32.0249297283589839935302734375" lon="118.7789069674909114837646484375">
        <ele>14.6000003814697265625</ele>
        <time>2025-08-15T15:02:27.000Z</time>
        <extensions>
          <ns3:TrackPointExtension>
            <ns3:atemp>33.0</ns3:atemp>
            <ns3:hr>124</ns3:hr>
            <ns3:cad>61</ns3:cad>
          </ns3:TrackPointExtension>
        </extensions>
      </trkpt>
      <trkpt lat="32.024934925138950347900390625" lon="118.77889447845518589019775390625">
        <ele>14.80000019073486328125</ele>
        <time>2025-08-15T15:02:28.000Z</time>
        <extensions>
          <ns3:TrackPointExtension>
            <ns3:atemp>33.0</ns3:atemp>
            <ns3:hr>124</ns3:hr>
            <ns3:cad>61</ns3:cad>
          </ns3:TrackPointExtension>
        </extensions>
      </trkpt>
      <trkpt lat="32.02493886463344097137451171875" lon="118.77888207323849201202392578125">
        <ele>14.80000019073486328125</ele>
        <time>2025-08-15T15:02:29.000Z</time>
        <extensions>
          <ns3:TrackPointExtension>
            <ns3:atemp>33.0</ns3:atemp>
            <ns3:hr>123</ns3:hr>
            <ns3:cad>61</ns3:cad>
          </ns3:TrackPointExtension>
        </extensions>
      </trkpt>
      <trkpt lat="32.02494422905147075653076171875" lon="118.778865896165370941162109375">
        <ele>14.80000019073486328125</ele>
        <time>2025-08-15T15:02:30.000Z</time>
        <extensions>
          <ns3:TrackPointExtension>
            <ns3:atemp>33.0</ns3:atemp>
            <ns3:hr>123</ns3:hr>
            <ns3:cad>61</ns3:cad>
          </ns3:TrackPointExtension>
        </extensions>
      </trkpt>
      <trkpt lat="32.02494733035564422607421875" lon="118.77885072492063045501708984375">
        <ele>14.80000019073486328125</ele>
        <time>2025-08-15T15:02:31.000Z</time>
        <extensions>
          <ns3:TrackPointExtension>
            <ns3:atemp>33.0</ns3:atemp>
            <ns3:hr>123</ns3:hr>
            <ns3:cad>61</ns3:cad>
          </ns3:TrackPointExtension>
        </extensions>
      </trkpt>
      <trkpt lat="32.02494976110756397247314453125" lon="118.7788327038288116455078125">
        <ele>14.80000019073486328125</ele>
        <time>2025-08-15T15:02:32.000Z</time>
        <extensions>
          <ns3:TrackPointExtension>
            <ns3:atemp>33.0</ns3:atemp>
            <ns3:hr>123</ns3:hr>
            <ns3:cad>61</ns3:cad>
          </ns3:TrackPointExtension>
        </extensions>
      </trkpt>
      <trkpt lat="32.02495462261140346527099609375" lon="118.7788174487650394439697265625">
        <ele>14.80000019073486328125</ele>
        <time>2025-08-15T15:02:33.000Z</time>
        <extensions>
          <ns3:TrackPointExtension>
            <ns3:atemp>33.0</ns3:atemp>
            <ns3:hr>123</ns3:hr>
            <ns3:cad>60</ns3:cad>
          </ns3:TrackPointExtension>
        </extensions>
      </trkpt>
      <trkpt lat="32.02495847828686237335205078125" lon="118.77880294807255268096923828125">
        <ele>14.80000019073486328125</ele>
        <time>2025-08-15T15:02:34.000Z</time>
        <extensions>
          <ns3:TrackPointExtension>
            <ns3:atemp>33.0</ns3:atemp>
            <ns3:hr>123</ns3:hr>
            <ns3:cad>59</ns3:cad>
          </ns3:TrackPointExtension>
        </extensions>
      </trkpt>
      <trkpt lat="32.02496434561908245086669921875" lon="118.7787859328091144561767578125">
        <ele>14.80000019073486328125</ele>
        <time>2025-08-15T15:02:35.000Z</time>
        <extensions>
          <ns3:TrackPointExtension>
            <ns3:atemp>33.0</ns3:atemp>
            <ns3:hr>123</ns3:hr>
            <ns3:cad>59</ns3:cad>
          </ns3:TrackPointExtension>
        </extensions>
      </trkpt>
      <trkpt lat="32.024972140789031982421875" lon="118.77876573242247104644775390625">
        <ele>14.80000019073486328125</ele>
        <time>2025-08-15T15:02:36.000Z</time>
        <extensions>
          <ns3:TrackPointExtension>
            <ns3:atemp>33.0</ns3:atemp>
            <ns3:hr>123</ns3:hr>
            <ns3:cad>59</ns3:cad>
          </ns3:TrackPointExtension>
        </extensions>
      </trkpt>
      <trkpt lat="32.0249788463115692138671875" lon="118.77874846570193767547607421875">
        <ele>14.80000019073486328125</ele>
        <time>2025-08-15T15:02:37.000Z</time>
        <extensions>
          <ns3:TrackPointExtension>
            <ns3:atemp>33.0</ns3:atemp>
            <ns3:hr>122</ns3:hr>
            <ns3:cad>60</ns3:cad>
          </ns3:TrackPointExtension>
        </extensions>
      </trkpt>
      <trkpt lat="32.0249853841960430145263671875" lon="118.7787353061139583587646484375">
        <ele>14.80000019073486328125</ele>
        <time>2025-08-15T15:02:38.000Z</time>
        <extensions>
          <ns3:TrackPointExtension>
            <ns3:atemp>33.0</ns3:atemp>
            <ns3:hr>122</ns3:hr>
            <ns3:cad>61</ns3:cad>
          </ns3:TrackPointExtension>
        </extensions>
      </trkpt>
      <trkpt lat="32.02499284408986568450927734375" lon="118.77872080542147159576416015625">
        <ele>14.80000019073486328125</ele>
        <time>2025-08-15T15:02:39.000Z</time>
        <extensions>
          <ns3:TrackPointExtension>
            <ns3:atemp>33.0</ns3:atemp>
            <ns3:hr>122</ns3:hr>
            <ns3:cad>61</ns3:cad>
          </ns3:TrackPointExtension>
        </extensions>
      </trkpt>
      <trkpt lat="32.02500239945948123931884765625" lon="118.77870772965252399444580078125">
        <ele>14.80000019073486328125</ele>
        <time>2025-08-15T15:02:40.000Z</time>
        <extensions>
          <ns3:TrackPointExtension>
            <ns3:atemp>33.0</ns3:atemp>
            <ns3:hr>122</ns3:hr>
            <ns3:cad>62</ns3:cad>
          </ns3:TrackPointExtension>
        </extensions>
      </trkpt>
      <trkpt lat="32.02501413412392139434814453125" lon="118.7786932289600372314453125">
        <ele>14.80000019073486328125</ele>
        <time>2025-08-15T15:02:41.000Z</time>
        <extensions>
          <ns3:TrackPointExtension>
            <ns3:atemp>33.0</ns3:atemp>
            <ns3:hr>122</ns3:hr>
            <ns3:cad>62</ns3:cad>
          </ns3:TrackPointExtension>
        </extensions>
      </trkpt>
      <trkpt lat="32.0250286348164081573486328125" lon="118.7786757946014404296875">
        <ele>14.6000003814697265625</ele>
        <time>2025-08-15T15:02:42.000Z</time>
        <extensions>
          <ns3:TrackPointExtension>
            <ns3:atemp>33.0</ns3:atemp>
            <ns3:hr>122</ns3:hr>
            <ns3:cad>62</ns3:cad>
          </ns3:TrackPointExtension>
        </extensions>
      </trkpt>
      <trkpt lat="32.02504657208919525146484375" lon="118.77865861169993877410888671875">
        <ele>14.6000003814697265625</ele>
        <time>2025-08-15T15:02:43.000Z</time>
        <extensions>
          <ns3:TrackPointExtension>
            <ns3:atemp>33.0</ns3:atemp>
            <ns3:hr>121</ns3:hr>
            <ns3:cad>62</ns3:cad>
          </ns3:TrackPointExtension>
        </extensions>
      </trkpt>
      <trkpt lat="32.02506476081907749176025390625" lon="118.7786407582461833953857421875">
        <ele>14.6000003814697265625</ele>
        <time>2025-08-15T15:02:44.000Z</time>
        <extensions>
          <ns3:TrackPointExtension>
            <ns3:atemp>33.0</ns3:atemp>
            <ns3:hr>121</ns3:hr>
            <ns3:cad>62</ns3:cad>
          </ns3:TrackPointExtension>
        </extensions>
      </trkpt>
      <trkpt lat="32.025082111358642578125" lon="118.77861837856471538543701171875">
        <ele>14.6000003814697265625</ele>
        <time>2025-08-15T15:02:45.000Z</time>
        <extensions>
          <ns3:TrackPointExtension>
            <ns3:atemp>33.0</ns3:atemp>
            <ns3:hr>121</ns3:hr>
            <ns3:cad>63</ns3:cad>
          </ns3:TrackPointExtension>
        </extensions>
      </trkpt>
      <trkpt lat="32.0250997133553028106689453125" lon="118.77860463224351406097412109375">
        <ele>14.3999996185302734375</ele>
        <time>2025-08-15T15:02:46.000Z</time>
        <extensions>
          <ns3:TrackPointExtension>
            <ns3:atemp>33.0</ns3:atemp>
            <ns3:hr>121</ns3:hr>
            <ns3:cad>79</ns3:cad>
          </ns3:TrackPointExtension>
        </extensions>
      </trkpt>
      <trkpt lat="32.0251183211803436279296875" lon="118.77859272994101047515869140625">
        <ele>14.3999996185302734375</ele>
        <time>2025-08-15T15:02:47.000Z</time>
        <extensions>
          <ns3:TrackPointExtension>
            <ns3:atemp>33.0</ns3:atemp>
            <ns3:hr>121</ns3:hr>
            <ns3:cad>79</ns3:cad>
          </ns3:TrackPointExtension>
        </extensions>
      </trkpt>
      <trkpt lat="32.02513374388217926025390625" lon="118.77857965417206287384033203125">
        <ele>14.3999996185302734375</ele>
        <time>2025-08-15T15:02:48.000Z</time>
        <extensions>
          <ns3:TrackPointExtension>
            <ns3:atemp>33.0</ns3:atemp>
            <ns3:hr>121</ns3:hr>
            <ns3:cad>73</ns3:cad>
          </ns3:TrackPointExtension>
        </extensions>
      </trkpt>
      <trkpt lat="32.0251513458788394927978515625" lon="118.778564818203449249267578125">
        <ele>14.3999996185302734375</ele>
        <time>2025-08-15T15:02:49.000Z</time>
        <extensions>
          <ns3:TrackPointExtension>
            <ns3:atemp>33.0</ns3:atemp>
            <ns3:hr>121</ns3:hr>
            <ns3:cad>0</ns3:cad>
          </ns3:TrackPointExtension>
        </extensions>
      </trkpt>
      <trkpt lat="32.02516936697065830230712890625" lon="118.77854981459677219390869140625">
        <ele>14.6000003814697265625</ele>
        <time>2025-08-15T15:02:50.000Z</time>
        <extensions>
          <ns3:TrackPointExtension>
            <ns3:atemp>33.0</ns3:atemp>
            <ns3:hr>121</ns3:hr>
            <ns3:cad>0</ns3:cad>
          </ns3:TrackPointExtension>
        </extensions>
      </trkpt>
      <trkpt lat="32.02518579550087451934814453125" lon="118.77853673882782459259033203125">
        <ele>14.6000003814697265625</ele>
        <time>2025-08-15T15:02:51.000Z</time>
        <extensions>
          <ns3:TrackPointExtension>
            <ns3:atemp>33.0</ns3:atemp>
            <ns3:hr>121</ns3:hr>
            <ns3:cad>0</ns3:cad>
          </ns3:TrackPointExtension>
        </extensions>
      </trkpt>
      <trkpt lat="32.0252026431262493133544921875" lon="118.77852399833500385284423828125">
        <ele>14.3999996185302734375</ele>
        <time>2025-08-15T15:02:52.000Z</time>
        <extensions>
          <ns3:TrackPointExtension>
            <ns3:atemp>33.0</ns3:atemp>
            <ns3:hr>121</ns3:hr>
            <ns3:cad>65</ns3:cad>
          </ns3:TrackPointExtension>
        </extensions>
      </trkpt>
      <trkpt lat="32.0252163894474506378173828125" lon="118.7785120122134685516357421875">
        <ele>14.6000003814697265625</ele>
        <time>2025-08-15T15:02:53.000Z</time>
        <extensions>
          <ns3:TrackPointExtension>
            <ns3:atemp>33.0</ns3:atemp>
            <ns3:hr>121</ns3:hr>
            <ns3:cad>65</ns3:cad>
          </ns3:TrackPointExtension>
        </extensions>
      </trkpt>
      <trkpt lat="32.025229968130588531494140625" lon="118.77849751152098178863525390625">
        <ele>14.6000003814697265625</ele>
        <time>2025-08-15T15:02:54.000Z</time>
        <extensions>
          <ns3:TrackPointExtension>
            <ns3:atemp>33.0</ns3:atemp>
            <ns3:hr>122</ns3:hr>
            <ns3:cad>63</ns3:cad>
          </ns3:TrackPointExtension>
        </extensions>
      </trkpt>
      <trkpt lat="32.0252422057092189788818359375" lon="118.7784828431904315948486328125">
        <ele>14.6000003814697265625</ele>
        <time>2025-08-15T15:02:55.000Z</time>
        <extensions>
          <ns3:TrackPointExtension>
            <ns3:atemp>33.0</ns3:atemp>
            <ns3:hr>123</ns3:hr>
            <ns3:cad>63</ns3:cad>
          </ns3:TrackPointExtension>
        </extensions>
      </trkpt>
      <trkpt lat="32.02525234781205654144287109375" lon="118.77846817485988140106201171875">
        <ele>14.6000003814697265625</ele>
        <time>2025-08-15T15:02:56.000Z</time>
        <extensions>
          <ns3:TrackPointExtension>
            <ns3:atemp>33.0</ns3:atemp>
            <ns3:hr>124</ns3:hr>
            <ns3:cad>63</ns3:cad>
          </ns3:TrackPointExtension>
        </extensions>
      </trkpt>
      <trkpt lat="32.025260142982006072998046875" lon="118.77845224924385547637939453125">
        <ele>14.6000003814697265625</ele>
        <time>2025-08-15T15:02:57.000Z</time>
        <extensions>
          <ns3:TrackPointExtension>
            <ns3:atemp>33.0</ns3:atemp>
            <ns3:hr>124</ns3:hr>
            <ns3:cad>63</ns3:cad>
          </ns3:TrackPointExtension>
        </extensions>
      </trkpt>
      <trkpt lat="32.02526592649519443511962890625" lon="118.7784365750849246978759765625">
        <ele>14.6000003814697265625</ele>
        <time>2025-08-15T15:02:58.000Z</time>
        <extensions>
          <ns3:TrackPointExtension>
            <ns3:atemp>33.0</ns3:atemp>
            <ns3:hr>126</ns3:hr>
            <ns3:cad>63</ns3:cad>
          </ns3:TrackPointExtension>
        </extensions>
      </trkpt>
      <trkpt lat="32.025272883474826812744140625" lon="118.7784201465547084808349609375">
        <ele>14.6000003814697265625</ele>
        <time>2025-08-15T15:02:59.000Z</time>
        <extensions>
          <ns3:TrackPointExtension>
            <ns3:atemp>33.0</ns3:atemp>
            <ns3:hr>127</ns3:hr>
            <ns3:cad>63</ns3:cad>
          </ns3:TrackPointExtension>
        </extensions>
      </trkpt>
      <trkpt lat="32.02528000809252262115478515625" lon="118.77840447239577770233154296875">
        <ele>14.6000003814697265625</ele>
        <time>2025-08-15T15:03:00.000Z</time>
        <extensions>
          <ns3:TrackPointExtension>
            <ns3:atemp>33.0</ns3:atemp>
            <ns3:hr>128</ns3:hr>
            <ns3:cad>62</ns3:cad>
          </ns3:TrackPointExtension>
        </extensions>
      </trkpt>
      <trkpt lat="32.0252871327102184295654296875" lon="118.77838737331330776214599609375">
        <ele>14.6000003814697265625</ele>
        <time>2025-08-15T15:03:01.000Z</time>
        <extensions>
          <ns3:TrackPointExtension>
            <ns3:atemp>33.0</ns3:atemp>
            <ns3:hr>128</ns3:hr>
            <ns3:cad>62</ns3:cad>
          </ns3:TrackPointExtension>
        </extensions>
      </trkpt>
      <trkpt lat="32.02529601752758026123046875" lon="118.7783713638782501220703125">
        <ele>14.80000019073486328125</ele>
        <time>2025-08-15T15:03:02.000Z</time>
        <extensions>
          <ns3:TrackPointExtension>
            <ns3:atemp>33.0</ns3:atemp>
            <ns3:hr>128</ns3:hr>
            <ns3:cad>62</ns3:cad>
          </ns3:TrackPointExtension>
        </extensions>
      </trkpt>
      <trkpt lat="32.025303728878498077392578125" lon="118.7783557735383510589599609375">
        <ele>14.80000019073486328125</ele>
        <time>2025-08-15T15:03:03.000Z</time>
        <extensions>
          <ns3:TrackPointExtension>
            <ns3:atemp>33.0</ns3:atemp>
            <ns3:hr>129</ns3:hr>
            <ns3:cad>61</ns3:cad>
          </ns3:TrackPointExtension>
        </extensions>
      </trkpt>
      <trkpt lat="32.02531085349619388580322265625" lon="118.778339512646198272705078125">
        <ele>14.80000019073486328125</ele>
        <time>2025-08-15T15:03:04.000Z</time>
        <extensions>
          <ns3:TrackPointExtension>
            <ns3:atemp>33.0</ns3:atemp>
            <ns3:hr>129</ns3:hr>
            <ns3:cad>61</ns3:cad>
          </ns3:TrackPointExtension>
        </extensions>
      </trkpt>
      <trkpt lat="32.02531822957098484039306640625" lon="118.7783235870301723480224609375">
        <ele>14.80000019073486328125</ele>
        <time>2025-08-15T15:03:05.000Z</time>
        <extensions>
          <ns3:TrackPointExtension>
            <ns3:atemp>33.0</ns3:atemp>
            <ns3:hr>129</ns3:hr>
            <ns3:cad>60</ns3:cad>
          </ns3:TrackPointExtension>
        </extensions>
      </trkpt>
      <trkpt lat="32.02532594092190265655517578125" lon="118.778310008347034454345703125">
        <ele>14.80000019073486328125</ele>
        <time>2025-08-15T15:03:06.000Z</time>
        <extensions>
          <ns3:TrackPointExtension>
            <ns3:atemp>33.0</ns3:atemp>
            <ns3:hr>129</ns3:hr>
            <ns3:cad>60</ns3:cad>
          </ns3:TrackPointExtension>
        </extensions>
      </trkpt>
      <trkpt lat="32.02533197589218616485595703125" lon="118.77829584293067455291748046875">
        <ele>14.80000019073486328125</ele>
        <time>2025-08-15T15:03:07.000Z</time>
        <extensions>
          <ns3:TrackPointExtension>
            <ns3:atemp>33.0</ns3:atemp>
            <ns3:hr>129</ns3:hr>
            <ns3:cad>61</ns3:cad>
          </ns3:TrackPointExtension>
        </extensions>
      </trkpt>
      <trkpt lat="32.02533625066280364990234375" lon="118.77828218042850494384765625">
        <ele>14.80000019073486328125</ele>
        <time>2025-08-15T15:03:08.000Z</time>
        <extensions>
          <ns3:TrackPointExtension>
            <ns3:atemp>33.0</ns3:atemp>
            <ns3:hr>130</ns3:hr>
            <ns3:cad>61</ns3:cad>
          </ns3:TrackPointExtension>
        </extensions>
      </trkpt>
      <trkpt lat="32.02534169889986515045166015625" lon="118.77826801501214504241943359375">
        <ele>15</ele>
        <time>2025-08-15T15:03:09.000Z</time>
        <extensions>
          <ns3:TrackPointExtension>
            <ns3:atemp>33.0</ns3:atemp>
            <ns3:hr>129</ns3:hr>
            <ns3:cad>60</ns3:cad>
          </ns3:TrackPointExtension>
        </extensions>
      </trkpt>
      <trkpt lat="32.02534832060337066650390625" lon="118.77825376577675342559814453125">
        <ele>15</ele>
        <time>2025-08-15T15:03:10.000Z</time>
        <extensions>
          <ns3:TrackPointExtension>
            <ns3:atemp>33.0</ns3:atemp>
            <ns3:hr>129</ns3:hr>
            <ns3:cad>60</ns3:cad>
          </ns3:TrackPointExtension>
        </extensions>
      </trkpt>
      <trkpt lat="32.02535578049719333648681640625" lon="118.778240270912647247314453125">
        <ele>15</ele>
        <time>2025-08-15T15:03:11.000Z</time>
        <extensions>
          <ns3:TrackPointExtension>
            <ns3:atemp>33.0</ns3:atemp>
            <ns3:hr>130</ns3:hr>
            <ns3:cad>60</ns3:cad>
          </ns3:TrackPointExtension>
        </extensions>
      </trkpt>
      <trkpt lat="32.0253649167716503143310546875" lon="118.77822526730597019195556640625">
        <ele>15</ele>
        <time>2025-08-15T15:03:12.000Z</time>
        <extensions>
          <ns3:TrackPointExtension>
            <ns3:atemp>33.0</ns3:atemp>
            <ns3:hr>129</ns3:hr>
            <ns3:cad>60</ns3:cad>
          </ns3:TrackPointExtension>
        </extensions>
      </trkpt>
      <trkpt lat="32.0253732986748218536376953125" lon="118.7782099284231662750244140625">
        <ele>15</ele>
        <time>2025-08-15T15:03:13.000Z</time>
        <extensions>
          <ns3:TrackPointExtension>
            <ns3:atemp>33.0</ns3:atemp>
            <ns3:hr>129</ns3:hr>
            <ns3:cad>60</ns3:cad>
          </ns3:TrackPointExtension>
        </extensions>
      </trkpt>
      <trkpt lat="32.0253813453018665313720703125" lon="118.7781945057213306427001953125">
        <ele>15</ele>
        <time>2025-08-15T15:03:14.000Z</time>
        <extensions>
          <ns3:TrackPointExtension>
            <ns3:atemp>33.0</ns3:atemp>
            <ns3:hr>130</ns3:hr>
            <ns3:cad>60</ns3:cad>
          </ns3:TrackPointExtension>
        </extensions>
      </trkpt>
      <trkpt lat="32.02538830228149890899658203125" lon="118.77818000502884387969970703125">
        <ele>15</ele>
        <time>2025-08-15T15:03:15.000Z</time>
        <extensions>
          <ns3:TrackPointExtension>
            <ns3:atemp>33.0</ns3:atemp>
            <ns3:hr>129</ns3:hr>
            <ns3:cad>60</ns3:cad>
          </ns3:TrackPointExtension>
        </extensions>
      </trkpt>
      <trkpt lat="32.025394923985004425048828125" lon="118.7781650014221668243408203125">
        <ele>15</ele>
        <time>2025-08-15T15:03:16.000Z</time>
        <extensions>
          <ns3:TrackPointExtension>
            <ns3:atemp>33.0</ns3:atemp>
            <ns3:hr>129</ns3:hr>
            <ns3:cad>60</ns3:cad>
          </ns3:TrackPointExtension>
        </extensions>
      </trkpt>
      <trkpt lat="32.02540062367916107177734375" lon="118.77814915962517261505126953125">
        <ele>15</ele>
        <time>2025-08-15T15:03:17.000Z</time>
        <extensions>
          <ns3:TrackPointExtension>
            <ns3:atemp>33.0</ns3:atemp>
            <ns3:hr>129</ns3:hr>
            <ns3:cad>60</ns3:cad>
          </ns3:TrackPointExtension>
        </extensions>
      </trkpt>
      <trkpt lat="32.02540741302073001861572265625" lon="118.77813398838043212890625">
        <ele>14.80000019073486328125</ele>
        <time>2025-08-15T15:03:18.000Z</time>
        <extensions>
          <ns3:TrackPointExtension>
            <ns3:atemp>33.0</ns3:atemp>
            <ns3:hr>129</ns3:hr>
            <ns3:cad>60</ns3:cad>
          </ns3:TrackPointExtension>
        </extensions>
      </trkpt>
      <trkpt lat="32.0254135318100452423095703125" lon="118.77812015824019908905029296875">
        <ele>14.80000019073486328125</ele>
        <time>2025-08-15T15:03:19.000Z</time>
        <extensions>
          <ns3:TrackPointExtension>
            <ns3:atemp>33.0</ns3:atemp>
            <ns3:hr>128</ns3:hr>
            <ns3:cad>60</ns3:cad>
          </ns3:TrackPointExtension>
        </extensions>
      </trkpt>
      <trkpt lat="32.0254188962280750274658203125" lon="118.7781059928238391876220703125">
        <ele>14.80000019073486328125</ele>
        <time>2025-08-15T15:03:20.000Z</time>
        <extensions>
          <ns3:TrackPointExtension>
            <ns3:atemp>33.0</ns3:atemp>
            <ns3:hr>128</ns3:hr>
            <ns3:cad>60</ns3:cad>
          </ns3:TrackPointExtension>
        </extensions>
      </trkpt>
      <trkpt lat="32.02542350627481937408447265625" lon="118.77809233032166957855224609375">
        <ele>14.80000019073486328125</ele>
        <time>2025-08-15T15:03:21.000Z</time>
        <extensions>
          <ns3:TrackPointExtension>
            <ns3:atemp>33.0</ns3:atemp>
            <ns3:hr>128</ns3:hr>
            <ns3:cad>60</ns3:cad>
          </ns3:TrackPointExtension>
        </extensions>
      </trkpt>
      <trkpt lat="32.0254276134073734283447265625" lon="118.77807975746691226959228515625">
        <ele>14.80000019073486328125</ele>
        <time>2025-08-15T15:03:22.000Z</time>
        <extensions>
          <ns3:TrackPointExtension>
            <ns3:atemp>33.0</ns3:atemp>
            <ns3:hr>127</ns3:hr>
            <ns3:cad>60</ns3:cad>
          </ns3:TrackPointExtension>
        </extensions>
      </trkpt>
      <trkpt lat="32.0254319719970226287841796875" lon="118.7780682742595672607421875">
        <ele>14.80000019073486328125</ele>
        <time>2025-08-15T15:03:23.000Z</time>
        <extensions>
          <ns3:TrackPointExtension>
            <ns3:atemp>33.0</ns3:atemp>
            <ns3:hr>127</ns3:hr>
            <ns3:cad>60</ns3:cad>
          </ns3:TrackPointExtension>
        </extensions>
      </trkpt>
      <trkpt lat="32.02543658204376697540283203125" lon="118.7780573777854442596435546875">
        <ele>14.80000019073486328125</ele>
        <time>2025-08-15T15:03:24.000Z</time>
        <extensions>
          <ns3:TrackPointExtension>
            <ns3:atemp>33.0</ns3:atemp>
            <ns3:hr>127</ns3:hr>
            <ns3:cad>60</ns3:cad>
          </ns3:TrackPointExtension>
        </extensions>
      </trkpt>
      <trkpt lat="32.0254423655569553375244140625" lon="118.77804639749228954315185546875">
        <ele>14.80000019073486328125</ele>
        <time>2025-08-15T15:03:25.000Z</time>
        <extensions>
          <ns3:TrackPointExtension>
            <ns3:atemp>33.0</ns3:atemp>
            <ns3:hr>127</ns3:hr>
            <ns3:cad>60</ns3:cad>
          </ns3:TrackPointExtension>
        </extensions>
      </trkpt>
      <trkpt lat="32.0254480652511119842529296875" lon="118.77803399227559566497802734375">
        <ele>14.80000019073486328125</ele>
        <time>2025-08-15T15:03:26.000Z</time>
        <extensions>
          <ns3:TrackPointExtension>
            <ns3:atemp>33.0</ns3:atemp>
            <ns3:hr>127</ns3:hr>
            <ns3:cad>59</ns3:cad>
          </ns3:TrackPointExtension>
        </extensions>
      </trkpt>
      <trkpt lat="32.02545234002172946929931640625" lon="118.77802192233502864837646484375">
        <ele>14.80000019073486328125</ele>
        <time>2025-08-15T15:03:27.000Z</time>
        <extensions>
          <ns3:TrackPointExtension>
            <ns3:atemp>33.0</ns3:atemp>
            <ns3:hr>127</ns3:hr>
            <ns3:cad>59</ns3:cad>
          </ns3:TrackPointExtension>
        </extensions>
      </trkpt>
      <trkpt lat="32.02545770443975925445556640625" lon="118.778007924556732177734375">
        <ele>15</ele>
        <time>2025-08-15T15:03:28.000Z</time>
        <extensions>
          <ns3:TrackPointExtension>
            <ns3:atemp>33.0</ns3:atemp>
            <ns3:hr>126</ns3:hr>
            <ns3:cad>59</ns3:cad>
          </ns3:TrackPointExtension>
        </extensions>
      </trkpt>
      <trkpt lat="32.0254648290574550628662109375" lon="118.777992837131023406982421875">
        <ele>15</ele>
        <time>2025-08-15T15:03:29.000Z</time>
        <extensions>
          <ns3:TrackPointExtension>
            <ns3:atemp>33.0</ns3:atemp>
            <ns3:hr>126</ns3:hr>
            <ns3:cad>59</ns3:cad>
          </ns3:TrackPointExtension>
        </extensions>
      </trkpt>
      <trkpt lat="32.02547170221805572509765625" lon="118.777978084981441497802734375">
        <ele>15</ele>
        <time>2025-08-15T15:03:30.000Z</time>
        <extensions>
          <ns3:TrackPointExtension>
            <ns3:atemp>33.0</ns3:atemp>
            <ns3:hr>126</ns3:hr>
            <ns3:cad>59</ns3:cad>
          </ns3:TrackPointExtension>
        </extensions>
      </trkpt>
      <trkpt lat="32.0254790782928466796875" lon="118.77796241082251071929931640625">
        <ele>15</ele>
        <time>2025-08-15T15:03:31.000Z</time>
        <extensions>
          <ns3:TrackPointExtension>
            <ns3:atemp>33.0</ns3:atemp>
            <ns3:hr>125</ns3:hr>
            <ns3:cad>59</ns3:cad>
          </ns3:TrackPointExtension>
        </extensions>
      </trkpt>
      <trkpt lat="32.0254866220057010650634765625" lon="118.77794782631099224090576171875">
        <ele>15</ele>
        <time>2025-08-15T15:03:32.000Z</time>
        <extensions>
          <ns3:TrackPointExtension>
            <ns3:atemp>33.0</ns3:atemp>
            <ns3:hr>125</ns3:hr>
            <ns3:cad>59</ns3:cad>
          </ns3:TrackPointExtension>
        </extensions>
      </trkpt>
      <trkpt lat="32.02549391426146030426025390625" lon="118.77793357707560062408447265625">
        <ele>15</ele>
        <time>2025-08-15T15:03:33.000Z</time>
        <extensions>
          <ns3:TrackPointExtension>
            <ns3:atemp>33.0</ns3:atemp>
            <ns3:hr>124</ns3:hr>
            <ns3:cad>59</ns3:cad>
          </ns3:TrackPointExtension>
        </extensions>
      </trkpt>
      <trkpt lat="32.0255005359649658203125" lon="118.77791681326925754547119140625">
        <ele>15</ele>
        <time>2025-08-15T15:03:34.000Z</time>
        <extensions>
          <ns3:TrackPointExtension>
            <ns3:atemp>33.0</ns3:atemp>
            <ns3:hr>124</ns3:hr>
            <ns3:cad>59</ns3:cad>
          </ns3:TrackPointExtension>
        </extensions>
      </trkpt>
      <trkpt lat="32.025506235659122467041015625" lon="118.77790072001516819000244140625">
        <ele>15</ele>
        <time>2025-08-15T15:03:35.000Z</time>
        <extensions>
          <ns3:TrackPointExtension>
            <ns3:atemp>33.0</ns3:atemp>
            <ns3:hr>123</ns3:hr>
            <ns3:cad>59</ns3:cad>
          </ns3:TrackPointExtension>
        </extensions>
      </trkpt>
      <trkpt lat="32.02551151625812053680419921875" lon="118.7778853811323642730712890625">
        <ele>15</ele>
        <time>2025-08-15T15:03:36.000Z</time>
        <extensions>
          <ns3:TrackPointExtension>
            <ns3:atemp>33.0</ns3:atemp>
            <ns3:hr>123</ns3:hr>
            <ns3:cad>60</ns3:cad>
          </ns3:TrackPointExtension>
        </extensions>
      </trkpt>
      <trkpt lat="32.02551662921905517578125" lon="118.777869455516338348388671875">
        <ele>15.19999980926513671875</ele>
        <time>2025-08-15T15:03:37.000Z</time>
        <extensions>
          <ns3:TrackPointExtension>
            <ns3:atemp>33.0</ns3:atemp>
            <ns3:hr>123</ns3:hr>
            <ns3:cad>60</ns3:cad>
          </ns3:TrackPointExtension>
        </extensions>
      </trkpt>
      <trkpt lat="32.02552006579935550689697265625" lon="118.77785428427159786224365234375">
        <ele>15.19999980926513671875</ele>
        <time>2025-08-15T15:03:38.000Z</time>
        <extensions>
          <ns3:TrackPointExtension>
            <ns3:atemp>33.0</ns3:atemp>
            <ns3:hr>123</ns3:hr>
            <ns3:cad>60</ns3:cad>
          </ns3:TrackPointExtension>
        </extensions>
      </trkpt>
      <trkpt lat="32.0255241729319095611572265625" lon="118.77783919684588909149169921875">
        <ele>15.19999980926513671875</ele>
        <time>2025-08-15T15:03:39.000Z</time>
        <extensions>
          <ns3:TrackPointExtension>
            <ns3:atemp>33.0</ns3:atemp>
            <ns3:hr>122</ns3:hr>
            <ns3:cad>60</ns3:cad>
          </ns3:TrackPointExtension>
        </extensions>
      </trkpt>
      <trkpt lat="32.0255305431783199310302734375" lon="118.7778233550488948822021484375">
        <ele>15.19999980926513671875</ele>
        <time>2025-08-15T15:03:40.000Z</time>
        <extensions>
          <ns3:TrackPointExtension>
            <ns3:atemp>33.0</ns3:atemp>
            <ns3:hr>122</ns3:hr>
            <ns3:cad>60</ns3:cad>
          </ns3:TrackPointExtension>
        </extensions>
      </trkpt>
      <trkpt lat="32.0255369134247303009033203125" lon="118.7778082676231861114501953125">
        <ele>15</ele>
        <time>2025-08-15T15:03:41.000Z</time>
        <extensions>
          <ns3:TrackPointExtension>
            <ns3:atemp>33.0</ns3:atemp>
            <ns3:hr>122</ns3:hr>
            <ns3:cad>60</ns3:cad>
          </ns3:TrackPointExtension>
        </extensions>
      </trkpt>
      <trkpt lat="32.02554278075695037841796875" lon="118.77779192291200160980224609375">
        <ele>15</ele>
        <time>2025-08-15T15:03:42.000Z</time>
        <extensions>
          <ns3:TrackPointExtension>
            <ns3:atemp>33.0</ns3:atemp>
            <ns3:hr>123</ns3:hr>
            <ns3:cad>59</ns3:cad>
          </ns3:TrackPointExtension>
        </extensions>
      </trkpt>
      <trkpt lat="32.0255479775369167327880859375" lon="118.77777633257210254669189453125">
        <ele>15</ele>
        <time>2025-08-15T15:03:43.000Z</time>
        <extensions>
          <ns3:TrackPointExtension>
            <ns3:atemp>33.0</ns3:atemp>
            <ns3:hr>123</ns3:hr>
            <ns3:cad>59</ns3:cad>
          </ns3:TrackPointExtension>
        </extensions>
      </trkpt>
      <trkpt lat="32.02555350959300994873046875" lon="118.77776049077510833740234375">
        <ele>15</ele>
        <time>2025-08-15T15:03:44.000Z</time>
        <extensions>
          <ns3:TrackPointExtension>
            <ns3:atemp>33.0</ns3:atemp>
            <ns3:hr>123</ns3:hr>
            <ns3:cad>59</ns3:cad>
          </ns3:TrackPointExtension>
        </extensions>
      </trkpt>
      <trkpt lat="32.02556021511554718017578125" lon="118.7777455709874629974365234375">
        <ele>15</ele>
        <time>2025-08-15T15:03:45.000Z</time>
        <extensions>
          <ns3:TrackPointExtension>
            <ns3:atemp>33.0</ns3:atemp>
            <ns3:hr>123</ns3:hr>
            <ns3:cad>59</ns3:cad>
          </ns3:TrackPointExtension>
        </extensions>
      </trkpt>
      <trkpt lat="32.02556683681905269622802734375" lon="118.7777308188378810882568359375">
        <ele>15</ele>
        <time>2025-08-15T15:03:46.000Z</time>
        <extensions>
          <ns3:TrackPointExtension>
            <ns3:atemp>33.0</ns3:atemp>
            <ns3:hr>123</ns3:hr>
            <ns3:cad>59</ns3:cad>
          </ns3:TrackPointExtension>
        </extensions>
      </trkpt>
      <trkpt lat="32.02557228505611419677734375" lon="118.7777147255837917327880859375">
        <ele>14.80000019073486328125</ele>
        <time>2025-08-15T15:03:47.000Z</time>
        <extensions>
          <ns3:TrackPointExtension>
            <ns3:atemp>33.0</ns3:atemp>
            <ns3:hr>122</ns3:hr>
            <ns3:cad>59</ns3:cad>
          </ns3:TrackPointExtension>
        </extensions>
      </trkpt>
      <trkpt lat="32.02557823620736598968505859375" lon="118.77769787795841693878173828125">
        <ele>14.80000019073486328125</ele>
        <time>2025-08-15T15:03:48.000Z</time>
        <extensions>
          <ns3:TrackPointExtension>
            <ns3:atemp>33.0</ns3:atemp>
            <ns3:hr>122</ns3:hr>
            <ns3:cad>59</ns3:cad>
          </ns3:TrackPointExtension>
        </extensions>
      </trkpt>
      <trkpt lat="32.02558460645377635955810546875" lon="118.77768211998045444488525390625">
        <ele>15</ele>
        <time>2025-08-15T15:03:49.000Z</time>
        <extensions>
          <ns3:TrackPointExtension>
            <ns3:atemp>33.0</ns3:atemp>
            <ns3:hr>121</ns3:hr>
            <ns3:cad>59</ns3:cad>
          </ns3:TrackPointExtension>
        </extensions>
      </trkpt>
      <trkpt lat="32.02559030614793300628662109375" lon="118.7776674516499042510986328125">
        <ele>14.80000019073486328125</ele>
        <time>2025-08-15T15:03:50.000Z</time>
        <extensions>
          <ns3:TrackPointExtension>
            <ns3:atemp>33.0</ns3:atemp>
            <ns3:hr>121</ns3:hr>
            <ns3:cad>60</ns3:cad>
          </ns3:TrackPointExtension>
        </extensions>
      </trkpt>
      <trkpt lat="32.02559516765177249908447265625" lon="118.777654208242893218994140625">
        <ele>15</ele>
        <time>2025-08-15T15:03:51.000Z</time>
        <extensions>
          <ns3:TrackPointExtension>
            <ns3:atemp>33.0</ns3:atemp>
            <ns3:hr>121</ns3:hr>
            <ns3:cad>60</ns3:cad>
          </ns3:TrackPointExtension>
        </extensions>
      </trkpt>
      <trkpt lat="32.02559868805110454559326171875" lon="118.7776416353881359100341796875">
        <ele>15</ele>
        <time>2025-08-15T15:03:52.000Z</time>
        <extensions>
          <ns3:TrackPointExtension>
            <ns3:atemp>33.0</ns3:atemp>
            <ns3:hr>122</ns3:hr>
            <ns3:cad>60</ns3:cad>
          </ns3:TrackPointExtension>
        </extensions>
      </trkpt>
      <trkpt lat="32.02560422010719776153564453125" lon="118.77762503921985626220703125">
        <ele>15</ele>
        <time>2025-08-15T15:03:53.000Z</time>
        <extensions>
          <ns3:TrackPointExtension>
            <ns3:atemp>33.0</ns3:atemp>
            <ns3:hr>123</ns3:hr>
            <ns3:cad>61</ns3:cad>
          </ns3:TrackPointExtension>
        </extensions>
      </trkpt>
      <trkpt lat="32.02561142854392528533935546875" lon="118.77760919742286205291748046875">
        <ele>15</ele>
        <time>2025-08-15T15:03:54.000Z</time>
        <extensions>
          <ns3:TrackPointExtension>
            <ns3:atemp>33.0</ns3:atemp>
            <ns3:hr>123</ns3:hr>
            <ns3:cad>61</ns3:cad>
          </ns3:TrackPointExtension>
        </extensions>
      </trkpt>
      <trkpt lat="32.0256157033145427703857421875" lon="118.77759553492069244384765625">
        <ele>15</ele>
        <time>2025-08-15T15:03:55.000Z</time>
        <extensions>
          <ns3:TrackPointExtension>
            <ns3:atemp>33.0</ns3:atemp>
            <ns3:hr>123</ns3:hr>
            <ns3:cad>61</ns3:cad>
          </ns3:TrackPointExtension>
        </extensions>
      </trkpt>
      <trkpt lat="32.02562031336128711700439453125" lon="118.77758069895207881927490234375">
        <ele>15.19999980926513671875</ele>
        <time>2025-08-15T15:03:56.000Z</time>
        <extensions>
          <ns3:TrackPointExtension>
            <ns3:atemp>33.0</ns3:atemp>
            <ns3:hr>123</ns3:hr>
            <ns3:cad>61</ns3:cad>
          </ns3:TrackPointExtension>
        </extensions>
      </trkpt>
      <trkpt lat="32.02562483958899974822998046875" lon="118.77756494097411632537841796875">
        <ele>15.19999980926513671875</ele>
        <time>2025-08-15T15:03:57.000Z</time>
        <extensions>
          <ns3:TrackPointExtension>
            <ns3:atemp>33.0</ns3:atemp>
            <ns3:hr>123</ns3:hr>
            <ns3:cad>61</ns3:cad>
          </ns3:TrackPointExtension>
        </extensions>
      </trkpt>
      <trkpt lat="32.02563037164509296417236328125" lon="118.77754868008196353912353515625">
        <ele>15.19999980926513671875</ele>
        <time>2025-08-15T15:03:58.000Z</time>
        <extensions>
          <ns3:TrackPointExtension>
            <ns3:atemp>33.0</ns3:atemp>
            <ns3:hr>123</ns3:hr>
            <ns3:cad>62</ns3:cad>
          </ns3:TrackPointExtension>
        </extensions>
      </trkpt>
      <trkpt lat="32.0256358198821544647216796875" lon="118.77753208391368389129638671875">
        <ele>15.19999980926513671875</ele>
        <time>2025-08-15T15:03:59.000Z</time>
        <extensions>
          <ns3:TrackPointExtension>
            <ns3:atemp>33.0</ns3:atemp>
            <ns3:hr>122</ns3:hr>
            <ns3:cad>62</ns3:cad>
          </ns3:TrackPointExtension>
        </extensions>
      </trkpt>
      <trkpt lat="32.025642357766628265380859375" lon="118.77751640975475311279296875">
        <ele>15.19999980926513671875</ele>
        <time>2025-08-15T15:04:00.000Z</time>
        <extensions>
          <ns3:TrackPointExtension>
            <ns3:atemp>33.0</ns3:atemp>
            <ns3:hr>122</ns3:hr>
            <ns3:cad>62</ns3:cad>
          </ns3:TrackPointExtension>
        </extensions>
      </trkpt>
      <trkpt lat="32.025648392736911773681640625" lon="118.777499310672283172607421875">
        <ele>15.19999980926513671875</ele>
        <time>2025-08-15T15:04:01.000Z</time>
        <extensions>
          <ns3:TrackPointExtension>
            <ns3:atemp>33.0</ns3:atemp>
            <ns3:hr>119</ns3:hr>
            <ns3:cad>62</ns3:cad>
          </ns3:TrackPointExtension>
        </extensions>
      </trkpt>
      <trkpt lat="32.0256520807743072509765625" lon="118.77748196013271808624267578125">
        <ele>15.19999980926513671875</ele>
        <time>2025-08-15T15:04:02.000Z</time>
        <extensions>
          <ns3:TrackPointExtension>
            <ns3:atemp>33.0</ns3:atemp>
            <ns3:hr>118</ns3:hr>
            <ns3:cad>62</ns3:cad>
          </ns3:TrackPointExtension>
        </extensions>
      </trkpt>
      <trkpt lat="32.0256576128304004669189453125" lon="118.7774639390408992767333984375">
        <ele>15</ele>
        <time>2025-08-15T15:04:03.000Z</time>
        <extensions>
          <ns3:TrackPointExtension>
            <ns3:atemp>33.0</ns3:atemp>
            <ns3:hr>118</ns3:hr>
            <ns3:cad>61</ns3:cad>
          </ns3:TrackPointExtension>
        </extensions>
      </trkpt>
      <trkpt lat="32.02566322870552539825439453125" lon="118.77744675613939762115478515625">
        <ele>15</ele>
        <time>2025-08-15T15:04:04.000Z</time>
        <extensions>
          <ns3:TrackPointExtension>
            <ns3:atemp>33.0</ns3:atemp>
            <ns3:hr>118</ns3:hr>
            <ns3:cad>61</ns3:cad>
          </ns3:TrackPointExtension>
        </extensions>
      </trkpt>
      <trkpt lat="32.02566892839968204498291015625" lon="118.7774294055998325347900390625">
        <ele>15</ele>
        <time>2025-08-15T15:04:05.000Z</time>
        <extensions>
          <ns3:TrackPointExtension>
            <ns3:atemp>33.0</ns3:atemp>
            <ns3:hr>117</ns3:hr>
            <ns3:cad>60</ns3:cad>
          </ns3:TrackPointExtension>
        </extensions>
      </trkpt>
      <trkpt lat="32.02567462809383869171142578125" lon="118.777414150536060333251953125">
        <ele>15</ele>
        <time>2025-08-15T15:04:06.000Z</time>
        <extensions>
          <ns3:TrackPointExtension>
            <ns3:atemp>33.0</ns3:atemp>
            <ns3:hr>117</ns3:hr>
            <ns3:cad>60</ns3:cad>
          </ns3:TrackPointExtension>
        </extensions>
      </trkpt>
      <trkpt lat="32.02568032778799533843994140625" lon="118.7773972190916538238525390625">
        <ele>15</ele>
        <time>2025-08-15T15:04:07.000Z</time>
        <extensions>
          <ns3:TrackPointExtension>
            <ns3:atemp>33.0</ns3:atemp>
            <ns3:hr>117</ns3:hr>
            <ns3:cad>61</ns3:cad>
          </ns3:TrackPointExtension>
        </extensions>
      </trkpt>
      <trkpt lat="32.02568552456796169281005859375" lon="118.7773817963898181915283203125">
        <ele>15</ele>
        <time>2025-08-15T15:04:08.000Z</time>
        <extensions>
          <ns3:TrackPointExtension>
            <ns3:atemp>33.0</ns3:atemp>
            <ns3:hr>118</ns3:hr>
            <ns3:cad>61</ns3:cad>
          </ns3:TrackPointExtension>
        </extensions>
      </trkpt>
      <trkpt lat="32.02569021843373775482177734375" lon="118.7773687206208705902099609375">
        <ele>15.19999980926513671875</ele>
        <time>2025-08-15T15:04:09.000Z</time>
        <extensions>
          <ns3:TrackPointExtension>
            <ns3:atemp>33.0</ns3:atemp>
            <ns3:hr>118</ns3:hr>
            <ns3:cad>61</ns3:cad>
          </ns3:TrackPointExtension>
        </extensions>
      </trkpt>
      <trkpt lat="32.0256961695849895477294921875" lon="118.77735405229032039642333984375">
        <ele>15.19999980926513671875</ele>
        <time>2025-08-15T15:04:10.000Z</time>
        <extensions>
          <ns3:TrackPointExtension>
            <ns3:atemp>33.0</ns3:atemp>
            <ns3:hr>118</ns3:hr>
            <ns3:cad>61</ns3:cad>
          </ns3:TrackPointExtension>
        </extensions>
      </trkpt>
      <trkpt lat="32.0257018692791461944580078125" lon="118.777337372303009033203125">
        <ele>15.19999980926513671875</ele>
        <time>2025-08-15T15:04:11.000Z</time>
        <extensions>
          <ns3:TrackPointExtension>
            <ns3:atemp>33.0</ns3:atemp>
            <ns3:hr>118</ns3:hr>
            <ns3:cad>61</ns3:cad>
          </ns3:TrackPointExtension>
        </extensions>
      </trkpt>
      <trkpt lat="32.02570748515427112579345703125" lon="118.77732060849666595458984375">
        <ele>15.19999980926513671875</ele>
        <time>2025-08-15T15:04:12.000Z</time>
        <extensions>
          <ns3:TrackPointExtension>
            <ns3:atemp>33.0</ns3:atemp>
            <ns3:hr>118</ns3:hr>
            <ns3:cad>61</ns3:cad>
          </ns3:TrackPointExtension>
        </extensions>
      </trkpt>
      <trkpt lat="32.025714777410030364990234375" lon="118.777300827205181121826171875">
        <ele>15.19999980926513671875</ele>
        <time>2025-08-15T15:04:13.000Z</time>
        <extensions>
          <ns3:TrackPointExtension>
            <ns3:atemp>33.0</ns3:atemp>
            <ns3:hr>117</ns3:hr>
            <ns3:cad>61</ns3:cad>
          </ns3:TrackPointExtension>
        </extensions>
      </trkpt>
      <trkpt lat="32.02572173438966274261474609375" lon="118.77728364430367946624755859375">
        <ele>15.19999980926513671875</ele>
        <time>2025-08-15T15:04:14.000Z</time>
        <extensions>
          <ns3:TrackPointExtension>
            <ns3:atemp>33.0</ns3:atemp>
            <ns3:hr>117</ns3:hr>
            <ns3:cad>61</ns3:cad>
          </ns3:TrackPointExtension>
        </extensions>
      </trkpt>
      <trkpt lat="32.0257298648357391357421875" lon="118.777267970144748687744140625">
        <ele>15.19999980926513671875</ele>
        <time>2025-08-15T15:04:15.000Z</time>
        <extensions>
          <ns3:TrackPointExtension>
            <ns3:atemp>33.0</ns3:atemp>
            <ns3:hr>117</ns3:hr>
            <ns3:cad>61</ns3:cad>
          </ns3:TrackPointExtension>
        </extensions>
      </trkpt>
      <trkpt lat="32.02574822120368480682373046875" lon="118.7772590853273868560791015625">
        <ele>15.19999980926513671875</ele>
        <time>2025-08-15T15:04:16.000Z</time>
        <extensions>
          <ns3:TrackPointExtension>
            <ns3:atemp>33.0</ns3:atemp>
            <ns3:hr>118</ns3:hr>
            <ns3:cad>61</ns3:cad>
          </ns3:TrackPointExtension>
        </extensions>
      </trkpt>
      <trkpt lat="32.02576347626745700836181640625" lon="118.77725087106227874755859375">
        <ele>15.3999996185302734375</ele>
        <time>2025-08-15T15:04:17.000Z</time>
        <extensions>
          <ns3:TrackPointExtension>
            <ns3:atemp>33.0</ns3:atemp>
            <ns3:hr>117</ns3:hr>
            <ns3:cad>61</ns3:cad>
          </ns3:TrackPointExtension>
        </extensions>
      </trkpt>
      <trkpt lat="32.02577906660735607147216796875" lon="118.77725045196712017059326171875">
        <ele>15.3999996185302734375</ele>
        <time>2025-08-15T15:04:18.000Z</time>
        <extensions>
          <ns3:TrackPointExtension>
            <ns3:atemp>33.0</ns3:atemp>
            <ns3:hr>117</ns3:hr>
            <ns3:cad>121</ns3:cad>
          </ns3:TrackPointExtension>
        </extensions>
      </trkpt>
      <trkpt lat="32.02580002136528491973876953125" lon="118.77725246362388134002685546875">
        <ele>15.6000003814697265625</ele>
        <time>2025-08-15T15:04:19.000Z</time>
        <extensions>
          <ns3:TrackPointExtension>
            <ns3:atemp>33.0</ns3:atemp>
            <ns3:hr>117</ns3:hr>
            <ns3:cad>121</ns3:cad>
          </ns3:TrackPointExtension>
        </extensions>
      </trkpt>
      <trkpt lat="32.02582868747413158416748046875" lon="118.77724961377680301666259765625">
        <ele>15.80000019073486328125</ele>
        <time>2025-08-15T15:04:20.000Z</time>
        <extensions>
          <ns3:TrackPointExtension>
            <ns3:atemp>33.0</ns3:atemp>
            <ns3:hr>117</ns3:hr>
            <ns3:cad>121</ns3:cad>
          </ns3:TrackPointExtension>
        </extensions>
      </trkpt>
      <trkpt lat="32.02586062252521514892578125" lon="118.77723854966461658477783203125">
        <ele>15.3999996185302734375</ele>
        <time>2025-08-15T15:04:21.000Z</time>
        <extensions>
          <ns3:TrackPointExtension>
            <ns3:atemp>33.0</ns3:atemp>
            <ns3:hr>117</ns3:hr>
            <ns3:cad>81</ns3:cad>
          </ns3:TrackPointExtension>
        </extensions>
      </trkpt>
      <trkpt lat="32.0258842594921588897705078125" lon="118.7772198580205440521240234375">
        <ele>15.19999980926513671875</ele>
        <time>2025-08-15T15:04:22.000Z</time>
        <extensions>
          <ns3:TrackPointExtension>
            <ns3:atemp>33.0</ns3:atemp>
            <ns3:hr>117</ns3:hr>
            <ns3:cad>81</ns3:cad>
          </ns3:TrackPointExtension>
        </extensions>
      </trkpt>
      <trkpt lat="32.02590865083038806915283203125" lon="118.777200914919376373291015625">
        <ele>15.19999980926513671875</ele>
        <time>2025-08-15T15:04:23.000Z</time>
        <extensions>
          <ns3:TrackPointExtension>
            <ns3:atemp>33.0</ns3:atemp>
            <ns3:hr>117</ns3:hr>
            <ns3:cad>81</ns3:cad>
          </ns3:TrackPointExtension>
        </extensions>
      </trkpt>
      <trkpt lat="32.0259337127208709716796875" lon="118.77717786468565464019775390625">
        <ele>15</ele>
        <time>2025-08-15T15:04:24.000Z</time>
        <extensions>
          <ns3:TrackPointExtension>
            <ns3:atemp>33.0</ns3:atemp>
            <ns3:hr>117</ns3:hr>
            <ns3:cad>81</ns3:cad>
          </ns3:TrackPointExtension>
        </extensions>
      </trkpt>
      <trkpt lat="32.02593781985342502593994140625" lon="118.77713821828365325927734375">
        <ele>14.80000019073486328125</ele>
        <time>2025-08-15T15:04:25.000Z</time>
        <extensions>
          <ns3:TrackPointExtension>
            <ns3:atemp>33.0</ns3:atemp>
            <ns3:hr>117</ns3:hr>
            <ns3:cad>81</ns3:cad>
          </ns3:TrackPointExtension>
        </extensions>
      </trkpt>
      <trkpt lat="32.025953494012355804443359375" lon="118.77710712142288684844970703125">
        <ele>15</ele>
        <time>2025-08-15T15:04:26.000Z</time>
        <extensions>
          <ns3:TrackPointExtension>
            <ns3:atemp>33.0</ns3:atemp>
            <ns3:hr>117</ns3:hr>
            <ns3:cad>81</ns3:cad>
          </ns3:TrackPointExtension>
        </extensions>
      </trkpt>
      <trkpt lat="32.02596933580935001373291015625" lon="118.7770760245621204376220703125">
        <ele>14.80000019073486328125</ele>
        <time>2025-08-15T15:04:27.000Z</time>
        <extensions>
          <ns3:TrackPointExtension>
            <ns3:atemp>33.0</ns3:atemp>
            <ns3:hr>117</ns3:hr>
            <ns3:cad>81</ns3:cad>
          </ns3:TrackPointExtension>
        </extensions>
      </trkpt>
      <trkpt lat="32.025982998311519622802734375" lon="118.777042329311370849609375">
        <ele>14.80000019073486328125</ele>
        <time>2025-08-15T15:04:28.000Z</time>
        <extensions>
          <ns3:TrackPointExtension>
            <ns3:atemp>33.0</ns3:atemp>
            <ns3:hr>117</ns3:hr>
            <ns3:cad>81</ns3:cad>
          </ns3:TrackPointExtension>
        </extensions>
      </trkpt>
      <trkpt lat="32.026005797088146209716796875" lon="118.7770136632025241851806640625">
        <ele>14.80000019073486328125</ele>
        <time>2025-08-15T15:04:29.000Z</time>
        <extensions>
          <ns3:TrackPointExtension>
            <ns3:atemp>33.0</ns3:atemp>
            <ns3:hr>117</ns3:hr>
            <ns3:cad>81</ns3:cad>
          </ns3:TrackPointExtension>
        </extensions>
      </trkpt>
      <trkpt lat="32.026020549237728118896484375" lon="118.77699178643524646759033203125">
        <ele>15</ele>
        <time>2025-08-15T15:04:30.000Z</time>
        <extensions>
          <ns3:TrackPointExtension>
            <ns3:atemp>33.0</ns3:atemp>
            <ns3:hr>117</ns3:hr>
            <ns3:cad>81</ns3:cad>
          </ns3:TrackPointExtension>
        </extensions>
      </trkpt>
      <trkpt lat="32.02604024671018123626708984375" lon="118.77696798183023929595947265625">
        <ele>15</ele>
        <time>2025-08-15T15:04:31.000Z</time>
        <extensions>
          <ns3:TrackPointExtension>
            <ns3:atemp>33.0</ns3:atemp>
            <ns3:hr>119</ns3:hr>
            <ns3:cad>81</ns3:cad>
          </ns3:TrackPointExtension>
        </extensions>
      </trkpt>
      <trkpt lat="32.0260592736303806304931640625" lon="118.7769417464733123779296875">
        <ele>15.19999980926513671875</ele>
        <time>2025-08-15T15:04:32.000Z</time>
        <extensions>
          <ns3:TrackPointExtension>
            <ns3:atemp>33.0</ns3:atemp>
            <ns3:hr>120</ns3:hr>
            <ns3:cad>81</ns3:cad>
          </ns3:TrackPointExtension>
        </extensions>
      </trkpt>
      <trkpt lat="32.026072852313518524169921875" lon="118.776916600763797760009765625">
        <ele>15.19999980926513671875</ele>
        <time>2025-08-15T15:04:33.000Z</time>
        <extensions>
          <ns3:TrackPointExtension>
            <ns3:atemp>33.0</ns3:atemp>
            <ns3:hr>121</ns3:hr>
            <ns3:cad>81</ns3:cad>
          </ns3:TrackPointExtension>
        </extensions>
      </trkpt>
      <trkpt lat="32.02608735300600528717041015625" lon="118.7768916226923465728759765625">
        <ele>15.19999980926513671875</ele>
        <time>2025-08-15T15:04:34.000Z</time>
        <extensions>
          <ns3:TrackPointExtension>
            <ns3:atemp>33.0</ns3:atemp>
            <ns3:hr>122</ns3:hr>
            <ns3:cad>81</ns3:cad>
          </ns3:TrackPointExtension>
        </extensions>
      </trkpt>
      <trkpt lat="32.02609799802303314208984375" lon="118.77686404623091220855712890625">
        <ele>15.19999980926513671875</ele>
        <time>2025-08-15T15:04:35.000Z</time>
        <extensions>
          <ns3:TrackPointExtension>
            <ns3:atemp>33.0</ns3:atemp>
            <ns3:hr>123</ns3:hr>
            <ns3:cad>81</ns3:cad>
          </ns3:TrackPointExtension>
        </extensions>
      </trkpt>
      <trkpt lat="32.0261129178106784820556640625" lon="118.7768282555043697357177734375">
        <ele>15.19999980926513671875</ele>
        <time>2025-08-15T15:04:36.000Z</time>
        <extensions>
          <ns3:TrackPointExtension>
            <ns3:atemp>33.0</ns3:atemp>
            <ns3:hr>124</ns3:hr>
            <ns3:cad>81</ns3:cad>
          </ns3:TrackPointExtension>
        </extensions>
      </trkpt>
      <trkpt lat="32.026120126247406005859375" lon="118.77681056968867778778076171875">
        <ele>15.3999996185302734375</ele>
        <time>2025-08-15T15:04:37.000Z</time>
        <extensions>
          <ns3:TrackPointExtension>
            <ns3:atemp>33.0</ns3:atemp>
            <ns3:hr>125</ns3:hr>
            <ns3:cad>81</ns3:cad>
          </ns3:TrackPointExtension>
        </extensions>
      </trkpt>
      <trkpt lat="32.02612691558897495269775390625" lon="118.7767876870930194854736328125">
        <ele>15.3999996185302734375</ele>
        <time>2025-08-15T15:04:38.000Z</time>
        <extensions>
          <ns3:TrackPointExtension>
            <ns3:atemp>33.0</ns3:atemp>
            <ns3:hr>126</ns3:hr>
            <ns3:cad>80</ns3:cad>
          </ns3:TrackPointExtension>
        </extensions>
      </trkpt>
      <trkpt lat="32.02613697387278079986572265625" lon="118.776766397058963775634765625">
        <ele>15.3999996185302734375</ele>
        <time>2025-08-15T15:04:39.000Z</time>
        <extensions>
          <ns3:TrackPointExtension>
            <ns3:atemp>33.0</ns3:atemp>
            <ns3:hr>127</ns3:hr>
            <ns3:cad>80</ns3:cad>
          </ns3:TrackPointExtension>
        </extensions>
      </trkpt>
      <trkpt lat="32.02614485286176204681396484375" lon="118.77674996852874755859375">
        <ele>15.3999996185302734375</ele>
        <time>2025-08-15T15:04:40.000Z</time>
        <extensions>
          <ns3:TrackPointExtension>
            <ns3:atemp>33.0</ns3:atemp>
            <ns3:hr>128</ns3:hr>
            <ns3:cad>79</ns3:cad>
          </ns3:TrackPointExtension>
        </extensions>
      </trkpt>
      <trkpt lat="32.02615164220333099365234375" lon="118.77673697657883167266845703125">
        <ele>15.19999980926513671875</ele>
        <time>2025-08-15T15:04:41.000Z</time>
        <extensions>
          <ns3:TrackPointExtension>
            <ns3:atemp>33.0</ns3:atemp>
            <ns3:hr>129</ns3:hr>
            <ns3:cad>79</ns3:cad>
          </ns3:TrackPointExtension>
        </extensions>
      </trkpt>
      <trkpt lat="32.02615591697394847869873046875" lon="118.7767236493527889251708984375">
        <ele>15.19999980926513671875</ele>
        <time>2025-08-15T15:04:42.000Z</time>
        <extensions>
          <ns3:TrackPointExtension>
            <ns3:atemp>33.0</ns3:atemp>
            <ns3:hr>130</ns3:hr>
            <ns3:cad>79</ns3:cad>
          </ns3:TrackPointExtension>
        </extensions>
      </trkpt>
      <trkpt lat="32.02615977264940738677978515625" lon="118.7767102383077144622802734375">
        <ele>15.19999980926513671875</ele>
        <time>2025-08-15T15:04:43.000Z</time>
        <extensions>
          <ns3:TrackPointExtension>
            <ns3:atemp>33.0</ns3:atemp>
            <ns3:hr>130</ns3:hr>
            <ns3:cad>66</ns3:cad>
          </ns3:TrackPointExtension>
        </extensions>
      </trkpt>
      <trkpt lat="32.0261635445058345794677734375" lon="118.77669506706297397613525390625">
        <ele>15</ele>
        <time>2025-08-15T15:04:44.000Z</time>
        <extensions>
          <ns3:TrackPointExtension>
            <ns3:atemp>33.0</ns3:atemp>
            <ns3:hr>131</ns3:hr>
            <ns3:cad>65</ns3:cad>
          </ns3:TrackPointExtension>
        </extensions>
      </trkpt>
      <trkpt lat="32.02616664581000804901123046875" lon="118.77668282948434352874755859375">
        <ele>15</ele>
        <time>2025-08-15T15:04:45.000Z</time>
        <extensions>
          <ns3:TrackPointExtension>
            <ns3:atemp>33.0</ns3:atemp>
            <ns3:hr>133</ns3:hr>
            <ns3:cad>64</ns3:cad>
          </ns3:TrackPointExtension>
        </extensions>
      </trkpt>
      <trkpt lat="32.026171423494815826416015625" lon="118.7766676582396030426025390625">
        <ele>15</ele>
        <time>2025-08-15T15:04:46.000Z</time>
        <extensions>
          <ns3:TrackPointExtension>
            <ns3:atemp>33.0</ns3:atemp>
            <ns3:hr>134</ns3:hr>
            <ns3:cad>62</ns3:cad>
          </ns3:TrackPointExtension>
        </extensions>
      </trkpt>
      <trkpt lat="32.02617578208446502685546875" lon="118.7766525708138942718505859375">
        <ele>15</ele>
        <time>2025-08-15T15:04:47.000Z</time>
        <extensions>
          <ns3:TrackPointExtension>
            <ns3:atemp>33.0</ns3:atemp>
            <ns3:hr>137</ns3:hr>
            <ns3:cad>62</ns3:cad>
          </ns3:TrackPointExtension>
        </extensions>
      </trkpt>
      <trkpt lat="32.02617636881768703460693359375" lon="118.77663572318851947784423828125">
        <ele>15</ele>
        <time>2025-08-15T15:04:48.000Z</time>
        <extensions>
          <ns3:TrackPointExtension>
            <ns3:atemp>33.0</ns3:atemp>
            <ns3:hr>140</ns3:hr>
            <ns3:cad>62</ns3:cad>
          </ns3:TrackPointExtension>
        </extensions>
      </trkpt>
      <trkpt lat="32.02617955394089221954345703125" lon="118.7766223959624767303466796875">
        <ele>15</ele>
        <time>2025-08-15T15:04:49.000Z</time>
        <extensions>
          <ns3:TrackPointExtension>
            <ns3:atemp>33.0</ns3:atemp>
            <ns3:hr>143</ns3:hr>
            <ns3:cad>62</ns3:cad>
          </ns3:TrackPointExtension>
        </extensions>
      </trkpt>
      <trkpt lat="32.0261806435883045196533203125" lon="118.77660856582224369049072265625">
        <ele>15</ele>
        <time>2025-08-15T15:04:50.000Z</time>
        <extensions>
          <ns3:TrackPointExtension>
            <ns3:atemp>33.0</ns3:atemp>
            <ns3:hr>147</ns3:hr>
            <ns3:cad>62</ns3:cad>
          </ns3:TrackPointExtension>
        </extensions>
      </trkpt>
      <trkpt lat="32.0261819846928119659423828125" lon="118.7765945680439472198486328125">
        <ele>14.80000019073486328125</ele>
        <time>2025-08-15T15:04:51.000Z</time>
        <extensions>
          <ns3:TrackPointExtension>
            <ns3:atemp>33.0</ns3:atemp>
            <ns3:hr>150</ns3:hr>
            <ns3:cad>62</ns3:cad>
          </ns3:TrackPointExtension>
        </extensions>
      </trkpt>
      <trkpt lat="32.026183493435382843017578125" lon="118.77658258192241191864013671875">
        <ele>14.80000019073486328125</ele>
        <time>2025-08-15T15:04:52.000Z</time>
        <extensions>
          <ns3:TrackPointExtension>
            <ns3:atemp>33.0</ns3:atemp>
            <ns3:hr>150</ns3:hr>
            <ns3:cad>62</ns3:cad>
          </ns3:TrackPointExtension>
        </extensions>
      </trkpt>
      <trkpt lat="32.02618491835892200469970703125" lon="118.77657034434378147125244140625">
        <ele>14.80000019073486328125</ele>
        <time>2025-08-15T15:04:53.000Z</time>
        <extensions>
          <ns3:TrackPointExtension>
            <ns3:atemp>33.0</ns3:atemp>
            <ns3:hr>151</ns3:hr>
            <ns3:cad>62</ns3:cad>
          </ns3:TrackPointExtension>
        </extensions>
      </trkpt>
      <trkpt lat="32.0261876843869686126708984375" lon="118.7765556760132312774658203125">
        <ele>14.80000019073486328125</ele>
        <time>2025-08-15T15:04:54.000Z</time>
        <extensions>
          <ns3:TrackPointExtension>
            <ns3:atemp>33.0</ns3:atemp>
            <ns3:hr>151</ns3:hr>
            <ns3:cad>62</ns3:cad>
          </ns3:TrackPointExtension>
        </extensions>
      </trkpt>
      <trkpt lat="32.0261920429766178131103515625" lon="118.77654117532074451446533203125">
        <ele>14.80000019073486328125</ele>
        <time>2025-08-15T15:04:55.000Z</time>
        <extensions>
          <ns3:TrackPointExtension>
            <ns3:atemp>33.0</ns3:atemp>
            <ns3:hr>151</ns3:hr>
            <ns3:cad>61</ns3:cad>
          </ns3:TrackPointExtension>
        </extensions>
      </trkpt>
      <trkpt lat="32.0261974073946475982666015625" lon="118.7765248306095600128173828125">
        <ele>14.6000003814697265625</ele>
        <time>2025-08-15T15:04:56.000Z</time>
        <extensions>
          <ns3:TrackPointExtension>
            <ns3:atemp>33.0</ns3:atemp>
            <ns3:hr>151</ns3:hr>
            <ns3:cad>60</ns3:cad>
          </ns3:TrackPointExtension>
        </extensions>
      </trkpt>
      <trkpt lat="32.02620260417461395263671875" lon="118.77650764770805835723876953125">
        <ele>14.6000003814697265625</ele>
        <time>2025-08-15T15:04:57.000Z</time>
        <extensions>
          <ns3:TrackPointExtension>
            <ns3:atemp>33.0</ns3:atemp>
            <ns3:hr>151</ns3:hr>
            <ns3:cad>59</ns3:cad>
          </ns3:TrackPointExtension>
        </extensions>
      </trkpt>
      <trkpt lat="32.026206962764263153076171875" lon="118.776491470634937286376953125">
        <ele>14.6000003814697265625</ele>
        <time>2025-08-15T15:04:58.000Z</time>
        <extensions>
          <ns3:TrackPointExtension>
            <ns3:atemp>33.0</ns3:atemp>
            <ns3:hr>151</ns3:hr>
            <ns3:cad>59</ns3:cad>
          </ns3:TrackPointExtension>
        </extensions>
      </trkpt>
      <trkpt lat="32.0262121595442295074462890625" lon="118.77647328190505504608154296875">
        <ele>14.6000003814697265625</ele>
        <time>2025-08-15T15:04:59.000Z</time>
        <extensions>
          <ns3:TrackPointExtension>
            <ns3:atemp>33.0</ns3:atemp>
            <ns3:hr>151</ns3:hr>
            <ns3:cad>59</ns3:cad>
          </ns3:TrackPointExtension>
        </extensions>
      </trkpt>
      <trkpt lat="32.0262168534100055694580078125" lon="118.77645827829837799072265625">
        <ele>14.6000003814697265625</ele>
        <time>2025-08-15T15:05:00.000Z</time>
        <extensions>
          <ns3:TrackPointExtension>
            <ns3:atemp>33.0</ns3:atemp>
            <ns3:hr>150</ns3:hr>
            <ns3:cad>59</ns3:cad>
          </ns3:TrackPointExtension>
        </extensions>
      </trkpt>
      <trkpt lat="32.02622272074222564697265625" lon="118.77644008956849575042724609375">
        <ele>14.6000003814697265625</ele>
        <time>2025-08-15T15:05:01.000Z</time>
        <extensions>
          <ns3:TrackPointExtension>
            <ns3:atemp>33.0</ns3:atemp>
            <ns3:hr>150</ns3:hr>
            <ns3:cad>60</ns3:cad>
          </ns3:TrackPointExtension>
        </extensions>
      </trkpt>
      <trkpt lat="32.02622850425541400909423828125" lon="118.7764255888760089874267578125">
        <ele>14.6000003814697265625</ele>
        <time>2025-08-15T15:05:02.000Z</time>
        <extensions>
          <ns3:TrackPointExtension>
            <ns3:atemp>33.0</ns3:atemp>
            <ns3:hr>150</ns3:hr>
            <ns3:cad>60</ns3:cad>
          </ns3:TrackPointExtension>
        </extensions>
      </trkpt>
      <trkpt lat="32.0262342877686023712158203125" lon="118.776409663259983062744140625">
        <ele>14.6000003814697265625</ele>
        <time>2025-08-15T15:05:03.000Z</time>
        <extensions>
          <ns3:TrackPointExtension>
            <ns3:atemp>33.0</ns3:atemp>
            <ns3:hr>150</ns3:hr>
            <ns3:cad>60</ns3:cad>
          </ns3:TrackPointExtension>
        </extensions>
      </trkpt>
      <trkpt lat="32.02623990364372730255126953125" lon="118.7763974256813526153564453125">
        <ele>14.6000003814697265625</ele>
        <time>2025-08-15T15:05:04.000Z</time>
        <extensions>
          <ns3:TrackPointExtension>
            <ns3:atemp>33.0</ns3:atemp>
            <ns3:hr>149</ns3:hr>
            <ns3:cad>59</ns3:cad>
          </ns3:TrackPointExtension>
        </extensions>
      </trkpt>
      <trkpt lat="32.02624593861401081085205078125" lon="118.77638393081724643707275390625">
        <ele>14.6000003814697265625</ele>
        <time>2025-08-15T15:05:05.000Z</time>
        <extensions>
          <ns3:TrackPointExtension>
            <ns3:atemp>33.0</ns3:atemp>
            <ns3:hr>149</ns3:hr>
            <ns3:cad>59</ns3:cad>
          </ns3:TrackPointExtension>
        </extensions>
      </trkpt>
      <trkpt lat="32.0262555778026580810546875" lon="118.77636867575347423553466796875">
        <ele>14.80000019073486328125</ele>
        <time>2025-08-15T15:05:06.000Z</time>
        <extensions>
          <ns3:TrackPointExtension>
            <ns3:atemp>33.0</ns3:atemp>
            <ns3:hr>149</ns3:hr>
            <ns3:cad>59</ns3:cad>
          </ns3:TrackPointExtension>
        </extensions>
      </trkpt>
      <trkpt lat="32.02626320533454418182373046875" lon="118.77635241486132144927978515625">
        <ele>14.80000019073486328125</ele>
        <time>2025-08-15T15:05:07.000Z</time>
        <extensions>
          <ns3:TrackPointExtension>
            <ns3:atemp>33.0</ns3:atemp>
            <ns3:hr>149</ns3:hr>
            <ns3:cad>59</ns3:cad>
          </ns3:TrackPointExtension>
        </extensions>
      </trkpt>
      <trkpt lat="32.0262708328664302825927734375" lon="118.7763360701501369476318359375">
        <ele>14.80000019073486328125</ele>
        <time>2025-08-15T15:05:08.000Z</time>
        <extensions>
          <ns3:TrackPointExtension>
            <ns3:atemp>33.0</ns3:atemp>
            <ns3:hr>149</ns3:hr>
            <ns3:cad>59</ns3:cad>
          </ns3:TrackPointExtension>
        </extensions>
      </trkpt>
      <trkpt lat="32.02627728693187236785888671875" lon="118.7763240002095699310302734375">
        <ele>14.80000019073486328125</ele>
        <time>2025-08-15T15:05:09.000Z</time>
        <extensions>
          <ns3:TrackPointExtension>
            <ns3:atemp>33.0</ns3:atemp>
            <ns3:hr>149</ns3:hr>
            <ns3:cad>59</ns3:cad>
          </ns3:TrackPointExtension>
        </extensions>
      </trkpt>
      <trkpt lat="32.02628164552152156829833984375" lon="118.776311092078685760498046875">
        <ele>14.80000019073486328125</ele>
        <time>2025-08-15T15:05:10.000Z</time>
        <extensions>
          <ns3:TrackPointExtension>
            <ns3:atemp>33.0</ns3:atemp>
            <ns3:hr>150</ns3:hr>
            <ns3:cad>59</ns3:cad>
          </ns3:TrackPointExtension>
        </extensions>
      </trkpt>
      <trkpt lat="32.0262862555682659149169921875" lon="118.7762998603284358978271484375">
        <ele>14.80000019073486328125</ele>
        <time>2025-08-15T15:05:11.000Z</time>
        <extensions>
          <ns3:TrackPointExtension>
            <ns3:atemp>33.0</ns3:atemp>
            <ns3:hr>150</ns3:hr>
            <ns3:cad>58</ns3:cad>
          </ns3:TrackPointExtension>
        </extensions>
      </trkpt>
      <trkpt lat="32.02629170380532741546630859375" lon="118.77628795802593231201171875">
        <ele>14.80000019073486328125</ele>
        <time>2025-08-15T15:05:12.000Z</time>
        <extensions>
          <ns3:TrackPointExtension>
            <ns3:atemp>33.0</ns3:atemp>
            <ns3:hr>150</ns3:hr>
            <ns3:cad>58</ns3:cad>
          </ns3:TrackPointExtension>
        </extensions>
      </trkpt>
      <trkpt lat="32.026297487318515777587890625" lon="118.7762767262756824493408203125">
        <ele>14.80000019073486328125</ele>
        <time>2025-08-15T15:05:13.000Z</time>
        <extensions>
          <ns3:TrackPointExtension>
            <ns3:atemp>33.0</ns3:atemp>
            <ns3:hr>150</ns3:hr>
            <ns3:cad>58</ns3:cad>
          </ns3:TrackPointExtension>
        </extensions>
      </trkpt>
      <trkpt lat="32.02630293555557727813720703125" lon="118.7762623094022274017333984375">
        <ele>14.80000019073486328125</ele>
        <time>2025-08-15T15:05:14.000Z</time>
        <extensions>
          <ns3:TrackPointExtension>
            <ns3:atemp>33.0</ns3:atemp>
            <ns3:hr>150</ns3:hr>
            <ns3:cad>58</ns3:cad>
          </ns3:TrackPointExtension>
        </extensions>
      </trkpt>
      <trkpt lat="32.02630712650716304779052734375" lon="118.77624881453812122344970703125">
        <ele>14.80000019073486328125</ele>
        <time>2025-08-15T15:05:15.000Z</time>
        <extensions>
          <ns3:TrackPointExtension>
            <ns3:atemp>33.0</ns3:atemp>
            <ns3:hr>150</ns3:hr>
            <ns3:cad>58</ns3:cad>
          </ns3:TrackPointExtension>
        </extensions>
      </trkpt>
      <trkpt lat="32.0263087190687656402587890625" lon="118.7762307934463024139404296875">
        <ele>14.80000019073486328125</ele>
        <time>2025-08-15T15:05:16.000Z</time>
        <extensions>
          <ns3:TrackPointExtension>
            <ns3:atemp>33.0</ns3:atemp>
            <ns3:hr>149</ns3:hr>
            <ns3:cad>58</ns3:cad>
          </ns3:TrackPointExtension>
        </extensions>
      </trkpt>
      <trkpt lat="32.0263127423822879791259765625" lon="118.77621629275381565093994140625">
        <ele>14.80000019073486328125</ele>
        <time>2025-08-15T15:05:17.000Z</time>
        <extensions>
          <ns3:TrackPointExtension>
            <ns3:atemp>33.0</ns3:atemp>
            <ns3:hr>149</ns3:hr>
            <ns3:cad>58</ns3:cad>
          </ns3:TrackPointExtension>
        </extensions>
      </trkpt>
      <trkpt lat="32.02631718479096889495849609375" lon="118.77620212733745574951171875">
        <ele>14.80000019073486328125</ele>
        <time>2025-08-15T15:05:18.000Z</time>
        <extensions>
          <ns3:TrackPointExtension>
            <ns3:atemp>33.0</ns3:atemp>
            <ns3:hr>149</ns3:hr>
            <ns3:cad>57</ns3:cad>
          </ns3:TrackPointExtension>
        </extensions>
      </trkpt>
      <trkpt lat="32.02632070519030094146728515625" lon="118.77618930302560329437255859375">
        <ele>14.80000019073486328125</ele>
        <time>2025-08-15T15:05:19.000Z</time>
        <extensions>
          <ns3:TrackPointExtension>
            <ns3:atemp>33.0</ns3:atemp>
            <ns3:hr>148</ns3:hr>
            <ns3:cad>57</ns3:cad>
          </ns3:TrackPointExtension>
        </extensions>
      </trkpt>
      <trkpt lat="32.02631886117160320281982421875" lon="118.7761865369975566864013671875">
        <ele>14.80000019073486328125</ele>
        <time>2025-08-15T15:05:20.000Z</time>
        <extensions>
          <ns3:TrackPointExtension>
            <ns3:atemp>33.0</ns3:atemp>
            <ns3:hr>148</ns3:hr>
            <ns3:cad>57</ns3:cad>
          </ns3:TrackPointExtension>
        </extensions>
      </trkpt>
      <trkpt lat="32.02631684951484203338623046875" lon="118.77618343569338321685791015625">
        <ele>14.80000019073486328125</ele>
        <time>2025-08-15T15:05:21.000Z</time>
        <extensions>
          <ns3:TrackPointExtension>
            <ns3:atemp>33.0</ns3:atemp>
            <ns3:hr>148</ns3:hr>
            <ns3:cad>57</ns3:cad>
          </ns3:TrackPointExtension>
        </extensions>
      </trkpt>
      <trkpt lat="32.02631601132452487945556640625" lon="118.77617605961859226226806640625">
        <ele>14.80000019073486328125</ele>
        <time>2025-08-15T15:05:22.000Z</time>
        <extensions>
          <ns3:TrackPointExtension>
            <ns3:atemp>33.0</ns3:atemp>
            <ns3:hr>148</ns3:hr>
            <ns3:cad>57</ns3:cad>
          </ns3:TrackPointExtension>
        </extensions>
      </trkpt>
      <trkpt lat="32.02631785534322261810302734375" lon="118.77616600133478641510009765625">
        <ele>14.80000019073486328125</ele>
        <time>2025-08-15T15:05:23.000Z</time>
        <extensions>
          <ns3:TrackPointExtension>
            <ns3:atemp>33.0</ns3:atemp>
            <ns3:hr>148</ns3:hr>
            <ns3:cad>57</ns3:cad>
          </ns3:TrackPointExtension>
        </extensions>
      </trkpt>
      <trkpt lat="32.02632062137126922607421875" lon="118.776152171194553375244140625">
        <ele>14.80000019073486328125</ele>
        <time>2025-08-15T15:05:24.000Z</time>
        <extensions>
          <ns3:TrackPointExtension>
            <ns3:atemp>33.0</ns3:atemp>
            <ns3:hr>148</ns3:hr>
            <ns3:cad>57</ns3:cad>
          </ns3:TrackPointExtension>
        </extensions>
      </trkpt>
      <trkpt lat="32.02632774598896503448486328125" lon="118.7761342339217662811279296875">
        <ele>14.80000019073486328125</ele>
        <time>2025-08-15T15:05:25.000Z</time>
        <extensions>
          <ns3:TrackPointExtension>
            <ns3:atemp>33.0</ns3:atemp>
            <ns3:hr>147</ns3:hr>
            <ns3:cad>56</ns3:cad>
          </ns3:TrackPointExtension>
        </extensions>
      </trkpt>
      <trkpt lat="32.0263331942260265350341796875" lon="118.77611788921058177947998046875">
        <ele>14.80000019073486328125</ele>
        <time>2025-08-15T15:05:26.000Z</time>
        <extensions>
          <ns3:TrackPointExtension>
            <ns3:atemp>33.0</ns3:atemp>
            <ns3:hr>147</ns3:hr>
            <ns3:cad>57</ns3:cad>
          </ns3:TrackPointExtension>
        </extensions>
      </trkpt>
      <trkpt lat="32.0263373851776123046875" lon="118.7761020474135875701904296875">
        <ele>14.80000019073486328125</ele>
        <time>2025-08-15T15:05:27.000Z</time>
        <extensions>
          <ns3:TrackPointExtension>
            <ns3:atemp>33.0</ns3:atemp>
            <ns3:hr>147</ns3:hr>
            <ns3:cad>57</ns3:cad>
          </ns3:TrackPointExtension>
        </extensions>
      </trkpt>
      <trkpt lat="32.02634115703403949737548828125" lon="118.77609089948236942291259765625">
        <ele>14.80000019073486328125</ele>
        <time>2025-08-15T15:05:28.000Z</time>
        <extensions>
          <ns3:TrackPointExtension>
            <ns3:atemp>33.0</ns3:atemp>
            <ns3:hr>147</ns3:hr>
            <ns3:cad>57</ns3:cad>
          </ns3:TrackPointExtension>
        </extensions>
      </trkpt>
      <trkpt lat="32.0263449288904666900634765625" lon="118.77607933245599269866943359375">
        <ele>14.80000019073486328125</ele>
        <time>2025-08-15T15:05:29.000Z</time>
        <extensions>
          <ns3:TrackPointExtension>
            <ns3:atemp>33.0</ns3:atemp>
            <ns3:hr>147</ns3:hr>
            <ns3:cad>57</ns3:cad>
          </ns3:TrackPointExtension>
        </extensions>
      </trkpt>
      <trkpt lat="32.026347778737545013427734375" lon="118.776064999401569366455078125">
        <ele>15</ele>
        <time>2025-08-15T15:05:30.000Z</time>
        <extensions>
          <ns3:TrackPointExtension>
            <ns3:atemp>33.0</ns3:atemp>
            <ns3:hr>147</ns3:hr>
            <ns3:cad>57</ns3:cad>
          </ns3:TrackPointExtension>
        </extensions>
      </trkpt>
      <trkpt lat="32.0263523049652576446533203125" lon="118.776049576699733734130859375">
        <ele>15</ele>
        <time>2025-08-15T15:05:31.000Z</time>
        <extensions>
          <ns3:TrackPointExtension>
            <ns3:atemp>33.0</ns3:atemp>
            <ns3:hr>146</ns3:hr>
            <ns3:cad>57</ns3:cad>
          </ns3:TrackPointExtension>
        </extensions>
      </trkpt>
      <trkpt lat="32.02635674737393856048583984375" lon="118.7760363332927227020263671875">
        <ele>15</ele>
        <time>2025-08-15T15:05:32.000Z</time>
        <extensions>
          <ns3:TrackPointExtension>
            <ns3:atemp>33.0</ns3:atemp>
            <ns3:hr>146</ns3:hr>
            <ns3:cad>57</ns3:cad>
          </ns3:TrackPointExtension>
        </extensions>
      </trkpt>
      <trkpt lat="32.026362530887126922607421875" lon="118.7760239280760288238525390625">
        <ele>14.80000019073486328125</ele>
        <time>2025-08-15T15:05:33.000Z</time>
        <extensions>
          <ns3:TrackPointExtension>
            <ns3:atemp>33.0</ns3:atemp>
            <ns3:hr>146</ns3:hr>
            <ns3:cad>57</ns3:cad>
          </ns3:TrackPointExtension>
        </extensions>
      </trkpt>
      <trkpt lat="32.02636881731450557708740234375" lon="118.77600993029773235321044921875">
        <ele>14.80000019073486328125</ele>
        <time>2025-08-15T15:05:34.000Z</time>
        <extensions>
          <ns3:TrackPointExtension>
            <ns3:atemp>33.0</ns3:atemp>
            <ns3:hr>146</ns3:hr>
            <ns3:cad>57</ns3:cad>
          </ns3:TrackPointExtension>
        </extensions>
      </trkpt>
      <trkpt lat="32.0263764448463916778564453125" lon="118.77599551342427730560302734375">
        <ele>14.80000019073486328125</ele>
        <time>2025-08-15T15:05:35.000Z</time>
        <extensions>
          <ns3:TrackPointExtension>
            <ns3:atemp>33.0</ns3:atemp>
            <ns3:hr>146</ns3:hr>
            <ns3:cad>57</ns3:cad>
          </ns3:TrackPointExtension>
        </extensions>
      </trkpt>
      <trkpt lat="32.02638692222535610198974609375" lon="118.77598277293145656585693359375">
        <ele>14.80000019073486328125</ele>
        <time>2025-08-15T15:05:36.000Z</time>
        <extensions>
          <ns3:TrackPointExtension>
            <ns3:atemp>33.0</ns3:atemp>
            <ns3:hr>145</ns3:hr>
            <ns3:cad>57</ns3:cad>
          </ns3:TrackPointExtension>
        </extensions>
      </trkpt>
      <trkpt lat="32.02639438211917877197265625" lon="118.775969780981540679931640625">
        <ele>14.80000019073486328125</ele>
        <time>2025-08-15T15:05:37.000Z</time>
        <extensions>
          <ns3:TrackPointExtension>
            <ns3:atemp>33.0</ns3:atemp>
            <ns3:hr>145</ns3:hr>
            <ns3:cad>57</ns3:cad>
          </ns3:TrackPointExtension>
        </extensions>
      </trkpt>
      <trkpt lat="32.0264005847275257110595703125" lon="118.775953017175197601318359375">
        <ele>14.80000019073486328125</ele>
        <time>2025-08-15T15:05:38.000Z</time>
        <extensions>
          <ns3:TrackPointExtension>
            <ns3:atemp>33.0</ns3:atemp>
            <ns3:hr>144</ns3:hr>
            <ns3:cad>57</ns3:cad>
          </ns3:TrackPointExtension>
        </extensions>
      </trkpt>
      <trkpt lat="32.026404775679111480712890625" lon="118.77594103105366230010986328125">
        <ele>14.80000019073486328125</ele>
        <time>2025-08-15T15:05:39.000Z</time>
        <extensions>
          <ns3:TrackPointExtension>
            <ns3:atemp>33.0</ns3:atemp>
            <ns3:hr>143</ns3:hr>
            <ns3:cad>57</ns3:cad>
          </ns3:TrackPointExtension>
        </extensions>
      </trkpt>
      <trkpt lat="32.0264089666306972503662109375" lon="118.77592929638922214508056640625">
        <ele>14.80000019073486328125</ele>
        <time>2025-08-15T15:05:40.000Z</time>
        <extensions>
          <ns3:TrackPointExtension>
            <ns3:atemp>33.0</ns3:atemp>
            <ns3:hr>139</ns3:hr>
            <ns3:cad>57</ns3:cad>
          </ns3:TrackPointExtension>
        </extensions>
      </trkpt>
      <trkpt lat="32.02641223557293415069580078125" lon="118.7759186513721942901611328125">
        <ele>14.80000019073486328125</ele>
        <time>2025-08-15T15:05:41.000Z</time>
        <extensions>
          <ns3:TrackPointExtension>
            <ns3:atemp>33.0</ns3:atemp>
            <ns3:hr>134</ns3:hr>
            <ns3:cad>57</ns3:cad>
          </ns3:TrackPointExtension>
        </extensions>
      </trkpt>
      <trkpt lat="32.02641374431550502777099609375" lon="118.77590700052678585052490234375">
        <ele>14.80000019073486328125</ele>
        <time>2025-08-15T15:05:42.000Z</time>
        <extensions>
          <ns3:TrackPointExtension>
            <ns3:atemp>33.0</ns3:atemp>
            <ns3:hr>131</ns3:hr>
            <ns3:cad>58</ns3:cad>
          </ns3:TrackPointExtension>
        </extensions>
      </trkpt>
      <trkpt lat="32.02641709707677364349365234375" lon="118.77589358948171138763427734375">
        <ele>14.80000019073486328125</ele>
        <time>2025-08-15T15:05:43.000Z</time>
        <extensions>
          <ns3:TrackPointExtension>
            <ns3:atemp>33.0</ns3:atemp>
            <ns3:hr>128</ns3:hr>
            <ns3:cad>58</ns3:cad>
          </ns3:TrackPointExtension>
        </extensions>
      </trkpt>
      <trkpt lat="32.02641793526709079742431640625" lon="118.7758797593414783477783203125">
        <ele>14.80000019073486328125</ele>
        <time>2025-08-15T15:05:44.000Z</time>
        <extensions>
          <ns3:TrackPointExtension>
            <ns3:atemp>33.0</ns3:atemp>
            <ns3:hr>127</ns3:hr>
            <ns3:cad>58</ns3:cad>
          </ns3:TrackPointExtension>
        </extensions>
      </trkpt>
      <trkpt lat="32.0264196954667568206787109375" lon="118.7758633308112621307373046875">
        <ele>14.80000019073486328125</ele>
        <time>2025-08-15T15:05:45.000Z</time>
        <extensions>
          <ns3:TrackPointExtension>
            <ns3:atemp>33.0</ns3:atemp>
            <ns3:hr>126</ns3:hr>
            <ns3:cad>58</ns3:cad>
          </ns3:TrackPointExtension>
        </extensions>
      </trkpt>
      <trkpt lat="32.02642128802835941314697265625" lon="118.7758539430797100067138671875">
        <ele>14.80000019073486328125</ele>
        <time>2025-08-15T15:05:46.000Z</time>
        <extensions>
          <ns3:TrackPointExtension>
            <ns3:atemp>33.0</ns3:atemp>
            <ns3:hr>126</ns3:hr>
            <ns3:cad>57</ns3:cad>
          </ns3:TrackPointExtension>
        </extensions>
      </trkpt>
      <trkpt lat="32.02642388641834259033203125" lon="118.77584380097687244415283203125">
        <ele>14.80000019073486328125</ele>
        <time>2025-08-15T15:05:47.000Z</time>
        <extensions>
          <ns3:TrackPointExtension>
            <ns3:atemp>33.0</ns3:atemp>
            <ns3:hr>126</ns3:hr>
            <ns3:cad>57</ns3:cad>
          </ns3:TrackPointExtension>
        </extensions>
      </trkpt>
      <trkpt lat="32.0264237187802791595458984375" lon="118.7758311443030834197998046875">
        <ele>14.6000003814697265625</ele>
        <time>2025-08-15T15:05:48.000Z</time>
        <extensions>
          <ns3:TrackPointExtension>
            <ns3:atemp>33.0</ns3:atemp>
            <ns3:hr>126</ns3:hr>
            <ns3:cad>57</ns3:cad>
          </ns3:TrackPointExtension>
        </extensions>
      </trkpt>
      <trkpt lat="32.02642522752285003662109375" lon="118.7758190743625164031982421875">
        <ele>14.6000003814697265625</ele>
        <time>2025-08-15T15:05:49.000Z</time>
        <extensions>
          <ns3:TrackPointExtension>
            <ns3:atemp>33.0</ns3:atemp>
            <ns3:hr>125</ns3:hr>
            <ns3:cad>58</ns3:cad>
          </ns3:TrackPointExtension>
        </extensions>
      </trkpt>
      <trkpt lat="32.02642480842769145965576171875" lon="118.7758080102503299713134765625">
        <ele>14.6000003814697265625</ele>
        <time>2025-08-15T15:05:50.000Z</time>
        <extensions>
          <ns3:TrackPointExtension>
            <ns3:atemp>33.0</ns3:atemp>
            <ns3:hr>125</ns3:hr>
            <ns3:cad>58</ns3:cad>
          </ns3:TrackPointExtension>
        </extensions>
      </trkpt>
      <trkpt lat="32.0264277420938014984130859375" lon="118.775795437395572662353515625">
        <ele>14.6000003814697265625</ele>
        <time>2025-08-15T15:05:51.000Z</time>
        <extensions>
          <ns3:TrackPointExtension>
            <ns3:atemp>33.0</ns3:atemp>
            <ns3:hr>126</ns3:hr>
            <ns3:cad>58</ns3:cad>
          </ns3:TrackPointExtension>
        </extensions>
      </trkpt>
      <trkpt lat="32.02642849646508693695068359375" lon="118.7757815234363079071044921875">
        <ele>14.6000003814697265625</ele>
        <time>2025-08-15T15:05:52.000Z</time>
        <extensions>
          <ns3:TrackPointExtension>
            <ns3:atemp>33.0</ns3:atemp>
            <ns3:hr>126</ns3:hr>
            <ns3:cad>57</ns3:cad>
          </ns3:TrackPointExtension>
        </extensions>
      </trkpt>
      <trkpt lat="32.02643059194087982177734375" lon="118.7757654301822185516357421875">
        <ele>14.6000003814697265625</ele>
        <time>2025-08-15T15:05:53.000Z</time>
        <extensions>
          <ns3:TrackPointExtension>
            <ns3:atemp>33.0</ns3:atemp>
            <ns3:hr>125</ns3:hr>
            <ns3:cad>57</ns3:cad>
          </ns3:TrackPointExtension>
        </extensions>
      </trkpt>
      <trkpt lat="32.0264317654073238372802734375" lon="118.77575042657554149627685546875">
        <ele>14.6000003814697265625</ele>
        <time>2025-08-15T15:05:54.000Z</time>
        <extensions>
          <ns3:TrackPointExtension>
            <ns3:atemp>33.0</ns3:atemp>
            <ns3:hr>125</ns3:hr>
            <ns3:cad>57</ns3:cad>
          </ns3:TrackPointExtension>
        </extensions>
      </trkpt>
      <trkpt lat="32.02643235214054584503173828125" lon="118.77573676407337188720703125">
        <ele>14.6000003814697265625</ele>
        <time>2025-08-15T15:05:55.000Z</time>
        <extensions>
          <ns3:TrackPointExtension>
            <ns3:atemp>33.0</ns3:atemp>
            <ns3:hr>125</ns3:hr>
            <ns3:cad>57</ns3:cad>
          </ns3:TrackPointExtension>
        </extensions>
      </trkpt>
      <trkpt lat="32.02643453143537044525146484375" lon="118.77571606077253818511962890625">
        <ele>14.6000003814697265625</ele>
        <time>2025-08-15T15:05:56.000Z</time>
        <extensions>
          <ns3:TrackPointExtension>
            <ns3:atemp>33.0</ns3:atemp>
            <ns3:hr>125</ns3:hr>
            <ns3:cad>58</ns3:cad>
          </ns3:TrackPointExtension>
        </extensions>
      </trkpt>
      <trkpt lat="32.02643930912017822265625" lon="118.77569510601460933685302734375">
        <ele>14.6000003814697265625</ele>
        <time>2025-08-15T15:05:57.000Z</time>
        <extensions>
          <ns3:TrackPointExtension>
            <ns3:atemp>33.0</ns3:atemp>
            <ns3:hr>125</ns3:hr>
            <ns3:cad>58</ns3:cad>
          </ns3:TrackPointExtension>
        </extensions>
      </trkpt>
      <trkpt lat="32.0264451764523983001708984375" lon="118.7756782583892345428466796875">
        <ele>14.6000003814697265625</ele>
        <time>2025-08-15T15:05:58.000Z</time>
        <extensions>
          <ns3:TrackPointExtension>
            <ns3:atemp>33.0</ns3:atemp>
            <ns3:hr>124</ns3:hr>
            <ns3:cad>58</ns3:cad>
          </ns3:TrackPointExtension>
        </extensions>
      </trkpt>
      <trkpt lat="32.02645062468945980072021484375" lon="118.77566409297287464141845703125">
        <ele>14.3999996185302734375</ele>
        <time>2025-08-15T15:05:59.000Z</time>
        <extensions>
          <ns3:TrackPointExtension>
            <ns3:atemp>33.0</ns3:atemp>
            <ns3:hr>124</ns3:hr>
            <ns3:cad>58</ns3:cad>
          </ns3:TrackPointExtension>
        </extensions>
      </trkpt>
      <trkpt lat="32.02645649202167987823486328125" lon="118.775650598108768463134765625">
        <ele>14.3999996185302734375</ele>
        <time>2025-08-15T15:06:00.000Z</time>
        <extensions>
          <ns3:TrackPointExtension>
            <ns3:atemp>33.0</ns3:atemp>
            <ns3:hr>124</ns3:hr>
            <ns3:cad>58</ns3:cad>
          </ns3:TrackPointExtension>
        </extensions>
      </trkpt>
      <trkpt lat="32.02646269463002681732177734375" lon="118.7756363488733768463134765625">
        <ele>14.3999996185302734375</ele>
        <time>2025-08-15T15:06:01.000Z</time>
        <extensions>
          <ns3:TrackPointExtension>
            <ns3:atemp>33.0</ns3:atemp>
            <ns3:hr>124</ns3:hr>
            <ns3:cad>58</ns3:cad>
          </ns3:TrackPointExtension>
        </extensions>
      </trkpt>
      <trkpt lat="32.02647258527576923370361328125" lon="118.7756192497909069061279296875">
        <ele>14.3999996185302734375</ele>
        <time>2025-08-15T15:06:02.000Z</time>
        <extensions>
          <ns3:TrackPointExtension>
            <ns3:atemp>33.0</ns3:atemp>
            <ns3:hr>123</ns3:hr>
            <ns3:cad>58</ns3:cad>
          </ns3:TrackPointExtension>
        </extensions>
      </trkpt>
      <trkpt lat="32.0264833979308605194091796875" lon="118.77560022287070751190185546875">
        <ele>14.3999996185302734375</ele>
        <time>2025-08-15T15:06:03.000Z</time>
        <extensions>
          <ns3:TrackPointExtension>
            <ns3:atemp>33.0</ns3:atemp>
            <ns3:hr>123</ns3:hr>
            <ns3:cad>58</ns3:cad>
          </ns3:TrackPointExtension>
        </extensions>
      </trkpt>
      <trkpt lat="32.0264890976250171661376953125" lon="118.77558647654950618743896484375">
        <ele>14.3999996185302734375</ele>
        <time>2025-08-15T15:06:04.000Z</time>
        <extensions>
          <ns3:TrackPointExtension>
            <ns3:atemp>33.0</ns3:atemp>
            <ns3:hr>123</ns3:hr>
            <ns3:cad>59</ns3:cad>
          </ns3:TrackPointExtension>
        </extensions>
      </trkpt>
      <trkpt lat="32.026495300233364105224609375" lon="118.775572143495082855224609375">
        <ele>14.3999996185302734375</ele>
        <time>2025-08-15T15:06:05.000Z</time>
        <extensions>
          <ns3:TrackPointExtension>
            <ns3:atemp>33.0</ns3:atemp>
            <ns3:hr>123</ns3:hr>
            <ns3:cad>59</ns3:cad>
          </ns3:TrackPointExtension>
        </extensions>
      </trkpt>
      <trkpt lat="32.0265035144984722137451171875" lon="118.77556242048740386962890625">
        <ele>14.3999996185302734375</ele>
        <time>2025-08-15T15:06:06.000Z</time>
        <extensions>
          <ns3:TrackPointExtension>
            <ns3:atemp>33.0</ns3:atemp>
            <ns3:hr>123</ns3:hr>
            <ns3:cad>59</ns3:cad>
          </ns3:TrackPointExtension>
        </extensions>
      </trkpt>
      <trkpt lat="32.0265088789165019989013671875" lon="118.77555110491812229156494140625">
        <ele>14.19999980926513671875</ele>
        <time>2025-08-15T15:06:07.000Z</time>
        <extensions>
          <ns3:TrackPointExtension>
            <ns3:atemp>33.0</ns3:atemp>
            <ns3:hr>123</ns3:hr>
            <ns3:cad>59</ns3:cad>
          </ns3:TrackPointExtension>
        </extensions>
      </trkpt>
      <trkpt lat="32.02651600353419780731201171875" lon="118.77553601749241352081298828125">
        <ele>14.19999980926513671875</ele>
        <time>2025-08-15T15:06:08.000Z</time>
        <extensions>
          <ns3:TrackPointExtension>
            <ns3:atemp>33.0</ns3:atemp>
            <ns3:hr>124</ns3:hr>
            <ns3:cad>58</ns3:cad>
          </ns3:TrackPointExtension>
        </extensions>
      </trkpt>
      <trkpt lat="32.026526145637035369873046875" lon="118.7755200080573558807373046875">
        <ele>14.19999980926513671875</ele>
        <time>2025-08-15T15:06:09.000Z</time>
        <extensions>
          <ns3:TrackPointExtension>
            <ns3:atemp>33.0</ns3:atemp>
            <ns3:hr>124</ns3:hr>
            <ns3:cad>58</ns3:cad>
          </ns3:TrackPointExtension>
        </extensions>
      </trkpt>
      <trkpt lat="32.0265400595963001251220703125" lon="118.77550349570810794830322265625">
        <ele>14.19999980926513671875</ele>
        <time>2025-08-15T15:06:10.000Z</time>
        <extensions>
          <ns3:TrackPointExtension>
            <ns3:atemp>33.0</ns3:atemp>
            <ns3:hr>124</ns3:hr>
            <ns3:cad>57</ns3:cad>
          </ns3:TrackPointExtension>
        </extensions>
      </trkpt>
      <trkpt lat="32.02654567547142505645751953125" lon="118.7754884921014308929443359375">
        <ele>14.19999980926513671875</ele>
        <time>2025-08-15T15:06:11.000Z</time>
        <extensions>
          <ns3:TrackPointExtension>
            <ns3:atemp>33.0</ns3:atemp>
            <ns3:hr>124</ns3:hr>
            <ns3:cad>57</ns3:cad>
          </ns3:TrackPointExtension>
        </extensions>
      </trkpt>
      <trkpt lat="32.0265497826039791107177734375" lon="118.7754774279892444610595703125">
        <ele>14.3999996185302734375</ele>
        <time>2025-08-15T15:06:12.000Z</time>
        <extensions>
          <ns3:TrackPointExtension>
            <ns3:atemp>33.0</ns3:atemp>
            <ns3:hr>125</ns3:hr>
            <ns3:cad>58</ns3:cad>
          </ns3:TrackPointExtension>
        </extensions>
      </trkpt>
      <trkpt lat="32.02655263245105743408203125" lon="118.77546493895351886749267578125">
        <ele>14.3999996185302734375</ele>
        <time>2025-08-15T15:06:13.000Z</time>
        <extensions>
          <ns3:TrackPointExtension>
            <ns3:atemp>33.0</ns3:atemp>
            <ns3:hr>125</ns3:hr>
            <ns3:cad>58</ns3:cad>
          </ns3:TrackPointExtension>
        </extensions>
      </trkpt>
      <trkpt lat="32.0265652053058147430419921875" lon="118.77544431947171688079833984375">
        <ele>14.6000003814697265625</ele>
        <time>2025-08-15T15:06:14.000Z</time>
        <extensions>
          <ns3:TrackPointExtension>
            <ns3:atemp>33.0</ns3:atemp>
            <ns3:hr>125</ns3:hr>
            <ns3:cad>58</ns3:cad>
          </ns3:TrackPointExtension>
        </extensions>
      </trkpt>
      <trkpt lat="32.02656964771449565887451171875" lon="118.7754331715404987335205078125">
        <ele>14.6000003814697265625</ele>
        <time>2025-08-15T15:06:15.000Z</time>
        <extensions>
          <ns3:TrackPointExtension>
            <ns3:atemp>33.0</ns3:atemp>
            <ns3:cad>58</ns3:cad>
          </ns3:TrackPointExtension>
        </extensions>
      </trkpt>
      <trkpt lat="32.02659026719629764556884765625" lon="118.77541062422096729278564453125">
        <ele>14.6000003814697265625</ele>
        <time>2025-08-15T15:06:16.000Z</time>
        <extensions>
          <ns3:TrackPointExtension>
            <ns3:atemp>33.0</ns3:atemp>
            <ns3:cad>58</ns3:cad>
          </ns3:TrackPointExtension>
        </extensions>
      </trkpt>
      <trkpt lat="32.0265947096049785614013671875" lon="118.7753956206142902374267578125">
        <ele>14.6000003814697265625</ele>
        <time>2025-08-15T15:06:17.000Z</time>
        <extensions>
          <ns3:TrackPointExtension>
            <ns3:atemp>33.0</ns3:atemp>
            <ns3:cad>58</ns3:cad>
          </ns3:TrackPointExtension>
        </extensions>
      </trkpt>
      <trkpt lat="32.02660099603235721588134765625" lon="118.77538614906370639801025390625">
        <ele>14.80000019073486328125</ele>
        <time>2025-08-15T15:06:18.000Z</time>
        <extensions>
          <ns3:TrackPointExtension>
            <ns3:atemp>33.0</ns3:atemp>
            <ns3:cad>58</ns3:cad>
          </ns3:TrackPointExtension>
        </extensions>
      </trkpt>
      <trkpt lat="32.02661105431616306304931640625" lon="118.77537139691412448883056640625">
        <ele>14.80000019073486328125</ele>
        <time>2025-08-15T15:06:19.000Z</time>
        <extensions>
          <ns3:TrackPointExtension>
            <ns3:atemp>33.0</ns3:atemp>
            <ns3:hr>125</ns3:hr>
            <ns3:cad>57</ns3:cad>
          </ns3:TrackPointExtension>
        </extensions>
      </trkpt>
      <trkpt lat="32.02661792747676372528076171875" lon="118.77535245381295680999755859375">
        <ele>14.80000019073486328125</ele>
        <time>2025-08-15T15:06:20.000Z</time>
        <extensions>
          <ns3:TrackPointExtension>
            <ns3:atemp>33.0</ns3:atemp>
            <ns3:hr>125</ns3:hr>
            <ns3:cad>57</ns3:cad>
          </ns3:TrackPointExtension>
        </extensions>
      </trkpt>
      <trkpt lat="32.0266230404376983642578125" lon="118.77534306608140468597412109375">
        <ele>14.80000019073486328125</ele>
        <time>2025-08-15T15:06:21.000Z</time>
        <extensions>
          <ns3:TrackPointExtension>
            <ns3:atemp>33.0</ns3:atemp>
            <ns3:hr>125</ns3:hr>
            <ns3:cad>57</ns3:cad>
          </ns3:TrackPointExtension>
        </extensions>
      </trkpt>
      <trkpt lat="32.026626057922840118408203125" lon="118.7753329239785671234130859375">
        <ele>14.80000019073486328125</ele>
        <time>2025-08-15T15:06:22.000Z</time>
        <extensions>
          <ns3:TrackPointExtension>
            <ns3:atemp>33.0</ns3:atemp>
            <ns3:hr>125</ns3:hr>
            <ns3:cad>57</ns3:cad>
          </ns3:TrackPointExtension>
        </extensions>
      </trkpt>
      <trkpt lat="32.0266352780163288116455078125" lon="118.77532378770411014556884765625">
        <ele>14.6000003814697265625</ele>
        <time>2025-08-15T15:06:23.000Z</time>
        <extensions>
          <ns3:TrackPointExtension>
            <ns3:atemp>33.0</ns3:atemp>
            <ns3:hr>125</ns3:hr>
            <ns3:cad>57</ns3:cad>
          </ns3:TrackPointExtension>
        </extensions>
      </trkpt>
      <trkpt lat="32.02663938514888286590576171875" lon="118.7753148190677165985107421875">
        <ele>14.6000003814697265625</ele>
        <time>2025-08-15T15:06:24.000Z</time>
        <extensions>
          <ns3:TrackPointExtension>
            <ns3:atemp>33.0</ns3:atemp>
            <ns3:cad>57</ns3:cad>
          </ns3:TrackPointExtension>
        </extensions>
      </trkpt>
      <trkpt lat="32.02664290554821491241455078125" lon="118.77530685625970363616943359375">
        <ele>14.6000003814697265625</ele>
        <time>2025-08-15T15:06:25.000Z</time>
        <extensions>
          <ns3:TrackPointExtension>
            <ns3:atemp>33.0</ns3:atemp>
            <ns3:cad>57</ns3:cad>
          </ns3:TrackPointExtension>
        </extensions>
      </trkpt>
      <trkpt lat="32.0266503654420375823974609375" lon="118.775300569832324981689453125">
        <ele>14.6000003814697265625</ele>
        <time>2025-08-15T15:06:26.000Z</time>
        <extensions>
          <ns3:TrackPointExtension>
            <ns3:atemp>33.0</ns3:atemp>
            <ns3:cad>57</ns3:cad>
          </ns3:TrackPointExtension>
        </extensions>
      </trkpt>
      <trkpt lat="32.0266580767929553985595703125" lon="118.7752997316420078277587890625">
        <ele>14.80000019073486328125</ele>
        <time>2025-08-15T15:06:27.000Z</time>
        <extensions>
          <ns3:TrackPointExtension>
            <ns3:atemp>33.0</ns3:atemp>
            <ns3:cad>57</ns3:cad>
          </ns3:TrackPointExtension>
        </extensions>
      </trkpt>
      <trkpt lat="32.02666218392550945281982421875" lon="118.7752967141568660736083984375">
        <ele>14.80000019073486328125</ele>
        <time>2025-08-15T15:06:28.000Z</time>
        <extensions>
          <ns3:TrackPointExtension>
            <ns3:atemp>33.0</ns3:atemp>
            <ns3:hr>124</ns3:hr>
            <ns3:cad>57</ns3:cad>
          </ns3:TrackPointExtension>
        </extensions>
      </trkpt>
      <trkpt lat="32.026665620505809783935546875" lon="118.77529730089008808135986328125">
        <ele>14.80000019073486328125</ele>
        <time>2025-08-15T15:06:29.000Z</time>
        <extensions>
          <ns3:TrackPointExtension>
            <ns3:atemp>33.0</ns3:atemp>
            <ns3:hr>124</ns3:hr>
            <ns3:cad>57</ns3:cad>
          </ns3:TrackPointExtension>
        </extensions>
      </trkpt>
      <trkpt lat="32.0266711525619029998779296875" lon="118.77529847435653209686279296875">
        <ele>14.80000019073486328125</ele>
        <time>2025-08-15T15:06:30.000Z</time>
        <extensions>
          <ns3:TrackPointExtension>
            <ns3:atemp>33.0</ns3:atemp>
            <ns3:hr>124</ns3:hr>
            <ns3:cad>0</ns3:cad>
          </ns3:TrackPointExtension>
        </extensions>
      </trkpt>
      <trkpt lat="32.02667408622801303863525390625" lon="118.77530358731746673583984375">
        <ele>14.80000019073486328125</ele>
        <time>2025-08-15T15:06:31.000Z</time>
        <extensions>
          <ns3:TrackPointExtension>
            <ns3:atemp>33.0</ns3:atemp>
            <ns3:hr>124</ns3:hr>
            <ns3:cad>0</ns3:cad>
          </ns3:TrackPointExtension>
        </extensions>
      </trkpt>
      <trkpt lat="32.02667928300797939300537109375" lon="118.7753082811832427978515625">
        <ele>14.80000019073486328125</ele>
        <time>2025-08-15T15:06:32.000Z</time>
        <extensions>
          <ns3:TrackPointExtension>
            <ns3:atemp>33.0</ns3:atemp>
            <ns3:hr>124</ns3:hr>
            <ns3:cad>0</ns3:cad>
          </ns3:TrackPointExtension>
        </extensions>
      </trkpt>
      <trkpt lat="32.026685737073421478271484375" lon="118.77531121484935283660888671875">
        <ele>14.80000019073486328125</ele>
        <time>2025-08-15T15:06:33.000Z</time>
        <extensions>
          <ns3:TrackPointExtension>
            <ns3:atemp>33.0</ns3:atemp>
            <ns3:hr>125</ns3:hr>
            <ns3:cad>0</ns3:cad>
          </ns3:TrackPointExtension>
        </extensions>
      </trkpt>
      <trkpt lat="32.0266899280250072479248046875" lon="118.7753124721348285675048828125">
        <ele>14.80000019073486328125</ele>
        <time>2025-08-15T15:06:34.000Z</time>
        <extensions>
          <ns3:TrackPointExtension>
            <ns3:atemp>33.0</ns3:atemp>
            <ns3:hr>126</ns3:hr>
            <ns3:cad>0</ns3:cad>
          </ns3:TrackPointExtension>
        </extensions>
      </trkpt>
      <trkpt lat="32.02669420279562473297119140625" lon="118.775309622287750244140625">
        <ele>14.80000019073486328125</ele>
        <time>2025-08-15T15:06:35.000Z</time>
        <extensions>
          <ns3:TrackPointExtension>
            <ns3:atemp>33.0</ns3:atemp>
            <ns3:hr>126</ns3:hr>
            <ns3:cad>0</ns3:cad>
          </ns3:TrackPointExtension>
        </extensions>
      </trkpt>
      <trkpt lat="32.02669839374721050262451171875" lon="118.77530652098357677459716796875">
        <ele>14.80000019073486328125</ele>
        <time>2025-08-15T15:06:36.000Z</time>
        <extensions>
          <ns3:TrackPointExtension>
            <ns3:atemp>33.0</ns3:atemp>
            <ns3:hr>127</ns3:hr>
            <ns3:cad>0</ns3:cad>
          </ns3:TrackPointExtension>
        </extensions>
      </trkpt>
      <trkpt lat="32.02670459635555744171142578125" lon="118.77529897727072238922119140625">
        <ele>14.6000003814697265625</ele>
        <time>2025-08-15T15:06:37.000Z</time>
        <extensions>
          <ns3:TrackPointExtension>
            <ns3:atemp>33.0</ns3:atemp>
            <ns3:hr>127</ns3:hr>
            <ns3:cad>0</ns3:cad>
          </ns3:TrackPointExtension>
        </extensions>
      </trkpt>
      <trkpt lat="32.026707194745540618896484375" lon="118.77529629506170749664306640625">
        <ele>14.6000003814697265625</ele>
        <time>2025-08-15T15:06:38.000Z</time>
        <extensions>
          <ns3:TrackPointExtension>
            <ns3:atemp>33.0</ns3:atemp>
            <ns3:hr>127</ns3:hr>
            <ns3:cad>0</ns3:cad>
          </ns3:TrackPointExtension>
        </extensions>
      </trkpt>
      <trkpt lat="32.026703171432018280029296875" lon="118.77529545687139034271240234375">
        <ele>14.6000003814697265625</ele>
        <time>2025-08-15T15:06:39.000Z</time>
        <extensions>
          <ns3:TrackPointExtension>
            <ns3:atemp>33.0</ns3:atemp>
            <ns3:hr>127</ns3:hr>
            <ns3:cad>0</ns3:cad>
          </ns3:TrackPointExtension>
        </extensions>
      </trkpt>
      <trkpt lat="32.0267056860029697418212890625" lon="118.77529495395720005035400390625">
        <ele>14.6000003814697265625</ele>
        <time>2025-08-15T15:06:40.000Z</time>
        <extensions>
          <ns3:TrackPointExtension>
            <ns3:atemp>33.0</ns3:atemp>
            <ns3:hr>126</ns3:hr>
            <ns3:cad>0</ns3:cad>
          </ns3:TrackPointExtension>
        </extensions>
      </trkpt>
      <trkpt lat="32.0267080329358577728271484375" lon="118.77528992481529712677001953125">
        <ele>14.6000003814697265625</ele>
        <time>2025-08-15T15:06:41.000Z</time>
        <extensions>
          <ns3:TrackPointExtension>
            <ns3:atemp>33.0</ns3:atemp>
            <ns3:hr>127</ns3:hr>
            <ns3:cad>0</ns3:cad>
          </ns3:TrackPointExtension>
        </extensions>
      </trkpt>
      <trkpt lat="32.02670576982200145721435546875" lon="118.77529009245336055755615234375">
        <ele>14.6000003814697265625</ele>
        <time>2025-08-15T15:06:42.000Z</time>
        <extensions>
          <ns3:TrackPointExtension>
            <ns3:atemp>33.0</ns3:atemp>
            <ns3:hr>126</ns3:hr>
            <ns3:cad>0</ns3:cad>
          </ns3:TrackPointExtension>
        </extensions>
      </trkpt>
      <trkpt lat="32.02670283615589141845703125" lon="118.7752893380820751190185546875">
        <ele>14.6000003814697265625</ele>
        <time>2025-08-15T15:06:43.000Z</time>
        <extensions>
          <ns3:TrackPointExtension>
            <ns3:atemp>33.0</ns3:atemp>
            <ns3:hr>126</ns3:hr>
            <ns3:cad>0</ns3:cad>
          </ns3:TrackPointExtension>
        </extensions>
      </trkpt>
      <trkpt lat="32.0266981422901153564453125" lon="118.77529830671846866607666015625">
        <ele>14.6000003814697265625</ele>
        <time>2025-08-15T15:06:44.000Z</time>
        <extensions>
          <ns3:TrackPointExtension>
            <ns3:atemp>33.0</ns3:atemp>
            <ns3:hr>126</ns3:hr>
            <ns3:cad>0</ns3:cad>
          </ns3:TrackPointExtension>
        </extensions>
      </trkpt>
      <trkpt lat="32.02668112702667713165283203125" lon="118.7752755917608737945556640625">
        <ele>14.80000019073486328125</ele>
        <time>2025-08-15T15:09:18.000Z</time>
        <extensions>
          <ns3:TrackPointExtension>
            <ns3:atemp>33.0</ns3:atemp>
            <ns3:cad>0</ns3:cad>
          </ns3:TrackPointExtension>
        </extensions>
      </trkpt>
      <trkpt lat="32.02666285447776317596435546875" lon="118.77530031837522983551025390625">
        <ele>15</ele>
        <time>2025-08-15T15:09:19.000Z</time>
        <extensions>
          <ns3:TrackPointExtension>
            <ns3:atemp>33.0</ns3:atemp>
            <ns3:cad>0</ns3:cad>
          </ns3:TrackPointExtension>
        </extensions>
      </trkpt>
    </trkseg>
  </trk>
</gpx>
